43 1 708291 0 1777797257 223486
43 2 2890 0 1777797257 226410
43 3 3739 0 1777797257 230154
43 4 2233 0 1777797257 232394
43 5 4987 0 1777797257 237385
43 6 1899 0 1777797257 239292
43 7 1130 0 1777797257 240427
43 8 1389 0 1777797257 241820
43 9 4810 0 1777797257 246638
43 10 13408 0 1777797257 260054
43 11 11825 0 1777797257 271886
43 12 11141 0 1777797257 283036
43 13 5388 0 1777797257 288433
43 14 2567 0 1777797257 291005
43 15 3002 0 1777797257 294010
43 16 1668 0 1777797257 295687
43 17 1912 0 1777797257 297614
43 18 1509 0 1777797257 299124
43 19 5792 0 1777797257 304920
43 20 6657 0 1777797257 311587
43 21 1385 0 1777797257 312988
43 22 8800 0 1777797257 321794
43 23 5583 0 1777797257 327386
43 24 4558 0 1777797257 331952
43 25 12846 0 1777797257 344803
43 26 1830 0 1777797257 346640
43 27 9556 0 1777797257 356200
43 28 2103 0 1777797257 358306
43 29 6584 0 1777797257 364896
43 30 8554 0 1777797257 373457
43 31 11935 0 1777797257 385397
43 32 2509 0 1777797257 387912
43 33 6533 0 1777797257 394455
43 34 5970 0 1777797257 400427
43 35 4245 0 1777797257 404676
43 36 17677 0 1777797257 422355
43 37 5513 0 1777797257 427871
43 38 52978 0 1777797257 480850
43 39 7032 0 1777797257 487887
43 40 3239 0 1777797257 491131
43 41 4521 0 1777797257 495658
43 42 9608 0 1777797257 505271
40 1 992110 0 1777797257 507270
40 2 2530 0 1777797257 509805
39 1 1018513 0 1777797257 533662
43 43 31005 0 1777797257 536285
40 3 26501 0 1777797257 536307
39 2 9681 0 1777797257 543348
43 44 7074 0 1777797257 543364
40 4 9384 0 1777797257 545692
43 45 6585 0 1777797257 549961
40 5 6726 0 1777797257 552420
40 6 4425 0 1777797257 556851
39 3 14505 0 1777797257 557871
40 7 2019 0 1777797257 558874
43 46 14138 0 1777797257 564101
39 4 11582 0 1777797257 569458
39 5 1190 0 1777797257 570652
39 6 1400 0 1777797257 572059
39 7 2632 0 1777797257 574696
39 8 3189 0 1777797257 577893
43 47 13941 0 1777797257 578047
39 9 7456 0 1777797257 585359
39 10 4882 0 1777797257 590250
43 48 14750 0 1777797257 592799
39 11 5343 0 1777797257 595604
43 49 2808 0 1777797257 595619
39 12 968 0 1777797257 596588
43 50 965 0 1777797257 596601
43 51 1268 0 1777797257 597882
39 13 2057 0 1777797257 598659
43 52 951 0 1777797257 598836
39 14 5188 0 1777797257 603859
39 15 1892 0 1777797257 605757
43 53 10031 0 1777797257 608870
40 8 51472 0 1777797257 610351
40 9 1713 0 1777797257 612072
39 16 8385 0 1777797257 614145
39 17 800 0 1777797257 614947
39 18 739 0 1777797257 615688
43 54 6951 0 1777797257 615858
39 19 793 0 1777797257 616483
43 55 1125 0 1777797257 616985
40 10 5873 0 1777797257 617951
39 20 2419 0 1777797257 618905
40 11 1746 0 1777797257 619701
40 12 815 0 1777797257 620519
40 13 9014 0 1777797257 629539
40 14 3124 0 1777797257 632669
39 21 15028 0 1777797257 633937
40 15 4449 0 1777797257 637119
39 22 3869 0 1777797257 637810
40 16 2747 0 1777797257 639870
39 23 2937 0 1777797257 640748
43 56 24633 0 1777797257 641621
40 17 9565 0 1777797257 649437
39 24 11538 0 1777797257 652289
43 57 10680 0 1777797257 652303
39 25 6486 0 1777797257 658791
39 26 8277 0 1777797257 667071
40 18 19527 0 1777797257 668967
43 58 16645 0 1777797257 668975
39 27 6513 0 1777797257 673589
40 19 13812 0 1777797257 682789
43 59 13953 0 1777797257 682949
39 28 9402 0 1777797257 682994
39 29 8773 0 1777797257 691768
43 60 12063 0 1777797257 695013
39 30 4053 0 1777797257 695825
40 20 13167 0 1777797257 695966
40 21 3636 0 1777797257 699604
39 31 3804 0 1777797257 699631
43 61 8404 0 1777797257 703419
39 32 5966 0 1777797257 705598
43 62 9604 0 1777797257 713032
39 33 13231 0 1777797257 718831
40 22 19232 0 1777797257 718838
43 63 19299 0 1777797257 732347
40 23 18674 0 1777797257 737520
39 34 18697 0 1777797257 737537
39 35 16698 0 1777797257 754236
39 36 9416 0 1777797257 763654
40 24 26140 0 1777797257 763662
43 64 34861 0 1777797257 767217
43 65 6134 0 1777797257 773353
40 25 9869 0 1777797257 773543
40 26 30476 0 1777797257 804022
43 66 31204 0 1777797257 804563
43 67 5860 0 1777797257 810425
39 37 46786 0 1777797257 810449
40 27 6544 0 1777797257 810574
40 28 5183 0 1777797257 815760
39 38 10360 0 1777797257 820811
43 68 11131 0 1777797257 821558
40 29 8843 0 1777797257 824668
40 30 3039 0 1777797257 827709
43 69 6171 0 1777797257 827733
40 31 14145 0 1777797257 841879
39 39 21630 0 1777797257 842449
39 40 2829 0 1777797257 845281
43 70 20319 0 1777797257 848061
40 32 19148 0 1777797257 861029
39 41 15899 0 1777797257 861184
43 71 15812 0 1777797257 863876
39 42 5835 0 1777797257 867021
40 33 6107 0 1777797257 867143
43 72 5288 0 1777797257 869167
39 43 4071 0 1777797257 871096
43 73 1948 0 1777797257 871121
40 34 9628 0 1777797257 876773
39 44 6070 0 1777797257 877193
43 74 9786 0 1777797257 880920
39 45 20535 0 1777797257 897730
43 75 16822 0 1777797257 897744
40 35 21022 0 1777797257 897798
39 46 9662 0 1777797257 907407
40 36 9618 0 1777797257 907417
38 1 1392711 0 1777797257 907838
43 76 12959 0 1777797257 910731
38 2 9978 0 1777797257 917819
39 47 10612 0 1777797257 918030
43 77 12744 0 1777797257 923479
40 37 19740 0 1777797257 927168
39 48 11978 0 1777797257 930010
40 38 2963 0 1777797257 930134
43 78 12534 0 1777797257 936015
38 3 18220 0 1777797257 936045
39 49 12631 0 1777797257 942651
38 4 7541 0 1777797257 943587
40 39 13562 0 1777797257 943699
43 79 10949 0 1777797257 946970
39 50 6153 0 1777797257 948809
40 40 14901 0 1777797257 958601
38 5 15431 0 1777797257 959019
39 51 10248 0 1777797257 959058
43 80 15297 0 1777797257 962269
40 41 5114 0 1777797257 963722
38 6 8151 0 1777797257 967211
39 52 12042 0 1777797257 971112
40 42 7403 0 1777797257 971126
43 81 8984 0 1777797257 971255
38 7 9149 0 1777797257 976368
43 82 8400 0 1777797257 979656
39 53 8554 0 1777797257 979681
40 43 13903 0 1777797257 985040
39 54 7005 0 1777797257 986687
41 1 1472106 0 1777797257 987279
38 8 11078 0 1777797257 987452
43 83 9491 0 1777797257 989149
40 44 4789 0 1777797257 989832
41 2 7185 0 1777797257 994466
39 55 8988 0 1777797257 995682
38 9 8420 0 1777797257 995874
43 84 6794 0 1777797257 995945
40 45 13665 0 1777797258 3498
38 10 8604 0 1777797258 4479
43 85 8614 0 1777797258 4560
39 56 10189 0 1777797258 5873
41 3 11478 0 1777797258 5945
40 46 6991 0 1777797258 10497
43 86 7366 0 1777797258 11927
38 11 10682 0 1777797258 15163
39 57 9291 0 1777797258 15167
41 4 10720 0 1777797258 16667
39 58 4165 0 1777797258 19344
43 87 7438 0 1777797258 19367
40 47 9633 0 1777797258 20132
38 12 6378 0 1777797258 21546
40 48 3635 0 1777797258 23776
38 13 2871 0 1777797258 24423
43 88 6942 0 1777797258 26324
38 14 4213 0 1777797258 28640
39 59 12396 0 1777797258 31764
43 89 5712 0 1777797258 32038
40 49 8285 0 1777797258 32066
41 5 15824 0 1777797258 32492
39 60 797 0 1777797258 32562
39 61 836 0 1777797258 33400
39 62 1811 0 1777797258 35213
38 15 12717 0 1777797258 41363
40 50 9309 0 1777797258 41376
41 6 8908 0 1777797258 41403
43 90 9735 0 1777797258 41776
41 7 3467 0 1777797258 44871
43 91 4300 0 1777797258 46077
38 16 5444 0 1777797258 46821
41 8 4011 0 1777797258 48888
43 92 6374 0 1777797258 52453
38 17 9553 0 1777797258 56376
41 9 7729 0 1777797258 56619
43 93 5116 0 1777797258 57574
41 10 2564 0 1777797258 59187
38 18 3816 0 1777797258 60194
40 51 23710 0 1777797258 65098
38 19 5774 0 1777797258 65970
38 20 6178 0 1777797258 72150
43 94 17766 0 1777797258 75343
40 52 10344 0 1777797258 75445
41 11 16311 0 1777797258 75501
42 1 1562199 0 1777797258 77380
39 63 44428 0 1777797258 79648
38 21 9261 0 1777797258 81413
40 53 6958 0 1777797258 82407
41 12 10454 0 1777797258 85956
42 2 8577 0 1777797258 85959
43 95 10616 0 1777797258 85963
38 22 8571 0 1777797258 89987
41 13 4031 0 1777797258 89994
42 3 4029 0 1777797258 89998
40 54 7882 0 1777797258 90292
43 96 4614 0 1777797258 90590
39 64 12666 0 1777797258 92321
40 55 5643 0 1777797258 95938
43 97 14234 0 1777797258 104825
38 23 15931 0 1777797258 105930
42 4 18278 0 1777797258 108297
38 24 2893 0 1777797258 108826
41 14 21070 0 1777797258 111081
40 56 16080 0 1777797258 112019
43 98 9318 0 1777797258 114145
38 25 6393 0 1777797258 115222
42 5 7049 0 1777797258 115348
38 26 3982 0 1777797258 119207
41 15 9729 0 1777797258 120819
42 6 5501 0 1777797258 120850
43 99 7634 0 1777797258 121781
41 16 7715 0 1777797258 128542
38 27 9548 0 1777797258 128757
42 7 7848 0 1777797258 128762
40 57 20691 0 1777797258 132712
39 65 40451 0 1777797258 132786
41 17 8041 0 1777797258 136591
38 28 8353 0 1777797258 137115
42 8 8664 0 1777797258 137436
39 66 5290 0 1777797258 138078
40 58 6044 0 1777797258 138765
38 29 2245 0 1777797258 139362
42 9 3109 0 1777797258 140548
42 10 2793 0 1777797258 143344
38 30 4002 0 1777797258 143368
40 59 5954 0 1777797258 144721
38 31 13581 0 1777797258 156950
42 11 13608 0 1777797258 156956
40 60 13142 0 1777797258 157871
41 18 21361 0 1777797258 157954
39 67 22453 0 1777797258 160536
43 100 38846 0 1777797258 160631
42 12 12103 0 1777797258 169069
38 32 12475 0 1777797258 169431
40 61 16262 0 1777797258 174135
41 19 16189 0 1777797258 174144
39 68 16503 0 1777797258 177042
43 101 16416 0 1777797258 177048
40 62 7867 0 1777797258 182012
38 33 17474 0 1777797258 186906
41 20 12756 0 1777797258 186914
43 102 16542 0 1777797258 193599
39 69 20965 0 1777797258 198013
42 13 35639 0 1777797258 204710
40 63 24713 0 1777797258 206728
43 103 13141 0 1777797258 206741
38 34 20345 0 1777797258 207260
41 21 20354 0 1777797258 207286
39 70 9605 0 1777797258 207627
40 64 5142 0 1777797258 211883
41 22 5341 0 1777797258 212629
43 104 5885 0 1777797258 212640
38 35 11872 0 1777797258 219137
39 71 11519 0 1777797258 219148
40 65 7268 0 1777797258 219154
42 14 14459 0 1777797258 219171
43 105 9890 0 1777797258 222543
39 72 9132 0 1777797258 228321
40 66 9125 0 1777797258 228328
42 15 9122 0 1777797258 228334
41 23 15727 0 1777797258 228368
38 36 9408 0 1777797258 228580
43 106 6367 0 1777797258 228920
39 73 9032 0 1777797258 237367
40 67 9030 0 1777797258 237375
38 37 9075 0 1777797258 237656
41 24 9293 0 1777797258 237662
42 16 9315 0 1777797258 237668
39 74 5582 0 1777797258 242960
40 68 5577 0 1777797258 242967
38 38 11475 0 1777797258 249144
39 75 6192 0 1777797258 249160
41 25 11491 0 1777797258 249167
42 17 11498 0 1777797258 249182
43 107 20271 0 1777797258 249193
38 39 8786 0 1777797258 257980
40 69 15013 0 1777797258 257990
41 26 8783 0 1777797258 257996
43 108 8768 0 1777797258 258002
39 76 9396 0 1777797258 258602
42 18 9410 0 1777797258 258629
38 40 10938 0 1777797258 268941
39 77 10315 0 1777797258 268946
40 70 10885 0 1777797258 268949
41 27 11068 0 1777797258 269149
42 19 10497 0 1777797258 269157
43 109 11523 0 1777797258 269611
38 41 15773 0 1777797258 284723
39 78 15775 0 1777797258 284730
40 71 15788 0 1777797258 284748
41 28 15572 0 1777797258 284754
42 20 15570 0 1777797258 284760
43 110 15193 0 1777797258 284818
42 21 6809 0 1777797258 291660
38 42 10548 0 1777797258 295367
39 79 10548 0 1777797258 295375
40 72 10599 0 1777797258 295433
41 29 10597 0 1777797258 295441
43 111 10499 0 1777797258 295447
40 73 5573 0 1777797258 301046
41 30 5588 0 1777797258 301074
42 22 9503 0 1777797258 301165
43 112 6079 0 1777797258 301575
38 43 6967 0 1777797258 302415
39 80 7511 0 1777797258 302975
38 44 10130 0 1777797258 312548
41 31 10767 0 1777797258 312566
42 23 10763 0 1777797258 312574
39 81 12521 0 1777797258 315499
40 74 13924 0 1777797258 315505
43 113 13700 0 1777797258 315521
41 32 5440 0 1777797258 318033
38 45 6544 0 1777797258 319119
42 24 8576 0 1777797258 321179
43 114 6215 0 1777797258 321760
39 82 6551 0 1777797258 322074
40 75 6916 0 1777797258 322449
38 46 12857 0 1777797258 331978
39 83 9974 0 1777797258 332049
41 33 14022 0 1777797258 332057
42 25 10881 0 1777797258 332062
40 76 10804 0 1777797258 333256
43 115 11510 0 1777797258 333271
38 47 4536 0 1777797258 336599
39 84 5366 0 1777797258 337450
41 34 5365 0 1777797258 337457
42 26 5364 0 1777797258 337463
38 48 8586 0 1777797258 345188
40 77 11923 0 1777797258 345196
42 27 7714 0 1777797258 345201
39 85 12158 0 1777797258 349622
41 35 12156 0 1777797258 349629
43 116 16354 0 1777797258 349635
38 49 7959 0 1777797258 353161
40 78 8009 0 1777797258 353222
42 28 8011 0 1777797258 353232
39 86 9321 0 1777797258 358957
43 117 9311 0 1777797258 358961
38 50 8777 0 1777797258 362010
40 79 8768 0 1777797258 362018
41 36 12412 0 1777797258 362056
42 29 8773 0 1777797258 362060
38 51 9805 0 1777797258 371865
40 80 9806 0 1777797258 371875
41 37 9808 0 1777797258 371882
42 30 9809 0 1777797258 371888
43 118 12928 0 1777797258 371894
39 87 16317 0 1777797258 375278
38 52 10824 0 1777797258 382719
39 88 7450 0 1777797258 382730
40 81 10830 0 1777797258 382736
41 38 10828 0 1777797258 382742
42 31 10773 0 1777797258 382746
43 119 10764 0 1777797258 382751
41 39 5064 0 1777797258 387843
38 53 11579 0 1777797258 394331
39 89 11587 0 1777797258 394348
42 32 11568 0 1777797258 394356
43 120 11567 0 1777797258 394361
40 82 13354 0 1777797258 396121
41 40 8285 0 1777797258 396129
39 90 3287 0 1777797258 397672
39 91 6638 0 1777797258 404315
38 54 10802 0 1777797258 405164
43 121 11262 0 1777797258 405686
38 55 1244 0 1777797258 406411
41 41 10392 0 1777797258 406533
42 33 12993 0 1777797258 407406
39 92 3425 0 1777797258 407742
42 34 2204 0 1777797258 409615
39 93 3087 0 1777797258 410831
38 56 9987 0 1777797258 416400
43 122 11202 0 1777797258 416891
39 94 8006 0 1777797258 418840
42 35 10987 0 1777797258 420608
39 95 4088 0 1777797258 422930
41 42 18319 0 1777797258 424853
38 57 13684 0 1777797258 430086
40 83 34601 0 1777797258 430731
43 123 13844 0 1777797258 430737
38 58 3169 0 1777797258 433257
42 36 12655 0 1777797258 433265
39 96 11108 0 1777797258 434046
41 43 9213 0 1777797258 434072
43 124 10679 0 1777797258 441426
40 84 11504 0 1777797258 442243
38 59 13087 0 1777797258 446354
40 85 5217 0 1777797258 447464
42 37 14920 0 1777797258 448197
43 125 10653 0 1777797258 452086
41 44 20700 0 1777797258 454773
42 38 6592 0 1777797258 454793
38 60 11001 0 1777797258 457357
40 86 11018 0 1777797258 458485
38 61 23885 0 1777797258 481248
43 126 33941 0 1777797258 486029
42 39 31866 0 1777797258 486674
42 40 4216 0 1777797258 490891
41 45 41760 0 1777797258 496554
42 41 5720 0 1777797258 496613
43 127 11101 0 1777797258 497131
38 62 23803 0 1777797258 505053
41 46 9749 0 1777797258 506305
40 87 49277 0 1777797258 507766
42 42 11156 0 1777797258 507770
41 47 4461 0 1777797258 510770
42 43 8257 0 1777797258 516031
41 48 13034 0 1777797258 523807
40 88 16092 0 1777797258 523862
42 44 8334 0 1777797258 524367
38 63 24474 0 1777797258 529527
39 97 95487 0 1777797258 529535
43 128 32402 0 1777797258 529539
41 49 6245 0 1777797258 530061
42 45 6183 0 1777797258 530552
38 64 7952 0 1777797258 537492
40 89 13632 0 1777797258 537496
41 50 7423 0 1777797258 537500
42 46 6950 0 1777797258 537504
43 129 7954 0 1777797258 537507
39 98 10013 0 1777797258 539561
41 51 7964 0 1777797258 545479
38 65 9312 0 1777797258 546819
42 47 9316 0 1777797258 546834
43 130 9319 0 1777797258 546841
38 66 6671 0 1777797258 553513
39 99 13964 0 1777797258 553528
40 90 16024 0 1777797258 553535
41 52 8059 0 1777797258 553540
42 48 8074 0 1777797258 554927
43 131 8072 0 1777797258 554933
39 100 4954 0 1777797258 558509
40 91 9088 0 1777797258 562675
41 53 9084 0 1777797258 562683
42 49 8317 0 1777797258 563251
38 67 10044 0 1777797258 563585
43 132 8657 0 1777797258 563600
39 101 8027 0 1777797258 566539
41 54 3847 0 1777797258 566547
41 55 5411 0 1777797258 571968
38 68 8400 0 1777797258 572001
43 133 9432 0 1777797258 573042
39 102 8613 0 1777797258 575161
40 92 12507 0 1777797258 575191
42 50 11957 0 1777797258 575209
41 56 5873 0 1777797258 577846
38 69 8131 0 1777797258 580133
43 134 7107 0 1777797258 580150
39 103 5672 0 1777797258 580883
40 93 5609 0 1777797258 580896
41 57 3656 0 1777797258 581505
42 51 6837 0 1777797258 582137
38 70 8908 0 1777797258 589059
39 104 8168 0 1777797258 589066
41 58 7564 0 1777797258 589071
43 135 9635 0 1777797258 589809
40 94 10477 0 1777797258 591384
42 52 9260 0 1777797258 591399
38 71 6272 0 1777797258 595344
39 105 6264 0 1777797258 595353
41 59 6263 0 1777797258 595359
43 136 6856 0 1777797258 596667
40 95 6604 0 1777797258 598004
42 53 8741 0 1777797258 600159
38 72 8142 0 1777797258 603502
39 106 8145 0 1777797258 603518
41 60 8154 0 1777797258 603533
43 137 7355 0 1777797258 604024
40 96 7772 0 1777797258 605784
39 107 7269 0 1777797258 610816
41 61 7357 0 1777797258 610912
42 54 10759 0 1777797258 610921
40 97 5191 0 1777797258 610982
38 73 7481 0 1777797258 611015
43 138 8989 0 1777797258 613015
38 74 4889 0 1777797258 615906
40 98 5650 0 1777797258 616633
39 108 9414 0 1777797258 620336
41 62 9413 0 1777797258 620345
42 55 9413 0 1777797258 620354
43 139 7344 0 1777797258 620360
38 75 8748 0 1777797258 624656
40 99 8817 0 1777797258 625455
41 63 5088 0 1777797258 625462
43 140 5057 0 1777797258 625468
39 109 5502 0 1777797258 625863
42 56 5543 0 1777797258 625923
38 76 7983 0 1777797258 632641
39 110 6724 0 1777797258 632649
40 100 7186 0 1777797258 632655
41 64 7184 0 1777797258 632661
42 57 6728 0 1777797258 632667
43 141 7189 0 1777797258 632672
38 77 7402 0 1777797258 640075
39 111 7412 0 1777797258 640094
41 65 7419 0 1777797258 640114
43 142 7421 0 1777797258 640129
40 101 7508 0 1777797258 640197
40 102 5311 0 1777797258 645510
42 58 12828 0 1777797258 645531
43 143 5375 0 1777797258 645541
38 78 6535 0 1777797258 646665
41 66 6516 0 1777797258 646673
39 112 6835 0 1777797258 646976
39 113 5127 0 1777797258 652105
41 67 7895 0 1777797258 654579
43 144 9254 0 1777797258 654817
42 59 10686 0 1777797258 656240
43 145 2024 0 1777797258 656842
42 60 2948 0 1777797258 659190
43 146 2649 0 1777797258 659494
39 114 8109 0 1777797258 660216
42 61 3805 0 1777797258 662998
39 115 3894 0 1777797258 664113
41 68 10026 0 1777797258 664609
39 116 879 0 1777797258 664994
42 62 3435 0 1777797258 666435
39 117 4864 0 1777797258 669863
42 63 4856 0 1777797258 671295
39 118 1453 0 1777797258 671318
43 147 19005 0 1777797258 678502
39 119 10186 0 1777797258 681506
38 79 38427 0 1777797258 685101
42 64 15578 0 1777797258 686878
41 69 22886 0 1777797258 687500
42 65 4025 0 1777797258 690906
38 80 6170 0 1777797258 691274
43 148 13867 0 1777797258 692375
38 81 4681 0 1777797258 695958
38 82 1989 0 1777797258 697949
39 120 18298 0 1777797258 699806
39 121 3321 0 1777797258 703129
41 70 19526 0 1777797258 707027
43 149 14660 0 1777797258 707037
42 66 16176 0 1777797258 707084
39 122 6935 0 1777797258 710075
41 71 5843 0 1777797258 712881
42 67 6128 0 1777797258 713213
39 123 3193 0 1777797258 713271
41 72 1498 0 1777797258 714381
41 73 1324 0 1777797258 715707
41 74 1198 0 1777797258 716907
43 150 10866 0 1777797258 717917
39 124 7128 0 1777797258 720401
40 103 74871 0 1777797258 720414
41 75 3512 0 1777797258 720421
38 83 24081 0 1777797258 722036
42 68 9777 0 1777797258 722991
39 125 7677 0 1777797258 728099
40 104 9871 0 1777797258 730306
43 151 15416 0 1777797258 733335
38 84 13503 0 1777797258 735542
41 76 15373 0 1777797258 735815
40 105 6600 0 1777797258 736913
38 85 9782 0 1777797258 745600
39 126 17500 0 1777797258 745606
43 152 12275 0 1777797258 745612
40 106 11733 0 1777797258 748648
42 69 25978 0 1777797258 748971
43 153 6587 0 1777797258 752214
39 127 8680 0 1777797258 754301
39 128 5801 0 1777797258 760104
40 107 12692 0 1777797258 761349
43 154 9140 0 1777797258 761356
42 70 12701 0 1777797258 761675
38 86 18838 0 1777797258 764450
42 71 2782 0 1777797258 764459
39 129 6897 0 1777797258 767004
43 155 7018 0 1777797258 768406
40 108 9725 0 1777797258 771082
41 77 39016 0 1777797258 774857
38 87 12743 0 1777797258 777203
39 130 12555 0 1777797258 779561
43 156 11352 0 1777797258 779759
41 78 6313 0 1777797258 781173
38 88 10066 0 1777797258 787271
42 72 22806 0 1777797258 787277
40 109 20341 0 1777797258 791425
38 89 6779 0 1777797258 794057
41 79 16725 0 1777797258 797903
43 157 19080 0 1777797258 798841
38 90 4800 0 1777797258 798860
39 131 20904 0 1777797258 800467
40 110 10456 0 1777797258 801883
38 91 3895 0 1777797258 802756
43 158 4011 0 1777797258 802853
40 111 4636 0 1777797258 806521
38 92 4055 0 1777797258 806821
41 80 10414 0 1777797258 808319
39 132 10744 0 1777797258 811214
43 159 8380 0 1777797258 811235
40 112 6480 0 1777797258 813003
38 93 6927 0 1777797258 813750
42 73 27009 0 1777797258 814296
40 113 8805 0 1777797258 821810
43 160 10949 0 1777797258 822198
39 133 14242 0 1777797258 825479
41 81 18401 0 1777797258 826722
39 134 9625 0 1777797258 835106
43 161 16224 0 1777797258 838424
40 114 18665 0 1777797258 840477
42 74 28254 0 1777797258 842552
43 162 4130 0 1777797258 842557
39 135 20817 0 1777797258 855924
43 163 14159 0 1777797258 856723
41 82 35050 0 1777797258 861818
39 136 5905 0 1777797258 861831
43 164 14195 0 1777797258 870919
38 94 57557 0 1777797258 871308
40 115 32657 0 1777797258 873135
42 75 30583 0 1777797258 873140
43 165 5122 0 1777797258 876043
39 137 20466 0 1777797258 882297
43 166 6261 0 1777797258 882305
40 116 10350 0 1777797258 883490
42 76 10348 0 1777797258 883493
41 83 24510 0 1777797258 886329
38 95 15037 0 1777797258 886346
39 138 4046 0 1777797258 886351
43 167 4043 0 1777797258 886355
40 117 6302 0 1777797258 889796
41 84 8076 0 1777797258 894408
43 168 8581 0 1777797258 894946
38 96 11527 0 1777797258 897882
41 85 3866 0 1777797258 898275
42 77 14784 0 1777797258 898281
40 118 8666 0 1777797258 898463
42 78 1638 0 1777797258 899930
38 97 3580 0 1777797258 901463
41 86 6660 0 1777797258 904942
42 79 5018 0 1777797258 904949
39 139 18753 0 1777797258 905114
43 169 11853 0 1777797258 906819
39 140 4047 0 1777797258 909163
41 87 4478 0 1777797258 909428
42 80 6227 0 1777797258 911186
43 170 6470 0 1777797258 913295
38 98 11858 0 1777797258 913326
42 81 2599 0 1777797258 913786
38 99 2996 0 1777797258 916323
41 88 6902 0 1777797258 916331
43 171 3495 0 1777797258 916791
42 82 3096 0 1777797258 916883
40 119 61173 0 1777797258 959637
41 89 43312 0 1777797258 959653
38 100 46232 0 1777797258 962564
39 141 53411 0 1777797258 962576
42 83 45699 0 1777797258 962583
43 172 45794 0 1777797258 962588
40 120 4090 0 1777797258 963744
41 90 4052 0 1777797258 963750
39 142 3224 0 1777797258 965828
43 173 3211 0 1777797258 965842
38 101 8341 0 1777797258 970931
40 121 7199 0 1777797258 970950
41 91 7201 0 1777797258 970957
42 84 8351 0 1777797258 970962
42 85 6717 0 1777797258 977713
38 102 8211 0 1777797258 979174
39 143 13362 0 1777797258 979205
43 174 13618 0 1777797258 979474
41 92 10913 0 1777797258 981900
43 175 6551 0 1777797258 986027
43 176 1650 0 1777797258 987679
38 103 10217 0 1777797258 989423
40 122 20214 0 1777797258 991189
42 86 13482 0 1777797258 991196
43 177 9216 0 1777797258 996897
39 144 18606 0 1777797258 997822
41 93 15931 0 1777797258 997833
38 104 10477 0 1777797258 999902
43 178 54181 0 1777797259 51080
38 105 56463 0 1777797259 56373
40 123 65282 0 1777797259 56480
41 94 58662 0 1777797259 56507
42 87 65292 0 1777797259 56516
39 145 59016 0 1777797259 56850
43 179 5769 0 1777797259 56853
38 106 9722 0 1777797259 66239
40 124 9731 0 1777797259 66258
41 95 9730 0 1777797259 66265
42 88 9730 0 1777797259 66272
39 146 17350 0 1777797259 74204
38 107 15212 0 1777797259 81485
42 89 15183 0 1777797259 81492
43 180 24642 0 1777797259 81501
40 125 16105 0 1777797259 82398
41 96 16441 0 1777797259 82742
39 147 9377 0 1777797259 83584
38 108 6449 0 1777797259 87951
41 97 5215 0 1777797259 87958
42 90 6454 0 1777797259 87964
43 181 6451 0 1777797259 87969
39 148 12234 0 1777797259 95820
40 126 13427 0 1777797259 95827
41 98 7784 0 1777797259 95831
42 91 7781 0 1777797259 95836
43 182 7762 0 1777797259 95840
38 109 11821 0 1777797259 99790
40 127 6059 0 1777797259 101905
43 183 6046 0 1777797259 101914
41 99 8933 0 1777797259 104785
42 92 10550 0 1777797259 106409
39 149 10906 0 1777797259 106747
38 110 14804 0 1777797259 114598
40 128 12699 0 1777797259 114614
41 100 9836 0 1777797259 114622
42 93 8217 0 1777797259 114628
43 184 12811 0 1777797259 114734
39 150 15033 0 1777797259 121783
38 111 13807 0 1777797259 128543
40 129 13813 0 1777797259 128565
41 101 13784 0 1777797259 128573
42 94 13778 0 1777797259 128579
43 185 13787 0 1777797259 128595
38 112 6387 0 1777797259 134984
39 151 13207 0 1777797259 134993
41 102 6366 0 1777797259 135001
43 186 6439 0 1777797259 135098
40 130 7634 0 1777797259 136253
42 95 7611 0 1777797259 136256
39 152 9563 0 1777797259 144674
40 131 8423 0 1777797259 144680
41 103 9554 0 1777797259 144683
43 187 9532 0 1777797259 144687
38 113 10904 0 1777797259 146003
42 96 9746 0 1777797259 146009
41 104 11381 0 1777797259 156079
42 97 9317 0 1777797259 156087
39 153 12186 0 1777797259 156873
43 188 16279 0 1777797259 160982
38 114 19250 0 1777797259 165985
39 154 9820 0 1777797259 166695
40 132 22014 0 1777797259 166708
41 105 10628 0 1777797259 166716
42 98 10627 0 1777797259 166722
43 189 5737 0 1777797259 166727
38 115 11924 0 1777797259 177918
40 133 11169 0 1777797259 177927
41 106 11166 0 1777797259 177933
43 190 11127 0 1777797259 177950
42 99 13883 0 1777797259 180658
40 134 7340 0 1777797259 185300
39 155 25397 0 1777797259 192126
41 107 16044 0 1777797259 194107
38 116 16530 0 1777797259 194481
40 135 14186 0 1777797259 199494
43 191 21420 0 1777797259 199502
42 100 23551 0 1777797259 204213
41 108 13415 0 1777797259 207523
42 101 3318 0 1777797259 207539
40 136 14926 0 1777797259 214429
38 117 22534 0 1777797259 217017
39 156 24914 0 1777797259 217042
43 192 17522 0 1777797259 217061
41 109 24188 0 1777797259 231730
38 118 23011 0 1777797259 240074
39 157 23011 0 1777797259 240091
40 137 25687 0 1777797259 240118
41 110 8395 0 1777797259 240126
43 193 22953 0 1777797259 240133
38 119 6035 0 1777797259 246169
39 158 6034 0 1777797259 246176
40 138 6032 0 1777797259 246182
43 194 6027 0 1777797259 246190
43 195 4005 0 1777797259 250218
40 139 9682 0 1777797259 255888
43 196 5690 0 1777797259 255910
38 120 11059 0 1777797259 257250
39 159 11065 0 1777797259 257265
40 140 5145 0 1777797259 261057
43 197 5193 0 1777797259 261115
41 111 21011 0 1777797259 261167
38 121 9056 0 1777797259 266323
39 160 9055 0 1777797259 266330
40 141 5219 0 1777797259 266336
41 112 5173 0 1777797259 266341
43 198 6980 0 1777797259 268126
39 161 15579 0 1777797259 281930
43 199 14804 0 1777797259 282932
39 162 23682 0 1777797259 305613
38 122 44635 0 1777797259 310977
40 142 44638 0 1777797259 310994
41 113 44631 0 1777797259 311002
42 102 103456 0 1777797259 311008
43 200 28081 0 1777797259 311014
39 163 14825 0 1777797259 320440
38 123 25935 0 1777797259 336950
39 164 16544 0 1777797259 336987
40 143 25972 0 1777797259 336995
42 103 25963 0 1777797259 337001
43 201 25963 0 1777797259 337008
41 114 40325 0 1777797259 351356
38 124 18131 0 1777797259 355141
39 165 18127 0 1777797259 355151
40 144 18127 0 1777797259 355158
42 104 18126 0 1777797259 355165
43 202 18108 0 1777797259 355172
39 166 9049 0 1777797259 364234
41 115 12876 0 1777797259 364240
42 105 9855 0 1777797259 365069
40 145 12543 0 1777797259 367735
38 125 12928 0 1777797259 368100
43 203 13069 0 1777797259 368290
39 167 6621 0 1777797259 370863
42 106 7949 0 1777797259 373022
41 116 9097 0 1777797259 373360
39 168 3822 0 1777797259 374690
39 169 7876 0 1777797259 382568
38 126 22238 0 1777797259 390340
39 170 7777 0 1777797259 390347
40 146 22616 0 1777797259 390353
41 117 16998 0 1777797259 390359
42 107 17336 0 1777797259 390364
43 204 22120 0 1777797259 390412
41 118 5367 0 1777797259 395759
43 205 5354 0 1777797259 395767
38 127 5824 0 1777797259 396189
38 128 3297 0 1777797259 399491
43 206 5353 0 1777797259 401131
38 129 5509 0 1777797259 405002
39 171 15068 0 1777797259 405443
42 108 18254 0 1777797259 408652
43 207 9686 0 1777797259 410819
39 172 6719 0 1777797259 412164
38 130 9055 0 1777797259 414059
39 173 2999 0 1777797259 415164
38 131 1626 0 1777797259 415688
38 132 1966 0 1777797259 417655
38 133 1597 0 1777797259 419255
39 174 4766 0 1777797259 419932
38 134 6811 0 1777797259 426068
38 135 4869 0 1777797259 430938
39 175 11319 0 1777797259 431254
41 119 36821 0 1777797259 432589
40 147 42923 0 1777797259 433308
40 148 2496 0 1777797259 435806
41 120 4508 0 1777797259 437098
38 136 6933 0 1777797259 437874
40 149 2070 0 1777797259 437884
41 121 2748 0 1777797259 439848
43 208 34154 0 1777797259 444974
38 137 7868 0 1777797259 445753
41 122 6507 0 1777797259 446357
38 138 3913 0 1777797259 449669
42 109 41021 0 1777797259 449675
43 209 7246 0 1777797259 452222
40 150 16050 0 1777797259 453945
41 123 7610 0 1777797259 453968
43 210 9011 0 1777797259 461236
40 151 7707 0 1777797259 461679
41 124 8072 0 1777797259 462057
43 211 4504 0 1777797259 465742
41 125 4244 0 1777797259 466302
38 139 17704 0 1777797259 467380
43 212 3528 0 1777797259 469327
40 152 9322 0 1777797259 471003
42 110 24190 0 1777797259 473884
43 213 4643 0 1777797259 473978
41 126 8475 0 1777797259 474779
40 153 5040 0 1777797259 476045
41 127 1703 0 1777797259 476487
40 154 1230 0 1777797259 477277
42 111 3873 0 1777797259 477760
43 214 4319 0 1777797259 478298
40 155 1877 0 1777797259 479156
39 176 48166 0 1777797259 479422
40 156 4741 0 1777797259 483900
43 215 7607 0 1777797259 485906
42 112 8496 0 1777797259 486258
40 157 5491 0 1777797259 489393
42 113 3386 0 1777797259 489647
41 128 14389 0 1777797259 490878
42 114 1973 0 1777797259 491621
41 129 3010 0 1777797259 493889
43 216 10783 0 1777797259 496692
42 115 5242 0 1777797259 496864
41 130 3333 0 1777797259 497225
40 158 7856 0 1777797259 497251
38 140 32803 0 1777797259 500188
40 159 6372 0 1777797259 503625
40 160 1690 0 1777797259 505316
39 177 26629 0 1777797259 506052
42 116 9393 0 1777797259 506258
38 141 7758 0 1777797259 507949
43 217 12484 0 1777797259 509178
40 161 7543 0 1777797259 512862
43 218 6880 0 1777797259 516060
40 162 3646 0 1777797259 516510
40 163 1797 0 1777797259 518309
43 219 3804 0 1777797259 519865
40 164 3354 0 1777797259 521666
43 220 9494 0 1777797259 529361
38 142 21931 0 1777797259 529883
39 178 23833 0 1777797259 529888
40 165 8224 0 1777797259 529892
41 131 33163 0 1777797259 530391
42 117 24604 0 1777797259 530863
41 132 10081 0 1777797259 540473
38 143 11058 0 1777797259 540950
39 179 11057 0 1777797259 540954
40 166 11056 0 1777797259 540959
43 221 11595 0 1777797259 540963
42 118 10234 0 1777797259 541098
38 144 13041 0 1777797259 554004
41 133 13891 0 1777797259 554366
42 119 13304 0 1777797259 554405
43 222 13436 0 1777797259 554413
39 180 13471 0 1777797259 554440
40 167 13530 0 1777797259 554502
43 223 7654 0 1777797259 562076
40 168 7599 0 1777797259 562104
38 145 9075 0 1777797259 563081
39 181 11340 0 1777797259 565781
41 134 17766 0 1777797259 572153
38 146 14306 0 1777797259 577388
42 120 23108 0 1777797259 577522
39 182 11837 0 1777797259 577622
43 224 16535 0 1777797259 578613
40 169 17311 0 1777797259 579416
41 135 11136 0 1777797259 583292
38 147 6405 0 1777797259 583801
39 183 7305 0 1777797259 584928
42 121 7594 0 1777797259 585118
43 225 11987 0 1777797259 590602
39 184 8394 0 1777797259 593323
40 170 14239 0 1777797259 593659
41 136 10372 0 1777797259 593666
38 148 9898 0 1777797259 593701
42 122 9322 0 1777797259 594441
40 171 6261 0 1777797259 599928
38 149 6765 0 1777797259 600467
43 226 9865 0 1777797259 600471
39 185 9973 0 1777797259 603299
41 137 9698 0 1777797259 603380
42 123 10330 0 1777797259 604773
38 150 4868 0 1777797259 605340
41 138 8229 0 1777797259 611617
43 227 11144 0 1777797259 611621
39 186 8760 0 1777797259 612061
40 172 12134 0 1777797259 612064
38 151 9428 0 1777797259 614773
42 124 10011 0 1777797259 614785
43 228 5281 0 1777797259 616908
41 139 10224 0 1777797259 621846
39 187 9919 0 1777797259 621984
40 173 10381 0 1777797259 622450
42 125 9622 0 1777797259 624429
38 152 9673 0 1777797259 624459
41 140 6092 0 1777797259 627940
39 188 6065 0 1777797259 628051
38 153 3985 0 1777797259 628445
40 174 6062 0 1777797259 628514
42 126 6129 0 1777797259 630560
39 189 2905 0 1777797259 630957
41 141 4632 0 1777797259 632577
38 154 4892 0 1777797259 633339
40 175 9105 0 1777797259 637620
43 229 20747 0 1777797259 637656
39 190 6962 0 1777797259 637921
38 155 4597 0 1777797259 637938
41 142 9686 0 1777797259 642271
42 127 11719 0 1777797259 642286
38 156 7975 0 1777797259 645914
39 191 8008 0 1777797259 645931
40 176 9015 0 1777797259 646638
43 230 11776 0 1777797259 649434
41 143 11035 0 1777797259 653322
38 157 8033 0 1777797259 653967
39 192 9197 0 1777797259 655141
40 177 9081 0 1777797259 655723
43 231 7436 0 1777797259 656871
38 158 8582 0 1777797259 662553
40 178 6919 0 1777797259 662646
41 144 9403 0 1777797259 662736
42 128 20524 0 1777797259 662848
43 232 6580 0 1777797259 663453
39 193 8961 0 1777797259 664104
38 159 2054 0 1777797259 664615
39 194 1416 0 1777797259 665521
39 195 3071 0 1777797259 668594
43 233 5147 0 1777797259 668601
38 160 5044 0 1777797259 669720
41 145 9132 0 1777797259 671869
39 196 3383 0 1777797259 671985
41 146 3609 0 1777797259 675480
39 197 3532 0 1777797259 675518
38 161 6929 0 1777797259 676651
40 179 14328 0 1777797259 676975
42 129 14870 0 1777797259 677725
41 147 2437 0 1777797259 677921
39 198 3091 0 1777797259 678610
39 199 4849 0 1777797259 683461
41 148 6899 0 1777797259 684823
43 234 17490 0 1777797259 686100
39 200 4204 0 1777797259 687667
43 235 3462 0 1777797259 689565
38 162 13349 0 1777797259 690003
41 149 6161 0 1777797259 690986
39 201 4673 0 1777797259 692342
41 150 3052 0 1777797259 694042
39 202 4240 0 1777797259 696583
40 180 19620 0 1777797259 696597
41 151 2933 0 1777797259 696978
40 181 1516 0 1777797259 698114
41 152 2150 0 1777797259 699128
38 163 10453 0 1777797259 700458
42 130 22739 0 1777797259 700466
43 236 12575 0 1777797259 702142
39 203 5916 0 1777797259 702500
41 153 5885 0 1777797259 705016
39 204 3022 0 1777797259 705522
39 205 1814 0 1777797259 707338
41 154 7393 0 1777797259 712413
39 206 5255 0 1777797259 712595
40 182 15205 0 1777797259 713321
42 131 14421 0 1777797259 714895
38 164 14594 0 1777797259 715060
38 165 1227 0 1777797259 716288
38 166 948 0 1777797259 717238
41 155 7822 0 1777797259 720240
39 207 7820 0 1777797259 720416
39 208 3522 0 1777797259 723940
41 156 6100 0 1777797259 726342
43 237 27652 0 1777797259 729796
39 209 21839 0 1777797259 745781
43 238 16000 0 1777797259 745803
41 157 22944 0 1777797259 749289
39 210 7547 0 1777797259 753352
43 239 9334 0 1777797259 755155
42 132 43360 0 1777797259 758257
43 240 5745 0 1777797259 760903
39 211 11388 0 1777797259 764746
40 183 52481 0 1777797259 765805
42 133 8188 0 1777797259 766447
43 241 8771 0 1777797259 769678
40 184 20151 0 1777797259 785961
42 134 19520 0 1777797259 785971
38 167 68775 0 1777797259 786017
39 212 21276 0 1777797259 786025
43 242 16630 0 1777797259 786309
38 168 5513 0 1777797259 791539
41 158 42264 0 1777797259 791557
39 213 5566 0 1777797259 791602
40 185 8134 0 1777797259 794106
42 135 8179 0 1777797259 794160
39 214 22799 0 1777797259 814402
40 186 20383 0 1777797259 814494
43 243 28189 0 1777797259 814500
38 169 24129 0 1777797259 815688
42 136 21541 0 1777797259 815703
41 159 31759 0 1777797259 823340
38 170 11525 0 1777797259 827215
39 215 12815 0 1777797259 827220
43 244 18533 0 1777797259 833043
40 187 20704 0 1777797259 835205
42 137 19757 0 1777797259 835460
41 160 16151 0 1777797259 839495
38 171 14038 0 1777797259 841259
39 216 14131 0 1777797259 841359
42 138 8231 0 1777797259 843692
43 245 10662 0 1777797259 843706
40 188 18107 0 1777797259 853315
41 161 17178 0 1777797259 856675
39 217 15335 0 1777797259 856696
38 172 15559 0 1777797259 856821
43 246 13942 0 1777797259 857666
42 139 16019 0 1777797259 859727
38 173 16195 0 1777797259 873017
39 218 16326 0 1777797259 873023
40 189 22680 0 1777797259 876004
41 162 19331 0 1777797259 876008
42 140 17393 0 1777797259 877121
43 247 22369 0 1777797259 880039
38 174 15840 0 1777797259 888864
39 219 15894 0 1777797259 888927
42 141 13921 0 1777797259 891048
40 190 15060 0 1777797259 891069
41 163 15171 0 1777797259 891185
43 248 14400 0 1777797259 894441
41 164 4793 0 1777797259 895979
38 175 22628 0 1777797259 911556
39 220 22667 0 1777797259 911603
41 165 15950 0 1777797259 911930
42 142 20941 0 1777797259 911991
43 249 17560 0 1777797259 912004
40 191 20968 0 1777797259 912038
42 143 3473 0 1777797259 915465
38 176 5346 0 1777797259 916904
41 166 6068 0 1777797259 918001
42 144 6720 0 1777797259 922188
42 145 3195 0 1777797259 925385
38 177 26769 0 1777797259 943681
41 167 25683 0 1777797259 943689
39 221 32124 0 1777797259 943728
40 192 31769 0 1777797259 943808
42 146 18424 0 1777797259 943813
43 250 31886 0 1777797259 943891
38 178 7246 0 1777797259 950936
41 168 8962 0 1777797259 952666
42 147 11566 0 1777797259 955388
43 251 13733 0 1777797259 957625
40 193 14190 0 1777797259 958003
43 252 4983 0 1777797259 962610
43 253 3211 0 1777797259 965825
39 222 23375 0 1777797259 967112
43 254 4827 0 1777797259 970711
41 169 22811 0 1777797259 975480
39 223 10444 0 1777797259 977558
42 148 26340 0 1777797259 981735
40 194 23960 0 1777797259 981965
38 179 37089 0 1777797259 988036
40 195 8493 0 1777797259 990459
42 149 8751 0 1777797259 990487
41 170 29575 0 1777797260 5059
42 150 14680 0 1777797260 5178
38 180 20547 0 1777797260 8586
43 255 43175 0 1777797260 13888
39 224 38929 0 1777797260 16489
40 196 26837 0 1777797260 17325
38 181 9344 0 1777797260 17933
43 256 4305 0 1777797260 18195
43 257 6311 0 1777797260 24508
42 151 22177 0 1777797260 27359
38 182 10292 0 1777797260 28229
40 197 11415 0 1777797260 28743
43 258 4460 0 1777797260 28970
39 225 12794 0 1777797260 29286
39 226 2801 0 1777797260 32089
43 259 3217 0 1777797260 32190
40 198 3712 0 1777797260 32457
40 199 2000 0 1777797260 34459
39 227 4770 0 1777797260 36867
42 152 10516 0 1777797260 37885
43 260 7019 0 1777797260 39211
42 153 1864 0 1777797260 39751
39 228 3233 0 1777797260 40103
43 261 1431 0 1777797260 40643
43 262 750 0 1777797260 41396
39 229 3055 0 1777797260 43161
40 200 10871 0 1777797260 45332
42 154 7203 0 1777797260 46955
38 183 19041 0 1777797260 47279
40 201 5033 0 1777797260 50370
38 184 4425 0 1777797260 51705
39 230 8562 0 1777797260 51724
41 171 48667 0 1777797260 53728
42 155 7397 0 1777797260 54359
43 263 13903 0 1777797260 55300
40 202 7572 0 1777797260 57944
39 231 6464 0 1777797260 58189
42 156 4014 0 1777797260 58375
38 185 7384 0 1777797260 59092
43 264 4825 0 1777797260 60128
42 157 2253 0 1777797260 60630
41 172 6920 0 1777797260 60650
39 232 3025 0 1777797260 61216
40 203 4595 0 1777797260 62543
41 173 2593 0 1777797260 63244
38 186 6876 0 1777797260 65970
42 158 5351 0 1777797260 65984
41 174 2774 0 1777797260 66020
39 233 5114 0 1777797260 66331
40 204 6610 0 1777797260 69155
38 187 7274 0 1777797260 73259
43 265 13376 0 1777797260 73506
41 175 7540 0 1777797260 73562
40 205 6773 0 1777797260 75930
39 234 10714 0 1777797260 77047
42 159 13082 0 1777797260 79082
41 176 5844 0 1777797260 79409
43 266 6191 0 1777797260 79698
39 235 3400 0 1777797260 80450
40 206 5427 0 1777797260 81359
42 160 3880 0 1777797260 82963
41 177 4276 0 1777797260 83687
38 188 11427 0 1777797260 84688
40 207 5429 0 1777797260 86791
43 267 7217 0 1777797260 86916
39 236 7225 0 1777797260 87678
41 178 4612 0 1777797260 88302
42 161 7104 0 1777797260 90073
39 237 3682 0 1777797260 91363
41 179 6490 0 1777797260 94793
42 162 6063 0 1777797260 96138
43 268 9387 0 1777797260 96304
39 238 6078 0 1777797260 97444
39 239 6978 0 1777797260 104423
43 269 8283 0 1777797260 104589
38 189 19990 0 1777797260 104683
41 180 9903 0 1777797260 104699
40 208 18621 0 1777797260 105413
38 190 5473 0 1777797260 110158
38 191 2333 0 1777797260 112493
42 163 18947 0 1777797260 115089
39 240 12708 0 1777797260 117133
38 192 10369 0 1777797260 122865
40 209 18639 0 1777797260 124056
42 164 11982 0 1777797260 127073
38 193 5564 0 1777797260 128431
42 165 2504 0 1777797260 129579
41 181 26024 0 1777797260 130724
40 210 7001 0 1777797260 131061
39 241 16044 0 1777797260 133181
41 182 2472 0 1777797260 133197
43 270 29426 0 1777797260 134016
40 211 5023 0 1777797260 136087
39 242 3579 0 1777797260 136778
38 194 8381 0 1777797260 136817
39 243 2729 0 1777797260 139513
41 183 6311 0 1777797260 139527
41 184 936 0 1777797260 140478
38 195 4454 0 1777797260 141272
43 271 8078 0 1777797260 142097
40 212 6514 0 1777797260 142608
41 185 3503 0 1777797260 143983
39 244 5658 0 1777797260 145187
43 272 4058 0 1777797260 146156
41 186 2853 0 1777797260 146838
38 196 8356 0 1777797260 149632
39 245 4542 0 1777797260 149732
40 213 7466 0 1777797260 150076
43 273 3943 0 1777797260 150103
42 166 20997 0 1777797260 150578
41 187 5037 0 1777797260 151877
42 167 2894 0 1777797260 153473
38 197 4010 0 1777797260 153646
40 214 4539 0 1777797260 154618
43 274 5720 0 1777797260 155824
42 168 4170 0 1777797260 157652
40 215 3301 0 1777797260 157921
38 198 6860 0 1777797260 160508
42 169 2932 0 1777797260 160585
38 199 1629 0 1777797260 162143
42 170 4734 0 1777797260 165321
41 188 13547 0 1777797260 165425
38 200 3954 0 1777797260 166166
42 171 4362 0 1777797260 169685
41 189 6738 0 1777797260 172165
39 246 22589 0 1777797260 172323
42 172 3772 0 1777797260 173459
41 190 2000 0 1777797260 174167
39 247 4629 0 1777797260 176954
42 173 4700 0 1777797260 178164
39 248 3745 0 1777797260 180701
42 174 3291 0 1777797260 181458
40 216 23865 0 1777797260 181789
41 191 9058 0 1777797260 183227
42 175 4163 0 1777797260 185626
39 249 5486 0 1777797260 186189
42 176 974 0 1777797260 186606
41 192 5513 0 1777797260 188743
38 201 22993 0 1777797260 189163
39 250 3149 0 1777797260 189348
42 177 2809 0 1777797260 189417
43 275 34352 0 1777797260 190178
40 217 8417 0 1777797260 190208
41 193 1581 0 1777797260 190327
42 178 2816 0 1777797260 192234
41 194 3032 0 1777797260 193361
43 276 3795 0 1777797260 193976
40 218 4605 0 1777797260 194816
38 202 8288 0 1777797260 197452
42 179 5288 0 1777797260 197523
41 195 5086 0 1777797260 198449
39 251 9287 0 1777797260 198636
43 277 5061 0 1777797260 199039
42 180 1594 0 1777797260 199118
40 219 5625 0 1777797260 200443
39 252 4376 0 1777797260 203014
38 203 5646 0 1777797260 203100
43 278 4612 0 1777797260 203653
41 196 5225 0 1777797260 203680
39 253 3323 0 1777797260 206339
41 197 4344 0 1777797260 208026
42 181 12205 0 1777797260 211325
39 254 6652 0 1777797260 212993
41 198 4974 0 1777797260 213003
41 199 6100 0 1777797260 219116
39 255 6290 0 1777797260 219293
39 256 3940 0 1777797260 223234
41 200 5813 0 1777797260 224933
39 257 3439 0 1777797260 226674
42 182 15887 0 1777797260 227213
39 258 2353 0 1777797260 229036
42 183 2301 0 1777797260 229516
38 204 27357 0 1777797260 230459
41 201 5530 0 1777797260 230466
39 259 3803 0 1777797260 232841
41 202 2687 0 1777797260 233164
43 279 29671 0 1777797260 233330
38 205 5849 0 1777797260 236317
40 220 35885 0 1777797260 236329
42 184 6817 0 1777797260 236335
39 260 7479 0 1777797260 240322
41 203 8884 0 1777797260 242050
40 221 8288 0 1777797260 244660
41 204 2617 0 1777797260 244669
43 280 13084 0 1777797260 246416
41 205 3259 0 1777797260 247939
41 206 5268 0 1777797260 253208
43 281 6851 0 1777797260 253270
42 185 17654 0 1777797260 254039
40 222 10612 0 1777797260 255282
38 206 19731 0 1777797260 256067
38 207 1633 0 1777797260 257702
41 207 4503 0 1777797260 257712
40 223 4960 0 1777797260 260244
41 208 3515 0 1777797260 261240
39 261 23196 0 1777797260 263521
38 208 6157 0 1777797260 263870
40 224 4974 0 1777797260 265221
41 209 4025 0 1777797260 265267
43 282 13205 0 1777797260 266477
39 262 4274 0 1777797260 267796
41 210 2534 0 1777797260 267802
42 186 15084 0 1777797260 269125
41 211 3130 0 1777797260 270942
39 263 3556 0 1777797260 271359
42 187 3495 0 1777797260 272622
40 225 8672 0 1777797260 273901
38 209 12885 0 1777797260 276757
41 212 5860 0 1777797260 276805
40 226 3547 0 1777797260 277450
39 264 6299 0 1777797260 277660
41 213 2146 0 1777797260 278953
41 214 3604 0 1777797260 282559
39 265 5663 0 1777797260 283324
42 188 10744 0 1777797260 283372
43 283 19558 0 1777797260 286037
41 215 3675 0 1777797260 286236
38 210 9721 0 1777797260 286487
38 211 2258 0 1777797260 288746
39 266 8881 0 1777797260 292210
42 189 9029 0 1777797260 292402
38 212 4161 0 1777797260 292912
38 213 4230 0 1777797260 297144
42 190 5015 0 1777797260 297418
39 267 5226 0 1777797260 297438
41 216 11632 0 1777797260 297869
40 227 20686 0 1777797260 298140
39 268 2810 0 1777797260 300249
42 191 3602 0 1777797260 301024
38 214 3912 0 1777797260 301059
41 217 3824 0 1777797260 301694
43 284 17568 0 1777797260 303606
39 269 5576 0 1777797260 305827
40 228 8673 0 1777797260 306816
43 285 5623 0 1777797260 309230
38 215 8882 0 1777797260 309942
42 192 9061 0 1777797260 310089
40 229 3318 0 1777797260 310136
41 218 10160 0 1777797260 311857
39 270 6306 0 1777797260 312134
39 271 1088 0 1777797260 313225
39 272 1482 0 1777797260 314709
42 193 4627 0 1777797260 314717
41 219 3978 0 1777797260 315837
39 273 3199 0 1777797260 317917
39 274 4208 0 1777797260 322128
43 286 14377 0 1777797260 323609
40 230 14147 0 1777797260 324285
41 220 9824 0 1777797260 325667
39 275 9582 0 1777797260 331712
41 221 6124 0 1777797260 331793
43 287 8266 0 1777797260 331922
40 231 8071 0 1777797260 332359
41 222 1579 0 1777797260 333374
39 276 5854 0 1777797260 337568
41 223 5561 0 1777797260 338937
39 277 6516 0 1777797260 344087
40 232 11756 0 1777797260 344119
38 216 35768 0 1777797260 345716
39 278 3820 0 1777797260 347915
42 194 34443 0 1777797260 349175
39 279 2048 0 1777797260 349965
40 233 6127 0 1777797260 350247
42 195 1792 0 1777797260 350968
38 217 6669 0 1777797260 352386
39 280 3308 0 1777797260 353279
42 196 3332 0 1777797260 354305
40 234 5513 0 1777797260 355761
38 218 5307 0 1777797260 357696
39 281 5934 0 1777797260 359215
42 197 6457 0 1777797260 360764
39 282 2530 0 1777797260 361747
40 235 6840 0 1777797260 362602
42 198 2764 0 1777797260 363530
39 283 2161 0 1777797260 363911
40 236 3672 0 1777797260 366276
39 284 3988 0 1777797260 367901
38 219 10650 0 1777797260 368350
42 199 6814 0 1777797260 370346
40 237 5169 0 1777797260 371448
39 285 4105 0 1777797260 372010
40 238 1929 0 1777797260 373379
38 220 5259 0 1777797260 373610
41 224 38558 0 1777797260 377497
42 200 7207 0 1777797260 377557
43 288 46287 0 1777797260 378212
40 239 4918 0 1777797260 378302
39 286 6307 0 1777797260 378322
38 221 7738 0 1777797260 381349
39 287 3037 0 1777797260 381360
41 225 4997 0 1777797260 382496
39 288 2270 0 1777797260 383640
38 222 6449 0 1777797260 387810
43 289 9714 0 1777797260 387928
39 289 4427 0 1777797260 388069
41 226 5574 0 1777797260 388076
39 290 2042 0 1777797260 390119
43 290 2212 0 1777797260 390142
38 223 3503 0 1777797260 391319
43 291 2802 0 1777797260 392957
39 291 2978 0 1777797260 393121
42 201 15570 0 1777797260 393128
42 202 1749 0 1777797260 394889
40 240 17915 0 1777797260 396218
41 227 8140 0 1777797260 396226
42 203 1624 0 1777797260 396515
38 224 7833 0 1777797260 399154
43 292 10910 0 1777797260 403870
40 241 7828 0 1777797260 404055
42 204 7586 0 1777797260 404103
41 228 7875 0 1777797260 404120
39 292 11671 0 1777797260 404801
38 225 5873 0 1777797260 405029
43 293 1871 0 1777797260 405744
40 242 3398 0 1777797260 407454
41 229 3339 0 1777797260 407460
42 205 3361 0 1777797260 407465
38 226 6752 0 1777797260 411782
43 294 6436 0 1777797260 412180
40 243 4750 0 1777797260 412218
39 293 9535 0 1777797260 414337
41 230 6877 0 1777797260 414353
38 227 4199 0 1777797260 415983
42 206 8511 0 1777797260 415994
40 244 6007 0 1777797260 418226
43 295 6297 0 1777797260 418479
38 228 6548 0 1777797260 422543
41 231 8176 0 1777797260 422557
43 296 4156 0 1777797260 422636
42 207 6675 0 1777797260 422683
40 245 4474 0 1777797260 422701
39 294 8564 0 1777797260 422918
40 246 6168 0 1777797260 428870
39 295 6411 0 1777797260 429330
43 297 8156 0 1777797260 430793
42 208 8183 0 1777797260 430867
38 229 8876 0 1777797260 431434
40 247 3527 0 1777797260 432399
41 232 9959 0 1777797260 432527
42 209 5193 0 1777797260 436061
43 298 5502 0 1777797260 436297
38 230 5238 0 1777797260 436674
39 296 7903 0 1777797260 437235
39 297 2943 0 1777797260 440183
40 248 7847 0 1777797260 440248
42 210 6464 0 1777797260 442527
43 299 7404 0 1777797260 443704
41 233 11584 0 1777797260 444112
38 231 8850 0 1777797260 445526
39 298 5389 0 1777797260 445585
38 232 2524 0 1777797260 448109
43 300 5589 0 1777797260 449294
39 299 3880 0 1777797260 449471
40 249 12940 0 1777797260 453190
42 211 10720 0 1777797260 453249
38 233 5275 0 1777797260 453387
43 301 4105 0 1777797260 453407
39 300 4498 0 1777797260 453971
41 234 9905 0 1777797260 454021
41 235 2819 0 1777797260 456842
43 302 3676 0 1777797260 457083
40 250 4140 0 1777797260 457341
38 234 4055 0 1777797260 457446
38 235 1464 0 1777797260 458911
42 212 5686 0 1777797260 458937
39 301 6036 0 1777797260 460008
43 303 6047 0 1777797260 463133
38 236 5313 0 1777797260 464231
39 302 4564 0 1777797260 464574
40 251 7247 0 1777797260 464589
41 236 8635 0 1777797260 465479
42 213 6574 0 1777797260 465512
38 237 2030 0 1777797260 466263
43 304 4910 0 1777797260 468051
40 252 8920 0 1777797260 473511
41 237 8670 0 1777797260 474153
39 303 10127 0 1777797260 474703
42 214 9594 0 1777797260 475108
38 238 8882 0 1777797260 475148
43 305 7378 0 1777797260 475431
39 304 4230 0 1777797260 478934
38 239 5223 0 1777797260 480372
41 238 6831 0 1777797260 480987
43 306 5759 0 1777797260 481193
40 253 7823 0 1777797260 481407
42 215 7598 0 1777797260 482708
40 254 5629 0 1777797260 487038
39 305 8194 0 1777797260 487130
41 239 6214 0 1777797260 487203
38 240 7901 0 1777797260 488275
43 307 7489 0 1777797260 488684
42 216 6645 0 1777797260 489356
40 255 4025 0 1777797260 491065
42 217 2138 0 1777797260 491498
43 308 6990 0 1777797260 495675
41 240 8508 0 1777797260 495712
38 241 7614 0 1777797260 495890
39 306 10951 0 1777797260 498082
42 218 6608 0 1777797260 498110
40 256 7174 0 1777797260 498242
41 241 6024 0 1777797260 501737
40 257 3626 0 1777797260 501869
38 242 7583 0 1777797260 503475
39 307 5418 0 1777797260 503503
43 309 7992 0 1777797260 503668
42 219 6037 0 1777797260 504148
39 308 4532 0 1777797260 508036
42 220 4259 0 1777797260 508408
41 242 6688 0 1777797260 508427
40 258 6572 0 1777797260 508443
43 310 5181 0 1777797260 508850
38 243 6696 0 1777797260 510172
39 309 5350 0 1777797260 513395
42 221 5109 0 1777797260 513518
43 311 7539 0 1777797260 516390
40 259 8154 0 1777797260 516598
41 243 8187 0 1777797260 516615
39 310 4543 0 1777797260 517941
40 260 2950 0 1777797260 519550
38 244 9606 0 1777797260 519780
42 222 6914 0 1777797260 520434
38 245 2843 0 1777797260 522625
43 312 7080 0 1777797260 523472
38 246 1623 0 1777797260 524251
40 261 6793 0 1777797260 526345
43 313 3648 0 1777797260 527123
42 223 6843 0 1777797260 527281
39 311 9377 0 1777797260 527326
38 247 3369 0 1777797260 527623
39 312 3034 0 1777797260 530361
39 313 2061 0 1777797260 532424
43 314 9973 0 1777797260 537099
39 314 4884 0 1777797260 537312
40 262 11418 0 1777797260 537765
38 248 10394 0 1777797260 538019
40 263 3449 0 1777797260 541216
42 224 13951 0 1777797260 541234
39 315 4973 0 1777797260 542286
43 315 5899 0 1777797260 543007
38 249 6847 0 1777797260 544868
41 244 28566 0 1777797260 545182
40 264 6254 0 1777797260 547489
40 265 1479 0 1777797260 548970
39 316 8008 0 1777797260 550297
40 266 1455 0 1777797260 550430
39 317 690 0 1777797260 550988
40 267 5819 0 1777797260 556251
42 225 16441 0 1777797260 557692
40 268 1979 0 1777797260 558232
40 269 3628 0 1777797260 561861
39 318 12323 0 1777797260 563314
42 226 6714 0 1777797260 564409
43 316 23036 0 1777797260 566045
40 270 5233 0 1777797260 567095
39 319 4580 0 1777797260 567896
39 320 2768 0 1777797260 570666
40 271 4388 0 1777797260 571485
41 245 26948 0 1777797260 572133
39 321 2864 0 1777797260 573532
41 246 2924 0 1777797260 575061
41 247 3978 0 1777797260 579041
43 317 15799 0 1777797260 581846
40 272 11072 0 1777797260 582563
39 322 9077 0 1777797260 582618
43 318 4798 0 1777797260 586646
42 227 22258 0 1777797260 586669
38 250 42273 0 1777797260 587143
41 248 8580 0 1777797260 587624
40 273 6261 0 1777797260 588827
40 274 1697 0 1777797260 590526
39 323 7924 0 1777797260 590543
39 324 1099 0 1777797260 591643
39 325 1228 0 1777797260 592873
40 275 2745 0 1777797260 593273
41 249 6105 0 1777797260 593731
38 251 6711 0 1777797260 593860
42 228 7612 0 1777797260 594282
41 250 927 0 1777797260 594663
43 319 9670 0 1777797260 596317
39 326 3611 0 1777797260 596486
38 252 5697 0 1777797260 599559
40 276 8429 0 1777797260 601704
43 320 5389 0 1777797260 601708
39 327 6174 0 1777797260 602663
39 328 988 0 1777797260 603657
41 251 12281 0 1777797260 606946
40 277 6813 0 1777797260 608523
39 329 12193 0 1777797260 615853
42 229 21574 0 1777797260 615860
43 321 14814 0 1777797260 616531
38 253 17872 0 1777797260 617434
41 252 10611 0 1777797260 617567
38 254 11668 0 1777797260 629104
41 253 11540 0 1777797260 629108
43 322 12572 0 1777797260 629111
39 330 16599 0 1777797260 632460
40 278 23942 0 1777797260 632466
39 331 4864 0 1777797260 637330
40 279 5344 0 1777797260 637816
42 230 22778 0 1777797260 638650
38 255 12259 0 1777797260 641371
39 332 5384 0 1777797260 642715
40 280 7957 0 1777797260 645775
42 231 10377 0 1777797260 649029
43 323 19910 0 1777797260 649033
39 333 9420 0 1777797260 652809
41 254 24991 0 1777797260 654108
39 334 20448 0 1777797260 673259
42 232 24303 0 1777797260 673337
43 324 24697 0 1777797260 673737
40 281 28072 0 1777797260 673852
38 256 33497 0 1777797260 674875
42 233 4533 0 1777797260 677871
43 325 7084 0 1777797260 680823
42 234 3154 0 1777797260 681030
42 235 3097 0 1777797260 684129
43 326 3315 0 1777797260 684140
42 236 2740 0 1777797260 686881
43 327 3154 0 1777797260 687308
42 237 2119 0 1777797260 689003
42 238 3658 0 1777797260 692663
43 328 5972 0 1777797260 693282
42 239 1347 0 1777797260 694011
43 329 2054 0 1777797260 695342
43 330 2286 0 1777797260 697631
41 255 43540 0 1777797260 697649
39 335 24404 0 1777797260 697664
42 240 3730 0 1777797260 697742
38 257 24838 0 1777797260 699716
38 258 2340 0 1777797260 702059
43 331 4468 0 1777797260 702101
40 282 30520 0 1777797260 704373
38 259 3685 0 1777797260 705746
42 241 8623 0 1777797260 706366
43 332 6661 0 1777797260 708763
42 242 4784 0 1777797260 711151
43 333 2429 0 1777797260 711193
43 334 1757 0 1777797260 712952
43 335 4643 0 1777797260 717599
41 256 21666 0 1777797260 719316
41 257 5057 0 1777797260 724377
43 336 8469 0 1777797260 726070
38 260 20444 0 1777797260 726192
42 243 17800 0 1777797260 728954
39 336 31380 0 1777797260 729046
38 261 3751 0 1777797260 729944
43 337 3881 0 1777797260 729953
40 283 27373 0 1777797260 731749
38 262 3810 0 1777797260 733764
43 338 3854 0 1777797260 733820
42 244 7190 0 1777797260 736153
41 258 13062 0 1777797260 737442
38 263 5007 0 1777797260 738773
39 337 14462 0 1777797260 743509
40 284 11821 0 1777797260 743572
43 339 13830 0 1777797260 747651
38 264 12496 0 1777797260 751272
43 340 6351 0 1777797260 754003
38 265 8537 0 1777797260 759811
43 341 9444 0 1777797260 763450
38 266 3879 0 1777797260 763692
38 267 3268 0 1777797260 766961
43 342 4227 0 1777797260 767680
39 338 25382 0 1777797260 768893
38 268 2879 0 1777797260 769842
41 259 34495 0 1777797260 771938
43 343 4283 0 1777797260 771965
38 269 6491 0 1777797260 776336
43 344 4455 0 1777797260 776422
43 345 1626 0 1777797260 778050
38 270 3359 0 1777797260 779711
43 346 3693 0 1777797260 781745
38 271 2522 0 1777797260 782235
43 347 2999 0 1777797260 784746
38 272 3160 0 1777797260 785397
42 245 55729 0 1777797260 791885
43 348 9448 0 1777797260 794197
38 273 9241 0 1777797260 794640
41 260 23568 0 1777797260 795512
38 274 1078 0 1777797260 795720
38 275 1900 0 1777797260 797621
41 261 2115 0 1777797260 797631
40 285 54087 0 1777797260 797663
43 349 4415 0 1777797260 798620
39 339 30574 0 1777797260 799475
43 350 4608 0 1777797260 803230
38 276 7863 0 1777797260 805495
43 351 4737 0 1777797260 807969
38 277 3634 0 1777797260 809131
43 352 4801 0 1777797260 812777
41 262 17523 0 1777797260 815167
41 263 3982 0 1777797260 819151
39 340 20531 0 1777797260 820008
40 286 22916 0 1777797260 820580
41 264 2811 0 1777797260 821965
40 287 3481 0 1777797260 824063
41 265 3624 0 1777797260 825592
41 266 1918 0 1777797260 827512
40 288 4528 0 1777797260 828595
42 246 38588 0 1777797260 830476
38 278 23571 0 1777797260 832709
39 341 12723 0 1777797260 832735
40 289 4642 0 1777797260 833239
43 353 21166 0 1777797260 833945
41 267 7813 0 1777797260 835329
42 247 4859 0 1777797260 835337
40 290 3444 0 1777797260 836688
39 342 4600 0 1777797260 837336
41 268 5421 0 1777797260 840758
40 291 8320 0 1777797260 845009
43 354 11087 0 1777797260 845034
43 355 2493 0 1777797260 847528
38 279 16616 0 1777797260 849327
38 280 2508 0 1777797260 851836
39 343 14650 0 1777797260 851988
42 248 16931 0 1777797260 852283
41 269 12521 0 1777797260 853281
42 249 5420 0 1777797260 857704
40 292 13288 0 1777797260 858302
39 344 10127 0 1777797260 862116
43 356 14905 0 1777797260 862435
38 281 12204 0 1777797260 864048
41 270 10779 0 1777797260 864064
40 293 5814 0 1777797260 864117
38 282 5185 0 1777797260 869235
42 250 11557 0 1777797260 869263
40 294 5359 0 1777797260 869477
41 271 7815 0 1777797260 871880
41 272 1110 0 1777797260 872993
40 295 7135 0 1777797260 876614
43 357 14256 0 1777797260 876692
41 273 3889 0 1777797260 876946
38 283 9725 0 1777797260 878990
39 345 18412 0 1777797260 880530
42 251 12041 0 1777797260 881315
38 284 4741 0 1777797260 883735
41 274 7219 0 1777797260 884167
41 275 2879 0 1777797260 887047
38 285 4967 0 1777797260 888705
40 296 12254 0 1777797260 888875
41 276 2341 0 1777797260 889391
42 252 10527 0 1777797260 891845
41 277 3942 0 1777797260 893335
39 346 13862 0 1777797260 894394
41 278 4265 0 1777797260 897602
42 253 5781 0 1777797260 897628
41 279 1035 0 1777797260 898643
42 254 1610 0 1777797260 899239
39 347 4910 0 1777797260 899308
41 280 763 0 1777797260 899410
40 297 11151 0 1777797260 900027
41 281 894 0 1777797260 900305
39 348 2046 0 1777797260 901355
41 282 2889 0 1777797260 903195
39 349 2093 0 1777797260 903452
42 255 6617 0 1777797260 905858
39 350 3156 0 1777797260 906609
42 256 5098 0 1777797260 910961
39 351 4426 0 1777797260 911036
41 283 8616 0 1777797260 911812
39 352 2103 0 1777797260 913141
41 284 2024 0 1777797260 913892
39 353 2601 0 1777797260 915744
39 354 3061 0 1777797260 918808
41 285 5192 0 1777797260 919086
39 355 2836 0 1777797260 921646
41 286 2667 0 1777797260 921757
41 287 940 0 1777797260 922699
39 356 2005 0 1777797260 923653
41 288 1117 0 1777797260 923818
39 357 2093 0 1777797260 925750
39 358 2397 0 1777797260 928154
41 289 6128 0 1777797260 929948
43 358 53943 0 1777797260 930636
40 298 31122 0 1777797260 931155
39 359 3023 0 1777797260 931179
41 290 1650 0 1777797260 931602
42 257 21108 0 1777797260 932070
41 291 3401 0 1777797260 935007
42 258 2949 0 1777797260 935020
43 359 6834 0 1777797260 937475
40 299 7553 0 1777797260 938712
38 286 52773 0 1777797260 941480
43 360 4585 0 1777797260 942062
40 300 4389 0 1777797260 943102
41 292 9466 0 1777797260 944487
39 360 13512 0 1777797260 944692
42 259 9839 0 1777797260 944879
38 287 4456 0 1777797260 945938
40 301 5137 0 1777797260 948241
42 260 3436 0 1777797260 948317
39 361 6157 0 1777797260 950852
41 293 7873 0 1777797260 952363
38 288 9029 0 1777797260 954969
42 261 7774 0 1777797260 956092
43 361 14643 0 1777797260 956707
40 302 10079 0 1777797260 958326
41 294 5967 0 1777797260 958334
38 289 6133 0 1777797260 961105
39 362 10556 0 1777797260 961413
40 303 3531 0 1777797260 961866
41 295 3894 0 1777797260 962238
42 262 6940 0 1777797260 963039
39 363 4086 0 1777797260 965500
42 263 2482 0 1777797260 965523
43 362 10485 0 1777797260 967197
40 304 5771 0 1777797260 967639
42 264 3009 0 1777797260 968533
40 305 4063 0 1777797260 971704
40 306 1034 0 1777797260 972740
42 265 5502 0 1777797260 974040
39 364 8656 0 1777797260 974160
40 307 1601 0 1777797260 974343
42 266 2796 0 1777797260 976842
43 363 9686 0 1777797260 976885
39 365 2762 0 1777797260 976923
40 308 3648 0 1777797260 977992
38 290 17786 0 1777797260 978899
40 309 1609 0 1777797260 979603
42 267 4358 0 1777797260 981203
43 364 4894 0 1777797260 981780
39 366 4929 0 1777797260 981854
38 291 4970 0 1777797260 983871
39 367 2920 0 1777797260 984775
39 368 991 0 1777797260 985771
42 268 6689 0 1777797260 987893
39 369 3312 0 1777797260 989089
38 292 8620 0 1777797260 992495
41 296 30261 0 1777797260 992502
43 365 11090 0 1777797260 992875
42 269 8445 0 1777797260 996340
40 310 17082 0 1777797260 996687
43 366 3931 0 1777797260 996807
38 293 6601 0 1777797260 999104
40 311 3265 0 1777797260 999953
41 297 7452 0 1777797260 999964
43 367 4101 0 1777797261 910
40 312 3903 0 1777797261 3868
38 294 4800 0 1777797261 3906
43 368 5340 0 1777797261 6252
38 295 3302 0 1777797261 7209
40 313 4216 0 1777797261 8086
38 296 2411 0 1777797261 9623
43 369 4867 0 1777797261 11121
38 297 2166 0 1777797261 11793
39 370 22799 0 1777797261 11890
42 270 15906 0 1777797261 12253
40 314 4197 0 1777797261 12286
39 371 3846 0 1777797261 15737
43 370 5147 0 1777797261 16272
41 298 16871 0 1777797261 16847
38 298 6165 0 1777797261 17962
40 315 6153 0 1777797261 18440
43 371 6760 0 1777797261 23033
42 271 10800 0 1777797261 23057
41 299 6514 0 1777797261 23362
39 372 7782 0 1777797261 23520
38 299 5831 0 1777797261 23799
43 372 3628 0 1777797261 26663
42 272 5179 0 1777797261 28236
39 373 4741 0 1777797261 28328
40 316 10123 0 1777797261 28567
38 300 5171 0 1777797261 28973
43 373 4137 0 1777797261 30807
39 374 3514 0 1777797261 31845
40 317 5595 0 1777797261 34164
42 273 5933 0 1777797261 34172
38 301 8003 0 1777797261 36980
41 300 13687 0 1777797261 37052
39 375 5915 0 1777797261 37766
43 374 6974 0 1777797261 37782
38 302 4924 0 1777797261 41906
39 376 4323 0 1777797261 42090
42 274 7949 0 1777797261 42132
40 318 8804 0 1777797261 42976
41 301 7329 0 1777797261 44382
43 375 8075 0 1777797261 45857
42 275 4809 0 1777797261 46942
38 303 7043 0 1777797261 48951
41 302 5187 0 1777797261 49571
43 376 9072 0 1777797261 54932
41 303 5379 0 1777797261 54952
40 319 12177 0 1777797261 55155
39 377 13739 0 1777797261 55831
38 304 7092 0 1777797261 56045
41 304 3438 0 1777797261 58391
40 320 4903 0 1777797261 60059
42 276 16592 0 1777797261 63539
41 305 5398 0 1777797261 63790
43 377 8862 0 1777797261 63796
39 378 8255 0 1777797261 64091
40 321 4059 0 1777797261 64127
38 305 8388 0 1777797261 64434
41 306 6880 0 1777797261 70677
43 378 6963 0 1777797261 70768
40 322 11359 0 1777797261 75489
43 379 4744 0 1777797261 75513
41 307 6849 0 1777797261 77529
38 306 14506 0 1777797261 78941
39 379 14937 0 1777797261 79029
42 277 16187 0 1777797261 79728
43 380 4710 0 1777797261 80224
40 323 6189 0 1777797261 81679
41 308 6365 0 1777797261 83900
39 380 9837 0 1777797261 88867
42 278 9139 0 1777797261 88873
43 381 12190 0 1777797261 92416
41 309 8546 0 1777797261 92448
39 381 6406 0 1777797261 95281
40 324 13609 0 1777797261 95289
42 279 6431 0 1777797261 95314
38 307 19497 0 1777797261 98444
41 310 6408 0 1777797261 98857
39 382 3585 0 1777797261 98876
40 325 4149 0 1777797261 99448
43 382 10608 0 1777797261 103031
38 308 4682 0 1777797261 103134
42 280 8786 0 1777797261 104101
41 311 6343 0 1777797261 105202
38 309 3206 0 1777797261 106342
39 383 9187 0 1777797261 108064
40 326 8622 0 1777797261 108072
43 383 5681 0 1777797261 108714
38 310 5198 0 1777797261 111543
39 384 6419 0 1777797261 114492
41 312 9490 0 1777797261 114694
40 327 7791 0 1777797261 115872
41 313 3998 0 1777797261 118693
43 384 10639 0 1777797261 119361
39 385 6175 0 1777797261 120671
42 281 16576 0 1777797261 120678
38 311 13305 0 1777797261 124851
41 314 6327 0 1777797261 125022
43 385 7039 0 1777797261 126403
40 328 11872 0 1777797261 127747
39 386 7120 0 1777797261 127799
42 282 11724 0 1777797261 132413
40 329 4795 0 1777797261 132547
38 312 10561 0 1777797261 135414
43 386 9014 0 1777797261 135418
41 315 10870 0 1777797261 135904
39 387 8399 0 1777797261 136199
42 283 7370 0 1777797261 139785
40 330 7272 0 1777797261 139820
38 313 4419 0 1777797261 139837
39 388 5151 0 1777797261 141350
43 387 8191 0 1777797261 143615
40 331 5960 0 1777797261 145782
42 284 6438 0 1777797261 146231
38 314 6518 0 1777797261 146357
39 389 5307 0 1777797261 146660
40 332 3750 0 1777797261 149533
43 388 6356 0 1777797261 149973
39 390 4969 0 1777797261 151630
41 316 20069 0 1777797261 155974
43 389 12088 0 1777797261 162064
39 391 10781 0 1777797261 162413
38 315 16165 0 1777797261 162524
38 316 2840 0 1777797261 165365
43 390 5283 0 1777797261 167352
38 317 2459 0 1777797261 167826
40 333 19723 0 1777797261 169258
41 317 14538 0 1777797261 170514
39 392 10518 0 1777797261 172933
38 318 5863 0 1777797261 173697
39 393 1734 0 1777797261 174672
38 319 4028 0 1777797261 177727
41 318 7809 0 1777797261 178326
43 391 10979 0 1777797261 178333
40 334 11530 0 1777797261 180790
41 319 2475 0 1777797261 180809
42 285 34581 0 1777797261 180815
43 392 5068 0 1777797261 183411
41 320 2697 0 1777797261 183513
42 286 4091 0 1777797261 184914
40 335 4745 0 1777797261 185537
39 394 11412 0 1777797261 186090
41 321 4827 0 1777797261 188341
41 322 4524 0 1777797261 192868
39 395 8125 0 1777797261 194216
40 336 9796 0 1777797261 195335
39 396 2797 0 1777797261 197016
39 397 1325 0 1777797261 198342
41 323 5604 0 1777797261 198476
42 287 13795 0 1777797261 198711
40 337 4593 0 1777797261 199929
43 393 17000 0 1777797261 200413
39 398 3848 0 1777797261 202193
42 288 5472 0 1777797261 204184
40 338 4257 0 1777797261 204245
41 324 5937 0 1777797261 204415
41 325 1973 0 1777797261 206389
38 320 31662 0 1777797261 209392
43 394 9344 0 1777797261 209758
39 399 7589 0 1777797261 209783
40 339 7185 0 1777797261 211431
42 289 8692 0 1777797261 212878
41 326 7755 0 1777797261 214146
39 400 4509 0 1777797261 214293
41 327 1401 0 1777797261 215549
38 321 6902 0 1777797261 216295
41 328 1109 0 1777797261 216660
43 395 6905 0 1777797261 216667
40 340 9866 0 1777797261 221299
43 396 6988 0 1777797261 223666
38 322 7471 0 1777797261 223771
39 401 11339 0 1777797261 225633
40 341 4800 0 1777797261 226101
43 397 7139 0 1777797261 230811
41 329 14339 0 1777797261 231008
38 323 7281 0 1777797261 231053
42 290 18518 0 1777797261 231403
39 402 7047 0 1777797261 232682
39 403 3594 0 1777797261 236279
40 342 10179 0 1777797261 236282
43 398 8020 0 1777797261 238837
38 324 8592 0 1777797261 239645
42 291 8248 0 1777797261 239652
41 330 10354 0 1777797261 241362
39 404 7052 0 1777797261 243335
40 343 8649 0 1777797261 244937
42 292 6298 0 1777797261 245959
41 331 5236 0 1777797261 246601
38 325 8540 0 1777797261 248193
40 344 5371 0 1777797261 250309
42 293 5630 0 1777797261 251594
38 326 4106 0 1777797261 252304
40 345 3816 0 1777797261 254129
43 399 15648 0 1777797261 254485
41 332 8824 0 1777797261 255429
39 405 19170 0 1777797261 262507
38 327 12088 0 1777797261 264394
39 406 6823 0 1777797261 269333
40 346 15484 0 1777797261 269614
41 333 15449 0 1777797261 270880
39 407 2393 0 1777797261 271727
41 334 1616 0 1777797261 272504
39 408 2070 0 1777797261 273801
41 335 1571 0 1777797261 274077
43 400 20127 0 1777797261 274615
39 409 968 0 1777797261 274771
41 336 2142 0 1777797261 276220
39 410 2245 0 1777797261 277018
41 337 3489 0 1777797261 279711
40 347 10131 0 1777797261 279748
39 411 3664 0 1777797261 280684
42 294 29110 0 1777797261 280705
38 328 17483 0 1777797261 281879
39 412 2505 0 1777797261 283191
38 329 2439 0 1777797261 284322
40 348 6958 0 1777797261 286707
39 413 4789 0 1777797261 287983
43 401 13563 0 1777797261 288179
38 330 5183 0 1777797261 289508
39 414 2635 0 1777797261 290623
40 349 8936 0 1777797261 295653
39 415 5135 0 1777797261 295764
38 331 6298 0 1777797261 295814
41 338 16870 0 1777797261 296586
42 295 16501 0 1777797261 297207
41 339 2557 0 1777797261 299145
42 296 3049 0 1777797261 300258
39 416 4593 0 1777797261 300358
43 402 13483 0 1777797261 301664
41 340 2619 0 1777797261 301765
42 297 2783 0 1777797261 303042
38 332 9235 0 1777797261 305050
39 417 4827 0 1777797261 305187
42 298 2945 0 1777797261 305989
43 403 5262 0 1777797261 306928
41 341 6715 0 1777797261 308481
38 333 3488 0 1777797261 308546
42 299 5639 0 1777797261 311631
38 334 3136 0 1777797261 311683
39 418 6502 0 1777797261 311690
43 404 4956 0 1777797261 311887
41 342 3428 0 1777797261 311910
42 300 4890 0 1777797261 316522
38 335 6582 0 1777797261 318273
40 350 22672 0 1777797261 318329
39 419 7064 0 1777797261 318764
43 405 6951 0 1777797261 318839
42 301 2905 0 1777797261 319429
41 343 8420 0 1777797261 320331
42 302 4769 0 1777797261 324199
43 406 5436 0 1777797261 324276
41 344 4735 0 1777797261 325067
40 351 6850 0 1777797261 325180
38 336 8745 0 1777797261 327020
43 407 3613 0 1777797261 327891
42 303 3900 0 1777797261 328101
41 345 3634 0 1777797261 328703
39 420 11442 0 1777797261 330207
39 421 4904 0 1777797261 335116
38 337 8532 0 1777797261 335553
40 352 11375 0 1777797261 336556
43 408 8766 0 1777797261 336658
41 346 9241 0 1777797261 337946
42 304 10666 0 1777797261 338769
41 347 915 0 1777797261 338863
39 422 6394 0 1777797261 341512
39 423 2407 0 1777797261 343921
40 353 7699 0 1777797261 344258
43 409 20884 0 1777797261 357544
40 354 15898 0 1777797261 360158
42 305 21399 0 1777797261 360170
39 424 20556 0 1777797261 364480
41 348 25630 0 1777797261 364494
40 355 8830 0 1777797261 369002
41 349 4505 0 1777797261 369016
42 306 8836 0 1777797261 369022
39 425 4603 0 1777797261 369099
42 307 3388 0 1777797261 372438
39 426 4252 0 1777797261 373353
41 350 8414 0 1777797261 377450
40 356 8794 0 1777797261 377817
39 427 4476 0 1777797261 377835
42 308 5978 0 1777797261 378492
41 351 2259 0 1777797261 379723
39 428 2254 0 1777797261 380091
43 410 25916 0 1777797261 383462
42 309 6274 0 1777797261 384771
39 429 5293 0 1777797261 385385
38 338 50896 0 1777797261 386451
41 352 7339 0 1777797261 387064
38 339 3967 0 1777797261 390420
41 353 3482 0 1777797261 390547
39 430 5532 0 1777797261 390918
39 431 1792 0 1777797261 392714
42 310 7950 0 1777797261 392728
41 354 2656 0 1777797261 393204
39 432 3320 0 1777797261 396049
41 355 7210 0 1777797261 400416
39 433 5679 0 1777797261 401730
43 411 19546 0 1777797261 403010
42 311 11827 0 1777797261 404566
40 357 29487 0 1777797261 407306
39 434 5893 0 1777797261 407625
43 412 5258 0 1777797261 408276
39 435 2624 0 1777797261 410250
39 436 3304 0 1777797261 413555
43 413 7008 0 1777797261 415287
40 358 8325 0 1777797261 415633
40 359 6039 0 1777797261 421674
42 312 17119 0 1777797261 421687
38 340 31298 0 1777797261 421726
39 437 8177 0 1777797261 421734
41 356 22436 0 1777797261 422854
40 360 2710 0 1777797261 424399
42 313 2774 0 1777797261 424482
43 414 9471 0 1777797261 424759
38 341 3548 0 1777797261 425283
39 438 3600 0 1777797261 425346
39 439 2231 0 1777797261 427579
41 357 5027 0 1777797261 427883
43 415 4923 0 1777797261 429692
42 314 5277 0 1777797261 429760
38 342 5676 0 1777797261 430962
41 358 3370 0 1777797261 431256
40 361 7255 0 1777797261 431662
41 359 2296 0 1777797261 433553
43 416 3896 0 1777797261 433589
40 362 2121 0 1777797261 433787
39 440 7198 0 1777797261 434779
41 360 3203 0 1777797261 436757
40 363 3130 0 1777797261 436919
42 315 7163 0 1777797261 436926
38 343 9840 0 1777797261 440804
43 417 8620 0 1777797261 442210
39 441 9308 0 1777797261 444089
38 344 4452 0 1777797261 445258
41 361 8512 0 1777797261 445271
42 316 8612 0 1777797261 445547
40 364 10053 0 1777797261 446979
42 317 1435 0 1777797261 446986
38 345 1743 0 1777797261 447016
41 362 2031 0 1777797261 447318
43 418 8249 0 1777797261 450460
40 365 3578 0 1777797261 450565
38 346 4482 0 1777797261 451499
41 363 4301 0 1777797261 451621
39 442 9738 0 1777797261 453829
42 318 8299 0 1777797261 455295
39 443 2286 0 1777797261 456121
40 366 5953 0 1777797261 456521
40 367 3145 0 1777797261 459667
41 364 8341 0 1777797261 459963
41 365 1967 0 1777797261 461931
42 319 6645 0 1777797261 461941
38 347 10876 0 1777797261 462380
43 419 15144 0 1777797261 465606
40 368 5992 0 1777797261 465661
39 444 9644 0 1777797261 465767
38 348 4332 0 1777797261 466713
42 320 9032 0 1777797261 470984
40 369 5766 0 1777797261 471428
41 366 9515 0 1777797261 471458
43 420 6969 0 1777797261 472578
42 321 3446 0 1777797261 474433
41 367 5253 0 1777797261 476712
39 445 11139 0 1777797261 476908
40 370 6104 0 1777797261 477534
38 349 12118 0 1777797261 478832
40 371 2750 0 1777797261 480286
41 368 3694 0 1777797261 480413
38 350 1592 0 1777797261 480427
38 351 1636 0 1777797261 482064
41 369 1946 0 1777797261 482362
40 372 2620 0 1777797261 482908
42 322 12850 0 1777797261 487288
38 352 6344 0 1777797261 488410
42 323 3852 0 1777797261 491141
40 373 8524 0 1777797261 491434
43 421 19406 0 1777797261 491986
41 370 22675 0 1777797261 505039
42 324 14188 0 1777797261 505331
39 446 28759 0 1777797261 505669
38 353 17347 0 1777797261 505763
43 422 13874 0 1777797261 505862
40 374 14562 0 1777797261 506020
41 371 1624 0 1777797261 506668
42 325 3108 0 1777797261 508440
42 326 2189 0 1777797261 510631
40 375 8234 0 1777797261 514256
42 327 3755 0 1777797261 514388
38 354 8826 0 1777797261 514590
41 372 10301 0 1777797261 516973
38 355 2485 0 1777797261 517076
40 376 3924 0 1777797261 518183
39 447 12930 0 1777797261 518600
41 373 2182 0 1777797261 519157
41 374 1827 0 1777797261 520985
39 448 3066 0 1777797261 521668
41 375 3896 0 1777797261 524884
39 449 3313 0 1777797261 524985
38 356 8714 0 1777797261 525792
43 423 23197 0 1777797261 529060
41 376 4461 0 1777797261 529348
42 328 20178 0 1777797261 534568
40 377 16592 0 1777797261 534777
41 377 6669 0 1777797261 536018
41 378 5930 0 1777797261 541950
38 357 19565 0 1777797261 545360
41 379 3619 0 1777797261 545571
43 424 25435 0 1777797261 554498
38 358 9165 0 1777797261 554529
38 359 1169 0 1777797261 555699
42 329 26752 0 1777797261 561328
41 380 19538 0 1777797261 565111
42 330 3780 0 1777797261 565119
38 360 9443 0 1777797261 565145
39 450 40438 0 1777797261 565425
42 331 4209 0 1777797261 569340
40 378 35534 0 1777797261 570359
41 381 5246 0 1777797261 570366
39 451 5092 0 1777797261 570519
43 425 17475 0 1777797261 571981
40 379 2479 0 1777797261 572846
41 382 2491 0 1777797261 572866
41 383 4862 0 1777797261 577729
40 380 5095 0 1777797261 577945
39 452 8074 0 1777797261 578594
42 332 9706 0 1777797261 579050
38 361 14125 0 1777797261 579271
40 381 2967 0 1777797261 580913
39 453 3069 0 1777797261 581665
42 333 2871 0 1777797261 581922
40 382 2426 0 1777797261 583340
39 454 2153 0 1777797261 583823
42 334 3379 0 1777797261 585302
41 384 8153 0 1777797261 585885
41 385 2846 0 1777797261 588732
40 383 6441 0 1777797261 589783
39 455 7411 0 1777797261 591237
40 384 3125 0 1777797261 592911
42 335 7656 0 1777797261 592965
39 456 2370 0 1777797261 593609
42 336 2326 0 1777797261 595292
39 457 2317 0 1777797261 595928
40 385 4291 0 1777797261 597205
40 386 1695 0 1777797261 598904
41 386 13082 0 1777797261 601816
41 387 2501 0 1777797261 604321
43 426 33103 0 1777797261 605086
38 362 26418 0 1777797261 605693
39 458 11530 0 1777797261 607459
42 337 13056 0 1777797261 608352
40 387 10624 0 1777797261 609530
41 388 7499 0 1777797261 611822
42 338 3503 0 1777797261 611865
39 459 5444 0 1777797261 612906
43 427 8465 0 1777797261 613553
38 363 9333 0 1777797261 615028
42 339 3241 0 1777797261 615107
42 340 2452 0 1777797261 617561
40 388 11703 0 1777797261 621235
41 389 9428 0 1777797261 621251
43 428 7705 0 1777797261 621262
39 460 9054 0 1777797261 621968
39 461 2383 0 1777797261 624353
40 389 3335 0 1777797261 624598
42 341 7730 0 1777797261 625294
39 462 3040 0 1777797261 627399
40 390 3002 0 1777797261 627603
41 390 12029 0 1777797261 633303
40 391 5722 0 1777797261 633327
40 392 1808 0 1777797261 635136
42 342 11118 0 1777797261 636414
43 429 15143 0 1777797261 636425
40 393 3299 0 1777797261 638437
39 463 11197 0 1777797261 638598
41 391 5307 0 1777797261 638615
42 343 3657 0 1777797261 640083
39 464 1518 0 1777797261 640118
40 394 3393 0 1777797261 641834
39 465 2087 0 1777797261 642206
42 344 4489 0 1777797261 644580
38 364 30753 0 1777797261 645784
40 395 4926 0 1777797261 646762
41 392 8157 0 1777797261 646773
38 365 1250 0 1777797261 647035
39 466 4843 0 1777797261 647051
39 467 2469 0 1777797261 649521
38 366 3748 0 1777797261 650786
43 430 15280 0 1777797261 651730
40 396 4973 0 1777797261 651747
41 393 5110 0 1777797261 651896
39 468 5660 0 1777797261 655183
41 394 4760 0 1777797261 656657
38 367 6702 0 1777797261 657492
40 397 7863 0 1777797261 659612
39 469 4818 0 1777797261 660005
41 395 5118 0 1777797261 661777
38 368 4319 0 1777797261 661815
40 398 4035 0 1777797261 663650
39 470 5257 0 1777797261 665265
42 345 22370 0 1777797261 666952
40 399 4438 0 1777797261 668090
39 471 3581 0 1777797261 668848
43 431 18922 0 1777797261 670653
40 400 4052 0 1777797261 672144
42 346 7712 0 1777797261 674671
39 472 6270 0 1777797261 675124
40 401 2996 0 1777797261 675141
39 473 2235 0 1777797261 677361
40 402 2403 0 1777797261 677545
42 347 3857 0 1777797261 678537
38 369 21022 0 1777797261 682838
42 348 4306 0 1777797261 682845
41 396 22914 0 1777797261 684693
39 474 9394 0 1777797261 686757
40 403 9781 0 1777797261 687327
41 397 3178 0 1777797261 687873
38 370 6943 0 1777797261 689789
41 398 2014 0 1777797261 689888
40 404 3431 0 1777797261 690761
38 371 3179 0 1777797261 692970
41 399 4191 0 1777797261 694080
40 405 3427 0 1777797261 694189
43 432 23539 0 1777797261 694197
42 349 11706 0 1777797261 694562
38 372 2809 0 1777797261 695781
39 475 9857 0 1777797261 696616
41 400 6153 0 1777797261 700237
39 476 6157 0 1777797261 702776
43 433 8592 0 1777797261 702799
43 434 3288 0 1777797261 706102
39 477 3446 0 1777797261 706246
38 373 10477 0 1777797261 706264
41 401 6064 0 1777797261 706309
42 350 16034 0 1777797261 710597
41 402 4387 0 1777797261 710697
40 406 16581 0 1777797261 710779
39 478 4549 0 1777797261 710797
43 435 6173 0 1777797261 712326
38 374 7907 0 1777797261 714172
43 436 2924 0 1777797261 715251
38 375 1150 0 1777797261 715323
41 403 4852 0 1777797261 715551
40 407 4877 0 1777797261 715657
42 351 8191 0 1777797261 718790
43 437 4110 0 1777797261 719364
38 376 4964 0 1777797261 720288
40 408 5734 0 1777797261 721392
42 352 5083 0 1777797261 723877
39 479 14546 0 1777797261 725344
38 377 6342 0 1777797261 726632
42 353 2846 0 1777797261 726726
43 438 7524 0 1777797261 726890
40 409 7250 0 1777797261 728647
42 354 2219 0 1777797261 728946
39 480 5237 0 1777797261 730588
40 410 2458 0 1777797261 731108
43 439 5858 0 1777797261 732750
39 481 2964 0 1777797261 733557
41 404 21757 0 1777797261 737310
40 411 6244 0 1777797261 737358
38 378 10753 0 1777797261 737387
42 355 10061 0 1777797261 739008
42 356 1542 0 1777797261 740552
38 379 3254 0 1777797261 740643
42 357 2683 0 1777797261 743239
40 412 6020 0 1777797261 743379
43 440 13173 0 1777797261 745930
39 482 13911 0 1777797261 747469
41 405 10412 0 1777797261 747738
43 441 2195 0 1777797261 748126
38 380 8952 0 1777797261 749597
41 406 1927 0 1777797261 749666
41 407 1929 0 1777797261 751596
43 442 7956 0 1777797261 756084
41 408 5278 0 1777797261 756877
40 413 14659 0 1777797261 758040
42 358 19512 0 1777797261 762757
40 414 5642 0 1777797261 763683
39 483 19359 0 1777797261 766831
43 443 10907 0 1777797261 766993
42 359 4250 0 1777797261 767012
38 381 18537 0 1777797261 768136
39 484 2796 0 1777797261 769630
40 415 5959 0 1777797261 769644
41 409 12776 0 1777797261 769655
42 360 3051 0 1777797261 770064
40 416 4682 0 1777797261 774357
40 417 2375 0 1777797261 776737
43 444 9946 0 1777797261 776940
43 445 3104 0 1777797261 780046
38 382 11976 0 1777797261 780116
39 485 12470 0 1777797261 782128
43 446 6714 0 1777797261 786765
40 418 11216 0 1777797261 787954
41 410 19127 0 1777797261 788810
42 361 20943 0 1777797261 791010
38 383 11030 0 1777797261 791147
39 486 10689 0 1777797261 792820
42 362 2500 0 1777797261 793516
38 384 5978 0 1777797261 797126
41 411 8320 0 1777797261 797134
42 363 3622 0 1777797261 797140
43 447 10378 0 1777797261 797144
39 487 4822 0 1777797261 797644
42 364 1927 0 1777797261 799084
39 488 1474 0 1777797261 799120
41 412 2783 0 1777797261 799933
40 419 12718 0 1777797261 800674
38 385 5044 0 1777797261 802188
42 365 3112 0 1777797261 802203
39 489 6640 0 1777797261 805761
43 448 9929 0 1777797261 807092
39 490 2848 0 1777797261 808611
41 413 12056 0 1777797261 811994
43 449 6249 0 1777797261 813343
42 366 11655 0 1777797261 813875
39 491 5365 0 1777797261 813979
41 414 3324 0 1777797261 815320
40 420 15626 0 1777797261 816305
43 450 4909 0 1777797261 818254
40 421 1975 0 1777797261 818282
39 492 4514 0 1777797261 818494
41 415 4234 0 1777797261 819555
40 422 7289 0 1777797261 825572
39 493 7129 0 1777797261 825624
38 386 23852 0 1777797261 826056
41 416 10224 0 1777797261 829782
42 367 16005 0 1777797261 829881
39 494 6195 0 1777797261 831821
40 423 6273 0 1777797261 831847
38 387 9447 0 1777797261 835506
39 495 4071 0 1777797261 835894
42 368 7380 0 1777797261 837263
40 424 5730 0 1777797261 837578
41 417 9023 0 1777797261 838810
40 425 1644 0 1777797261 839224
38 388 5632 0 1777797261 841142
43 451 23034 0 1777797261 841294
41 418 5032 0 1777797261 843843
43 452 6168 0 1777797261 847464
40 426 8448 0 1777797261 847673
40 427 1937 0 1777797261 849611
39 496 14593 0 1777797261 850491
43 453 5491 0 1777797261 852956
39 497 3067 0 1777797261 853560
38 389 13645 0 1777797261 854789
42 369 17534 0 1777797261 854799
40 428 6571 0 1777797261 856184
42 370 2562 0 1777797261 857373
38 390 3449 0 1777797261 858249
38 391 2527 0 1777797261 860778
41 419 17598 0 1777797261 861445
40 429 5784 0 1777797261 861969
42 371 5397 0 1777797261 862776
40 430 6649 0 1777797261 868622
41 420 7179 0 1777797261 868626
42 372 6412 0 1777797261 869190
38 392 9193 0 1777797261 869973
40 431 3616 0 1777797261 872244
38 393 2881 0 1777797261 872857
43 454 19905 0 1777797261 872863
42 373 4567 0 1777797261 873807
42 374 4382 0 1777797261 878194
40 432 6497 0 1777797261 878749
43 455 5910 0 1777797261 878782
39 498 27478 0 1777797261 881040
41 421 12745 0 1777797261 881377
43 456 2600 0 1777797261 881384
42 375 3975 0 1777797261 882173
43 457 1764 0 1777797261 883160
38 394 13451 0 1777797261 886315
42 376 5192 0 1777797261 887367
39 499 7581 0 1777797261 888627
41 422 8223 0 1777797261 889608
40 433 11260 0 1777797261 890010
43 458 7689 0 1777797261 890852
40 434 1565 0 1777797261 891578
41 423 2336 0 1777797261 891947
39 500 10418 0 1777797261 899047
38 395 15313 0 1777797261 901638
40 435 13883 0 1777797261 905463
41 424 13523 0 1777797261 905472
42 377 19387 0 1777797261 906760
39 501 8601 0 1777797261 907655
39 502 1587 0 1777797261 909245
42 378 2578 0 1777797261 909341
38 396 9651 0 1777797261 911291
40 436 5936 0 1777797261 911409
42 379 2451 0 1777797261 911793
39 503 2785 0 1777797261 912033
39 504 3060 0 1777797261 915097
41 425 9841 0 1777797261 915324
40 437 5539 0 1777797261 916949
42 380 5189 0 1777797261 916983
41 426 3142 0 1777797261 918468
39 505 3660 0 1777797261 918759
43 459 30108 0 1777797261 920961
43 460 1798 0 1777797261 922761
43 461 1379 0 1777797261 924142
41 427 6615 0 1777797261 925090
43 462 974 0 1777797261 925117
39 506 6844 0 1777797261 925605
43 463 1520 0 1777797261 926638
42 381 11425 0 1777797261 928409
43 464 2903 0 1777797261 929543
39 507 4020 0 1777797261 929628
43 465 2603 0 1777797261 932151
38 397 21414 0 1777797261 932707
39 508 3305 0 1777797261 932935
42 382 4539 0 1777797261 932950
41 428 9696 0 1777797261 934789
39 509 4161 0 1777797261 937098
42 383 4259 0 1777797261 937210
40 438 21459 0 1777797261 938410
41 429 5321 0 1777797261 940115
39 510 3680 0 1777797261 940786
42 384 4383 0 1777797261 941595
39 511 1643 0 1777797261 942432
42 385 2687 0 1777797261 944284
39 512 2551 0 1777797261 944987
41 430 4989 0 1777797261 945107
38 398 13599 0 1777797261 946307
39 513 2197 0 1777797261 947186
43 466 15040 0 1777797261 947193
40 439 9450 0 1777797261 947869
43 467 1785 0 1777797261 948989
39 514 3212 0 1777797261 950406
40 440 2558 0 1777797261 950429
43 468 1514 0 1777797261 950505
41 431 7886 0 1777797261 952995
39 515 3481 0 1777797261 953890
43 469 5358 0 1777797261 955864
42 386 11729 0 1777797261 956014
41 432 3729 0 1777797261 956729
43 470 1803 0 1777797261 957675
39 516 4389 0 1777797261 958281
40 441 7861 0 1777797261 958291
42 387 2963 0 1777797261 958978
43 471 2903 0 1777797261 960584
39 517 2925 0 1777797261 961217
42 388 3618 0 1777797261 962598
43 472 4156 0 1777797261 964748
41 433 8051 0 1777797261 964784
40 442 7622 0 1777797261 965926
39 518 4822 0 1777797261 966041
38 399 24145 0 1777797261 970455
39 519 4606 0 1777797261 970649
43 473 7061 0 1777797261 971817
38 400 6487 0 1777797261 976944
42 389 14350 0 1777797261 976953
39 520 7769 0 1777797261 978420
43 474 6611 0 1777797261 978429
41 434 13671 0 1777797261 978456
40 443 14938 0 1777797261 980866
39 521 3863 0 1777797261 982293
40 444 2967 0 1777797261 983836
39 522 2898 0 1777797261 985195
39 523 2512 0 1777797261 987712
43 475 10035 0 1777797261 988476
40 445 6423 0 1777797261 990261
39 524 2606 0 1777797261 990321
43 476 2324 0 1777797261 990805
41 435 19294 0 1777797261 997751
40 446 9751 0 1777797262 14
42 390 26447 0 1777797262 3420
41 436 5735 0 1777797262 3487
39 525 14134 0 1777797262 4457
38 401 28358 0 1777797262 5312
40 447 9790 0 1777797262 9806
41 437 6330 0 1777797262 9818
39 526 5726 0 1777797262 10187
43 477 20924 0 1777797262 11732
43 478 2532 0 1777797262 14265
40 448 6817 0 1777797262 16636
41 438 6987 0 1777797262 16822
43 479 3797 0 1777797262 18065
39 527 9178 0 1777797262 19367
40 449 5180 0 1777797262 21819
42 391 21568 0 1777797262 24993
38 402 25168 0 1777797262 30487
40 450 8830 0 1777797262 30650
41 439 14066 0 1777797262 30889
39 528 11677 0 1777797262 31046
43 480 13165 0 1777797262 31231
42 392 6981 0 1777797262 31978
40 451 6994 0 1777797262 37646
43 481 7743 0 1777797262 38975
38 403 8732 0 1777797262 39227
39 529 8187 0 1777797262 39235
41 440 8350 0 1777797262 39240
42 393 7506 0 1777797262 39527
41 441 2645 0 1777797262 41900
43 482 6762 0 1777797262 45739
41 442 4632 0 1777797262 46542
39 530 7622 0 1777797262 46871
40 452 11220 0 1777797262 48869
42 394 12884 0 1777797262 52413
38 404 13239 0 1777797262 52480
40 453 3626 0 1777797262 52497
41 443 7962 0 1777797262 54508
42 395 2483 0 1777797262 54898
38 405 4286 0 1777797262 56769
39 531 12299 0 1777797262 59172
42 396 6232 0 1777797262 61133
38 406 4590 0 1777797262 61360
39 532 2335 0 1777797262 61511
41 444 7044 0 1777797262 61555
40 454 9399 0 1777797262 61897
43 483 19374 0 1777797262 65122
41 445 4674 0 1777797262 66230
43 484 1822 0 1777797262 66946
39 533 7260 0 1777797262 68772
38 407 9480 0 1777797262 70842
38 408 1967 0 1777797262 72813
42 397 13664 0 1777797262 74803
38 409 2272 0 1777797262 75089
38 410 6172 0 1777797262 81263
40 455 29439 0 1777797262 91338
39 534 23044 0 1777797262 91825
41 446 25598 0 1777797262 91834
43 485 24919 0 1777797262 91867
38 411 11228 0 1777797262 92494
41 447 3382 0 1777797262 95265
42 398 20468 0 1777797262 95273
38 412 13398 0 1777797262 105895
40 456 15207 0 1777797262 106548
40 457 918 0 1777797262 107469
39 535 15980 0 1777797262 107849
38 413 6710 0 1777797262 112612
39 536 6498 0 1777797262 114350
40 458 15248 0 1777797262 122721
43 486 30835 0 1777797262 122729
42 399 27467 0 1777797262 122757
39 537 8464 0 1777797262 122817
41 448 44023 0 1777797262 139297
38 414 26807 0 1777797262 139423
39 538 18171 0 1777797262 140990
42 400 19255 0 1777797262 142014
43 487 33716 0 1777797262 156459
38 415 17681 0 1777797262 157106
38 416 625 0 1777797262 157734
38 417 4153 0 1777797262 161889
43 488 5772 0 1777797262 162233
43 489 3752 0 1777797262 165988
42 401 25408 0 1777797262 167428
38 418 5734 0 1777797262 167625
39 539 27630 0 1777797262 168623
43 490 4562 0 1777797262 170555
38 419 6697 0 1777797262 174324
43 491 5221 0 1777797262 175778
38 420 1706 0 1777797262 176034
39 540 8740 0 1777797262 177366
39 541 969 0 1777797262 178339
40 459 60040 0 1777797262 182770
43 492 7215 0 1777797262 182998
38 421 7102 0 1777797262 183139
39 542 6989 0 1777797262 185329
42 402 20989 0 1777797262 188441
40 460 6324 0 1777797262 189096
38 422 7065 0 1777797262 190206
42 403 2761 0 1777797262 191204
38 423 1350 0 1777797262 191558
43 493 9177 0 1777797262 192178
40 461 3974 0 1777797262 193073
38 424 1905 0 1777797262 193465
41 449 56870 0 1777797262 196170
39 543 11030 0 1777797262 196361
38 425 2924 0 1777797262 196392
40 462 3330 0 1777797262 196408
40 463 18055 0 1777797262 214463
38 426 18246 0 1777797262 214639
39 544 18715 0 1777797262 215079
43 494 23088 0 1777797262 215269
41 450 19243 0 1777797262 215415
42 404 29327 0 1777797262 220533
43 495 7257 0 1777797262 222528
41 451 8119 0 1777797262 223536
42 405 7238 0 1777797262 227773
40 464 16733 0 1777797262 231198
41 452 10731 0 1777797262 234269
38 427 21387 0 1777797262 236027
40 465 5501 0 1777797262 236702
39 545 28109 0 1777797262 243190
41 453 9161 0 1777797262 243432
42 406 15866 0 1777797262 243643
43 496 21999 0 1777797262 244530
38 428 12419 0 1777797262 248448
42 407 8701 0 1777797262 252346
39 546 11281 0 1777797262 254473
43 497 11115 0 1777797262 255647
41 454 12325 0 1777797262 255758
42 408 4789 0 1777797262 257143
43 498 3469 0 1777797262 259118
38 429 17525 0 1777797262 265976
39 547 11503 0 1777797262 265986
42 409 8851 0 1777797262 265996
41 455 10279 0 1777797262 266040
40 466 36482 0 1777797262 273194
38 430 8135 0 1777797262 274132
42 410 10984 0 1777797262 277000
40 467 5697 0 1777797262 278893
43 499 21813 0 1777797262 280933
38 431 7113 0 1777797262 281247
39 548 15252 0 1777797262 281259
42 411 4257 0 1777797262 281266
41 456 20057 0 1777797262 286099
38 432 4857 0 1777797262 286125
39 549 6943 0 1777797262 288223
43 500 7300 0 1777797262 288238
40 468 11868 0 1777797262 290764
42 412 14309 0 1777797262 295597
38 433 12286 0 1777797262 298413
39 550 10183 0 1777797262 298422
41 457 12449 0 1777797262 298550
43 501 10314 0 1777797262 298558
40 469 16448 0 1777797262 307221
43 502 8589 0 1777797262 307232
38 434 17012 0 1777797262 315571
41 458 17029 0 1777797262 315604
42 413 20016 0 1777797262 315615
39 551 18940 0 1777797262 317508
40 470 10279 0 1777797262 317512
38 435 5573 0 1777797262 321189
41 459 5618 0 1777797262 321256
43 503 14128 0 1777797262 321382
42 414 9231 0 1777797262 324886
39 552 12775 0 1777797262 330287
38 436 11442 0 1777797262 332827
41 460 11324 0 1777797262 332834
43 504 11317 0 1777797262 332839
40 471 15360 0 1777797262 332877
42 415 9528 0 1777797262 334419
38 437 7099 0 1777797262 339939
39 553 9662 0 1777797262 339951
41 461 7110 0 1777797262 339959
43 505 7102 0 1777797262 339965
40 472 7122 0 1777797262 340000
43 506 8182 0 1777797262 348170
41 462 10323 0 1777797262 350304
38 438 14261 0 1777797262 354227
42 416 19819 0 1777797262 354244
41 463 5925 0 1777797262 356232
40 473 19588 0 1777797262 359589
39 554 21477 0 1777797262 361452
38 439 17211 0 1777797262 371456
41 464 15228 0 1777797262 371462
42 417 17209 0 1777797262 371466
43 507 23292 0 1777797262 371469
40 474 13911 0 1777797262 373513
39 555 12535 0 1777797262 373989
38 440 8620 0 1777797262 380089
42 418 8618 0 1777797262 380098
43 508 8621 0 1777797262 380105
39 556 12243 0 1777797262 386237
40 475 12726 0 1777797262 386240
38 441 8813 0 1777797262 388918
42 419 8805 0 1777797262 388922
43 509 8801 0 1777797262 388926
39 557 7353 0 1777797262 393594
41 465 22124 0 1777797262 393599
38 442 7311 0 1777797262 396238
42 420 7374 0 1777797262 396307
43 510 7379 0 1777797262 396316
40 476 13308 0 1777797262 399724
41 466 8446 0 1777797262 402051
39 558 20247 0 1777797262 413846
38 443 22727 0 1777797262 419044
42 421 30482 0 1777797262 426815
41 467 26980 0 1777797262 429034
39 559 16237 0 1777797262 430086
42 422 9556 0 1777797262 436373
42 423 1146 0 1777797262 437522
43 511 43546 0 1777797262 439889
38 444 26414 0 1777797262 445459
41 468 16429 0 1777797262 445467
42 424 7946 0 1777797262 445473
38 445 2356 0 1777797262 447830
42 425 6961 0 1777797262 452449
41 469 8781 0 1777797262 454263
43 512 14381 0 1777797262 454272
38 446 8203 0 1777797262 456036
40 477 56314 0 1777797262 456044
39 560 28808 0 1777797262 458900
40 478 3970 0 1777797262 460028
39 561 3428 0 1777797262 462331
41 470 9448 0 1777797262 463721
39 562 2134 0 1777797262 464471
39 563 2391 0 1777797262 466865
41 471 5063 0 1777797262 468786
40 479 8881 0 1777797262 468910
43 513 15495 0 1777797262 469784
43 514 3654 0 1777797262 473444
39 564 6945 0 1777797262 473813
43 515 1465 0 1777797262 474911
39 565 2202 0 1777797262 476017
39 566 2542 0 1777797262 478563
43 516 3661 0 1777797262 478574
42 426 26715 0 1777797262 479166
38 447 24109 0 1777797262 480155
38 448 5575 0 1777797262 485732
39 567 7171 0 1777797262 485746
40 480 16841 0 1777797262 485753
42 427 6591 0 1777797262 485758
43 517 7177 0 1777797262 485763
38 449 2177 0 1777797262 487941
39 568 9619 0 1777797262 495394
40 481 9626 0 1777797262 495409
43 518 9618 0 1777797262 495417
38 450 7895 0 1777797262 495838
42 428 10051 0 1777797262 495844
40 482 2791 0 1777797262 498217
43 519 2794 0 1777797262 498226
40 483 2135 0 1777797262 500362
43 520 2357 0 1777797262 500594
40 484 4153 0 1777797262 504516
43 521 4684 0 1777797262 505279
40 485 2552 0 1777797262 507070
43 522 8157 0 1777797262 513437
38 451 18581 0 1777797262 514426
41 472 47026 0 1777797262 515817
38 452 15727 0 1777797262 530156
39 569 34761 0 1777797262 530179
40 486 23123 0 1777797262 530195
41 473 14474 0 1777797262 530293
42 429 34445 0 1777797262 530302
43 523 16870 0 1777797262 530309
40 487 5481 0 1777797262 535820
41 474 5485 0 1777797262 535831
42 430 5483 0 1777797262 535837
43 524 5478 0 1777797262 535843
38 453 7375 0 1777797262 537686
42 431 5131 0 1777797262 540990
43 525 5140 0 1777797262 541006
38 454 6497 0 1777797262 544185
41 475 9776 0 1777797262 545629
42 432 6331 0 1777797262 547339
38 455 10623 0 1777797262 554810
40 488 18976 0 1777797262 554819
41 476 9196 0 1777797262 554826
42 433 7523 0 1777797262 554865
43 526 13845 0 1777797262 554871
38 456 8238 0 1777797262 563110
39 570 32791 0 1777797262 563120
40 489 8247 0 1777797262 563127
41 477 8245 0 1777797262 563133
42 434 8224 0 1777797262 563141
43 527 8154 0 1777797262 563147
38 457 5786 0 1777797262 568934
40 490 5775 0 1777797262 568942
42 435 5761 0 1777797262 568946
41 478 6574 0 1777797262 569748
39 571 14526 0 1777797262 577684
40 491 8736 0 1777797262 577690
41 479 7944 0 1777797262 577694
42 436 8738 0 1777797262 577698
43 528 14510 0 1777797262 577701
38 458 11724 0 1777797262 580670
41 480 2973 0 1777797262 580688
42 437 2976 0 1777797262 580698
39 572 4547 0 1777797262 582249
40 492 7330 0 1777797262 585041
42 438 4327 0 1777797262 585056
43 529 7336 0 1777797262 585063
42 439 4984 0 1777797262 590066
43 530 4986 0 1777797262 590076
39 573 8139 0 1777797262 590391
41 481 9679 0 1777797262 590398
38 459 11090 0 1777797262 591789
40 493 9755 0 1777797262 594819
39 574 17407 0 1777797262 607806
41 482 17393 0 1777797262 607811
38 460 16586 0 1777797262 608376
41 483 7530 0 1777797262 615348
42 440 25218 0 1777797262 615352
38 461 12626 0 1777797262 621002
39 575 13198 0 1777797262 621010
40 494 26190 0 1777797262 621017
41 484 5672 0 1777797262 621024
42 441 5671 0 1777797262 621029
43 531 30891 0 1777797262 621035
39 576 6057 0 1777797262 627105
43 532 6033 0 1777797262 627109
42 442 7610 0 1777797262 628679
38 462 9847 0 1777797262 630883
40 495 9832 0 1777797262 630887
40 496 4392 0 1777797262 635288
41 485 14256 0 1777797262 635318
42 443 6646 0 1777797262 635326
39 577 16494 0 1777797262 643603
40 497 8280 0 1777797262 643607
42 444 8255 0 1777797262 643611
43 533 16499 0 1777797262 643614
38 463 16106 0 1777797262 646995
41 486 11652 0 1777797262 646999
41 487 4276 0 1777797262 651283
43 534 10640 0 1777797262 654267
39 578 10672 0 1777797262 654286
40 498 10718 0 1777797262 654338
42 445 14975 0 1777797262 658600
39 579 6814 0 1777797262 661101
39 580 5605 0 1777797262 666714
40 499 17041 0 1777797262 671383
38 464 34311 0 1777797262 681310
39 581 15515 0 1777797262 682230
39 582 10041 0 1777797262 692273
41 488 43101 0 1777797262 694386
39 583 6507 0 1777797262 698781
42 446 40672 0 1777797262 699274
39 584 10966 0 1777797262 709748
42 447 18843 0 1777797262 718118
39 585 9294 0 1777797262 719043
41 489 26669 0 1777797262 721056
39 586 9964 0 1777797262 729009
43 535 77267 0 1777797262 731537
42 448 35291 0 1777797262 753412
43 536 25354 0 1777797262 756896
40 500 102623 0 1777797262 774007
42 449 20614 0 1777797262 774026
38 465 94255 0 1777797262 775566
39 587 46559 0 1777797262 775569
41 490 54516 0 1777797262 775573
43 537 18679 0 1777797262 775576
42 450 6617 0 1777797262 780665
40 501 12695 0 1777797262 786723
38 466 12859 0 1777797262 788435
39 588 12858 0 1777797262 788439
41 491 12856 0 1777797262 788444
43 538 13147 0 1777797262 788740
40 502 4689 0 1777797262 791414
41 492 4184 0 1777797262 792637
38 467 5711 0 1777797262 794155
38 468 6831 0 1777797262 800987
40 503 9578 0 1777797262 800994
43 539 12257 0 1777797262 800998
39 589 14396 0 1777797262 802844
42 451 22181 0 1777797262 802848
41 493 12783 0 1777797262 805421
38 469 4439 0 1777797262 805438
40 504 8755 0 1777797262 809764
43 540 8754 0 1777797262 809768
39 590 16015 0 1777797262 818864
42 452 16023 0 1777797262 818876
40 505 14146 0 1777797262 823915
41 494 18563 0 1777797262 823986
43 541 18305 0 1777797262 828078
38 470 23740 0 1777797262 829178
39 591 12077 0 1777797262 830953
42 453 15675 0 1777797262 834631
41 495 11659 0 1777797262 835658
43 542 7582 0 1777797262 835661
40 506 13896 0 1777797262 837884
38 471 12380 0 1777797262 841559
42 454 7834 0 1777797262 842467
39 592 12009 0 1777797262 842967
38 472 12091 0 1777797262 853651
39 593 10690 0 1777797262 853658
40 507 15777 0 1777797262 853663
41 496 18006 0 1777797262 853668
42 455 11203 0 1777797262 853671
43 543 17662 0 1777797262 853675
43 544 8838 0 1777797262 862542
40 508 12748 0 1777797262 866438
42 456 16017 0 1777797262 869718
43 545 7193 0 1777797262 869736
38 473 21252 0 1777797262 874928
39 594 21320 0 1777797262 875004
40 509 8579 0 1777797262 875019
41 497 23932 0 1777797262 877627
42 457 9446 0 1777797262 879187
43 546 9200 0 1777797262 880206
40 510 12293 0 1777797262 887343
41 498 11086 0 1777797262 888715
39 595 14564 0 1777797262 889606
42 458 10421 0 1777797262 889609
38 474 15868 0 1777797262 890889
43 547 10720 0 1777797262 890927
40 511 6117 0 1777797262 893461
41 499 8119 0 1777797262 896836
39 596 9713 0 1777797262 899322
42 459 10148 0 1777797262 899763
38 475 11783 0 1777797262 902680
42 460 5730 0 1777797262 905494
41 500 14885 0 1777797262 911721
38 476 9052 0 1777797262 911733
39 597 13391 0 1777797262 912713
43 548 21787 0 1777797262 912716
40 512 21082 0 1777797262 914545
42 461 9420 0 1777797262 914915
38 477 10388 0 1777797262 922121
41 501 10406 0 1777797262 922128
39 598 9429 0 1777797262 922145
40 513 11558 0 1777797262 926105
43 549 13413 0 1777797262 926134
42 462 12999 0 1777797262 927915
38 478 16907 0 1777797262 939035
39 599 16894 0 1777797262 939040
40 514 12908 0 1777797262 939044
41 502 16914 0 1777797262 939049
42 463 11136 0 1777797262 939052
43 550 12889 0 1777797262 939056
41 503 5953 0 1777797262 945023
38 479 6923 0 1777797262 945980
43 551 6907 0 1777797262 945985
39 600 6942 0 1777797262 946004
40 515 6941 0 1777797262 946007
42 464 6947 0 1777797262 946021
38 480 11294 0 1777797262 957279
39 601 11278 0 1777797262 957286
40 516 11291 0 1777797262 957305
41 504 12288 0 1777797262 957312
43 552 11328 0 1777797262 957318
42 465 11342 0 1777797262 957365
38 481 9235 0 1777797262 966554
39 602 9234 0 1777797262 966561
40 517 9232 0 1777797262 966567
41 505 9231 0 1777797262 966573
42 466 9214 0 1777797262 966580
43 553 9236 0 1777797262 966585
38 482 7726 0 1777797262 974312
40 518 7724 0 1777797262 974324
42 467 8445 0 1777797262 975096
39 603 11556 0 1777797262 978151
41 506 11601 0 1777797262 978238
38 483 6240 0 1777797262 980566
43 554 13919 0 1777797262 980587
40 519 11686 0 1777797262 986035
42 468 10972 0 1777797262 986069
43 555 7940 0 1777797262 988554
39 604 11129 0 1777797262 989282
41 507 11047 0 1777797262 989286
38 484 10162 0 1777797262 990750
39 605 8796 0 1777797262 998083
40 520 12020 0 1777797262 998091
41 508 8807 0 1777797262 998099
42 469 12015 0 1777797262 998105
43 556 9553 0 1777797262 998109
38 485 7974 0 1777797262 998725
39 606 6956 0 1777797263 5066
41 509 6936 0 1777797263 5072
42 470 6933 0 1777797263 5075
43 557 6928 0 1777797263 5078
40 521 7229 0 1777797263 5357
38 486 7321 0 1777797263 6049
40 522 5597 0 1777797263 10956
42 471 5873 0 1777797263 10963
39 607 6139 0 1777797263 11217
41 510 6252 0 1777797263 11339
43 558 6252 0 1777797263 11346
38 487 8973 0 1777797263 15027
42 472 4072 0 1777797263 15044
38 488 7092 0 1777797263 22138
39 608 10937 0 1777797263 22156
40 523 11201 0 1777797263 22164
41 511 10822 0 1777797263 22169
43 559 10813 0 1777797263 22176
42 473 8023 0 1777797263 23098
38 489 2360 0 1777797263 24537
41 512 2282 0 1777797263 24546
39 609 2797 0 1777797263 25041
40 524 6270 0 1777797263 28528
43 560 6276 0 1777797263 28546
38 490 8747 0 1777797263 33294
39 610 8257 0 1777797263 33302
41 513 8752 0 1777797263 33309
42 474 14706 0 1777797263 37808
43 561 9730 0 1777797263 38314
40 525 9921 0 1777797263 38468
38 491 8159 0 1777797263 41469
41 514 10473 0 1777797263 43799
38 492 5045 0 1777797263 46516
39 611 13203 0 1777797263 46522
40 526 8059 0 1777797263 46528
42 475 8726 0 1777797263 46535
41 515 6110 0 1777797263 49913
38 493 5728 0 1777797263 52263
42 476 9166 0 1777797263 55724
39 612 12052 0 1777797263 58596
41 516 8685 0 1777797263 58604
43 562 20293 0 1777797263 58609
38 494 6910 0 1777797263 59175
40 527 12650 0 1777797263 59201
38 495 4114 0 1777797263 63294
41 517 4671 0 1777797263 63323
40 528 6768 0 1777797263 65970
42 477 10261 0 1777797263 65990
43 563 8306 0 1777797263 66967
41 518 3974 0 1777797263 67299
40 529 4838 0 1777797263 70829
43 564 6022 0 1777797263 72991
42 478 7333 0 1777797263 73334
41 519 12090 0 1777797263 79391
40 530 8709 0 1777797263 79546
38 496 17769 0 1777797263 81070
42 479 8752 0 1777797263 82088
41 520 8282 0 1777797263 87676
42 480 5601 0 1777797263 87691
38 497 8687 0 1777797263 89820
41 521 2164 0 1777797263 89856
42 481 5182 0 1777797263 92890
41 522 13314 0 1777797263 103185
38 498 16099 0 1777797263 105956
39 613 55202 0 1777797263 113812
40 531 34273 0 1777797263 113821
43 565 40831 0 1777797263 113827
42 482 22722 0 1777797263 115614
41 523 15879 0 1777797263 119073
39 614 6088 0 1777797263 119915
40 532 21240 0 1777797263 135080
43 566 21240 0 1777797263 135087
38 499 30309 0 1777797263 136268
42 483 20875 0 1777797263 136491
39 615 16627 0 1777797263 136545
41 524 17470 0 1777797263 136552
38 500 9528 0 1777797263 145797
40 533 10713 0 1777797263 145801
41 525 9242 0 1777797263 145804
42 484 9316 0 1777797263 145808
43 567 10716 0 1777797263 145812
39 616 21094 0 1777797263 157647
38 501 17210 0 1777797263 163022
40 534 17213 0 1777797263 163030
41 526 17214 0 1777797263 163035
42 485 17216 0 1777797263 163041
43 568 17219 0 1777797263 163047
39 617 6681 0 1777797263 164330
38 502 7994 0 1777797263 171042
43 569 7926 0 1777797263 171052
41 527 8603 0 1777797263 171717
42 486 9444 0 1777797263 172565
40 535 9609 0 1777797263 172708
39 618 13947 0 1777797263 178280
40 536 5582 0 1777797263 178292
41 528 6581 0 1777797263 178300
42 487 5736 0 1777797263 178307
38 503 7721 0 1777797263 178774
43 570 11654 0 1777797263 182716
40 537 10218 0 1777797263 188542
41 529 10217 0 1777797263 188548
43 571 5837 0 1777797263 188555
42 488 10248 0 1777797263 188587
38 504 10449 0 1777797263 189225
39 619 11747 0 1777797263 190057
39 620 7514 0 1777797263 197572
40 538 9372 0 1777797263 197928
41 530 9379 0 1777797263 197944
42 489 9362 0 1777797263 197950
38 505 9616 0 1777797263 198842
43 572 10617 0 1777797263 199190
38 506 7891 0 1777797263 206735
39 621 9234 0 1777797263 206814
40 539 8893 0 1777797263 206823
43 573 7647 0 1777797263 206838
41 531 11646 0 1777797263 209597
42 490 14033 0 1777797263 211995
43 574 5356 0 1777797263 212227
39 622 8305 0 1777797263 215155
41 532 5560 0 1777797263 215161
38 507 9809 0 1777797263 216648
40 540 9793 0 1777797263 216655
41 533 5851 0 1777797263 221027
43 575 8870 0 1777797263 221098
39 623 6662 0 1777797263 221825
42 491 9841 0 1777797263 221837
38 508 5740 0 1777797263 222396
40 541 5984 0 1777797263 222655
41 534 9744 0 1777797263 230844
42 492 9013 0 1777797263 230860
40 542 9213 0 1777797263 231870
43 576 10768 0 1777797263 231878
39 624 10695 0 1777797263 232533
38 509 12043 0 1777797263 234442
42 493 7498 0 1777797263 238369
41 535 9002 0 1777797263 239864
38 510 6243 0 1777797263 240687
40 543 8841 0 1777797263 240720
43 577 8830 0 1777797263 240727
39 625 10181 0 1777797263 242716
43 578 5286 0 1777797263 246040
41 536 6445 0 1777797263 246311
42 494 8871 0 1777797263 247244
38 511 6862 0 1777797263 247590
40 544 7331 0 1777797263 248078
39 626 5820 0 1777797263 248538
41 537 8787 0 1777797263 255100
43 579 9066 0 1777797263 255108
38 512 9109 0 1777797263 256701
40 545 8629 0 1777797263 256709
42 495 9469 0 1777797263 256714
39 627 11899 0 1777797263 260441
41 538 5342 0 1777797263 260451
43 580 7318 0 1777797263 262437
41 539 3417 0 1777797263 263890
42 496 7148 0 1777797263 263899
39 628 4294 0 1777797263 264746
40 546 8011 0 1777797263 264752
43 581 3778 0 1777797263 266218
38 513 9775 0 1777797263 266490
39 629 6639 0 1777797263 271394
40 547 8229 0 1777797263 272991
38 514 8032 0 1777797263 274523
42 497 10751 0 1777797263 274661
39 630 5573 0 1777797263 276969
41 540 13079 0 1777797263 276978
43 582 10760 0 1777797263 276984
42 498 4921 0 1777797263 279584
38 515 5721 0 1777797263 280247
40 548 7766 0 1777797263 280761
43 583 4306 0 1777797263 281305
39 631 10611 0 1777797263 287596
40 549 6841 0 1777797263 287604
41 541 13463 0 1777797263 290456
42 499 12719 0 1777797263 292305
38 516 12240 0 1777797263 292490
40 550 4892 0 1777797263 292508
43 584 11207 0 1777797263 292514
39 632 6072 0 1777797263 293677
39 633 5800 0 1777797263 299479
38 517 7697 0 1777797263 300212
42 500 56436 0 1777797263 348747
39 634 49862 0 1777797263 349343
38 518 54778 0 1777797263 354994
40 551 62471 0 1777797263 355012
41 542 64556 0 1777797263 355019
43 585 62473 0 1777797263 355026
39 635 5710 0 1777797263 355106
42 501 7751 0 1777797263 356499
39 636 8246 0 1777797263 363353
38 519 14194 0 1777797263 369220
41 543 14175 0 1777797263 369232
43 586 14197 0 1777797263 369262
40 552 14231 0 1777797263 369278
39 637 7375 0 1777797263 370735
42 502 17630 0 1777797263 374131
40 553 5438 0 1777797263 374718
39 638 4495 0 1777797263 375238
41 544 7707 0 1777797263 376952
43 587 8998 0 1777797263 378261
38 520 19460 0 1777797263 388693
39 639 13457 0 1777797263 388700
40 554 13988 0 1777797263 388707
41 545 11758 0 1777797263 388712
42 503 14585 0 1777797263 388718
43 588 10461 0 1777797263 388724
39 640 6356 0 1777797263 395090
40 555 6356 0 1777797263 395099
38 521 17586 0 1777797263 406311
41 546 17567 0 1777797263 406317
43 589 17558 0 1777797263 406322
39 641 12631 0 1777797263 407732
40 556 12731 0 1777797263 407856
40 557 4566 0 1777797263 412424
38 522 9554 0 1777797263 415877
41 547 9553 0 1777797263 415885
42 504 27141 0 1777797263 415898
43 590 9568 0 1777797263 415907
40 558 5936 0 1777797263 418362
39 642 11249 0 1777797263 418986
41 548 9147 0 1777797263 425128
39 643 9394 0 1777797263 428384
40 559 10029 0 1777797263 428393
42 505 13286 0 1777797263 429291
38 523 15185 0 1777797263 431093
43 591 15079 0 1777797263 431101
38 524 7387 0 1777797263 438489
40 560 10111 0 1777797263 438514
43 592 7396 0 1777797263 438521
39 644 11189 0 1777797263 439584
42 506 10884 0 1777797263 440178
39 645 1795 0 1777797263 441383
42 507 3627 0 1777797263 443807
39 646 3312 0 1777797263 444700
40 561 6992 0 1777797263 445528
38 525 8203 0 1777797263 446725
41 549 21599 0 1777797263 446732
43 593 8195 0 1777797263 446740
40 562 7300 0 1777797263 452832
40 563 12963 0 1777797263 465797
40 564 10019 0 1777797263 475820
38 526 31223 0 1777797263 477963
40 565 2145 0 1777797263 477969
43 594 31218 0 1777797263 477976
43 595 1614 0 1777797263 479643
38 527 2460 0 1777797263 480437
43 596 1119 0 1777797263 480763
38 528 1450 0 1777797263 481908
40 566 3936 0 1777797263 481925
43 597 1168 0 1777797263 481934
43 598 897 0 1777797263 482851
38 529 1399 0 1777797263 483334
43 599 817 0 1777797263 483670
40 567 3297 0 1777797263 485243
40 568 4230 0 1777797263 489477
43 600 6212 0 1777797263 489886
38 530 6991 0 1777797263 490330
43 601 2902 0 1777797263 492790
40 569 3399 0 1777797263 492878
38 531 4837 0 1777797263 495169
39 647 52552 0 1777797263 497256
43 602 4482 0 1777797263 497275
40 570 12692 0 1777797263 505572
42 508 61778 0 1777797263 505587
38 532 11561 0 1777797263 506732
41 550 59988 0 1777797263 506739
41 551 5195 0 1777797263 511946
42 509 6340 0 1777797263 511955
38 533 5782 0 1777797263 512522
40 571 18427 0 1777797263 524015
43 603 26739 0 1777797263 524030
39 648 27712 0 1777797263 524988
43 604 3945 0 1777797263 527991
39 649 8604 0 1777797263 533597
40 572 12181 0 1777797263 536212
41 552 24272 0 1777797263 536228
38 534 24097 0 1777797263 536622
42 510 24664 0 1777797263 536630
43 605 9479 0 1777797263 537477
42 511 4193 0 1777797263 540835
43 606 5431 0 1777797263 542913
39 650 10051 0 1777797263 543649
41 553 7941 0 1777797263 544181
38 535 10024 0 1777797263 546656
41 554 3702 0 1777797263 547885
42 512 8000 0 1777797263 548838
38 536 7463 0 1777797263 554123
41 555 6255 0 1777797263 554143
42 513 5308 0 1777797263 554150
43 607 11252 0 1777797263 554166
39 651 12819 0 1777797263 556475
39 652 4531 0 1777797263 561015
42 514 8767 0 1777797263 562960
41 556 11136 0 1777797263 565319
42 515 3783 0 1777797263 566744
40 573 35041 0 1777797263 571271
41 557 5963 0 1777797263 571285
42 516 4522 0 1777797263 571292
41 558 2902 0 1777797263 574212
41 559 2891 0 1777797263 577110
42 517 5803 0 1777797263 577122
38 537 24481 0 1777797263 578649
43 608 25242 0 1777797263 579443
41 560 2795 0 1777797263 579918
39 653 20420 0 1777797263 581440
41 561 2718 0 1777797263 582637
42 518 6310 0 1777797263 583551
42 519 4153 0 1777797263 587705
38 538 12790 0 1777797263 591441
41 562 8967 0 1777797263 591608
38 539 1494 0 1777797263 593073
42 520 5372 0 1777797263 593081
39 654 17334 0 1777797263 598776
43 609 19354 0 1777797263 598799
38 540 6684 0 1777797263 599766
41 563 8164 0 1777797263 599773
42 521 6699 0 1777797263 599804
39 655 5444 0 1777797263 604245
43 610 5437 0 1777797263 604260
39 656 2320 0 1777797263 606581
38 541 7052 0 1777797263 606858
38 542 1614 0 1777797263 608474
39 657 6530 0 1777797263 613126
43 611 8854 0 1777797263 613134
38 543 9033 0 1777797263 617511
40 574 46249 0 1777797263 617543
41 564 17734 0 1777797263 617550
42 522 17724 0 1777797263 617555
43 612 4406 0 1777797263 617560
39 658 4982 0 1777797263 618116
42 523 2514 0 1777797263 620093
39 659 3915 0 1777797263 622033
42 524 2205 0 1777797263 622300
39 660 943 0 1777797263 622979
38 544 7887 0 1777797263 625447
39 661 3566 0 1777797263 626547
42 525 7734 0 1777797263 630035
42 526 923 0 1777797263 630960
38 545 7267 0 1777797263 632717
42 527 5500 0 1777797263 636463
38 546 5321 0 1777797263 638041
41 565 22639 0 1777797263 640213
43 613 23255 0 1777797263 640838
42 528 4481 0 1777797263 640947
42 529 1574 0 1777797263 642524
42 530 2267 0 1777797263 644805
38 547 7349 0 1777797263 645397
42 531 1887 0 1777797263 646695
39 662 22265 0 1777797263 648815
40 575 31423 0 1777797263 648992
41 566 8890 0 1777797263 649107
43 614 8919 0 1777797263 649758
39 663 1643 0 1777797263 650460
40 576 3474 0 1777797263 652469
38 548 16822 0 1777797263 662221
41 567 13121 0 1777797263 662229
39 664 12321 0 1777797263 662783
42 532 16095 0 1777797263 662792
41 568 5738 0 1777797263 667979
38 549 7912 0 1777797263 670142
42 533 7693 0 1777797263 670500
43 615 21763 0 1777797263 671524
40 577 21181 0 1777797263 673654
41 569 7571 0 1777797263 675552
41 570 2997 0 1777797263 678550
42 534 9236 0 1777797263 679738
38 550 12986 0 1777797263 683137
40 578 9488 0 1777797263 683146
42 535 3420 0 1777797263 683160
43 616 12193 0 1777797263 683721
41 571 6361 0 1777797263 684914
42 536 7767 0 1777797263 690950
41 572 6128 0 1777797263 691050
40 579 9458 0 1777797263 692631
40 580 6499 0 1777797263 699132
42 537 8193 0 1777797263 699145
40 581 1396 0 1777797263 700542
38 551 19346 0 1777797263 702508
38 552 7690 0 1777797263 710206
42 538 11065 0 1777797263 710223
43 617 26505 0 1777797263 710228
40 582 13252 0 1777797263 713796
41 573 22752 0 1777797263 713803
43 618 3554 0 1777797263 713808
42 539 5655 0 1777797263 715902
42 540 2949 0 1777797263 718852
39 665 56251 0 1777797263 719044
40 583 5410 0 1777797263 719219
39 666 3902 0 1777797263 722948
40 584 39309 0 1777797263 758529
41 574 44711 0 1777797263 758538
43 619 44708 0 1777797263 758544
38 553 48873 0 1777797263 759102
42 541 40256 0 1777797263 759109
39 667 37804 0 1777797263 760753
39 668 3514 0 1777797263 764269
38 554 14588 0 1777797263 773699
39 669 9541 0 1777797263 773813
42 542 16828 0 1777797263 775947
38 555 6023 0 1777797263 779838
39 670 6014 0 1777797263 779846
40 585 21307 0 1777797263 779852
41 575 21303 0 1777797263 779858
43 620 21301 0 1777797263 779864
42 543 5262 0 1777797263 781237
38 556 8089 0 1777797263 787954
40 586 8079 0 1777797263 787960
43 621 8072 0 1777797263 787966
41 576 9803 0 1777797263 789690
39 671 16215 0 1777797263 796088
42 544 14855 0 1777797263 796094
43 622 8117 0 1777797263 796098
38 557 13272 0 1777797263 801239
40 587 13277 0 1777797263 801251
41 577 15463 0 1777797263 805155
42 545 10041 0 1777797263 806145
43 623 10042 0 1777797263 806151
39 672 14060 0 1777797263 810159
40 588 10486 0 1777797263 812351
41 578 10768 0 1777797263 815926
42 546 9789 0 1777797263 815941
43 624 9787 0 1777797263 815948
39 673 7328 0 1777797263 817489
38 558 21156 0 1777797263 822409
40 589 10075 0 1777797263 822428
39 674 8218 0 1777797263 825710
41 579 9769 0 1777797263 825718
42 547 9683 0 1777797263 825727
43 625 9673 0 1777797263 825734
38 559 3821 0 1777797263 826251
40 590 3794 0 1777797263 826257
43 626 7207 0 1777797263 832978
40 591 9383 0 1777797263 835648
42 548 9927 0 1777797263 835681
38 560 11710 0 1777797263 837968
39 675 12241 0 1777797263 837976
41 580 12286 0 1777797263 838031
43 627 5056 0 1777797263 838037
40 592 6097 0 1777797263 841779
42 549 6093 0 1777797263 841788
43 628 6014 0 1777797263 844075
38 561 6349 0 1777797263 844387
41 581 6758 0 1777797263 844812
40 593 7877 0 1777797263 849666
38 562 9338 0 1777797263 853728
41 582 8922 0 1777797263 853738
43 629 9668 0 1777797263 853745
39 676 17111 0 1777797263 855158
40 594 5498 0 1777797263 855166
42 550 13369 0 1777797263 855172
38 563 3412 0 1777797263 857157
41 583 6314 0 1777797263 860071
42 551 6356 0 1777797263 861547
43 630 7791 0 1777797263 861554
40 595 7371 0 1777797263 862555
38 564 9668 0 1777797263 866827
38 565 4174 0 1777797263 871005
39 677 15842 0 1777797263 871015
40 596 8466 0 1777797263 871022
41 584 10961 0 1777797263 871037
42 552 9494 0 1777797263 871048
43 631 9489 0 1777797263 871054
39 678 5447 0 1777797263 876515
40 597 5446 0 1777797263 876523
41 585 6028 0 1777797263 877119
38 566 6888 0 1777797263 877944
42 553 11157 0 1777797263 882258
43 632 11666 0 1777797263 882774
38 567 4982 0 1777797263 882928
40 598 10067 0 1777797263 886610
39 679 11322 0 1777797263 887846
41 586 10733 0 1777797263 887854
42 554 5676 0 1777797263 887936
38 568 6191 0 1777797263 889120
43 633 6443 0 1777797263 889219
39 680 7861 0 1777797263 895799
40 599 9000 0 1777797263 895806
41 587 7886 0 1777797263 895834
42 555 8473 0 1777797263 896430
38 569 7479 0 1777797263 896601
43 634 7765 0 1777797263 896985
38 570 6068 0 1777797263 902671
40 600 6860 0 1777797263 902678
43 635 7873 0 1777797263 904859
39 681 9171 0 1777797263 904979
42 556 9210 0 1777797263 905641
39 682 2503 0 1777797263 907484
41 588 11804 0 1777797263 907639
38 571 8729 0 1777797263 911409
40 601 9329 0 1777797263 912016
42 557 7688 0 1777797263 913335
38 572 2461 0 1777797263 913872
40 602 2343 0 1777797263 914361
39 683 7360 0 1777797263 914847
42 558 2853 0 1777797263 916190
40 603 2430 0 1777797263 916792
38 573 4590 0 1777797263 918465
41 589 10843 0 1777797263 918484
40 604 2359 0 1777797263 919157
39 684 4658 0 1777797263 919506
39 685 1208 0 1777797263 920717
40 605 1894 0 1777797263 921055
39 686 1411 0 1777797263 922133
38 574 4873 0 1777797263 923358
40 606 2314 0 1777797263 923371
38 575 1764 0 1777797263 925136
39 687 3178 0 1777797263 925313
39 688 1649 0 1777797263 926964
40 607 3696 0 1777797263 927078
41 590 9250 0 1777797263 927744
41 591 2091 0 1777797263 929839
42 559 13949 0 1777797263 930141
43 636 27908 0 1777797263 932769
42 560 3086 0 1777797263 933229
38 576 10184 0 1777797263 935323
39 689 8364 0 1777797263 935331
40 608 8257 0 1777797263 935337
41 592 5499 0 1777797263 935342
43 637 7146 0 1777797263 939918
41 593 5168 0 1777797263 940536
40 609 23382 0 1777797263 958742
43 638 20531 0 1777797263 960451
38 577 29412 0 1777797263 964755
39 690 29412 0 1777797263 964765
40 610 6065 0 1777797263 964809
41 594 27080 0 1777797263 967619
39 691 4571 0 1777797263 969347
40 611 5667 0 1777797263 970477
38 578 5798 0 1777797263 970564
41 595 4597 0 1777797263 972218
40 612 51645 0 1777797264 22125
43 639 61678 0 1777797264 22131
39 692 53438 0 1777797264 22788
38 579 52466 0 1777797264 23032
41 596 52680 0 1777797264 24903
38 580 5636 0 1777797264 28670
43 640 6540 0 1777797264 28681
40 613 6791 0 1777797264 28923
39 693 8062 0 1777797264 30853
42 561 97662 0 1777797264 30895
38 581 8709 0 1777797264 37391
39 694 6534 0 1777797264 37395
40 614 8474 0 1777797264 37399
42 562 7736 0 1777797264 38632
43 641 9957 0 1777797264 38649
41 597 13813 0 1777797264 38717
40 615 8398 0 1777797264 45809
42 563 7168 0 1777797264 45818
38 582 9272 0 1777797264 46671
39 695 9271 0 1777797264 46677
41 598 7965 0 1777797264 46683
43 642 8625 0 1777797264 47286
42 564 8634 0 1777797264 54470
38 583 9028 0 1777797264 55713
39 696 11495 0 1777797264 58187
41 599 11569 0 1777797264 58267
42 565 8006 0 1777797264 62482
41 600 6642 0 1777797264 64912
43 643 17632 0 1777797264 64920
38 584 9532 0 1777797264 65247
39 697 8861 0 1777797264 67056
42 566 8621 0 1777797264 71105
43 644 7266 0 1777797264 72196
39 698 9569 0 1777797264 76626
41 601 11753 0 1777797264 76674
43 645 4478 0 1777797264 76677
38 585 15272 0 1777797264 80522
40 616 37753 0 1777797264 83572
42 567 19748 0 1777797264 90854
43 646 14213 0 1777797264 90902
39 699 14318 0 1777797264 90996
41 602 18374 0 1777797264 95057
38 586 15137 0 1777797264 95661
40 617 12088 0 1777797264 95669
43 647 6136 0 1777797264 97052
42 568 7341 0 1777797264 98244
38 587 9438 0 1777797264 105108
39 700 15885 0 1777797264 106882
40 618 11211 0 1777797264 106892
41 603 11841 0 1777797264 106899
43 648 9854 0 1777797264 106910
38 588 9723 0 1777797264 114835
39 701 7940 0 1777797264 114851
40 619 7924 0 1777797264 114858
42 569 16623 0 1777797264 114876
40 620 9438 0 1777797264 124721
41 604 17779 0 1777797264 124729
43 649 17767 0 1777797264 124733
38 589 16081 0 1777797264 130958
42 570 15674 0 1777797264 130966
42 571 8345 0 1777797264 139320
43 650 14582 0 1777797264 139327
38 590 8394 0 1777797264 139360
41 605 14638 0 1777797264 139378
40 621 16697 0 1777797264 141430
38 591 8430 0 1777797264 147791
39 702 32542 0 1777797264 147803
41 606 8431 0 1777797264 147810
42 572 8487 0 1777797264 147815
43 651 8486 0 1777797264 147821
40 622 8849 0 1777797264 150288
38 592 4078 0 1777797264 151900
39 703 7371 0 1777797264 155312
42 573 7362 0 1777797264 155320
41 607 7677 0 1777797264 155628
41 608 890 0 1777797264 156519
43 652 8760 0 1777797264 156724
41 609 641 0 1777797264 157165
39 704 15946 0 1777797264 171267
40 623 23937 0 1777797264 174226
43 653 17509 0 1777797264 174234
38 593 22615 0 1777797264 174518
43 654 972 0 1777797264 175217
39 705 4326 0 1777797264 175595
42 574 23018 0 1777797264 178350
39 706 3020 0 1777797264 178618
43 655 3413 0 1777797264 178632
41 610 23662 0 1777797264 180831
38 594 7017 0 1777797264 181537
38 595 965 0 1777797264 182504
43 656 4119 0 1777797264 182762
38 596 1054 0 1777797264 183561
43 657 830 0 1777797264 183594
40 624 10467 0 1777797264 184702
39 707 8157 0 1777797264 186790
43 658 3870 0 1777797264 187465
39 708 1284 0 1777797264 188078
41 611 7252 0 1777797264 188085
39 709 885 0 1777797264 188971
43 659 1797 0 1777797264 189264
39 710 1418 0 1777797264 190391
41 612 2458 0 1777797264 190553
39 711 809 0 1777797264 191206
41 613 744 0 1777797264 191298
38 597 8103 0 1777797264 191666
40 625 7610 0 1777797264 192316
41 614 1281 0 1777797264 192581
43 660 3698 0 1777797264 192963
39 712 3939 0 1777797264 195147
39 713 1104 0 1777797264 196253
38 598 5390 0 1777797264 197057
40 626 6264 0 1777797264 198584
43 661 6163 0 1777797264 199127
42 575 22847 0 1777797264 201200
43 662 2372 0 1777797264 201501
40 627 5678 0 1777797264 204263
41 615 11696 0 1777797264 204278
39 714 10114 0 1777797264 206370
40 628 2119 0 1777797264 206398
41 616 4011 0 1777797264 208305
42 576 7108 0 1777797264 208311
40 629 3398 0 1777797264 209808
43 663 8551 0 1777797264 210053
38 599 13386 0 1777797264 210447
42 577 3038 0 1777797264 211362
42 578 621 0 1777797264 211987
43 664 2485 0 1777797264 212540
38 600 2670 0 1777797264 213119
41 617 4897 0 1777797264 213209
42 579 1755 0 1777797264 213744
41 618 840 0 1777797264 214051
40 630 5604 0 1777797264 215416
38 601 3071 0 1777797264 216191
40 631 2599 0 1777797264 218016
43 665 5751 0 1777797264 218293
40 632 981 0 1777797264 218999
41 619 5328 0 1777797264 219382
42 580 6410 0 1777797264 220156
40 633 1839 0 1777797264 220844
41 620 2248 0 1777797264 221645
38 602 5472 0 1777797264 221665
43 666 4643 0 1777797264 222940
42 581 3759 0 1777797264 223918
40 634 4811 0 1777797264 225658
41 621 4917 0 1777797264 226563
42 582 3221 0 1777797264 227141
39 715 20829 0 1777797264 227228
38 603 7746 0 1777797264 229413
41 622 4059 0 1777797264 230623
42 583 7573 0 1777797264 234716
42 584 2323 0 1777797264 237041
39 716 10470 0 1777797264 237699
40 635 12049 0 1777797264 237710
40 636 1223 0 1777797264 238943
38 604 14544 0 1777797264 243959
43 667 21267 0 1777797264 244210
40 637 7593 0 1777797264 246538
40 638 1581 0 1777797264 248121
39 717 12542 0 1777797264 250254
41 623 22370 0 1777797264 252996
42 585 17827 0 1777797264 254869
43 668 10771 0 1777797264 254982
38 605 13797 0 1777797264 257758
41 624 10034 0 1777797264 263032
39 718 13537 0 1777797264 263793
43 669 10883 0 1777797264 265867
38 606 8311 0 1777797264 266071
40 639 117485 0 1777797264 365608
42 586 110657 0 1777797264 365614
41 625 103029 0 1777797264 366063
39 719 102641 0 1777797264 366436
43 670 105637 0 1777797264 371507
38 607 105541 0 1777797264 371613
39 720 5238 0 1777797264 371675
38 608 3767 0 1777797264 375382
42 587 10088 0 1777797264 375710
39 721 4496 0 1777797264 376175
43 671 4920 0 1777797264 376430
42 588 1526 0 1777797264 377237
42 589 2398 0 1777797264 379637
41 626 13626 0 1777797264 379692
42 590 1131 0 1777797264 380770
38 609 6206 0 1777797264 381590
39 722 6108 0 1777797264 382287
42 591 2153 0 1777797264 382929
43 672 7131 0 1777797264 383562
38 610 3511 0 1777797264 385107
40 640 19980 0 1777797264 385595
39 723 4475 0 1777797264 386763
42 592 5507 0 1777797264 388437
39 724 1692 0 1777797264 388457
43 673 4942 0 1777797264 388506
43 674 1485 0 1777797264 389992
38 611 5192 0 1777797264 390302
42 593 2057 0 1777797264 390496
38 612 2512 0 1777797264 392817
39 725 5489 0 1777797264 393948
42 594 4247 0 1777797264 394744
43 675 4822 0 1777797264 394821
41 627 16620 0 1777797264 396314
39 726 2504 0 1777797264 396458
43 676 3304 0 1777797264 398126
42 595 3915 0 1777797264 398660
43 677 1017 0 1777797264 399145
38 613 6577 0 1777797264 399396
38 614 2900 0 1777797264 402297
39 727 5846 0 1777797264 402305
39 728 2292 0 1777797264 404610
40 641 19020 0 1777797264 404619
38 615 4397 0 1777797264 406705
43 678 8555 0 1777797264 407702
42 596 9063 0 1777797264 407725
39 729 7640 0 1777797264 412260
43 679 4596 0 1777797264 412302
38 616 5632 0 1777797264 412339
41 628 17123 0 1777797264 413445
40 642 9529 0 1777797264 414159
42 597 14551 0 1777797264 422277
38 617 10535 0 1777797264 422875
39 730 15786 0 1777797264 428049
38 618 5241 0 1777797264 428121
40 643 14090 0 1777797264 428252
41 629 14811 0 1777797264 428258
42 598 6787 0 1777797264 429066
43 680 16772 0 1777797264 429076
40 644 2763 0 1777797264 431022
38 619 3467 0 1777797264 431589
40 645 2668 0 1777797264 433694
39 731 12364 0 1777797264 440416
42 599 11905 0 1777797264 440983
43 681 12156 0 1777797264 441244
40 646 7580 0 1777797264 441277
39 732 1943 0 1777797264 442361
41 630 14370 0 1777797264 442655
43 682 3822 0 1777797264 445069
38 620 13792 0 1777797264 445383
39 733 4140 0 1777797264 446504
41 631 3872 0 1777797264 446529
42 600 5645 0 1777797264 446630
43 683 2890 0 1777797264 447961
39 734 4763 0 1777797264 451293
41 632 4975 0 1777797264 451532
42 601 6499 0 1777797264 453131
41 633 1631 0 1777797264 453165
38 621 8099 0 1777797264 453485
43 684 5562 0 1777797264 453525
39 735 2255 0 1777797264 453551
39 736 2445 0 1777797264 455997
43 685 3452 0 1777797264 456979
42 602 4196 0 1777797264 457335
41 634 4220 0 1777797264 457386
38 622 4267 0 1777797264 457756
39 737 3938 0 1777797264 459941
43 686 2989 0 1777797264 459970
41 635 2717 0 1777797264 460104
42 603 3112 0 1777797264 460450
43 687 2777 0 1777797264 462749
41 636 3039 0 1777797264 463144
38 623 5606 0 1777797264 463364
39 738 3607 0 1777797264 463550
42 604 4482 0 1777797264 464935
43 688 3239 0 1777797264 465990
42 605 1380 0 1777797264 466316
42 606 1764 0 1777797264 468083
43 689 2673 0 1777797264 468665
43 690 942 0 1777797264 469609
43 691 924 0 1777797264 470535
42 607 2480 0 1777797264 470564
41 637 7962 0 1777797264 471109
39 739 7641 0 1777797264 471193
38 624 9876 0 1777797264 473242
41 638 6342 0 1777797264 477453
43 692 9325 0 1777797264 479862
42 608 10808 0 1777797264 481374
43 693 2641 0 1777797264 482505
38 625 10272 0 1777797264 483517
43 694 2242 0 1777797264 484751
40 647 44406 0 1777797264 485684
42 609 4317 0 1777797264 485693
43 695 968 0 1777797264 485720
38 626 2329 0 1777797264 485849
40 648 2259 0 1777797264 487953
38 627 5061 0 1777797264 490911
42 610 5449 0 1777797264 491155
43 696 5882 0 1777797264 491603
41 639 14496 0 1777797264 491953
39 740 22429 0 1777797264 493623
38 628 3888 0 1777797264 494801
42 611 7757 0 1777797264 498913
41 640 10046 0 1777797264 502000
43 697 10420 0 1777797264 502025
40 649 14357 0 1777797264 502312
39 741 9639 0 1777797264 503264
40 650 4224 0 1777797264 506538
42 612 7810 0 1777797264 506728
38 629 12676 0 1777797264 507537
43 698 5604 0 1777797264 507630
39 742 9131 0 1777797264 512398
42 613 5681 0 1777797264 512411
40 651 6272 0 1777797264 512813
41 641 10818 0 1777797264 512822
41 642 4262 0 1777797264 517095
38 630 10856 0 1777797264 518394
40 652 6444 0 1777797264 519267
42 614 7572 0 1777797264 519997
43 699 16467 0 1777797264 524098
41 643 9637 0 1777797264 526734
42 615 6750 0 1777797264 526749
39 743 15377 0 1777797264 527789
43 700 6660 0 1777797264 530765
39 744 3484 0 1777797264 531275
41 644 9512 0 1777797264 536262
40 653 17721 0 1777797264 536992
38 631 19304 0 1777797264 537704
42 616 10949 0 1777797264 537714
39 745 6749 0 1777797264 538026
43 701 8673 0 1777797264 539440
38 632 5914 0 1777797264 543629
42 617 5913 0 1777797264 543638
40 654 6670 0 1777797264 543664
41 645 9415 0 1777797264 545679
39 746 7778 0 1777797264 545807
43 702 8740 0 1777797264 548182
40 655 7473 0 1777797264 551138
38 633 9906 0 1777797264 553545
42 618 9907 0 1777797264 553555
41 646 8333 0 1777797264 554014
39 747 8409 0 1777797264 554217
38 634 6997 0 1777797264 560553
40 656 9422 0 1777797264 560561
43 703 17558 0 1777797264 565748
39 748 11618 0 1777797264 565836
42 619 12573 0 1777797264 566144
41 647 12184 0 1777797264 566203
40 657 9971 0 1777797264 570543
38 635 11620 0 1777797264 572182
41 648 5984 0 1777797264 572189
42 620 6771 0 1777797264 572917
39 749 7147 0 1777797264 572984
43 704 7449 0 1777797264 573203
40 658 3296 0 1777797264 573849
39 750 6558 0 1777797264 579543
40 659 5709 0 1777797264 579561
41 649 7371 0 1777797264 579569
38 636 8450 0 1777797264 580640
42 621 7827 0 1777797264 580746
38 637 4086 0 1777797264 584732
43 705 11542 0 1777797264 584746
42 622 6380 0 1777797264 587127
41 650 7608 0 1777797264 587185
40 660 7640 0 1777797264 587210
39 751 7750 0 1777797264 587295
38 638 3661 0 1777797264 588408
43 706 3651 0 1777797264 588413
39 752 4332 0 1777797264 591628
38 639 3671 0 1777797264 592084
40 661 6167 0 1777797264 593378
42 623 6403 0 1777797264 593531
39 753 3756 0 1777797264 595386
38 640 3878 0 1777797264 595964
43 707 7704 0 1777797264 596123
41 651 9386 0 1777797264 596580
40 662 3665 0 1777797264 597044
41 652 3459 0 1777797264 600041
38 641 4533 0 1777797264 600499
39 754 5203 0 1777797264 600593
42 624 7243 0 1777797264 600776
40 663 5108 0 1777797264 602154
43 708 6403 0 1777797264 602527
41 653 3297 0 1777797264 603342
42 625 3994 0 1777797264 604772
39 755 4226 0 1777797264 604820
40 664 7639 0 1777797264 609796
38 642 9469 0 1777797264 609970
39 756 5315 0 1777797264 610137
43 709 7800 0 1777797264 610331
41 654 9124 0 1777797264 612467
42 626 10245 0 1777797264 615018
39 757 5701 0 1777797264 615839
38 643 6682 0 1777797264 616653
42 627 2112 0 1777797264 617138
40 665 7382 0 1777797264 617182
43 710 7831 0 1777797264 618163
39 758 7303 0 1777797264 623143
41 655 11067 0 1777797264 623536
38 644 9902 0 1777797264 626556
42 628 9423 0 1777797264 626563
43 711 8799 0 1777797264 626963
39 759 3873 0 1777797264 627018
40 666 9841 0 1777797264 627024
41 656 3491 0 1777797264 627028
38 645 4005 0 1777797264 630569
42 629 24134 0 1777797264 650708
41 657 24190 0 1777797264 651229
40 667 25131 0 1777797264 652166
43 712 25221 0 1777797264 652186
39 760 25284 0 1777797264 652313
38 646 21840 0 1777797264 652411
42 630 2787 0 1777797264 653496
40 668 3967 0 1777797264 656154
41 658 4945 0 1777797264 656177
42 631 2664 0 1777797264 656182
41 659 1271 0 1777797264 657454
39 761 9245 0 1777797264 661559
40 669 5409 0 1777797264 661567
38 647 9242 0 1777797264 661655
42 632 6397 0 1777797264 662589
41 660 5394 0 1777797264 662850
38 648 1934 0 1777797264 663592
39 762 2723 0 1777797264 664291
40 670 3162 0 1777797264 664742
38 649 1717 0 1777797264 665310
39 763 1353 0 1777797264 665646
40 671 1308 0 1777797264 666052
39 764 1012 0 1777797264 666661
38 650 1691 0 1777797264 667003
41 661 5973 0 1777797264 668825
40 672 2799 0 1777797264 668853
41 662 2292 0 1777797264 671122
42 633 8538 0 1777797264 671129
38 651 5123 0 1777797264 672128
40 673 4463 0 1777797264 673318
39 765 6626 0 1777797264 673339
42 634 2206 0 1777797264 673345
41 663 3561 0 1777797264 674692
42 635 1422 0 1777797264 674776
39 766 1825 0 1777797264 675171
40 674 3775 0 1777797264 677095
43 713 24901 0 1777797264 677108
38 652 5007 0 1777797264 677140
43 714 2729 0 1777797264 679849
39 767 5294 0 1777797264 680467
38 653 4439 0 1777797264 681580
40 675 4507 0 1777797264 681616
39 768 1343 0 1777797264 681812
43 715 1987 0 1777797264 681837
41 664 7697 0 1777797264 682396
42 636 9160 0 1777797264 683937
40 676 3500 0 1777797264 685117
41 665 5711 0 1777797264 688114
43 716 6345 0 1777797264 688184
39 769 7531 0 1777797264 689345
40 677 5090 0 1777797264 690210
43 717 2108 0 1777797264 690293
38 654 8733 0 1777797264 690320
39 770 1562 0 1777797264 690910
41 666 2999 0 1777797264 691122
43 718 1352 0 1777797264 691647
38 655 3192 0 1777797264 693514
42 637 9625 0 1777797264 693563
43 719 5997 0 1777797264 697650
40 678 7922 0 1777797264 698135
39 771 7357 0 1777797264 698270
38 656 5886 0 1777797264 699405
39 772 3192 0 1777797264 701463
40 679 3351 0 1777797264 701487
43 720 3884 0 1777797264 701535
42 638 9709 0 1777797264 703273
41 667 12458 0 1777797264 703582
43 721 2757 0 1777797264 704293
38 657 4919 0 1777797264 704328
39 773 4163 0 1777797264 705651
40 680 5339 0 1777797264 706840
39 774 1298 0 1777797264 706953
41 668 3377 0 1777797264 706960
43 722 2872 0 1777797264 707168
38 658 2942 0 1777797264 707271
42 639 5455 0 1777797264 708734
39 775 3841 0 1777797264 710802
40 681 3964 0 1777797264 710810
43 723 3878 0 1777797264 711047
42 640 2362 0 1777797264 711099
39 776 1843 0 1777797264 712655
38 659 6074 0 1777797264 713347
41 669 6388 0 1777797264 713357
43 724 2682 0 1777797264 713731
40 682 3122 0 1777797264 713941
39 777 2074 0 1777797264 714730
42 641 4606 0 1777797264 715708
43 725 1981 0 1777797264 715714
39 778 1173 0 1777797264 715908
38 660 2700 0 1777797264 716058
40 683 2377 0 1777797264 716319
41 670 5044 0 1777797264 718411
43 726 2698 0 1777797264 718424
39 779 3273 0 1777797264 719182
42 642 3478 0 1777797264 719193
40 684 3170 0 1777797264 719491
43 727 1593 0 1777797264 720028
41 671 4741 0 1777797264 723167
42 643 3975 0 1777797264 723177
38 661 7258 0 1777797264 723317
39 780 4387 0 1777797264 723581
38 662 1838 0 1777797264 725157
40 685 5667 0 1777797264 725161
43 728 8014 0 1777797264 728044
38 663 4749 0 1777797264 729911
39 781 6338 0 1777797264 729920
40 686 4757 0 1777797264 729927
41 672 6754 0 1777797264 729932
42 644 8375 0 1777797264 731564
41 673 2875 0 1777797264 732837
38 664 3037 0 1777797264 732970
38 665 2487 0 1777797264 735458
42 645 3898 0 1777797264 735469
43 729 7673 0 1777797264 735719
41 674 3042 0 1777797264 735880
39 782 7293 0 1777797264 737237
41 675 1827 0 1777797264 737709
39 783 1432 0 1777797264 738671
42 646 3347 0 1777797264 738827
42 647 1412 0 1777797264 740242
43 730 4559 0 1777797264 740279
40 687 10914 0 1777797264 740866
39 784 3975 0 1777797264 742648
40 688 3707 0 1777797264 744575
41 676 6872 0 1777797264 744584
38 666 9710 0 1777797264 745180
39 785 3829 0 1777797264 746491
42 648 6403 0 1777797264 746650
43 731 6695 0 1777797264 746975
42 649 1029 0 1777797264 747682
39 786 2500 0 1777797264 748995
43 732 3654 0 1777797264 750632
40 689 6223 0 1777797264 750808
42 650 5012 0 1777797264 752696
39 787 4197 0 1777797264 753194
38 667 8212 0 1777797264 753396
43 733 6176 0 1777797264 756811
42 651 4161 0 1777797264 756860
39 788 4465 0 1777797264 757660
38 668 4306 0 1777797264 757704
41 677 15234 0 1777797264 759839
43 734 3251 0 1777797264 760064
42 652 5180 0 1777797264 762042
40 690 11286 0 1777797264 762095
43 735 3347 0 1777797264 763413
41 678 6567 0 1777797264 766414
42 653 5073 0 1777797264 767123
38 669 9446 0 1777797264 767151
41 679 3784 0 1777797264 770199
39 789 12566 0 1777797264 770228
38 670 3255 0 1777797264 770407
42 654 3590 0 1777797264 770718
43 736 11216 0 1777797264 774635
41 680 7148 0 1777797264 777350
40 691 17269 0 1777797264 779366
42 655 8651 0 1777797264 779371
43 737 4738 0 1777797264 779375
39 790 10372 0 1777797264 780601
38 671 10124 0 1777797264 780620
42 656 2364 0 1777797264 781744
38 672 1685 0 1777797264 782306
42 657 2812 0 1777797264 784560
38 673 4738 0 1777797264 787047
42 658 3267 0 1777797264 787828
43 738 8687 0 1777797264 788073
41 681 10981 0 1777797264 788333
40 692 13235 0 1777797264 792612
38 674 6034 0 1777797264 793084
41 682 4755 0 1777797264 793092
43 739 5035 0 1777797264 793109
42 659 6523 0 1777797264 794354
39 791 14200 0 1777797264 794802
38 675 3269 0 1777797264 796380
43 740 3806 0 1777797264 796944
42 660 4802 0 1777797264 799158
41 683 7188 0 1777797264 800310
38 676 6297 0 1777797264 802681
40 693 10378 0 1777797264 802991
43 741 6050 0 1777797264 802996
39 792 8626 0 1777797264 803431
41 684 5123 0 1777797264 805434
38 677 4036 0 1777797264 806718
43 742 3722 0 1777797264 806736
40 694 5093 0 1777797264 808090
38 678 1657 0 1777797264 808377
42 661 9817 0 1777797264 808976
41 685 3724 0 1777797264 809166
43 743 2448 0 1777797264 809185
38 679 3796 0 1777797264 812176
40 695 4092 0 1777797264 812184
42 662 3850 0 1777797264 812829
41 686 4703 0 1777797264 813872
39 793 10501 0 1777797264 813934
40 696 8450 0 1777797264 820648
42 663 7865 0 1777797264 820696
43 744 11601 0 1777797264 820788
41 687 6960 0 1777797264 820836
38 680 8697 0 1777797264 820885
39 794 7323 0 1777797264 821258
40 697 2780 0 1777797264 823431
41 688 5105 0 1777797264 825942
42 664 7344 0 1777797264 828042
38 681 7802 0 1777797264 828688
41 689 2907 0 1777797264 828852
43 745 8069 0 1777797264 828858
39 795 8083 0 1777797264 829344
38 682 3784 0 1777797264 832473
40 698 9047 0 1777797264 832480
38 683 2180 0 1777797264 834661
41 690 6197 0 1777797264 835056
43 746 23523 0 1777797264 852391
38 684 20691 0 1777797264 855355
39 796 26016 0 1777797264 855364
41 691 20314 0 1777797264 855372
42 665 27336 0 1777797264 855379
40 699 23667 0 1777797264 856157
43 747 3773 0 1777797264 856167
40 700 1694 0 1777797264 857862
38 685 2644 0 1777797264 858023
38 686 2591 0 1777797264 860617
43 748 4563 0 1777797264 860752
40 701 3256 0 1777797264 861122
41 692 5790 0 1777797264 861188
39 797 5855 0 1777797264 861245
42 666 7145 0 1777797264 862550
43 749 10205 0 1777797264 870959
39 798 9876 0 1777797264 871123
38 687 10567 0 1777797264 871188
40 702 11128 0 1777797264 872254
42 667 13405 0 1777797264 875963
38 688 5664 0 1777797264 876853
39 799 9447 0 1777797264 880571
43 750 12021 0 1777797264 882982
41 693 22823 0 1777797264 884012
40 703 11811 0 1777797264 884067
38 689 8551 0 1777797264 885407
42 668 9441 0 1777797264 885410
39 800 7321 0 1777797264 887894
43 751 5238 0 1777797264 888221
40 704 5594 0 1777797264 889662
38 690 9554 0 1777797264 894965
41 694 10959 0 1777797264 894973
42 669 9859 0 1777797264 895275
39 801 7812 0 1777797264 895708
38 691 1744 0 1777797264 896718
40 705 7724 0 1777797264 897389
39 802 2186 0 1777797264 897896
41 695 5022 0 1777797264 900006
40 706 3413 0 1777797264 900804
38 692 5973 0 1777797264 902693
41 696 2903 0 1777797264 902912
41 697 7396 0 1777797264 910311
40 707 9807 0 1777797264 910613
42 670 17191 0 1777797264 912468
43 752 24259 0 1777797264 912482
41 698 4511 0 1777797264 914824
40 708 6695 0 1777797264 917311
40 709 2508 0 1777797264 919821
42 671 7347 0 1777797264 919830
40 710 1247 0 1777797264 921077
41 699 6345 0 1777797264 921172
39 803 23874 0 1777797264 921773
40 711 1441 0 1777797264 922520
40 712 3052 0 1777797264 925574
40 713 2327 0 1777797264 927903
38 693 28269 0 1777797264 930965
40 714 3830 0 1777797264 931735
40 715 4589 0 1777797264 936333
43 753 23934 0 1777797264 936440
42 672 16706 0 1777797264 936548
41 700 15635 0 1777797264 936808
39 804 15094 0 1777797264 936869
38 694 7246 0 1777797264 938212
41 701 3994 0 1777797264 940805
41 702 4428 0 1777797264 945234
40 716 9040 0 1777797264 945375
38 695 7266 0 1777797264 945479
43 754 11814 0 1777797264 948256
40 717 3385 0 1777797264 948762
41 703 3927 0 1777797264 949164
38 696 4937 0 1777797264 950418
40 718 3498 0 1777797264 952262
42 673 16514 0 1777797264 953072
40 719 4169 0 1777797264 956432
39 805 20386 0 1777797264 957256
38 697 8297 0 1777797264 958718
40 720 3438 0 1777797264 959873
41 704 14340 0 1777797264 963508
40 721 5252 0 1777797264 965126
38 698 7276 0 1777797264 965997
41 705 2974 0 1777797264 966484
40 722 2246 0 1777797264 967380
39 806 11350 0 1777797264 968611
41 706 3477 0 1777797264 969963
38 699 6785 0 1777797264 972784
41 707 2830 0 1777797264 972795
40 723 5600 0 1777797264 972984
40 724 1122 0 1777797264 974109
41 708 5724 0 1777797264 978532
38 700 5903 0 1777797264 978699
40 725 4593 0 1777797264 978704
40 726 3318 0 1777797264 982032
42 674 29021 0 1777797264 982095
39 807 13499 0 1777797264 982112
38 701 3793 0 1777797264 982498
43 755 37630 0 1777797264 985924
42 675 5048 0 1777797264 987144
40 727 5354 0 1777797264 987393
39 808 5864 0 1777797264 987977
41 709 11688 0 1777797264 990221
39 809 2436 0 1777797264 990415
42 676 3861 0 1777797264 991012
40 728 5847 0 1777797264 993241
42 677 4545 0 1777797264 995560
41 710 8294 0 1777797264 998517
38 702 16781 0 1777797264 999282
42 678 3729 0 1777797264 999292
40 729 7636 0 1777797265 879
39 810 10901 0 1777797265 1317
43 756 18171 0 1777797265 4100
39 811 3543 0 1777797265 4863
42 679 5663 0 1777797265 4969
38 703 7908 0 1777797265 7201
42 680 2238 0 1777797265 7208
39 812 3650 0 1777797265 8515
40 730 8137 0 1777797265 9018
42 681 3861 0 1777797265 11080
39 813 6135 0 1777797265 14652
41 711 16152 0 1777797265 14671
40 731 6193 0 1777797265 15213
42 682 5126 0 1777797265 16208
41 712 3290 0 1777797265 17962
38 704 14854 0 1777797265 22063
40 732 7458 0 1777797265 22673
41 713 7487 0 1777797265 25450
39 814 10813 0 1777797265 25467
42 683 9272 0 1777797265 25481
41 714 1734 0 1777797265 27185
41 715 1929 0 1777797265 29116
41 716 1406 0 1777797265 30525
41 717 1231 0 1777797265 31758
39 815 7417 0 1777797265 32885
42 684 7415 0 1777797265 32897
38 705 13756 0 1777797265 35829
41 718 4788 0 1777797265 36548
40 733 14324 0 1777797265 37000
43 757 34522 0 1777797265 38626
39 816 5990 0 1777797265 38889
41 719 2384 0 1777797265 38934
39 817 2212 0 1777797265 41102
42 685 8866 0 1777797265 41776
41 720 2959 0 1777797265 41894
40 734 6691 0 1777797265 43693
39 818 2796 0 1777797265 43900
41 721 3119 0 1777797265 45014
42 686 3863 0 1777797265 45641
39 819 3239 0 1777797265 47141
41 722 2798 0 1777797265 47814
40 735 4250 0 1777797265 47948
42 687 3447 0 1777797265 49090
40 736 3163 0 1777797265 51112
39 820 4074 0 1777797265 51218
42 688 2708 0 1777797265 51802
39 821 2533 0 1777797265 53754
41 723 6047 0 1777797265 53865
43 758 15952 0 1777797265 54582
42 689 2921 0 1777797265 54726
41 724 3246 0 1777797265 57112
42 690 3467 0 1777797265 58194
41 725 2182 0 1777797265 59296
41 726 3283 0 1777797265 62583
41 727 1670 0 1777797265 64255
40 737 13306 0 1777797265 64420
40 738 1440 0 1777797265 65861
41 728 2096 0 1777797265 66353
39 822 14217 0 1777797265 67976
38 706 32182 0 1777797265 68013
40 739 2464 0 1777797265 68332
41 729 2244 0 1777797265 68599
43 759 15225 0 1777797265 69811
43 760 2282 0 1777797265 72096
41 730 4143 0 1777797265 72743
38 707 4757 0 1777797265 72771
41 731 2573 0 1777797265 75320
38 708 3349 0 1777797265 76122
41 732 1956 0 1777797265 77278
39 823 13418 0 1777797265 81396
40 740 13069 0 1777797265 81403
42 691 23212 0 1777797265 81410
41 733 4542 0 1777797265 81840
42 692 1340 0 1777797265 82766
38 709 6663 0 1777797265 82790
39 824 4986 0 1777797265 86397
41 734 4594 0 1777797265 86436
43 761 14508 0 1777797265 86605
40 741 5200 0 1777797265 86619
42 693 5247 0 1777797265 88016
41 735 3042 0 1777797265 89495
42 694 1483 0 1777797265 89502
40 742 4525 0 1777797265 91145
39 825 8304 0 1777797265 94744
42 695 5394 0 1777797265 94907
41 736 5482 0 1777797265 94985
40 743 5573 0 1777797265 96720
38 710 15236 0 1777797265 98028
43 762 12270 0 1777797265 98876
43 763 3858 0 1777797265 102737
41 737 9705 0 1777797265 104691
41 738 2041 0 1777797265 106784
38 711 8971 0 1777797265 107002
38 712 1128 0 1777797265 108132
41 739 3670 0 1777797265 110456
42 696 15555 0 1777797265 110463
38 713 2854 0 1777797265 110989
43 764 9306 0 1777797265 112044
38 714 1859 0 1777797265 112850
43 765 4306 0 1777797265 116352
40 744 23421 0 1777797265 120145
38 715 10842 0 1777797265 123698
39 826 28979 0 1777797265 123724
40 745 5131 0 1777797265 125278
39 827 4474 0 1777797265 128200
39 828 1796 0 1777797265 129998
39 829 1140 0 1777797265 131144
38 716 13967 0 1777797265 137670
42 697 29621 0 1777797265 140101
43 766 23991 0 1777797265 140349
40 746 16563 0 1777797265 141843
43 767 5268 0 1777797265 145619
39 830 14518 0 1777797265 145664
38 717 8001 0 1777797265 145681
40 747 5162 0 1777797265 147008
38 718 1687 0 1777797265 147368
42 698 7750 0 1777797265 147853
43 768 2285 0 1777797265 147905
39 831 4922 0 1777797265 150587
40 748 3593 0 1777797265 150605
38 719 3259 0 1777797265 150628
43 769 2807 0 1777797265 150713
41 740 43258 0 1777797265 153723
42 699 5966 0 1777797265 153821
38 720 6868 0 1777797265 157497
39 832 6937 0 1777797265 157526
40 749 6990 0 1777797265 157596
43 770 7181 0 1777797265 157896
40 750 6567 0 1777797265 164164
42 700 10358 0 1777797265 164179
41 741 14742 0 1777797265 168467
43 771 10592 0 1777797265 168490
38 721 12533 0 1777797265 170032
39 833 12811 0 1777797265 170338
39 834 4090 0 1777797265 174430
39 835 1921 0 1777797265 176359
43 772 8397 0 1777797265 176888
42 701 12721 0 1777797265 176911
38 722 7133 0 1777797265 177167
40 751 15794 0 1777797265 179975
41 742 12153 0 1777797265 180625
42 702 5274 0 1777797265 182187
43 773 6940 0 1777797265 183831
39 836 7601 0 1777797265 183962
40 752 6391 0 1777797265 186368
38 723 9278 0 1777797265 186447
42 703 4752 0 1777797265 186940
41 743 9276 0 1777797265 189903
40 753 4090 0 1777797265 190467
43 774 7146 0 1777797265 190981
39 837 7365 0 1777797265 191328
42 704 5131 0 1777797265 192073
41 744 2454 0 1777797265 192359
40 754 1935 0 1777797265 192403
38 724 8284 0 1777797265 194732
43 775 3770 0 1777797265 194752
39 838 3461 0 1777797265 194791
42 705 5433 0 1777797265 197508
40 755 6131 0 1777797265 198535
39 839 8327 0 1777797265 203119
43 776 8414 0 1777797265 203177
38 725 8488 0 1777797265 203243
41 745 10973 0 1777797265 203334
42 706 5831 0 1777797265 203341
40 756 5364 0 1777797265 203901
39 840 2338 0 1777797265 205463
41 746 2314 0 1777797265 205655
42 707 3157 0 1777797265 206506
38 726 4764 0 1777797265 208008
42 708 3808 0 1777797265 210317
39 841 4896 0 1777797265 210362
43 777 7519 0 1777797265 210697
41 747 5246 0 1777797265 210904
40 757 9784 0 1777797265 213687
39 842 3378 0 1777797265 213741
41 748 3043 0 1777797265 213949
43 778 3788 0 1777797265 214486
42 709 8978 0 1777797265 219305
40 758 5863 0 1777797265 219553
43 779 7114 0 1777797265 221602
38 727 13774 0 1777797265 221784
39 843 8103 0 1777797265 221845
42 710 5610 0 1777797265 224917
41 749 13721 0 1777797265 227671
43 780 6075 0 1777797265 227679
38 728 5990 0 1777797265 227775
39 844 5935 0 1777797265 227782
40 759 9240 0 1777797265 228796
41 750 2070 0 1777797265 229750
43 781 2253 0 1777797265 229943
40 760 2154 0 1777797265 230956
41 751 2089 0 1777797265 231841
38 729 5868 0 1777797265 233651
39 845 6406 0 1777797265 234206
42 711 9297 0 1777797265 234216
43 782 5124 0 1777797265 235069
42 712 5608 0 1777797265 239838
38 730 7326 0 1777797265 240993
40 761 14915 0 1777797265 245873
39 846 12220 0 1777797265 246437
42 713 6603 0 1777797265 246442
43 783 11413 0 1777797265 246484
41 752 14851 0 1777797265 246695
38 731 5981 0 1777797265 246976
38 732 2074 0 1777797265 249052
42 714 4173 0 1777797265 250620
41 753 6364 0 1777797265 253061
43 784 6616 0 1777797265 253103
39 847 7114 0 1777797265 253556
40 762 7865 0 1777797265 253740
42 715 5564 0 1777797265 256186
41 754 3388 0 1777797265 256458
38 733 12882 0 1777797265 261936
39 848 8397 0 1777797265 261954
41 755 5499 0 1777797265 261960
42 716 5775 0 1777797265 261966
43 785 8866 0 1777797265 261970
40 763 11119 0 1777797265 264860
41 756 6869 0 1777797265 268852
39 849 6945 0 1777797265 268923
42 717 6941 0 1777797265 268928
40 764 4930 0 1777797265 269793
43 786 10717 0 1777797265 272707
39 850 4941 0 1777797265 273869
42 718 4949 0 1777797265 273885
40 765 5156 0 1777797265 274954
38 734 13016 0 1777797265 274986
42 719 4713 0 1777797265 278608
40 766 3827 0 1777797265 278784
38 735 10360 0 1777797265 285347
43 787 12825 0 1777797265 285534
41 757 16805 0 1777797265 285711
39 851 11847 0 1777797265 285733
40 767 8240 0 1777797265 287025
42 720 8845 0 1777797265 287455
40 768 4149 0 1777797265 291178
38 736 5988 0 1777797265 291337
43 788 5808 0 1777797265 291344
42 721 4123 0 1777797265 291580
41 758 6752 0 1777797265 292464
38 737 6196 0 1777797265 297541
40 769 6494 0 1777797265 297674
42 722 6101 0 1777797265 297682
41 759 5868 0 1777797265 298351
43 789 7004 0 1777797265 298357
42 723 1243 0 1777797265 298936
39 852 15983 0 1777797265 301718
41 760 3404 0 1777797265 301762
41 761 2242 0 1777797265 304025
43 790 7733 0 1777797265 306099
41 762 2405 0 1777797265 306432
40 770 9053 0 1777797265 306736
40 771 1501 0 1777797265 308240
43 791 3392 0 1777797265 309493
41 763 3139 0 1777797265 309575
40 772 3035 0 1777797265 311276
42 724 14281 0 1777797265 313219
41 764 6334 0 1777797265 315910
40 773 7604 0 1777797265 318882
38 738 21513 0 1777797265 319055
41 765 3157 0 1777797265 319069
43 792 9687 0 1777797265 319182
40 774 6015 0 1777797265 324899
43 793 6408 0 1777797265 325591
41 766 6700 0 1777797265 325785
41 767 3401 0 1777797265 329187
40 775 6557 0 1777797265 331460
43 794 6710 0 1777797265 332303
39 853 30645 0 1777797265 332411
41 768 9208 0 1777797265 338397
38 739 19679 0 1777797265 338750
42 725 25908 0 1777797265 339134
40 776 11291 0 1777797265 342754
43 795 10453 0 1777797265 342759
41 769 4379 0 1777797265 342778
38 740 4591 0 1777797265 343342
38 741 4942 0 1777797265 348285
41 770 8224 0 1777797265 351002
43 796 8242 0 1777797265 351008
43 797 3488 0 1777797265 354502
40 777 12351 0 1777797265 355111
38 742 8024 0 1777797265 356312
43 798 2200 0 1777797265 356703
41 771 6837 0 1777797265 357846
40 778 5811 0 1777797265 360924
43 799 4697 0 1777797265 361401
43 800 5201 0 1777797265 366608
40 779 8860 0 1777797265 369787
40 780 1404 0 1777797265 371194
38 743 15464 0 1777797265 371779
40 781 3730 0 1777797265 374926
38 744 6576 0 1777797265 378357
39 854 46319 0 1777797265 378732
39 855 1904 0 1777797265 380639
39 856 7127 0 1777797265 387771
38 745 9655 0 1777797265 388015
40 782 13135 0 1777797265 388064
41 772 30222 0 1777797265 388069
42 726 48940 0 1777797265 388075
41 773 2725 0 1777797265 390828
40 783 3047 0 1777797265 391123
43 801 24583 0 1777797265 391196
42 727 3291 0 1777797265 391406
38 746 4356 0 1777797265 392372
40 784 5362 0 1777797265 396487
40 785 1551 0 1777797265 398039
42 728 6738 0 1777797265 398145
38 747 6189 0 1777797265 398565
40 786 2217 0 1777797265 400258
38 748 3776 0 1777797265 402342
39 857 14577 0 1777797265 402357
43 802 11348 0 1777797265 402546
40 787 3738 0 1777797265 403997
42 729 6112 0 1777797265 404259
38 749 3604 0 1777797265 405964
43 803 3855 0 1777797265 406403
40 788 7922 0 1777797265 411921
38 750 6496 0 1777797265 412465
42 730 8844 0 1777797265 413147
41 774 22511 0 1777797265 413348
43 804 7297 0 1777797265 413702
43 805 1166 0 1777797265 414871
39 858 14132 0 1777797265 416517
40 789 6456 0 1777797265 418379
38 751 6126 0 1777797265 418593
43 806 4172 0 1777797265 419044
42 731 7706 0 1777797265 420855
38 752 2971 0 1777797265 421568
41 775 13751 0 1777797265 427100
40 790 8949 0 1777797265 427329
42 732 7777 0 1777797265 428639
40 791 4609 0 1777797265 431940
38 753 10766 0 1777797265 432338
43 807 15517 0 1777797265 434563
42 733 5966 0 1777797265 434609
43 808 3275 0 1777797265 437846
39 859 21530 0 1777797265 438049
39 860 2811 0 1777797265 440863
43 809 3771 0 1777797265 441621
42 734 10692 0 1777797265 445303
40 792 16514 0 1777797265 448456
41 776 21449 0 1777797265 448557
39 861 11434 0 1777797265 452298
41 777 5844 0 1777797265 454402
39 862 2210 0 1777797265 454514
42 735 9219 0 1777797265 454523
40 793 6592 0 1777797265 455051
41 778 4121 0 1777797265 458531
39 863 6975 0 1777797265 461549
40 794 6519 0 1777797265 461572
38 754 29310 0 1777797265 461649
43 810 20714 0 1777797265 462338
42 736 8782 0 1777797265 463367
39 864 2265 0 1777797265 463838
43 811 1689 0 1777797265 464028
38 755 3547 0 1777797265 465196
42 737 2519 0 1777797265 465888
39 865 2175 0 1777797265 466016
43 812 2076 0 1777797265 466106
38 756 1374 0 1777797265 466572
40 795 8504 0 1777797265 470089
43 813 4180 0 1777797265 470288
38 757 5063 0 1777797265 471636
39 866 5635 0 1777797265 471652
40 796 1834 0 1777797265 471926
43 814 1643 0 1777797265 471933
42 738 6647 0 1777797265 472537
38 758 1790 0 1777797265 473443
42 739 1107 0 1777797265 473646
39 867 2545 0 1777797265 474207
43 815 2614 0 1777797265 474559
42 740 982 0 1777797265 474629
40 797 2962 0 1777797265 474897
42 741 1322 0 1777797265 475953
39 868 3151 0 1777797265 477361
40 798 2469 0 1777797265 477368
42 742 1519 0 1777797265 477473
43 816 4995 0 1777797265 479560
38 759 6855 0 1777797265 480300
41 779 22694 0 1777797265 481228
38 760 2112 0 1777797265 482415
39 869 7967 0 1777797265 485336
43 817 5778 0 1777797265 485342
42 743 8310 0 1777797265 485785
38 761 4127 0 1777797265 486548
40 799 10267 0 1777797265 487653
43 818 6363 0 1777797265 491716
39 870 6587 0 1777797265 491929
42 744 6155 0 1777797265 491941
38 762 5513 0 1777797265 492066
39 871 2985 0 1777797265 494915
42 745 4751 0 1777797265 496694
40 800 9116 0 1777797265 496771
38 763 5457 0 1777797265 497525
43 819 5899 0 1777797265 497620
39 872 3398 0 1777797265 498315
43 820 849 0 1777797265 498470
38 764 3187 0 1777797265 500714
42 746 4342 0 1777797265 501043
43 821 3638 0 1777797265 502110
39 873 4037 0 1777797265 502354
43 822 2990 0 1777797265 505101
42 747 4154 0 1777797265 505199
38 765 6300 0 1777797265 507016
42 748 1823 0 1777797265 507023
39 874 5995 0 1777797265 508351
40 801 11741 0 1777797265 508513
43 823 4146 0 1777797265 509249
38 766 3130 0 1777797265 510154
40 802 1742 0 1777797265 510257
41 780 29805 0 1777797265 511034
42 749 6033 0 1777797265 513066
38 767 3586 0 1777797265 513745
40 803 6063 0 1777797265 516322
41 781 5322 0 1777797265 516358
42 750 6531 0 1777797265 519606
39 875 11881 0 1777797265 520238
42 751 2085 0 1777797265 521693
39 876 1865 0 1777797265 522105
38 768 10206 0 1777797265 523953
39 877 1858 0 1777797265 523966
42 752 3068 0 1777797265 524763
39 878 1380 0 1777797265 525358
40 804 15657 0 1777797265 531985
42 753 7330 0 1777797265 532095
39 879 7363 0 1777797265 532724
40 805 1304 0 1777797265 533296
39 880 2953 0 1777797265 535678
42 754 3724 0 1777797265 535820
38 769 11890 0 1777797265 535858
43 824 27371 0 1777797265 536623
43 825 2717 0 1777797265 539343
42 755 3794 0 1777797265 539615
39 881 4082 0 1777797265 539762
38 770 4278 0 1777797265 540138
42 756 1362 0 1777797265 540978
43 826 1680 0 1777797265 541028
43 827 839 0 1777797265 541869
40 806 9233 0 1777797265 542531
38 771 2409 0 1777797265 542550
43 828 2649 0 1777797265 544520
40 807 2276 0 1777797265 544809
43 829 1320 0 1777797265 545842
39 882 7992 0 1777797265 547755
41 782 31427 0 1777797265 547786
42 757 6813 0 1777797265 547794
40 808 4801 0 1777797265 549612
42 758 1816 0 1777797265 549619
39 883 3019 0 1777797265 550776
40 809 2998 0 1777797265 552618
39 884 3623 0 1777797265 554401
42 759 4999 0 1777797265 554627
42 760 1115 0 1777797265 555744
39 885 2800 0 1777797265 557207
42 761 1719 0 1777797265 557467
40 810 6198 0 1777797265 558822
42 762 2711 0 1777797265 560182
43 830 15094 0 1777797265 560939
42 763 3433 0 1777797265 563629
43 831 2703 0 1777797265 563647
40 811 8502 0 1777797265 567326
42 764 7798 0 1777797265 571429
43 832 8317 0 1777797265 571966
38 772 29486 0 1777797265 572037
42 765 3343 0 1777797265 574774
38 773 3133 0 1777797265 575172
40 812 9439 0 1777797265 576775
42 766 2933 0 1777797265 577709
43 833 5770 0 1777797265 577737
38 774 6436 0 1777797265 581611
42 767 5407 0 1777797265 583119
40 813 6375 0 1777797265 583151
38 775 4519 0 1777797265 586131
40 814 4578 0 1777797265 587754
38 776 3570 0 1777797265 589755
42 768 7623 0 1777797265 590745
43 834 13570 0 1777797265 591309
43 835 1825 0 1777797265 593136
42 769 5061 0 1777797265 595810
38 777 6249 0 1777797265 596006
43 836 4832 0 1777797265 597969
42 770 3168 0 1777797265 598980
39 886 42125 0 1777797265 599334
40 815 13164 0 1777797265 600919
41 783 56836 0 1777797265 604631
38 778 8651 0 1777797265 604659
39 887 5356 0 1777797265 604693
43 837 10778 0 1777797265 608748
40 816 8477 0 1777797265 609398
43 838 1997 0 1777797265 610747
42 771 12608 0 1777797265 611590
38 779 10870 0 1777797265 615530
40 817 7237 0 1777797265 616638
43 839 5898 0 1777797265 616647
38 780 1416 0 1777797265 616947
39 888 12312 0 1777797265 617007
42 772 5494 0 1777797265 617086
43 840 3293 0 1777797265 619956
41 784 15465 0 1777797265 620098
38 781 4475 0 1777797265 621425
40 818 5926 0 1777797265 622574
42 773 5860 0 1777797265 622949
39 889 6591 0 1777797265 623599
43 841 3678 0 1777797265 623638
38 782 3276 0 1777797265 624705
39 890 2754 0 1777797265 626355
42 774 3599 0 1777797265 626549
38 783 9525 0 1777797265 634232
43 842 10599 0 1777797265 634238
41 785 16467 0 1777797265 636567
40 819 20651 0 1777797265 643228
38 784 20668 0 1777797265 654907
42 775 28497 0 1777797265 655047
43 843 20807 0 1777797265 655054
39 891 28721 0 1777797265 655078
40 820 11956 0 1777797265 655188
41 786 18621 0 1777797265 655194
43 844 3314 0 1777797265 658378
39 892 6331 0 1777797265 661410
43 845 3034 0 1777797265 661419
38 785 6736 0 1777797265 661650
40 821 6460 0 1777797265 661655
42 776 7535 0 1777797265 662590
39 893 4781 0 1777797265 666201
41 787 11145 0 1777797265 666347
40 822 6636 0 1777797265 668297
43 846 8191 0 1777797265 669634
38 786 8437 0 1777797265 670092
42 777 7506 0 1777797265 670098
39 894 4027 0 1777797265 670231
40 823 5546 0 1777797265 673845
41 788 7693 0 1777797265 674041
38 787 6616 0 1777797265 676715
39 895 7391 0 1777797265 677624
43 847 8160 0 1777797265 677802
40 824 7198 0 1777797265 681046
39 896 3634 0 1777797265 681264
41 789 9310 0 1777797265 683352
43 848 7768 0 1777797265 685571
40 825 4542 0 1777797265 685590
38 788 11361 0 1777797265 688078
39 897 8028 0 1777797265 689294
43 849 3726 0 1777797265 689298
41 790 10274 0 1777797265 693628
38 789 6188 0 1777797265 694268
43 850 11355 0 1777797265 700658
42 778 30872 0 1777797265 700990
41 791 8307 0 1777797265 701939
39 898 12744 0 1777797265 702042
38 790 9819 0 1777797265 704089
43 851 7798 0 1777797265 708458
39 899 8091 0 1777797265 710134
41 792 8201 0 1777797265 710141
42 779 9414 0 1777797265 710407
38 791 13727 0 1777797265 717821
39 900 10621 0 1777797265 720763
42 780 10476 0 1777797265 720885
40 826 35480 0 1777797265 721071
43 852 12615 0 1777797265 721075
41 793 11280 0 1777797265 721452
43 853 5789 0 1777797265 726869
40 827 6075 0 1777797265 727151
39 901 6400 0 1777797265 727169
38 792 17922 0 1777797265 735744
42 781 15293 0 1777797265 736180
41 794 16786 0 1777797265 738238
40 828 11499 0 1777797265 738651
43 854 11793 0 1777797265 738666
38 793 6619 0 1777797265 742365
39 902 15201 0 1777797265 742371
42 782 16665 0 1777797265 752847
39 903 10498 0 1777797265 752877
40 829 14214 0 1777797265 752881
41 795 15782 0 1777797265 754023
43 855 15347 0 1777797265 754029
38 794 12258 0 1777797265 754630
40 830 6505 0 1777797265 759392
41 796 7304 0 1777797265 761334
43 856 11229 0 1777797265 765266
42 783 12527 0 1777797265 765380
38 795 18111 0 1777797265 772742
40 831 15582 0 1777797265 774977
41 797 13641 0 1777797265 774981
39 904 22140 0 1777797265 775022
42 784 12412 0 1777797265 777792
40 832 4572 0 1777797265 779554
39 905 5199 0 1777797265 780223
42 785 4504 0 1777797265 782302
38 796 10758 0 1777797265 783503
39 906 3286 0 1777797265 783515
40 833 3991 0 1777797265 783546
43 857 19281 0 1777797265 784549
42 786 4577 0 1777797265 786886
43 858 4133 0 1777797265 788683
42 787 2627 0 1777797265 789518
38 797 6301 0 1777797265 789817
43 859 2442 0 1777797265 791128
41 798 18498 0 1777797265 793486
40 834 11695 0 1777797265 795242
39 907 12062 0 1777797265 795591
39 908 4723 0 1777797265 800364
38 798 10710 0 1777797265 800529
43 860 9566 0 1777797265 800695
42 788 11199 0 1777797265 800719
40 835 10977 0 1777797265 806221
41 799 13288 0 1777797265 806783
39 909 8469 0 1777797265 808835
42 789 8995 0 1777797265 809715
43 861 9098 0 1777797265 809794
43 862 1337 0 1777797265 811133
40 836 5692 0 1777797265 811915
38 799 12674 0 1777797265 813204
42 790 3501 0 1777797265 813219
39 910 6160 0 1777797265 815002
43 863 4192 0 1777797265 815328
38 800 3290 0 1777797265 816512
40 837 7081 0 1777797265 819002
41 800 14726 0 1777797265 821513
38 801 6427 0 1777797265 822941
43 864 7618 0 1777797265 822949
39 911 7973 0 1777797265 822977
40 838 5256 0 1777797265 824262
38 802 5374 0 1777797265 828324
43 865 5820 0 1777797265 828784
38 803 674 0 1777797265 829000
40 839 7102 0 1777797265 831366
38 804 2701 0 1777797265 831703
43 866 2966 0 1777797265 831752
39 912 10162 0 1777797265 833140
41 801 11650 0 1777797265 833165
40 840 2488 0 1777797265 833856
40 841 3255 0 1777797265 837116
43 867 6724 0 1777797265 838478
39 913 6284 0 1777797265 839450
40 842 2577 0 1777797265 839694
38 805 11186 0 1777797265 842899
39 914 3832 0 1777797265 843284
43 868 4840 0 1777797265 843327
40 843 3772 0 1777797265 843467
42 791 30255 0 1777797265 843487
41 802 12135 0 1777797265 845317
38 806 2949 0 1777797265 845857
43 869 2540 0 1777797265 845868
41 803 1044 0 1777797265 846364
41 804 1115 0 1777797265 847480
43 870 2039 0 1777797265 847926
39 915 6296 0 1777797265 849582
41 805 2745 0 1777797265 850227
43 871 6346 0 1777797265 854274
39 916 5877 0 1777797265 855463
42 792 13373 0 1777797265 856861
39 917 2830 0 1777797265 858295
41 806 8837 0 1777797265 859068
42 793 2320 0 1777797265 859187
40 844 17021 0 1777797265 860489
42 794 3998 0 1777797265 863187
43 872 8972 0 1777797265 863254
39 918 5773 0 1777797265 864079
43 873 2523 0 1777797265 865778
41 807 8385 0 1777797265 867454
43 874 2942 0 1777797265 868724
42 795 10306 0 1777797265 873496
41 808 6250 0 1777797265 873706
43 875 5042 0 1777797265 873772
41 809 2070 0 1777797265 875779
43 876 4312 0 1777797265 878086
41 810 2356 0 1777797265 878137
38 807 32437 0 1777797265 878306
43 877 1900 0 1777797265 879990
40 845 20361 0 1777797265 880855
40 846 2788 0 1777797265 883645
43 878 5596 0 1777797265 885587
42 796 14216 0 1777797265 887720
43 879 3041 0 1777797265 888631
42 797 1712 0 1777797265 889433
43 880 2504 0 1777797265 891136
38 808 16053 0 1777797265 894360
41 811 16230 0 1777797265 894368
42 798 4949 0 1777797265 894383
43 881 19523 0 1777797265 910660
38 809 17259 0 1777797265 911643
40 847 28841 0 1777797265 912489
39 919 50942 0 1777797265 915026
43 882 4560 0 1777797265 915221
40 848 8221 0 1777797265 920711
39 920 7509 0 1777797265 922539
42 799 30193 0 1777797265 924586
41 812 30255 0 1777797265 924645
40 849 4519 0 1777797265 925231
43 883 13678 0 1777797265 928900
38 810 17304 0 1777797265 928949
39 921 8450 0 1777797265 930992
42 800 6431 0 1777797265 931018
43 884 6212 0 1777797265 935114
39 922 5672 0 1777797265 936669
41 813 16124 0 1777797265 940771
38 811 11854 0 1777797265 940804
43 885 5769 0 1777797265 940890
41 814 5338 0 1777797265 946118
42 801 15157 0 1777797265 946176
39 923 9834 0 1777797265 946505
38 812 5757 0 1777797265 946562
40 850 21907 0 1777797265 947140
43 886 8750 0 1777797265 949642
38 813 7624 0 1777797265 954260
40 851 7122 0 1777797265 954264
41 815 8148 0 1777797265 954268
39 924 8193 0 1777797265 954699
39 925 5680 0 1777797265 960381
42 802 14214 0 1777797265 960392
43 887 10753 0 1777797265 960397
41 816 7556 0 1777797265 961834
40 852 7782 0 1777797265 962055
38 814 8037 0 1777797265 962306
39 926 2236 0 1777797265 962634
42 803 4218 0 1777797265 964623
41 817 7024 0 1777797265 968859
40 853 7360 0 1777797265 969416
42 804 4791 0 1777797265 969423
38 815 9180 0 1777797265 971487
39 927 11648 0 1777797265 974285
43 888 17070 0 1777797265 977481
41 818 8638 0 1777797265 977499
42 805 8350 0 1777797265 977786
38 816 6753 0 1777797265 978243
40 854 8888 0 1777797265 978312
39 928 4423 0 1777797265 978710
43 889 3094 0 1777797265 980577
40 855 3885 0 1777797265 982240
39 929 4186 0 1777797265 982899
41 819 6336 0 1777797265 983836
42 806 6053 0 1777797265 983841
43 890 5736 0 1777797265 986315
38 817 9251 0 1777797265 987495
40 856 5889 0 1777797265 988134
42 807 7240 0 1777797265 991088
38 818 3661 0 1777797265 991158
39 930 8266 0 1777797265 991166
43 891 5253 0 1777797265 991601
41 820 8126 0 1777797265 991967
42 808 4138 0 1777797265 995248
40 857 7427 0 1777797265 995563
38 819 4537 0 1777797265 995704
39 931 4779 0 1777797265 995956
39 932 1332 0 1777797265 997290
42 809 3287 0 1777797265 998537
39 933 5051 0 1777797266 2345
43 892 12020 0 1777797266 3622
41 821 11817 0 1777797266 3786
40 858 8797 0 1777797266 4363
42 810 6087 0 1777797266 4624
38 820 9431 0 1777797266 5136
39 934 5646 0 1777797266 7994
41 822 5230 0 1777797266 9017
42 811 4905 0 1777797266 9530
43 893 10671 0 1777797266 14298
40 859 9951 0 1777797266 14318
39 935 6744 0 1777797266 14744
38 821 9791 0 1777797266 14930
42 812 5961 0 1777797266 15511
41 823 6824 0 1777797266 15842
40 860 7149 0 1777797266 21468
38 822 7482 0 1777797266 22415
39 936 8241 0 1777797266 22987
41 824 7150 0 1777797266 22994
42 813 7488 0 1777797266 23001
43 894 8798 0 1777797266 23098
40 861 7416 0 1777797266 28886
38 823 6698 0 1777797266 29115
43 895 6036 0 1777797266 29135
41 825 6180 0 1777797266 29191
39 937 7158 0 1777797266 30160
42 814 7819 0 1777797266 30837
41 826 1847 0 1777797266 31039
43 896 2893 0 1777797266 32029
42 815 1962 0 1777797266 32801
39 938 3547 0 1777797266 33709
43 897 3039 0 1777797266 35069
40 862 7611 0 1777797266 36504
43 898 3211 0 1777797266 38285
38 824 10198 0 1777797266 39314
42 816 8854 0 1777797266 41657
39 939 9601 0 1777797266 43312
43 899 5368 0 1777797266 43655
42 817 5162 0 1777797266 46821
42 818 6333 0 1777797266 53160
39 940 12972 0 1777797266 56287
38 825 18049 0 1777797266 57365
43 900 13720 0 1777797266 57377
39 941 1487 0 1777797266 57777
38 826 2011 0 1777797266 59389
39 942 1619 0 1777797266 59399
39 943 28117 0 1777797266 87529
40 863 51047 0 1777797266 87553
38 827 28297 0 1777797266 87697
41 827 57881 0 1777797266 88921
42 819 37899 0 1777797266 91062
39 944 8661 0 1777797266 96194
42 820 5509 0 1777797266 96574
43 901 40781 0 1777797266 98174
40 864 10807 0 1777797266 98361
38 828 11656 0 1777797266 99354
40 865 8547 0 1777797266 106909
42 821 10341 0 1777797266 106917
43 902 10110 0 1777797266 108291
39 945 15777 0 1777797266 111973
41 828 23862 0 1777797266 112786
41 829 9706 0 1777797266 122495
42 822 15582 0 1777797266 122508
38 829 23680 0 1777797266 123036
40 866 19536 0 1777797266 126454
41 830 7454 0 1777797266 129964
39 946 27128 0 1777797266 139104
42 823 16972 0 1777797266 139500
43 903 34699 0 1777797266 142994
38 830 20684 0 1777797266 143721
39 947 16545 0 1777797266 155656
41 831 25700 0 1777797266 155666
38 831 12194 0 1777797266 155917
40 867 29732 0 1777797266 156187
43 904 13199 0 1777797266 156195
42 824 17176 0 1777797266 156678
39 948 2377 0 1777797266 158044
41 832 5708 0 1777797266 161386
38 832 18621 0 1777797266 174539
40 868 18355 0 1777797266 174551
43 905 18352 0 1777797266 174560
39 949 18491 0 1777797266 176537
42 825 19895 0 1777797266 176575
41 833 24035 0 1777797266 185422
40 869 16216 0 1777797266 190789
43 906 16711 0 1777797266 191293
38 833 16756 0 1777797266 191317
42 826 25916 0 1777797266 202527
39 950 31134 0 1777797266 207711
40 870 24815 0 1777797266 215607
41 834 30189 0 1777797266 215613
38 834 32171 0 1777797266 223489
42 827 20969 0 1777797266 223498
43 907 32207 0 1777797266 223501
39 951 17810 0 1777797266 225522
40 871 16656 0 1777797266 232272
41 835 16655 0 1777797266 232278
38 835 12002 0 1777797266 235504
42 828 11999 0 1777797266 235508
39 952 20580 0 1777797266 246103
43 908 22597 0 1777797266 246111
38 836 25533 0 1777797266 261042
41 836 28751 0 1777797266 261045
42 829 25536 0 1777797266 261049
40 872 32678 0 1777797266 264957
39 953 29070 0 1777797266 275181
43 909 29066 0 1777797266 275188
38 837 20263 0 1777797266 281312
41 837 20271 0 1777797266 281325
42 830 20316 0 1777797266 281375
40 873 22398 0 1777797266 287358
39 954 17409 0 1777797266 292598
43 910 18439 0 1777797266 293641
42 831 12265 0 1777797266 293672
38 838 25808 0 1777797266 307185
40 874 19856 0 1777797266 307217
41 838 25835 0 1777797266 307233
42 832 13567 0 1777797266 307239
39 955 15034 0 1777797266 308677
43 911 15027 0 1777797266 308685
41 839 8301 0 1777797266 315561
38 839 13572 0 1777797266 320811
40 875 13583 0 1777797266 320836
42 833 13578 0 1777797266 320844
39 956 13052 0 1777797266 321738
43 912 13044 0 1777797266 321742
41 840 8286 0 1777797266 323858
38 840 6134 0 1777797266 326980
42 834 6143 0 1777797266 327009
40 876 7399 0 1777797266 328256
38 841 17479 0 1777797266 344489
39 957 22759 0 1777797266 344501
40 877 16250 0 1777797266 344509
41 841 20648 0 1777797266 344515
42 835 17485 0 1777797266 344520
43 913 22776 0 1777797266 344526
38 842 18981 0 1777797266 363507
39 958 18962 0 1777797266 363511
40 878 18912 0 1777797266 363515
41 842 18860 0 1777797266 363519
42 836 18830 0 1777797266 363523
43 914 18824 0 1777797266 363526
38 843 29863 0 1777797266 393390
39 959 29864 0 1777797266 393395
40 879 29863 0 1777797266 393398
41 843 29844 0 1777797266 393402
42 837 29842 0 1777797266 393406
43 915 29843 0 1777797266 393410
38 844 15441 0 1777797266 408851
39 960 29042 0 1777797266 422459
40 880 29096 0 1777797266 422518
41 844 29112 0 1777797266 422539
42 838 29116 0 1777797266 422547
43 916 29119 0 1777797266 422554
38 845 15611 0 1777797266 424464
38 846 11920 0 1777797266 436385
39 961 13837 0 1777797266 436392
40 881 13822 0 1777797266 436397
41 845 13817 0 1777797266 436402
42 839 13813 0 1777797266 436406
43 917 13811 0 1777797266 436411
38 847 17073 0 1777797266 453484
39 962 17075 0 1777797266 453495
40 882 17078 0 1777797266 453502
41 846 17079 0 1777797266 453508
42 840 17081 0 1777797266 453514
43 918 17083 0 1777797266 453520
38 848 7333 0 1777797266 460854
39 963 7117 0 1777797266 460863
40 883 6983 0 1777797266 460870
41 847 6984 0 1777797266 460888
42 841 6998 0 1777797266 460922
43 919 6952 0 1777797266 460929
38 849 8788 0 1777797266 469718
40 884 8787 0 1777797266 469733
41 848 8651 0 1777797266 469761
42 842 8644 0 1777797266 469771
43 920 8680 0 1777797266 469814
39 964 11911 0 1777797266 472850
38 850 10107 0 1777797266 479923
41 849 10080 0 1777797266 479926
39 965 10393 0 1777797266 483245
40 885 13419 0 1777797266 483256
42 843 13417 0 1777797266 483285
43 921 13269 0 1777797266 483294
41 850 7697 0 1777797266 487628
38 851 9408 0 1777797266 489335
39 966 6048 0 1777797266 489343
40 886 6040 0 1777797266 489349
42 844 6038 0 1777797266 489355
38 852 6652 0 1777797266 496008
39 967 6699 0 1777797266 496065
40 887 6701 0 1777797266 496075
41 851 8451 0 1777797266 496081
42 845 6704 0 1777797266 496086
43 922 12768 0 1777797266 496092
38 853 17612 0 1777797266 513705
39 968 17644 0 1777797266 513749
41 852 17641 0 1777797266 513759
42 846 17643 0 1777797266 513768
43 923 17644 0 1777797266 513775
38 854 10925 0 1777797266 524701
39 969 10920 0 1777797266 524709
40 888 28603 0 1777797266 524715
41 853 10922 0 1777797266 524721
42 847 10920 0 1777797266 524729
43 924 10921 0 1777797266 524735
41 854 13089 0 1777797266 537846
42 848 13094 0 1777797266 537857
43 925 13096 0 1777797266 537865
38 855 15035 0 1777797266 539770
40 889 38703 0 1777797266 563454
39 970 39802 0 1777797266 564546
38 856 29134 0 1777797266 568907
40 890 15157 0 1777797266 578617
39 971 16702 0 1777797266 581252
41 855 57059 0 1777797266 594925
38 857 27849 0 1777797266 596759
38 858 3601 0 1777797266 600361
41 856 10735 0 1777797266 605662
42 849 71989 0 1777797266 609864
43 926 71987 0 1777797266 609869
39 972 30355 0 1777797266 611629
40 891 39166 0 1777797266 617786
38 859 24646 0 1777797266 625008
43 927 18528 0 1777797266 628402
39 973 28485 0 1777797266 640118
42 850 30260 0 1777797266 640129
41 857 35886 0 1777797266 641550
43 928 13889 0 1777797266 642294
41 858 3278 0 1777797266 644831
43 929 5710 0 1777797266 648007
38 860 25149 0 1777797266 650160
41 859 5334 0 1777797266 650166
42 851 10049 0 1777797266 650190
40 892 39490 0 1777797266 657280
43 930 12346 0 1777797266 660354
38 861 12222 0 1777797266 662413
39 974 22295 0 1777797266 662425
41 860 14091 0 1777797266 664289
40 893 9454 0 1777797266 666735
42 852 16540 0 1777797266 666743
43 931 6392 0 1777797266 666749
38 862 14934 0 1777797266 679228
39 975 14928 0 1777797266 679242
40 894 12510 0 1777797266 679259
41 861 14948 0 1777797266 679268
42 853 15588 0 1777797266 682344
43 932 15592 0 1777797266 682353
41 862 9211 0 1777797266 688533
38 863 13494 0 1777797266 692764
39 976 13474 0 1777797266 692772
40 895 13472 0 1777797266 692779
41 863 11309 0 1777797266 699843
42 854 17502 0 1777797266 699856
43 933 17476 0 1777797266 699863
38 864 16420 0 1777797266 709201
40 896 16404 0 1777797266 709206
39 977 25377 0 1777797266 718171
41 864 18314 0 1777797266 718178
43 934 18027 0 1777797266 718182
42 855 24182 0 1777797266 724307
38 865 25752 0 1777797266 734958
40 897 25749 0 1777797266 734961
41 865 16777 0 1777797266 734965
43 935 18109 0 1777797266 736303
41 866 22211 0 1777797266 757187
42 856 32884 0 1777797266 757192
38 866 29556 0 1777797266 764522
39 978 46348 0 1777797266 764530
40 898 29562 0 1777797266 764533
43 936 29145 0 1777797266 765449
41 867 11918 0 1777797266 769111
42 857 11916 0 1777797266 769116
38 867 24799 0 1777797266 789333
43 937 27794 0 1777797266 793245
40 899 31245 0 1777797266 795828
42 858 41247 0 1777797266 810370
39 979 59211 0 1777797266 823781
41 868 69700 0 1777797266 838817
43 938 49482 0 1777797266 842730
43 939 4919 0 1777797266 847650
39 980 33053 0 1777797266 856835
40 900 64264 0 1777797266 860098
38 868 90001 0 1777797266 879343
41 869 46019 0 1777797266 884843
43 940 37198 0 1777797266 884852
40 901 34334 0 1777797266 894439
39 981 45557 0 1777797266 902394
42 859 92034 0 1777797266 902405
38 869 30890 0 1777797266 910235
40 902 15794 0 1777797266 910240
41 870 25391 0 1777797266 910243
43 941 25386 0 1777797266 910248
39 982 9818 0 1777797266 912223
38 870 8352 0 1777797266 918600
43 942 10639 0 1777797266 920904
40 903 12125 0 1777797266 922379
39 983 16110 0 1777797266 928336
41 871 18096 0 1777797266 928355
38 871 8015 0 1777797266 928922
42 860 26850 0 1777797266 929265
43 943 8350 0 1777797266 929281
39 984 9479 0 1777797266 937836
41 872 9489 0 1777797266 937860
38 872 9726 0 1777797266 938993
39 985 7362 0 1777797266 945201
38 873 13796 0 1777797266 952790
40 904 33568 0 1777797266 955952
42 861 26690 0 1777797266 955961
43 944 26685 0 1777797266 955967
39 986 20799 0 1777797266 966002
40 905 10052 0 1777797266 966020
41 873 28166 0 1777797266 966027
42 862 10054 0 1777797266 966034
38 874 13477 0 1777797266 966273
43 945 10293 0 1777797266 966284
39 987 4475 0 1777797266 970510
42 863 4275 0 1777797266 970522
38 875 7848 0 1777797266 974133
40 906 7919 0 1777797266 974142
41 874 7917 0 1777797266 974150
43 946 7769 0 1777797266 974157
38 876 3894 0 1777797266 978052
39 988 7540 0 1777797266 978063
42 864 7542 0 1777797266 978081
41 875 4903 0 1777797266 979091
40 907 4983 0 1777797266 979156
43 947 7144 0 1777797266 981339
38 877 7750 0 1777797266 985833
40 908 7810 0 1777797266 986968
39 989 9392 0 1777797266 987494
38 878 4805 0 1777797266 990640
41 876 11558 0 1777797266 990650
43 948 9311 0 1777797266 990655
42 865 14431 0 1777797266 992540
43 949 4155 0 1777797266 994829
39 990 9783 0 1777797266 997279
40 909 10326 0 1777797266 997298
38 879 8304 0 1777797266 998960
41 877 8305 0 1777797266 998969
42 866 8341 0 1777797267 884
41 878 8980 0 1777797267 7957
43 950 15504 0 1777797267 10335
40 910 13513 0 1777797267 10833
38 880 12516 0 1777797267 11485
39 991 14189 0 1777797267 11488
42 867 10606 0 1777797267 11491
41 879 7776 0 1777797267 15737
43 951 5686 0 1777797267 16022
39 992 6789 0 1777797267 18286
40 911 9994 0 1777797267 20828
38 881 10972 0 1777797267 22463
42 868 10966 0 1777797267 22467
38 882 11277 0 1777797267 33745
39 993 21004 0 1777797267 39292
41 880 23562 0 1777797267 39300
42 869 16786 0 1777797267 39307
38 883 12832 0 1777797267 46581
40 912 25761 0 1777797267 46590
41 881 7314 0 1777797267 46632
43 952 30616 0 1777797267 46639
39 994 9497 0 1777797267 48805
42 870 9488 0 1777797267 48813
38 884 7294 0 1777797267 53934
40 913 7294 0 1777797267 53955
41 882 7286 0 1777797267 53964
42 871 4970 0 1777797267 53969
43 953 7293 0 1777797267 53977
39 995 9594 0 1777797267 58408
42 872 4410 0 1777797267 58415
38 885 7915 0 1777797267 61893
41 883 7905 0 1777797267 61903
43 954 7899 0 1777797267 61911
39 996 13011 0 1777797267 71428
40 914 22304 0 1777797267 76294
41 884 14384 0 1777797267 76311
43 955 14383 0 1777797267 76319
38 886 15809 0 1777797267 77722
43 956 4230 0 1777797267 80634
40 915 6483 0 1777797267 82803
42 873 24353 0 1777797267 82811
39 997 15829 0 1777797267 87259
41 885 10917 0 1777797267 87272
43 957 6644 0 1777797267 87280
38 887 13918 0 1777797267 91646
39 998 7867 0 1777797267 95148
40 916 12346 0 1777797267 95159
38 888 5284 0 1777797267 96934
41 886 9648 0 1777797267 96942
43 958 9645 0 1777797267 96948
41 887 7875 0 1777797267 104833
38 889 9781 0 1777797267 106730
43 959 9805 0 1777797267 106770
39 999 11671 0 1777797267 106831
40 917 11667 0 1777797267 106837
39 1000 6807 0 1777797267 113645
42 874 30922 0 1777797267 113747
38 890 12110 0 1777797267 118882
40 918 12043 0 1777797267 118892
43 960 12110 0 1777797267 118899
38 891 6634 0 1777797267 125534
43 961 6603 0 1777797267 125554
43 962 5455 0 1777797267 131021
38 892 12808 0 1777797267 138364
43 963 7362 0 1777797267 138385
38 893 9331 0 1777797267 147717
43 964 9331 0 1777797267 147733
39 1001 43446 0 1777797267 157197
40 919 38294 0 1777797267 157205
42 875 43439 0 1777797267 157212
41 888 53004 0 1777797267 157838
42 876 7008 0 1777797267 164249
41 889 7315 0 1777797267 165155
39 1002 12867 0 1777797267 170080
42 877 7710 0 1777797267 171962
41 890 9861 0 1777797267 175019
40 920 20956 0 1777797267 178180
38 894 41446 0 1777797267 189180
39 1003 19104 0 1777797267 189189
42 878 17233 0 1777797267 189197
40 921 14208 0 1777797267 192389
43 965 44584 0 1777797267 192414
39 1004 6606 0 1777797267 195816
41 891 24118 0 1777797267 199145
42 879 12942 0 1777797267 202177
40 922 10800 0 1777797267 203216
39 1005 9690 0 1777797267 205512
41 892 9536 0 1777797267 208683
39 1006 10202 0 1777797267 215719
40 923 12507 0 1777797267 215727
43 966 23668 0 1777797267 216096
42 880 15055 0 1777797267 217236
40 924 3845 0 1777797267 219585
43 967 5723 0 1777797267 221821
39 1007 6890 0 1777797267 222618
41 893 16097 0 1777797267 224787
39 1008 6732 0 1777797267 229352
43 968 10494 0 1777797267 232317
40 925 16682 0 1777797267 236274
38 895 50678 0 1777797267 239876
42 881 22640 0 1777797267 239883
43 969 9788 0 1777797267 242108
40 926 9096 0 1777797267 245375
38 896 8230 0 1777797267 248114
42 882 8893 0 1777797267 248783
39 1009 24814 0 1777797267 254169
41 894 35440 0 1777797267 260229
43 970 18135 0 1777797267 260245
40 927 19315 0 1777797267 264692
41 895 10617 0 1777797267 270864
40 928 7685 0 1777797267 272380
42 883 23899 0 1777797267 272683
38 897 29204 0 1777797267 277320
41 896 6494 0 1777797267 277360
40 929 7464 0 1777797267 279846
39 1010 33418 0 1777797267 287588
41 897 10213 0 1777797267 287599
38 898 11536 0 1777797267 288898
40 930 9056 0 1777797267 288906
38 899 5764 0 1777797267 294671
40 931 7990 0 1777797267 296906
41 898 13778 0 1777797267 301392
40 932 6505 0 1777797267 303417
40 933 2392 0 1777797267 305815
40 934 1213 0 1777797267 307032
39 1011 20790 0 1777797267 308391
40 935 1766 0 1777797267 308800
41 899 12453 0 1777797267 313853
38 900 19490 0 1777797267 314172
38 901 1540 0 1777797267 315714
42 884 45825 0 1777797267 318514
43 971 59545 0 1777797267 319807
39 1012 15817 0 1777797267 324210
38 902 14979 0 1777797267 330695
40 936 21901 0 1777797267 330703
41 900 16854 0 1777797267 330708
43 972 10914 0 1777797267 330723
39 1013 20291 0 1777797267 344503
42 885 25993 0 1777797267 344512
43 973 18560 0 1777797267 349312
38 903 18930 0 1777797267 349654
39 1014 8451 0 1777797267 352964
42 886 27466 0 1777797267 371988
43 974 24101 0 1777797267 373421
38 904 23962 0 1777797267 373620
39 1015 20668 0 1777797267 373644
40 937 42914 0 1777797267 373649
42 887 3206 0 1777797267 375204
38 905 6327 0 1777797267 379977
40 938 7410 0 1777797267 381075
43 975 7659 0 1777797267 381082
39 1016 8163 0 1777797267 381821
41 901 51106 0 1777797267 381849
39 1017 2971 0 1777797267 384798
41 902 3324 0 1777797267 385174
40 939 4934 0 1777797267 386018
38 906 8307 0 1777797267 388286
43 976 7778 0 1777797267 388874
41 903 5474 0 1777797267 390650
40 940 5450 0 1777797267 391470
39 1018 6883 0 1777797267 391684
38 907 5874 0 1777797267 394189
42 888 20738 0 1777797267 395946
39 1019 5325 0 1777797267 397011
41 904 8909 0 1777797267 399564
39 1020 12974 0 1777797267 409988
40 941 18523 0 1777797267 409995
41 905 10435 0 1777797267 410001
42 889 14060 0 1777797267 410008
43 977 21135 0 1777797267 410012
38 908 18033 0 1777797267 412225
40 942 6852 0 1777797267 416873
41 906 6866 0 1777797267 416895
42 890 9878 0 1777797267 419924
39 1021 16902 0 1777797267 426915
40 943 11368 0 1777797267 428264
42 891 9138 0 1777797267 429063
43 978 25716 0 1777797267 435775
39 1022 12418 0 1777797267 439336
41 907 30455 0 1777797267 447357
42 892 20594 0 1777797267 449659
38 909 76790 0 1777797267 489021
39 1023 51357 0 1777797267 490694
40 944 63672 0 1777797267 491937
43 979 56799 0 1777797267 492578
39 1024 10852 0 1777797267 501547
38 910 14597 0 1777797267 503619
40 945 18720 0 1777797267 510658
39 1025 9162 0 1777797267 510710
39 1026 6775 0 1777797267 517486
40 946 22944 0 1777797267 533603
41 908 86250 0 1777797267 533609
42 893 83952 0 1777797267 533614
43 980 49394 0 1777797267 541974
39 1027 26015 0 1777797267 543504
40 947 14468 0 1777797267 548083
40 948 7700 0 1777797267 555784
43 981 13832 0 1777797267 555807
43 982 3021 0 1777797267 558838
40 949 3444 0 1777797267 559252
41 909 27476 0 1777797267 561097
43 983 2880 0 1777797267 561720
40 950 3859 0 1777797267 563113
43 984 3640 0 1777797267 565361
42 894 35931 0 1777797267 569557
41 910 20089 0 1777797267 581188
43 985 15831 0 1777797267 581193
39 1028 39931 0 1777797267 583437
43 986 3222 0 1777797267 584422
38 911 86203 0 1777797267 589824
43 987 7764 0 1777797267 592188
42 895 24610 0 1777797267 594169
38 912 8308 0 1777797267 598138
39 1029 17192 0 1777797267 600629
42 896 12309 0 1777797267 606479
39 1030 9917 0 1777797267 610548
38 913 17508 0 1777797267 615648
41 911 34462 0 1777797267 615656
42 897 16448 0 1777797267 622928
43 988 30824 0 1777797267 623014
39 1031 12769 0 1777797267 623319
38 914 23462 0 1777797267 639118
41 912 24440 0 1777797267 640104
42 898 20623 0 1777797267 643553
39 1032 23025 0 1777797267 646344
41 913 11849 0 1777797267 651954
38 915 14209 0 1777797267 653330
43 989 32047 0 1777797267 655062
40 951 93673 0 1777797267 656789
43 990 7132 0 1777797267 662200
41 914 12100 0 1777797267 664056
42 899 21515 0 1777797267 665070
40 952 10652 0 1777797267 667443
41 915 6314 0 1777797267 670371
42 900 5318 0 1777797267 670390
38 916 17515 0 1777797267 670846
43 991 9976 0 1777797267 672176
43 992 2361 0 1777797267 674542
38 917 4515 0 1777797267 675364
42 901 5610 0 1777797267 676020
41 916 6657 0 1777797267 677056
38 918 6297 0 1777797267 681663
39 1033 35326 0 1777797267 681671
42 902 5991 0 1777797267 682013
38 919 11320 0 1777797267 692993
40 953 25693 0 1777797267 693139
38 920 2271 0 1777797267 695267
41 917 18210 0 1777797267 695274
40 954 2718 0 1777797267 695858
42 903 15504 0 1777797267 697518
38 921 6924 0 1777797267 702200
40 955 6357 0 1777797267 702217
39 1034 23892 0 1777797267 705573
41 918 11843 0 1777797267 707127
42 904 10109 0 1777797267 707629
38 922 6650 0 1777797267 708868
38 923 7284 0 1777797267 716154
42 905 8530 0 1777797267 716162
40 956 17420 0 1777797267 719653
41 919 12529 0 1777797267 719657
38 924 6938 0 1777797267 723101
42 906 6938 0 1777797267 723109
43 993 53287 0 1777797267 727834
38 925 5014 0 1777797267 728123
42 907 5698 0 1777797267 728819
39 1035 29143 0 1777797267 734718
38 926 7111 0 1777797267 735235
40 957 15581 0 1777797267 735238
41 920 15579 0 1777797267 735241
43 994 16097 0 1777797267 743932
38 927 21401 0 1777797267 756643
43 995 19334 0 1777797267 763292
39 1036 34408 0 1777797267 769130
38 928 20815 0 1777797267 777461
39 1037 8339 0 1777797267 777470
41 921 42228 0 1777797267 777477
42 908 48665 0 1777797267 777484
40 958 43417 0 1777797267 778664
40 959 5048 0 1777797267 783716
38 929 13944 0 1777797267 791430
39 1038 13942 0 1777797267 791439
41 922 13941 0 1777797267 791447
42 909 13943 0 1777797267 791456
43 996 28325 0 1777797267 791618
40 960 10217 0 1777797267 793936
42 910 8608 0 1777797267 800242
38 930 10992 0 1777797267 802612
39 1039 11115 0 1777797267 802740
41 923 11116 0 1777797267 802746
43 997 11110 0 1777797267 802749
38 931 11530 0 1777797267 814279
40 961 20348 0 1777797267 814286
42 911 14538 0 1777797267 814788
41 924 12632 0 1777797267 815394
43 998 12639 0 1777797267 815405
39 1040 14205 0 1777797267 816960
38 932 7919 0 1777797267 822205
40 962 7917 0 1777797267 822212
41 925 7496 0 1777797267 822901
39 1041 8625 0 1777797267 825587
43 999 10185 0 1777797267 825599
42 912 11977 0 1777797267 826766
38 933 6353 0 1777797267 828566
40 963 7134 0 1777797267 829358
41 926 7964 0 1777797267 830867
43 1000 6628 0 1777797267 832241
38 934 7816 0 1777797267 836384
39 1042 10891 0 1777797267 836492
39 1043 3463 0 1777797267 840016
40 964 10700 0 1777797267 840062
42 913 13318 0 1777797267 840086
43 1001 7851 0 1777797267 840096
38 935 7288 0 1777797267 843782
41 927 12918 0 1777797267 843786
43 1002 3663 0 1777797267 843789
42 914 3819 0 1777797267 843937
39 1044 6216 0 1777797267 846313
40 965 8012 0 1777797267 848121
38 936 10961 0 1777797267 854750
39 1045 8436 0 1777797267 854759
43 1003 10968 0 1777797267 854767
39 1046 3445 0 1777797267 858234
42 915 14316 0 1777797267 858253
40 966 12743 0 1777797267 860868
38 937 7138 0 1777797267 861905
41 928 18117 0 1777797267 861912
43 1004 7163 0 1777797267 861959
38 938 3138 0 1777797267 865099
42 916 7481 0 1777797267 865749
39 1047 8584 0 1777797267 866839
40 967 9154 0 1777797267 870025
41 929 8061 0 1777797267 870034
38 939 7319 0 1777797267 872421
43 1005 10439 0 1777797267 872428
39 1048 8771 0 1777797267 875612
42 917 9879 0 1777797267 875630
43 1006 3728 0 1777797267 876169
38 940 4636 0 1777797267 877065
40 968 8262 0 1777797267 878297
38 941 4598 0 1777797267 881664
41 930 12534 0 1777797267 882598
43 1007 6434 0 1777797267 882605
39 1049 12406 0 1777797267 888038
38 942 6592 0 1777797267 888258
40 969 10200 0 1777797267 888499
43 1008 7885 0 1777797267 890498
38 943 4075 0 1777797267 892336
39 1050 5419 0 1777797267 893460
42 918 18032 0 1777797267 893674
40 970 5522 0 1777797267 894024
43 1009 3647 0 1777797267 894147
39 1051 4061 0 1777797267 897527
43 1010 3493 0 1777797267 897642
38 944 5441 0 1777797267 897778
41 931 17011 0 1777797267 899617
42 919 7009 0 1777797267 900685
39 1052 3649 0 1777797267 901177
41 932 6569 0 1777797267 906188
38 945 12627 0 1777797267 910406
40 971 16387 0 1777797267 910412
42 920 10994 0 1777797267 911680
39 1053 13637 0 1777797267 914815
41 933 12846 0 1777797267 919043
42 921 9103 0 1777797267 920783
40 972 11384 0 1777797267 921805
43 1011 24269 0 1777797267 921912
43 1012 1472 0 1777797267 923386
38 946 18948 0 1777797267 929362
39 1054 14552 0 1777797267 929368
41 934 11070 0 1777797267 930115
38 947 4433 0 1777797267 933803
41 935 3933 0 1777797267 934050
39 1055 6487 0 1777797267 935866
43 1013 12486 0 1777797267 935874
38 948 6196 0 1777797267 940002
39 1056 5684 0 1777797267 941559
43 1014 10215 0 1777797267 946100
38 949 7258 0 1777797267 947262
39 1057 7861 0 1777797267 949422
39 1058 6086 0 1777797267 955510
43 1015 9415 0 1777797267 955517
38 950 9458 0 1777797267 956722
41 936 22679 0 1777797267 956731
39 1059 6941 0 1777797267 962459
43 1016 8101 0 1777797267 963630
38 951 12562 0 1777797267 969295
41 937 18800 0 1777797267 975559
39 1060 17138 0 1777797267 979599
42 922 58822 0 1777797267 979606
43 1017 15980 0 1777797267 979612
41 938 10735 0 1777797267 986300
43 1018 6665 0 1777797267 986307
39 1061 8726 0 1777797267 988339
41 939 3564 0 1777797267 989872
41 940 783 0 1777797267 990659
40 973 70070 0 1777797267 991878
41 941 1377 0 1777797267 992078
38 952 28602 0 1777797267 997906
41 942 5851 0 1777797267 997932
42 923 19168 0 1777797267 998793
42 924 2892 0 1777797268 1687
38 953 5580 0 1777797268 3491
39 1062 16355 0 1777797268 4696
40 974 14878 0 1777797268 6758
39 1063 2513 0 1777797268 7212
38 954 10466 0 1777797268 13965
39 1064 6758 0 1777797268 13973
42 925 12289 0 1777797268 13979
43 1019 27654 0 1777797268 13995
40 975 8423 0 1777797268 15184
41 943 17298 0 1777797268 15231
42 926 6313 0 1777797268 20364
38 955 6792 0 1777797268 20790
41 944 5583 0 1777797268 20826
40 976 13975 0 1777797268 29208
38 956 9228 0 1777797268 30056
40 977 1007 0 1777797268 30217
41 945 9629 0 1777797268 30501
40 978 1623 0 1777797268 31843
41 946 2461 0 1777797268 32963
38 957 7831 0 1777797268 37892
39 1065 23892 0 1777797268 37901
42 927 17543 0 1777797268 37909
43 1020 24833 0 1777797268 38905
41 947 6546 0 1777797268 39511
38 958 3927 0 1777797268 41837
42 928 8020 0 1777797268 45948
38 959 4768 0 1777797268 46607
39 1066 8732 0 1777797268 46651
39 1067 4953 0 1777797268 51607
41 948 12125 0 1777797268 51637
38 960 5663 0 1777797268 52272
43 1021 13682 0 1777797268 52589
41 949 4339 0 1777797268 56023
38 961 8267 0 1777797268 60541
43 1022 7968 0 1777797268 60559
39 1068 9109 0 1777797268 60748
40 979 32549 0 1777797268 64395
41 950 8375 0 1777797268 64400
42 929 18469 0 1777797268 64419
39 1069 4192 0 1777797268 64942
38 962 5533 0 1777797268 66093
38 963 4543 0 1777797268 70643
38 964 6939 0 1777797268 77585
40 980 13202 0 1777797268 77623
43 1023 17059 0 1777797268 77648
39 1070 14660 0 1777797268 79603
42 930 15167 0 1777797268 79611
40 981 2555 0 1777797268 80221
41 951 15799 0 1777797268 80229
42 931 2157 0 1777797268 81784
40 982 2670 0 1777797268 82900
38 965 6438 0 1777797268 84087
39 1071 4853 0 1777797268 84465
42 932 3827 0 1777797268 85613
41 952 6043 0 1777797268 86281
38 966 3844 0 1777797268 87932
41 953 7302 0 1777797268 93584
43 1024 16188 0 1777797268 93874
38 967 7313 0 1777797268 95247
42 933 11574 0 1777797268 97189
39 1072 13763 0 1777797268 98229
38 968 6545 0 1777797268 101795
41 954 11441 0 1777797268 105027
38 969 3598 0 1777797268 105400
41 955 2067 0 1777797268 107096
39 1073 9003 0 1777797268 107234
39 1074 957 0 1777797268 108192
38 970 3118 0 1777797268 108520
39 1075 492 0 1777797268 108686
38 971 4582 0 1777797268 113104
39 1076 4426 0 1777797268 113113
40 983 30216 0 1777797268 113118
42 934 15934 0 1777797268 113125
43 1025 19255 0 1777797268 113131
41 956 6750 0 1777797268 113849
41 957 2679 0 1777797268 116530
38 972 6845 0 1777797268 119977
41 958 5818 0 1777797268 122351
40 984 10785 0 1777797268 123934
43 1026 11002 0 1777797268 124175
42 935 12108 0 1777797268 125274
38 973 6256 0 1777797268 126237
39 1077 15564 0 1777797268 128706
38 974 7296 0 1777797268 133535
41 959 11202 0 1777797268 133555
43 1027 11316 0 1777797268 135493
38 975 4956 0 1777797268 138512
40 985 16107 0 1777797268 140046
42 936 16553 0 1777797268 141829
41 960 8409 0 1777797268 141980
38 976 3562 0 1777797268 142084
41 961 1187 0 1777797268 143169
39 1078 14797 0 1777797268 143508
40 986 5234 0 1777797268 145283
38 977 8562 0 1777797268 150649
39 1079 7669 0 1777797268 151180
41 962 8079 0 1777797268 151250
43 1028 15761 0 1777797268 151256
42 937 12081 0 1777797268 153912
43 1029 2661 0 1777797268 153926
41 963 4295 0 1777797268 155553
40 987 11641 0 1777797268 156926
39 1080 6796 0 1777797268 157978
43 1030 5481 0 1777797268 159424
40 988 6349 0 1777797268 163278
43 1031 3857 0 1777797268 163284
39 1081 8639 0 1777797268 166619
40 989 3341 0 1777797268 166626
38 978 16254 0 1777797268 166904
43 1032 6610 0 1777797268 169905
39 1082 12794 0 1777797268 179421
40 990 12761 0 1777797268 179429
41 964 23880 0 1777797268 179435
42 938 25514 0 1777797268 179441
38 979 16816 0 1777797268 183721
39 1083 7716 0 1777797268 187158
42 939 7706 0 1777797268 187170
43 1033 17268 0 1777797268 187175
40 991 8655 0 1777797268 188107
41 965 8659 0 1777797268 188117
42 940 5536 0 1777797268 192725
43 1034 6490 0 1777797268 193685
39 1084 6724 0 1777797268 193900
38 980 13029 0 1777797268 196754
41 966 8635 0 1777797268 196765
41 967 9219 0 1777797268 205996
42 941 13238 0 1777797268 206013
43 1035 12333 0 1777797268 206021
38 981 15239 0 1777797268 212005
40 992 23892 0 1777797268 212010
42 942 5968 0 1777797268 212014
43 1036 7881 0 1777797268 213935
42 943 6479 0 1777797268 218506
38 982 15368 0 1777797268 227383
40 993 15380 0 1777797268 227402
42 944 8901 0 1777797268 227411
43 1037 13481 0 1777797268 227418
42 945 5308 0 1777797268 232747
43 1038 8746 0 1777797268 236192
38 983 9892 0 1777797268 237311
39 1085 44791 0 1777797268 238692
41 968 32935 0 1777797268 238957
42 946 7905 0 1777797268 240654
39 1086 2597 0 1777797268 241292
39 1087 852 0 1777797268 242147
41 969 3555 0 1777797268 242513
38 984 5261 0 1777797268 242579
39 1088 2687 0 1777797268 244836
42 947 4362 0 1777797268 245018
41 970 2561 0 1777797268 245075
38 985 3898 0 1777797268 246479
40 994 19508 0 1777797268 246938
39 1089 2245 0 1777797268 247083
42 948 2845 0 1777797268 247864
41 971 3115 0 1777797268 248192
39 1090 2406 0 1777797268 249491
40 995 7724 0 1777797268 254664
43 1039 18475 0 1777797268 254670
42 949 6827 0 1777797268 254696
38 986 8231 0 1777797268 254711
39 1091 6985 0 1777797268 256477
40 996 3377 0 1777797268 258048
38 987 9345 0 1777797268 264058
41 972 15870 0 1777797268 264064
42 950 9374 0 1777797268 264071
43 1040 9395 0 1777797268 264076
39 1092 9962 0 1777797268 266441
40 997 8576 0 1777797268 266626
38 988 7928 0 1777797268 272005
39 1093 5385 0 1777797268 272013
42 951 7928 0 1777797268 272020
41 973 11265 0 1777797268 275351
40 998 8941 0 1777797268 275583
38 989 7277 0 1777797268 279298
43 1041 15205 0 1777797268 279305
39 1094 18717 0 1777797268 290746
42 952 19477 0 1777797268 291516
38 990 19486 0 1777797268 298792
39 1095 7284 0 1777797268 298801
40 999 23219 0 1777797268 298806
41 974 23454 0 1777797268 298811
42 953 7276 0 1777797268 298815
43 1042 19503 0 1777797268 298819
39 1096 16588 0 1777797268 315416
40 1000 16594 0 1777797268 315427
41 975 16592 0 1777797268 315432
42 954 16594 0 1777797268 315438
43 1043 16593 0 1777797268 315442
38 991 16671 0 1777797268 315491
40 1001 4822 0 1777797268 320278
41 976 4828 0 1777797268 320291
42 955 4830 0 1777797268 320298
38 992 7928 0 1777797268 323421
41 977 4384 0 1777797268 324699
42 956 4369 0 1777797268 324706
43 1044 9234 0 1777797268 324711
39 1097 9556 0 1777797268 324998
39 1098 6602 0 1777797268 331602
38 993 10021 0 1777797268 333445
40 1002 13163 0 1777797268 333462
41 978 8772 0 1777797268 333484
42 957 8782 0 1777797268 333502
43 1045 8783 0 1777797268 333510
39 1099 7282 0 1777797268 338887
38 994 11523 0 1777797268 345034
41 979 11507 0 1777797268 345044
42 958 11507 0 1777797268 345052
39 1100 8982 0 1777797268 347871
43 1046 14329 0 1777797268 347881
38 995 4293 0 1777797268 349347
42 959 4269 0 1777797268 349355
39 1101 1775 0 1777797268 349657
41 980 7153 0 1777797268 352230
43 1047 4351 0 1777797268 352242
40 1003 23085 0 1777797268 356613
39 1102 7487 0 1777797268 357146
38 996 8039 0 1777797268 357396
43 1048 5246 0 1777797268 357506
42 960 9604 0 1777797268 358971
39 1103 13825 0 1777797268 370972
42 961 12013 0 1777797268 370986
43 1049 13485 0 1777797268 370992
38 997 14934 0 1777797268 372331
41 981 20096 0 1777797268 372339
39 1104 2212 0 1777797268 373205
40 1004 18230 0 1777797268 374846
38 998 8069 0 1777797268 380409
43 1050 10071 0 1777797268 381102
42 962 10877 0 1777797268 381888
43 1051 1576 0 1777797268 382682
42 963 1489 0 1777797268 383381
38 999 4618 0 1777797268 385029
39 1105 11829 0 1777797268 385036
43 1052 5075 0 1777797268 387758
42 964 5153 0 1777797268 388536
38 1000 4565 0 1777797268 389602
43 1053 3174 0 1777797268 390937
42 965 2416 0 1777797268 390957
38 1001 3420 0 1777797268 393024
42 966 2086 0 1777797268 393044
43 1054 2112 0 1777797268 393051
38 1002 3497 0 1777797268 396549
42 967 3479 0 1777797268 396557
43 1055 3478 0 1777797268 396565
41 982 29011 0 1777797268 401364
43 1056 6424 0 1777797268 403017
39 1106 18934 0 1777797268 403981
38 1003 8689 0 1777797268 405254
42 968 8694 0 1777797268 405274
43 1057 4742 0 1777797268 407794
39 1107 8975 0 1777797268 412980
38 1004 8456 0 1777797268 413732
42 969 8446 0 1777797268 413736
39 1108 8625 0 1777797268 421607
40 1005 46808 0 1777797268 421662
42 970 7927 0 1777797268 421669
43 1058 13880 0 1777797268 421675
38 1005 7984 0 1777797268 421720
41 983 20361 0 1777797268 421727
38 1006 3932 0 1777797268 425661
40 1006 3977 0 1777797268 425664
43 1059 8643 0 1777797268 430348
42 971 10921 0 1777797268 432619
38 1007 11385 0 1777797268 437050
39 1109 15405 0 1777797268 437081
41 984 15359 0 1777797268 437094
40 1007 12043 0 1777797268 437713
43 1060 7370 0 1777797268 437719
42 972 6064 0 1777797268 438685
38 1008 5617 0 1777797268 442713
39 1110 5950 0 1777797268 443061
41 985 5948 0 1777797268 443067
39 1111 22056 0 1777797268 465124
41 986 22096 0 1777797268 465170
42 973 26486 0 1777797268 465178
43 1061 27451 0 1777797268 465181
38 1009 26427 0 1777797268 469146
40 1008 31868 0 1777797268 469588
39 1112 37987 0 1777797268 503169
43 1062 37977 0 1777797268 503175
43 1063 19922 0 1777797268 523103
43 1064 5883 0 1777797268 528989
43 1065 15537 0 1777797268 544532
38 1010 86439 0 1777797268 556030
42 974 90847 0 1777797268 556041
39 1113 55229 0 1777797268 558404
40 1009 88806 0 1777797268 558410
41 987 93248 0 1777797268 558436
39 1114 32739 0 1777797268 591182
43 1066 46650 0 1777797268 591194
38 1011 36135 0 1777797268 592176
40 1010 34751 0 1777797268 593227
41 988 34752 0 1777797268 593234
42 975 37185 0 1777797268 593237
39 1115 24484 0 1777797268 615679
43 1067 24480 0 1777797268 615689
38 1012 37514 0 1777797268 629692
38 1013 7560 0 1777797268 637254
39 1116 21572 0 1777797268 637262
40 1011 44031 0 1777797268 637269
41 989 44029 0 1777797268 637275
42 976 44030 0 1777797268 637281
43 1068 21578 0 1777797268 637286
43 1069 10682 0 1777797268 648032
42 977 11665 0 1777797268 649007
39 1117 44707 0 1777797268 682002
40 1012 44716 0 1777797268 682025
41 990 44715 0 1777797268 682032
43 1070 34010 0 1777797268 682043
43 1071 21146 0 1777797268 703218
40 1013 24999 0 1777797268 707055
43 1072 3837 0 1777797268 707065
43 1073 2931 0 1777797268 710011
42 978 63027 0 1777797268 712035
43 1074 2127 0 1777797268 712140
39 1118 31654 0 1777797268 713699
42 979 5771 0 1777797268 717809
41 991 38951 0 1777797268 721016
40 1014 17693 0 1777797268 724759
38 1014 96371 0 1777797268 733659
43 1075 21534 0 1777797268 733676
41 992 13829 0 1777797268 734847
40 1015 12353 0 1777797268 737114
41 993 2846 0 1777797268 737695
41 994 4822 0 1777797268 742519
39 1119 34510 0 1777797268 748213
38 1015 19433 0 1777797268 753111
40 1016 17982 0 1777797268 755100
41 995 22330 0 1777797268 764852
42 980 47059 0 1777797268 764869
43 1076 31209 0 1777797268 764898
38 1016 12174 0 1777797268 765287
40 1017 17182 0 1777797268 772359
41 996 7510 0 1777797268 772380
43 1077 7489 0 1777797268 772389
42 981 15017 0 1777797268 779900
38 1017 16130 0 1777797268 781420
39 1120 36136 0 1777797268 784351
43 1078 26307 0 1777797268 798722
41 997 27315 0 1777797268 799722
42 982 19829 0 1777797268 799730
39 1121 18361 0 1777797268 802713
40 1018 33139 0 1777797268 805529
38 1018 25263 0 1777797268 806686
38 1019 22274 0 1777797268 828968
39 1122 26261 0 1777797268 828977
40 1019 23450 0 1777797268 828983
41 998 29258 0 1777797268 828989
42 983 29252 0 1777797268 828994
43 1079 30273 0 1777797268 829000
39 1123 7305 0 1777797268 836318
42 984 13985 0 1777797268 843019
43 1080 13852 0 1777797268 843029
40 1020 14941 0 1777797268 843964
43 1081 3586 0 1777797268 846629
38 1020 18825 0 1777797268 847826
42 985 4803 0 1777797268 847833
38 1021 3711 0 1777797268 851545
39 1124 15236 0 1777797268 851558
41 999 22536 0 1777797268 851565
40 1021 8428 0 1777797268 852395
42 986 6936 0 1777797268 854780
41 1000 9455 0 1777797268 861047
42 987 7924 0 1777797268 862706
43 1082 16084 0 1777797268 862717
38 1022 12897 0 1777797268 864464
41 1001 3622 0 1777797268 864671
39 1125 16439 0 1777797268 868022
41 1002 3357 0 1777797268 868029
42 988 5977 0 1777797268 868695
38 1023 5909 0 1777797268 870376
42 989 3034 0 1777797268 871731
42 990 5636 0 1777797268 877376
39 1126 10643 0 1777797268 878836
41 1003 11705 0 1777797268 879915
38 1024 11615 0 1777797268 881997
39 1127 3186 0 1777797268 882024
42 991 5721 0 1777797268 883099
39 1128 4117 0 1777797268 886188
39 1129 2832 0 1777797268 889023
42 992 9660 0 1777797268 892761
42 993 2858 0 1777797268 895627
38 1025 23605 0 1777797268 905630
41 1004 25720 0 1777797268 905639
43 1083 42855 0 1777797268 905645
39 1130 18481 0 1777797268 907523
40 1022 55553 0 1777797268 907954
42 994 12328 0 1777797268 907961
38 1026 10351 0 1777797268 915997
43 1084 10352 0 1777797268 916016
38 1027 5864 0 1777797268 921882
39 1131 14364 0 1777797268 921888
40 1023 13943 0 1777797268 921905
41 1005 16257 0 1777797268 921913
42 995 13948 0 1777797268 921919
43 1085 7055 0 1777797268 923090
38 1028 9147 0 1777797268 931067
40 1024 9134 0 1777797268 931076
41 1006 9136 0 1777797268 931084
42 996 9133 0 1777797268 931089
39 1132 9903 0 1777797268 931838
43 1086 10442 0 1777797268 933534
40 1025 5547 0 1777797268 936648
38 1029 12656 0 1777797268 943748
41 1007 12654 0 1777797268 943765
42 997 12664 0 1777797268 943784
43 1087 10253 0 1777797268 943793
39 1133 17241 0 1777797268 949080
40 1026 12446 0 1777797268 949096
38 1030 11433 0 1777797268 955227
41 1008 11426 0 1777797268 955238
42 998 11424 0 1777797268 955245
43 1088 11432 0 1777797268 955260
40 1027 17218 0 1777797268 966332
39 1134 29756 0 1777797268 978854
42 999 23583 0 1777797268 978867
43 1089 23581 0 1777797268 978873
38 1031 30455 0 1777797268 985717
41 1009 30475 0 1777797268 985748
40 1028 25380 0 1777797268 991713
43 1090 19776 0 1777797268 998685
38 1032 17876 0 1777797269 3626
39 1135 24766 0 1777797269 3640
41 1010 17056 0 1777797269 3648
42 1000 24765 0 1777797269 3656
40 1029 25402 0 1777797269 17125
43 1091 18448 0 1777797269 17135
41 1011 16229 0 1777797269 19937
42 1001 23858 0 1777797269 27587
38 1033 62252 0 1777797269 65909
39 1136 62257 0 1777797269 65928
40 1030 54247 0 1777797269 71384
41 1012 51455 0 1777797269 71394
38 1034 6697 0 1777797269 72626
43 1092 55602 0 1777797269 73423
38 1035 1725 0 1777797269 74353
38 1036 5245 0 1777797269 79602
39 1137 15819 0 1777797269 81765
40 1031 10378 0 1777797269 81773
41 1013 10371 0 1777797269 81779
38 1037 8044 0 1777797269 87649
40 1032 6541 0 1777797269 88331
42 1002 60747 0 1777797269 88341
39 1138 11468 0 1777797269 93248
41 1014 11459 0 1777797269 93255
41 1015 40357 0 1777797269 133618
38 1038 163594 0 1777797269 251254
40 1033 162916 0 1777797269 251258
39 1139 158222 0 1777797269 251477
42 1003 163176 0 1777797269 251542
41 1016 120774 0 1777797269 254393
39 1140 8056 0 1777797269 259583
42 1004 8054 0 1777797269 259597
38 1039 8377 0 1777797269 259635
40 1034 8378 0 1777797269 259642
43 1093 186229 0 1777797269 259653
38 1040 13805 0 1777797269 273459
40 1035 13822 0 1777797269 273486
42 1005 43105 0 1777797269 302723
39 1141 54357 0 1777797269 313956
41 1017 59570 0 1777797269 313966
38 1041 43674 0 1777797269 317161
40 1036 43671 0 1777797269 317166
42 1006 14443 0 1777797269 317171
43 1094 57504 0 1777797269 317174
39 1142 7221 0 1777797269 321189
38 1042 52779 0 1777797269 369954
39 1143 48764 0 1777797269 369961
40 1037 52785 0 1777797269 369964
41 1018 55989 0 1777797269 369967
42 1007 52785 0 1777797269 369969
43 1095 52784 0 1777797269 369972
38 1043 18862 0 1777797269 388834
39 1144 28038 0 1777797269 398021
41 1019 29643 0 1777797269 399634
39 1145 11595 0 1777797269 409619
38 1044 26045 0 1777797269 414882
42 1008 50326 0 1777797269 420321
40 1038 52287 0 1777797269 422274
43 1096 61959 0 1777797269 431958
41 1020 42725 0 1777797269 442360
38 1045 42495 0 1777797269 457381
42 1009 37063 0 1777797269 457386
43 1097 25426 0 1777797269 457389
41 1021 26036 0 1777797269 468402
39 1146 93648 0 1777797269 503269
40 1039 80999 0 1777797269 503277
43 1098 57065 0 1777797269 514466
39 1147 18829 0 1777797269 522109
40 1040 22005 0 1777797269 525293
38 1046 74896 0 1777797269 532285
41 1022 63900 0 1777797269 532311
42 1010 74922 0 1777797269 532317
39 1148 27035 0 1777797269 549155
38 1047 28167 0 1777797269 560485
39 1149 11331 0 1777797269 560493
40 1041 35200 0 1777797269 560499
42 1011 28167 0 1777797269 560505
43 1099 46043 0 1777797269 560512
41 1023 30469 0 1777797269 562794
39 1150 14244 0 1777797269 574767
40 1042 14239 0 1777797269 574770
38 1048 17606 0 1777797269 578118
41 1024 15323 0 1777797269 578122
43 1100 17581 0 1777797269 578126
39 1151 11314 0 1777797269 586085
40 1043 11316 0 1777797269 586092
42 1012 25558 0 1777797269 586095
43 1101 13565 0 1777797269 591703
38 1049 19119 0 1777797269 597245
41 1025 19155 0 1777797269 597286
39 1152 11573 0 1777797269 597668
42 1013 12128 0 1777797269 598235
39 1153 6813 0 1777797269 604482
40 1044 18391 0 1777797269 604493
42 1014 6264 0 1777797269 604504
43 1102 12806 0 1777797269 604511
38 1050 10112 0 1777797269 607399
41 1026 10117 0 1777797269 607414
39 1154 8672 0 1777797269 613184
40 1045 8667 0 1777797269 613193
43 1103 8652 0 1777797269 613200
38 1051 6259 0 1777797269 613674
42 1015 9158 0 1777797269 613690
41 1027 7391 0 1777797269 614825
43 1104 3421 0 1777797269 616649
41 1028 6611 0 1777797269 621438
42 1016 7763 0 1777797269 621455
38 1052 8504 0 1777797269 622180
40 1046 10099 0 1777797269 623310
39 1155 11742 0 1777797269 624942
38 1053 10348 0 1777797269 632535
39 1156 7598 0 1777797269 632543
41 1029 11199 0 1777797269 632655
42 1017 11198 0 1777797269 632663
43 1105 16019 0 1777797269 632669
40 1047 10553 0 1777797269 633865
39 1157 7015 0 1777797269 639703
38 1054 12455 0 1777797269 645126
41 1030 16452 0 1777797269 649148
39 1158 9605 0 1777797269 649310
42 1018 16615 0 1777797269 649318
40 1048 15584 0 1777797269 649453
38 1055 5080 0 1777797269 650209
43 1106 17510 0 1777797269 650220
41 1031 5730 0 1777797269 654880
40 1049 6506 0 1777797269 655960
38 1056 6339 0 1777797269 656560
43 1107 7288 0 1777797269 657520
41 1032 15983 0 1777797269 670867
40 1050 15038 0 1777797269 671001
38 1057 15251 0 1777797269 671816
43 1108 14303 0 1777797269 671824
41 1033 4784 0 1777797269 675663
40 1051 6407 0 1777797269 677410
40 1052 9616 0 1777797269 687030
41 1034 12996 0 1777797269 688663
43 1109 16834 0 1777797269 688668
38 1058 23109 0 1777797269 694934
43 1110 7656 0 1777797269 696331
40 1053 16769 0 1777797269 703800
40 1054 5913 0 1777797269 709715
41 1035 27448 0 1777797269 716116
43 1111 22966 0 1777797269 719299
41 1036 24939 0 1777797269 741057
43 1112 23945 0 1777797269 743246
39 1159 110755 0 1777797269 760074
41 1037 19024 0 1777797269 760085
43 1113 16851 0 1777797269 760098
43 1114 6716 0 1777797269 766841
41 1038 12609 0 1777797269 772722
41 1039 14784 0 1777797269 787508
40 1055 90326 0 1777797269 800045
43 1115 66149 0 1777797269 832994
41 1040 45693 0 1777797269 833205
38 1059 138421 0 1777797269 833364
40 1056 33314 0 1777797269 833369
39 1160 74253 0 1777797269 834352
42 1019 194698 0 1777797269 844026
41 1041 26257 0 1777797269 859463
39 1161 32584 0 1777797269 866940
42 1020 30895 0 1777797269 874925
43 1116 59264 0 1777797269 892264
38 1060 88432 0 1777797269 921802
39 1162 54873 0 1777797269 921823
42 1021 46901 0 1777797269 921827
43 1117 29562 0 1777797269 921831
40 1057 90415 0 1777797269 923792
41 1042 64337 0 1777797269 923802
39 1163 27025 0 1777797269 948861
40 1058 33620 0 1777797269 957423
42 1022 41481 0 1777797269 963322
41 1043 39555 0 1777797269 963368
43 1118 44531 0 1777797269 966376
38 1061 45943 0 1777797269 967774
39 1164 35022 0 1777797269 983886
40 1059 26538 0 1777797269 983962
41 1044 20600 0 1777797269 983969
38 1062 31647 0 1777797269 999423
43 1119 33060 0 1777797269 999438
42 1023 38710 0 1777797270 2035
41 1045 38091 0 1777797270 22076
43 1120 23477 0 1777797270 22915
39 1165 38966 0 1777797270 22936
40 1060 66205 0 1777797270 50182
42 1024 80054 0 1777797270 82090
43 1121 59177 0 1777797270 82094
40 1061 56077 0 1777797270 106269
38 1063 115777 0 1777797270 115201
39 1166 103631 0 1777797270 126568
41 1046 104542 0 1777797270 126621
43 1122 44610 0 1777797270 126710
38 1064 24142 0 1777797270 139346
39 1167 12697 0 1777797270 139413
40 1062 33140 0 1777797270 139420
41 1047 12367 0 1777797270 139547
42 1025 57465 0 1777797270 139560
39 1168 12162 0 1777797270 151742
40 1063 12162 0 1777797270 151749
41 1048 12160 0 1777797270 151754
42 1026 12158 0 1777797270 151759
38 1065 36507 0 1777797270 176068
43 1123 53460 0 1777797270 180704
39 1169 35440 0 1777797270 187200
40 1064 35443 0 1777797270 187209
41 1049 35444 0 1777797270 187216
42 1027 35445 0 1777797270 187222
38 1066 23913 0 1777797270 199984
43 1124 30293 0 1777797270 210998
39 1170 42906 0 1777797270 230130
40 1065 42901 0 1777797270 230140
38 1067 42490 0 1777797270 242486
42 1028 55182 0 1777797270 242505
43 1125 31624 0 1777797270 242625
41 1050 87909 0 1777797270 275217
40 1066 222678 0 1777797270 452832
39 1171 222775 0 1777797270 452917
38 1068 210920 0 1777797270 453547
41 1051 178340 0 1777797270 453563
42 1029 210917 0 1777797270 453571
43 1126 210623 0 1777797270 453576
39 1172 13339 0 1777797270 466257
38 1069 48655 0 1777797270 502232
40 1067 49429 0 1777797270 502263
40 1068 5142 0 1777797270 507438
40 1069 6134 0 1777797270 513573
39 1173 63852 0 1777797270 530118
38 1070 28491 0 1777797270 530756
42 1030 77102 0 1777797270 530765
43 1127 77101 0 1777797270 530773
40 1070 17506 0 1777797270 531085
41 1052 77579 0 1777797270 531233
38 1071 11596 0 1777797270 542370
42 1031 11599 0 1777797270 542384
40 1071 17476 0 1777797270 548563
43 1128 17766 0 1777797270 548569
41 1053 23325 0 1777797270 554560
39 1174 33926 0 1777797270 564123
42 1032 21955 0 1777797270 564355
38 1072 22252 0 1777797270 564636
43 1129 31849 0 1777797270 580429
40 1072 33511 0 1777797270 582081
39 1175 26926 0 1777797270 591060
41 1054 36510 0 1777797270 591072
42 1033 26722 0 1777797270 591078
43 1130 10654 0 1777797270 591085
38 1073 43426 0 1777797270 608064
40 1073 25988 0 1777797270 608071
38 1074 8805 0 1777797270 616877
39 1176 25803 0 1777797270 616889
41 1055 25789 0 1777797270 616895
43 1131 25776 0 1777797270 616899
42 1034 26765 0 1777797270 617881
38 1075 13252 0 1777797270 630153
39 1177 13258 0 1777797270 630168
40 1074 22097 0 1777797270 630175
41 1056 14354 0 1777797270 631270
42 1035 22673 0 1777797270 640571
40 1075 13719 0 1777797270 643936
43 1132 32335 0 1777797270 649257
38 1076 22324 0 1777797270 652501
39 1178 23530 0 1777797270 653729
38 1077 5238 0 1777797270 657752
42 1036 18406 0 1777797270 658978
39 1179 6899 0 1777797270 660639
43 1133 11777 0 1777797270 661035
40 1076 19875 0 1777797270 663816
41 1057 49264 0 1777797270 680535
38 1078 34147 0 1777797270 691906
39 1180 31271 0 1777797270 691912
40 1077 28101 0 1777797270 691918
42 1037 32943 0 1777797270 691924
43 1134 30892 0 1777797270 691930
41 1058 19266 0 1777797270 699802
38 1079 33025 0 1777797270 724956
38 1080 23559 0 1777797270 748517
38 1081 16071 0 1777797270 764590
41 1059 85507 0 1777797270 785314
43 1135 93367 0 1777797270 785320
42 1038 130632 0 1777797270 822580
38 1082 58083 0 1777797270 822679
40 1078 130780 0 1777797270 822721
39 1181 138917 0 1777797270 830853
41 1060 50686 0 1777797270 836007
42 1039 14018 0 1777797270 836612
38 1083 13970 0 1777797270 836651
39 1182 12449 0 1777797270 843313
40 1079 20604 0 1777797270 843326
40 1080 12311 0 1777797270 855658
39 1183 12419 0 1777797270 855747
41 1061 19744 0 1777797270 855756
42 1040 19148 0 1777797270 855763
43 1136 70440 0 1777797270 855771
38 1084 23460 0 1777797270 860112
40 1081 8970 0 1777797270 864641
41 1062 8862 0 1777797270 864646
39 1184 11674 0 1777797270 867446
42 1041 11661 0 1777797270 867451
43 1137 11660 0 1777797270 867456
41 1063 8098 0 1777797270 872749
38 1085 18724 0 1777797270 878838
43 1138 11374 0 1777797270 878844
42 1042 11921 0 1777797270 879386
40 1082 16961 0 1777797270 881608
43 1139 6694 0 1777797270 885545
38 1086 10309 0 1777797270 889153
43 1140 12495 0 1777797270 898047
39 1185 47202 0 1777797270 914659
41 1064 41912 0 1777797270 914662
43 1141 16617 0 1777797270 914665
39 1186 5566 0 1777797270 920232
39 1187 2195 0 1777797270 922428
41 1065 23708 0 1777797270 938378
39 1188 26062 0 1777797270 948491
38 1087 59609 0 1777797270 948765
41 1066 10369 0 1777797270 948774
41 1067 7963 0 1777797270 956746
43 1142 42097 0 1777797270 956772
41 1068 3747 0 1777797270 960521
42 1043 81250 0 1777797270 960638
41 1069 7957 0 1777797270 968599
42 1044 10849 0 1777797270 971503
41 1070 3771 0 1777797270 972371
42 1045 4806 0 1777797270 976321
41 1071 6483 0 1777797270 978861
40 1083 107283 0 1777797270 988900
43 1143 46463 0 1777797271 3254
41 1072 34307 0 1777797271 13170
42 1046 37083 0 1777797271 13406
38 1088 68614 0 1777797271 17389
40 1084 29668 0 1777797271 18570
43 1144 16698 0 1777797271 19962
40 1085 23874 0 1777797271 42449
41 1073 29489 0 1777797271 42661
43 1145 30699 0 1777797271 50667
38 1089 33385 0 1777797271 50779
39 1189 102285 0 1777797271 50787
42 1047 37384 0 1777797271 50793
38 1090 12672 0 1777797271 63467
39 1190 12673 0 1777797271 63476
40 1086 20819 0 1777797271 63485
42 1048 20903 0 1777797271 71713
40 1087 14943 0 1777797271 78451
43 1146 27790 0 1777797271 78459
39 1191 17402 0 1777797271 80902
41 1074 38034 0 1777797271 80907
38 1091 25905 0 1777797271 89391
40 1088 19471 0 1777797271 97932
43 1147 25665 0 1777797271 104133
38 1092 25590 0 1777797271 114987
40 1089 17052 0 1777797271 114994
42 1049 43286 0 1777797271 115001
43 1148 10872 0 1777797271 115006
39 1192 45251 0 1777797271 126158
38 1093 18163 0 1777797271 133171
40 1090 15742 0 1777797271 133729
43 1149 18543 0 1777797271 136543
42 1050 26685 0 1777797271 144679
39 1193 23324 0 1777797271 149486
38 1094 19254 0 1777797271 152984
41 1075 73264 0 1777797271 154180
40 1091 20481 0 1777797271 154220
39 1194 5606 0 1777797271 155095
42 1051 14158 0 1777797271 158844
38 1095 7223 0 1777797271 160212
40 1092 5999 0 1777797271 160220
41 1076 6655 0 1777797271 160845
43 1150 25233 0 1777797271 161777
40 1093 4948 0 1777797271 165183
42 1052 6944 0 1777797271 165794
43 1151 6680 0 1777797271 168459
41 1077 11411 0 1777797271 172257
41 1078 9381 0 1777797271 181647
39 1195 43458 0 1777797271 198558
40 1094 50433 0 1777797271 215618
38 1096 63261 0 1777797271 223482
43 1152 55028 0 1777797271 223488
39 1196 24947 0 1777797271 223509
41 1079 41860 0 1777797271 223513
42 1053 58738 0 1777797271 224533
41 1080 16351 0 1777797271 239871
40 1095 53904 0 1777797271 269525
38 1097 55825 0 1777797271 279314
39 1197 55810 0 1777797271 279323
42 1054 54793 0 1777797271 279328
41 1081 41180 0 1777797271 281055
43 1153 57604 0 1777797271 281104
40 1096 20061 0 1777797271 289587
38 1098 21595 0 1777797271 300923
39 1198 21643 0 1777797271 300983
42 1055 21784 0 1777797271 301130
41 1082 40086 0 1777797271 321191
43 1154 40039 0 1777797271 321197
40 1097 36001 0 1777797271 325592
42 1056 35604 0 1777797271 336751
43 1155 15551 0 1777797271 336760
38 1099 45548 0 1777797271 346679
39 1199 45597 0 1777797271 346739
41 1083 25548 0 1777797271 346746
40 1098 23415 0 1777797271 349008
42 1057 29821 0 1777797271 366582
39 1200 20155 0 1777797271 366931
41 1084 20154 0 1777797271 366936
43 1156 30167 0 1777797271 366939
38 1100 42142 0 1777797271 388909
40 1099 51835 0 1777797271 400845
42 1058 34277 0 1777797271 400863
43 1157 33918 0 1777797271 400871
41 1085 37131 0 1777797271 404078
40 1100 9840 0 1777797271 410711
39 1201 49041 0 1777797271 415982
41 1086 20425 0 1777797271 424508
41 1087 16145 0 1777797271 440655
43 1158 40361 0 1777797271 441248
42 1059 42364 0 1777797271 443245
40 1101 32630 0 1777797271 443350
42 1060 16024 0 1777797271 459270
43 1159 21288 0 1777797271 462538
42 1061 21307 0 1777797271 480579
43 1160 19886 0 1777797271 482424
38 1101 112155 0 1777797271 501065
39 1202 85086 0 1777797271 501071
41 1088 63364 0 1777797271 504022
38 1102 4842 0 1777797271 505914
40 1102 64918 0 1777797271 508269
39 1203 8300 0 1777797271 509385
41 1089 5862 0 1777797271 509893
39 1204 23762 0 1777797271 533148
40 1103 24882 0 1777797271 533158
41 1090 23270 0 1777797271 533164
43 1161 50746 0 1777797271 533171
42 1062 62873 0 1777797271 543453
39 1205 13316 0 1777797271 546491
38 1103 47661 0 1777797271 553576
40 1104 24661 0 1777797271 557849
41 1091 24681 0 1777797271 557884
43 1162 24676 0 1777797271 557888
38 1104 11025 0 1777797271 564603
39 1206 18127 0 1777797271 564622
42 1063 21175 0 1777797271 564629
41 1092 9019 0 1777797271 566917
43 1163 9029 0 1777797271 566932
39 1207 16030 0 1777797271 580669
41 1093 15492 0 1777797271 582425
42 1064 17814 0 1777797271 582460
38 1105 23902 0 1777797271 588532
40 1105 30688 0 1777797271 588576
43 1164 21639 0 1777797271 588582
39 1208 23814 0 1777797271 604486
38 1106 19744 0 1777797271 608326
42 1065 25903 0 1777797271 608364
43 1165 19778 0 1777797271 608375
40 1106 21334 0 1777797271 609925
41 1094 27497 0 1777797271 609930
39 1209 8705 0 1777797271 613193
43 1166 4830 0 1777797271 613236
40 1107 12256 0 1777797271 622187
38 1107 16549 0 1777797271 624925
42 1066 18118 0 1777797271 626515
41 1095 19599 0 1777797271 629537
43 1167 16309 0 1777797271 629547
39 1210 17869 0 1777797271 631074
38 1108 12149 0 1777797271 637078
40 1108 14934 0 1777797271 637123
43 1168 7525 0 1777797271 637135
41 1096 9394 0 1777797271 638943
42 1067 13942 0 1777797271 640461
39 1211 17790 0 1777797271 648867
40 1109 11724 0 1777797271 648872
43 1169 11722 0 1777797271 648879
38 1109 12719 0 1777797271 649854
43 1170 5098 0 1777797271 653991
39 1212 12639 0 1777797271 661519
38 1110 20091 0 1777797271 669946
39 1213 8569 0 1777797271 670089
42 1068 29624 0 1777797271 670092
41 1097 31173 0 1777797271 670118
43 1171 19935 0 1777797271 673927
38 1111 6181 0 1777797271 676130
40 1110 27247 0 1777797271 676134
41 1098 10531 0 1777797271 680650
39 1214 11646 0 1777797271 681739
43 1172 16654 0 1777797271 690582
39 1215 9497 0 1777797271 691237
43 1173 8605 0 1777797271 699188
39 1216 8515 0 1777797271 699754
42 1069 34402 0 1777797271 704499
43 1174 7885 0 1777797271 707074
39 1217 11528 0 1777797271 711283
43 1175 5066 0 1777797271 712141
39 1218 10457 0 1777797271 721743
42 1070 20198 0 1777797271 724699
39 1219 3256 0 1777797271 725000
41 1099 45075 0 1777797271 725732
40 1111 55080 0 1777797271 731220
39 1220 7558 0 1777797271 732559
41 1100 8954 0 1777797271 734691
38 1112 61913 0 1777797271 738048
39 1221 7226 0 1777797271 739787
39 1222 3401 0 1777797271 743190
39 1223 3918 0 1777797271 747110
40 1112 16867 0 1777797271 748088
39 1224 6641 0 1777797271 753752
43 1176 41615 0 1777797271 753757
40 1113 9606 0 1777797271 757696
42 1071 39932 0 1777797271 764633
41 1101 30991 0 1777797271 765683
39 1225 11937 0 1777797271 765694
38 1113 28008 0 1777797271 766086
40 1114 11735 0 1777797271 769433
39 1226 10253 0 1777797271 775947
39 1227 3562 0 1777797271 779511
38 1114 19510 0 1777797271 785597
41 1102 19918 0 1777797271 785602
40 1115 19169 0 1777797271 788603
40 1116 8355 0 1777797271 796960
38 1115 21443 0 1777797271 807047
39 1228 27541 0 1777797271 807058
40 1117 10103 0 1777797271 807065
41 1103 21463 0 1777797271 807073
42 1072 42446 0 1777797271 807080
43 1177 62266 0 1777797271 816030
40 1118 17347 0 1777797271 824453
39 1229 26596 0 1777797271 833693
38 1116 33892 0 1777797271 840973
39 1230 16929 0 1777797271 850624
42 1073 50080 0 1777797271 857201
43 1178 41344 0 1777797271 857380
38 1117 23169 0 1777797271 864143
41 1104 57035 0 1777797271 864148
43 1179 13074 0 1777797271 870455
39 1231 22894 0 1777797271 873522
40 1119 50261 0 1777797271 874715
39 1232 6665 0 1777797271 880189
40 1120 8308 0 1777797271 883027
43 1180 12575 0 1777797271 883032
43 1181 9460 0 1777797271 892499
39 1233 14612 0 1777797271 894802
41 1105 39091 0 1777797271 903245
38 1118 41714 0 1777797271 905863
39 1234 11397 0 1777797271 906200
40 1121 23173 0 1777797271 906206
43 1182 14976 0 1777797271 907476
39 1235 16010 0 1777797271 922223
38 1119 18933 0 1777797271 925140
40 1122 18937 0 1777797271 925156
41 1106 21918 0 1777797271 925165
42 1074 68351 0 1777797271 925555
43 1183 18080 0 1777797271 925561
39 1236 8537 0 1777797271 930761
41 1107 5216 0 1777797271 930793
43 1184 5208 0 1777797271 930798
40 1123 5767 0 1777797271 931335
39 1237 13972 0 1777797271 944770
38 1120 23382 0 1777797271 948944
41 1108 18155 0 1777797271 948962
43 1185 18209 0 1777797271 949022
39 1238 8908 0 1777797271 953681
40 1124 22369 0 1777797271 953704
42 1075 28129 0 1777797271 953711
38 1121 9861 0 1777797271 958807
39 1239 5105 0 1777797271 958817
41 1109 9816 0 1777797271 958835
39 1240 6019 0 1777797271 964872
40 1125 11128 0 1777797271 964879
43 1186 15865 0 1777797271 964888
42 1076 16612 0 1777797271 970416
41 1110 14323 0 1777797271 973184
39 1241 11182 0 1777797271 976071
40 1126 21577 0 1777797271 986475
43 1187 21576 0 1777797271 986482
39 1242 13011 0 1777797271 989085
42 1077 17854 0 1777797271 989091
41 1111 17322 0 1777797271 990508
38 1122 39729 0 1777797271 998566
39 1243 9482 0 1777797271 998574
41 1112 8817 0 1777797271 999327
43 1188 12841 0 1777797271 999331
42 1078 11023 0 1777797272 120
38 1123 7768 0 1777797272 6342
39 1244 10465 0 1777797272 9046
43 1189 9736 0 1777797272 9071
40 1127 24468 0 1777797272 10950
38 1124 7011 0 1777797272 13355
42 1079 13556 0 1777797272 13678
41 1113 15729 0 1777797272 15060
43 1190 5996 0 1777797272 15068
39 1245 12823 0 1777797272 21874
38 1125 11961 0 1777797272 25323
40 1128 14372 0 1777797272 25333
41 1114 10270 0 1777797272 25340
42 1080 11667 0 1777797272 25347
43 1191 12001 0 1777797272 27088
39 1246 7625 0 1777797272 29503
39 1247 3056 0 1777797272 32570
43 1192 10480 0 1777797272 37575
39 1248 13961 0 1777797272 46533
43 1193 9280 0 1777797272 46860
41 1115 22809 0 1777797272 48186
43 1194 7944 0 1777797272 54808
39 1249 8832 0 1777797272 55368
38 1126 37463 0 1777797272 62811
40 1129 37473 0 1777797272 62829
41 1116 15476 0 1777797272 63664
42 1081 38292 0 1777797272 63677
38 1127 4112 0 1777797272 66943
39 1250 15714 0 1777797272 71084
38 1128 4786 0 1777797272 71739
42 1082 8756 0 1777797272 72450
41 1117 9638 0 1777797272 73316
39 1251 6785 0 1777797272 77880
43 1195 38084 0 1777797272 92894
38 1129 29205 0 1777797272 100946
39 1252 23065 0 1777797272 100955
40 1130 38082 0 1777797272 100958
41 1118 27645 0 1777797272 100963
42 1083 28515 0 1777797272 100967
43 1196 12715 0 1777797272 105610
38 1130 14649 0 1777797272 115616
39 1253 14670 0 1777797272 115642
43 1197 10036 0 1777797272 115651
40 1131 15041 0 1777797272 116017
42 1084 16875 0 1777797272 117860
39 1254 2931 0 1777797272 118624
43 1198 2945 0 1777797272 118679
38 1131 10245 0 1777797272 125897
39 1255 7289 0 1777797272 125919
40 1132 9921 0 1777797272 125941
41 1119 24970 0 1777797272 125950
43 1199 7277 0 1777797272 125957
42 1085 23432 0 1777797272 141294
40 1133 28902 0 1777797272 155185
43 1200 28892 0 1777797272 155193
38 1132 47250 0 1777797272 173209
40 1134 18019 0 1777797272 173212
41 1120 46926 0 1777797272 173216
39 1256 51291 0 1777797272 177545
41 1121 8353 0 1777797272 181579
40 1135 11046 0 1777797272 184267
41 1122 9453 0 1777797272 191033
39 1257 13498 0 1777797272 191046
40 1136 9596 0 1777797272 193865
38 1133 26850 0 1777797272 200066
40 1137 11022 0 1777797272 204891
39 1258 19630 0 1777797272 210676
40 1138 23713 0 1777797272 228605
39 1259 18092 0 1777797272 228773
38 1134 30341 0 1777797272 230409
41 1123 40523 0 1777797272 231557
40 1139 6452 0 1777797272 235059
42 1086 93763 0 1777797272 235064
43 1201 84614 0 1777797272 239814
42 1087 6820 0 1777797272 241890
39 1260 17118 0 1777797272 245891
40 1140 13037 0 1777797272 248102
39 1261 12209 0 1777797272 258102
42 1088 19611 0 1777797272 261502
40 1141 14994 0 1777797272 263097
39 1262 8213 0 1777797272 266324
43 1202 32906 0 1777797272 272722
41 1124 58571 0 1777797272 290131
42 1089 28632 0 1777797272 290136
43 1203 17416 0 1777797272 290139
39 1263 28690 0 1777797272 295017
41 1125 9535 0 1777797272 299675
38 1135 82216 0 1777797272 312626
39 1264 17635 0 1777797272 312657
42 1090 25160 0 1777797272 315306
41 1126 21469 0 1777797272 321146
42 1091 7783 0 1777797272 323091
38 1136 15641 0 1777797272 328302
39 1265 15628 0 1777797272 328312
42 1092 5787 0 1777797272 328880
38 1137 17590 0 1777797272 345903
39 1266 17587 0 1777797272 345913
40 1142 82827 0 1777797272 345928
41 1127 24786 0 1777797272 345935
39 1267 7149 0 1777797272 353097
43 1204 64740 0 1777797272 354891
38 1138 17635 0 1777797272 363572
39 1268 11963 0 1777797272 365062
40 1143 19118 0 1777797272 365073
43 1205 10122 0 1777797272 365078
42 1093 45590 0 1777797272 374472
43 1206 15111 0 1777797272 380209
39 1269 15729 0 1777797272 380808
40 1144 15723 0 1777797272 380814
38 1139 17506 0 1777797272 381080
41 1128 39734 0 1777797272 385696
43 1207 7346 0 1777797272 387556
39 1270 9193 0 1777797272 390009
38 1140 17874 0 1777797272 398956
41 1129 14221 0 1777797272 399925
41 1130 9627 0 1777797272 409555
42 1094 35088 0 1777797272 409564
38 1141 11197 0 1777797272 410155
40 1145 33592 0 1777797272 414416
42 1095 6465 0 1777797272 416041
41 1131 14396 0 1777797272 423961
40 1146 13671 0 1777797272 428091
42 1096 13514 0 1777797272 429558
40 1147 4595 0 1777797272 432688
40 1148 7218 0 1777797272 439907
42 1097 14535 0 1777797272 444096
42 1098 4857 0 1777797272 448960
41 1132 26338 0 1777797272 450301
40 1149 25508 0 1777797272 465416
38 1142 56500 0 1777797272 466658
38 1143 5523 0 1777797272 472182
40 1150 14994 0 1777797272 480412
40 1151 2809 0 1777797272 483222
41 1133 33915 0 1777797272 484226
39 1271 96097 0 1777797272 486109
40 1152 9250 0 1777797272 492474
39 1272 11134 0 1777797272 497251
39 1273 1217 0 1777797272 498469
39 1274 1594 0 1777797272 500066
40 1153 13762 0 1777797272 506237
43 1208 118680 0 1777797272 506241
39 1275 6946 0 1777797272 507013
39 1276 6191 0 1777797272 513206
43 1209 7455 0 1777797272 513703
40 1154 9125 0 1777797272 515367
38 1144 44563 0 1777797272 516746
39 1277 4145 0 1777797272 517352
39 1278 1840 0 1777797272 519193
38 1145 4347 0 1777797272 521095
41 1134 39409 0 1777797272 523637
38 1146 10033 0 1777797272 531129
40 1155 15764 0 1777797272 531132
43 1210 17433 0 1777797272 531137
42 1099 82198 0 1777797272 531159
38 1147 14226 0 1777797272 545363
39 1279 26185 0 1777797272 545379
42 1100 14234 0 1777797272 545393
43 1211 14252 0 1777797272 545400
40 1156 18602 0 1777797272 549745
43 1212 8161 0 1777797272 553604
42 1101 8802 0 1777797272 554224
41 1135 30740 0 1777797272 554379
39 1280 12260 0 1777797272 557673
43 1213 6945 0 1777797272 560553
43 1214 3251 0 1777797272 563810
39 1281 8859 0 1777797272 566535
40 1157 16809 0 1777797272 566556
42 1102 16124 0 1777797272 570351
43 1215 6946 0 1777797272 570763
43 1216 1991 0 1777797272 572756
40 1158 10649 0 1777797272 577216
42 1103 6871 0 1777797272 577224
38 1148 32968 0 1777797272 578369
41 1136 26925 0 1777797272 581306
40 1159 5816 0 1777797272 583041
39 1282 18491 0 1777797272 585048
38 1149 6699 0 1777797272 585070
43 1217 12755 0 1777797272 585513
38 1150 10416 0 1777797272 595487
39 1283 10441 0 1777797272 595494
40 1160 12455 0 1777797272 595499
41 1137 14197 0 1777797272 595505
42 1104 18276 0 1777797272 595511
43 1218 10002 0 1777797272 595516
38 1151 9283 0 1777797272 604800
40 1161 9010 0 1777797272 604820
41 1138 9028 0 1777797272 604847
39 1284 10681 0 1777797272 606438
43 1219 10607 0 1777797272 606442
42 1105 14218 0 1777797272 610046
40 1162 10277 0 1777797272 615184
41 1139 10290 0 1777797272 615206
38 1152 19570 0 1777797272 624419
39 1285 17987 0 1777797272 624429
40 1163 9227 0 1777797272 624435
41 1140 9206 0 1777797272 624444
42 1106 19817 0 1777797272 629866
43 1220 23444 0 1777797272 629894
38 1153 12655 0 1777797272 637100
41 1141 12638 0 1777797272 637110
43 1221 7210 0 1777797272 637116
41 1142 12884 0 1777797272 650021
43 1222 12893 0 1777797272 650040
38 1154 19558 0 1777797272 656675
39 1286 32226 0 1777797272 656683
40 1164 32221 0 1777797272 656686
42 1107 26796 0 1777797272 656691
43 1223 6609 0 1777797272 656695
41 1143 16284 0 1777797272 666326
40 1165 22259 0 1777797272 678968
39 1287 23156 0 1777797272 679860
42 1108 23154 0 1777797272 679868
43 1224 23134 0 1777797272 679874
38 1155 25114 0 1777797272 681809
41 1144 15551 0 1777797272 681879
39 1288 15480 0 1777797272 695355
42 1109 15486 0 1777797272 695372
38 1156 17654 0 1777797272 699466
43 1225 19585 0 1777797272 699479
40 1166 30420 0 1777797272 709399
41 1145 27527 0 1777797272 709408
39 1289 18824 0 1777797272 714197
42 1110 18882 0 1777797272 714277
38 1157 28079 0 1777797272 727560
43 1226 28092 0 1777797272 727589
41 1146 27161 0 1777797272 736577
42 1111 36742 0 1777797272 751050
42 1112 14349 0 1777797272 765405
40 1167 65012 0 1777797272 774421
39 1290 73708 0 1777797272 787987
41 1147 51405 0 1777797272 787990
42 1113 22589 0 1777797272 787994
43 1227 60407 0 1777797272 787998
38 1158 64342 0 1777797272 791908
40 1168 17506 0 1777797272 791928
39 1291 10566 0 1777797272 798564
41 1148 15325 0 1777797272 803330
42 1114 19553 0 1777797272 807565
39 1292 10057 0 1777797272 808623
40 1169 21144 0 1777797272 813082
41 1149 12041 0 1777797272 815380
39 1293 7309 0 1777797272 815941
42 1115 10706 0 1777797272 818274
43 1228 31955 0 1777797272 819973
38 1159 29860 0 1777797272 821790
39 1294 6906 0 1777797272 822848
39 1295 2869 0 1777797272 825719
42 1116 7544 0 1777797272 825823
40 1170 25845 0 1777797272 838930
42 1117 16585 0 1777797272 842410
39 1296 18062 0 1777797272 843784
38 1160 27699 0 1777797272 849491
42 1118 7089 0 1777797272 849504
43 1229 29546 0 1777797272 849522
39 1297 8717 0 1777797272 852504
40 1171 20085 0 1777797272 859018
43 1230 9451 0 1777797272 859023
38 1161 22344 0 1777797272 871867
40 1172 13128 0 1777797272 872152
42 1119 22600 0 1777797272 872161
43 1231 13137 0 1777797272 872166
40 1173 22992 0 1777797272 895168
43 1232 23084 0 1777797272 895270
42 1120 25189 0 1777797272 897370
39 1298 63439 0 1777797272 915946
41 1150 100577 0 1777797272 915958
41 1151 5376 0 1777797272 921347
41 1152 7905 0 1777797272 929255
43 1233 34023 0 1777797272 929316
41 1153 3372 0 1777797272 932637
42 1121 35272 0 1777797272 932644
39 1299 20163 0 1777797272 936122
43 1234 6813 0 1777797272 936131
41 1154 4860 0 1777797272 937507
39 1300 1842 0 1777797272 937974
38 1162 70338 0 1777797272 942504
41 1155 5006 0 1777797272 942515
42 1122 9865 0 1777797272 942523
38 1163 1648 0 1777797272 944171
41 1156 3428 0 1777797272 945967
42 1123 3436 0 1777797272 945985
38 1164 2611 0 1777797272 946785
41 1157 3000 0 1777797272 948986
39 1301 13700 0 1777797272 951677
38 1165 5979 0 1777797272 952768
39 1302 5348 0 1777797272 957027
38 1166 9520 0 1777797272 962298
42 1124 16311 0 1777797272 962306
41 1158 13574 0 1777797272 962563
40 1174 68887 0 1777797272 964159
39 1303 9574 0 1777797272 966616
40 1175 5153 0 1777797272 969318
38 1167 8856 0 1777797272 971163
43 1235 36183 0 1777797272 972327
38 1168 8826 0 1777797272 979992
39 1304 13393 0 1777797272 980012
41 1159 17455 0 1777797272 980019
38 1169 1538 0 1777797272 981558
39 1305 1527 0 1777797272 981564
41 1160 3537 0 1777797272 983621
38 1170 9056 0 1777797272 990621
39 1306 9054 0 1777797272 990628
41 1161 7006 0 1777797272 990634
43 1236 24194 0 1777797272 996523
38 1171 8972 0 1777797272 999608
39 1307 8977 0 1777797272 999621
40 1176 30301 0 1777797272 999628
41 1162 8982 0 1777797272 999634
42 1125 37325 0 1777797272 999641
39 1308 5790 0 1777797273 5447
40 1177 5793 0 1777797273 5458
38 1172 7663 0 1777797273 7305
41 1163 7642 0 1777797273 7315
42 1126 7629 0 1777797273 7323
39 1309 11576 0 1777797273 17035
40 1178 11569 0 1777797273 17044
41 1164 9716 0 1777797273 17050
42 1127 9714 0 1777797273 17057
43 1237 20538 0 1777797273 17063
38 1173 12947 0 1777797273 20271
38 1174 10556 0 1777797273 30831
39 1310 13775 0 1777797273 30839
41 1165 13700 0 1777797273 30844
42 1128 13697 0 1777797273 30851
43 1238 13697 0 1777797273 30858
38 1175 7303 0 1777797273 38163
39 1311 7314 0 1777797273 38182
41 1166 7303 0 1777797273 38191
42 1129 7284 0 1777797273 38198
43 1239 7281 0 1777797273 38204
41 1167 7890 0 1777797273 46219
42 1130 7895 0 1777797273 46231
43 1240 8113 0 1777797273 46458
38 1176 8293 0 1777797273 46498
39 1312 8184 0 1777797273 46504
40 1179 36068 0 1777797273 53165
39 1313 11174 0 1777797273 57696
43 1241 11240 0 1777797273 57722
38 1177 15890 0 1777797273 62396
41 1168 15986 0 1777797273 62446
42 1131 16037 0 1777797273 62508
42 1132 5916 0 1777797273 68458
43 1242 10802 0 1777797273 68547
41 1169 7034 0 1777797273 69558
38 1178 16717 0 1777797273 79226
39 1314 21992 0 1777797273 79715
42 1133 11174 0 1777797273 79724
43 1243 12757 0 1777797273 82263
40 1180 34090 0 1777797273 87261
41 1170 17707 0 1777797273 87271
42 1134 7536 0 1777797273 87277
38 1179 12096 0 1777797273 91820
39 1315 12105 0 1777797273 91840
43 1244 9578 0 1777797273 91847
41 1171 4893 0 1777797273 92182
40 1181 12128 0 1777797273 99407
39 1316 7432 0 1777797273 99510
41 1172 7718 0 1777797273 99901
42 1135 12613 0 1777797273 99911
43 1245 7815 0 1777797273 99917
38 1180 10672 0 1777797273 102520
39 1317 8581 0 1777797273 108094
40 1182 8708 0 1777797273 108119
38 1181 16661 0 1777797273 119188
41 1173 21220 0 1777797273 121138
42 1136 21208 0 1777797273 121145
43 1246 21181 0 1777797273 121151
39 1318 14512 0 1777797273 122608
40 1183 14493 0 1777797273 122613
38 1182 15750 0 1777797273 136901
40 1184 14296 0 1777797273 136919
41 1174 15791 0 1777797273 136949
42 1137 15792 0 1777797273 136956
43 1247 15796 0 1777797273 136964
39 1319 27242 0 1777797273 149856
38 1183 12904 0 1777797273 149869
40 1185 12900 0 1777797273 149873
41 1175 12895 0 1777797273 149878
42 1138 12891 0 1777797273 149881
43 1248 12887 0 1777797273 149885
42 1139 6434 0 1777797273 156334
40 1186 7621 0 1777797273 157512
39 1320 10231 0 1777797273 160088
38 1184 12139 0 1777797273 162025
41 1176 13922 0 1777797273 163817
43 1249 13921 0 1777797273 163827
39 1321 19569 0 1777797273 179659
40 1187 22152 0 1777797273 179666
41 1177 15844 0 1777797273 179672
43 1250 15837 0 1777797273 179677
38 1185 27100 0 1777797273 189128
39 1322 9458 0 1777797273 189136
40 1188 9536 0 1777797273 189222
42 1140 32912 0 1777797273 189248
38 1186 4498 0 1777797273 193747
39 1323 4468 0 1777797273 193760
41 1178 14076 0 1777797273 193767
42 1141 4461 0 1777797273 193773
43 1251 14083 0 1777797273 193780
40 1189 14822 0 1777797273 204124
39 1324 101240 0 1777797273 295082
38 1187 171759 0 1777797273 365541
39 1325 76242 0 1777797273 371329
42 1142 177481 0 1777797273 371341
41 1179 180591 0 1777797273 374442
39 1326 24498 0 1777797273 395840
39 1327 4476 0 1777797273 400327
38 1188 41128 0 1777797273 406673
41 1180 38419 0 1777797273 412872
43 1252 219709 0 1777797273 413576
39 1328 14993 0 1777797273 415326
41 1181 12531 0 1777797273 425406
40 1190 225277 0 1777797273 429405
39 1329 15465 0 1777797273 430796
39 1330 14507 0 1777797273 445305
40 1191 15905 0 1777797273 445313
38 1189 48428 0 1777797273 455103
42 1143 83854 0 1777797273 455214
38 1190 4355 0 1777797273 459471
39 1331 14166 0 1777797273 459480
40 1192 14162 0 1777797273 459487
41 1182 34084 0 1777797273 459493
42 1144 5561 0 1777797273 460779
39 1332 3923 0 1777797273 463429
42 1145 4995 0 1777797273 465780
38 1191 6322 0 1777797273 465816
40 1193 6571 0 1777797273 466084
41 1183 7032 0 1777797273 466565
41 1184 4285 0 1777797273 470853
39 1333 8219 0 1777797273 471655
42 1146 7045 0 1777797273 472835
40 1194 7858 0 1777797273 473944
42 1147 1137 0 1777797273 473974
41 1185 3180 0 1777797273 474036
38 1192 9568 0 1777797273 475386
42 1148 1551 0 1777797273 475572
41 1186 1903 0 1777797273 475940
40 1195 3413 0 1777797273 477359
39 1334 18684 0 1777797273 490341
41 1187 14406 0 1777797273 490348
43 1253 102266 0 1777797273 515846
40 1196 65030 0 1777797273 542396
38 1193 69435 0 1777797273 544828
43 1254 29046 0 1777797273 544892
42 1149 72884 0 1777797273 548457
40 1197 16591 0 1777797273 558990
41 1188 77419 0 1777797273 567774
38 1194 27359 0 1777797273 572260
42 1150 23809 0 1777797273 572268
43 1255 30487 0 1777797273 575420
40 1198 16486 0 1777797273 575477
39 1335 94040 0 1777797273 584388
38 1195 23222 0 1777797273 595491
40 1199 20027 0 1777797273 595506
41 1189 27737 0 1777797273 595513
42 1151 23240 0 1777797273 595520
43 1256 20101 0 1777797273 595527
39 1336 17200 0 1777797273 601591
42 1152 20225 0 1777797273 615783
38 1196 31285 0 1777797273 626813
39 1337 25228 0 1777797273 626821
40 1200 31283 0 1777797273 626827
43 1257 31279 0 1777797273 626843
42 1153 11124 0 1777797273 626908
41 1190 41743 0 1777797273 637295
38 1197 16766 0 1777797273 643610
39 1338 16768 0 1777797273 643621
40 1201 16791 0 1777797273 643658
41 1191 6363 0 1777797273 643663
42 1154 16759 0 1777797273 643668
43 1258 16797 0 1777797273 643678
40 1202 9013 0 1777797273 652708
42 1155 9012 0 1777797273 652717
38 1198 9063 0 1777797273 652742
43 1259 9054 0 1777797273 652763
41 1192 9094 0 1777797273 652794
40 1203 17943 0 1777797273 670662
41 1193 19730 0 1777797273 672524
42 1156 19810 0 1777797273 672540
39 1339 37250 0 1777797273 680940
40 1204 10255 0 1777797273 680949
38 1199 32145 0 1777797273 684888
41 1194 12354 0 1777797273 684896
42 1157 12368 0 1777797273 684925
43 1260 32170 0 1777797273 684934
38 1200 9200 0 1777797273 694136
40 1205 13300 0 1777797273 694262
39 1340 17315 0 1777797273 698266
41 1195 13326 0 1777797273 698272
42 1158 13323 0 1777797273 698278
43 1261 13976 0 1777797273 699019
40 1206 5326 0 1777797273 699590
40 1207 2943 0 1777797273 702535
42 1159 4255 0 1777797273 702550
41 1196 6064 0 1777797273 704351
43 1262 6054 0 1777797273 705079
41 1197 2576 0 1777797273 706929
42 1160 7310 0 1777797273 709877
39 1341 12666 0 1777797273 710945
40 1208 8511 0 1777797273 711062
38 1201 23818 0 1777797273 717964
39 1342 11445 0 1777797273 722393
41 1198 15467 0 1777797273 722400
43 1263 17700 0 1777797273 722781
42 1161 16961 0 1777797273 726840
40 1209 17280 0 1777797273 728344
38 1202 18030 0 1777797273 736004
39 1343 13640 0 1777797273 736041
42 1162 9211 0 1777797273 736054
40 1210 7758 0 1777797273 736104
41 1199 19924 0 1777797273 742340
42 1163 6319 0 1777797273 742403
40 1211 6412 0 1777797273 742518
38 1203 7296 0 1777797273 743351
39 1344 7297 0 1777797273 743372
43 1264 20599 0 1777797273 743383
38 1204 10044 0 1777797273 753428
39 1345 10149 0 1777797273 753545
40 1212 11034 0 1777797273 753554
41 1200 11214 0 1777797273 753561
42 1164 11163 0 1777797273 753567
43 1265 10155 0 1777797273 753573
40 1213 4469 0 1777797273 758060
39 1346 9726 0 1777797273 763309
41 1201 9732 0 1777797273 763329
38 1205 14187 0 1777797273 767761
40 1214 12433 0 1777797273 770501
41 1202 7168 0 1777797273 770550
43 1266 16946 0 1777797273 770558
38 1206 6262 0 1777797273 774026
40 1215 3488 0 1777797273 774046
41 1203 5357 0 1777797273 775923
43 1267 6721 0 1777797273 777294
40 1216 4093 0 1777797273 778151
42 1165 30736 0 1777797273 784341
38 1207 19047 0 1777797273 793095
43 1268 18095 0 1777797273 795392
40 1217 25162 0 1777797273 803315
42 1166 28579 0 1777797273 812923
43 1269 32652 0 1777797273 828045
40 1218 29351 0 1777797273 832669
42 1167 27311 0 1777797273 840237
42 1168 5133 0 1777797273 845372
42 1169 4369 0 1777797273 849744
41 1204 80727 0 1777797273 856656
39 1347 95889 0 1777797273 859220
42 1170 9486 0 1777797273 859232
43 1270 31190 0 1777797273 859239
42 1171 3168 0 1777797273 862424
39 1348 8240 0 1777797273 867480
40 1219 34814 0 1777797273 867488
39 1349 1846 0 1777797273 869336
42 1172 8386 0 1777797273 870813
40 1220 3522 0 1777797273 871057
43 1271 14939 0 1777797273 874202
38 1208 83800 0 1777797273 876898
41 1205 21382 0 1777797273 878050
41 1206 8820 0 1777797273 886873
42 1173 16065 0 1777797273 886880
38 1209 12405 0 1777797273 889306
40 1221 19222 0 1777797273 890281
43 1272 16087 0 1777797273 890291
38 1210 6450 0 1777797273 895759
43 1273 6997 0 1777797273 897302
40 1222 7190 0 1777797273 897482
40 1223 9416 0 1777797273 906900
42 1174 20112 0 1777797273 907001
41 1207 20202 0 1777797273 907083
39 1350 42517 0 1777797273 911855
41 1208 4777 0 1777797273 911862
42 1175 4849 0 1777797273 911880
43 1274 14584 0 1777797273 911887
38 1211 16160 0 1777797273 911921
40 1224 5669 0 1777797273 912673
38 1212 9233 0 1777797273 921155
42 1176 14589 0 1777797273 926491
43 1275 17746 0 1777797273 929656
38 1213 18978 0 1777797273 940145
41 1209 28270 0 1777797273 940165
42 1177 13682 0 1777797273 940175
43 1276 10517 0 1777797273 940181
38 1214 8399 0 1777797273 948582
41 1210 8401 0 1777797273 948605
41 1211 3643 0 1777797273 952263
38 1215 7664 0 1777797273 956270
41 1212 4014 0 1777797273 956280
42 1178 16068 0 1777797273 956289
43 1277 16066 0 1777797273 956296
38 1216 8664 0 1777797273 964962
41 1213 9126 0 1777797273 965436
40 1225 57757 0 1777797273 970431
43 1278 15664 0 1777797273 971993
39 1351 60536 0 1777797273 972424
42 1179 24300 0 1777797273 980621
41 1214 15993 0 1777797273 981443
38 1217 23095 0 1777797273 988534
41 1215 7101 0 1777797273 988546
42 1180 7929 0 1777797273 988552
43 1279 16567 0 1777797273 988562
39 1352 23870 0 1777797273 996297
40 1226 32253 0 1777797274 2690
43 1280 49353 0 1777797274 37946
39 1353 45932 0 1777797274 42236
40 1227 41393 0 1777797274 44085
38 1218 56273 0 1777797274 44836
41 1216 58455 0 1777797274 47031
38 1219 3648 0 1777797274 48487
38 1220 5921 0 1777797274 54410
41 1217 7386 0 1777797274 54419
42 1181 65850 0 1777797274 54435
39 1354 14163 0 1777797274 56401
40 1228 12640 0 1777797274 56731
40 1229 855 0 1777797274 57588
40 1230 5563 0 1777797274 63153
39 1355 8594 0 1777797274 64998
41 1218 11508 0 1777797274 65958
43 1281 29233 0 1777797274 67187
41 1219 1430 0 1777797274 67395
40 1231 4616 0 1777797274 67772
41 1220 1197 0 1777797274 68593
41 1221 894 0 1777797274 69489
40 1232 2977 0 1777797274 70751
41 1222 5184 0 1777797274 74679
39 1356 13450 0 1777797274 78449
43 1282 11273 0 1777797274 78462
40 1233 8626 0 1777797274 79379
41 1223 4705 0 1777797274 79386
42 1182 27567 0 1777797274 82055
38 1221 42264 0 1777797274 96701
41 1224 17313 0 1777797274 96709
39 1357 18964 0 1777797274 97427
40 1234 18049 0 1777797274 97436
43 1283 18939 0 1777797274 97443
38 1222 6046 0 1777797274 102756
41 1225 6710 0 1777797274 103431
40 1235 7894 0 1777797274 105347
42 1183 23308 0 1777797274 105366
40 1236 2693 0 1777797274 108060
38 1223 7282 0 1777797274 110044
42 1184 5666 0 1777797274 111068
38 1224 2781 0 1777797274 112829
42 1185 2296 0 1777797274 113366
40 1237 5532 0 1777797274 113595
40 1238 1115 0 1777797274 114712
42 1186 1691 0 1777797274 115059
38 1225 3023 0 1777797274 115855
41 1226 12998 0 1777797274 116432
42 1187 4710 0 1777797274 119771
41 1227 3508 0 1777797274 119941
38 1226 6129 0 1777797274 121988
42 1188 2221 0 1777797274 121995
38 1227 1564 0 1777797274 123560
42 1189 1665 0 1777797274 123674
38 1228 5574 0 1777797274 129137
40 1239 14431 0 1777797274 129145
41 1228 9208 0 1777797274 129151
42 1190 5481 0 1777797274 129157
43 1284 34899 0 1777797274 132360
38 1229 3773 0 1777797274 132931
41 1229 4576 0 1777797274 133751
42 1191 7241 0 1777797274 136425
40 1240 8849 0 1777797274 138017
39 1358 43227 0 1777797274 140671
42 1192 9384 0 1777797274 145811
43 1285 14839 0 1777797274 147201
39 1359 8213 0 1777797274 148887
38 1230 15975 0 1777797274 148911
41 1230 17244 0 1777797274 150997
38 1231 8806 0 1777797274 157718
39 1360 8834 0 1777797274 157725
40 1241 19711 0 1777797274 157731
42 1193 12481 0 1777797274 158297
43 1286 12580 0 1777797274 159783
40 1242 3308 0 1777797274 161058
42 1194 7152 0 1777797274 165451
41 1231 15045 0 1777797274 166048
43 1287 6270 0 1777797274 166055
42 1195 2635 0 1777797274 168096
41 1232 4810 0 1777797274 170867
42 1196 6515 0 1777797274 174615
43 1288 8566 0 1777797274 174631
39 1361 17348 0 1777797274 175091
41 1233 5534 0 1777797274 176427
38 1232 22056 0 1777797274 179788
42 1197 11249 0 1777797274 185881
38 1233 12305 0 1777797274 192096
39 1362 17039 0 1777797274 192131
41 1234 15715 0 1777797274 192142
42 1198 6267 0 1777797274 192150
43 1289 17516 0 1777797274 192157
40 1243 31161 0 1777797274 192222
42 1199 4445 0 1777797274 196635
39 1363 6020 0 1777797274 198192
42 1200 4369 0 1777797274 201006
43 1290 13165 0 1777797274 205368
38 1234 18085 0 1777797274 210243
39 1364 12046 0 1777797274 210250
40 1244 18033 0 1777797274 210256
41 1235 18082 0 1777797274 210262
42 1201 9260 0 1777797274 210268
43 1291 5958 0 1777797274 211328
38 1235 7305 0 1777797274 217574
40 1245 7281 0 1777797274 217582
41 1236 7279 0 1777797274 217587
42 1202 7275 0 1777797274 217593
39 1365 13819 0 1777797274 224098
40 1246 6507 0 1777797274 224113
41 1237 6505 0 1777797274 224120
38 1236 6740 0 1777797274 224334
43 1292 13009 0 1777797274 224341
40 1247 2810 0 1777797274 227016
42 1203 10692 0 1777797274 228313
42 1204 1929 0 1777797274 230245
41 1238 23694 0 1777797274 247911
42 1205 23340 0 1777797274 253631
38 1237 32076 0 1777797274 256419
43 1293 36270 0 1777797274 260619
38 1238 5526 0 1777797274 261952
42 1206 9895 0 1777797274 263528
43 1294 5212 0 1777797274 265833
38 1239 13165 0 1777797274 275136
39 1366 51074 0 1777797274 275195
42 1207 11723 0 1777797274 275257
40 1248 53240 0 1777797274 280259
41 1239 32353 0 1777797274 280266
43 1295 14436 0 1777797274 280272
39 1367 11389 0 1777797274 286664
40 1249 6403 0 1777797274 286675
42 1208 11399 0 1777797274 286683
38 1240 12155 0 1777797274 287413
41 1240 10692 0 1777797274 290973
43 1296 11221 0 1777797274 291509
42 1209 12380 0 1777797274 299082
40 1250 13566 0 1777797274 300260
38 1241 14106 0 1777797274 301521
39 1368 14848 0 1777797274 301532
41 1241 15779 0 1777797274 306753
43 1297 15248 0 1777797274 306760
40 1251 11607 0 1777797274 311869
38 1242 13669 0 1777797274 315203
42 1210 16126 0 1777797274 315213
39 1369 16603 0 1777797274 318147
41 1242 11395 0 1777797274 318156
43 1298 11394 0 1777797274 318163
38 1243 12118 0 1777797274 327333
42 1211 12113 0 1777797274 327353
39 1370 10767 0 1777797274 328932
43 1299 10709 0 1777797274 328938
40 1252 17378 0 1777797274 329250
41 1243 11083 0 1777797274 329263
42 1212 4285 0 1777797274 331711
43 1300 3747 0 1777797274 332698
39 1371 10253 0 1777797274 339192
40 1253 9934 0 1777797274 339198
38 1244 13222 0 1777797274 340577
41 1244 11351 0 1777797274 340626
42 1213 8921 0 1777797274 340634
40 1254 6868 0 1777797274 346077
43 1301 13393 0 1777797274 346093
42 1214 7442 0 1777797274 348141
39 1372 10049 0 1777797274 349248
41 1245 8596 0 1777797274 349258
38 1245 14144 0 1777797274 354779
40 1255 8702 0 1777797274 354796
43 1302 8697 0 1777797274 354802
41 1246 8697 0 1777797274 357965
42 1215 9825 0 1777797274 357971
40 1256 3917 0 1777797274 358747
43 1303 7132 0 1777797274 361972
39 1373 15674 0 1777797274 364933
38 1246 10686 0 1777797274 365489
40 1257 6743 0 1777797274 365496
42 1216 7522 0 1777797274 365501
39 1374 4889 0 1777797274 369825
41 1247 12528 0 1777797274 370500
38 1247 6972 0 1777797274 372474
43 1304 10509 0 1777797274 372483
39 1375 8625 0 1777797274 378452
40 1258 12949 0 1777797274 378461
41 1248 7970 0 1777797274 378472
42 1217 12961 0 1777797274 378480
43 1305 5994 0 1777797274 378488
38 1248 8030 0 1777797274 380514
39 1376 9815 0 1777797274 388304
40 1259 9831 0 1777797274 388331
41 1249 11737 0 1777797274 390245
42 1218 12636 0 1777797274 391155
43 1306 12633 0 1777797274 391161
38 1249 11025 0 1777797274 391543
41 1250 6568 0 1777797274 396817
42 1219 5665 0 1777797274 396826
40 1260 9791 0 1777797274 398138
43 1307 8087 0 1777797274 399256
38 1250 8161 0 1777797274 399706
39 1377 12357 0 1777797274 400690
38 1251 9140 0 1777797274 408848
39 1378 8166 0 1777797274 408858
40 1261 10719 0 1777797274 408863
41 1251 12040 0 1777797274 408867
42 1220 12033 0 1777797274 408872
43 1308 9620 0 1777797274 408878
39 1379 14403 0 1777797274 423293
40 1262 14420 0 1777797274 423315
42 1221 14420 0 1777797274 423324
43 1309 14426 0 1777797274 423334
38 1252 22173 0 1777797274 431051
41 1252 22160 0 1777797274 431059
43 1310 18742 0 1777797274 442105
38 1253 22539 0 1777797274 453599
41 1253 22536 0 1777797274 453605
38 1254 25332 0 1777797274 478939
40 1263 58082 0 1777797274 481428
43 1311 90920 0 1777797274 533028
42 1222 112728 0 1777797274 536081
39 1380 114746 0 1777797274 538081
41 1254 84891 0 1777797274 538503
42 1223 10247 0 1777797274 546331
39 1381 13100 0 1777797274 551183
43 1312 21040 0 1777797274 554071
42 1224 8544 0 1777797274 554878
41 1255 16573 0 1777797274 555078
39 1382 8971 0 1777797274 560161
42 1225 8131 0 1777797274 563011
41 1256 8653 0 1777797274 563732
43 1313 10246 0 1777797274 564319
42 1226 2247 0 1777797274 565262
40 1264 98396 0 1777797274 579829
43 1314 15530 0 1777797274 579854
39 1383 20210 0 1777797274 580373
41 1257 16645 0 1777797274 580380
38 1255 102387 0 1777797274 581331
38 1256 8375 0 1777797274 589708
39 1384 9364 0 1777797274 589745
40 1265 9896 0 1777797274 589752
43 1315 9950 0 1777797274 589826
39 1385 70088 0 1777797274 659923
40 1266 70105 0 1777797274 659946
38 1257 70524 0 1777797274 660351
43 1316 70512 0 1777797274 660360
41 1258 81317 0 1777797274 661707
42 1227 96451 0 1777797274 661719
40 1267 14367 0 1777797274 674689
38 1258 18570 0 1777797274 678931
43 1317 18568 0 1777797274 678939
42 1228 17570 0 1777797274 679299
41 1259 17602 0 1777797274 679322
39 1386 19596 0 1777797274 679544
38 1259 13878 0 1777797274 692819
40 1268 21113 0 1777797274 695805
41 1260 16493 0 1777797274 695816
42 1229 16521 0 1777797274 695823
39 1387 18098 0 1777797274 697643
43 1318 26483 0 1777797274 705431
38 1260 13371 0 1777797274 706195
40 1269 12133 0 1777797274 707958
41 1261 15730 0 1777797274 711566
42 1230 15740 0 1777797274 711584
39 1388 15291 0 1777797274 712936
38 1261 16797 0 1777797274 722994
39 1389 10079 0 1777797274 723019
41 1262 11443 0 1777797274 723028
42 1231 11460 0 1777797274 723059
43 1319 17626 0 1777797274 723067
40 1270 21480 0 1777797274 729440
39 1390 7961 0 1777797274 731049
42 1232 7935 0 1777797274 731058
43 1320 7932 0 1777797274 731064
38 1262 14742 0 1777797274 737809
41 1263 14711 0 1777797274 737819
40 1271 16337 0 1777797274 745780
43 1321 14731 0 1777797274 745820
38 1263 11534 0 1777797274 749354
39 1391 18303 0 1777797274 749368
41 1264 11544 0 1777797274 749378
42 1233 18305 0 1777797274 749386
38 1264 9832 0 1777797274 759219
40 1272 13410 0 1777797274 759232
41 1265 9826 0 1777797274 759238
43 1322 13398 0 1777797274 759245
39 1392 15144 0 1777797274 764549
42 1234 15139 0 1777797274 764561
38 1265 12399 0 1777797274 771645
41 1266 12380 0 1777797274 771656
43 1323 12372 0 1777797274 771664
40 1273 19270 0 1777797274 778533
39 1393 14226 0 1777797274 778788
38 1266 17020 0 1777797274 788686
43 1324 21490 0 1777797274 793466
39 1394 16589 0 1777797274 795379
42 1235 30838 0 1777797274 795412
40 1274 28226 0 1777797274 806761
41 1267 34815 0 1777797274 806778
38 1267 19057 0 1777797274 807744
39 1395 12351 0 1777797274 807763
42 1236 13355 0 1777797274 808777
43 1325 16779 0 1777797274 810246
40 1275 6081 0 1777797274 812860
42 1237 4100 0 1777797274 812879
38 1268 5524 0 1777797274 813289
43 1326 3927 0 1777797274 814178
39 1396 7089 0 1777797274 814864
38 1269 3392 0 1777797274 816686
42 1238 3920 0 1777797274 816800
43 1327 4384 0 1777797274 818564
39 1397 5106 0 1777797274 819973
40 1276 8601 0 1777797274 821463
41 1268 15385 0 1777797274 822174
42 1239 5381 0 1777797274 822182
38 1270 8319 0 1777797274 825008
39 1398 5037 0 1777797274 825017
42 1240 3480 0 1777797274 825673
38 1271 2024 0 1777797274 827044
39 1399 2037 0 1777797274 827070
43 1328 8569 0 1777797274 827135
42 1241 2021 0 1777797274 827696
38 1272 1562 0 1777797274 828699
43 1329 2969 0 1777797274 830126
42 1242 2459 0 1777797274 830156
38 1273 3007 0 1777797274 831708
39 1400 4567 0 1777797274 831717
39 1401 2207 0 1777797274 833936
42 1243 3905 0 1777797274 834062
43 1330 3956 0 1777797274 834085
38 1274 2413 0 1777797274 834131
38 1275 3803 0 1777797274 837935
39 1402 3863 0 1777797274 837949
42 1244 3861 0 1777797274 837968
43 1331 3927 0 1777797274 838043
38 1276 6198 0 1777797274 844167
39 1403 6186 0 1777797274 844192
42 1245 6177 0 1777797274 844204
43 1332 6174 0 1777797274 844219
38 1277 5228 0 1777797274 849450
39 1404 5222 0 1777797274 849462
43 1333 5212 0 1777797274 849472
38 1278 2628 0 1777797274 852102
39 1405 4165 0 1777797274 853658
43 1334 4173 0 1777797274 853676
39 1406 7604 0 1777797274 861282
38 1279 10275 0 1777797274 862384
43 1335 9052 0 1777797274 862744
38 1280 1544 0 1777797274 863930
43 1336 2136 0 1777797274 864882
39 1407 4484 0 1777797274 865772
43 1337 3117 0 1777797274 868002
38 1281 8162 0 1777797274 872098
39 1408 6338 0 1777797274 872111
43 1338 7226 0 1777797274 875230
39 1409 3825 0 1777797274 875950
43 1339 1830 0 1777797274 877064
38 1282 6013 0 1777797274 878127
39 1410 3811 0 1777797274 879763
43 1340 3540 0 1777797274 880612
43 1341 1717 0 1777797274 882346
38 1283 10070 0 1777797274 888199
39 1411 8444 0 1777797274 888210
42 1246 43964 0 1777797274 888216
42 1247 4196 0 1777797274 892491
43 1342 12118 0 1777797274 894466
39 1412 6410 0 1777797274 894695
38 1284 7401 0 1777797274 895676
39 1413 11680 0 1777797274 906376
41 1269 84199 0 1777797274 906382
42 1248 13893 0 1777797274 906387
43 1343 11924 0 1777797274 906392
38 1285 17035 0 1777797274 912720
40 1277 91269 0 1777797274 912734
41 1270 6343 0 1777797274 912741
39 1414 11955 0 1777797274 918347
42 1249 11951 0 1777797274 918356
43 1344 11953 0 1777797274 918363
38 1286 10477 0 1777797274 923219
41 1271 10467 0 1777797274 923227
38 1287 4487 0 1777797274 927715
39 1415 9368 0 1777797274 927731
40 1278 14985 0 1777797274 927738
42 1250 9366 0 1777797274 927745
43 1345 11069 0 1777797274 929456
41 1272 7397 0 1777797274 930634
38 1288 12818 0 1777797274 940564
39 1416 12810 0 1777797274 940570
40 1279 12808 0 1777797274 940576
41 1273 9942 0 1777797274 940582
42 1251 12811 0 1777797274 940587
43 1346 11135 0 1777797274 940592
40 1280 23943 0 1777797274 964551
41 1274 23946 0 1777797274 964559
38 1289 24624 0 1777797274 965216
39 1417 24659 0 1777797274 965259
43 1347 24660 0 1777797274 965284
38 1290 9739 0 1777797274 975024
39 1418 9736 0 1777797274 975031
42 1252 34417 0 1777797274 975035
40 1281 11358 0 1777797274 975918
41 1275 11352 0 1777797274 975926
43 1348 10630 0 1777797274 975932
39 1419 7751 0 1777797274 982795
38 1291 7885 0 1777797274 982920
40 1282 14019 0 1777797274 989953
41 1276 14022 0 1777797274 989969
43 1349 14033 0 1777797274 989989
38 1292 7536 0 1777797274 990457
39 1420 7684 0 1777797274 990482
38 1293 7655 0 1777797274 998139
39 1421 7654 0 1777797274 998156
41 1277 8134 0 1777797274 998163
42 1253 23116 0 1777797274 998169
43 1350 8126 0 1777797274 998176
40 1283 9023 0 1777797274 999039
38 1294 11588 0 1777797275 9765
41 1278 11580 0 1777797275 9775
42 1254 11578 0 1777797275 9780
43 1351 11577 0 1777797275 9786
39 1422 12848 0 1777797275 11035
40 1284 12006 0 1777797275 11048
42 1255 7634 0 1777797275 17482
38 1295 11672 0 1777797275 21460
40 1285 10413 0 1777797275 21477
41 1279 11669 0 1777797275 21508
43 1352 11657 0 1777797275 21519
39 1423 14643 0 1777797275 25692
38 1296 7774 0 1777797275 29294
42 1256 11818 0 1777797275 29303
41 1280 8192 0 1777797275 29734
40 1286 8633 0 1777797275 30165
43 1353 9415 0 1777797275 30965
41 1281 4012 0 1777797275 33748
38 1297 8620 0 1777797275 37924
40 1287 7773 0 1777797275 37940
38 1298 1560 0 1777797275 39502
40 1288 1545 0 1777797275 39509
41 1282 5763 0 1777797275 39514
42 1257 10200 0 1777797275 39520
39 1424 16577 0 1777797275 42271
43 1354 12147 0 1777797275 43113
40 1289 8629 0 1777797275 48166
41 1283 8630 0 1777797275 48174
42 1258 8629 0 1777797275 48180
38 1299 10575 0 1777797275 50096
39 1425 7840 0 1777797275 50116
43 1355 7019 0 1777797275 50135
41 1284 6093 0 1777797275 54285
42 1259 7335 0 1777797275 55535
40 1290 9357 0 1777797275 57538
38 1300 7424 0 1777797275 57561
41 1285 3281 0 1777797275 57568
43 1356 7566 0 1777797275 57747
39 1426 8009 0 1777797275 58168
41 1286 3045 0 1777797275 60624
38 1301 4657 0 1777797275 62227
40 1291 4702 0 1777797275 62243
42 1260 6742 0 1777797275 62280
43 1357 5608 0 1777797275 63357
39 1427 7165 0 1777797275 65335
39 1428 1434 0 1777797275 66773
42 1261 25255 0 1777797275 87571
39 1429 20962 0 1777797275 87737
43 1358 25042 0 1777797275 88405
38 1302 31072 0 1777797275 93354
42 1262 12259 0 1777797275 99833
43 1359 11432 0 1777797275 99839
43 1360 3774 0 1777797275 103624
42 1263 5384 0 1777797275 105224
40 1292 43627 0 1777797275 105921
41 1287 47727 0 1777797275 108353
42 1264 7584 0 1777797275 112812
43 1361 10368 0 1777797275 113994
43 1362 13254 0 1777797275 127253
39 1430 40557 0 1777797275 128296
40 1293 22381 0 1777797275 128304
41 1288 19953 0 1777797275 128309
42 1265 15506 0 1777797275 128322
38 1303 37660 0 1777797275 131016
43 1363 19025 0 1777797275 146280
39 1431 18676 0 1777797275 146999
41 1289 19242 0 1777797275 147763
38 1304 16773 0 1777797275 147791
40 1294 20144 0 1777797275 148648
42 1266 21153 0 1777797275 149691
39 1432 12959 0 1777797275 159959
40 1295 11379 0 1777797275 160029
43 1364 13754 0 1777797275 160037
38 1305 12282 0 1777797275 160074
41 1290 14860 0 1777797275 162628
42 1267 12951 0 1777797275 162649
38 1306 5363 0 1777797275 165439
40 1296 5413 0 1777797275 165460
39 1433 12386 0 1777797275 172424
43 1365 12992 0 1777797275 173047
38 1307 12783 0 1777797275 178245
39 1434 5200 0 1777797275 178250
40 1297 12757 0 1777797275 178254
41 1291 15609 0 1777797275 178259
42 1268 15597 0 1777797275 178264
38 1308 10197 0 1777797275 188462
42 1269 10196 0 1777797275 188482
43 1366 15425 0 1777797275 188490
40 1298 17053 0 1777797275 195328
41 1292 17057 0 1777797275 195337
39 1435 17084 0 1777797275 195354
38 1309 11825 0 1777797275 200316
42 1270 11817 0 1777797275 200325
39 1436 11988 0 1777797275 207343
40 1299 12018 0 1777797275 207356
43 1367 18887 0 1777797275 207405
38 1310 15933 0 1777797275 216259
41 1293 20928 0 1777797275 216273
43 1368 19130 0 1777797275 226562
38 1311 22673 0 1777797275 238948
39 1437 31555 0 1777797275 238961
42 1271 38635 0 1777797275 238969
40 1300 32860 0 1777797275 240285
41 1294 24008 0 1777797275 240301
43 1369 13754 0 1777797275 240318
38 1312 10310 0 1777797275 249280
42 1272 10279 0 1777797275 249289
39 1438 12651 0 1777797275 251651
40 1301 11356 0 1777797275 251676
41 1295 11361 0 1777797275 251699
43 1370 11375 0 1777797275 251722
42 1273 9581 0 1777797275 258887
38 1313 10541 0 1777797275 259831
40 1302 13861 0 1777797275 265815
41 1296 13854 0 1777797275 265822
43 1371 13854 0 1777797275 265829
38 1314 9709 0 1777797275 269547
39 1439 22547 0 1777797275 274270
42 1274 15385 0 1777797275 274275
41 1297 8416 0 1777797275 274291
38 1315 5223 0 1777797275 274773
43 1372 9817 0 1777797275 275705
40 1303 11090 0 1777797275 276921
39 1440 5113 0 1777797275 279390
39 1441 10611 0 1777797275 290005
43 1373 21053 0 1777797275 296760
38 1316 22347 0 1777797275 297122
41 1298 35583 0 1777797275 309875
38 1317 17359 0 1777797275 314483
39 1442 25016 0 1777797275 315024
43 1374 18335 0 1777797275 315098
40 1304 38906 0 1777797275 315831
38 1318 14833 0 1777797275 329319
39 1443 14296 0 1777797275 329325
41 1299 19454 0 1777797275 329331
43 1375 14236 0 1777797275 329336
41 1300 8926 0 1777797275 338277
38 1319 14450 0 1777797275 343787
39 1444 14453 0 1777797275 343797
43 1376 14447 0 1777797275 343804
41 1301 7083 0 1777797275 345363
43 1377 5506 0 1777797275 349330
38 1320 10579 0 1777797275 354385
39 1445 10589 0 1777797275 354402
41 1302 10542 0 1777797275 355908
38 1321 16052 0 1777797275 370456
39 1446 16038 0 1777797275 370465
38 1322 18817 0 1777797275 389283
39 1447 18815 0 1777797275 389290
40 1305 73461 0 1777797275 389295
41 1303 33388 0 1777797275 389299
42 1275 115023 0 1777797275 389304
38 1323 27148 0 1777797275 416452
39 1448 27144 0 1777797275 416457
40 1306 27612 0 1777797275 416931
42 1276 27606 0 1777797275 416937
43 1378 67613 0 1777797275 416946
41 1304 31985 0 1777797275 421312
40 1307 11374 0 1777797275 428321
42 1277 11374 0 1777797275 428331
43 1379 15727 0 1777797275 432691
41 1305 15094 0 1777797275 436409
40 1308 8564 0 1777797275 436896
42 1278 9541 0 1777797275 437885
39 1449 22389 0 1777797275 438854
40 1309 3661 0 1777797275 440629
41 1306 11226 0 1777797275 447637
41 1307 3703 0 1777797275 451354
40 1310 14367 0 1777797275 455001
42 1279 17120 0 1777797275 455010
40 1311 7010 0 1777797275 462022
42 1280 9086 0 1777797275 464110
39 1450 25945 0 1777797275 464805
42 1281 2237 0 1777797275 466350
40 1312 10236 0 1777797275 472285
42 1282 5939 0 1777797275 472292
40 1313 2677 0 1777797275 474971
42 1283 2676 0 1777797275 474979
39 1451 10490 0 1777797275 475298
42 1284 4951 0 1777797275 479943
38 1324 63612 0 1777797275 480070
40 1314 5996 0 1777797275 480976
42 1285 6307 0 1777797275 486256
40 1315 6839 0 1777797275 487817
38 1325 9030 0 1777797275 489102
42 1286 4348 0 1777797275 490606
40 1316 3176 0 1777797275 491018
38 1326 8854 0 1777797275 497959
40 1317 6946 0 1777797275 497968
42 1287 7366 0 1777797275 497975
39 1452 30456 0 1777797275 505757
43 1380 80383 0 1777797275 513077
41 1308 63070 0 1777797275 514427
39 1453 11148 0 1777797275 516907
43 1381 4689 0 1777797275 517769
38 1327 21158 0 1777797275 519134
42 1288 22173 0 1777797275 520170
40 1318 24569 0 1777797275 522558
41 1309 13844 0 1777797275 528309
38 1328 10942 0 1777797275 530079
40 1319 21022 0 1777797275 543582
41 1310 15273 0 1777797275 543591
43 1382 38236 0 1777797275 556012
39 1454 40457 0 1777797275 557373
38 1329 27691 0 1777797275 557774
40 1320 21868 0 1777797275 565460
38 1330 21427 0 1777797275 579206
39 1455 21840 0 1777797275 579215
41 1311 35617 0 1777797275 579223
42 1289 59052 0 1777797275 579229
43 1383 23214 0 1777797275 579236
40 1321 17475 0 1777797275 582937
41 1312 3670 0 1777797275 582959
38 1331 12578 0 1777797275 591815
40 1322 8860 0 1777797275 591822
41 1313 8845 0 1777797275 591828
42 1290 12538 0 1777797275 591836
43 1384 20471 0 1777797275 599791
42 1291 22554 0 1777797275 614437
38 1332 22640 0 1777797275 614478
41 1314 31257 0 1777797275 623123
43 1385 23331 0 1777797275 623142
40 1323 31360 0 1777797275 623209
42 1292 8778 0 1777797275 623218
39 1456 63677 0 1777797275 642943
41 1315 81239 0 1777797275 704383
42 1293 81157 0 1777797275 704388
39 1457 63222 0 1777797275 706166
43 1386 83009 0 1777797275 706173
38 1333 94722 0 1777797275 709201
40 1324 85992 0 1777797275 709211
41 1316 14132 0 1777797275 718520
42 1294 20478 0 1777797275 724872
38 1334 16644 0 1777797275 725857
40 1325 21576 0 1777797275 730801
39 1458 25064 0 1777797275 731238
43 1387 29466 0 1777797275 735653
41 1317 18813 0 1777797275 737338
41 1318 11499 0 1777797275 748841
38 1335 28860 0 1777797275 754719
40 1326 23934 0 1777797275 754737
42 1295 29864 0 1777797275 754745
43 1388 19094 0 1777797275 754752
39 1459 79688 0 1777797275 810932
43 1389 66955 0 1777797275 821788
40 1327 67766 0 1777797275 822574
41 1319 73740 0 1777797275 822582
38 1336 68568 0 1777797275 823321
39 1460 12395 0 1777797275 823330
42 1296 72321 0 1777797275 827140
38 1337 11932 0 1777797275 835263
39 1461 11943 0 1777797275 835283
40 1328 12706 0 1777797275 835289
42 1297 11226 0 1777797275 838368
43 1390 16581 0 1777797275 838376
38 1338 4080 0 1777797275 839370
41 1320 16794 0 1777797275 839385
38 1339 19217 0 1777797275 858603
39 1462 23337 0 1777797275 858640
40 1329 23334 0 1777797275 858647
41 1321 19252 0 1777797275 858652
42 1298 20281 0 1777797275 858658
43 1391 20276 0 1777797275 858663
38 1340 13737 0 1777797275 872401
40 1330 13698 0 1777797275 872406
39 1463 21802 0 1777797275 880475
41 1322 21767 0 1777797275 880484
42 1299 21771 0 1777797275 880494
43 1392 21777 0 1777797275 880506
40 1331 11402 0 1777797275 883815
38 1341 14620 0 1777797275 887027
42 1300 35567 0 1777797275 916093
38 1342 41203 0 1777797275 928236
43 1393 47745 0 1777797275 928279
39 1464 55489 0 1777797275 935997
40 1332 52192 0 1777797275 936012
41 1323 55499 0 1777797275 936018
42 1301 33790 0 1777797275 949885
43 1394 21615 0 1777797275 949896
41 1324 18958 0 1777797275 955132
40 1333 25251 0 1777797275 961413
41 1325 19309 0 1777797275 974445
42 1302 24578 0 1777797275 974475
43 1395 24574 0 1777797275 974486
42 1303 7670 0 1777797275 982232
40 1334 27092 0 1777797275 988509
41 1326 14041 0 1777797275 988530
39 1465 52680 0 1777797275 988700
38 1343 68594 0 1777797275 996843
43 1396 22281 0 1777797275 996854
40 1335 20068 0 1777797276 8599
43 1397 15552 0 1777797276 12419
42 1304 31630 0 1777797276 13865
39 1466 26860 0 1777797276 15563
40 1336 22465 0 1777797276 31066
41 1327 42403 0 1777797276 31075
39 1467 16103 0 1777797276 31668
43 1398 26147 0 1777797276 38570
42 1305 24814 0 1777797276 38683
38 1344 47222 0 1777797276 44077
40 1337 13916 0 1777797276 44992
42 1306 6918 0 1777797276 45603
39 1468 14686 0 1777797276 46357
41 1328 18184 0 1777797276 49271
43 1399 10869 0 1777797276 49441
39 1469 12546 0 1777797276 58930
40 1338 13948 0 1777797276 58942
41 1329 9688 0 1777797276 58962
42 1307 13366 0 1777797276 58970
38 1345 19876 0 1777797276 63956
43 1400 17546 0 1777797276 66989
38 1346 9686 0 1777797276 73646
39 1470 14684 0 1777797276 73655
40 1339 15257 0 1777797276 74238
41 1330 16041 0 1777797276 75030
38 1347 13178 0 1777797276 86834
39 1471 13180 0 1777797276 86846
41 1331 11819 0 1777797276 86851
42 1308 27859 0 1777797276 86856
43 1401 19866 0 1777797276 86859
40 1340 13950 0 1777797276 88289
38 1348 6949 0 1777797276 93809
41 1332 8420 0 1777797276 95298
39 1472 8721 0 1777797276 95593
43 1402 12655 0 1777797276 99543
42 1309 13614 0 1777797276 100498
43 1403 7691 0 1777797276 107237
42 1310 8484 0 1777797276 108984
39 1473 17042 0 1777797276 112640
38 1349 19731 0 1777797276 113544
40 1341 25257 0 1777797276 113553
41 1333 22023 0 1777797276 117325
38 1350 10572 0 1777797276 124126
39 1474 11493 0 1777797276 124137
42 1311 15156 0 1777797276 124144
43 1404 16909 0 1777797276 124149
40 1342 15106 0 1777797276 128671
38 1351 15859 0 1777797276 140009
39 1475 15856 0 1777797276 140025
40 1343 11358 0 1777797276 140034
42 1312 15866 0 1777797276 140044
43 1405 15866 0 1777797276 140051
43 1406 2178 0 1777797276 142272
40 1344 2865 0 1777797276 142944
39 1476 4517 0 1777797276 144589
42 1313 4522 0 1777797276 144608
43 1407 7966 0 1777797276 150240
40 1345 11618 0 1777797276 154568
39 1477 20319 0 1777797276 164929
42 1314 20307 0 1777797276 164938
40 1346 13279 0 1777797276 167860
40 1347 20825 0 1777797276 188689
42 1315 23765 0 1777797276 188714
40 1348 267825 0 1777797276 456541
42 1316 276228 0 1777797276 465231
39 1478 306543 0 1777797276 471483
41 1334 354171 0 1777797276 471498
43 1408 323350 0 1777797276 473594
38 1352 385298 0 1777797276 525350
39 1479 53856 0 1777797276 525355
40 1349 68815 0 1777797276 525359
41 1335 53852 0 1777797276 525363
42 1317 60128 0 1777797276 525366
38 1353 6402 0 1777797276 531768
41 1336 6419 0 1777797276 531800
41 1337 3027 0 1777797276 534829
41 1338 1663 0 1777797276 536494
38 1354 13555 0 1777797276 545326
41 1339 8832 0 1777797276 545334
41 1340 5416 0 1777797276 550763
38 1355 6327 0 1777797276 551663
38 1356 4028 0 1777797276 555702
41 1341 6435 0 1777797276 557200
38 1357 2064 0 1777797276 557768
41 1342 2607 0 1777797276 559810
38 1358 4200 0 1777797276 561972
41 1343 2183 0 1777797276 561995
38 1359 1915 0 1777797276 563911
38 1360 1041 0 1777797276 564954
43 1409 92138 0 1777797276 565735
40 1350 41297 0 1777797276 566674
42 1318 41682 0 1777797276 567066
38 1361 3125 0 1777797276 568082
42 1319 2456 0 1777797276 569526
42 1320 1645 0 1777797276 571172
43 1410 6057 0 1777797276 571794
42 1321 1527 0 1777797276 572708
38 1362 4973 0 1777797276 573059
40 1351 6387 0 1777797276 573066
42 1322 1299 0 1777797276 574008
42 1323 1334 0 1777797276 575346
38 1363 5201 0 1777797276 578269
42 1324 2935 0 1777797276 578283
38 1364 2152 0 1777797276 580436
39 1480 55076 0 1777797276 580448
42 1325 4176 0 1777797276 582490
43 1411 10704 0 1777797276 582504
38 1365 3733 0 1777797276 584183
42 1326 2375 0 1777797276 584880
39 1481 4617 0 1777797276 585079
38 1366 9520 0 1777797276 593710
42 1327 8836 0 1777797276 593719
39 1482 9037 0 1777797276 594118
40 1352 21048 0 1777797276 594127
41 1344 32119 0 1777797276 594132
43 1412 11635 0 1777797276 594162
40 1353 10870 0 1777797276 605059
38 1367 12147 0 1777797276 605867
39 1483 11711 0 1777797276 605874
42 1328 12151 0 1777797276 605880
43 1413 11676 0 1777797276 605886
41 1345 12247 0 1777797276 606448
38 1368 7889 0 1777797276 613776
39 1484 8307 0 1777797276 614202
41 1346 7758 0 1777797276 614208
42 1329 8313 0 1777797276 614214
43 1414 9964 0 1777797276 615870
39 1485 9065 0 1777797276 623281
40 1354 18232 0 1777797276 623293
42 1330 9069 0 1777797276 623299
38 1369 10005 0 1777797276 623782
41 1347 9579 0 1777797276 623803
40 1355 4854 0 1777797276 628186
41 1348 5709 0 1777797276 629514
40 1356 3753 0 1777797276 631941
38 1370 8400 0 1777797276 632185
42 1331 10461 0 1777797276 633803
41 1349 4530 0 1777797276 634046
38 1371 2472 0 1777797276 634658
39 1486 18098 0 1777797276 641398
42 1332 10393 0 1777797276 644198
40 1357 12683 0 1777797276 644626
42 1333 6846 0 1777797276 651047
38 1372 31720 0 1777797276 666380
39 1487 24987 0 1777797276 666388
40 1358 21868 0 1777797276 666497
41 1350 32457 0 1777797276 666505
42 1334 15517 0 1777797276 666565
43 1415 50702 0 1777797276 666575
39 1488 4519 0 1777797276 671109
40 1359 4519 0 1777797276 671117
43 1416 5459 0 1777797276 672081
40 1360 3655 0 1777797276 674784
39 1489 4644 0 1777797276 675763
38 1373 12766 0 1777797276 679341
41 1351 12747 0 1777797276 679352
43 1417 7275 0 1777797276 679358
40 1361 7873 0 1777797276 682660
41 1352 3300 0 1777797276 682676
39 1490 9552 0 1777797276 685319
41 1353 2546 0 1777797276 685341
40 1362 3966 0 1777797276 686645
38 1374 10340 0 1777797276 689699
39 1491 4364 0 1777797276 689707
42 1335 26484 0 1777797276 693096
41 1354 9213 0 1777797276 694577
40 1363 9324 0 1777797276 695971
43 1418 18511 0 1777797276 697898
39 1492 9687 0 1777797276 699410
40 1364 4278 0 1777797276 700252
38 1375 10728 0 1777797276 700436
43 1419 6971 0 1777797276 704885
40 1365 5544 0 1777797276 705802
40 1366 1955 0 1777797276 707761
40 1367 1566 0 1777797276 709329
42 1336 17729 0 1777797276 710829
40 1368 1550 0 1777797276 710884
40 1369 1770 0 1777797276 712657
43 1420 8379 0 1777797276 713274
38 1376 25121 0 1777797276 725559
40 1370 14797 0 1777797276 727456
38 1377 3755 0 1777797276 729320
39 1493 31038 0 1777797276 730453
43 1421 20362 0 1777797276 733638
42 1337 23943 0 1777797276 734776
39 1494 8605 0 1777797276 739061
42 1338 4631 0 1777797276 739409
40 1371 14690 0 1777797276 742149
43 1422 10419 0 1777797276 744059
41 1355 50206 0 1777797276 744785
42 1339 10443 0 1777797276 749856
40 1372 8669 0 1777797276 750820
43 1423 6766 0 1777797276 750831
41 1356 14523 0 1777797276 759310
42 1340 11976 0 1777797276 761834
43 1424 21064 0 1777797276 771904
40 1373 21838 0 1777797276 772670
38 1378 43818 0 1777797276 773139
38 1379 5124 0 1777797276 778265
39 1495 39211 0 1777797276 778274
43 1425 6384 0 1777797276 778289
40 1374 9068 0 1777797276 781742
39 1496 5513 0 1777797276 783815
38 1380 9505 0 1777797276 787795
41 1357 28496 0 1777797276 787808
43 1426 9499 0 1777797276 787816
40 1375 7375 0 1777797276 789119
39 1497 7546 0 1777797276 791366
42 1341 29547 0 1777797276 791382
38 1381 6094 0 1777797276 793911
41 1358 6087 0 1777797276 793917
43 1427 6085 0 1777797276 793924
39 1498 7958 0 1777797276 799341
40 1376 10235 0 1777797276 799356
42 1342 7960 0 1777797276 799363
38 1382 9380 0 1777797276 803305
41 1359 9390 0 1777797276 803329
43 1428 9378 0 1777797276 803350
39 1499 10875 0 1777797276 810239
40 1377 10867 0 1777797276 810247
38 1383 11850 0 1777797276 815203
41 1360 11810 0 1777797276 815213
42 1343 15831 0 1777797276 815220
43 1429 11513 0 1777797276 815230
39 1500 7353 0 1777797276 817601
40 1378 12405 0 1777797276 822662
41 1361 8332 0 1777797276 823573
38 1384 9100 0 1777797276 824331
42 1344 9099 0 1777797276 824348
43 1430 9106 0 1777797276 824361
39 1501 13268 0 1777797276 830873
40 1379 7305 0 1777797276 830882
41 1362 7286 0 1777797276 830897
38 1385 19169 0 1777797276 843531
42 1345 19163 0 1777797276 843555
43 1431 19189 0 1777797276 843592
40 1380 16243 0 1777797276 847155
41 1363 16235 0 1777797276 847162
39 1502 24651 0 1777797276 855550
42 1346 11956 0 1777797276 855562
38 1386 12441 0 1777797276 856035
40 1381 11886 0 1777797276 859051
41 1364 11880 0 1777797276 859055
39 1503 8677 0 1777797276 864241
42 1347 8662 0 1777797276 864249
43 1432 20640 0 1777797276 864254
38 1387 13030 0 1777797276 869066
40 1382 10025 0 1777797276 869081
41 1365 10025 0 1777797276 869090
39 1504 8182 0 1777797276 872436
42 1348 8187 0 1777797276 872447
43 1433 8190 0 1777797276 872455
40 1383 10776 0 1777797276 879959
41 1366 13844 0 1777797276 883043
42 1349 10587 0 1777797276 883055
43 1434 10563 0 1777797276 883063
39 1505 11581 0 1777797276 884037
38 1388 18324 0 1777797276 887415
40 1384 8941 0 1777797276 888911
38 1389 9485 0 1777797276 896959
41 1367 13903 0 1777797276 896967
42 1350 13894 0 1777797276 896975
43 1435 13892 0 1777797276 896982
39 1506 13849 0 1777797276 897892
40 1385 9914 0 1777797276 898828
42 1351 9844 0 1777797276 906845
39 1507 49361 0 1777797276 947256
40 1386 48433 0 1777797276 947267
41 1368 50280 0 1777797276 947274
38 1390 51332 0 1777797276 948315
43 1436 51313 0 1777797276 948322
39 1508 3589 0 1777797276 950933
43 1437 6642 0 1777797276 954973
38 1391 9876 0 1777797276 958199
39 1509 13648 0 1777797276 964583
41 1369 17251 0 1777797276 964624
43 1438 9666 0 1777797276 964641
40 1387 18912 0 1777797276 966271
41 1370 2651 0 1777797276 967301
40 1388 5560 0 1777797276 971839
41 1371 4612 0 1777797276 971919
42 1352 65088 0 1777797276 971935
43 1439 9561 0 1777797276 974236
41 1372 3076 0 1777797276 975066
40 1389 3732 0 1777797276 975669
42 1353 3691 0 1777797276 975693
38 1392 23499 0 1777797276 981709
39 1510 17079 0 1777797276 981721
38 1393 6120 0 1777797276 987842
40 1390 14199 0 1777797276 989870
42 1354 14194 0 1777797276 989888
43 1440 15934 0 1777797276 990175
39 1511 15455 0 1777797276 997187
38 1394 10858 0 1777797276 998705
39 1512 5659 0 1777797277 2849
43 1441 14713 0 1777797277 4891
38 1395 7423 0 1777797277 6136
43 1442 7966 0 1777797277 12859
38 1396 11743 0 1777797277 17886
39 1513 15045 0 1777797277 17896
43 1443 5055 0 1777797277 17917
38 1397 6639 0 1777797277 24557
39 1514 6634 0 1777797277 24564
43 1444 6632 0 1777797277 24570
41 1373 52511 0 1777797277 27583
40 1391 39974 0 1777797277 29863
42 1355 39972 0 1777797277 29872
38 1398 6018 0 1777797277 30589
39 1515 8093 0 1777797277 32673
43 1445 8091 0 1777797277 32678
38 1399 8289 0 1777797277 38884
40 1392 9021 0 1777797277 38894
41 1374 11315 0 1777797277 38900
42 1356 9026 0 1777797277 38907
39 1516 9379 0 1777797277 42057
43 1446 9383 0 1777797277 42067
38 1400 13912 0 1777797277 52821
39 1517 10762 0 1777797277 52830
40 1393 13917 0 1777797277 52836
41 1375 13916 0 1777797277 52843
42 1357 13915 0 1777797277 52850
43 1447 10770 0 1777797277 52855
39 1518 9509 0 1777797277 62378
40 1394 9509 0 1777797277 62386
41 1376 9510 0 1777797277 62393
42 1358 9509 0 1777797277 62399
38 1401 10278 0 1777797277 63134
43 1448 10244 0 1777797277 63141
38 1402 13326 0 1777797277 76468
39 1519 14074 0 1777797277 76474
40 1395 14049 0 1777797277 76478
41 1377 14044 0 1777797277 76482
42 1359 14034 0 1777797277 76486
43 1449 14691 0 1777797277 77844
41 1378 9917 0 1777797277 86421
38 1403 15692 0 1777797277 92178
39 1520 15687 0 1777797277 92182
40 1396 15686 0 1777797277 92186
41 1379 5760 0 1777797277 92190
42 1360 15685 0 1777797277 92193
43 1450 14351 0 1777797277 92196
38 1404 11025 0 1777797277 103222
39 1521 11089 0 1777797277 103291
40 1397 11092 0 1777797277 103301
41 1380 11095 0 1777797277 103308
42 1361 11097 0 1777797277 103314
43 1451 11113 0 1777797277 103334
38 1405 8445 0 1777797277 111780
39 1522 8422 0 1777797277 111791
40 1398 8419 0 1777797277 111798
42 1362 8376 0 1777797277 111807
43 1452 8374 0 1777797277 111813
41 1381 9957 0 1777797277 113353
38 1406 4027 0 1777797277 115841
40 1399 4014 0 1777797277 115848
39 1523 5079 0 1777797277 116904
42 1363 5071 0 1777797277 116914
43 1453 7970 0 1777797277 119821
40 1400 5415 0 1777797277 121325
41 1382 7975 0 1777797277 121334
39 1524 12097 0 1777797277 129012
40 1401 7683 0 1777797277 129019
41 1383 7678 0 1777797277 129024
42 1364 12103 0 1777797277 129030
43 1454 9214 0 1777797277 129036
38 1407 14353 0 1777797277 130203
41 1384 10207 0 1777797277 139259
43 1455 10201 0 1777797277 139265
40 1402 10684 0 1777797277 139730
39 1525 11330 0 1777797277 140366
42 1365 11330 0 1777797277 140389
38 1408 16643 0 1777797277 146848
39 1526 6466 0 1777797277 146856
40 1403 7489 0 1777797277 147224
41 1385 7983 0 1777797277 147249
43 1456 7985 0 1777797277 147262
42 1366 6995 0 1777797277 147396
38 1409 7926 0 1777797277 154784
39 1527 7930 0 1777797277 154799
43 1457 8323 0 1777797277 155602
41 1386 10727 0 1777797277 158000
40 1404 14486 0 1777797277 161749
42 1367 14481 0 1777797277 161879
43 1458 6296 0 1777797277 161900
39 1528 7182 0 1777797277 162000
38 1410 11601 0 1777797277 166402
39 1529 8641 0 1777797277 170643
40 1405 8750 0 1777797277 170652
41 1387 12657 0 1777797277 170658
42 1368 8751 0 1777797277 170665
43 1459 8731 0 1777797277 170687
38 1411 9411 0 1777797277 175815
40 1406 5250 0 1777797277 175959
41 1388 5287 0 1777797277 176012
43 1460 5278 0 1777797277 176020
39 1530 6269 0 1777797277 176957
42 1369 7255 0 1777797277 177990
43 1461 2133 0 1777797277 178260
39 1531 3477 0 1777797277 180436
43 1462 3098 0 1777797277 181360
38 1412 6582 0 1777797277 182603
39 1532 4637 0 1777797277 185075
42 1370 7091 0 1777797277 185082
38 1413 8750 0 1777797277 191355
38 1414 2898 0 1777797277 194256
39 1533 12407 0 1777797277 197490
38 1415 9550 0 1777797277 203808
39 1534 8447 0 1777797277 205939
38 1416 8278 0 1777797277 212089
39 1535 6275 0 1777797277 212218
41 1389 36259 0 1777797277 212376
43 1463 31046 0 1777797277 212407
40 1407 38453 0 1777797277 214521
41 1390 12353 0 1777797277 224824
42 1371 44485 0 1777797277 229578
43 1464 20463 0 1777797277 232960
39 1536 23468 0 1777797277 235915
38 1417 27038 0 1777797277 239447
42 1372 36099 0 1777797277 265678
42 1373 11581 0 1777797277 277262
39 1537 43918 0 1777797277 279835
39 1538 1442 0 1777797277 281283
42 1374 6527 0 1777797277 283792
41 1391 60002 0 1777797277 284827
40 1408 71203 0 1777797277 285726
39 1539 5338 0 1777797277 286623
43 1465 53671 0 1777797277 286633
42 1375 9523 0 1777797277 293317
40 1409 10687 0 1777797277 296416
41 1392 11592 0 1777797277 296424
43 1466 9774 0 1777797277 296428
42 1376 9343 0 1777797277 302662
39 1540 16386 0 1777797277 303020
39 1541 6628 0 1777797277 309650
41 1393 13235 0 1777797277 309673
38 1418 70784 0 1777797277 311737
40 1410 15319 0 1777797277 311747
42 1377 9956 0 1777797277 312620
43 1467 16183 0 1777797277 312626
38 1419 4851 0 1777797277 316599
41 1394 6897 0 1777797277 316624
39 1542 9095 0 1777797277 318771
40 1411 10273 0 1777797277 322115
41 1395 6026 0 1777797277 322727
42 1378 10107 0 1777797277 322734
43 1468 10104 0 1777797277 322740
38 1420 7428 0 1777797277 324054
39 1543 5288 0 1777797277 324061
38 1421 4847 0 1777797277 328909
40 1412 6793 0 1777797277 328916
42 1379 6191 0 1777797277 328940
43 1469 6215 0 1777797277 328971
39 1544 6853 0 1777797277 330924
41 1396 8199 0 1777797277 330940
40 1413 2432 0 1777797277 331459
43 1470 3541 0 1777797277 332586
42 1380 3731 0 1777797277 332769
38 1422 6915 0 1777797277 335888
39 1545 4953 0 1777797277 335895
41 1397 4949 0 1777797277 335901
42 1381 3594 0 1777797277 336366
39 1546 4031 0 1777797277 339945
41 1398 5218 0 1777797277 341140
38 1423 9872 0 1777797277 345775
41 1399 4636 0 1777797277 345783
42 1382 9433 0 1777797277 345801
41 1400 1513 0 1777797277 347325
39 1547 10991 0 1777797277 350939
41 1401 3626 0 1777797277 350953
38 1424 10149 0 1777797277 355951
39 1548 5012 0 1777797277 355966
41 1402 4998 0 1777797277 355972
42 1383 10146 0 1777797277 355978
40 1414 26936 0 1777797277 358397
39 1549 5410 0 1777797277 361410
41 1403 5410 0 1777797277 361417
43 1471 28832 0 1777797277 361423
42 1384 9112 0 1777797277 365136
38 1425 10448 0 1777797277 366427
41 1404 4990 0 1777797277 366434
39 1550 6124 0 1777797277 367548
43 1472 6108 0 1777797277 367560
40 1415 9452 0 1777797277 367854
41 1405 3314 0 1777797277 369808
39 1551 4033 0 1777797277 371594
38 1426 8801 0 1777797277 375284
39 1552 3695 0 1777797277 375291
41 1406 5487 0 1777797277 375297
42 1385 10195 0 1777797277 375337
40 1416 10915 0 1777797277 378771
39 1553 4964 0 1777797277 380316
43 1473 12783 0 1777797277 380353
41 1407 5091 0 1777797277 380453
43 1474 1641 0 1777797277 382055
41 1408 2246 0 1777797277 382701
38 1427 11939 0 1777797277 387278
39 1554 7423 0 1777797277 387777
40 1417 10615 0 1777797277 389388
42 1386 14026 0 1777797277 389394
38 1428 2701 0 1777797277 389982
39 1555 2782 0 1777797277 390561
43 1475 8709 0 1777797277 390766
38 1429 2265 0 1777797277 392249
43 1476 2387 0 1777797277 393154
43 1477 1459 0 1777797277 394616
39 1556 4501 0 1777797277 395064
38 1430 4084 0 1777797277 396335
42 1387 7551 0 1777797277 396957
43 1478 3088 0 1777797277 397708
38 1431 1470 0 1777797277 397808
40 1418 8538 0 1777797277 397933
38 1432 3760 0 1777797277 401569
43 1479 7050 0 1777797277 404759
42 1388 8744 0 1777797277 405704
38 1433 4936 0 1777797277 406510
40 1419 10084 0 1777797277 408019
38 1434 7531 0 1777797277 414043
39 1557 18983 0 1777797277 414052
41 1409 31355 0 1777797277 414058
42 1389 8357 0 1777797277 414063
43 1480 9307 0 1777797277 414068
40 1420 6796 0 1777797277 414869
39 1558 4442 0 1777797277 418520
40 1421 3670 0 1777797277 418540
41 1410 4545 0 1777797277 418629
43 1481 5727 0 1777797277 419826
38 1435 6738 0 1777797277 420808
38 1436 3658 0 1777797277 424468
38 1437 5129 0 1777797277 429599
41 1411 10977 0 1777797277 429607
42 1390 15522 0 1777797277 429615
39 1559 11161 0 1777797277 429683
43 1482 12980 0 1777797277 432810
38 1438 8850 0 1777797277 438467
39 1560 8792 0 1777797277 438476
40 1422 19947 0 1777797277 438489
41 1412 8845 0 1777797277 438497
42 1391 8842 0 1777797277 438503
42 1392 2777 0 1777797277 441344
39 1561 11510 0 1777797277 450035
40 1423 13567 0 1777797277 452115
41 1413 13563 0 1777797277 452123
39 1562 3343 0 1777797277 453382
41 1414 2356 0 1777797277 454489
42 1393 13158 0 1777797277 454508
39 1563 2287 0 1777797277 455674
41 1415 1489 0 1777797277 455999
42 1394 2387 0 1777797277 456907
39 1564 1472 0 1777797277 457150
39 1565 2389 0 1777797277 459541
41 1416 3913 0 1777797277 459913
40 1424 8699 0 1777797277 460824
39 1566 3858 0 1777797277 463401
41 1417 3872 0 1777797277 463788
42 1395 9912 0 1777797277 466821
41 1418 4582 0 1777797277 468371
39 1567 5106 0 1777797277 468509
40 1425 14138 0 1777797277 474964
43 1483 43169 0 1777797277 475986
42 1396 9595 0 1777797277 476419
38 1439 38352 0 1777797277 476857
39 1568 14287 0 1777797277 482798
43 1484 8333 0 1777797277 484321
41 1419 16511 0 1777797277 484886
40 1426 17152 0 1777797277 492117
41 1420 10506 0 1777797277 495398
43 1485 11348 0 1777797277 495670
39 1569 13196 0 1777797277 496001
39 1570 4435 0 1777797277 500439
40 1427 8336 0 1777797277 500456
41 1421 7071 0 1777797277 502472
42 1397 26065 0 1777797277 502485
43 1486 6821 0 1777797277 502492
39 1571 3563 0 1777797277 504021
40 1428 6956 0 1777797277 507429
38 1440 31377 0 1777797277 508235
41 1422 5749 0 1777797277 508242
39 1572 5456 0 1777797277 509481
43 1487 6977 0 1777797277 509488
41 1423 2699 0 1777797277 510951
39 1573 3251 0 1777797277 512740
41 1424 4250 0 1777797277 515204
43 1488 5925 0 1777797277 515424
38 1441 8058 0 1777797277 516301
39 1574 3941 0 1777797277 516683
41 1425 9499 0 1777797277 524707
38 1442 8973 0 1777797277 525277
39 1575 9708 0 1777797277 526395
43 1489 13298 0 1777797277 528724
42 1398 27317 0 1777797277 529822
40 1429 22649 0 1777797277 530080
41 1426 5379 0 1777797277 530088
38 1443 9931 0 1777797277 535210
40 1430 6897 0 1777797277 536986
42 1399 7160 0 1777797277 536991
39 1576 15222 0 1777797277 541619
38 1444 8086 0 1777797277 543299
41 1427 13961 0 1777797277 544064
40 1431 9416 0 1777797277 546408
41 1428 2948 0 1777797277 547013
42 1400 10023 0 1777797277 547021
40 1432 2516 0 1777797277 548927
41 1429 2649 0 1777797277 549671
39 1577 14507 0 1777797277 556135
42 1401 12711 0 1777797277 559742
38 1445 18101 0 1777797277 561403
43 1490 32680 0 1777797277 561413
39 1578 5935 0 1777797277 562072
43 1491 2581 0 1777797277 564020
41 1430 14784 0 1777797277 564456
38 1446 3330 0 1777797277 564744
43 1492 7792 0 1777797277 571815
40 1433 23050 0 1777797277 571979
39 1579 10562 0 1777797277 572638
38 1447 8185 0 1777797277 572930
41 1431 8924 0 1777797277 573383
39 1580 4176 0 1777797277 576817
39 1581 3301 0 1777797277 580123
41 1432 6773 0 1777797277 580160
38 1448 7303 0 1777797277 580235
41 1433 3366 0 1777797277 583529
40 1434 14733 0 1777797277 586714
38 1449 9256 0 1777797277 589493
39 1582 9379 0 1777797277 589504
41 1434 10852 0 1777797277 594382
43 1493 22824 0 1777797277 594641
43 1494 1845 0 1777797277 596489
40 1435 9958 0 1777797277 596676
42 1402 38297 0 1777797277 598044
41 1435 3995 0 1777797277 598379
39 1583 10757 0 1777797277 600273
40 1436 4565 0 1777797277 601244
38 1450 14812 0 1777797277 604317
42 1403 6369 0 1777797277 604415
41 1436 8545 0 1777797277 606927
38 1451 3252 0 1777797277 607571
38 1452 4724 0 1777797277 612298
43 1495 16121 0 1777797277 612612
39 1584 14406 0 1777797277 614681
40 1437 13510 0 1777797277 614756
42 1404 10969 0 1777797277 615385
43 1496 5684 0 1777797277 618357
39 1585 3769 0 1777797277 618454
40 1438 7287 0 1777797277 622044
39 1586 8474 0 1777797277 626930
41 1437 20020 0 1777797277 626950
40 1439 7020 0 1777797277 629068
42 1405 13822 0 1777797277 629212
41 1438 4330 0 1777797277 631281
42 1406 2526 0 1777797277 631755
41 1439 1224 0 1777797277 632507
43 1497 16438 0 1777797277 634796
39 1587 8715 0 1777797277 635647
41 1440 3146 0 1777797277 635655
43 1498 6368 0 1777797277 641166
41 1441 5908 0 1777797277 641574
40 1440 15624 0 1777797277 644693
41 1442 3684 0 1777797277 645262
40 1441 6212 0 1777797277 650907
43 1499 13491 0 1777797277 654659
39 1588 19351 0 1777797277 655007
41 1443 9762 0 1777797277 655025
43 1500 7293 0 1777797277 661954
43 1501 4051 0 1777797277 666008
41 1444 11793 0 1777797277 666829
43 1502 3612 0 1777797277 669629
41 1445 2911 0 1777797277 669742
39 1589 14996 0 1777797277 670022
40 1442 22601 0 1777797277 673510
39 1590 5493 0 1777797277 675517
43 1503 5905 0 1777797277 675536
40 1443 2418 0 1777797277 675930
42 1407 44503 0 1777797277 676260
41 1446 8765 0 1777797277 678509
38 1453 71498 0 1777797277 683798
43 1504 8270 0 1777797277 683807
39 1591 13447 0 1777797277 688966
42 1408 12994 0 1777797277 689255
43 1505 6820 0 1777797277 690650
40 1444 15632 0 1777797277 691563
38 1454 10184 0 1777797277 693992
43 1506 3404 0 1777797277 694060
42 1409 5855 0 1777797277 695111
38 1455 1345 0 1777797277 695339
42 1410 1172 0 1777797277 696288
40 1445 6155 0 1777797277 697724
43 1507 3771 0 1777797277 697832
38 1456 2547 0 1777797277 697888
39 1592 9779 0 1777797277 698748
41 1447 20696 0 1777797277 699206
42 1411 3383 0 1777797277 699675
38 1457 4078 0 1777797277 701967
40 1446 7722 0 1777797277 705455
43 1508 7628 0 1777797277 705462
41 1448 8629 0 1777797277 707840
42 1412 10533 0 1777797277 710213
38 1458 8270 0 1777797277 710244
40 1447 7643 0 1777797277 713106
43 1509 7673 0 1777797277 713146
39 1593 15253 0 1777797277 714003
41 1449 11130 0 1777797277 718973
42 1413 11958 0 1777797277 722179
43 1510 10445 0 1777797277 723592
38 1459 14462 0 1777797277 724708
38 1460 3048 0 1777797277 727760
40 1448 14658 0 1777797277 727768
41 1450 8797 0 1777797277 727775
43 1511 4187 0 1777797277 727782
38 1461 4069 0 1777797277 731851
43 1512 4035 0 1777797277 731860
41 1451 5156 0 1777797277 732972
40 1449 5526 0 1777797277 733321
40 1450 5697 0 1777797277 739020
42 1414 16843 0 1777797277 739030
43 1513 7213 0 1777797277 739086
38 1462 9196 0 1777797277 741057
39 1594 29037 0 1777797277 743042
38 1463 2406 0 1777797277 743468
38 1464 5050 0 1777797277 748520
42 1415 9478 0 1777797277 748533
39 1595 7182 0 1777797277 750228
38 1465 1935 0 1777797277 750469
40 1451 15825 0 1777797277 754856
42 1416 8575 0 1777797277 757122
40 1452 3385 0 1777797277 758249
43 1514 19171 0 1777797277 758258
39 1596 9282 0 1777797277 759512
38 1466 9761 0 1777797277 760231
41 1452 27688 0 1777797277 760662
41 1453 1030 0 1777797277 761697
40 1453 3580 0 1777797277 761839
41 1454 2162 0 1777797277 763861
39 1597 4719 0 1777797277 764233
40 1454 2775 0 1777797277 764615
42 1417 8721 0 1777797277 765853
41 1455 2843 0 1777797277 766707
42 1418 5665 0 1777797277 771521
43 1515 14832 0 1777797277 773125
42 1419 1988 0 1777797277 773518
40 1455 9714 0 1777797277 774331
42 1420 4836 0 1777797277 778356
43 1516 5543 0 1777797277 778671
38 1467 18538 0 1777797277 778771
41 1456 12086 0 1777797277 778799
40 1456 4950 0 1777797277 779284
40 1457 2930 0 1777797277 782216
41 1457 5575 0 1777797277 784375
40 1458 4815 0 1777797277 787035
39 1598 24789 0 1777797277 789023
41 1458 5137 0 1777797277 789514
43 1517 13661 0 1777797277 792333
41 1459 2851 0 1777797277 792368
40 1459 6591 0 1777797277 793628
39 1599 6496 0 1777797277 795521
38 1468 16825 0 1777797277 795598
41 1460 4556 0 1777797277 796926
41 1461 8118 0 1777797277 805046
40 1460 11876 0 1777797277 805505
38 1469 10446 0 1777797277 806048
39 1600 10850 0 1777797277 806373
38 1470 5932 0 1777797277 811982
40 1461 6526 0 1777797277 812033
43 1518 19701 0 1777797277 812036
39 1601 6090 0 1777797277 812466
41 1462 7767 0 1777797277 812815
39 1602 8765 0 1777797277 821232
40 1462 9198 0 1777797277 821240
41 1463 8429 0 1777797277 821246
43 1519 9213 0 1777797277 821260
38 1471 10907 0 1777797277 822944
42 1421 45349 0 1777797277 823710
43 1520 2687 0 1777797277 823978
39 1603 7155 0 1777797277 828417
41 1464 8041 0 1777797277 829325
40 1463 8092 0 1777797277 829362
39 1604 5201 0 1777797277 833620
38 1472 11874 0 1777797277 834819
40 1464 5468 0 1777797277 834833
41 1465 5511 0 1777797277 834839
43 1521 10884 0 1777797277 834864
42 1422 14355 0 1777797277 838067
39 1605 7138 0 1777797277 840761
41 1466 7269 0 1777797277 842163
38 1473 9091 0 1777797277 843956
38 1474 4419 0 1777797277 848376
39 1606 7620 0 1777797277 848383
40 1465 13504 0 1777797277 848389
41 1467 6231 0 1777797277 848396
43 1522 13425 0 1777797277 848402
38 1475 7148 0 1777797277 855551
39 1607 7146 0 1777797277 855559
40 1466 7145 0 1777797277 855566
41 1468 7144 0 1777797277 855573
43 1523 7144 0 1777797277 855579
42 1423 19010 0 1777797277 857087
43 1524 5884 0 1777797277 861506
38 1476 6512 0 1777797277 862092
39 1608 6542 0 1777797277 862143
40 1467 6553 0 1777797277 862162
41 1469 9574 0 1777797277 865189
39 1609 10486 0 1777797277 872631
41 1470 7445 0 1777797277 872636
40 1468 12157 0 1777797277 874321
38 1477 12395 0 1777797277 874493
43 1525 12991 0 1777797277 874499
38 1478 6358 0 1777797277 880858
39 1610 8228 0 1777797277 880865
41 1471 8229 0 1777797277 880872
43 1526 7527 0 1777797277 882037
38 1479 6420 0 1777797277 887293
41 1472 6413 0 1777797277 887301
39 1611 9667 0 1777797277 890548
43 1527 8517 0 1777797277 890556
38 1480 9282 0 1777797277 896584
41 1473 9279 0 1777797277 896592
39 1612 9484 0 1777797277 900040
42 1424 42973 0 1777797277 900062
43 1528 9495 0 1777797277 900071
38 1481 5364 0 1777797277 901957
40 1469 27658 0 1777797277 901981
41 1474 5392 0 1777797277 901993
42 1425 7786 0 1777797277 907904
38 1482 9193 0 1777797277 911187
39 1613 11135 0 1777797277 911207
41 1475 9193 0 1777797277 911215
43 1529 11083 0 1777797277 911224
40 1470 12602 0 1777797277 914615
38 1483 3968 0 1777797277 915193
39 1614 4724 0 1777797277 915968
41 1476 4733 0 1777797277 915988
42 1426 14349 0 1777797277 922262
38 1484 8451 0 1777797277 923646
43 1530 12383 0 1777797277 923653
40 1471 9061 0 1777797277 923679
41 1477 7705 0 1777797277 923709
38 1485 8079 0 1777797277 931734
39 1615 15753 0 1777797277 931742
41 1478 8037 0 1777797277 931748
42 1427 9483 0 1777797277 931755
43 1531 8097 0 1777797277 931761
40 1472 10775 0 1777797277 934455
39 1616 5228 0 1777797277 937000
38 1486 6883 0 1777797277 938645
41 1479 6877 0 1777797277 938655
42 1428 6874 0 1777797277 938660
43 1532 6873 0 1777797277 938667
39 1617 9541 0 1777797277 946543
40 1473 12084 0 1777797277 946551
38 1487 8178 0 1777797277 946846
41 1480 8264 0 1777797277 946942
43 1533 8733 0 1777797277 947473
39 1618 7661 0 1777797277 954213
42 1429 16824 0 1777797277 955549
40 1474 10365 0 1777797277 956926
43 1534 11430 0 1777797277 958905
38 1488 14457 0 1777797277 961305
39 1619 7100 0 1777797277 961315
41 1481 14694 0 1777797277 961637
42 1430 7986 0 1777797277 963539
43 1535 4632 0 1777797277 963546
39 1620 8223 0 1777797277 969552
38 1489 12803 0 1777797277 974120
40 1475 17196 0 1777797277 974124
41 1482 12488 0 1777797277 974128
42 1431 10584 0 1777797277 974131
43 1536 10572 0 1777797277 974135
39 1621 5571 0 1777797277 975128
39 1622 12576 0 1777797277 987708
40 1476 13576 0 1777797277 987717
41 1483 13578 0 1777797277 987724
42 1432 13582 0 1777797277 987733
43 1537 13586 0 1777797277 987741
38 1490 13685 0 1777797277 987821
38 1491 8504 0 1777797277 996326
39 1623 8591 0 1777797277 996333
40 1477 8559 0 1777797277 996339
42 1433 8548 0 1777797277 996345
41 1484 9660 0 1777797277 997450
43 1538 9657 0 1777797277 997462
38 1492 10058 0 1777797278 6404
39 1624 10062 0 1777797278 6416
40 1478 10062 0 1777797278 6423
41 1485 8976 0 1777797278 6439
42 1434 10079 0 1777797278 6447
43 1539 8966 0 1777797278 6453
40 1479 7030 0 1777797278 13557
41 1486 7023 0 1777797278 13564
42 1435 7020 0 1777797278 13570
43 1540 7026 0 1777797278 13584
38 1493 8259 0 1777797278 14762
39 1625 8327 0 1777797278 14845
42 1436 3750 0 1777797278 17358
43 1541 3835 0 1777797278 17449
39 1626 6862 0 1777797278 21708
41 1487 8116 0 1777797278 21716
38 1494 10092 0 1777797278 24856
40 1480 11291 0 1777797278 24876
42 1437 7431 0 1777797278 24881
43 1542 7376 0 1777797278 24885
39 1627 7297 0 1777797278 29014
41 1488 7320 0 1777797278 29047
40 1481 7060 0 1777797278 31953
38 1495 10983 0 1777797278 35869
39 1628 8930 0 1777797278 37979
39 1629 4657 0 1777797278 42639
42 1438 17764 0 1777797278 42662
43 1543 17767 0 1777797278 42670
38 1496 7383 0 1777797278 43255
41 1489 14719 0 1777797278 43803
39 1630 7637 0 1777797278 50308
43 1544 9561 0 1777797278 52273
38 1497 15651 0 1777797278 58908
40 1482 26955 0 1777797278 58913
41 1490 15110 0 1777797278 58917
42 1439 16228 0 1777797278 58921
38 1498 9842 0 1777797278 68764
39 1631 18458 0 1777797278 68768
41 1491 9839 0 1777797278 68772
42 1440 9837 0 1777797278 68775
43 1545 22052 0 1777797278 74332
39 1632 13178 0 1777797278 81960
40 1483 23047 0 1777797278 81976
41 1492 13196 0 1777797278 81982
42 1441 13223 0 1777797278 82013
43 1546 8343 0 1777797278 82679
40 1484 2707 0 1777797278 84733
38 1499 18622 0 1777797278 87398
42 1442 5359 0 1777797278 87438
43 1547 6798 0 1777797278 89479
39 1633 9402 0 1777797278 91417
41 1493 9393 0 1777797278 91428
43 1548 2925 0 1777797278 92408
38 1500 9731 0 1777797278 97185
39 1634 5763 0 1777797278 97193
40 1485 14620 0 1777797278 99357
42 1443 11881 0 1777797278 99365
43 1549 7924 0 1777797278 100334
41 1494 9044 0 1777797278 100505
43 1550 3636 0 1777797278 103972
40 1486 5700 0 1777797278 105066
43 1551 3197 0 1777797278 107172
42 1444 9920 0 1777797278 109297
43 1552 3589 0 1777797278 110763
40 1487 7242 0 1777797278 112315
43 1553 3873 0 1777797278 114638
39 1635 18291 0 1777797278 115497
42 1445 6860 0 1777797278 116160
43 1554 2625 0 1777797278 117265
43 1555 3609 0 1777797278 120876
40 1488 12269 0 1777797278 124588
40 1489 1356 0 1777797278 125948
42 1446 10054 0 1777797278 126215
43 1556 5748 0 1777797278 126626
38 1501 38789 0 1777797278 135983
39 1636 20489 0 1777797278 135990
40 1490 10044 0 1777797278 135994
41 1495 35492 0 1777797278 135999
42 1447 9785 0 1777797278 136003
43 1557 9375 0 1777797278 136009
40 1491 2674 0 1777797278 138698
40 1492 1620 0 1777797278 140326
39 1637 5518 0 1777797278 141535
42 1448 5781 0 1777797278 141814
43 1558 7317 0 1777797278 143354
40 1493 5538 0 1777797278 145868
40 1494 3630 0 1777797278 149502
42 1449 7666 0 1777797278 149519
38 1502 15655 0 1777797278 151665
40 1495 3340 0 1777797278 152860
43 1559 9519 0 1777797278 152875
38 1503 3674 0 1777797278 155342
38 1504 2006 0 1777797278 157350
40 1496 4482 0 1777797278 157358
40 1497 3106 0 1777797278 160480
40 1498 1452 0 1777797278 161934
43 1560 9256 0 1777797278 162218
40 1499 2376 0 1777797278 164313
41 1496 28298 0 1777797278 164326
43 1561 2111 0 1777797278 164333
39 1638 24607 0 1777797278 166148
43 1562 2119 0 1777797278 166491
42 1450 20672 0 1777797278 170231
40 1500 6792 0 1777797278 171126
43 1563 11757 0 1777797278 178250
39 1639 14216 0 1777797278 180368
39 1640 862 0 1777797278 181233
40 1501 10127 0 1777797278 181255
43 1564 4816 0 1777797278 183068
40 1502 5068 0 1777797278 186336
39 1641 6690 0 1777797278 187946
40 1503 1885 0 1777797278 188224
40 1504 1282 0 1777797278 189507
40 1505 2166 0 1777797278 191677
42 1451 21455 0 1777797278 191687
43 1565 9767 0 1777797278 192838
40 1506 1832 0 1777797278 193520
43 1566 2615 0 1777797278 195455
39 1642 7654 0 1777797278 195603
40 1507 3394 0 1777797278 196916
42 1452 5232 0 1777797278 196930
43 1567 2609 0 1777797278 198066
40 1508 2907 0 1777797278 199838
39 1643 7754 0 1777797278 203359
42 1453 7220 0 1777797278 204167
40 1509 4353 0 1777797278 204201
38 1505 47104 0 1777797278 204463
43 1568 7767 0 1777797278 205835
38 1506 2826 0 1777797278 207291
40 1510 3340 0 1777797278 207542
42 1454 5487 0 1777797278 209660
39 1644 7492 0 1777797278 210853
40 1511 5609 0 1777797278 213196
42 1455 6049 0 1777797278 215711
40 1512 2801 0 1777797278 216018
38 1507 8937 0 1777797278 216233
40 1513 1350 0 1777797278 217370
42 1456 4079 0 1777797278 219791
43 1569 13973 0 1777797278 219810
39 1645 11431 0 1777797278 222293
40 1514 6248 0 1777797278 223620
39 1646 1463 0 1777797278 223759
38 1508 7686 0 1777797278 223920
41 1497 61913 0 1777797278 226276
43 1570 6474 0 1777797278 226285
39 1647 3121 0 1777797278 226882
40 1515 3756 0 1777797278 227381
42 1457 9169 0 1777797278 228962
43 1571 3719 0 1777797278 230024
39 1648 8481 0 1777797278 235365
40 1516 8001 0 1777797278 235384
43 1572 6223 0 1777797278 236249
40 1517 3833 0 1777797278 239231
39 1649 8832 0 1777797278 244218
40 1518 4995 0 1777797278 244228
43 1573 7983 0 1777797278 244234
40 1519 3379 0 1777797278 247628
41 1498 21352 0 1777797278 247638
40 1520 2430 0 1777797278 250070
42 1458 21120 0 1777797278 250083
43 1574 6402 0 1777797278 250657
40 1521 1943 0 1777797278 252027
39 1650 7833 0 1777797278 252067
39 1651 2180 0 1777797278 254249
40 1522 2786 0 1777797278 254833
40 1523 945 0 1777797278 255783
43 1575 6509 0 1777797278 257167
41 1499 9774 0 1777797278 257423
40 1524 1698 0 1777797278 257483
40 1525 758 0 1777797278 258243
41 1500 1923 0 1777797278 259348
40 1526 1283 0 1777797278 259528
40 1527 1575 0 1777797278 261104
41 1501 5289 0 1777797278 264639
39 1652 12055 0 1777797278 266306
40 1528 7953 0 1777797278 269062
39 1653 5935 0 1777797278 272244
40 1529 3187 0 1777797278 272255
43 1576 16145 0 1777797278 273314
40 1530 1642 0 1777797278 273918
40 1531 5419 0 1777797278 279339
41 1502 14706 0 1777797278 279346
43 1577 8633 0 1777797278 281949
39 1654 12123 0 1777797278 284380
43 1578 2443 0 1777797278 284394
40 1532 5210 0 1777797278 284557
41 1503 7216 0 1777797278 286586
38 1509 64903 0 1777797278 288824
42 1459 39977 0 1777797278 290132
39 1655 7683 0 1777797278 292078
40 1533 7538 0 1777797278 292097
43 1579 9472 0 1777797278 293881
38 1510 5956 0 1777797278 294782
42 1460 7152 0 1777797278 297287
38 1511 9562 0 1777797278 304351
39 1656 12285 0 1777797278 304383
40 1534 12283 0 1777797278 304392
42 1461 7214 0 1777797278 304503
43 1580 10624 0 1777797278 304513
41 1504 18472 0 1777797278 305059
39 1657 8827 0 1777797278 313361
43 1581 8325 0 1777797278 313368
38 1512 11918 0 1777797278 316433
40 1535 11467 0 1777797278 316491
41 1505 11441 0 1777797278 316502
42 1462 11475 0 1777797278 316509
38 1513 4461 0 1777797278 320972
39 1658 7622 0 1777797278 320991
42 1463 4429 0 1777797278 320999
43 1582 7653 0 1777797278 321033
39 1659 8622 0 1777797278 329682
40 1536 13180 0 1777797278 329701
41 1506 13159 0 1777797278 329710
42 1464 8640 0 1777797278 329716
43 1583 8637 0 1777797278 329722
38 1514 8740 0 1777797278 329775
38 1515 6636 0 1777797278 336412
41 1507 6787 0 1777797278 336530
39 1660 11232 0 1777797278 340955
40 1537 11229 0 1777797278 340963
42 1465 11218 0 1777797278 340970
43 1584 11217 0 1777797278 340976
41 1508 6342 0 1777797278 342874
38 1516 6470 0 1777797278 342901
39 1661 7766 0 1777797278 348743
40 1538 7785 0 1777797278 348772
43 1585 7803 0 1777797278 348814
38 1517 6874 0 1777797278 349777
42 1466 8780 0 1777797278 349784
41 1509 10203 0 1777797278 353079
38 1518 5188 0 1777797278 354973
39 1662 6182 0 1777797278 354997
40 1539 6164 0 1777797278 355004
43 1586 6201 0 1777797278 355051
38 1519 6979 0 1777797278 361985
39 1663 6969 0 1777797278 361994
40 1540 6980 0 1777797278 362015
41 1510 8940 0 1777797278 362044
42 1467 12258 0 1777797278 362052
43 1587 7007 0 1777797278 362059
40 1541 3265 0 1777797278 365364
41 1511 3258 0 1777797278 365372
42 1468 3620 0 1777797278 365742
39 1664 4255 0 1777797278 366343
38 1520 8686 0 1777797278 370746
43 1588 8626 0 1777797278 370756
40 1542 6035 0 1777797278 371409
39 1665 5705 0 1777797278 372052
42 1469 8577 0 1777797278 374320
43 1589 5647 0 1777797278 376479
39 1666 4882 0 1777797278 376936
40 1543 6687 0 1777797278 378098
41 1512 12720 0 1777797278 378104
42 1470 7805 0 1777797278 382135
38 1521 11485 0 1777797278 382242
40 1544 7241 0 1777797278 385346
41 1513 7263 0 1777797278 385377
38 1522 8689 0 1777797278 390932
39 1667 14001 0 1777797278 390941
40 1545 5570 0 1777797278 390949
41 1514 5564 0 1777797278 390955
42 1471 8747 0 1777797278 390969
43 1590 14495 0 1777797278 390977
39 1668 10515 0 1777797278 401503
40 1546 10516 0 1777797278 401510
42 1472 10988 0 1777797278 401995
41 1515 11027 0 1777797278 402028
43 1591 11033 0 1777797278 402047
38 1523 11103 0 1777797278 402080
43 1592 2819 0 1777797278 404867
43 1593 7407 0 1777797278 412282
38 1524 10232 0 1777797278 412314
40 1547 10797 0 1777797278 412322
42 1473 11897 0 1777797278 413894
38 1525 7927 0 1777797278 420250
41 1516 19221 0 1777797278 421251
43 1594 8973 0 1777797278 421258
40 1548 9892 0 1777797278 422260
42 1474 9021 0 1777797278 422917
38 1526 7081 0 1777797278 427334
42 1475 4745 0 1777797278 427665
41 1517 8088 0 1777797278 429347
43 1595 8085 0 1777797278 429356
40 1549 8008 0 1777797278 430270
39 1669 30024 0 1777797278 431535
40 1550 6986 0 1777797278 437259
41 1518 11068 0 1777797278 440425
43 1596 11083 0 1777797278 440450
39 1670 9897 0 1777797278 441435
38 1527 14733 0 1777797278 442070
39 1671 3644 0 1777797278 445081
42 1476 18025 0 1777797278 445693
41 1519 5270 0 1777797278 445722
43 1597 5599 0 1777797278 446058
41 1520 10131 0 1777797278 455855
41 1521 3095 0 1777797278 458952
41 1522 4040 0 1777797278 462994
38 1528 27217 0 1777797278 469289
40 1551 32034 0 1777797278 469299
39 1672 25415 0 1777797278 470499
41 1523 7990 0 1777797278 470987
42 1477 26348 0 1777797278 472049
42 1478 1811 0 1777797278 473862
39 1673 4350 0 1777797278 474859
40 1552 5758 0 1777797278 475072
42 1479 1578 0 1777797278 475444
38 1529 10823 0 1777797278 480124
39 1674 5268 0 1777797278 480130
42 1480 4688 0 1777797278 480134
43 1598 34079 0 1777797278 480139
43 1599 2095 0 1777797278 482249
41 1524 11968 0 1777797278 482957
40 1553 8168 0 1777797278 483242
39 1675 3408 0 1777797278 483553
40 1554 4129 0 1777797278 487374
42 1481 7249 0 1777797278 487399
43 1600 6234 0 1777797278 488488
38 1530 8606 0 1777797278 488745
42 1482 3203 0 1777797278 490618
38 1531 2565 0 1777797278 491312
40 1555 4048 0 1777797278 491449
43 1601 6787 0 1777797278 495277
41 1525 13205 0 1777797278 496164
40 1556 5450 0 1777797278 496902
39 1676 14464 0 1777797278 498019
41 1526 8088 0 1777797278 504258
41 1527 4248 0 1777797278 508508
38 1532 21360 0 1777797278 512676
43 1602 17413 0 1777797278 512693
42 1483 22550 0 1777797278 513174
39 1677 17454 0 1777797278 515475
39 1678 3832 0 1777797278 519329
39 1679 2729 0 1777797278 522062
40 1557 26156 0 1777797278 523063
38 1533 11067 0 1777797278 523761
42 1484 10768 0 1777797278 523946
40 1558 2385 0 1777797278 525451
39 1680 5096 0 1777797278 527160
42 1485 7855 0 1777797278 531802
40 1559 7215 0 1777797278 532671
41 1528 27735 0 1777797278 536245
43 1603 23928 0 1777797278 536632
41 1529 2259 0 1777797278 538506
41 1530 2066 0 1777797278 540574
41 1531 2475 0 1777797278 543051
39 1681 20324 0 1777797278 547487
40 1560 15344 0 1777797278 548021
41 1532 4972 0 1777797278 548030
42 1486 16232 0 1777797278 548037
40 1561 1917 0 1777797278 549955
40 1562 4227 0 1777797278 554188
38 1534 30822 0 1777797278 554585
39 1682 7102 0 1777797278 554593
42 1487 6540 0 1777797278 554613
43 1604 17987 0 1777797278 554621
42 1488 3412 0 1777797278 558050
39 1683 4111 0 1777797278 558743
43 1605 7425 0 1777797278 562081
38 1535 11698 0 1777797278 566320
40 1563 13661 0 1777797278 567852
43 1606 5776 0 1777797278 567859
42 1489 14175 0 1777797278 572228
38 1536 9410 0 1777797278 575732
42 1490 4807 0 1777797278 577037
38 1537 1578 0 1777797278 577312
39 1684 20207 0 1777797278 578953
40 1564 11122 0 1777797278 578982
39 1685 4740 0 1777797278 583699
39 1686 4462 0 1777797278 588163
43 1607 20323 0 1777797278 588192
38 1538 11497 0 1777797278 588811
39 1687 5554 0 1777797278 593721
39 1688 2720 0 1777797278 596444
41 1533 52987 0 1777797278 601050
42 1491 24029 0 1777797278 601067
43 1608 12881 0 1777797278 601074
40 1565 24096 0 1777797278 603080
38 1539 14909 0 1777797278 603725
40 1566 3802 0 1777797278 606885
38 1540 6759 0 1777797278 610485
40 1567 3609 0 1777797278 610496
42 1492 9806 0 1777797278 610960
41 1534 9972 0 1777797278 611106
41 1535 4220 0 1777797278 615328
38 1541 5091 0 1777797278 615589
40 1568 5681 0 1777797278 616195
38 1542 2738 0 1777797278 618329
42 1493 7444 0 1777797278 618408
42 1494 2791 0 1777797278 621201
38 1543 3771 0 1777797278 622104
42 1495 1409 0 1777797278 622612
39 1689 27776 0 1777797278 624222
38 1544 3712 0 1777797278 625822
39 1690 5277 0 1777797278 629505
42 1496 6917 0 1777797278 629534
43 1609 28515 0 1777797278 629677
41 1536 14489 0 1777797278 629821
40 1569 13941 0 1777797278 630138
43 1610 3665 0 1777797278 633344
42 1497 4098 0 1777797278 633643
38 1545 10641 0 1777797278 636466
42 1498 3847 0 1777797278 637492
43 1611 4216 0 1777797278 637564
38 1546 2190 0 1777797278 638659
42 1499 3318 0 1777797278 640823
43 1612 3368 0 1777797278 640936
41 1537 12196 0 1777797278 642018
39 1691 19473 0 1777797278 649008
41 1538 7147 0 1777797278 649172
43 1613 8262 0 1777797278 649200
40 1570 19126 0 1777797278 649267
38 1547 15505 0 1777797278 654166
42 1500 13342 0 1777797278 654174
41 1539 8923 0 1777797278 658097
39 1692 9808 0 1777797278 658818
41 1540 5309 0 1777797278 663415
40 1571 16185 0 1777797278 665453
42 1501 11278 0 1777797278 665465
41 1541 2153 0 1777797278 665572
40 1572 1885 0 1777797278 667351
40 1573 2539 0 1777797278 669893
38 1548 16875 0 1777797278 671050
42 1502 6670 0 1777797278 672147
39 1693 13356 0 1777797278 672176
41 1542 8841 0 1777797278 674414
40 1574 5564 0 1777797278 675464
42 1503 5393 0 1777797278 677546
40 1575 3406 0 1777797278 678878
38 1549 8224 0 1777797278 679276
41 1543 6255 0 1777797278 680675
43 1614 32146 0 1777797278 681347
40 1576 3674 0 1777797278 682553
39 1694 10415 0 1777797278 682592
42 1504 5665 0 1777797278 683212
43 1615 3420 0 1777797278 684769
38 1550 8664 0 1777797278 687945
43 1616 3519 0 1777797278 688292
38 1551 2031 0 1777797278 689979
40 1577 9161 0 1777797278 691718
43 1617 3724 0 1777797278 692017
39 1695 12961 0 1777797278 695555
42 1505 12718 0 1777797278 695932
43 1618 5028 0 1777797278 697047
42 1506 3219 0 1777797278 699153
40 1578 8086 0 1777797278 699815
38 1552 14733 0 1777797278 704714
39 1696 9680 0 1777797278 705238
43 1619 9744 0 1777797278 706794
38 1553 3989 0 1777797278 708706
39 1697 3469 0 1777797278 708710
41 1544 29631 0 1777797278 710312
41 1545 2115 0 1777797278 712429
40 1579 13755 0 1777797278 713572
43 1620 6910 0 1777797278 713708
38 1554 6439 0 1777797278 715150
43 1621 2858 0 1777797278 716567
41 1546 6280 0 1777797278 718713
39 1698 13475 0 1777797278 722192
41 1547 3730 0 1777797278 722446
38 1555 9221 0 1777797278 724374
40 1580 10911 0 1777797278 724485
42 1507 26774 0 1777797278 725928
40 1581 1676 0 1777797278 726163
39 1699 6991 0 1777797278 729188
39 1700 2242 0 1777797278 731433
43 1622 14949 0 1777797278 731518
38 1556 7515 0 1777797278 731898
39 1701 1379 0 1777797278 732816
40 1582 7116 0 1777797278 733281
43 1623 2406 0 1777797278 733926
40 1583 3630 0 1777797278 736917
39 1702 4163 0 1777797278 736981
38 1557 8058 0 1777797278 739960
39 1703 3603 0 1777797278 740588
43 1624 7730 0 1777797278 741658
42 1508 17732 0 1777797278 743662
41 1548 21283 0 1777797278 743732
39 1704 3431 0 1777797278 744021
38 1558 4103 0 1777797278 744069
40 1584 8244 0 1777797278 745168
39 1705 3497 0 1777797278 747519
41 1549 4030 0 1777797278 747763
38 1559 4969 0 1777797278 749040
42 1509 5954 0 1777797278 749618
43 1625 10057 0 1777797278 751721
40 1585 7251 0 1777797278 752425
38 1560 4750 0 1777797278 753792
42 1510 4264 0 1777797278 753887
41 1550 6397 0 1777797278 754161
39 1706 6910 0 1777797278 754432
40 1586 3536 0 1777797278 755975
42 1511 2098 0 1777797278 755987
43 1626 4686 0 1777797278 756412
41 1551 3186 0 1777797278 757349
40 1587 1674 0 1777797278 757663
39 1707 4119 0 1777797278 758552
42 1512 2911 0 1777797278 758914
43 1627 4552 0 1777797278 760965
38 1561 9899 0 1777797278 763694
43 1628 3581 0 1777797278 764549
41 1552 9758 0 1777797278 767113
40 1588 9591 0 1777797278 767255
39 1708 9478 0 1777797278 768032
42 1513 9487 0 1777797278 768403
42 1514 1771 0 1777797278 770177
43 1629 5708 0 1777797278 770259
41 1553 6922 0 1777797278 774039
39 1709 7647 0 1777797278 775681
40 1589 8878 0 1777797278 776135
38 1562 15237 0 1777797278 778981
42 1515 8806 0 1777797278 778985
43 1630 9895 0 1777797278 780155
39 1710 6344 0 1777797278 782029
40 1590 5918 0 1777797278 782056
43 1631 4549 0 1777797278 784709
40 1591 6555 0 1777797278 788625
42 1516 9778 0 1777797278 788771
39 1711 8096 0 1777797278 790153
38 1563 11691 0 1777797278 790677
41 1554 16642 0 1777797278 790685
43 1632 10356 0 1777797278 795070
38 1564 4833 0 1777797278 795519
38 1565 4494 0 1777797278 800015
42 1517 13105 0 1777797278 801877
41 1555 13444 0 1777797278 804151
38 1566 4853 0 1777797278 804872
42 1518 6016 0 1777797278 807897
38 1567 5990 0 1777797278 810870
40 1592 24249 0 1777797278 812879
39 1712 25299 0 1777797278 815454
43 1633 21268 0 1777797278 816340
38 1568 6393 0 1777797278 817265
42 1519 13053 0 1777797278 820952
39 1713 5557 0 1777797278 821014
43 1634 5443 0 1777797278 821784
40 1593 10064 0 1777797278 822961
38 1569 8235 0 1777797278 825504
41 1556 21890 0 1777797278 826042
42 1520 6387 0 1777797278 827341
39 1714 6822 0 1777797278 827838
41 1557 6786 0 1777797278 832834
39 1715 10797 0 1777797278 838638
42 1521 11311 0 1777797278 838654
40 1594 16183 0 1777797278 839151
38 1570 16898 0 1777797278 842410
41 1558 12769 0 1777797278 845606
43 1635 24446 0 1777797278 846232
39 1716 7624 0 1777797278 846279
38 1571 4189 0 1777797278 846601
42 1522 9581 0 1777797278 848247
41 1559 8728 0 1777797278 854337
43 1636 8127 0 1777797278 854360
39 1717 8212 0 1777797278 854492
40 1595 15556 0 1777797278 854709
42 1523 6461 0 1777797278 854713
38 1572 8891 0 1777797278 855493
43 1637 3131 0 1777797278 857492
41 1560 4508 0 1777797278 858846
39 1718 5747 0 1777797278 860241
41 1561 6903 0 1777797278 865751
42 1524 11042 0 1777797278 865761
38 1573 10331 0 1777797278 865830
40 1596 11434 0 1777797278 866147
39 1719 9293 0 1777797278 869536
42 1525 4791 0 1777797278 870572
40 1597 7516 0 1777797278 873664
38 1574 11781 0 1777797278 877613
39 1720 8089 0 1777797278 877627
43 1638 20778 0 1777797278 878272
40 1598 4624 0 1777797278 878291
42 1526 10800 0 1777797278 881374
38 1575 3846 0 1777797278 881475
39 1721 3860 0 1777797278 881502
41 1562 15772 0 1777797278 881534
43 1639 3816 0 1777797278 882090
40 1599 3877 0 1777797278 882169
39 1722 4243 0 1777797278 885756
40 1600 3647 0 1777797278 885818
41 1563 4404 0 1777797278 885940
42 1527 6556 0 1777797278 887936
41 1564 4447 0 1777797278 890388
40 1601 7147 0 1777797278 892967
39 1723 7351 0 1777797278 893111
43 1640 11578 0 1777797278 893677
39 1724 3764 0 1777797278 896877
40 1602 4844 0 1777797278 897821
42 1528 9901 0 1777797278 897839
39 1725 4867 0 1777797278 901746
43 1641 8093 0 1777797278 901772
39 1726 2756 0 1777797278 904529
41 1565 16550 0 1777797278 906941
43 1642 8417 0 1777797278 910254
41 1566 4092 0 1777797278 911037
42 1529 15183 0 1777797278 913024
42 1530 3628 0 1777797278 916654
39 1727 16600 0 1777797278 921131
40 1603 23314 0 1777797278 921137
43 1643 12055 0 1777797278 922312
42 1531 6702 0 1777797278 923359
39 1728 6010 0 1777797278 927148
40 1604 6729 0 1777797278 927889
43 1644 7483 0 1777797278 929798
40 1605 2133 0 1777797278 930027
40 1606 1594 0 1777797278 931623
40 1607 1565 0 1777797278 933191
39 1729 6796 0 1777797278 933947
43 1645 5557 0 1777797278 935358
39 1730 1845 0 1777797278 935795
38 1576 56148 0 1777797278 937651
40 1608 5499 0 1777797278 938692
43 1646 3847 0 1777797278 939207
40 1609 1113 0 1777797278 939809
39 1731 4813 0 1777797278 940610
43 1647 3346 0 1777797278 942556
43 1648 4930 0 1777797278 947488
41 1567 42418 0 1777797278 953457
39 1732 13180 0 1777797278 953792
38 1577 16654 0 1777797278 954307
40 1610 16070 0 1777797278 955882
41 1568 2465 0 1777797278 955925
38 1578 3248 0 1777797278 957558
40 1611 2213 0 1777797278 958097
39 1733 6129 0 1777797278 959924
43 1649 12480 0 1777797278 959970
41 1569 4061 0 1777797278 959987
38 1579 5933 0 1777797278 963493
40 1612 5513 0 1777797278 963976
40 1613 707 0 1777797278 964685
38 1580 1723 0 1777797278 965220
39 1734 5805 0 1777797278 965731
40 1614 1667 0 1777797278 966355
41 1570 11428 0 1777797278 971416
43 1650 11460 0 1777797278 971432
41 1571 3470 0 1777797278 974904
41 1572 4500 0 1777797278 979406
43 1651 8195 0 1777797278 979639
42 1532 56383 0 1777797278 979748
41 1573 1934 0 1777797278 981347
43 1652 2240 0 1777797278 981881
40 1615 16975 0 1777797278 983332
41 1574 2897 0 1777797278 984247
39 1735 28605 0 1777797278 994338
40 1616 11015 0 1777797278 994348
41 1575 10107 0 1777797278 994356
38 1581 29228 0 1777797278 994455
42 1533 14714 0 1777797278 994463
43 1653 12640 0 1777797278 994523
40 1617 1874 0 1777797278 996242
39 1736 2508 0 1777797278 996865
38 1582 3155 0 1777797278 997619
42 1534 4253 0 1777797278 998730
43 1654 4897 0 1777797278 999422
40 1618 3247 0 1777797278 999491
38 1583 3229 0 1777797279 850
39 1737 8046 0 1777797279 4913
40 1619 5431 0 1777797279 4923
41 1576 10932 0 1777797279 5309
38 1584 4488 0 1777797279 5340
43 1655 7725 0 1777797279 7149
43 1656 2690 0 1777797279 9841
42 1535 12142 0 1777797279 10873
41 1577 9346 0 1777797279 14656
39 1738 11604 0 1777797279 16529
41 1578 2822 0 1777797279 17480
40 1620 13075 0 1777797279 18011
38 1585 13322 0 1777797279 18663
39 1739 3954 0 1777797279 20486
40 1621 3170 0 1777797279 21183
38 1586 3288 0 1777797279 21953
38 1587 1547 0 1777797279 23503
43 1657 13718 0 1777797279 23561
39 1740 3299 0 1777797279 23786
43 1658 2463 0 1777797279 26026
42 1536 19327 0 1777797279 30204
41 1579 14901 0 1777797279 32384
38 1588 9136 0 1777797279 32646
40 1622 12515 0 1777797279 33704
39 1741 12442 0 1777797279 36229
43 1659 10216 0 1777797279 36243
42 1537 6077 0 1777797279 36283
40 1623 7966 0 1777797279 41673
41 1580 9297 0 1777797279 41691
39 1742 8907 0 1777797279 45151
42 1538 8901 0 1777797279 45186
43 1660 10890 0 1777797279 47158
38 1589 14781 0 1777797279 47429
40 1624 6418 0 1777797279 48093
39 1743 3222 0 1777797279 48381
42 1539 8690 0 1777797279 53877
43 1661 7529 0 1777797279 54693
41 1581 13257 0 1777797279 54949
38 1590 7890 0 1777797279 55321
39 1744 8686 0 1777797279 57068
43 1662 2382 0 1777797279 57076
40 1625 9418 0 1777797279 57514
41 1582 3116 0 1777797279 58068
39 1745 6565 0 1777797279 63642
40 1626 6278 0 1777797279 63793
38 1591 8922 0 1777797279 64244
42 1540 10455 0 1777797279 64335
43 1663 7452 0 1777797279 64540
41 1583 6711 0 1777797279 64785
42 1541 6039 0 1777797279 70376
40 1627 7762 0 1777797279 71556
39 1746 7999 0 1777797279 71644
43 1664 7767 0 1777797279 72309
41 1584 8240 0 1777797279 73026
38 1592 11576 0 1777797279 75823
43 1665 3597 0 1777797279 75907
38 1593 3216 0 1777797279 79050
42 1542 8686 0 1777797279 79071
41 1585 6334 0 1777797279 79365
40 1628 7875 0 1777797279 79434
39 1747 9432 0 1777797279 81077
38 1594 2052 0 1777797279 81104
43 1666 5203 0 1777797279 81112
41 1586 6044 0 1777797279 85411
40 1629 6503 0 1777797279 85939
42 1543 7229 0 1777797279 86301
38 1595 6060 0 1777797279 87172
39 1748 7307 0 1777797279 88386
43 1667 8411 0 1777797279 89538
42 1544 4700 0 1777797279 91002
41 1587 9824 0 1777797279 95237
39 1749 7413 0 1777797279 95801
38 1596 8739 0 1777797279 95913
43 1668 6544 0 1777797279 96083
40 1630 10831 0 1777797279 96776
43 1669 5106 0 1777797279 101192
42 1545 13569 0 1777797279 104573
40 1631 7839 0 1777797279 104617
41 1588 9396 0 1777797279 104636
38 1597 13667 0 1777797279 109581
43 1670 8407 0 1777797279 109600
41 1589 7611 0 1777797279 112249
42 1546 7868 0 1777797279 112446
43 1671 4314 0 1777797279 113929
43 1672 3847 0 1777797279 117778
38 1598 9424 0 1777797279 119026
42 1547 6588 0 1777797279 119036
41 1590 6948 0 1777797279 119198
39 1750 24334 0 1777797279 120137
43 1673 7382 0 1777797279 125163
40 1632 23726 0 1777797279 128344
41 1591 9171 0 1777797279 128372
38 1599 9367 0 1777797279 128404
42 1548 9363 0 1777797279 128410
39 1751 9599 0 1777797279 129737
43 1674 7517 0 1777797279 132681
38 1600 4308 0 1777797279 132719
41 1592 7664 0 1777797279 136052
42 1549 7642 0 1777797279 136059
40 1633 11373 0 1777797279 139748
39 1752 10065 0 1777797279 139859
43 1675 8164 0 1777797279 140849
38 1601 8352 0 1777797279 141072
41 1593 10558 0 1777797279 146618
39 1753 6949 0 1777797279 146810
42 1550 13684 0 1777797279 149755
43 1676 9727 0 1777797279 150578
38 1602 11084 0 1777797279 152158
40 1634 12867 0 1777797279 152617
39 1754 6341 0 1777797279 153153
43 1677 3768 0 1777797279 154352
39 1755 1707 0 1777797279 154864
42 1551 8505 0 1777797279 158262
39 1756 6508 0 1777797279 161374
43 1678 7101 0 1777797279 161455
41 1594 18391 0 1777797279 165019
42 1552 6893 0 1777797279 165157
39 1757 8007 0 1777797279 169383
43 1679 10105 0 1777797279 171563
39 1758 3322 0 1777797279 172728
42 1553 7808 0 1777797279 172967
39 1759 1635 0 1777797279 174370
39 1760 2560 0 1777797279 176932
41 1595 12083 0 1777797279 177106
43 1680 7327 0 1777797279 178891
42 1554 8495 0 1777797279 181465
38 1603 33117 0 1777797279 185279
39 1761 8347 0 1777797279 185282
43 1681 8962 0 1777797279 187854
39 1762 7973 0 1777797279 193261
43 1682 10637 0 1777797279 198496
40 1635 46501 0 1777797279 199120
39 1763 9170 0 1777797279 202434
38 1604 18826 0 1777797279 204109
39 1764 11112 0 1777797279 213549
43 1683 15060 0 1777797279 213558
41 1596 36548 0 1777797279 213655
42 1555 32349 0 1777797279 213815
38 1605 10165 0 1777797279 214276
39 1765 2516 0 1777797279 216075
40 1636 17534 0 1777797279 216656
39 1766 980 0 1777797279 217058
42 1556 5739 0 1777797279 219556
39 1767 3414 0 1777797279 220474
38 1606 6455 0 1777797279 220734
43 1684 8736 0 1777797279 222310
40 1637 7245 0 1777797279 223906
42 1557 5319 0 1777797279 224877
39 1768 4481 0 1777797279 224957
43 1685 5186 0 1777797279 227498
38 1607 7533 0 1777797279 228270
40 1638 4476 0 1777797279 228384
41 1597 16362 0 1777797279 230021
38 1608 4043 0 1777797279 232315
40 1639 5883 0 1777797279 234269
43 1686 9609 0 1777797279 237111
42 1558 12720 0 1777797279 237599
41 1598 10637 0 1777797279 240663
42 1559 3074 0 1777797279 240675
38 1609 9844 0 1777797279 242161
40 1640 8404 0 1777797279 242680
42 1560 3367 0 1777797279 244054
40 1641 3046 0 1777797279 245731
40 1642 3259 0 1777797279 248992
39 1769 25130 0 1777797279 250088
42 1561 6267 0 1777797279 250322
42 1562 920 0 1777797279 251244
43 1687 15804 0 1777797279 252917
39 1770 4580 0 1777797279 254671
42 1563 5563 0 1777797279 256809
38 1610 14768 0 1777797279 256931
41 1599 16635 0 1777797279 257311
42 1564 3234 0 1777797279 260047
41 1600 4309 0 1777797279 261621
38 1611 4918 0 1777797279 261851
40 1643 15690 0 1777797279 264684
38 1612 3760 0 1777797279 265612
41 1601 5724 0 1777797279 267348
42 1565 7324 0 1777797279 267372
43 1688 16182 0 1777797279 269105
42 1566 1952 0 1777797279 269341
40 1644 13850 0 1777797279 278536
42 1567 9212 0 1777797279 278555
43 1689 9454 0 1777797279 278562
39 1771 23914 0 1777797279 278587
40 1645 4258 0 1777797279 282796
42 1568 4585 0 1777797279 283147
43 1690 4657 0 1777797279 283228
41 1602 18656 0 1777797279 286029
39 1772 8944 0 1777797279 287532
40 1646 5261 0 1777797279 288060
43 1691 7305 0 1777797279 290534
42 1569 10456 0 1777797279 293606
41 1603 8109 0 1777797279 294141
40 1647 8866 0 1777797279 296928
41 1604 5003 0 1777797279 299145
43 1692 8617 0 1777797279 299153
39 1773 17750 0 1777797279 305284
42 1570 11922 0 1777797279 305540
40 1648 10526 0 1777797279 307457
43 1693 11978 0 1777797279 311153
38 1613 45692 0 1777797279 311305
41 1605 12157 0 1777797279 311311
39 1774 6183 0 1777797279 311470
41 1606 2675 0 1777797279 314001
42 1571 8467 0 1777797279 314010
39 1775 3090 0 1777797279 314562
41 1607 949 0 1777797279 314960
43 1694 5968 0 1777797279 317124
40 1649 11931 0 1777797279 319391
41 1608 4435 0 1777797279 319398
39 1776 7273 0 1777797279 321837
42 1572 7971 0 1777797279 321993
40 1650 9592 0 1777797279 328990
39 1777 7673 0 1777797279 329512
41 1609 10213 0 1777797279 329618
43 1695 12770 0 1777797279 329896
42 1573 8306 0 1777797279 330300
40 1651 5851 0 1777797279 334842
39 1778 5354 0 1777797279 334868
41 1610 6128 0 1777797279 335746
43 1696 5863 0 1777797279 335760
39 1779 3180 0 1777797279 338048
40 1652 5351 0 1777797279 340198
41 1611 4465 0 1777797279 340212
39 1780 9140 0 1777797279 347192
43 1697 11466 0 1777797279 347226
41 1612 7224 0 1777797279 347452
40 1653 8062 0 1777797279 348276
42 1574 23860 0 1777797279 354270
40 1654 14942 0 1777797279 363220
42 1575 8960 0 1777797279 363232
39 1781 16767 0 1777797279 363961
41 1613 16861 0 1777797279 364314
43 1698 19196 0 1777797279 366423
39 1782 11311 0 1777797279 375274
40 1655 12048 0 1777797279 375280
41 1614 10968 0 1777797279 375284
43 1699 8865 0 1777797279 375289
38 1614 68279 0 1777797279 379591
38 1615 1272 0 1777797279 380866
42 1576 17819 0 1777797279 381067
38 1616 1084 0 1777797279 381953
38 1617 1191 0 1777797279 383149
38 1618 2491 0 1777797279 385644
43 1700 10392 0 1777797279 385696
41 1615 11152 0 1777797279 386451
43 1701 4566 0 1777797279 390265
39 1783 15008 0 1777797279 390298
42 1577 11412 0 1777797279 392481
41 1616 6055 0 1777797279 392511
43 1702 5997 0 1777797279 396268
39 1784 6582 0 1777797279 396882
40 1656 21624 0 1777797279 396920
38 1619 13971 0 1777797279 399617
42 1578 7153 0 1777797279 399637
38 1620 8997 0 1777797279 408636
39 1785 13862 0 1777797279 410745
38 1621 2182 0 1777797279 410822
41 1617 18608 0 1777797279 411120
42 1579 13883 0 1777797279 413537
39 1786 4388 0 1777797279 415137
38 1622 4646 0 1777797279 415469
41 1618 9056 0 1777797279 420178
39 1787 6540 0 1777797279 421682
40 1657 27476 0 1777797279 424397
41 1619 4231 0 1777797279 424412
42 1580 10921 0 1777797279 424464
38 1623 10043 0 1777797279 425516
40 1658 3468 0 1777797279 427881
41 1620 3805 0 1777797279 428230
39 1788 9834 0 1777797279 431519
43 1703 35483 0 1777797279 431753
41 1621 3832 0 1777797279 432066
42 1581 9764 0 1777797279 434230
41 1622 2368 0 1777797279 434436
38 1624 9109 0 1777797279 434627
39 1789 5566 0 1777797279 437094
41 1623 2944 0 1777797279 437386
40 1659 10444 0 1777797279 438328
41 1624 3653 0 1777797279 441042
38 1625 9538 0 1777797279 444167
41 1625 3145 0 1777797279 444188
41 1626 4165 0 1777797279 448355
43 1704 16798 0 1777797279 448553
38 1626 4876 0 1777797279 449045
40 1660 14531 0 1777797279 452862
41 1627 4520 0 1777797279 452877
38 1627 7253 0 1777797279 456300
41 1628 4428 0 1777797279 457318
38 1628 2079 0 1777797279 458381
40 1661 6487 0 1777797279 459365
41 1629 2649 0 1777797279 459968
38 1629 2372 0 1777797279 460756
43 1705 14629 0 1777797279 463184
38 1630 3908 0 1777797279 464666
39 1790 27953 0 1777797279 465049
38 1631 1223 0 1777797279 465892
41 1630 6027 0 1777797279 465997
43 1706 3521 0 1777797279 466707
40 1662 10579 0 1777797279 469946
41 1631 4645 0 1777797279 470643
38 1632 4995 0 1777797279 470889
38 1633 748 0 1777797279 471639
38 1634 1613 0 1777797279 473254
38 1635 673 0 1777797279 473930
38 1636 1504 0 1777797279 475437
39 1791 11724 0 1777797279 476776
41 1632 6134 0 1777797279 476784
41 1633 2191 0 1777797279 478989
43 1707 12615 0 1777797279 479327
38 1637 4856 0 1777797279 480295
38 1638 3213 0 1777797279 483512
41 1634 4961 0 1777797279 483952
42 1582 51272 0 1777797279 485504
39 1792 10064 0 1777797279 486849
43 1708 9394 0 1777797279 488724
38 1639 5239 0 1777797279 488753
40 1663 19867 0 1777797279 489815
42 1583 5051 0 1777797279 490558
39 1793 4122 0 1777797279 490974
41 1635 8617 0 1777797279 492573
40 1664 5046 0 1777797279 494862
38 1640 7335 0 1777797279 496089
39 1794 5972 0 1777797279 496949
43 1709 9554 0 1777797279 498283
38 1641 5608 0 1777797279 501701
41 1636 11673 0 1777797279 504248
41 1637 5435 0 1777797279 509686
39 1795 28889 0 1777797279 525840
41 1638 16162 0 1777797279 525853
42 1584 35349 0 1777797279 525909
38 1642 29708 0 1777797279 531412
41 1639 5993 0 1777797279 531861
42 1585 12651 0 1777797279 538562
41 1640 6897 0 1777797279 538760
38 1643 9147 0 1777797279 540561
40 1665 45757 0 1777797279 540623
38 1644 5909 0 1777797279 546534
41 1641 8423 0 1777797279 547184
40 1666 14470 0 1777797279 555161
42 1586 17160 0 1777797279 555733
38 1645 10137 0 1777797279 556674
41 1642 11750 0 1777797279 558936
39 1796 37474 0 1777797279 563329
40 1667 9485 0 1777797279 564717
43 1710 66582 0 1777797279 564868
38 1646 11288 0 1777797279 567965
41 1643 11696 0 1777797279 570635
42 1587 14966 0 1777797279 570701
39 1797 7499 0 1777797279 570836
38 1647 8555 0 1777797279 576531
40 1668 12060 0 1777797279 576786
41 1644 10762 0 1777797279 581405
43 1711 16671 0 1777797279 581541
39 1798 11135 0 1777797279 581973
42 1588 13130 0 1777797279 583834
40 1669 11401 0 1777797279 588188
43 1712 7131 0 1777797279 588673
38 1648 12294 0 1777797279 588828
41 1645 9421 0 1777797279 590829
39 1799 9826 0 1777797279 591801
42 1589 9319 0 1777797279 593156
38 1649 6221 0 1777797279 595050
41 1646 4972 0 1777797279 595803
43 1713 9356 0 1777797279 598041
42 1590 5374 0 1777797279 598531
40 1670 15875 0 1777797279 604066
43 1714 7402 0 1777797279 605445
38 1650 10662 0 1777797279 605713
39 1800 13946 0 1777797279 605752
41 1647 10074 0 1777797279 605879
41 1648 3458 0 1777797279 609338
39 1801 4651 0 1777797279 610404
43 1715 4983 0 1777797279 610430
40 1671 12325 0 1777797279 616417
38 1651 11482 0 1777797279 617196
42 1591 20554 0 1777797279 619087
41 1649 9873 0 1777797279 619213
43 1716 9574 0 1777797279 620005
39 1802 14690 0 1777797279 625096
40 1672 20068 0 1777797279 636486
38 1652 20398 0 1777797279 637598
42 1592 18510 0 1777797279 637605
41 1650 18539 0 1777797279 637754
43 1717 20568 0 1777797279 640576
39 1803 16712 0 1777797279 641810
41 1651 6428 0 1777797279 644183
40 1673 9929 0 1777797279 646424
43 1718 13034 0 1777797279 653615
41 1652 14741 0 1777797279 658932
39 1804 18178 0 1777797279 659989
40 1674 13696 0 1777797279 660121
38 1653 23650 0 1777797279 661255
42 1593 23658 0 1777797279 661270
39 1805 5232 0 1777797279 665233
40 1675 10902 0 1777797279 671024
43 1719 17818 0 1777797279 671434
43 1720 1043 0 1777797279 672481
42 1594 13775 0 1777797279 675045
41 1653 18417 0 1777797279 677350
38 1654 17486 0 1777797279 678742
42 1595 4133 0 1777797279 679182
39 1806 16025 0 1777797279 681260
41 1654 4872 0 1777797279 682225
38 1655 6456 0 1777797279 685200
43 1721 12726 0 1777797279 685212
43 1722 1228 0 1777797279 686453
43 1723 800 0 1777797279 687256
40 1676 18370 0 1777797279 689397
43 1724 2148 0 1777797279 689407
38 1656 4864 0 1777797279 690077
43 1725 4291 0 1777797279 693710
39 1807 13515 0 1777797279 694777
42 1596 16350 0 1777797279 695535
38 1657 5475 0 1777797279 695553
41 1655 14648 0 1777797279 696876
39 1808 2277 0 1777797279 697059
38 1658 2651 0 1777797279 698206
39 1809 5471 0 1777797279 702533
43 1726 10259 0 1777797279 703973
42 1597 10220 0 1777797279 705756
41 1656 8983 0 1777797279 705861
42 1598 1888 0 1777797279 707647
41 1657 2585 0 1777797279 708447
39 1810 8867 0 1777797279 711402
43 1727 7803 0 1777797279 711778
41 1658 7839 0 1777797279 716289
41 1659 2315 0 1777797279 718606
38 1659 21201 0 1777797279 719411
40 1677 30038 0 1777797279 719445
40 1678 2635 0 1777797279 722105
42 1599 16466 0 1777797279 724114
40 1679 2292 0 1777797279 724399
43 1728 13446 0 1777797279 725227
38 1660 6028 0 1777797279 725474
39 1811 14579 0 1777797279 725983
40 1680 6037 0 1777797279 730439
39 1812 19223 0 1777797279 745211
38 1661 23881 0 1777797279 749358
43 1729 30915 0 1777797279 756145
40 1681 29869 0 1777797279 760324
38 1662 12890 0 1777797279 762253
40 1682 3049 0 1777797279 763375
43 1730 9372 0 1777797279 765519
41 1660 47826 0 1777797279 766437
40 1683 4344 0 1777797279 767722
38 1663 7688 0 1777797279 769944
40 1684 2483 0 1777797279 770206
41 1661 3773 0 1777797279 770213
42 1600 46703 0 1777797279 770819
41 1662 1698 0 1777797279 771922
40 1685 1996 0 1777797279 772210
43 1731 7356 0 1777797279 772880
38 1664 4635 0 1777797279 774585
42 1601 3991 0 1777797279 774812
41 1663 3481 0 1777797279 775407
40 1686 3215 0 1777797279 775427
42 1602 2360 0 1777797279 777174
40 1687 3182 0 1777797279 778611
41 1664 3900 0 1777797279 779310
43 1732 15544 0 1777797279 788428
42 1603 11272 0 1777797279 788450
39 1813 44376 0 1777797279 789589
42 1604 5252 0 1777797279 793784
38 1665 20464 0 1777797279 795052
43 1733 6829 0 1777797279 795259
39 1814 6879 0 1777797279 796470
40 1688 18320 0 1777797279 796935
38 1666 3481 0 1777797279 798547
41 1665 19892 0 1777797279 799208
39 1815 10058 0 1777797279 806531
43 1734 12715 0 1777797279 807977
40 1689 11446 0 1777797279 808383
41 1666 11832 0 1777797279 811045
42 1605 17715 0 1777797279 811504
38 1667 12980 0 1777797279 811529
40 1690 3197 0 1777797279 811582
42 1606 9853 0 1777797279 821361
38 1668 10320 0 1777797279 821851
38 1669 2954 0 1777797279 824807
41 1667 17815 0 1777797279 828867
40 1691 18914 0 1777797279 830498
41 1668 4182 0 1777797279 833058
38 1670 12774 0 1777797279 837583
41 1669 5022 0 1777797279 838082
43 1735 30155 0 1777797279 838137
42 1607 18235 0 1777797279 839598
40 1692 9391 0 1777797279 839895
40 1693 2372 0 1777797279 842269
42 1608 7453 0 1777797279 847056
38 1671 10798 0 1777797279 848383
43 1736 10263 0 1777797279 848401
40 1694 9806 0 1777797279 852078
41 1670 14003 0 1777797279 852086
40 1695 2384 0 1777797279 854471
41 1671 3160 0 1777797279 855258
41 1672 2338 0 1777797279 857598
40 1696 3324 0 1777797279 857801
41 1673 4294 0 1777797279 861894
40 1697 4298 0 1777797279 862101
43 1737 13924 0 1777797279 862344
41 1674 3191 0 1777797279 865086
40 1698 6345 0 1777797279 868449
43 1738 7762 0 1777797279 870109
43 1739 13659 0 1777797279 883772
38 1672 35422 0 1777797279 883824
40 1699 15379 0 1777797279 883832
39 1816 77320 0 1777797279 883856
41 1675 18880 0 1777797279 883968
42 1609 39561 0 1777797279 886627
42 1610 1167 0 1777797279 887799
41 1676 4839 0 1777797279 888808
38 1673 5290 0 1777797279 889123
38 1674 5183 0 1777797279 894310
43 1740 11242 0 1777797279 895016
40 1700 12807 0 1777797279 896649
40 1701 2008 0 1777797279 898660
39 1817 16388 0 1777797279 900245
41 1677 12280 0 1777797279 901090
40 1702 2626 0 1777797279 901289
38 1675 8713 0 1777797279 903025
40 1703 4551 0 1777797279 905841
42 1611 18600 0 1777797279 906406
38 1676 4012 0 1777797279 907039
41 1678 6302 0 1777797279 907394
40 1704 3905 0 1777797279 909751
38 1677 7209 0 1777797279 914250
42 1612 7886 0 1777797279 914294
41 1679 7773 0 1777797279 915169
42 1613 6165 0 1777797279 920460
40 1705 10728 0 1777797279 920481
41 1680 10812 0 1777797279 925984
40 1706 6177 0 1777797279 926659
38 1678 13037 0 1777797279 927289
39 1818 28424 0 1777797279 928673
42 1614 8330 0 1777797279 928792
38 1679 8505 0 1777797279 935795
40 1707 9142 0 1777797279 935802
42 1615 7513 0 1777797279 936306
41 1681 10616 0 1777797279 936605
39 1819 8899 0 1777797279 937574
42 1616 2641 0 1777797279 938949
38 1680 11622 0 1777797279 947425
42 1617 8486 0 1777797279 947437
40 1708 12114 0 1777797279 947939
39 1820 10426 0 1777797279 948005
41 1682 11416 0 1777797279 948023
43 1741 53012 0 1777797279 948030
43 1742 6751 0 1777797279 954789
40 1709 7135 0 1777797279 955076
41 1683 7236 0 1777797279 955266
42 1618 7835 0 1777797279 955281
39 1821 7290 0 1777797279 955296
41 1684 6356 0 1777797279 961623
40 1710 6600 0 1777797279 961678
39 1822 7963 0 1777797279 963261
38 1681 15914 0 1777797279 963351
42 1619 8525 0 1777797279 963807
38 1682 8492 0 1777797279 971845
39 1823 8616 0 1777797279 971879
42 1620 9760 0 1777797279 973570
43 1743 18798 0 1777797279 973589
40 1711 17414 0 1777797279 979093
41 1685 17716 0 1777797279 979341
39 1824 9266 0 1777797279 981146
41 1686 8945 0 1777797279 988287
39 1825 7183 0 1777797279 988333
40 1712 9254 0 1777797279 988350
42 1621 14794 0 1777797279 988366
38 1683 17067 0 1777797279 988916
40 1713 6153 0 1777797279 994504
41 1687 6221 0 1777797279 994510
43 1744 20924 0 1777797279 994514
38 1684 7367 0 1777797279 996285
39 1826 8136 0 1777797279 996471
42 1622 8191 0 1777797279 996558
38 1685 5995 0 1777797280 2281
40 1714 7773 0 1777797280 2288
41 1688 7771 0 1777797280 2292
42 1623 6361 0 1777797280 2920
43 1745 8582 0 1777797280 3110
39 1827 7759 0 1777797280 4231
41 1689 7034 0 1777797280 9339
40 1715 10011 0 1777797280 12310
38 1686 10323 0 1777797280 12615
42 1624 9768 0 1777797280 12691
39 1828 9235 0 1777797280 13467
43 1746 10403 0 1777797280 13515
39 1829 7054 0 1777797280 20523
41 1690 11210 0 1777797280 20551
38 1687 7996 0 1777797280 20667
42 1625 8083 0 1777797280 20775
43 1747 7514 0 1777797280 21030
40 1716 11243 0 1777797280 23562
42 1626 3034 0 1777797280 23810
38 1688 7114 0 1777797280 27783
41 1691 7246 0 1777797280 27799
42 1627 3996 0 1777797280 27807
43 1748 6781 0 1777797280 27813
38 1689 6745 0 1777797280 34559
39 1830 15530 0 1777797280 36056
40 1717 13060 0 1777797280 36632
42 1628 11391 0 1777797280 39230
41 1692 11584 0 1777797280 39413
43 1749 11728 0 1777797280 39581
38 1690 6446 0 1777797280 41008
40 1718 11482 0 1777797280 48115
43 1750 8539 0 1777797280 48122
42 1629 8990 0 1777797280 48223
41 1693 8886 0 1777797280 48300
39 1831 12603 0 1777797280 48661
40 1719 5281 0 1777797280 53403
39 1832 5264 0 1777797280 53927
38 1691 17331 0 1777797280 58342
38 1692 4325 0 1777797280 62671
43 1751 16669 0 1777797280 64799
43 1752 790 0 1777797280 65596
40 1720 12161 0 1777797280 65692
40 1721 2511 0 1777797280 68204
43 1753 6120 0 1777797280 71717
42 1630 24868 0 1777797280 73092
43 1754 2543 0 1777797280 74262
38 1693 13294 0 1777797280 75967
38 1694 906 0 1777797280 76875
40 1722 9123 0 1777797280 77332
38 1695 2025 0 1777797280 78904
40 1723 8203 0 1777797280 85538
38 1696 7599 0 1777797280 86505
41 1694 38212 0 1777797280 86513
42 1631 13426 0 1777797280 86520
43 1755 12261 0 1777797280 86529
38 1697 6311 0 1777797280 92840
43 1756 6469 0 1777797280 93037
41 1695 7621 0 1777797280 94168
38 1698 1842 0 1777797280 94684
43 1757 1997 0 1777797280 95035
38 1699 5257 0 1777797280 99943
43 1758 7401 0 1777797280 102438
39 1833 48538 0 1777797280 102467
43 1759 2023 0 1777797280 104464
38 1700 4778 0 1777797280 104723
40 1724 19203 0 1777797280 104742
40 1725 2661 0 1777797280 107405
41 1696 13345 0 1777797280 107514
38 1701 5334 0 1777797280 110060
43 1760 5656 0 1777797280 110122
40 1726 3492 0 1777797280 110899
41 1697 4647 0 1777797280 112162
43 1761 4683 0 1777797280 114806
40 1727 5127 0 1777797280 116028
41 1698 3964 0 1777797280 116130
43 1762 2204 0 1777797280 117012
38 1702 6973 0 1777797280 117035
38 1703 2378 0 1777797280 119415
43 1763 2935 0 1777797280 119950
43 1764 6619 0 1777797280 126572
38 1704 7287 0 1777797280 126705
43 1765 2715 0 1777797280 129289
43 1766 1271 0 1777797280 130565
39 1834 53241 0 1777797280 155711
42 1632 69494 0 1777797280 156052
41 1699 42655 0 1777797280 158787
43 1767 28227 0 1777797280 158794
42 1633 6122 0 1777797280 162175
40 1728 46918 0 1777797280 162949
38 1705 36263 0 1777797280 162969
42 1634 5135 0 1777797280 167313
38 1706 6705 0 1777797280 169675
43 1768 11464 0 1777797280 170279
41 1700 11740 0 1777797280 170535
42 1635 5282 0 1777797280 172597
38 1707 9649 0 1777797280 179328
41 1701 8811 0 1777797280 179347
43 1769 9093 0 1777797280 179376
40 1729 17160 0 1777797280 180112
42 1636 7523 0 1777797280 180122
39 1835 27189 0 1777797280 182902
43 1770 9094 0 1777797280 188471
38 1708 9222 0 1777797280 188553
41 1702 9317 0 1777797280 188665
42 1637 10545 0 1777797280 190699
39 1836 9972 0 1777797280 192877
38 1709 5821 0 1777797280 194375
40 1730 14260 0 1777797280 194383
43 1771 5918 0 1777797280 194391
41 1703 6008 0 1777797280 194674
39 1837 7133 0 1777797280 200012
42 1638 9319 0 1777797280 200019
43 1772 8291 0 1777797280 202701
41 1704 8246 0 1777797280 202923
40 1731 8547 0 1777797280 202950
39 1838 5822 0 1777797280 205842
40 1732 3629 0 1777797280 206581
38 1710 12516 0 1777797280 206908
42 1639 7635 0 1777797280 207663
41 1705 9680 0 1777797280 212607
43 1773 9944 0 1777797280 212647
38 1711 5794 0 1777797280 212704
39 1839 6890 0 1777797280 212734
42 1640 5448 0 1777797280 213113
40 1733 9057 0 1777797280 215640
41 1706 4129 0 1777797280 216738
43 1774 5656 0 1777797280 218304
38 1712 8035 0 1777797280 220740
39 1840 8013 0 1777797280 220748
42 1641 8179 0 1777797280 221302
40 1734 6182 0 1777797280 221824
41 1707 7821 0 1777797280 224561
38 1713 6464 0 1777797280 227214
39 1841 8321 0 1777797280 229082
40 1735 7314 0 1777797280 229139
42 1642 7843 0 1777797280 229146
43 1775 12596 0 1777797280 230902
41 1708 7641 0 1777797280 232204
38 1714 8711 0 1777797280 235932
42 1643 7954 0 1777797280 237119
40 1736 8038 0 1777797280 237196
39 1842 8255 0 1777797280 237402
43 1776 7172 0 1777797280 238075
41 1709 6109 0 1777797280 238315
40 1737 3120 0 1777797280 240317
43 1777 6792 0 1777797280 244869
38 1715 8978 0 1777797280 244913
40 1738 4808 0 1777797280 245127
42 1644 8010 0 1777797280 245136
39 1843 7768 0 1777797280 245171
41 1710 7105 0 1777797280 245423
43 1778 2331 0 1777797280 247203
38 1716 3268 0 1777797280 248182
39 1844 7727 0 1777797280 252899
40 1739 7783 0 1777797280 252920
42 1645 7776 0 1777797280 252927
43 1779 8020 0 1777797280 255226
41 1711 9820 0 1777797280 255245
38 1717 10025 0 1777797280 258209
39 1845 5290 0 1777797280 258218
40 1740 8594 0 1777797280 261531
42 1646 8596 0 1777797280 261541
43 1780 7523 0 1777797280 262752
38 1718 4965 0 1777797280 263184
39 1846 5776 0 1777797280 264007
40 1741 2991 0 1777797280 264533
41 1712 13479 0 1777797280 268725
39 1847 5759 0 1777797280 269768
40 1742 5238 0 1777797280 269774
43 1781 7461 0 1777797280 270214
42 1647 12083 0 1777797280 273638
41 1713 5976 0 1777797280 274703
38 1719 11647 0 1777797280 274833
43 1782 5376 0 1777797280 275592
40 1743 6014 0 1777797280 275799
39 1848 8441 0 1777797280 278217
39 1849 2497 0 1777797280 280727
42 1648 7128 0 1777797280 280770
43 1783 6331 0 1777797280 281926
38 1720 8014 0 1777797280 282848
40 1744 7903 0 1777797280 283703
39 1850 3777 0 1777797280 284512
43 1784 3638 0 1777797280 285565
38 1721 6173 0 1777797280 289023
41 1714 15795 0 1777797280 290500
40 1745 7318 0 1777797280 291024
39 1851 10634 0 1777797280 295147
43 1785 9586 0 1777797280 295153
40 1746 6751 0 1777797280 297778
43 1786 6962 0 1777797280 302126
40 1747 4442 0 1777797280 302225
42 1649 21774 0 1777797280 302545
38 1722 14146 0 1777797280 303172
39 1852 8025 0 1777797280 303179
41 1715 14218 0 1777797280 304720
43 1787 2794 0 1777797280 304922
39 1853 3078 0 1777797280 306272
40 1748 4213 0 1777797280 306439
38 1723 5912 0 1777797280 309092
42 1650 9223 0 1777797280 311769
43 1788 8729 0 1777797280 313653
43 1789 1322 0 1777797280 314978
39 1854 9480 0 1777797280 315754
39 1855 1692 0 1777797280 317452
42 1651 5693 0 1777797280 317464
43 1790 2870 0 1777797280 317849
41 1716 14434 0 1777797280 319157
43 1791 2663 0 1777797280 320516
39 1856 3633 0 1777797280 321098
40 1749 15672 0 1777797280 322112
40 1750 2476 0 1777797280 324594
40 1751 2317 0 1777797280 326913
42 1652 10073 0 1777797280 327560
41 1717 9361 0 1777797280 328519
39 1857 7578 0 1777797280 328679
43 1792 10121 0 1777797280 330640
38 1724 23196 0 1777797280 332294
41 1718 3784 0 1777797280 332305
42 1653 4991 0 1777797280 332557
39 1858 5054 0 1777797280 333735
43 1793 4678 0 1777797280 335319
38 1725 4807 0 1777797280 337113
42 1654 5614 0 1777797280 338173
43 1794 3236 0 1777797280 338557
39 1859 9014 0 1777797280 342752
42 1655 4587 0 1777797280 342762
43 1795 6100 0 1777797280 344661
38 1726 8606 0 1777797280 345722
42 1656 9137 0 1777797280 351922
42 1657 2852 0 1777797280 354781
41 1719 24751 0 1777797280 357070
42 1658 4210 0 1777797280 358996
42 1659 2592 0 1777797280 361598
38 1727 25760 0 1777797280 371484
39 1860 28729 0 1777797280 371492
40 1752 44597 0 1777797280 371511
41 1720 14447 0 1777797280 371519
42 1660 9937 0 1777797280 371539
42 1661 6218 0 1777797280 377840
42 1662 8883 0 1777797280 386725
39 1861 20337 0 1777797280 391900
43 1796 47373 0 1777797280 392038
42 1663 5495 0 1777797280 392229
43 1797 2049 0 1777797280 394089
43 1798 1733 0 1777797280 395830
40 1753 26139 0 1777797280 397738
43 1799 1916 0 1777797280 397751
42 1664 7175 0 1777797280 399405
43 1800 1652 0 1777797280 399414
42 1665 1700 0 1777797280 401115
43 1801 3937 0 1777797280 403360
42 1666 5026 0 1777797280 406143
38 1728 35716 0 1777797280 407256
40 1754 9703 0 1777797280 407455
43 1802 9367 0 1777797280 412730
42 1667 9060 0 1777797280 415211
38 1729 9666 0 1777797280 416924
42 1668 2122 0 1777797280 417335
43 1803 4903 0 1777797280 417638
41 1721 51003 0 1777797280 422610
42 1669 8486 0 1777797280 425823
41 1722 3959 0 1777797280 426571
43 1804 10004 0 1777797280 427645
42 1670 4048 0 1777797280 429872
42 1671 1871 0 1777797280 431745
42 1672 2016 0 1777797280 433763
38 1730 23123 0 1777797280 440076
40 1755 32629 0 1777797280 440086
39 1862 48212 0 1777797280 440114
42 1673 11258 0 1777797280 445023
41 1723 19449 0 1777797280 446026
42 1674 5116 0 1777797280 450141
38 1731 10227 0 1777797280 450314
39 1863 10207 0 1777797280 450322
40 1756 10983 0 1777797280 451082
42 1675 7358 0 1777797280 457509
43 1805 35745 0 1777797280 463392
40 1757 12560 0 1777797280 463644
42 1676 6141 0 1777797280 463652
39 1864 14945 0 1777797280 465277
41 1724 21832 0 1777797280 467861
38 1732 21311 0 1777797280 471634
42 1677 11559 0 1777797280 475222
39 1865 10484 0 1777797280 475766
38 1733 6239 0 1777797280 477875
41 1725 11768 0 1777797280 479631
41 1726 1461 0 1777797280 481093
41 1727 2797 0 1777797280 483893
43 1806 26556 0 1777797280 489953
41 1728 7039 0 1777797280 490935
38 1734 18675 0 1777797280 496556
40 1758 176408 0 1777797280 640062
42 1678 165659 0 1777797280 640885
43 1807 151240 0 1777797280 641196
41 1729 156740 0 1777797280 647678
38 1735 156401 0 1777797280 652959
39 1866 177198 0 1777797280 652969
40 1759 12901 0 1777797280 652975
42 1679 14566 0 1777797280 655453
40 1760 5912 0 1777797280 658924
43 1808 23511 0 1777797280 664709
41 1730 22080 0 1777797280 669760
39 1867 16817 0 1777797280 669814
42 1680 16125 0 1777797280 671582
38 1736 37015 0 1777797280 689992
40 1761 31200 0 1777797280 690134
40 1762 3369 0 1777797280 693505
39 1868 24820 0 1777797280 694635
38 1737 5895 0 1777797280 695898
40 1763 3668 0 1777797280 697176
38 1738 2713 0 1777797280 698618
39 1869 12435 0 1777797280 707077
40 1764 10672 0 1777797280 707850
39 1870 8262 0 1777797280 715346
38 1739 20376 0 1777797280 719000
40 1765 11162 0 1777797280 719015
42 1681 47437 0 1777797280 719021
39 1871 7975 0 1777797280 723327
43 1809 58928 0 1777797280 723646
42 1682 8374 0 1777797280 727444
38 1740 8529 0 1777797280 727551
40 1766 8563 0 1777797280 727604
43 1810 10434 0 1777797280 734081
41 1731 64418 0 1777797280 734180
39 1872 11247 0 1777797280 734577
40 1767 10763 0 1777797280 738368
38 1741 11082 0 1777797280 738634
43 1811 10349 0 1777797280 744438
38 1742 8771 0 1777797280 747406
40 1768 20179 0 1777797280 758549
39 1873 24088 0 1777797280 758669
43 1812 20482 0 1777797280 764923
42 1683 37525 0 1777797280 764977
39 1874 10992 0 1777797280 769663
43 1813 7170 0 1777797280 772095
42 1684 11280 0 1777797280 776259
43 1814 11000 0 1777797280 783097
40 1769 25107 0 1777797280 783659
41 1732 49508 0 1777797280 783689
38 1743 43019 0 1777797280 790428
39 1875 21043 0 1777797280 790708
42 1685 14455 0 1777797280 790716
43 1815 14518 0 1777797280 797618
40 1770 14817 0 1777797280 798481
41 1733 14898 0 1777797280 798588
38 1744 8221 0 1777797280 798660
42 1686 8793 0 1777797280 799522
39 1876 13516 0 1777797280 804234
43 1816 7402 0 1777797280 805023
41 1734 6516 0 1777797280 805106
38 1745 7138 0 1777797280 805800
40 1771 7512 0 1777797280 805998
42 1687 8632 0 1777797280 808155
41 1735 9715 0 1777797280 814824
39 1877 10632 0 1777797280 814867
40 1772 8891 0 1777797280 814891
43 1817 10241 0 1777797280 815265
42 1688 11927 0 1777797280 820083
38 1746 14814 0 1777797280 820618
41 1736 12360 0 1777797280 827186
43 1818 12389 0 1777797280 827656
42 1689 7809 0 1777797280 827900
39 1878 13073 0 1777797280 827942
40 1773 13220 0 1777797280 828113
43 1819 11925 0 1777797280 839584
42 1690 11703 0 1777797280 839604
41 1737 12513 0 1777797280 839701
40 1774 11607 0 1777797280 839720
38 1747 19176 0 1777797280 839796
39 1879 18125 0 1777797280 846068
41 1738 8243 0 1777797280 847947
38 1748 10760 0 1777797280 850557
42 1691 10962 0 1777797280 850567
43 1820 10990 0 1777797280 850576
40 1775 12797 0 1777797280 852518
41 1739 7308 0 1777797280 855256
39 1880 16335 0 1777797280 862404
40 1776 11120 0 1777797280 863640
42 1692 13074 0 1777797280 863672
41 1740 9297 0 1777797280 864554
43 1821 14522 0 1777797280 865128
38 1749 14712 0 1777797280 865289
41 1741 6759 0 1777797280 871315
43 1822 6423 0 1777797280 871555
39 1881 9656 0 1777797280 872062
40 1777 8428 0 1777797280 872070
42 1693 8352 0 1777797280 872083
38 1750 8721 0 1777797280 874011
43 1823 5405 0 1777797280 876962
42 1694 8171 0 1777797280 880274
41 1742 10128 0 1777797280 881445
39 1882 9709 0 1777797280 881793
40 1778 9928 0 1777797280 882021
38 1751 8718 0 1777797280 882739
42 1695 7744 0 1777797280 888021
43 1824 11109 0 1777797280 888072
38 1752 6760 0 1777797280 889502
40 1779 7488 0 1777797280 889510
39 1883 7807 0 1777797280 889603
42 1696 4201 0 1777797280 892224
43 1825 5027 0 1777797280 893101
38 1753 4439 0 1777797280 893950
39 1884 4354 0 1777797280 893958
40 1780 6696 0 1777797280 896222
38 1754 2298 0 1777797280 896257
39 1885 2550 0 1777797280 896529
42 1697 7035 0 1777797280 899261
41 1743 18864 0 1777797280 900334
39 1886 7909 0 1777797280 904440
43 1826 11597 0 1777797280 904702
43 1827 1979 0 1777797280 906685
40 1781 12202 0 1777797280 908430
42 1698 9495 0 1777797280 908758
43 1828 2783 0 1777797280 909469
41 1744 9303 0 1777797280 909646
41 1745 4885 0 1777797280 914534
43 1829 5349 0 1777797280 914819
42 1699 12138 0 1777797280 920898
38 1755 26334 0 1777797280 922592
41 1746 8508 0 1777797280 923045
40 1782 14985 0 1777797280 923418
39 1887 19049 0 1777797280 923492
40 1783 4479 0 1777797280 927901
41 1747 4870 0 1777797280 927917
39 1888 4896 0 1777797280 928390
43 1830 13634 0 1777797280 928455
38 1756 6850 0 1777797280 929446
42 1700 15230 0 1777797280 936130
39 1889 12640 0 1777797280 941033
40 1784 13436 0 1777797280 941355
41 1748 13437 0 1777797280 941366
43 1831 12923 0 1777797280 941380
42 1701 8032 0 1777797280 944164
38 1757 24203 0 1777797280 953651
40 1785 12795 0 1777797280 954176
42 1702 13764 0 1777797280 957938
43 1832 17706 0 1777797280 959105
39 1890 20607 0 1777797280 961650
38 1758 10397 0 1777797280 964050
42 1703 14109 0 1777797280 972051
43 1833 14098 0 1777797280 973204
39 1891 11615 0 1777797280 973266
42 1704 2327 0 1777797280 974380
39 1892 3607 0 1777797280 976875
40 1786 22715 0 1777797280 976893
38 1759 26148 0 1777797280 990208
40 1787 14908 0 1777797280 991813
43 1834 21617 0 1777797280 994822
42 1705 21046 0 1777797280 995430
42 1706 1447 0 1777797280 996879
42 1707 1067 0 1777797280 997949
43 1835 3819 0 1777797280 998643
42 1708 1624 0 1777797280 999574
43 1836 1681 0 1777797281 328
38 1760 14115 0 1777797281 4325
39 1893 28492 0 1777797281 5386
38 1761 7023 0 1777797281 11351
40 1788 19554 0 1777797281 11369
41 1749 70607 0 1777797281 11998
43 1837 12290 0 1777797281 12621
39 1894 7634 0 1777797281 13026
40 1789 2016 0 1777797281 13386
42 1709 16830 0 1777797281 16406
39 1895 4649 0 1777797281 17677
43 1838 5062 0 1777797281 17686
42 1710 2961 0 1777797281 19371
39 1896 2219 0 1777797281 19906
43 1839 5063 0 1777797281 22764
42 1711 4111 0 1777797281 23484
39 1897 7730 0 1777797281 27640
38 1762 19516 0 1777797281 30869
39 1898 5751 0 1777797281 33393
40 1790 20013 0 1777797281 33400
41 1750 23812 0 1777797281 35812
43 1840 15390 0 1777797281 38157
39 1899 5466 0 1777797281 38867
42 1712 16843 0 1777797281 40329
42 1713 1046 0 1777797281 41378
42 1714 1181 0 1777797281 42563
39 1900 5129 0 1777797281 43999
41 1751 8201 0 1777797281 44016
42 1715 2056 0 1777797281 44622
43 1841 8679 0 1777797281 46839
40 1791 15057 0 1777797281 48468
39 1901 5941 0 1777797281 49958
41 1752 5922 0 1777797281 49970
42 1716 5353 0 1777797281 49976
43 1842 4579 0 1777797281 51420
42 1717 2593 0 1777797281 52603
39 1902 4652 0 1777797281 54629
41 1753 6680 0 1777797281 56681
39 1903 2393 0 1777797281 57025
40 1792 11130 0 1777797281 59601
40 1793 951 0 1777797281 60557
40 1794 1305 0 1777797281 61866
39 1904 5114 0 1777797281 62143
40 1795 1076 0 1777797281 62944
41 1754 9589 0 1777797281 66272
40 1796 4009 0 1777797281 66956
42 1718 15605 0 1777797281 68210
40 1797 4863 0 1777797281 71824
41 1755 5817 0 1777797281 72092
41 1756 2928 0 1777797281 75023
39 1905 13202 0 1777797281 75348
42 1719 8632 0 1777797281 76850
38 1763 47385 0 1777797281 78258
43 1843 28145 0 1777797281 79567
43 1844 1177 0 1777797281 80749
40 1798 10659 0 1777797281 82485
42 1720 6004 0 1777797281 82856
43 1845 2949 0 1777797281 83701
40 1799 1942 0 1777797281 84431
43 1846 1193 0 1777797281 84896
40 1800 4781 0 1777797281 89214
42 1721 8233 0 1777797281 91092
43 1847 7478 0 1777797281 92377
40 1801 3448 0 1777797281 92665
43 1848 3961 0 1777797281 96353
38 1764 20196 0 1777797281 98457
40 1802 5881 0 1777797281 98549
40 1803 6278 0 1777797281 104828
38 1765 6440 0 1777797281 104899
41 1757 30871 0 1777797281 105954
39 1906 30718 0 1777797281 106067
38 1766 11338 0 1777797281 116239
41 1758 10713 0 1777797281 116672
39 1907 10644 0 1777797281 116712
38 1767 5190 0 1777797281 121434
39 1908 4739 0 1777797281 121452
40 1804 17882 0 1777797281 122712
41 1759 7763 0 1777797281 124437
40 1805 2015 0 1777797281 124730
38 1768 5271 0 1777797281 126725
39 1909 6035 0 1777797281 127505
40 1806 3402 0 1777797281 128133
41 1760 4556 0 1777797281 128996
38 1769 3223 0 1777797281 129959
39 1910 4464 0 1777797281 131971
38 1770 2254 0 1777797281 132216
38 1771 2804 0 1777797281 135023
38 1772 4725 0 1777797281 139756
40 1807 11628 0 1777797281 139764
43 1849 45920 0 1777797281 142274
38 1773 2814 0 1777797281 142579
40 1808 6020 0 1777797281 145798
40 1809 1213 0 1777797281 147014
40 1810 1523 0 1777797281 148543
41 1761 20558 0 1777797281 149556
38 1774 8246 0 1777797281 150828
40 1811 5932 0 1777797281 154478
41 1762 5392 0 1777797281 154951
43 1850 14699 0 1777797281 156976
38 1775 6558 0 1777797281 157388
40 1812 8269 0 1777797281 162753
42 1722 72357 0 1777797281 163454
38 1776 6235 0 1777797281 163627
43 1851 6982 0 1777797281 163960
43 1852 1420 0 1777797281 165381
41 1763 10531 0 1777797281 165485
40 1813 6091 0 1777797281 168848
38 1777 5344 0 1777797281 168973
42 1723 6402 0 1777797281 169858
41 1764 4720 0 1777797281 170208
43 1853 4833 0 1777797281 170216
38 1778 3536 0 1777797281 172513
38 1779 3123 0 1777797281 175639
40 1814 8025 0 1777797281 176885
43 1854 8904 0 1777797281 179132
41 1765 10257 0 1777797281 180474
40 1815 4640 0 1777797281 181528
38 1780 6685 0 1777797281 182327
38 1781 5744 0 1777797281 188072
43 1855 9090 0 1777797281 188230
41 1766 13239 0 1777797281 193715
39 1911 62718 0 1777797281 194694
42 1724 25054 0 1777797281 194913
38 1782 10666 0 1777797281 198748
40 1816 17574 0 1777797281 199104
38 1783 4571 0 1777797281 203322
40 1817 6490 0 1777797281 205597
39 1912 12742 0 1777797281 207442
38 1784 8332 0 1777797281 211657
39 1913 4214 0 1777797281 211662
43 1856 23435 0 1777797281 211666
40 1818 6478 0 1777797281 212077
42 1725 17951 0 1777797281 212865
40 1819 6489 0 1777797281 218567
38 1785 6951 0 1777797281 218617
39 1914 8258 0 1777797281 219935
41 1767 28212 0 1777797281 221929
40 1820 4990 0 1777797281 223560
43 1857 12837 0 1777797281 224585
40 1821 2417 0 1777797281 225980
38 1786 8836 0 1777797281 227454
42 1726 15387 0 1777797281 228254
42 1727 1689 0 1777797281 229948
38 1787 2635 0 1777797281 230091
43 1858 7599 0 1777797281 232186
40 1822 9477 0 1777797281 235463
38 1788 5864 0 1777797281 235957
41 1768 14920 0 1777797281 236851
39 1915 18447 0 1777797281 238384
38 1789 3912 0 1777797281 239871
39 1916 1850 0 1777797281 240237
41 1769 3939 0 1777797281 240793
39 1917 18389 0 1777797281 258628
43 1859 26463 0 1777797281 258652
40 1823 24914 0 1777797281 260387
38 1790 21789 0 1777797281 261663
41 1770 21146 0 1777797281 261942
42 1728 35008 0 1777797281 264958
40 1824 5678 0 1777797281 266076
38 1791 9318 0 1777797281 270983
39 1918 13112 0 1777797281 271743
39 1919 5262 0 1777797281 277008
41 1771 16350 0 1777797281 278295
40 1825 17554 0 1777797281 283633
41 1772 6316 0 1777797281 284613
38 1792 15684 0 1777797281 286671
40 1826 3830 0 1777797281 287469
41 1773 3688 0 1777797281 288303
38 1793 10006 0 1777797281 296679
39 1920 19917 0 1777797281 296927
42 1729 31988 0 1777797281 296948
41 1774 8752 0 1777797281 297057
43 1860 38413 0 1777797281 297066
40 1827 11679 0 1777797281 299152
38 1794 4160 0 1777797281 300848
40 1828 2700 0 1777797281 301856
39 1921 5689 0 1777797281 302619
38 1795 3363 0 1777797281 304213
39 1922 2477 0 1777797281 305102
40 1829 4173 0 1777797281 306031
41 1775 9518 0 1777797281 306633
41 1776 1629 0 1777797281 308264
40 1830 6340 0 1777797281 312374
43 1861 17089 0 1777797281 314214
42 1730 20611 0 1777797281 317561
40 1831 8019 0 1777797281 320396
41 1777 15213 0 1777797281 323480
41 1778 3585 0 1777797281 327067
38 1796 26832 0 1777797281 331048
41 1779 5990 0 1777797281 333059
38 1797 3406 0 1777797281 334458
39 1923 29921 0 1777797281 335024
43 1862 21268 0 1777797281 335485
42 1731 19165 0 1777797281 336728
42 1732 1723 0 1777797281 338454
38 1798 5692 0 1777797281 340152
41 1780 7595 0 1777797281 340656
43 1863 8247 0 1777797281 343737
42 1733 6658 0 1777797281 345114
42 1734 3284 0 1777797281 348400
41 1781 9335 0 1777797281 349994
39 1924 17000 0 1777797281 352028
39 1925 3000 0 1777797281 355031
42 1735 7727 0 1777797281 356131
43 1864 13350 0 1777797281 357089
42 1736 1318 0 1777797281 357454
39 1926 2511 0 1777797281 357546
42 1737 5093 0 1777797281 362556
43 1865 5602 0 1777797281 362693
38 1799 22597 0 1777797281 362751
40 1832 43854 0 1777797281 364254
38 1800 2453 0 1777797281 365205
39 1927 8704 0 1777797281 366251
40 1833 2007 0 1777797281 366263
38 1801 3316 0 1777797281 368525
42 1738 5981 0 1777797281 368539
40 1834 2304 0 1777797281 368580
40 1835 2221 0 1777797281 370803
42 1739 3593 0 1777797281 372154
40 1836 1366 0 1777797281 372171
38 1802 4635 0 1777797281 373176
40 1837 1011 0 1777797281 373183
40 1838 827 0 1777797281 374021
38 1803 1392 0 1777797281 374576
40 1839 957 0 1777797281 374981
42 1740 3911 0 1777797281 376067
43 1866 15618 0 1777797281 378313
40 1840 5566 0 1777797281 380549
42 1741 4976 0 1777797281 381048
38 1804 7737 0 1777797281 382314
41 1782 32329 0 1777797281 382327
39 1928 16330 0 1777797281 382594
42 1742 3014 0 1777797281 384065
38 1805 4863 0 1777797281 387191
39 1929 7513 0 1777797281 390110
40 1841 9561 0 1777797281 390115
42 1743 6055 0 1777797281 390122
38 1806 3300 0 1777797281 390494
38 1807 3275 0 1777797281 393773
39 1930 7407 0 1777797281 397529
41 1783 17700 0 1777797281 400040
43 1867 21746 0 1777797281 400061
39 1931 5182 0 1777797281 402712
40 1842 12676 0 1777797281 402804
42 1744 12711 0 1777797281 402844
41 1784 5458 0 1777797281 405501
43 1868 5607 0 1777797281 405669
38 1808 12556 0 1777797281 406331
40 1843 6881 0 1777797281 409686
42 1745 9658 0 1777797281 412503
39 1932 10013 0 1777797281 412727
41 1785 7402 0 1777797281 412904
43 1869 7312 0 1777797281 412982
40 1844 10764 0 1777797281 420452
42 1746 7990 0 1777797281 420495
39 1933 8562 0 1777797281 421291
43 1870 8772 0 1777797281 421756
39 1934 1271 0 1777797281 422564
38 1809 17787 0 1777797281 424119
39 1935 2839 0 1777797281 425405
42 1747 5290 0 1777797281 425786
41 1786 14971 0 1777797281 427876
43 1871 6123 0 1777797281 427883
40 1845 11109 0 1777797281 431563
41 1787 4843 0 1777797281 432728
40 1846 1388 0 1777797281 432955
43 1872 5488 0 1777797281 433383
40 1847 4150 0 1777797281 437107
42 1748 11448 0 1777797281 437235
39 1936 11845 0 1777797281 437253
41 1788 4742 0 1777797281 437474
38 1810 14092 0 1777797281 438213
41 1789 2895 0 1777797281 440370
38 1811 2918 0 1777797281 441133
42 1749 4736 0 1777797281 441973
43 1873 12536 0 1777797281 445922
38 1812 5334 0 1777797281 446473
41 1790 6780 0 1777797281 447152
39 1937 10639 0 1777797281 447893
40 1848 10790 0 1777797281 447900
38 1813 2966 0 1777797281 449441
41 1791 3066 0 1777797281 450223
39 1938 4924 0 1777797281 452825
41 1792 6252 0 1777797281 456481
42 1750 14798 0 1777797281 456772
40 1849 12198 0 1777797281 460108
38 1814 11836 0 1777797281 461279
39 1939 9132 0 1777797281 461961
41 1793 6140 0 1777797281 462629
43 1874 17282 0 1777797281 463206
39 1940 1532 0 1777797281 463495
43 1875 1097 0 1777797281 464307
43 1876 7766 0 1777797281 472074
40 1850 12351 0 1777797281 472462
38 1815 11557 0 1777797281 472838
39 1941 9346 0 1777797281 472844
41 1794 10272 0 1777797281 472903
42 1751 19293 0 1777797281 476067
43 1877 4230 0 1777797281 476308
39 1942 5492 0 1777797281 478403
40 1851 8197 0 1777797281 480660
41 1795 7752 0 1777797281 480667
38 1816 8373 0 1777797281 481277
43 1878 5628 0 1777797281 481938
42 1752 6127 0 1777797281 482196
39 1943 3811 0 1777797281 482216
38 1817 6538 0 1777797281 487818
39 1944 5908 0 1777797281 488125
39 1945 1649 0 1777797281 489777
41 1796 9274 0 1777797281 489953
40 1852 10509 0 1777797281 491177
39 1946 1652 0 1777797281 491431
43 1879 12895 0 1777797281 494834
38 1818 7026 0 1777797281 494846
41 1797 7247 0 1777797281 497201
43 1880 2385 0 1777797281 497220
38 1819 2475 0 1777797281 497322
43 1881 6978 0 1777797281 504215
40 1853 14220 0 1777797281 505398
39 1947 15435 0 1777797281 506867
43 1882 7479 0 1777797281 511722
42 1753 30683 0 1777797281 512881
41 1798 15679 0 1777797281 512900
39 1948 7749 0 1777797281 514617
39 1949 1577 0 1777797281 516200
39 1950 3250 0 1777797281 519453
42 1754 7829 0 1777797281 520712
41 1799 9711 0 1777797281 522612
38 1820 25999 0 1777797281 523322
40 1854 18070 0 1777797281 523470
42 1755 3637 0 1777797281 524354
43 1883 16793 0 1777797281 528516
39 1951 9126 0 1777797281 528584
40 1855 8261 0 1777797281 531733
43 1884 3228 0 1777797281 531747
41 1800 14858 0 1777797281 537473
43 1885 6802 0 1777797281 538563
39 1952 12427 0 1777797281 541012
40 1856 9271 0 1777797281 541019
38 1821 17710 0 1777797281 541039
41 1801 5829 0 1777797281 543312
43 1886 5150 0 1777797281 543714
39 1953 4320 0 1777797281 545340
39 1954 3109 0 1777797281 548458
39 1955 1571 0 1777797281 550032
41 1802 6729 0 1777797281 550043
38 1822 12125 0 1777797281 553165
40 1857 13960 0 1777797281 554989
43 1887 11670 0 1777797281 555387
41 1803 26297 0 1777797281 576351
38 1823 23693 0 1777797281 576859
43 1888 21476 0 1777797281 576866
39 1956 26875 0 1777797281 576919
40 1858 22196 0 1777797281 577189
40 1859 6501 0 1777797281 583691
43 1889 6946 0 1777797281 583820
42 1756 61337 0 1777797281 585693
38 1824 10395 0 1777797281 587261
40 1860 6037 0 1777797281 589731
43 1890 5923 0 1777797281 589744
42 1757 7360 0 1777797281 593055
43 1891 5810 0 1777797281 595568
42 1758 4076 0 1777797281 597133
39 1957 20817 0 1777797281 597741
42 1759 1824 0 1777797281 598959
42 1760 1915 0 1777797281 600876
42 1761 1818 0 1777797281 602697
42 1762 1054 0 1777797281 603753
42 1763 870 0 1777797281 604625
42 1764 1628 0 1777797281 606255
38 1825 20060 0 1777797281 607329
42 1765 1244 0 1777797281 607502
40 1861 20093 0 1777797281 609838
39 1958 15540 0 1777797281 613286
43 1892 20368 0 1777797281 615938
42 1766 9193 0 1777797281 616696
40 1862 13996 0 1777797281 623838
42 1767 9974 0 1777797281 626674
43 1893 11002 0 1777797281 626942
40 1863 6956 0 1777797281 630796
39 1959 19422 0 1777797281 632716
39 1960 908 0 1777797281 633626
42 1768 7616 0 1777797281 634299
39 1961 4236 0 1777797281 637864
42 1769 3668 0 1777797281 637969
38 1826 30892 0 1777797281 638224
39 1962 2571 0 1777797281 640439
42 1770 4821 0 1777797281 642792
40 1864 17820 0 1777797281 648623
40 1865 4576 0 1777797281 653201
42 1771 11512 0 1777797281 654308
43 1894 29236 0 1777797281 656182
39 1963 17769 0 1777797281 658211
42 1772 5590 0 1777797281 659899
40 1866 14027 0 1777797281 667236
43 1895 11550 0 1777797281 667737
41 1804 92781 0 1777797281 669142
42 1773 9992 0 1777797281 669893
43 1896 3417 0 1777797281 671156
39 1964 13953 0 1777797281 672173
41 1805 3847 0 1777797281 672992
40 1867 7478 0 1777797281 674716
41 1806 1751 0 1777797281 674745
43 1897 6187 0 1777797281 677347
38 1827 43258 0 1777797281 681485
40 1868 7944 0 1777797281 682665
41 1807 8376 0 1777797281 683122
43 1898 5869 0 1777797281 683218
39 1965 11170 0 1777797281 683345
39 1966 1845 0 1777797281 685192
39 1967 1236 0 1777797281 686431
41 1808 4802 0 1777797281 687927
38 1828 7222 0 1777797281 688711
39 1968 7271 0 1777797281 693704
41 1809 5905 0 1777797281 693833
40 1869 11814 0 1777797281 694481
42 1774 24594 0 1777797281 694488
43 1899 14452 0 1777797281 697672
42 1775 3199 0 1777797281 697697
39 1969 5532 0 1777797281 699243
40 1870 4760 0 1777797281 699249
42 1776 1802 0 1777797281 699546
38 1829 11917 0 1777797281 700631
41 1810 7112 0 1777797281 700946
42 1777 2902 0 1777797281 702451
39 1970 4470 0 1777797281 703720
40 1871 5504 0 1777797281 704765
41 1811 4377 0 1777797281 705325
39 1971 2769 0 1777797281 706504
42 1778 4440 0 1777797281 706895
41 1812 2541 0 1777797281 707871
40 1872 3473 0 1777797281 708244
43 1900 11708 0 1777797281 709383
39 1972 3726 0 1777797281 710234
42 1779 7858 0 1777797281 714754
40 1873 6795 0 1777797281 715040
41 1813 7180 0 1777797281 715054
39 1973 6093 0 1777797281 716328
42 1780 2048 0 1777797281 716811
39 1974 4033 0 1777797281 720364
43 1901 11503 0 1777797281 720892
38 1830 20583 0 1777797281 721216
39 1975 2368 0 1777797281 722734
39 1976 4280 0 1777797281 727019
40 1874 13530 0 1777797281 728571
43 1902 8363 0 1777797281 729258
38 1831 8268 0 1777797281 729486
41 1814 15951 0 1777797281 731006
38 1832 1778 0 1777797281 731266
39 1977 5363 0 1777797281 732384
39 1978 1085 0 1777797281 733472
39 1979 959 0 1777797281 734434
39 1980 1599 0 1777797281 736035
39 1981 2045 0 1777797281 738082
39 1982 1475 0 1777797281 739559
38 1833 8481 0 1777797281 739749
40 1875 16000 0 1777797281 744573
39 1983 5040 0 1777797281 744601
41 1815 14494 0 1777797281 745503
43 1903 16253 0 1777797281 745512
39 1984 2941 0 1777797281 747544
39 1985 3068 0 1777797281 750615
38 1834 12875 0 1777797281 752626
42 1781 35817 0 1777797281 752633
43 1904 7112 0 1777797281 752638
43 1905 2562 0 1777797281 755250
42 1782 4689 0 1777797281 757365
40 1876 13276 0 1777797281 757856
38 1835 6913 0 1777797281 759553
41 1816 14952 0 1777797281 760465
39 1986 16099 0 1777797281 766720
41 1817 6261 0 1777797281 766728
42 1783 13676 0 1777797281 771044
43 1906 16258 0 1777797281 771510
40 1877 13677 0 1777797281 771535
38 1836 14574 0 1777797281 774132
42 1784 3167 0 1777797281 774213
40 1878 4249 0 1777797281 775785
41 1818 9701 0 1777797281 776439
39 1987 15915 0 1777797281 782645
42 1785 8832 0 1777797281 783046
43 1907 16080 0 1777797281 787591
38 1837 14220 0 1777797281 788359
42 1786 5323 0 1777797281 788370
39 1988 13192 0 1777797281 795841
41 1819 19613 0 1777797281 796059
43 1908 13658 0 1777797281 801250
41 1820 5621 0 1777797281 801681
39 1989 5981 0 1777797281 801825
42 1787 15047 0 1777797281 803430
41 1821 2191 0 1777797281 803874
39 1990 3021 0 1777797281 804847
43 1909 7113 0 1777797281 808364
38 1838 20439 0 1777797281 808810
39 1991 4876 0 1777797281 809728
41 1822 8516 0 1777797281 812391
39 1992 4289 0 1777797281 814026
40 1879 38252 0 1777797281 814039
41 1823 1897 0 1777797281 814293
41 1824 1837 0 1777797281 816132
40 1880 3493 0 1777797281 817549
40 1881 1761 0 1777797281 819311
39 1993 8413 0 1777797281 822454
40 1882 3158 0 1777797281 822471
41 1825 6986 0 1777797281 823120
40 1883 2928 0 1777797281 825413
42 1788 23181 0 1777797281 826620
39 1994 4498 0 1777797281 826971
42 1789 1227 0 1777797281 827868
42 1790 1237 0 1777797281 829108
43 1910 21202 0 1777797281 829571
42 1791 1253 0 1777797281 830367
39 1995 4588 0 1777797281 831564
39 1996 2009 0 1777797281 833576
42 1792 3560 0 1777797281 833929
42 1793 4918 0 1777797281 838850
41 1826 16980 0 1777797281 840102
42 1794 1256 0 1777797281 840109
39 1997 10089 0 1777797281 843668
41 1827 4477 0 1777797281 844587
43 1911 15268 0 1777797281 844841
42 1795 5387 0 1777797281 845506
38 1839 38467 0 1777797281 847278
42 1796 4720 0 1777797281 850229
41 1828 5819 0 1777797281 850410
41 1829 1770 0 1777797281 852181
42 1797 2970 0 1777797281 853202
41 1830 2860 0 1777797281 855044
43 1912 10349 0 1777797281 855193
42 1798 3714 0 1777797281 856919
38 1840 11044 0 1777797281 858325
39 1998 15178 0 1777797281 858848
41 1831 3925 0 1777797281 858971
42 1799 2342 0 1777797281 859263
41 1832 1649 0 1777797281 860621
42 1800 2857 0 1777797281 862123
40 1884 36833 0 1777797281 862249
38 1841 6381 0 1777797281 864708
41 1833 4853 0 1777797281 865477
40 1885 3415 0 1777797281 865665
38 1842 3990 0 1777797281 868705
40 1886 3142 0 1777797281 868809
43 1913 14783 0 1777797281 869978
39 1999 12416 0 1777797281 871266
43 1914 2811 0 1777797281 872791
40 1887 5582 0 1777797281 874422
38 1843 5837 0 1777797281 874553
39 2000 6460 0 1777797281 877728
43 1915 7341 0 1777797281 880133
40 1888 5741 0 1777797281 880168
42 1801 18057 0 1777797281 880185
39 2001 4815 0 1777797281 882546
41 1834 21553 0 1777797281 887033
42 1802 6855 0 1777797281 887041
43 1916 6906 0 1777797281 887047
40 1889 7710 0 1777797281 887880
39 2002 7257 0 1777797281 889806
38 1844 16141 0 1777797281 890696
43 1917 6052 0 1777797281 893123
40 1890 9669 0 1777797281 897552
40 1891 1966 0 1777797281 899521
41 1835 13162 0 1777797281 900210
40 1892 3967 0 1777797281 903490
41 1836 3960 0 1777797281 904171
43 1918 17455 0 1777797281 910584
39 2003 23049 0 1777797281 912861
40 1893 9372 0 1777797281 912865
38 1845 25326 0 1777797281 916024
41 1837 11852 0 1777797281 916029
42 1803 28971 0 1777797281 916033
40 1894 3831 0 1777797281 916701
42 1804 4980 0 1777797281 921026
41 1838 5563 0 1777797281 921604
39 2004 10560 0 1777797281 923426
40 1895 7987 0 1777797281 924690
39 2005 4218 0 1777797281 927645
42 1805 6617 0 1777797281 927653
41 1839 10954 0 1777797281 932563
43 1919 22159 0 1777797281 932745
42 1806 12337 0 1777797281 940000
42 1807 1778 0 1777797281 941782
41 1840 12091 0 1777797281 944657
43 1920 12158 0 1777797281 944905
39 2006 19271 0 1777797281 946925
38 1846 32820 0 1777797281 948853
41 1841 11092 0 1777797281 955755
38 1847 6943 0 1777797281 955799
40 1896 31355 0 1777797281 956047
41 1842 6438 0 1777797281 962195
40 1897 6362 0 1777797281 962411
39 2007 16535 0 1777797281 963464
38 1848 7733 0 1777797281 963534
42 1808 23019 0 1777797281 964805
39 2008 4656 0 1777797281 968122
39 2009 1233 0 1777797281 969357
41 1843 10816 0 1777797281 973013
38 1849 15030 0 1777797281 978565
42 1809 15548 0 1777797281 980360
38 1850 3369 0 1777797281 981937
41 1844 13698 0 1777797281 986713
39 2010 17413 0 1777797281 986777
38 1851 5523 0 1777797281 987464
42 1810 7110 0 1777797281 987472
40 1898 25113 0 1777797281 987526
41 1845 8697 0 1777797281 995420
42 1811 7961 0 1777797281 995444
39 2011 8834 0 1777797281 995612
40 1899 9244 0 1777797281 996771
43 1921 53369 0 1777797281 998277
38 1852 11081 0 1777797281 998555
43 1922 3366 0 1777797282 1646
39 2012 9006 0 1777797282 4620
42 1812 9955 0 1777797282 5414
38 1853 7194 0 1777797282 5752
41 1846 11612 0 1777797282 7059
40 1900 11667 0 1777797282 8444
43 1923 10857 0 1777797282 12512
42 1813 12998 0 1777797282 18414
41 1847 11599 0 1777797282 18664
39 2013 14384 0 1777797282 19008
40 1901 13030 0 1777797282 21497
43 1924 9387 0 1777797282 21902
40 1902 5668 0 1777797282 27175
42 1814 9511 0 1777797282 27929
39 2014 10841 0 1777797282 29853
41 1848 11334 0 1777797282 29999
42 1815 4554 0 1777797282 32485
39 2015 3492 0 1777797282 33349
42 1816 2300 0 1777797282 34787
43 1925 13304 0 1777797282 35209
39 2016 3260 0 1777797282 36611
42 1817 2841 0 1777797282 37633
41 1849 7676 0 1777797282 37677
40 1903 12982 0 1777797282 40162
41 1850 8890 0 1777797282 46568
40 1904 6429 0 1777797282 46593
43 1926 11388 0 1777797282 46601
42 1818 9605 0 1777797282 47241
39 2017 11199 0 1777797282 47812
41 1851 7918 0 1777797282 54488
40 1905 8521 0 1777797282 55123
39 2018 8082 0 1777797282 55899
39 2019 1415 0 1777797282 57319
43 1927 10719 0 1777797282 57329
42 1819 11239 0 1777797282 58486
39 2020 1889 0 1777797282 59219
41 1852 9245 0 1777797282 63739
43 1928 7637 0 1777797282 64977
42 1820 8301 0 1777797282 66789
39 2021 7845 0 1777797282 67069
38 1854 64730 0 1777797282 70485
41 1853 6754 0 1777797282 70494
40 1906 16909 0 1777797282 72040
41 1854 6415 0 1777797282 76922
39 2022 9997 0 1777797282 77067
42 1821 12235 0 1777797282 79033
39 2023 3129 0 1777797282 80199
41 1855 3285 0 1777797282 80210
38 1855 11216 0 1777797282 81711
41 1856 1573 0 1777797282 81795
42 1822 2825 0 1777797282 81861
39 2024 7509 0 1777797282 87720
43 1929 23617 0 1777797282 88597
42 1823 7196 0 1777797282 89059
39 2025 2297 0 1777797282 90021
39 2026 1198 0 1777797282 91220
43 1930 3079 0 1777797282 91681
38 1856 11064 0 1777797282 92785
42 1824 3738 0 1777797282 92799
41 1857 15139 0 1777797282 96936
40 1907 26203 0 1777797282 98246
43 1931 6552 0 1777797282 98298
40 1908 2898 0 1777797282 101150
41 1858 4496 0 1777797282 101438
41 1859 1135 0 1777797282 102576
43 1932 4678 0 1777797282 102977
42 1825 12444 0 1777797282 105260
38 1857 13340 0 1777797282 106140
42 1826 1409 0 1777797282 106672
39 2027 15811 0 1777797282 107034
43 1933 6328 0 1777797282 109308
40 1909 8685 0 1777797282 109838
41 1860 11323 0 1777797282 113908
42 1827 7345 0 1777797282 114019
38 1858 7943 0 1777797282 114085
42 1828 1985 0 1777797282 116005
38 1859 2362 0 1777797282 116448
39 2028 9601 0 1777797282 116636
38 1860 3455 0 1777797282 119908
39 2029 3294 0 1777797282 119931
42 1829 4752 0 1777797282 120759
41 1861 7615 0 1777797282 121534
41 1862 2262 0 1777797282 123799
39 2030 5766 0 1777797282 125698
42 1830 5758 0 1777797282 126523
41 1863 3981 0 1777797282 127782
42 1831 4483 0 1777797282 131008
38 1861 12822 0 1777797282 132732
40 1910 24782 0 1777797282 134623
41 1864 13297 0 1777797282 141084
39 2031 15426 0 1777797282 141126
42 1832 10230 0 1777797282 141241
41 1865 3602 0 1777797282 144696
42 1833 6264 0 1777797282 147507
39 2032 12201 0 1777797282 153328
40 1911 21633 0 1777797282 156259
43 1934 49209 0 1777797282 158522
42 1834 11264 0 1777797282 158774
41 1866 14542 0 1777797282 159240
38 1862 27973 0 1777797282 160715
38 1863 2522 0 1777797282 163240
41 1867 5179 0 1777797282 164422
40 1912 13001 0 1777797282 169267
43 1935 10759 0 1777797282 169282
42 1835 11126 0 1777797282 169902
38 1864 13532 0 1777797282 176775
39 2033 23467 0 1777797282 176801
43 1936 8619 0 1777797282 177920
40 1913 8687 0 1777797282 177970
42 1836 9980 0 1777797282 179888
43 1937 8429 0 1777797282 186351
41 1868 22665 0 1777797282 187089
38 1865 14948 0 1777797282 191759
42 1837 11877 0 1777797282 191768
39 2034 17460 0 1777797282 194283
43 1938 7921 0 1777797282 194292
41 1869 17392 0 1777797282 204483
40 1914 26537 0 1777797282 204508
43 1939 10207 0 1777797282 204512
39 2035 14318 0 1777797282 208612
42 1838 16983 0 1777797282 208764
40 1915 4457 0 1777797282 208971
43 1940 6063 0 1777797282 210582
40 1916 3079 0 1777797282 212052
43 1941 5328 0 1777797282 215912
40 1917 6022 0 1777797282 218077
41 1870 15867 0 1777797282 220354
42 1839 12789 0 1777797282 221554
40 1918 4350 0 1777797282 222428
40 1919 3714 0 1777797282 226144
39 2036 18315 0 1777797282 226928
43 1942 11287 0 1777797282 227201
41 1871 8937 0 1777797282 229294
40 1920 4382 0 1777797282 230528
39 2037 5782 0 1777797282 232712
42 1840 15167 0 1777797282 236724
40 1921 7295 0 1777797282 237826
43 1943 12267 0 1777797282 239470
40 1922 1980 0 1777797282 239808
39 2038 8039 0 1777797282 240754
43 1944 1482 0 1777797282 240955
38 1866 52430 0 1777797282 244199
43 1945 4418 0 1777797282 245375
38 1867 2988 0 1777797282 247189
40 1923 8136 0 1777797282 247945
43 1946 3836 0 1777797282 249214
38 1868 2142 0 1777797282 249333
40 1924 1718 0 1777797282 249665
41 1872 23277 0 1777797282 252574
42 1841 17543 0 1777797282 254270
42 1842 2323 0 1777797282 256595
38 1869 9236 0 1777797282 258571
42 1843 3782 0 1777797282 260379
43 1947 16031 0 1777797282 265247
38 1870 8167 0 1777797282 266741
42 1844 7338 0 1777797282 267719
41 1873 18407 0 1777797282 270984
41 1874 3525 0 1777797282 274512
43 1948 12764 0 1777797282 278014
41 1875 4405 0 1777797282 278918
38 1871 14223 0 1777797282 280966
39 2039 40341 0 1777797282 281097
38 1872 960 0 1777797282 281928
43 1949 4211 0 1777797282 282227
39 2040 1273 0 1777797282 282371
38 1873 1615 0 1777797282 283547
41 1876 5362 0 1777797282 284287
38 1874 3951 0 1777797282 287500
39 2041 5620 0 1777797282 287994
42 1845 21666 0 1777797282 289388
40 1925 44460 0 1777797282 294128
38 1875 6737 0 1777797282 294239
39 2042 6847 0 1777797282 294842
42 1846 5460 0 1777797282 294850
41 1877 12486 0 1777797282 296776
40 1926 5111 0 1777797282 299241
42 1847 9215 0 1777797282 304075
41 1878 7394 0 1777797282 304175
39 2043 9599 0 1777797282 304449
40 1927 6939 0 1777797282 306184
40 1928 4312 0 1777797282 310527
38 1876 18560 0 1777797282 312800
39 2044 10895 0 1777797282 315346
42 1848 15311 0 1777797282 319388
38 1877 7624 0 1777797282 320427
41 1879 17770 0 1777797282 321946
41 1880 1695 0 1777797282 323650
38 1878 3341 0 1777797282 323783
43 1950 41758 0 1777797282 323987
39 2045 10762 0 1777797282 326110
40 1929 15685 0 1777797282 326213
40 1930 3384 0 1777797282 329599
43 1951 5703 0 1777797282 329691
42 1849 10908 0 1777797282 330297
38 1879 9223 0 1777797282 333008
39 2046 7696 0 1777797282 333811
39 2047 4322 0 1777797282 338138
38 1880 6035 0 1777797282 339046
38 1881 4346 0 1777797282 343397
39 2048 7494 0 1777797282 345635
42 1850 18158 0 1777797282 348458
39 2049 3606 0 1777797282 349243
42 1851 2159 0 1777797282 350625
39 2050 5167 0 1777797282 354413
43 1952 27182 0 1777797282 356874
39 2051 5500 0 1777797282 359916
43 1953 3368 0 1777797282 360245
38 1882 16904 0 1777797282 360304
40 1931 32266 0 1777797282 361867
39 2052 4596 0 1777797282 364517
40 1932 7054 0 1777797282 368924
38 1883 9397 0 1777797282 369703
39 2053 6081 0 1777797282 370601
38 1884 3649 0 1777797282 373354
43 1954 13501 0 1777797282 373747
38 1885 3002 0 1777797282 376358
40 1933 9164 0 1777797282 378095
39 2054 9973 0 1777797282 380586
39 2055 1845 0 1777797282 382433
39 2056 2186 0 1777797282 384621
42 1852 34381 0 1777797282 385011
39 2057 3387 0 1777797282 388012
42 1853 6089 0 1777797282 391101
39 2058 6229 0 1777797282 394243
40 1934 16153 0 1777797282 394249
42 1854 3914 0 1777797282 395017
38 1886 20812 0 1777797282 397172
39 2059 4644 0 1777797282 398893
41 1881 76965 0 1777797282 400618
39 2060 1942 0 1777797282 400842
40 1935 6599 0 1777797282 400858
38 1887 10848 0 1777797282 408022
39 2061 7186 0 1777797282 408029
40 1936 9751 0 1777797282 410610
42 1855 15601 0 1777797282 410622
41 1882 10027 0 1777797282 410647
43 1955 36902 0 1777797282 410652
38 1888 4853 0 1777797282 412884
42 1856 2803 0 1777797282 413436
43 1956 3013 0 1777797282 413670
40 1937 3685 0 1777797282 414308
43 1957 3624 0 1777797282 417296
40 1938 6597 0 1777797282 420909
38 1889 8683 0 1777797282 421569
39 2062 13530 0 1777797282 421573
41 1883 12080 0 1777797282 422733
42 1857 9299 0 1777797282 422738
43 1958 6417 0 1777797282 423717
43 1959 5791 0 1777797282 429510
39 2063 8375 0 1777797282 429954
41 1884 7892 0 1777797282 430631
38 1890 11235 0 1777797282 432809
41 1885 5386 0 1777797282 436019
43 1960 8221 0 1777797282 437734
42 1858 15867 0 1777797282 438612
39 2064 9616 0 1777797282 439571
40 1939 18692 0 1777797282 439603
41 1886 6526 0 1777797282 442547
39 2065 6103 0 1777797282 445680
43 1961 7956 0 1777797282 445691
40 1940 10683 0 1777797282 450287
38 1891 19161 0 1777797282 451972
42 1859 13430 0 1777797282 452046
39 2066 6376 0 1777797282 452068
41 1887 10651 0 1777797282 453204
40 1941 5930 0 1777797282 456228
43 1962 11534 0 1777797282 457242
38 1892 9932 0 1777797282 461908
39 2067 11466 0 1777797282 463535
41 1888 10359 0 1777797282 463565
40 1942 7967 0 1777797282 464197
39 2068 1794 0 1777797282 465332
38 1893 5579 0 1777797282 467491
42 1860 16509 0 1777797282 468557
39 2069 3307 0 1777797282 468642
40 1943 7251 0 1777797282 471453
43 1963 14310 0 1777797282 471554
38 1894 5145 0 1777797282 472638
39 2070 5095 0 1777797282 473739
42 1861 5209 0 1777797282 473768
41 1889 14947 0 1777797282 478514
43 1964 8332 0 1777797282 479888
42 1862 8179 0 1777797282 481949
42 1863 1016 0 1777797282 482967
41 1890 6923 0 1777797282 485439
42 1864 3031 0 1777797282 486000
39 2071 12346 0 1777797282 486092
43 1965 6378 0 1777797282 486268
40 1944 17531 0 1777797282 488987
41 1891 8129 0 1777797282 493576
39 2072 7505 0 1777797282 493598
42 1865 7611 0 1777797282 493615
38 1895 24403 0 1777797282 497042
40 1945 8059 0 1777797282 497049
42 1866 4957 0 1777797282 498573
40 1946 2151 0 1777797282 499210
40 1947 2606 0 1777797282 501820
42 1867 3267 0 1777797282 501841
39 2073 11591 0 1777797282 505190
43 1966 19199 0 1777797282 505468
41 1892 15715 0 1777797282 509294
39 2074 6630 0 1777797282 511822
42 1868 10639 0 1777797282 512481
39 2075 2824 0 1777797282 514724
39 2076 5864 0 1777797282 520594
42 1869 8150 0 1777797282 520633
38 1896 31658 0 1777797282 528708
40 1948 26902 0 1777797282 528724
41 1893 19456 0 1777797282 528751
43 1967 23287 0 1777797282 528756
39 2077 8871 0 1777797282 529467
39 2078 6888 0 1777797282 536357
40 1949 11651 0 1777797282 540387
39 2079 6157 0 1777797282 542527
41 1894 14937 0 1777797282 543693
40 1950 7494 0 1777797282 547882
43 1968 19194 0 1777797282 547956
39 2080 6074 0 1777797282 548604
41 1895 5445 0 1777797282 549140
39 2081 2109 0 1777797282 550717
39 2082 3026 0 1777797282 553749
43 1969 8057 0 1777797282 556015
41 1896 7219 0 1777797282 556361
40 1951 8702 0 1777797282 556587
39 2083 4918 0 1777797282 558677
43 1970 4535 0 1777797282 560554
40 1952 6114 0 1777797282 562703
41 1897 6609 0 1777797282 562971
43 1971 4256 0 1777797282 564812
39 2084 6404 0 1777797282 565090
39 2085 2259 0 1777797282 567350
38 1897 39275 0 1777797282 568000
38 1898 1575 0 1777797282 569579
39 2086 2509 0 1777797282 569862
42 1870 51141 0 1777797282 571776
38 1899 3505 0 1777797282 573086
39 2087 5173 0 1777797282 575038
38 1900 4756 0 1777797282 577846
39 2088 3679 0 1777797282 578720
43 1972 13913 0 1777797282 578728
38 1901 1620 0 1777797282 579468
41 1898 18315 0 1777797282 581288
38 1902 2321 0 1777797282 581792
43 1973 3992 0 1777797282 582735
42 1871 11237 0 1777797282 583016
39 2089 5015 0 1777797282 583744
40 1953 22251 0 1777797282 584960
43 1974 2236 0 1777797282 584976
39 2090 1330 0 1777797282 585076
38 1903 4458 0 1777797282 586255
39 2091 1986 0 1777797282 587063
41 1899 6386 0 1777797282 587676
40 1954 3265 0 1777797282 588242
39 2092 1364 0 1777797282 588434
43 1975 4143 0 1777797282 589134
39 2093 1596 0 1777797282 590031
38 1904 4750 0 1777797282 591007
42 1872 11531 0 1777797282 594548
39 2094 4754 0 1777797282 594788
43 1976 7618 0 1777797282 596754
38 1905 5832 0 1777797282 596841
40 1955 10917 0 1777797282 599179
42 1873 6707 0 1777797282 601257
41 1900 15674 0 1777797282 603352
38 1906 8691 0 1777797282 605534
39 2095 10750 0 1777797282 605544
41 1901 4668 0 1777797282 608022
39 2096 3929 0 1777797282 609484
38 1907 4555 0 1777797282 610100
39 2097 2829 0 1777797282 612316
38 1908 5336 0 1777797282 615440
39 2098 3131 0 1777797282 615449
41 1902 10278 0 1777797282 618310
38 1909 5533 0 1777797282 620984
39 2099 6699 0 1777797282 622169
38 1910 1315 0 1777797282 622301
40 1956 23325 0 1777797282 622507
42 1874 23546 0 1777797282 624805
43 1977 33920 0 1777797282 630685
39 2100 8572 0 1777797282 630743
42 1875 6089 0 1777797282 630897
38 1911 9139 0 1777797282 631442
40 1957 9009 0 1777797282 631518
41 1903 13277 0 1777797282 631591
38 1912 3140 0 1777797282 634584
40 1958 3087 0 1777797282 634606
38 1913 3408 0 1777797282 638016
42 1876 8034 0 1777797282 638932
39 2101 9248 0 1777797282 640009
40 1959 5659 0 1777797282 640285
38 1914 3957 0 1777797282 641977
43 1978 12227 0 1777797282 642917
40 1960 3375 0 1777797282 643662
42 1877 6326 0 1777797282 645263
39 2102 6821 0 1777797282 646835
38 1915 5244 0 1777797282 647224
39 2103 2880 0 1777797282 649719
38 1916 4541 0 1777797282 651771
42 1878 6776 0 1777797282 652043
43 1979 10300 0 1777797282 653219
40 1961 11646 0 1777797282 655310
42 1879 3271 0 1777797282 655318
43 1980 2396 0 1777797282 655617
38 1917 3899 0 1777797282 655673
38 1918 2823 0 1777797282 658498
40 1962 3780 0 1777797282 659100
41 1904 29236 0 1777797282 660828
43 1981 5335 0 1777797282 660956
38 1919 4040 0 1777797282 662540
41 1905 2832 0 1777797282 663663
42 1880 8452 0 1777797282 663781
39 2104 14744 0 1777797282 664466
38 1920 2773 0 1777797282 665316
39 2105 1242 0 1777797282 665710
39 2106 732 0 1777797282 666444
41 1906 3065 0 1777797282 666731
38 1921 2061 0 1777797282 667378
38 1922 1680 0 1777797282 669063
40 1963 10421 0 1777797282 669523
43 1982 8946 0 1777797282 669904
38 1923 1756 0 1777797282 670831
41 1907 5629 0 1777797282 672362
38 1924 4314 0 1777797282 675149
40 1964 5689 0 1777797282 675219
43 1983 5731 0 1777797282 675637
41 1908 6799 0 1777797282 679168
38 1925 5472 0 1777797282 680624
40 1965 5737 0 1777797282 680958
41 1909 2622 0 1777797282 681855
38 1926 6139 0 1777797282 686766
41 1910 5330 0 1777797282 687187
42 1881 24737 0 1777797282 688519
39 2107 22523 0 1777797282 688969
38 1927 4023 0 1777797282 690792
40 1966 9981 0 1777797282 690942
38 1928 2603 0 1777797282 693397
39 2108 4441 0 1777797282 693413
43 1984 17779 0 1777797282 693419
42 1882 5257 0 1777797282 693780
40 1967 4962 0 1777797282 695906
40 1968 4124 0 1777797282 700033
41 1911 12912 0 1777797282 700101
38 1929 7441 0 1777797282 700861
39 2109 8194 0 1777797282 701623
39 2110 1369 0 1777797282 702997
38 1930 2891 0 1777797282 703754
40 1969 4532 0 1777797282 704568
42 1883 13660 0 1777797282 707441
40 1970 5646 0 1777797282 710216
42 1884 5404 0 1777797282 712847
38 1931 11476 0 1777797282 715235
39 2111 12243 0 1777797282 715242
40 1971 5349 0 1777797282 715567
43 1985 28018 0 1777797282 721455
39 2112 8122 0 1777797282 723374
39 2113 1242 0 1777797282 724619
41 1912 24944 0 1777797282 725046
40 1972 10647 0 1777797282 726216
39 2114 2136 0 1777797282 726761
41 1913 2881 0 1777797282 727929
39 2115 4123 0 1777797282 730889
41 1914 3021 0 1777797282 730952
41 1915 5721 0 1777797282 736674
40 1973 12545 0 1777797282 738765
42 1885 26033 0 1777797282 738882
41 1916 5527 0 1777797282 742205
41 1917 1800 0 1777797282 744007
41 1918 3198 0 1777797282 747208
39 2116 18115 0 1777797282 749009
41 1919 2479 0 1777797282 749689
40 1974 13375 0 1777797282 752142
42 1886 16231 0 1777797282 755115
38 1932 39901 0 1777797282 755144
41 1920 5622 0 1777797282 755313
40 1975 4061 0 1777797282 756206
39 2117 8318 0 1777797282 757337
43 1986 39681 0 1777797282 761139
41 1921 10653 0 1777797282 765968
42 1887 12156 0 1777797282 767276
41 1922 4461 0 1777797282 770431
38 1933 16797 0 1777797282 771942
40 1976 17569 0 1777797282 773778
42 1888 7118 0 1777797282 774396
43 1987 13488 0 1777797282 774630
41 1923 4281 0 1777797282 774715
40 1977 1063 0 1777797282 774844
38 1934 3585 0 1777797282 775530
40 1978 1129 0 1777797282 775974
41 1924 2201 0 1777797282 776917
38 1935 1513 0 1777797282 777046
40 1979 1357 0 1777797282 777332
43 1988 3271 0 1777797282 777903
40 1980 676 0 1777797282 778009
38 1936 3546 0 1777797282 780593
40 1981 2628 0 1777797282 780639
41 1925 3727 0 1777797282 780646
42 1889 6258 0 1777797282 780656
43 1989 4899 0 1777797282 782804
39 2118 31437 0 1777797282 788777
38 1937 8476 0 1777797282 789078
40 1982 8463 0 1777797282 789120
41 1926 8471 0 1777797282 789138
42 1890 8938 0 1777797282 789616
43 1990 7418 0 1777797282 790224
40 1983 6164 0 1777797282 795286
38 1938 11079 0 1777797282 800160
43 1991 10032 0 1777797282 800258
42 1891 10691 0 1777797282 800309
41 1927 11223 0 1777797282 800362
40 1984 5099 0 1777797282 800386
39 2119 15060 0 1777797282 803841
41 1928 6757 0 1777797282 807128
43 1992 6887 0 1777797282 807147
42 1892 6887 0 1777797282 807198
38 1939 10155 0 1777797282 810320
40 1985 10039 0 1777797282 810426
39 2120 7966 0 1777797282 811812
42 1893 10452 0 1777797282 817651
41 1929 11957 0 1777797282 819106
43 1993 12451 0 1777797282 819617
40 1986 9280 0 1777797282 819707
38 1940 9992 0 1777797282 820317
39 2121 12162 0 1777797282 823975
42 1894 6334 0 1777797282 823986
40 1987 9415 0 1777797282 829123
43 1994 9568 0 1777797282 829187
41 1930 11548 0 1777797282 830661
42 1895 6717 0 1777797282 830713
38 1941 12283 0 1777797282 832602
43 1995 3926 0 1777797282 833115
39 2122 13999 0 1777797282 837986
40 1988 9209 0 1777797282 838335
41 1931 7887 0 1777797282 838550
42 1896 8803 0 1777797282 839518
43 1996 12369 0 1777797282 845488
38 1942 13051 0 1777797282 845660
39 2123 7677 0 1777797282 845667
40 1989 8053 0 1777797282 846389
41 1932 7845 0 1777797282 846397
42 1897 9428 0 1777797282 848949
39 2124 3318 0 1777797282 849003
43 1997 8082 0 1777797282 853573
40 1990 8053 0 1777797282 854451
41 1933 8184 0 1777797282 854595
38 1943 9211 0 1777797282 854879
39 2125 5976 0 1777797282 854981
41 1934 3758 0 1777797282 858355
43 1998 4789 0 1777797282 858365
40 1991 8843 0 1777797282 863296
42 1898 14451 0 1777797282 863402
39 2126 9444 0 1777797282 864426
43 1999 6533 0 1777797282 864909
40 1992 6037 0 1777797282 869394
38 1944 15184 0 1777797282 870065
39 2127 6156 0 1777797282 870583
41 1935 12356 0 1777797282 870722
43 2000 9222 0 1777797282 874132
42 1899 12017 0 1777797282 875420
38 1945 7978 0 1777797282 878131
39 2128 7539 0 1777797282 878135
40 1993 9874 0 1777797282 879274
41 1936 9044 0 1777797282 879767
39 2129 8420 0 1777797282 886560
40 1994 8801 0 1777797282 888081
41 1937 8764 0 1777797282 888532
42 1900 13118 0 1777797282 888539
38 1946 10831 0 1777797282 888967
43 2001 15264 0 1777797282 889398
40 1995 7097 0 1777797282 895182
43 2002 6274 0 1777797282 895673
39 2130 9266 0 1777797282 895827
41 1938 8152 0 1777797282 896692
38 1947 12045 0 1777797282 901014
42 1901 12469 0 1777797282 901022
39 2131 8025 0 1777797282 903853
40 1996 8676 0 1777797282 903860
43 2003 8194 0 1777797282 903868
41 1939 8464 0 1777797282 905159
38 1948 4849 0 1777797282 905873
39 2132 4660 0 1777797282 908530
43 2004 4729 0 1777797282 908610
40 1997 5315 0 1777797282 909191
38 1949 4614 0 1777797282 910489
40 1998 3672 0 1777797282 912864
41 1940 10091 0 1777797282 915253
42 1902 14840 0 1777797282 915873
43 2005 9708 0 1777797282 918319
42 1903 5409 0 1777797282 921284
39 2133 12771 0 1777797282 921309
40 1999 8450 0 1777797282 921316
38 1950 11973 0 1777797282 922468
41 1941 7252 0 1777797282 922508
42 1904 5112 0 1777797282 926400
39 2134 10635 0 1777797282 931952
41 1942 9930 0 1777797282 932440
41 1943 5286 0 1777797282 937729
42 1905 12110 0 1777797282 938511
41 1944 3022 0 1777797282 940753
41 1945 2837 0 1777797282 943600
41 1946 6136 0 1777797282 949742
42 1906 12688 0 1777797282 951201
41 1947 2172 0 1777797282 951918
42 1907 3631 0 1777797282 954834
42 1908 3301 0 1777797282 958137
38 1951 41806 0 1777797282 964276
43 2006 46076 0 1777797282 964402
42 1909 10075 0 1777797282 968216
39 2135 40065 0 1777797282 972024
39 2136 1785 0 1777797282 973813
42 1910 8457 0 1777797282 976681
39 2137 2978 0 1777797282 976795
42 1911 4392 0 1777797282 981076
39 2138 12162 0 1777797282 988959
40 2000 67643 0 1777797282 988974
42 1912 10283 0 1777797282 991362
40 2001 7484 0 1777797282 996458
42 1913 7955 0 1777797282 999323
40 2002 5430 0 1777797283 1890
43 2007 38186 0 1777797283 2590
40 2003 3312 0 1777797283 5205
42 1914 8916 0 1777797283 8241
40 2004 8591 0 1777797283 13803
39 2139 31806 0 1777797283 20766
40 2005 6954 0 1777797283 20770
40 2006 10578 0 1777797283 31356
41 1948 79465 0 1777797283 31384
42 1915 25421 0 1777797283 33666
43 2008 31716 0 1777797283 34314
39 2140 18251 0 1777797283 39022
40 2007 7687 0 1777797283 39045
38 1952 74833 0 1777797283 39112
41 1949 8238 0 1777797283 39623
41 1950 6981 0 1777797283 46606
43 2009 12294 0 1777797283 46613
42 1916 12997 0 1777797283 46672
38 1953 8255 0 1777797283 47368
40 2008 9696 0 1777797283 48742
39 2141 10222 0 1777797283 49247
42 1917 8791 0 1777797283 55465
38 1954 10692 0 1777797283 58065
41 1951 11486 0 1777797283 58101
43 2010 11742 0 1777797283 58368
40 2009 9955 0 1777797283 58699
41 1952 5834 0 1777797283 63937
42 1918 10362 0 1777797283 65830
39 2142 16780 0 1777797283 66029
38 1955 8199 0 1777797283 66269
43 2011 13611 0 1777797283 71982
40 2010 15154 0 1777797283 73856
38 1956 15404 0 1777797283 81675
41 1953 17739 0 1777797283 81684
42 1919 15801 0 1777797283 81689
39 2143 15683 0 1777797283 81714
43 2012 10138 0 1777797283 82122
42 1920 12584 0 1777797283 94288
41 1954 12874 0 1777797283 94571
38 1957 13029 0 1777797283 94718
39 2144 13012 0 1777797283 94726
43 2013 12609 0 1777797283 94732
40 2011 24767 0 1777797283 98625
42 1921 11053 0 1777797283 105343
40 2012 7666 0 1777797283 106302
38 1958 11591 0 1777797283 106324
41 1955 11768 0 1777797283 106340
39 2145 14820 0 1777797283 109573
43 2014 14820 0 1777797283 109581
42 1922 8652 0 1777797283 113997
40 2013 8580 0 1777797283 114884
38 1959 11584 0 1777797283 117909
39 2146 8436 0 1777797283 118018
41 1956 11706 0 1777797283 118047
43 2015 14733 0 1777797283 124401
38 1960 7830 0 1777797283 125742
39 2147 7813 0 1777797283 125833
40 2014 10952 0 1777797283 125838
41 1957 7794 0 1777797283 125842
42 1923 11969 0 1777797283 125973
43 2016 11145 0 1777797283 135610
40 2015 10146 0 1777797283 135995
39 2148 10232 0 1777797283 136075
41 1958 12905 0 1777797283 138761
38 1961 14042 0 1777797283 139786
40 2016 8820 0 1777797283 144817
43 2017 9224 0 1777797283 144835
39 2149 9054 0 1777797283 145131
42 1924 19195 0 1777797283 145169
40 2017 4776 0 1777797283 149613
42 1925 5064 0 1777797283 150234
38 1962 14151 0 1777797283 153938
39 2150 8833 0 1777797283 153965
41 1959 15218 0 1777797283 153980
43 2018 10321 0 1777797283 155168
41 1960 3929 0 1777797283 157930
39 2151 7432 0 1777797283 161425
40 2018 12780 0 1777797283 162397
38 1963 9339 0 1777797283 163320
42 1926 13534 0 1777797283 163770
40 2019 1957 0 1777797283 164356
41 1961 7144 0 1777797283 165079
43 2019 10678 0 1777797283 165848
38 1964 4447 0 1777797283 167774
40 2020 9182 0 1777797283 173542
39 2152 14166 0 1777797283 175593
42 1927 11831 0 1777797283 175610
38 1965 11214 0 1777797283 178990
43 2020 13280 0 1777797283 179131
41 1962 17029 0 1777797283 182111
42 1928 6876 0 1777797283 182499
42 1929 1104 0 1777797283 183604
42 1930 697 0 1777797283 184304
42 1931 2761 0 1777797283 187067
39 2153 11739 0 1777797283 187351
40 2021 16921 0 1777797283 190465
41 1963 8636 0 1777797283 190749
42 1932 5302 0 1777797283 192371
43 2021 14349 0 1777797283 193481
38 1966 18374 0 1777797283 197366
42 1933 5629 0 1777797283 198002
40 2022 8379 0 1777797283 198852
43 2022 7032 0 1777797283 200518
42 1934 2790 0 1777797283 200794
40 2023 2528 0 1777797283 201382
41 1964 11650 0 1777797283 202401
39 2154 15078 0 1777797283 202431
38 1967 6980 0 1777797283 204350
42 1935 7828 0 1777797283 208623
43 2023 9089 0 1777797283 209609
40 2024 8695 0 1777797283 210080
41 1965 9385 0 1777797283 211788
39 2155 10053 0 1777797283 212485
38 1968 12221 0 1777797283 216579
40 2025 13704 0 1777797283 223786
42 1936 15186 0 1777797283 223811
43 2024 14207 0 1777797283 223818
39 2156 11498 0 1777797283 223987
41 1966 12477 0 1777797283 224268
42 1937 5430 0 1777797283 229265
39 2157 5724 0 1777797283 229712
43 2025 6109 0 1777797283 229953
41 1967 6257 0 1777797283 230526
42 1938 3493 0 1777797283 232760
40 2026 10030 0 1777797283 233849
39 2158 4441 0 1777797283 234156
40 2027 2808 0 1777797283 236659
40 2028 3978 0 1777797283 240639
42 1939 7892 0 1777797283 240655
38 1969 27656 0 1777797283 244241
41 1968 13720 0 1777797283 244249
40 2029 6182 0 1777797283 246838
40 2030 1661 0 1777797283 248501
38 1970 4527 0 1777797283 248777
40 2031 3865 0 1777797283 252369
39 2159 18240 0 1777797283 252398
38 1971 5545 0 1777797283 254324
40 2032 1960 0 1777797283 254337
40 2033 2619 0 1777797283 256970
41 1969 13725 0 1777797283 257986
40 2034 1763 0 1777797283 258736
38 1972 8057 0 1777797283 262396
40 2035 8699 0 1777797283 267441
42 1940 30947 0 1777797283 271616
40 2036 9313 0 1777797283 276757
43 2026 49101 0 1777797283 279057
41 1970 21128 0 1777797283 279118
42 1941 7507 0 1777797283 279126
38 1973 19566 0 1777797283 281972
40 2037 5345 0 1777797283 282103
39 2160 29953 0 1777797283 282352
41 1971 5030 0 1777797283 284157
40 2038 4226 0 1777797283 286331
41 1972 9451 0 1777797283 293610
38 1974 14562 0 1777797283 296536
39 2161 15042 0 1777797283 297395
40 2039 14171 0 1777797283 300508
43 2027 23207 0 1777797283 302297
42 1942 25533 0 1777797283 304671
41 1973 11228 0 1777797283 304840
39 2162 7846 0 1777797283 305243
38 1975 8732 0 1777797283 305278
40 2040 5527 0 1777797283 306038
39 2163 8039 0 1777797283 313285
40 2041 7353 0 1777797283 313396
42 1943 9141 0 1777797283 313823
38 1976 8561 0 1777797283 313840
41 1974 9669 0 1777797283 314510
43 2028 16672 0 1777797283 318974
42 1944 5682 0 1777797283 319507
38 1977 7738 0 1777797283 321579
39 2164 10872 0 1777797283 324159
40 2042 10769 0 1777797283 324167
41 1975 9690 0 1777797283 324202
42 1945 4967 0 1777797283 324475
43 2029 9661 0 1777797283 328638
39 2165 7454 0 1777797283 331623
40 2043 7451 0 1777797283 331630
38 1978 10156 0 1777797283 331743
41 1976 11605 0 1777797283 335809
40 2044 4659 0 1777797283 336355
39 2166 4906 0 1777797283 336592
42 1946 12164 0 1777797283 336641
39 2167 3891 0 1777797283 340485
38 1979 8915 0 1777797283 340659
40 2045 5557 0 1777797283 341914
42 1947 5429 0 1777797283 342071
41 1977 10894 0 1777797283 346706
42 1948 5315 0 1777797283 347387
39 2168 7887 0 1777797283 348377
40 2046 13132 0 1777797283 355057
38 1980 17103 0 1777797283 357763
42 1949 10867 0 1777797283 358256
41 1978 13651 0 1777797283 360359
43 2030 33398 0 1777797283 362037
39 2169 14760 0 1777797283 363139
40 2047 9077 0 1777797283 364137
42 1950 14616 0 1777797283 372873
39 2170 17068 0 1777797283 380211
40 2048 16131 0 1777797283 380271
43 2031 18231 0 1777797283 380278
41 1979 20057 0 1777797283 380423
38 1981 23376 0 1777797283 381146
39 2171 5146 0 1777797283 385359
42 1951 13065 0 1777797283 385940
40 2049 5989 0 1777797283 386268
41 1980 6608 0 1777797283 387033
43 2032 10454 0 1777797283 390743
40 2050 6139 0 1777797283 392409
42 1952 6479 0 1777797283 392420
38 1982 14163 0 1777797283 395310
39 2172 9961 0 1777797283 395322
41 1981 8293 0 1777797283 395327
43 2033 7241 0 1777797283 397988
42 1953 6593 0 1777797283 399025
41 1982 3910 0 1777797283 399255
40 2051 11294 0 1777797283 403715
42 1954 6519 0 1777797283 405546
40 2052 3728 0 1777797283 407459
38 1983 12194 0 1777797283 407521
42 1955 3277 0 1777797283 408825
43 2034 12517 0 1777797283 410507
42 1956 4289 0 1777797283 413117
42 1957 1234 0 1777797283 414353
39 2173 21567 0 1777797283 416906
40 2053 11657 0 1777797283 419118
39 2174 3450 0 1777797283 420358
42 1958 7415 0 1777797283 421771
38 1984 15832 0 1777797283 423354
43 2035 13238 0 1777797283 423752
41 1983 25683 0 1777797283 424939
40 2054 6074 0 1777797283 425194
39 2175 6432 0 1777797283 426792
41 1984 3171 0 1777797283 428113
43 2036 5494 0 1777797283 429248
39 2176 3897 0 1777797283 430692
40 2055 5551 0 1777797283 430746
41 1985 2995 0 1777797283 431110
43 2037 4085 0 1777797283 433335
40 2056 2607 0 1777797283 433355
39 2177 6841 0 1777797283 437535
40 2057 6268 0 1777797283 439624
42 1959 21297 0 1777797283 443073
42 1960 1473 0 1777797283 444548
40 2058 9479 0 1777797283 449105
42 1961 5411 0 1777797283 449962
42 1962 5772 0 1777797283 455738
42 1963 9881 0 1777797283 465621
38 1985 49946 0 1777797283 473309
43 2038 40797 0 1777797283 474134
38 1986 3835 0 1777797283 477146
39 2178 39641 0 1777797283 477179
42 1964 11874 0 1777797283 477499
43 2039 4039 0 1777797283 478175
42 1965 5380 0 1777797283 482881
38 1987 5947 0 1777797283 483096
39 2179 9664 0 1777797283 486844
38 1988 7549 0 1777797283 490647
43 2040 13062 0 1777797283 491239
40 2059 42899 0 1777797283 492006
40 2060 2331 0 1777797283 494339
41 1986 63248 0 1777797283 494360
40 2061 2130 0 1777797283 496472
41 1987 2913 0 1777797283 497274
43 2041 8245 0 1777797283 499487
39 2180 12779 0 1777797283 499625
41 1988 10484 0 1777797283 507761
42 1966 25343 0 1777797283 508227
40 2062 12327 0 1777797283 508805
39 2181 10014 0 1777797283 509641
40 2063 850 0 1777797283 509658
42 1967 2862 0 1777797283 511092
40 2064 2290 0 1777797283 511959
42 1968 3371 0 1777797283 514472
43 2042 19610 0 1777797283 519099
41 1989 16680 0 1777797283 524445
39 2182 15356 0 1777797283 525017
40 2065 15650 0 1777797283 527613
41 1990 3876 0 1777797283 528323
39 2183 4699 0 1777797283 529718
38 1989 39357 0 1777797283 530007
41 1991 6501 0 1777797283 534826
43 2043 15744 0 1777797283 534845
38 1990 6477 0 1777797283 536486
39 2184 7524 0 1777797283 537244
40 2066 11514 0 1777797283 539134
40 2067 3179 0 1777797283 542321
38 1991 7220 0 1777797283 543709
41 1992 9712 0 1777797283 544558
42 1969 31812 0 1777797283 546286
39 2185 10198 0 1777797283 547445
43 2044 12900 0 1777797283 547772
42 1970 3925 0 1777797283 550213
41 1993 8951 0 1777797283 553511
40 2068 11709 0 1777797283 554032
43 2045 7678 0 1777797283 555452
38 1992 12152 0 1777797283 555863
42 1971 6241 0 1777797283 556456
41 1994 11443 0 1777797283 564957
40 2069 10973 0 1777797283 565006
43 2046 12320 0 1777797283 567775
39 2186 22063 0 1777797283 569511
42 1972 13054 0 1777797283 569516
43 2047 4792 0 1777797283 572688
41 1995 8291 0 1777797283 573258
38 1993 17420 0 1777797283 573285
39 2187 4993 0 1777797283 574509
40 2070 16551 0 1777797283 581558
38 1994 8292 0 1777797283 581579
41 1996 9680 0 1777797283 582944
43 2048 10253 0 1777797283 582950
39 2188 11439 0 1777797283 585956
41 1997 3031 0 1777797283 585981
40 2071 5998 0 1777797283 587560
43 2049 8846 0 1777797283 591805
42 1973 22416 0 1777797283 591943
38 1995 10573 0 1777797283 592153
39 2189 6219 0 1777797283 592182
40 2072 13288 0 1777797283 600852
43 2050 9114 0 1777797283 600921
41 1998 15085 0 1777797283 601067
38 1996 16235 0 1777797283 608389
39 2190 18731 0 1777797283 610915
42 1974 20024 0 1777797283 611969
40 2073 11917 0 1777797283 612772
43 2051 14811 0 1777797283 615735
41 1999 14849 0 1777797283 615918
38 1997 7830 0 1777797283 616222
39 2191 11847 0 1777797283 622764
40 2074 10034 0 1777797283 622810
42 1975 11495 0 1777797283 623473
41 2000 9975 0 1777797283 625895
40 2075 6950 0 1777797283 629761
39 2192 7699 0 1777797283 630473
38 1998 15948 0 1777797283 632173
43 2052 21471 0 1777797283 637215
41 2001 12043 0 1777797283 637946
39 2193 9991 0 1777797283 640466
42 1976 18181 0 1777797283 641657
43 2053 4497 0 1777797283 641722
40 2076 12143 0 1777797283 641907
38 1999 12379 0 1777797283 644553
41 2002 9880 0 1777797283 647833
40 2077 7584 0 1777797283 649492
43 2054 10389 0 1777797283 652113
38 2000 7784 0 1777797283 652339
41 2003 5320 0 1777797283 653154
42 1977 18412 0 1777797283 660079
40 2078 11855 0 1777797283 661351
40 2079 5910 0 1777797283 667270
38 2001 15909 0 1777797283 668251
43 2055 19453 0 1777797283 671585
41 2004 18539 0 1777797283 671700
38 2002 4701 0 1777797283 672957
43 2056 4634 0 1777797283 676223
41 2005 5218 0 1777797283 676919
38 2003 4832 0 1777797283 677792
43 2057 2356 0 1777797283 678581
42 1978 21865 0 1777797283 681946
40 2080 16912 0 1777797283 684184
42 1979 6771 0 1777797283 688721
40 2081 5382 0 1777797283 689569
43 2058 15640 0 1777797283 694223
41 2006 18906 0 1777797283 695849
43 2059 2638 0 1777797283 696866
41 2007 1939 0 1777797283 697791
40 2082 8334 0 1777797283 697905
41 2008 870 0 1777797283 698663
43 2060 2716 0 1777797283 699588
38 2004 22514 0 1777797283 700309
41 2009 1983 0 1777797283 700648
42 1980 15975 0 1777797283 704698
38 2005 6105 0 1777797283 706415
38 2006 1339 0 1777797283 707757
38 2007 1035 0 1777797283 708794
38 2008 1946 0 1777797283 710744
38 2009 1974 0 1777797283 712720
40 2083 16815 0 1777797283 714722
43 2061 16176 0 1777797283 715768
41 2010 15900 0 1777797283 716552
38 2010 7126 0 1777797283 719848
40 2084 6096 0 1777797283 720821
42 1981 16130 0 1777797283 720830
38 2011 4174 0 1777797283 724073
40 2085 7683 0 1777797283 728514
38 2012 6299 0 1777797283 730374
41 2011 13981 0 1777797283 730538
42 1982 10609 0 1777797283 731447
43 2062 17504 0 1777797283 733275
38 2013 3654 0 1777797283 734030
40 2086 6853 0 1777797283 735370
41 2012 9219 0 1777797283 739759
39 2194 100020 0 1777797283 740488
41 2013 2685 0 1777797283 742447
38 2014 8534 0 1777797283 742567
40 2087 8074 0 1777797283 743448
42 1983 13830 0 1777797283 745279
41 2014 9858 0 1777797283 752307
42 1984 8070 0 1777797283 753351
42 1985 3380 0 1777797283 756736
39 2195 17453 0 1777797283 757944
41 2015 7459 0 1777797283 759769
40 2088 17746 0 1777797283 761196
40 2089 1938 0 1777797283 763138
42 1986 7504 0 1777797283 764242
40 2090 5480 0 1777797283 768621
41 2016 8954 0 1777797283 768729
42 1987 8898 0 1777797283 773146
43 2063 39994 0 1777797283 773271
38 2015 30791 0 1777797283 773359
40 2091 7329 0 1777797283 775954
39 2196 19594 0 1777797283 777544
38 2016 8356 0 1777797283 781716
40 2092 7582 0 1777797283 783538
41 2017 17424 0 1777797283 786154
39 2197 11554 0 1777797283 789101
43 2064 16820 0 1777797283 790093
38 2017 8625 0 1777797283 790343
42 1988 17225 0 1777797283 790373
40 2093 6901 0 1777797283 790441
41 2018 6242 0 1777797283 792398
42 1989 3607 0 1777797283 793981
41 2019 2552 0 1777797283 794957
38 2018 7128 0 1777797283 797472
40 2094 7040 0 1777797283 797482
42 1990 4394 0 1777797283 798377
43 2065 10970 0 1777797283 801065
41 2020 6090 0 1777797283 801109
39 2198 12603 0 1777797283 801706
38 2019 6468 0 1777797283 803952
40 2095 8134 0 1777797283 805629
42 1991 7266 0 1777797283 805645
41 2021 6233 0 1777797283 807343
43 2066 7086 0 1777797283 808155
39 2199 11202 0 1777797283 812911
41 2022 5587 0 1777797283 812932
38 2020 10548 0 1777797283 814501
43 2067 7889 0 1777797283 816046
40 2096 14282 0 1777797283 819929
38 2021 5467 0 1777797283 819971
39 2200 8301 0 1777797283 821214
41 2023 9076 0 1777797283 822009
43 2068 6787 0 1777797283 822838
43 2069 2142 0 1777797283 824983
42 1992 19783 0 1777797283 825441
38 2022 5488 0 1777797283 825460
39 2201 6637 0 1777797283 827853
40 2097 8004 0 1777797283 827943
41 2024 7518 0 1777797283 829529
42 1993 6088 0 1777797283 831532
38 2023 6107 0 1777797283 831568
39 2202 4254 0 1777797283 832111
43 2070 7799 0 1777797283 832784
40 2098 5815 0 1777797283 833759
38 2024 6248 0 1777797283 837817
39 2203 5710 0 1777797283 837823
41 2025 8299 0 1777797283 837830
43 2071 5052 0 1777797283 837838
42 1994 6811 0 1777797283 838345
39 2204 2398 0 1777797283 840247
40 2099 12258 0 1777797283 846019
43 2072 8154 0 1777797283 846032
38 2025 8221 0 1777797283 846060
42 1995 8019 0 1777797283 846367
40 2100 2725 0 1777797283 848758
43 2073 2838 0 1777797283 848882
38 2026 3480 0 1777797283 849541
39 2205 12369 0 1777797283 852618
42 1996 8801 0 1777797283 855169
43 2074 7528 0 1777797283 856412
40 2101 7672 0 1777797283 856438
38 2027 7572 0 1777797283 857116
41 2026 19408 0 1777797283 857277
39 2206 7313 0 1777797283 859933
42 1997 5083 0 1777797283 860257
41 2027 4345 0 1777797283 861623
40 2102 5857 0 1777797283 862296
39 2207 2413 0 1777797283 862349
43 2075 7451 0 1777797283 863868
41 2028 5835 0 1777797283 867460
39 2208 6429 0 1777797283 868779
38 2028 11924 0 1777797283 869042
40 2103 6751 0 1777797283 869051
43 2076 6925 0 1777797283 870795
41 2029 7772 0 1777797283 875234
43 2077 4625 0 1777797283 875422
38 2029 8168 0 1777797283 877220
40 2104 11667 0 1777797283 880729
43 2078 8001 0 1777797283 883425
39 2209 14743 0 1777797283 883573
41 2030 9124 0 1777797283 884362
38 2030 7828 0 1777797283 885050
39 2210 4819 0 1777797283 888394
42 1998 28225 0 1777797283 888495
40 2105 9261 0 1777797283 889993
42 1999 3116 0 1777797283 891613
41 2031 7664 0 1777797283 892034
43 2079 10021 0 1777797283 893448
39 2211 5092 0 1777797283 893489
42 2000 1981 0 1777797283 893598
38 2031 9924 0 1777797283 894979
42 2001 8710 0 1777797283 902309
41 2032 10378 0 1777797283 902414
38 2032 9020 0 1777797283 904001
43 2080 10552 0 1777797283 904010
40 2106 14101 0 1777797283 904096
39 2212 10680 0 1777797283 904170
40 2107 7073 0 1777797283 911170
40 2108 2298 0 1777797283 913471
41 2033 14128 0 1777797283 916546
39 2213 12402 0 1777797283 916573
41 2034 3712 0 1777797283 920260
39 2214 5992 0 1777797283 922566
43 2081 18552 0 1777797283 922572
38 2033 18823 0 1777797283 922834
42 2002 23078 0 1777797283 925400
41 2035 5968 0 1777797283 926230
39 2215 3717 0 1777797283 926289
38 2034 9101 0 1777797283 931939
39 2216 9474 0 1777797283 935765
43 2082 14015 0 1777797283 936596
42 2003 11869 0 1777797283 937271
40 2109 24370 0 1777797283 937846
43 2083 2605 0 1777797283 939204
42 2004 2506 0 1777797283 939782
39 2217 7954 0 1777797283 943721
38 2035 14785 0 1777797283 946735
43 2084 7969 0 1777797283 947176
42 2005 8387 0 1777797283 948171
39 2218 5547 0 1777797283 949271
39 2219 784 0 1777797283 950061
40 2110 15528 0 1777797283 953377
41 2036 28980 0 1777797283 955213
39 2220 5552 0 1777797283 955636
43 2085 9571 0 1777797283 956748
40 2111 5052 0 1777797283 958431
42 2006 10266 0 1777797283 958440
38 2036 11824 0 1777797283 958561
39 2221 6738 0 1777797283 962377
41 2037 7169 0 1777797283 962384
43 2086 5639 0 1777797283 962389
40 2112 7050 0 1777797283 965491
40 2113 2715 0 1777797283 968208
41 2038 9920 0 1777797283 972321
40 2114 4600 0 1777797283 972811
41 2039 1812 0 1777797283 974135
40 2115 1807 0 1777797283 974620
39 2222 13398 0 1777797283 975788
41 2040 1634 0 1777797283 975822
41 2041 1910 0 1777797283 977734
40 2116 3966 0 1777797283 978589
39 2223 5652 0 1777797283 981442
41 2042 4058 0 1777797283 981796
43 2087 20917 0 1777797283 983326
41 2043 5240 0 1777797283 987037
39 2224 5834 0 1777797283 987279
40 2117 9977 0 1777797283 988570
41 2044 2542 0 1777797283 989581
39 2225 2672 0 1777797283 989953
40 2118 3599 0 1777797283 992173
41 2045 2848 0 1777797283 992431
41 2046 1257 0 1777797283 993690
39 2226 6201 0 1777797283 996158
40 2119 13539 0 1777797284 5714
39 2227 10753 0 1777797284 6913
42 2007 49213 0 1777797284 7675
39 2228 1959 0 1777797284 8875
42 2008 1757 0 1777797284 9435
40 2120 4903 0 1777797284 10620
42 2009 2780 0 1777797284 12219
40 2121 2470 0 1777797284 13092
41 2047 22045 0 1777797284 15739
39 2229 7139 0 1777797284 16016
42 2010 6243 0 1777797284 18464
39 2230 5193 0 1777797284 21212
41 2048 6136 0 1777797284 21878
42 2011 6053 0 1777797284 24520
41 2049 3766 0 1777797284 25645
41 2050 1170 0 1777797284 26817
41 2051 1454 0 1777797284 28273
42 2012 4038 0 1777797284 28562
41 2052 2095 0 1777797284 30377
41 2053 3827 0 1777797284 34208
40 2122 22745 0 1777797284 35840
39 2231 16057 0 1777797284 37274
42 2013 12752 0 1777797284 41316
41 2054 8321 0 1777797284 42531
39 2232 7311 0 1777797284 44609
38 2037 87877 0 1777797284 46439
43 2088 63574 0 1777797284 46904
40 2123 13383 0 1777797284 49225
40 2124 2222 0 1777797284 51456
39 2233 9803 0 1777797284 54414
41 2055 13848 0 1777797284 56381
40 2125 5072 0 1777797284 56531
39 2234 6783 0 1777797284 61199
41 2056 7659 0 1777797284 64042
43 2089 17183 0 1777797284 64089
38 2038 17869 0 1777797284 64309
41 2057 1873 0 1777797284 65922
39 2235 7652 0 1777797284 68856
40 2126 15256 0 1777797284 71789
39 2236 3915 0 1777797284 72773
42 2014 34807 0 1777797284 76126
41 2058 10582 0 1777797284 76508
39 2237 5391 0 1777797284 78166
40 2127 6559 0 1777797284 78350
41 2059 2803 0 1777797284 79312
39 2238 6746 0 1777797284 84917
39 2239 4145 0 1777797284 89069
42 2015 13607 0 1777797284 89739
38 2039 25625 0 1777797284 89936
39 2240 4844 0 1777797284 93915
42 2016 4186 0 1777797284 93927
41 2060 14676 0 1777797284 93993
38 2040 4125 0 1777797284 94063
40 2128 16501 0 1777797284 94854
43 2090 30839 0 1777797284 94930
42 2017 6033 0 1777797284 99970
41 2061 12421 0 1777797284 106415
39 2241 13213 0 1777797284 107141
40 2129 21471 0 1777797284 116329
39 2242 9320 0 1777797284 116463
40 2130 5352 0 1777797284 121683
41 2062 15275 0 1777797284 121693
43 2091 26765 0 1777797284 121700
42 2018 21998 0 1777797284 121973
38 2041 28281 0 1777797284 122361
39 2243 6072 0 1777797284 122537
39 2244 1188 0 1777797284 123728
43 2092 3029 0 1777797284 124747
42 2019 4021 0 1777797284 125996
41 2063 4321 0 1777797284 126031
38 2042 9313 0 1777797284 131679
39 2245 7962 0 1777797284 131695
40 2131 10004 0 1777797284 131705
41 2064 5885 0 1777797284 131917
43 2093 7445 0 1777797284 132194
42 2020 6505 0 1777797284 132509
38 2043 1842 0 1777797284 133548
39 2246 1955 0 1777797284 133673
41 2065 6012 0 1777797284 137931
40 2132 7466 0 1777797284 139193
43 2094 7005 0 1777797284 139200
39 2247 6648 0 1777797284 140323
42 2021 10248 0 1777797284 142760
41 2066 6855 0 1777797284 144788
43 2095 5586 0 1777797284 144806
39 2248 7702 0 1777797284 148030
38 2044 15733 0 1777797284 149285
40 2133 12357 0 1777797284 151558
41 2067 7642 0 1777797284 152450
40 2134 3260 0 1777797284 154820
42 2022 12155 0 1777797284 154922
39 2249 8381 0 1777797284 156413
41 2068 9554 0 1777797284 162009
40 2135 7246 0 1777797284 162068
42 2023 8189 0 1777797284 163112
43 2096 18549 0 1777797284 163380
39 2250 7061 0 1777797284 163476
39 2251 7553 0 1777797284 171030
43 2097 14047 0 1777797284 177430
39 2252 9705 0 1777797284 180737
42 2024 18911 0 1777797284 182025
40 2136 21288 0 1777797284 183359
39 2253 7310 0 1777797284 188049
42 2025 6030 0 1777797284 188057
43 2098 10633 0 1777797284 188064
40 2137 5953 0 1777797284 189314
41 2069 27573 0 1777797284 189598
38 2045 41939 0 1777797284 191229
41 2070 2619 0 1777797284 192218
40 2138 4885 0 1777797284 194203
40 2139 1130 0 1777797284 195339
43 2099 9109 0 1777797284 197192
38 2046 5948 0 1777797284 197243
40 2140 4935 0 1777797284 200276
41 2071 8063 0 1777797284 200285
39 2254 12448 0 1777797284 200512
42 2026 12542 0 1777797284 200617
41 2072 5253 0 1777797284 205551
39 2255 5081 0 1777797284 205595
40 2141 5462 0 1777797284 205748
42 2027 10395 0 1777797284 211013
43 2100 14060 0 1777797284 211254
38 2047 14287 0 1777797284 211532
39 2256 7138 0 1777797284 212735
40 2142 11635 0 1777797284 217385
40 2143 3850 0 1777797284 221238
39 2257 8710 0 1777797284 221448
42 2028 11027 0 1777797284 222042
43 2101 12678 0 1777797284 223933
40 2144 3819 0 1777797284 225062
40 2145 4424 0 1777797284 229491
39 2258 11849 0 1777797284 233299
43 2102 9376 0 1777797284 233315
38 2048 21809 0 1777797284 233344
38 2049 12197 0 1777797284 245543
42 2029 23942 0 1777797284 245986
39 2259 14406 0 1777797284 247723
41 2073 43487 0 1777797284 249040
38 2050 6636 0 1777797284 252181
39 2260 7005 0 1777797284 254730
40 2146 32440 0 1777797284 261932
43 2103 32622 0 1777797284 265948
42 2030 24491 0 1777797284 270478
43 2104 4540 0 1777797284 270490
40 2147 8619 0 1777797284 270552
41 2074 21517 0 1777797284 270560
39 2261 18889 0 1777797284 273621
40 2148 3249 0 1777797284 273810
39 2262 2311 0 1777797284 275935
38 2051 24347 0 1777797284 276537
40 2149 3781 0 1777797284 277592
41 2075 8425 0 1777797284 278998
43 2105 10121 0 1777797284 280649
42 2031 11225 0 1777797284 281718
40 2150 6020 0 1777797284 283614
38 2052 7288 0 1777797284 283827
41 2076 5006 0 1777797284 284008
39 2263 9449 0 1777797284 285387
42 2032 3947 0 1777797284 285666
43 2106 5985 0 1777797284 286636
43 2107 1869 0 1777797284 288507
39 2264 4610 0 1777797284 290000
41 2077 7724 0 1777797284 291734
42 2033 6608 0 1777797284 292275
38 2053 9712 0 1777797284 293541
40 2151 11008 0 1777797284 294624
39 2265 7100 0 1777797284 297103
42 2034 6341 0 1777797284 298617
39 2266 1644 0 1777797284 298750
40 2152 5719 0 1777797284 300346
41 2078 10695 0 1777797284 302431
43 2108 14604 0 1777797284 303114
40 2153 5191 0 1777797284 305538
42 2035 6933 0 1777797284 305556
39 2267 6964 0 1777797284 305716
39 2268 1663 0 1777797284 307380
39 2269 3925 0 1777797284 311307
40 2154 5770 0 1777797284 311328
42 2036 5764 0 1777797284 311335
40 2155 1287 0 1777797284 312638
39 2270 4277 0 1777797284 315613
43 2109 12505 0 1777797284 315621
40 2156 3085 0 1777797284 315725
41 2079 14170 0 1777797284 316606
42 2037 7423 0 1777797284 318783
38 2054 27891 0 1777797284 321436
39 2271 6114 0 1777797284 321736
43 2110 6113 0 1777797284 321747
40 2157 6829 0 1777797284 322556
41 2080 7288 0 1777797284 323899
41 2081 4681 0 1777797284 328582
39 2272 9024 0 1777797284 330772
42 2038 13305 0 1777797284 332093
42 2039 2607 0 1777797284 334703
40 2158 13305 0 1777797284 335863
42 2040 1447 0 1777797284 336151
43 2111 14395 0 1777797284 336160
39 2273 5815 0 1777797284 336590
40 2159 4721 0 1777797284 340587
39 2274 4290 0 1777797284 340883
40 2160 2151 0 1777797284 342749
42 2041 8762 0 1777797284 344923
39 2275 4110 0 1777797284 344994
43 2112 9917 0 1777797284 346090
40 2161 3869 0 1777797284 346620
41 2082 19689 0 1777797284 348274
40 2162 3415 0 1777797284 350037
38 2055 28886 0 1777797284 350333
41 2083 6289 0 1777797284 354573
40 2163 4826 0 1777797284 354865
43 2113 11072 0 1777797284 357164
40 2164 3479 0 1777797284 358346
41 2084 10854 0 1777797284 365429
39 2276 21400 0 1777797284 366395
43 2114 11994 0 1777797284 369163
39 2277 7028 0 1777797284 373428
40 2165 15096 0 1777797284 373445
42 2042 28719 0 1777797284 373646
43 2115 8973 0 1777797284 378138
40 2166 6363 0 1777797284 379830
41 2085 14874 0 1777797284 380306
38 2056 30699 0 1777797284 381034
39 2278 7596 0 1777797284 381043
41 2086 1952 0 1777797284 382260
42 2043 8778 0 1777797284 382426
42 2044 2271 0 1777797284 384701
43 2116 6571 0 1777797284 384711
39 2279 5155 0 1777797284 386210
40 2167 7126 0 1777797284 386959
41 2087 4867 0 1777797284 387148
38 2057 8797 0 1777797284 389842
40 2168 2973 0 1777797284 389935
43 2117 7012 0 1777797284 391734
38 2058 4590 0 1777797284 394528
40 2169 6339 0 1777797284 396287
43 2118 4565 0 1777797284 396301
39 2280 11667 0 1777797284 397887
41 2088 10806 0 1777797284 397956
42 2045 13722 0 1777797284 398434
42 2046 2986 0 1777797284 401425
40 2170 7636 0 1777797284 403938
43 2119 7801 0 1777797284 404115
38 2059 13486 0 1777797284 408017
42 2047 6600 0 1777797284 408027
41 2089 15079 0 1777797284 413036
43 2120 8936 0 1777797284 413052
39 2281 15306 0 1777797284 413202
40 2171 9806 0 1777797284 413748
39 2282 1420 0 1777797284 414623
41 2090 2118 0 1777797284 415172
43 2121 5566 0 1777797284 418633
38 2060 10643 0 1777797284 418672
42 2048 12251 0 1777797284 420290
43 2122 12464 0 1777797284 431106
40 2172 17570 0 1777797284 431319
38 2061 16774 0 1777797284 435447
39 2283 20850 0 1777797284 435475
38 2062 4343 0 1777797284 439792
43 2123 10233 0 1777797284 441355
39 2284 10421 0 1777797284 445897
43 2124 4571 0 1777797284 445928
40 2173 15174 0 1777797284 446495
38 2063 7646 0 1777797284 447442
43 2125 3316 0 1777797284 449245
43 2126 4315 0 1777797284 453564
39 2285 11307 0 1777797284 457206
43 2127 5072 0 1777797284 458637
38 2064 14454 0 1777797284 461898
43 2128 3315 0 1777797284 461953
39 2286 6494 0 1777797284 463702
38 2065 4300 0 1777797284 466202
43 2129 6846 0 1777797284 468801
38 2066 6855 0 1777797284 473058
41 2091 58447 0 1777797284 473621
42 2049 54663 0 1777797284 474955
43 2130 7155 0 1777797284 475957
39 2287 12370 0 1777797284 476075
42 2050 7125 0 1777797284 482081
38 2067 13634 0 1777797284 486695
39 2288 10637 0 1777797284 486714
43 2131 10766 0 1777797284 486724
41 2092 13275 0 1777797284 486904
42 2051 5342 0 1777797284 487427
39 2289 2045 0 1777797284 488760
40 2174 44759 0 1777797284 491257
38 2068 9722 0 1777797284 496421
38 2069 4755 0 1777797284 501177
38 2070 2667 0 1777797284 503846
40 2175 19859 0 1777797284 511117
38 2071 8680 0 1777797284 512527
40 2176 4709 0 1777797284 515827
39 2290 38854 0 1777797284 527615
39 2291 4454 0 1777797284 532070
40 2177 16246 0 1777797284 532075
38 2072 34113 0 1777797284 546642
42 2052 65305 0 1777797284 552733
41 2093 66218 0 1777797284 553122
38 2073 7899 0 1777797284 554550
43 2132 68114 0 1777797284 554839
39 2292 24167 0 1777797284 556242
43 2133 2777 0 1777797284 557620
41 2094 4668 0 1777797284 557795
42 2053 13985 0 1777797284 566720
43 2134 12773 0 1777797284 570399
40 2178 41122 0 1777797284 573204
42 2054 6594 0 1777797284 573319
38 2074 20187 0 1777797284 574748
41 2095 16966 0 1777797284 574763
42 2055 10130 0 1777797284 583450
40 2179 12315 0 1777797284 585522
41 2096 14492 0 1777797284 589268
42 2056 6941 0 1777797284 590395
39 2293 34470 0 1777797284 590719
43 2135 20675 0 1777797284 591087
39 2294 5936 0 1777797284 596659
43 2136 7418 0 1777797284 598507
42 2057 8808 0 1777797284 599209
41 2097 11584 0 1777797284 600862
39 2295 17225 0 1777797284 613891
41 2098 15116 0 1777797284 615986
43 2137 18154 0 1777797284 616664
41 2099 1184 0 1777797284 617175
42 2058 31293 0 1777797284 630505
39 2296 18296 0 1777797284 632193
41 2100 15029 0 1777797284 632207
42 2059 6601 0 1777797284 637109
41 2101 8606 0 1777797284 640828
42 2060 8213 0 1777797284 645327
38 2075 73683 0 1777797284 648447
39 2297 23857 0 1777797284 656065
41 2102 15244 0 1777797284 656077
42 2061 10904 0 1777797284 656238
40 2180 70186 0 1777797284 656645
43 2138 40395 0 1777797284 657062
38 2076 15765 0 1777797284 664219
42 2062 7991 0 1777797284 664229
39 2298 9155 0 1777797284 665233
41 2103 9809 0 1777797284 665900
40 2181 14764 0 1777797284 671412
43 2139 16680 0 1777797284 673744
42 2063 9770 0 1777797284 674013
39 2299 9189 0 1777797284 674424
38 2077 17217 0 1777797284 681447
43 2140 10485 0 1777797284 684241
39 2300 9862 0 1777797284 684291
40 2182 16885 0 1777797284 688300
41 2104 22446 0 1777797284 688348
42 2064 15229 0 1777797284 689244
41 2105 8588 0 1777797284 696938
40 2183 8649 0 1777797284 696960
43 2141 18925 0 1777797284 703174
39 2301 19070 0 1777797284 703362
38 2078 22912 0 1777797284 704378
41 2106 7545 0 1777797284 704485
42 2065 15247 0 1777797284 704492
42 2066 11629 0 1777797284 716131
39 2302 12921 0 1777797284 716285
38 2079 18119 0 1777797284 722562
43 2142 19438 0 1777797284 722615
40 2184 40556 0 1777797284 737517
39 2303 22642 0 1777797284 738928
42 2067 22805 0 1777797284 738947
41 2107 35830 0 1777797284 740323
43 2143 17714 0 1777797284 740331
38 2080 19971 0 1777797284 742543
40 2185 26948 0 1777797284 764468
43 2144 24154 0 1777797284 764496
42 2068 25550 0 1777797284 764517
39 2304 29603 0 1777797284 768553
38 2081 30438 0 1777797284 772989
41 2108 32801 0 1777797284 773133
42 2069 13817 0 1777797284 778335
43 2145 14212 0 1777797284 778710
40 2186 14691 0 1777797284 779162
39 2305 10810 0 1777797284 779373
42 2070 4898 0 1777797284 783235
39 2306 5537 0 1777797284 784912
43 2146 6233 0 1777797284 784946
42 2071 3239 0 1777797284 786476
43 2147 3382 0 1777797284 788329
42 2072 4032 0 1777797284 790511
41 2109 17405 0 1777797284 790539
39 2307 6070 0 1777797284 790990
42 2073 5176 0 1777797284 795695
43 2148 8219 0 1777797284 796558
39 2308 8120 0 1777797284 799113
41 2110 8617 0 1777797284 799157
43 2149 3193 0 1777797284 799755
40 2187 20642 0 1777797284 799806
38 2082 28372 0 1777797284 801365
42 2074 6941 0 1777797284 802638
43 2150 2958 0 1777797284 802717
41 2111 3632 0 1777797284 802791
40 2188 5775 0 1777797284 805582
43 2151 2949 0 1777797284 805667
42 2075 5102 0 1777797284 807741
42 2076 1771 0 1777797284 809518
43 2152 4032 0 1777797284 809700
42 2077 1508 0 1777797284 811036
42 2078 1397 0 1777797284 812437
43 2153 2982 0 1777797284 812684
41 2112 12385 0 1777797284 815177
43 2154 3464 0 1777797284 816149
40 2189 17162 0 1777797284 822746
43 2155 6596 0 1777797284 822753
39 2309 23734 0 1777797284 822849
42 2079 10427 0 1777797284 822867
41 2113 7824 0 1777797284 823006
38 2083 22006 0 1777797284 823373
42 2080 3589 0 1777797284 826458
43 2156 4173 0 1777797284 826946
38 2084 4800 0 1777797284 828176
41 2114 6035 0 1777797284 829043
42 2081 3150 0 1777797284 829609
43 2157 2678 0 1777797284 829630
38 2085 3909 0 1777797284 832089
43 2158 4320 0 1777797284 833951
42 2082 6627 0 1777797284 836238
41 2115 7669 0 1777797284 836714
42 2083 2608 0 1777797284 838847
41 2116 3164 0 1777797284 839883
40 2190 17210 0 1777797284 839964
41 2117 1707 0 1777797284 841593
43 2159 10307 0 1777797284 844263
38 2086 13386 0 1777797284 845479
43 2160 2590 0 1777797284 846855
40 2191 7143 0 1777797284 847108
42 2084 8579 0 1777797284 847428
39 2310 26550 0 1777797284 849401
38 2087 5856 0 1777797284 851337
39 2311 1967 0 1777797284 851370
41 2118 9781 0 1777797284 851376
40 2192 5553 0 1777797284 852664
43 2161 6833 0 1777797284 853690
39 2312 3518 0 1777797284 854895
43 2162 4733 0 1777797284 858440
39 2313 4038 0 1777797284 858935
43 2163 3757 0 1777797284 862199
39 2314 5601 0 1777797284 864538
40 2193 11889 0 1777797284 864559
43 2164 4115 0 1777797284 866317
40 2194 1875 0 1777797284 866434
39 2315 3062 0 1777797284 867602
40 2195 3815 0 1777797284 870251
43 2165 3941 0 1777797284 870267
39 2316 3476 0 1777797284 871080
40 2196 4915 0 1777797284 875183
41 2119 26181 0 1777797284 877568
42 2085 30669 0 1777797284 878098
43 2166 9987 0 1777797284 880277
39 2317 10600 0 1777797284 881682
42 2086 6548 0 1777797284 884647
43 2167 4451 0 1777797284 884730
40 2197 13639 0 1777797284 888825
42 2087 6576 0 1777797284 891224
39 2318 10320 0 1777797284 892004
40 2198 3583 0 1777797284 892410
43 2168 9309 0 1777797284 894041
42 2088 2898 0 1777797284 894124
40 2199 2766 0 1777797284 895178
39 2319 4231 0 1777797284 896237
43 2169 2343 0 1777797284 896386
38 2088 46132 0 1777797284 897475
43 2170 3009 0 1777797284 899398
41 2120 22424 0 1777797284 899994
40 2200 5077 0 1777797284 900258
39 2320 6981 0 1777797284 903219
40 2201 4792 0 1777797284 905052
42 2089 10936 0 1777797284 905062
38 2089 7885 0 1777797284 905362
43 2171 6320 0 1777797284 905721
39 2321 3802 0 1777797284 907024
41 2121 8099 0 1777797284 908095
43 2172 3243 0 1777797284 908969
39 2322 4279 0 1777797284 911306
43 2173 4693 0 1777797284 913663
40 2202 9156 0 1777797284 914219
39 2323 4133 0 1777797284 915441
39 2324 4551 0 1777797284 919995
43 2174 6365 0 1777797284 920076
41 2122 13104 0 1777797284 921202
42 2090 17040 0 1777797284 922115
40 2203 8133 0 1777797284 922354
38 2090 17364 0 1777797284 922727
39 2325 4200 0 1777797284 924202
40 2204 1899 0 1777797284 924255
43 2175 4279 0 1777797284 924357
39 2326 1081 0 1777797284 925286
41 2123 4895 0 1777797284 926102
43 2176 1757 0 1777797284 926115
38 2091 3471 0 1777797284 926201
39 2327 3512 0 1777797284 928801
38 2092 4068 0 1777797284 930272
43 2177 5542 0 1777797284 931672
41 2124 6051 0 1777797284 932167
40 2205 8489 0 1777797284 932746
40 2206 2703 0 1777797284 935451
39 2328 6682 0 1777797284 935484
43 2178 4438 0 1777797284 936116
38 2093 8519 0 1777797284 938793
40 2207 5618 0 1777797284 941073
41 2125 8981 0 1777797284 941152
39 2329 5805 0 1777797284 941290
38 2094 7012 0 1777797284 945807
40 2208 6192 0 1777797284 947271
41 2126 6125 0 1777797284 947279
43 2179 11169 0 1777797284 947286
39 2330 7848 0 1777797284 949139
40 2209 2108 0 1777797284 949395
43 2180 2092 0 1777797284 949402
38 2095 5739 0 1777797284 951548
40 2210 2370 0 1777797284 951773
42 2091 33360 0 1777797284 955482
41 2127 10031 0 1777797284 957331
40 2211 5579 0 1777797284 957353
38 2096 5853 0 1777797284 957404
39 2331 9462 0 1777797284 958611
39 2332 2007 0 1777797284 960622
43 2181 11418 0 1777797284 960829
40 2212 4299 0 1777797284 961653
41 2128 5107 0 1777797284 962440
38 2097 5951 0 1777797284 963356
42 2092 12585 0 1777797284 968069
41 2129 5959 0 1777797284 968401
43 2182 10085 0 1777797284 970915
40 2213 11187 0 1777797284 972842
39 2333 12524 0 1777797284 973148
38 2098 10900 0 1777797284 974258
38 2099 3838 0 1777797284 978099
43 2183 10510 0 1777797284 981427
42 2093 13396 0 1777797284 981467
40 2214 8671 0 1777797284 981516
41 2130 14024 0 1777797284 982428
39 2334 10383 0 1777797284 983534
38 2100 6829 0 1777797284 984933
41 2131 3006 0 1777797284 985436
40 2215 4945 0 1777797284 986464
43 2184 6447 0 1777797284 987885
42 2094 10095 0 1777797284 991563
43 2185 4935 0 1777797284 992830
41 2132 8340 0 1777797284 993786
40 2216 8236 0 1777797284 994709
38 2101 11860 0 1777797284 996795
39 2335 13965 0 1777797284 997504
42 2095 7148 0 1777797284 998713
43 2186 8097 0 1777797285 929
38 2102 4699 0 1777797285 1496
40 2217 7244 0 1777797285 1955
41 2133 8690 0 1777797285 2479
39 2336 8271 0 1777797285 5777
43 2187 7522 0 1777797285 8453
39 2337 3983 0 1777797285 9762
38 2103 8297 0 1777797285 9795
38 2104 7857 0 1777797285 17653
42 2096 20638 0 1777797285 19354
41 2134 17062 0 1777797285 19542
39 2338 12953 0 1777797285 22721
43 2188 14298 0 1777797285 22754
39 2339 2496 0 1777797285 25252
40 2218 23780 0 1777797285 25737
38 2105 13097 0 1777797285 30754
43 2189 7996 0 1777797285 30763
41 2135 11812 0 1777797285 31358
39 2340 8081 0 1777797285 33339
42 2097 14203 0 1777797285 33563
40 2219 9672 0 1777797285 35412
39 2341 7121 0 1777797285 40467
42 2098 6910 0 1777797285 40475
43 2190 9708 0 1777797285 40485
40 2220 5573 0 1777797285 40987
43 2191 3105 0 1777797285 43608
38 2106 12865 0 1777797285 43629
41 2136 16239 0 1777797285 47599
40 2221 6701 0 1777797285 47690
38 2107 5143 0 1777797285 48773
40 2222 3744 0 1777797285 51436
41 2137 3848 0 1777797285 51451
42 2099 11004 0 1777797285 51501
39 2342 11871 0 1777797285 52357
43 2192 8801 0 1777797285 52411
40 2223 3303 0 1777797285 54755
42 2100 3455 0 1777797285 54959
38 2108 9760 0 1777797285 58536
43 2193 7147 0 1777797285 59569
42 2101 4648 0 1777797285 59608
38 2109 2967 0 1777797285 61505
41 2138 10050 0 1777797285 61512
40 2224 8299 0 1777797285 63057
39 2343 11052 0 1777797285 63464
41 2139 5385 0 1777797285 66907
39 2344 5860 0 1777797285 69327
40 2225 6322 0 1777797285 69380
43 2194 11833 0 1777797285 71405
42 2102 14660 0 1777797285 74269
41 2140 7400 0 1777797285 74309
38 2110 13025 0 1777797285 74538
39 2345 5585 0 1777797285 74916
40 2226 9137 0 1777797285 78519
43 2195 7120 0 1777797285 78526
41 2141 4786 0 1777797285 79096
42 2103 5134 0 1777797285 79405
38 2111 5665 0 1777797285 80205
39 2346 6385 0 1777797285 81303
40 2227 3254 0 1777797285 81780
43 2196 6855 0 1777797285 85425
40 2228 4760 0 1777797285 86542
41 2142 8046 0 1777797285 87144
38 2112 8423 0 1777797285 88631
39 2347 7862 0 1777797285 89167
42 2104 9735 0 1777797285 89195
40 2229 3709 0 1777797285 90259
43 2197 8695 0 1777797285 94123
42 2105 4996 0 1777797285 94192
41 2143 7065 0 1777797285 94211
38 2113 6424 0 1777797285 95058
40 2230 5477 0 1777797285 95744
43 2198 9801 0 1777797285 103927
39 2348 14858 0 1777797285 104027
42 2106 9841 0 1777797285 104034
40 2231 9434 0 1777797285 105181
41 2144 11093 0 1777797285 105306
38 2114 12233 0 1777797285 107292
43 2199 7735 0 1777797285 111664
39 2349 7706 0 1777797285 111742
38 2115 4902 0 1777797285 112196
42 2107 8648 0 1777797285 112692
43 2200 4809 0 1777797285 116475
40 2232 13899 0 1777797285 119082
38 2116 7463 0 1777797285 119665
42 2108 7017 0 1777797285 119711
41 2145 14434 0 1777797285 119741
39 2350 15667 0 1777797285 127410
40 2233 10227 0 1777797285 129319
42 2109 9623 0 1777797285 129336
38 2117 13348 0 1777797285 133016
43 2201 16553 0 1777797285 133030
40 2234 8351 0 1777797285 137689
41 2146 17979 0 1777797285 137721
42 2110 16010 0 1777797285 145389
38 2118 14185 0 1777797285 147216
43 2202 14484 0 1777797285 147527
40 2235 10965 0 1777797285 148688
41 2147 11378 0 1777797285 149118
39 2351 21800 0 1777797285 149212
38 2119 7425 0 1777797285 154643
42 2111 9300 0 1777797285 154702
43 2203 7232 0 1777797285 154760
40 2236 6707 0 1777797285 155397
39 2352 8227 0 1777797285 157440
41 2148 9287 0 1777797285 158407
38 2120 7952 0 1777797285 162598
42 2112 9035 0 1777797285 163739
40 2237 9426 0 1777797285 164825
40 2238 1213 0 1777797285 166041
42 2113 8812 0 1777797285 172553
38 2121 10699 0 1777797285 173299
40 2239 7523 0 1777797285 173568
39 2353 16397 0 1777797285 173840
39 2354 4099 0 1777797285 177941
40 2240 5382 0 1777797285 178951
38 2122 6585 0 1777797285 179886
42 2114 7930 0 1777797285 180486
41 2149 22698 0 1777797285 181112
42 2115 1852 0 1777797285 182340
38 2123 3854 0 1777797285 183743
43 2204 38943 0 1777797285 193704
38 2124 10194 0 1777797285 193939
42 2116 11612 0 1777797285 193954
39 2355 16684 0 1777797285 194627
41 2150 17466 0 1777797285 198579
41 2151 1164 0 1777797285 199747
42 2117 10740 0 1777797285 204712
43 2205 11537 0 1777797285 205251
39 2356 10674 0 1777797285 205302
38 2125 11574 0 1777797285 205530
41 2152 8027 0 1777797285 207776
39 2357 7186 0 1777797285 212490
40 2241 33543 0 1777797285 212495
41 2153 7860 0 1777797285 215641
41 2154 2062 0 1777797285 217706
40 2242 7094 0 1777797285 219598
39 2358 16421 0 1777797285 228917
43 2206 24682 0 1777797285 229935
38 2126 24441 0 1777797285 229972
42 2118 26270 0 1777797285 230984
41 2155 13851 0 1777797285 231560
39 2359 3433 0 1777797285 232353
39 2360 3933 0 1777797285 236288
40 2243 16696 0 1777797285 236296
42 2119 5316 0 1777797285 236301
38 2127 7836 0 1777797285 237809
41 2156 6461 0 1777797285 238026
42 2120 2550 0 1777797285 238907
40 2244 10878 0 1777797285 247214
38 2128 10718 0 1777797285 248531
42 2121 10046 0 1777797285 248956
39 2361 13736 0 1777797285 250038
43 2207 23961 0 1777797285 253901
38 2129 5616 0 1777797285 254150
38 2130 4308 0 1777797285 258458
42 2122 13403 0 1777797285 262361
42 2123 2058 0 1777797285 264422
38 2131 7248 0 1777797285 265708
41 2157 28370 0 1777797285 266398
43 2208 13009 0 1777797285 266912
38 2132 1676 0 1777797285 267387
42 2124 4786 0 1777797285 269215
38 2133 1870 0 1777797285 269259
42 2125 2409 0 1777797285 271627
41 2158 5699 0 1777797285 272099
43 2209 6522 0 1777797285 273439
38 2134 5305 0 1777797285 274566
38 2135 890 0 1777797285 275459
42 2126 4655 0 1777797285 276284
42 2127 2383 0 1777797285 278686
38 2136 4186 0 1777797285 279648
38 2137 1965 0 1777797285 281617
41 2159 11027 0 1777797285 283130
39 2362 37267 0 1777797285 287308
41 2160 4185 0 1777797285 287317
43 2210 13876 0 1777797285 287324
38 2138 6051 0 1777797285 287670
42 2128 9173 0 1777797285 287861
38 2139 2394 0 1777797285 290065
39 2363 13436 0 1777797285 300761
40 2245 53543 0 1777797285 300767
41 2161 13451 0 1777797285 300789
42 2129 15093 0 1777797285 302954
38 2140 13107 0 1777797285 303614
43 2211 16289 0 1777797285 303638
39 2364 5657 0 1777797285 306447
38 2141 3442 0 1777797285 307059
39 2365 4319 0 1777797285 310770
38 2142 5566 0 1777797285 312632
43 2212 9000 0 1777797285 312640
39 2366 4263 0 1777797285 315035
40 2246 16181 0 1777797285 316989
38 2143 6264 0 1777797285 318904
39 2367 6159 0 1777797285 321198
40 2247 5225 0 1777797285 322216
39 2368 2989 0 1777797285 324191
38 2144 5545 0 1777797285 324452
42 2130 22589 0 1777797285 325548
38 2145 4950 0 1777797285 329404
42 2131 4724 0 1777797285 330275
39 2369 9782 0 1777797285 333977
43 2213 21619 0 1777797285 334268
38 2146 4966 0 1777797285 334374
38 2147 2154 0 1777797285 336529
43 2214 3943 0 1777797285 338212
38 2148 2468 0 1777797285 338998
38 2149 2192 0 1777797285 341193
43 2215 2985 0 1777797285 341207
39 2370 8964 0 1777797285 342943
43 2216 2218 0 1777797285 343440
38 2150 3378 0 1777797285 344586
40 2248 24922 0 1777797285 347140
42 2132 16879 0 1777797285 347156
43 2217 6407 0 1777797285 349855
38 2151 8102 0 1777797285 352694
40 2249 5610 0 1777797285 352768
38 2152 5182 0 1777797285 357952
39 2371 15008 0 1777797285 357957
43 2218 8080 0 1777797285 357961
42 2133 16416 0 1777797285 363589
38 2153 6228 0 1777797285 364190
38 2154 1552 0 1777797285 365745
38 2155 1875 0 1777797285 367623
40 2250 14870 0 1777797285 367668
38 2156 3655 0 1777797285 371300
43 2219 14247 0 1777797285 372220
39 2372 15451 0 1777797285 373420
39 2373 1123 0 1777797285 374545
39 2374 1047 0 1777797285 375594
38 2157 5499 0 1777797285 376804
43 2220 5080 0 1777797285 377304
40 2251 10673 0 1777797285 378342
39 2375 4080 0 1777797285 379676
38 2158 3019 0 1777797285 379830
43 2221 4633 0 1777797285 381940
42 2134 21858 0 1777797285 385449
39 2376 8572 0 1777797285 388252
38 2159 8984 0 1777797285 388816
39 2377 2002 0 1777797285 390261
38 2160 1822 0 1777797285 390642
38 2161 1340 0 1777797285 391986
39 2378 2394 0 1777797285 392660
43 2222 11377 0 1777797285 393322
39 2379 4008 0 1777797285 396671
38 2162 5193 0 1777797285 397184
41 2162 104963 0 1777797285 405780
43 2223 12886 0 1777797285 406212
40 2252 27885 0 1777797285 406231
42 2135 20981 0 1777797285 406435
39 2380 10448 0 1777797285 407122
38 2163 12026 0 1777797285 409212
40 2253 5326 0 1777797285 411559
42 2136 5148 0 1777797285 411584
39 2381 7633 0 1777797285 414756
38 2164 12723 0 1777797285 421937
39 2382 7201 0 1777797285 421960
40 2254 10389 0 1777797285 421975
41 2163 16207 0 1777797285 421990
43 2224 15980 0 1777797285 422193
42 2137 11441 0 1777797285 423045
38 2165 6658 0 1777797285 428650
39 2383 6616 0 1777797285 428676
42 2138 5640 0 1777797285 428686
40 2255 10083 0 1777797285 432245
41 2164 10081 0 1777797285 432256
42 2139 3563 0 1777797285 432271
39 2384 4136 0 1777797285 432835
43 2225 10647 0 1777797285 432843
38 2166 12126 0 1777797285 440814
42 2140 8538 0 1777797285 440832
40 2256 8790 0 1777797285 441063
41 2165 8785 0 1777797285 441071
43 2226 8645 0 1777797285 441498
39 2385 8832 0 1777797285 441676
38 2167 5088 0 1777797285 445921
38 2168 9323 0 1777797285 455247
39 2386 13580 0 1777797285 455257
40 2257 16037 0 1777797285 457109
41 2166 16044 0 1777797285 457125
42 2141 16279 0 1777797285 457132
43 2227 15639 0 1777797285 457138
38 2169 7779 0 1777797285 463037
39 2387 10045 0 1777797285 465313
43 2228 11629 0 1777797285 468800
40 2258 11813 0 1777797285 468952
42 2142 11871 0 1777797285 469036
41 2167 11904 0 1777797285 469061
42 2143 5133 0 1777797285 474172
39 2388 9011 0 1777797285 474336
40 2259 9671 0 1777797285 478625
41 2168 9673 0 1777797285 478736
38 2170 15813 0 1777797285 478852
43 2229 10587 0 1777797285 479396
39 2389 5089 0 1777797285 479426
39 2390 9625 0 1777797285 489052
40 2260 10580 0 1777797285 489217
42 2144 15393 0 1777797285 489571
41 2169 11218 0 1777797285 489956
38 2171 11352 0 1777797285 490206
38 2172 5347 0 1777797285 495556
40 2261 6360 0 1777797285 495578
42 2145 6090 0 1777797285 495664
39 2391 6977 0 1777797285 496031
41 2170 6080 0 1777797285 496038
43 2230 19680 0 1777797285 499079
39 2392 9162 0 1777797285 505201
41 2171 11947 0 1777797285 507997
38 2173 12477 0 1777797285 508035
40 2262 12744 0 1777797285 508410
43 2231 9356 0 1777797285 508437
39 2393 6935 0 1777797285 512147
43 2232 6434 0 1777797285 514874
42 2146 19963 0 1777797285 515645
38 2174 7652 0 1777797285 515688
38 2175 6415 0 1777797285 522106
39 2394 10375 0 1777797285 522523
40 2263 14815 0 1777797285 523230
42 2147 7606 0 1777797285 523256
40 2264 4212 0 1777797285 527469
38 2176 5524 0 1777797285 527632
43 2233 14002 0 1777797285 528879
39 2395 6388 0 1777797285 528914
41 2172 25482 0 1777797285 533489
42 2148 12987 0 1777797285 536257
40 2265 8797 0 1777797285 536277
38 2177 10130 0 1777797285 537764
39 2396 12575 0 1777797285 541491
38 2178 3770 0 1777797285 541536
40 2266 5767 0 1777797285 542045
38 2179 2610 0 1777797285 544148
40 2267 6055 0 1777797285 548101
43 2234 20367 0 1777797285 549252
41 2173 18682 0 1777797285 552180
39 2397 10728 0 1777797285 552230
42 2149 17235 0 1777797285 553494
41 2174 6940 0 1777797285 559132
38 2180 18610 0 1777797285 562767
39 2398 11027 0 1777797285 563258
39 2399 3837 0 1777797285 567097
41 2175 31419 0 1777797285 590557
43 2235 41312 0 1777797285 590566
38 2181 28285 0 1777797285 591055
40 2268 42957 0 1777797285 591064
42 2150 39248 0 1777797285 592748
40 2269 4016 0 1777797285 595094
38 2182 5614 0 1777797285 596680
39 2400 32834 0 1777797285 599933
41 2176 9373 0 1777797285 599940
43 2236 9382 0 1777797285 599957
40 2270 5975 0 1777797285 601072
42 2151 10241 0 1777797285 602993
38 2183 7136 0 1777797285 603819
42 2152 5068 0 1777797285 608075
40 2271 9743 0 1777797285 610816
41 2177 11811 0 1777797285 611779
38 2184 9328 0 1777797285 613149
42 2153 5082 0 1777797285 613159
40 2272 6673 0 1777797285 617492
43 2237 17700 0 1777797285 617677
41 2178 6871 0 1777797285 618652
42 2154 5838 0 1777797285 619012
38 2185 8311 0 1777797285 621471
40 2273 7392 0 1777797285 624886
43 2238 9336 0 1777797285 627015
40 2274 3924 0 1777797285 628812
42 2155 11256 0 1777797285 630269
41 2179 11754 0 1777797285 630408
38 2186 9844 0 1777797285 631318
38 2187 2732 0 1777797285 634055
41 2180 6567 0 1777797285 636976
42 2156 9804 0 1777797285 640076
41 2181 6778 0 1777797285 643761
38 2188 13093 0 1777797285 647150
43 2239 21374 0 1777797285 648396
38 2189 2610 0 1777797285 649763
41 2182 6997 0 1777797285 650767
39 2401 53285 0 1777797285 653243
43 2240 8234 0 1777797285 656632
42 2157 17404 0 1777797285 657481
38 2190 15227 0 1777797285 664992
39 2402 11753 0 1777797285 664999
40 2275 36195 0 1777797285 665010
41 2183 14259 0 1777797285 665028
43 2241 8391 0 1777797285 665036
39 2403 5684 0 1777797285 670731
41 2184 5720 0 1777797285 670782
43 2242 5721 0 1777797285 670793
42 2158 13807 0 1777797285 671295
40 2276 6731 0 1777797285 671787
38 2191 8771 0 1777797285 673808
42 2159 2530 0 1777797285 673827
41 2185 4774 0 1777797285 675645
39 2404 11991 0 1777797285 682786
40 2277 11015 0 1777797285 682806
41 2186 9705 0 1777797285 685357
42 2160 11526 0 1777797285 685364
43 2243 14491 0 1777797285 685370
38 2192 14684 0 1777797285 688512
39 2405 6237 0 1777797285 689046
38 2193 2005 0 1777797285 690520
41 2187 5499 0 1777797285 690870
39 2406 2732 0 1777797285 691782
39 2407 3084 0 1777797285 694870
38 2194 5764 0 1777797285 696289
41 2188 8513 0 1777797285 699386
43 2244 14030 0 1777797285 699425
39 2408 5586 0 1777797285 700468
38 2195 7295 0 1777797285 703590
40 2278 22339 0 1777797285 705167
42 2161 19797 0 1777797285 705177
41 2189 6447 0 1777797285 705873
39 2409 5790 0 1777797285 706262
43 2245 8761 0 1777797285 708202
39 2410 4490 0 1777797285 710754
38 2196 9761 0 1777797285 713355
43 2246 5747 0 1777797285 713955
40 2279 10444 0 1777797285 715622
42 2162 11116 0 1777797285 716305
38 2197 5948 0 1777797285 719306
41 2190 15120 0 1777797285 720995
40 2280 6313 0 1777797285 721938
43 2247 8077 0 1777797285 722034
39 2411 13642 0 1777797285 724398
42 2163 9073 0 1777797285 725382
39 2412 3468 0 1777797285 727870
39 2413 1604 0 1777797285 729476
39 2414 1215 0 1777797285 730697
39 2415 965 0 1777797285 731666
40 2281 10461 0 1777797285 732402
41 2191 11562 0 1777797285 732561
38 2198 16716 0 1777797285 736029
43 2248 14009 0 1777797285 736044
40 2282 3683 0 1777797285 736087
42 2164 10865 0 1777797285 736306
41 2192 4050 0 1777797285 736612
39 2416 10851 0 1777797285 742522
42 2165 6221 0 1777797285 742529
43 2249 6812 0 1777797285 742871
38 2199 7810 0 1777797285 743855
41 2193 7251 0 1777797285 743866
41 2194 2241 0 1777797285 746119
43 2250 3271 0 1777797285 746144
39 2417 4757 0 1777797285 747288
40 2283 12236 0 1777797285 748324
38 2200 5034 0 1777797285 748901
39 2418 2324 0 1777797285 749617
42 2166 10317 0 1777797285 752857
41 2195 10663 0 1777797285 756808
43 2251 12866 0 1777797285 759043
38 2201 11857 0 1777797285 760761
41 2196 4213 0 1777797285 761029
39 2419 12983 0 1777797285 762604
42 2167 13519 0 1777797285 766378
38 2202 6077 0 1777797285 766843
39 2420 5672 0 1777797285 768277
41 2197 7576 0 1777797285 768607
40 2284 21666 0 1777797285 769994
43 2252 11023 0 1777797285 770077
39 2421 5427 0 1777797285 773708
42 2168 15753 0 1777797285 782134
39 2422 8720 0 1777797285 782433
43 2253 12794 0 1777797285 782873
38 2203 23290 0 1777797285 790135
41 2198 23002 0 1777797285 791611
43 2254 8940 0 1777797285 791816
38 2204 3158 0 1777797285 793295
41 2199 7183 0 1777797285 798797
40 2285 31816 0 1777797285 801814
43 2255 10098 0 1777797285 801915
42 2169 22074 0 1777797285 804210
38 2205 11073 0 1777797285 804371
42 2170 9035 0 1777797285 813247
38 2206 9302 0 1777797285 813675
40 2286 11856 0 1777797285 813680
39 2423 31946 0 1777797285 814382
41 2200 15583 0 1777797285 814391
43 2256 12481 0 1777797285 814397
38 2207 5872 0 1777797285 819553
39 2424 5164 0 1777797285 819562
42 2171 14093 0 1777797285 827343
40 2287 14824 0 1777797285 828510
41 2201 14107 0 1777797285 828517
43 2257 14107 0 1777797285 828524
38 2208 18356 0 1777797285 837919
39 2425 22095 0 1777797285 841700
42 2172 14375 0 1777797285 841720
40 2288 15280 0 1777797285 843805
43 2258 15262 0 1777797285 843812
41 2202 15306 0 1777797285 843839
38 2209 10725 0 1777797285 848648
43 2259 5025 0 1777797285 848849
40 2289 5199 0 1777797285 849012
41 2203 7625 0 1777797285 851466
42 2173 9718 0 1777797285 851470
39 2426 14239 0 1777797285 855960
43 2260 11353 0 1777797285 860203
38 2210 11569 0 1777797285 860227
41 2204 9481 0 1777797285 860952
39 2427 9430 0 1777797285 865392
40 2290 16438 0 1777797285 865452
43 2261 5617 0 1777797285 865823
38 2211 9761 0 1777797285 869989
41 2205 9053 0 1777797285 870009
39 2428 7265 0 1777797285 872661
43 2262 7616 0 1777797285 873442
40 2291 8052 0 1777797285 873505
38 2212 7011 0 1777797285 877021
41 2206 9050 0 1777797285 879082
40 2292 10757 0 1777797285 884263
39 2429 11754 0 1777797285 884418
38 2213 7417 0 1777797285 884439
42 2174 34764 0 1777797285 886242
43 2263 30287 0 1777797285 903731
39 2430 19894 0 1777797285 904314
41 2207 25222 0 1777797285 904331
38 2214 21068 0 1777797285 905508
39 2431 12522 0 1777797285 916853
43 2264 24755 0 1777797285 928490
39 2432 12633 0 1777797285 929492
42 2175 46123 0 1777797285 932367
41 2208 32157 0 1777797285 936497
42 2176 7734 0 1777797285 940108
40 2293 58990 0 1777797285 943274
38 2215 38382 0 1777797285 943892
43 2265 15879 0 1777797285 944370
39 2433 15963 0 1777797285 945456
41 2209 9216 0 1777797285 945715
38 2216 6362 0 1777797285 950255
40 2294 7615 0 1777797285 950890
39 2434 6868 0 1777797285 952326
40 2295 1727 0 1777797285 952619
41 2210 10126 0 1777797285 955842
43 2266 11585 0 1777797285 955955
39 2435 3793 0 1777797285 956122
43 2267 809 0 1777797285 956766
40 2296 5168 0 1777797285 957790
39 2436 2139 0 1777797285 958263
41 2211 2429 0 1777797285 958273
38 2217 8759 0 1777797285 959019
42 2177 23491 0 1777797285 963600
39 2437 9741 0 1777797285 968016
38 2218 11846 0 1777797285 970867
43 2268 18620 0 1777797285 975388
43 2269 2888 0 1777797285 978282
42 2178 16040 0 1777797285 979642
39 2438 12569 0 1777797285 980587
38 2219 11688 0 1777797285 982558
42 2179 4865 0 1777797285 984511
43 2270 9653 0 1777797285 987937
38 2220 5396 0 1777797285 987958
38 2221 2764 0 1777797285 990724
39 2439 11080 0 1777797285 991731
41 2212 35231 0 1777797285 993517
43 2271 8225 0 1777797285 996164
42 2180 12498 0 1777797285 997011
39 2440 5662 0 1777797285 997395
41 2213 4849 0 1777797285 998370
43 2272 10594 0 1777797286 6766
42 2181 9816 0 1777797286 6829
42 2182 1671 0 1777797286 8501
38 2222 18743 0 1777797286 9469
43 2273 3605 0 1777797286 10374
39 2441 13465 0 1777797286 10862
42 2183 6960 0 1777797286 15463
41 2214 17855 0 1777797286 16228
43 2274 7667 0 1777797286 18045
39 2442 9589 0 1777797286 20452
40 2297 64115 0 1777797286 21907
40 2298 1929 0 1777797286 23838
43 2275 7381 0 1777797286 25428
39 2443 5394 0 1777797286 25848
40 2299 5151 0 1777797286 28992
42 2184 14597 0 1777797286 30064
43 2276 5356 0 1777797286 30785
41 2215 15260 0 1777797286 31492
39 2444 13143 0 1777797286 38993
40 2300 10020 0 1777797286 39014
42 2185 8957 0 1777797286 39023
38 2223 29653 0 1777797286 39127
41 2216 10535 0 1777797286 42030
43 2277 11246 0 1777797286 42037
42 2186 4450 0 1777797286 43507
43 2278 13124 0 1777797286 55179
39 2445 16488 0 1777797286 55512
40 2301 17417 0 1777797286 56466
38 2224 17761 0 1777797286 56889
42 2187 13653 0 1777797286 57162
40 2302 1968 0 1777797286 58436
38 2225 4917 0 1777797286 61809
39 2446 6753 0 1777797286 62267
40 2303 3837 0 1777797286 62274
42 2188 5890 0 1777797286 63055
39 2447 6752 0 1777797286 69028
42 2189 6353 0 1777797286 69411
43 2279 14562 0 1777797286 69743
39 2448 1554 0 1777797286 70585
43 2280 2903 0 1777797286 72649
40 2304 12912 0 1777797286 75207
41 2217 33598 0 1777797286 75636
43 2281 4047 0 1777797286 76699
39 2449 7479 0 1777797286 78066
41 2218 3792 0 1777797286 79432
38 2226 21248 0 1777797286 83060
41 2219 4137 0 1777797286 83572
39 2450 7712 0 1777797286 85780
39 2451 3434 0 1777797286 89218
40 2305 17041 0 1777797286 92251
38 2227 9496 0 1777797286 92559
41 2220 9403 0 1777797286 92977
41 2221 3381 0 1777797286 96361
39 2452 7815 0 1777797286 97035
38 2228 5240 0 1777797286 97801
41 2222 2829 0 1777797286 99194
39 2453 3928 0 1777797286 100965
43 2282 24837 0 1777797286 101540
39 2454 1216 0 1777797286 102183
40 2306 15325 0 1777797286 107579
42 2190 38299 0 1777797286 107713
39 2455 5549 0 1777797286 107734
38 2229 10599 0 1777797286 108402
41 2223 9532 0 1777797286 108728
43 2283 7302 0 1777797286 108846
40 2307 3394 0 1777797286 110980
43 2284 2270 0 1777797286 111117
39 2456 3830 0 1777797286 111565
42 2191 6285 0 1777797286 113999
43 2285 5205 0 1777797286 116323
40 2308 5953 0 1777797286 116937
39 2457 8272 0 1777797286 119842
41 2224 12062 0 1777797286 120791
41 2225 5533 0 1777797286 126331
40 2309 11852 0 1777797286 128791
39 2458 9001 0 1777797286 128847
42 2192 22401 0 1777797286 136402
39 2459 7586 0 1777797286 136434
40 2310 12109 0 1777797286 140906
42 2193 5698 0 1777797286 142111
38 2230 38879 0 1777797286 147283
43 2286 31159 0 1777797286 147486
41 2226 21844 0 1777797286 148177
43 2287 3981 0 1777797286 151469
38 2231 11066 0 1777797286 158351
42 2194 16274 0 1777797286 158387
43 2288 6922 0 1777797286 158393
39 2460 24939 0 1777797286 161374
42 2195 7137 0 1777797286 165533
41 2227 17375 0 1777797286 165553
40 2311 24757 0 1777797286 165666
38 2232 7642 0 1777797286 165998
43 2289 9221 0 1777797286 167625
39 2461 7839 0 1777797286 169220
41 2228 6701 0 1777797286 172256
43 2290 4672 0 1777797286 172299
42 2196 6817 0 1777797286 172352
38 2233 8704 0 1777797286 174704
40 2312 11195 0 1777797286 176864
41 2229 7910 0 1777797286 180169
42 2197 7909 0 1777797286 180263
43 2291 8537 0 1777797286 180837
40 2313 10486 0 1777797286 187352
38 2234 13281 0 1777797286 187998
39 2462 18799 0 1777797286 188021
41 2230 7864 0 1777797286 188036
42 2198 7793 0 1777797286 188058
43 2292 7233 0 1777797286 188074
