16 1 413556 0 1777797256 928735
16 2 27408 0 1777797256 956169
16 3 48685 0 1777797257 4862
16 4 8016 0 1777797257 12887
16 5 5179 0 1777797257 18072
16 6 4653 0 1777797257 22729
16 7 12536 0 1777797257 35275
16 8 14752 0 1777797257 50036
16 9 1262 0 1777797257 51309
16 10 3313 0 1777797257 54629
16 11 25063 0 1777797257 79702
16 12 17566 0 1777797257 97272
16 13 7612 0 1777797257 104894
16 14 3632 0 1777797257 108533
16 15 15469 0 1777797257 124011
16 16 3851 0 1777797257 127873
16 17 4128 0 1777797257 132013
16 18 15906 0 1777797257 147925
16 19 7430 0 1777797257 155361
16 20 7056 0 1777797257 162425
16 21 3297 0 1777797257 165723
16 22 2187 0 1777797257 167915
16 23 4165 0 1777797257 172086
16 24 7492 0 1777797257 179586
16 25 1121 0 1777797257 180716
16 26 2753 0 1777797257 183477
16 27 20286 0 1777797257 203772
16 28 11201 0 1777797257 214982
16 29 4211 0 1777797257 219196
16 30 7224 0 1777797257 226430
16 31 2598 0 1777797257 229029
16 32 7263 0 1777797257 236296
16 33 2393 0 1777797257 238700
16 34 1228 0 1777797257 239936
16 35 8479 0 1777797257 248419
16 36 11641 0 1777797257 260068
16 37 9216 0 1777797257 269289
16 38 4699 0 1777797257 273994
16 39 14798 0 1777797257 288795
16 40 1592 0 1777797257 290391
16 41 3615 0 1777797257 294010
16 42 3467 0 1777797257 297486
16 43 14106 0 1777797257 311597
16 44 7666 0 1777797257 319271
16 45 4329 0 1777797257 323607
16 46 9709 0 1777797257 333327
16 47 10602 0 1777797257 343936
16 48 6494 0 1777797257 350432
16 49 5622 0 1777797257 356063
16 50 4778 0 1777797257 360849
16 51 9071 0 1777797257 369923
16 52 16745 0 1777797257 386686
16 53 2303 0 1777797257 388995
16 54 5443 0 1777797257 394440
16 55 6343 0 1777797257 400784
16 56 702 0 1777797257 401489
16 57 2386 0 1777797257 403878
16 58 1405 0 1777797257 405286
16 59 1396 0 1777797257 406686
16 60 995 0 1777797257 407685
16 61 1297 0 1777797257 408985
16 62 16912 0 1777797257 425899
16 63 4538 0 1777797257 430440
16 64 12797 0 1777797257 443244
16 65 5169 0 1777797257 448419
16 66 8536 0 1777797257 456961
16 67 14575 0 1777797257 471543
16 68 3225 0 1777797257 474772
16 69 11881 0 1777797257 486660
16 70 1792 0 1777797257 488461
16 71 10444 0 1777797257 498909
16 72 29517 0 1777797257 528429
16 73 3095 0 1777797257 531527
16 74 38017 0 1777797257 569548
16 75 10710 0 1777797257 580261
16 76 5683 0 1777797257 585946
16 77 26896 0 1777797257 612847
18 1 1099415 0 1777797257 614626
18 2 20592 0 1777797257 635221
18 3 4472 0 1777797257 639718
16 78 36350 0 1777797257 649203
14 1 1134364 0 1777797257 649495
18 4 14562 0 1777797257 654284
18 5 4387 0 1777797257 658679
16 79 16039 0 1777797257 665251
18 6 6575 0 1777797257 665263
16 80 7717 0 1777797257 672981
18 7 13111 0 1777797257 678390
14 2 28933 0 1777797257 678429
16 81 6338 0 1777797257 679331
18 8 4467 0 1777797257 682859
16 82 3630 0 1777797257 682967
14 3 12335 0 1777797257 690765
16 83 8435 0 1777797257 691405
18 9 8932 0 1777797257 691793
16 84 5453 0 1777797257 696884
18 10 5218 0 1777797257 697013
14 4 8655 0 1777797257 699421
18 11 7678 0 1777797257 704693
14 5 6053 0 1777797257 705478
16 85 21999 0 1777797257 718886
18 12 15775 0 1777797257 720475
14 6 23141 0 1777797257 728624
16 86 18301 0 1777797257 737190
18 13 16935 0 1777797257 737411
14 7 13806 0 1777797257 742436
14 8 11733 0 1777797257 754172
18 14 16766 0 1777797257 754178
16 87 19770 0 1777797257 756969
18 15 13106 0 1777797257 767291
14 9 13148 0 1777797257 767327
16 88 13244 0 1777797257 770221
17 1 1255567 0 1777797257 770767
19 1 1259233 0 1777797257 774459
18 16 7296 0 1777797257 774588
14 10 15113 0 1777797257 782442
14 11 12891 0 1777797257 795342
17 2 24581 0 1777797257 795353
19 2 20893 0 1777797257 795357
18 17 22411 0 1777797257 797000
18 18 959 0 1777797257 797961
19 3 3065 0 1777797257 798455
17 3 5160 0 1777797257 800536
16 89 33797 0 1777797257 804022
15 1 1289837 0 1777797257 804997
17 4 6415 0 1777797257 806960
16 90 6352 0 1777797257 810383
17 5 3495 0 1777797257 810460
14 12 16519 0 1777797257 811877
15 2 7844 0 1777797257 812842
16 91 2760 0 1777797257 813150
19 4 14846 0 1777797257 813303
17 6 3153 0 1777797257 813614
19 5 1440 0 1777797257 814815
16 92 1830 0 1777797257 814983
16 93 2591 0 1777797257 817576
16 94 1154 0 1777797257 818733
16 95 2084 0 1777797257 820826
17 7 7705 0 1777797257 821322
15 3 11136 0 1777797257 823982
18 19 26031 0 1777797257 823994
19 6 11090 0 1777797257 825907
14 13 14256 0 1777797257 826140
17 8 5191 0 1777797257 826516
18 20 2513 0 1777797257 826526
15 4 2680 0 1777797257 826675
18 21 1472 0 1777797257 828010
16 96 7331 0 1777797257 828160
19 7 4551 0 1777797257 830462
18 22 3716 0 1777797257 831727
14 14 6467 0 1777797257 832609
19 8 4366 0 1777797257 834831
14 15 5471 0 1777797257 838088
17 9 12917 0 1777797257 839446
14 16 1378 0 1777797257 839470
19 9 5156 0 1777797257 839990
18 23 8907 0 1777797257 840636
19 10 1205 0 1777797257 841196
19 11 1033 0 1777797257 842234
16 97 14417 0 1777797257 842578
19 12 953 0 1777797257 843190
16 98 2719 0 1777797257 845300
16 99 915 0 1777797257 846217
18 24 5594 0 1777797257 846233
17 10 21572 0 1777797257 861036
14 17 21600 0 1777797257 861071
15 5 34540 0 1777797257 861218
19 13 18171 0 1777797257 861365
16 100 15182 0 1777797257 861401
18 25 17696 0 1777797257 863930
15 6 8060 0 1777797257 869279
19 14 10429 0 1777797257 871795
18 26 8058 0 1777797257 871990
19 15 2027 0 1777797257 873823
19 16 1186 0 1777797257 875011
19 17 1491 0 1777797257 876508
15 7 7299 0 1777797257 876581
17 11 16669 0 1777797257 877708
14 18 19192 0 1777797257 880265
16 101 19056 0 1777797257 880459
18 27 9460 0 1777797257 881452
19 18 6229 0 1777797257 882742
18 28 3807 0 1777797257 885261
19 19 2614 0 1777797257 885361
14 19 7061 0 1777797257 887329
16 102 6903 0 1777797257 887363
17 12 9705 0 1777797257 887415
17 13 1585 0 1777797257 889008
19 20 5718 0 1777797257 891080
17 14 3875 0 1777797257 892889
16 103 10365 0 1777797257 897730
14 20 10436 0 1777797257 897775
17 15 5575 0 1777797257 898467
19 21 7430 0 1777797257 898513
18 29 13308 0 1777797257 898577
17 16 9011 0 1777797257 907480
18 30 8908 0 1777797257 907486
14 21 12257 0 1777797257 910034
19 22 11640 0 1777797257 910154
15 8 36153 0 1777797257 912735
16 104 15004 0 1777797257 912742
19 23 2664 0 1777797257 912821
17 17 10772 0 1777797257 918258
19 24 10599 0 1777797257 923421
15 9 10712 0 1777797257 923456
16 105 11659 0 1777797257 924417
14 22 14410 0 1777797257 924447
18 31 16968 0 1777797257 924463
15 10 6635 0 1777797257 930093
16 106 10004 0 1777797257 934427
18 32 10315 0 1777797257 934779
14 23 11648 0 1777797257 936096
19 25 12675 0 1777797257 936104
17 18 19142 0 1777797257 937402
15 11 8328 0 1777797257 938423
16 107 8298 0 1777797257 942733
18 33 7960 0 1777797257 942740
19 26 6633 0 1777797257 942746
15 12 8553 0 1777797257 946986
14 24 12724 0 1777797257 948828
16 108 9383 0 1777797257 952130
17 19 14742 0 1777797257 952148
17 20 6453 0 1777797257 958613
19 27 15836 0 1777797257 958623
14 25 10223 0 1777797257 959052
16 109 10049 0 1777797257 962198
15 13 15246 0 1777797257 962234
17 21 4323 0 1777797257 962947
18 34 20452 0 1777797257 963225
19 28 4759 0 1777797257 963395
15 14 5227 0 1777797257 967462
18 35 4314 0 1777797257 967541
14 26 12094 0 1777797257 971147
16 110 8978 0 1777797257 971185
15 15 8910 0 1777797257 976374
18 36 11733 0 1777797257 979275
17 22 16359 0 1777797257 979311
19 29 15961 0 1777797257 979357
16 111 8223 0 1777797257 979409
17 23 5741 0 1777797257 985054
14 27 15572 0 1777797257 986724
15 16 10376 0 1777797257 986752
19 30 7409 0 1777797257 986767
18 37 8092 0 1777797257 987369
16 112 8030 0 1777797257 987440
17 24 4745 0 1777797257 989801
15 17 7624 0 1777797257 994393
14 28 8801 0 1777797257 995527
16 113 8377 0 1777797257 995819
17 25 6185 0 1777797257 995988
19 31 9617 0 1777797257 996394
18 38 9262 0 1777797257 996632
14 29 8020 0 1777797258 3554
16 114 7740 0 1777797258 3561
17 26 7579 0 1777797258 3568
15 18 10150 0 1777797258 4547
18 39 7933 0 1777797258 4567
19 32 9440 0 1777797258 5837
18 40 3448 0 1777797258 8016
16 115 6884 0 1777797258 10470
17 27 11591 0 1777797258 15186
19 33 9356 0 1777797258 15195
14 30 13153 0 1777797258 16722
15 19 12223 0 1777797258 16772
18 41 10428 0 1777797258 18446
19 34 4151 0 1777797258 19361
15 20 3821 0 1777797258 20598
16 116 10326 0 1777797258 20801
16 117 7097 0 1777797258 27900
18 42 9476 0 1777797258 27924
17 28 13651 0 1777797258 28847
14 31 14611 0 1777797258 31384
14 32 2408 0 1777797258 33795
14 33 3824 0 1777797258 37621
19 35 18840 0 1777797258 38202
19 36 1915 0 1777797258 40119
16 118 14568 0 1777797258 42493
18 43 15759 0 1777797258 43695
19 37 4896 0 1777797258 45017
18 44 1438 0 1777797258 45139
16 119 4859 0 1777797258 47353
19 38 2941 0 1777797258 47959
19 39 5907 0 1777797258 53867
16 120 11829 0 1777797258 59186
18 45 14673 0 1777797258 59813
16 121 4309 0 1777797258 63499
17 29 34683 0 1777797258 63532
19 40 9669 0 1777797258 63539
15 21 43903 0 1777797258 64503
18 46 6137 0 1777797258 65954
16 122 2654 0 1777797258 66161
16 123 2260 0 1777797258 68422
18 47 3445 0 1777797258 69404
16 124 3533 0 1777797258 71959
15 22 9896 0 1777797258 74402
19 41 11827 0 1777797258 75377
16 125 9422 0 1777797258 81383
19 42 6884 0 1777797258 82264
15 23 11554 0 1777797258 85969
18 48 17181 0 1777797258 86589
16 126 8405 0 1777797258 89797
19 43 8026 0 1777797258 90292
15 24 9430 0 1777797258 95422
16 127 5649 0 1777797258 95449
14 34 58465 0 1777797258 96089
17 30 32568 0 1777797258 96107
15 25 12601 0 1777797258 108025
18 49 22288 0 1777797258 108878
19 44 21076 0 1777797258 111369
17 31 15896 0 1777797258 112004
14 35 18013 0 1777797258 114104
18 50 10247 0 1777797258 119128
19 45 7851 0 1777797258 119222
16 128 25449 0 1777797258 120899
15 26 20768 0 1777797258 128801
16 129 7904 0 1777797258 128805
18 51 10392 0 1777797258 129527
14 36 20440 0 1777797258 134552
19 46 15336 0 1777797258 134559
18 52 7055 0 1777797258 136583
16 130 8183 0 1777797258 136994
15 27 11116 0 1777797258 139922
18 53 3675 0 1777797258 140261
18 54 3119 0 1777797258 143384
16 131 20166 0 1777797258 157165
18 55 13783 0 1777797258 157171
15 28 17925 0 1777797258 157851
14 37 23387 0 1777797258 157948
17 32 48603 0 1777797258 160608
19 47 30809 0 1777797258 165391
18 56 11489 0 1777797258 168669
16 132 11543 0 1777797258 168715
19 48 8700 0 1777797258 174093
14 38 19038 0 1777797258 176987
15 29 19141 0 1777797258 176993
17 33 16386 0 1777797258 176996
16 133 13216 0 1777797258 181932
18 57 20724 0 1777797258 189394
19 49 15386 0 1777797258 189481
15 30 13354 0 1777797258 190356
17 34 16690 0 1777797258 193697
18 58 15165 0 1777797258 204648
15 31 16474 0 1777797258 206833
17 35 13142 0 1777797258 206842
19 50 17327 0 1777797258 206850
14 39 30484 0 1777797258 207481
16 134 25552 0 1777797258 207487
15 32 4453 0 1777797258 211304
18 59 8109 0 1777797258 212759
14 40 10432 0 1777797258 217921
16 135 10434 0 1777797258 217930
17 36 11119 0 1777797258 217985
19 51 11118 0 1777797258 217994
15 33 8747 0 1777797258 220055
14 41 10147 0 1777797258 228142
15 34 8097 0 1777797258 228154
17 37 10141 0 1777797258 228161
18 60 15406 0 1777797258 228167
19 52 10143 0 1777797258 228183
16 136 10476 0 1777797258 228486
16 137 8925 0 1777797258 237413
14 42 9632 0 1777797258 237816
17 38 9626 0 1777797258 237833
15 35 13218 0 1777797258 241418
16 138 4014 0 1777797258 241429
18 61 13212 0 1777797258 241435
19 53 13210 0 1777797258 241441
14 43 11233 0 1777797258 249067
15 36 7634 0 1777797258 249076
16 139 7603 0 1777797258 249084
17 39 11239 0 1777797258 249090
14 44 8693 0 1777797258 257784
15 37 8723 0 1777797258 257825
16 140 8720 0 1777797258 257830
17 40 8718 0 1777797258 257835
18 62 16350 0 1777797258 257840
19 54 16341 0 1777797258 257845
14 45 11014 0 1777797258 268859
15 38 11016 0 1777797258 268867
18 63 11011 0 1777797258 268875
19 55 11015 0 1777797258 268883
17 41 11386 0 1777797258 269246
16 141 11402 0 1777797258 269258
16 142 6426 0 1777797258 275685
14 46 12838 0 1777797258 281721
17 42 12493 0 1777797258 281740
18 64 12806 0 1777797258 281747
19 56 12801 0 1777797258 281754
15 39 16241 0 1777797258 285140
16 143 9458 0 1777797258 285152
14 47 3856 0 1777797258 285611
18 65 3842 0 1777797258 285621
17 43 4050 0 1777797258 285822
19 57 11487 0 1777797258 293275
14 48 12511 0 1777797258 298134
15 40 12996 0 1777797258 298149
16 144 12995 0 1777797258 298156
17 44 12279 0 1777797258 298161
18 66 12545 0 1777797258 298176
19 58 4899 0 1777797258 298182
17 45 7581 0 1777797258 305798
18 67 7582 0 1777797258 305806
19 59 7576 0 1777797258 305812
15 41 8521 0 1777797258 306718
14 49 13388 0 1777797258 311571
16 145 13384 0 1777797258 311589
17 46 11915 0 1777797258 317728
18 68 11913 0 1777797258 317736
19 60 11959 0 1777797258 317811
14 50 7495 0 1777797258 319086
15 42 14255 0 1777797258 320975
16 146 9534 0 1777797258 321615
14 51 13033 0 1777797258 332122
15 43 11512 0 1777797258 332489
16 147 10881 0 1777797258 332498
17 47 14731 0 1777797258 332543
19 61 14725 0 1777797258 332561
18 69 15529 0 1777797258 333351
14 52 4045 0 1777797258 336169
17 48 7821 0 1777797258 340384
15 44 12067 0 1777797258 344566
16 148 12097 0 1777797258 344608
18 70 11265 0 1777797258 344617
19 62 12053 0 1777797258 344624
14 53 10826 0 1777797258 347000
16 149 4899 0 1777797258 349552
17 49 9181 0 1777797258 349568
15 45 8141 0 1777797258 352766
18 71 8136 0 1777797258 352797
19 63 8257 0 1777797258 352925
16 150 9710 0 1777797258 359279
17 50 9710 0 1777797258 359288
18 72 6345 0 1777797258 359292
15 46 9168 0 1777797258 362095
19 64 9146 0 1777797258 362102
14 54 15438 0 1777797258 362440
15 47 9720 0 1777797258 371823
16 151 12537 0 1777797258 371830
17 51 12535 0 1777797258 371835
18 73 12536 0 1777797258 371841
19 65 9744 0 1777797258 371851
14 55 12502 0 1777797258 374943
14 56 7839 0 1777797258 382784
15 48 10939 0 1777797258 382791
16 152 10925 0 1777797258 382796
17 52 10913 0 1777797258 382802
18 74 10910 0 1777797258 382807
19 66 10907 0 1777797258 382811
14 57 12477 0 1777797258 395289
15 49 12478 0 1777797258 395298
16 153 12478 0 1777797258 395306
17 53 12482 0 1777797258 395315
18 75 12483 0 1777797258 395322
19 67 13217 0 1777797258 396061
14 58 8731 0 1777797258 404054
18 76 8701 0 1777797258 404063
17 54 9724 0 1777797258 405077
14 59 2088 0 1777797258 406152
19 68 10247 0 1777797258 406312
15 50 11424 0 1777797258 406760
19 69 3834 0 1777797258 410148
18 77 6615 0 1777797258 410692
17 55 7205 0 1777797258 412286
14 60 7474 0 1777797258 413630
16 154 18658 0 1777797258 414002
17 56 3471 0 1777797258 415759
15 51 9426 0 1777797258 416188
18 78 7010 0 1777797258 417706
17 57 5020 0 1777797258 420783
14 61 9343 0 1777797258 422977
15 52 6795 0 1777797258 422985
19 70 12841 0 1777797258 422991
18 79 8515 0 1777797258 426223
15 53 7137 0 1777797258 430162
14 62 10551 0 1777797258 433543
17 58 12764 0 1777797258 433549
19 71 10587 0 1777797258 433621
16 155 19659 0 1777797258 433663
18 80 7975 0 1777797258 434200
15 54 11398 0 1777797258 441562
15 55 4759 0 1777797258 446323
18 81 13591 0 1777797258 447796
15 56 2057 0 1777797258 448387
16 156 15319 0 1777797258 448983
14 63 16861 0 1777797258 450483
17 59 17909 0 1777797258 451550
15 57 3461 0 1777797258 451851
18 82 8207 0 1777797258 456006
16 157 7681 0 1777797258 456669
15 58 5505 0 1777797258 457357
17 60 5816 0 1777797258 457368
14 64 10095 0 1777797258 460581
18 83 4621 0 1777797258 460629
17 61 14071 0 1777797258 471450
18 84 11869 0 1777797258 472510
14 65 12626 0 1777797258 473257
15 59 16250 0 1777797258 473619
16 158 17403 0 1777797258 474074
19 72 41354 0 1777797258 475004
19 73 2492 0 1777797258 477498
17 62 6661 0 1777797258 478113
16 159 5470 0 1777797258 479545
15 60 6736 0 1777797258 480357
18 85 8343 0 1777797258 480858
14 66 8269 0 1777797258 481528
17 63 5765 0 1777797258 483882
16 160 5188 0 1777797258 484737
18 86 5222 0 1777797258 486082
19 74 10272 0 1777797258 487772
14 67 7058 0 1777797258 488590
18 87 3994 0 1777797258 490079
15 61 10579 0 1777797258 490938
16 161 7703 0 1777797258 492441
14 68 8408 0 1777797258 496999
15 62 6337 0 1777797258 497276
17 64 13911 0 1777797258 497793
16 162 12395 0 1777797258 504838
15 63 7679 0 1777797258 504956
14 69 9316 0 1777797258 506316
19 75 19965 0 1777797258 507740
18 88 17676 0 1777797258 507757
17 65 14998 0 1777797258 512792
14 70 7533 0 1777797258 513850
15 64 9657 0 1777797258 514614
19 76 6885 0 1777797258 514625
14 71 10239 0 1777797258 524117
16 163 19285 0 1777797258 524124
17 66 11366 0 1777797258 524159
18 89 16436 0 1777797258 524193
15 65 9875 0 1777797258 524490
19 77 10147 0 1777797258 524772
16 164 5551 0 1777797258 529753
17 67 5547 0 1777797258 529757
15 66 5786 0 1777797258 530278
19 78 5974 0 1777797258 530748
14 72 7846 0 1777797258 532040
14 73 5352 0 1777797258 537399
15 67 7127 0 1777797258 537406
16 165 7653 0 1777797258 537411
17 68 7652 0 1777797258 537415
18 90 13204 0 1777797258 537419
19 79 6674 0 1777797258 537423
15 68 3852 0 1777797258 541281
17 69 3858 0 1777797258 541298
18 91 3861 0 1777797258 541306
16 166 3921 0 1777797258 541356
14 74 7978 0 1777797258 545402
19 80 7961 0 1777797258 545411
19 81 5929 0 1777797258 551357
15 69 12377 0 1777797258 553684
16 167 12345 0 1777797258 553702
14 75 9593 0 1777797258 555005
17 70 13687 0 1777797258 555012
18 92 13684 0 1777797258 555018
16 168 4348 0 1777797258 558071
19 82 6727 0 1777797258 558087
14 76 7706 0 1777797258 562725
15 70 9020 0 1777797258 562734
18 93 7707 0 1777797258 562740
17 71 8698 0 1777797258 563725
16 169 8390 0 1777797258 566478
19 83 8388 0 1777797258 566486
15 71 3858 0 1777797258 566617
14 77 9266 0 1777797258 572007
15 72 5664 0 1777797258 572282
16 170 6353 0 1777797258 572840
19 84 6372 0 1777797258 572865
14 78 3887 0 1777797258 575896
18 94 13138 0 1777797258 575905
15 73 7733 0 1777797258 580017
16 171 7189 0 1777797258 580033
19 85 7226 0 1777797258 580092
17 72 17062 0 1777797258 580788
18 95 5554 0 1777797258 581482
14 79 5828 0 1777797258 581734
16 172 7996 0 1777797258 588099
15 74 8823 0 1777797258 588916
19 86 9432 0 1777797258 589544
14 80 8802 0 1777797258 590540
16 173 2446 0 1777797258 590547
17 73 9763 0 1777797258 590553
18 96 9074 0 1777797258 590558
19 87 6331 0 1777797258 595877
16 174 6069 0 1777797258 596642
15 75 8027 0 1777797258 596945
17 74 6371 0 1777797258 596951
18 97 6370 0 1777797258 596956
19 88 7108 0 1777797258 602987
16 175 7422 0 1777797258 604067
18 98 7048 0 1777797258 604073
14 81 13535 0 1777797258 604094
17 75 9420 0 1777797258 606404
19 89 3920 0 1777797258 606908
15 76 13821 0 1777797258 610778
18 99 6703 0 1777797258 610785
16 176 7131 0 1777797258 611205
14 82 9634 0 1777797258 613730
17 76 7536 0 1777797258 613947
19 90 7911 0 1777797258 614821
18 100 4832 0 1777797258 615626
15 77 9101 0 1777797258 619887
14 83 8046 0 1777797258 621782
16 177 10585 0 1777797258 621791
17 77 7848 0 1777797258 621797
18 101 8960 0 1777797258 624587
19 91 9780 0 1777797258 624603
15 78 5225 0 1777797258 625116
16 178 9552 0 1777797258 631370
15 79 7618 0 1777797258 632737
17 78 10917 0 1777797258 632744
18 102 8147 0 1777797258 632751
19 92 8145 0 1777797258 632760
14 84 17341 0 1777797258 639139
15 80 6403 0 1777797258 639163
16 179 7798 0 1777797258 639172
18 103 6395 0 1777797258 639179
19 93 6403 0 1777797258 639193
19 94 6325 0 1777797258 645573
16 180 7526 0 1777797258 646752
18 104 7534 0 1777797258 646769
19 95 2319 0 1777797258 647895
17 79 15744 0 1777797258 648519
15 81 9908 0 1777797258 649120
14 85 12789 0 1777797258 651983
19 96 5207 0 1777797258 653104
19 97 3097 0 1777797258 656214
19 98 13297 0 1777797258 669517
19 99 2335 0 1777797258 671854
19 100 2487 0 1777797258 674343
15 82 26573 0 1777797258 675696
17 80 27906 0 1777797258 676429
19 101 2119 0 1777797258 676464
15 83 2835 0 1777797258 678537
18 105 32780 0 1777797258 679560
17 81 4253 0 1777797258 680719
16 181 34643 0 1777797258 681414
16 182 1898 0 1777797258 683314
16 183 2321 0 1777797258 685640
14 86 35052 0 1777797258 687037
16 184 2819 0 1777797258 688462
17 82 7997 0 1777797258 688720
15 84 10855 0 1777797258 689394
17 83 2947 0 1777797258 691670
18 106 15073 0 1777797258 694635
16 185 6731 0 1777797258 695197
19 102 19223 0 1777797258 695697
14 87 15605 0 1777797258 702645
16 186 11950 0 1777797258 707150
19 103 13152 0 1777797258 708851
17 84 19126 0 1777797258 710798
16 187 9487 0 1777797258 716639
18 107 23918 0 1777797258 718555
16 188 4901 0 1777797258 721542
15 85 32681 0 1777797258 722077
17 85 11288 0 1777797258 722089
19 104 18747 0 1777797258 727600
16 189 6585 0 1777797258 728200
15 86 10016 0 1777797258 732107
17 86 10005 0 1777797258 732116
14 88 30869 0 1777797258 733516
18 108 14966 0 1777797258 733524
15 87 13700 0 1777797258 745817
17 87 13693 0 1777797258 745821
18 109 12284 0 1777797258 745825
14 89 15175 0 1777797258 748700
19 105 21104 0 1777797258 748711
16 190 23512 0 1777797258 751716
17 88 7420 0 1777797258 753250
15 88 8178 0 1777797258 754003
16 191 8748 0 1777797258 760470
18 110 14644 0 1777797258 760478
15 89 7623 0 1777797258 761628
17 89 8806 0 1777797258 762060
18 111 6755 0 1777797258 767251
15 90 6562 0 1777797258 768192
16 192 7720 0 1777797258 768199
14 90 26454 0 1777797258 775167
18 112 10154 0 1777797258 777407
19 106 28688 0 1777797258 777413
16 193 9862 0 1777797258 778098
15 91 10193 0 1777797258 778393
17 90 17450 0 1777797258 779512
14 91 6155 0 1777797258 781324
18 113 13912 0 1777797258 791326
15 92 15268 0 1777797258 793664
17 91 16571 0 1777797258 796087
15 93 2952 0 1777797258 796617
18 114 7358 0 1777797258 798687
15 94 2357 0 1777797258 798978
16 194 21930 0 1777797258 800030
19 107 22600 0 1777797258 800064
14 92 20219 0 1777797258 801548
18 115 3168 0 1777797258 801856
16 195 5942 0 1777797258 805978
18 116 4128 0 1777797258 805988
16 196 6445 0 1777797258 812434
17 92 16373 0 1777797258 812462
18 117 6472 0 1777797258 812473
14 93 14184 0 1777797258 815735
16 197 12773 0 1777797258 825247
18 118 12759 0 1777797258 825259
15 95 30410 0 1777797258 829390
19 108 31857 0 1777797258 831922
15 96 3667 0 1777797258 833060
15 97 7266 0 1777797258 840327
14 94 25936 0 1777797258 841673
16 198 20029 0 1777797258 845290
17 93 37522 0 1777797258 850014
17 94 3312 0 1777797258 853327
17 95 2540 0 1777797258 855868
14 95 18069 0 1777797258 859743
15 98 21472 0 1777797258 861800
17 96 14858 0 1777797258 870729
18 119 47876 0 1777797258 873163
19 109 43444 0 1777797258 875371
17 97 5332 0 1777797258 876066
14 96 23696 0 1777797258 883440
15 99 21642 0 1777797258 883445
17 98 7382 0 1777797258 883448
19 110 8081 0 1777797258 883453
18 120 10313 0 1777797258 883476
16 199 38361 0 1777797258 883652
16 200 6054 0 1777797258 889706
15 100 7777 0 1777797258 891236
18 121 10923 0 1777797258 894399
19 111 12431 0 1777797258 895898
14 97 14277 0 1777797258 897730
19 112 1864 0 1777797258 897764
19 113 4329 0 1777797258 902095
14 98 5355 0 1777797258 903093
17 99 23435 0 1777797258 906898
16 201 19373 0 1777797258 909082
14 99 6845 0 1777797258 909939
19 114 8090 0 1777797258 910186
18 122 16855 0 1777797258 911255
16 202 4225 0 1777797258 913310
14 100 5254 0 1777797258 915195
15 101 23963 0 1777797258 915200
16 203 1894 0 1777797258 915206
16 204 42522 0 1777797258 957746
14 101 45721 0 1777797258 960929
17 100 54035 0 1777797258 960935
18 123 49686 0 1777797258 960943
19 115 50761 0 1777797258 960948
15 102 47521 0 1777797258 962737
16 205 6362 0 1777797258 964111
18 124 4857 0 1777797258 965830
14 102 5698 0 1777797258 966647
19 116 6148 0 1777797258 967128
17 101 10423 0 1777797258 971381
16 206 7670 0 1777797258 971784
14 103 7258 0 1777797258 973910
19 117 10525 0 1777797258 977655
16 207 7293 0 1777797258 979079
18 125 16415 0 1777797258 982250
19 118 4971 0 1777797258 982628
17 102 12413 0 1777797258 983796
15 103 22834 0 1777797258 985573
16 208 8443 0 1777797258 987523
19 119 5812 0 1777797258 988442
18 126 8906 0 1777797258 991159
14 104 18461 0 1777797258 992373
16 209 9193 0 1777797258 996718
18 127 5569 0 1777797258 996729
19 120 10106 0 1777797258 998550
14 105 64273 0 1777797259 56648
15 104 71077 0 1777797259 56656
16 210 59942 0 1777797259 56672
17 103 72876 0 1777797259 56679
18 128 59944 0 1777797259 56683
19 121 58138 0 1777797259 56690
14 106 5810 0 1777797259 62500
16 211 5817 0 1777797259 62523
18 129 5813 0 1777797259 62531
15 105 9696 0 1777797259 66397
17 104 9719 0 1777797259 66431
19 122 9717 0 1777797259 66441
14 107 18784 0 1777797259 81317
16 212 18780 0 1777797259 81334
18 130 18777 0 1777797259 81341
19 123 14949 0 1777797259 81414
17 105 15240 0 1777797259 81695
15 106 15884 0 1777797259 82327
17 106 6291 0 1777797259 87987
18 131 6326 0 1777797259 88004
14 108 7037 0 1777797259 88453
14 109 7421 0 1777797259 95875
15 107 13553 0 1777797259 95885
16 213 14456 0 1777797259 95892
17 107 7893 0 1777797259 95898
18 132 7886 0 1777797259 95903
19 124 14225 0 1777797259 95909
14 110 2957 0 1777797259 98867
15 108 2953 0 1777797259 98873
16 214 2951 0 1777797259 98877
17 108 2949 0 1777797259 98883
19 125 2941 0 1777797259 98888
18 133 8874 0 1777797259 104815
14 111 13508 0 1777797259 112398
15 109 13546 0 1777797259 112444
16 215 13559 0 1777797259 112464
17 109 13565 0 1777797259 112476
14 112 9255 0 1777797259 121732
15 110 9242 0 1777797259 121740
16 216 9086 0 1777797259 121746
17 110 9080 0 1777797259 121753
18 134 16945 0 1777797259 121762
19 126 22850 0 1777797259 121768
14 113 13087 0 1777797259 134856
15 111 13083 0 1777797259 134859
16 217 13080 0 1777797259 134863
17 111 13074 0 1777797259 134865
18 135 13071 0 1777797259 134869
19 127 13064 0 1777797259 134872
17 112 10131 0 1777797259 145016
14 114 11016 0 1777797259 145888
15 112 11017 0 1777797259 145894
18 136 11012 0 1777797259 145900
19 128 11014 0 1777797259 145906
16 218 12289 0 1777797259 147170
19 129 4102 0 1777797259 150032
17 113 11092 0 1777797259 156111
18 137 10193 0 1777797259 156116
14 115 10905 0 1777797259 156812
15 113 10903 0 1777797259 156819
19 130 16087 0 1777797259 166121
14 116 10090 0 1777797259 166910
15 114 10089 0 1777797259 166920
16 219 19751 0 1777797259 166926
17 114 10818 0 1777797259 166934
18 138 10818 0 1777797259 166940
14 117 10681 0 1777797259 177622
16 220 10702 0 1777797259 177662
18 139 10709 0 1777797259 177683
15 115 12973 0 1777797259 179925
17 115 12973 0 1777797259 179940
19 131 13823 0 1777797259 179947
14 118 9697 0 1777797259 187382
15 116 7442 0 1777797259 187390
16 221 14444 0 1777797259 192151
19 132 12183 0 1777797259 192160
18 140 16302 0 1777797259 194017
14 119 11747 0 1777797259 199140
15 117 11752 0 1777797259 199156
14 120 7470 0 1777797259 206628
16 222 14477 0 1777797259 206637
14 121 5736 0 1777797259 212375
15 118 13206 0 1777797259 212384
17 116 32423 0 1777797259 212391
19 133 20218 0 1777797259 212397
16 223 10754 0 1777797259 217401
18 141 23397 0 1777797259 217417
18 142 20812 0 1777797259 238248
14 122 29809 0 1777797259 242207
15 119 29811 0 1777797259 242220
16 224 24815 0 1777797259 242234
17 117 29769 0 1777797259 242258
18 143 4014 0 1777797259 242265
14 123 4370 0 1777797259 246636
16 225 4359 0 1777797259 246649
17 118 4358 0 1777797259 246656
18 144 4367 0 1777797259 246672
18 145 2741 0 1777797259 249443
14 124 9662 0 1777797259 256335
17 119 9651 0 1777797259 256346
18 146 6907 0 1777797259 256352
14 125 9732 0 1777797259 266085
15 120 23810 0 1777797259 266092
16 226 19410 0 1777797259 266098
17 120 9740 0 1777797259 266104
18 147 9739 0 1777797259 266110
17 121 8741 0 1777797259 274874
16 227 15272 0 1777797259 281399
18 148 15275 0 1777797259 281415
14 126 16726 0 1777797259 282837
17 122 7970 0 1777797259 282846
18 149 16519 0 1777797259 297950
19 134 92674 0 1777797259 305175
14 127 27346 0 1777797259 310194
15 121 44093 0 1777797259 310212
16 228 28804 0 1777797259 310220
17 123 27367 0 1777797259 310226
18 150 17318 0 1777797259 315275
19 135 10097 0 1777797259 315281
14 128 5546 0 1777797259 315774
15 122 10600 0 1777797259 320843
17 124 10532 0 1777797259 320860
16 229 16971 0 1777797259 327223
14 129 21260 0 1777797259 337039
17 125 16171 0 1777797259 337049
15 123 21982 0 1777797259 342845
18 151 27575 0 1777797259 342857
19 136 27576 0 1777797259 342862
16 230 24168 0 1777797259 351394
17 126 18339 0 1777797259 355399
18 152 12533 0 1777797259 355408
19 137 12534 0 1777797259 355413
14 130 21798 0 1777797259 358848
15 124 15996 0 1777797259 358858
19 138 8202 0 1777797259 363632
15 125 6456 0 1777797259 365328
16 231 15630 0 1777797259 367028
17 127 14996 0 1777797259 370410
15 126 6449 0 1777797259 371779
19 139 8442 0 1777797259 372076
15 127 4610 0 1777797259 376391
17 128 8029 0 1777797259 378442
15 128 5850 0 1777797259 382304
16 232 23453 0 1777797259 390489
18 153 35081 0 1777797259 390504
19 140 18433 0 1777797259 390511
18 154 7240 0 1777797259 397766
16 233 7811 0 1777797259 398323
14 131 40750 0 1777797259 399609
15 129 18846 0 1777797259 401172
18 155 4773 0 1777797259 402541
16 234 4468 0 1777797259 402792
14 132 5306 0 1777797259 404917
19 141 16285 0 1777797259 406818
16 235 7798 0 1777797259 410593
18 156 8065 0 1777797259 410608
19 142 3794 0 1777797259 410614
14 133 6374 0 1777797259 411293
17 129 32857 0 1777797259 411300
14 134 1325 0 1777797259 412626
15 130 12581 0 1777797259 413754
14 135 1545 0 1777797259 414174
14 136 2063 0 1777797259 416238
14 137 1389 0 1777797259 417630
14 138 1432 0 1777797259 419064
15 131 6168 0 1777797259 419924
19 143 10251 0 1777797259 420937
17 130 11586 0 1777797259 422896
18 157 12235 0 1777797259 422904
14 139 6273 0 1777797259 425340
18 158 2812 0 1777797259 425728
14 140 4676 0 1777797259 430023
18 159 4300 0 1777797259 430029
15 132 10712 0 1777797259 430637
16 236 20301 0 1777797259 430916
18 160 2283 0 1777797259 432321
17 131 10432 0 1777797259 433337
16 237 3592 0 1777797259 434510
17 132 3540 0 1777797259 436878
15 133 8882 0 1777797259 439522
16 238 5034 0 1777797259 439546
17 133 2672 0 1777797259 439553
19 144 18620 0 1777797259 439559
14 141 11795 0 1777797259 441825
14 142 3182 0 1777797259 445012
16 239 6759 0 1777797259 446328
14 143 2299 0 1777797259 447313
17 134 7949 0 1777797259 447524
19 145 8535 0 1777797259 448117
17 135 3254 0 1777797259 450780
19 146 3702 0 1777797259 451822
18 161 20089 0 1777797259 452412
14 144 7054 0 1777797259 454369
15 134 14817 0 1777797259 454377
18 162 3045 0 1777797259 455458
15 135 1506 0 1777797259 455895
15 136 1702 0 1777797259 457599
18 163 3801 0 1777797259 459263
19 147 7447 0 1777797259 459271
16 240 14957 0 1777797259 461288
17 136 10516 0 1777797259 461297
18 164 3687 0 1777797259 462959
16 241 2031 0 1777797259 463330
15 137 9107 0 1777797259 466708
16 242 4800 0 1777797259 468131
15 138 3098 0 1777797259 469807
16 243 2551 0 1777797259 470684
19 148 11784 0 1777797259 471076
18 165 9304 0 1777797259 472264
18 166 2495 0 1777797259 474761
19 149 3874 0 1777797259 474951
18 167 3837 0 1777797259 478600
14 145 26037 0 1777797259 480415
16 244 11056 0 1777797259 481746
15 139 12171 0 1777797259 481981
15 140 770 0 1777797259 482753
14 146 2574 0 1777797259 482992
16 245 1276 0 1777797259 483024
15 141 955 0 1777797259 483710
18 168 5136 0 1777797259 483738
16 246 2914 0 1777797259 485939
17 137 24565 0 1777797259 485945
19 150 14465 0 1777797259 489417
18 169 5865 0 1777797259 489616
16 247 4884 0 1777797259 490830
15 142 7109 0 1777797259 490848
19 151 1691 0 1777797259 491109
17 138 7528 0 1777797259 493481
19 152 5619 0 1777797259 496729
18 170 8876 0 1777797259 498493
15 143 10923 0 1777797259 501772
16 248 10958 0 1777797259 501790
19 153 5065 0 1777797259 501796
16 249 2786 0 1777797259 504602
18 171 6879 0 1777797259 505376
14 147 22792 0 1777797259 505787
15 144 4876 0 1777797259 506673
16 250 4358 0 1777797259 508962
17 139 15691 0 1777797259 509175
19 154 8005 0 1777797259 509829
18 172 4766 0 1777797259 510144
18 173 2916 0 1777797259 513061
15 145 9212 0 1777797259 515889
16 251 6931 0 1777797259 515896
19 155 6082 0 1777797259 515912
18 174 4358 0 1777797259 517421
17 140 9178 0 1777797259 518354
16 252 2806 0 1777797259 518731
18 175 4756 0 1777797259 522179
14 148 23603 0 1777797259 529392
15 146 13483 0 1777797259 529397
16 253 10667 0 1777797259 529400
17 141 11543 0 1777797259 529898
18 176 8217 0 1777797259 530398
19 156 14471 0 1777797259 530404
15 147 11002 0 1777797259 540410
18 177 10243 0 1777797259 540647
14 149 11587 0 1777797259 540988
16 254 11578 0 1777797259 540991
17 142 11096 0 1777797259 540995
19 157 10587 0 1777797259 540998
17 143 13135 0 1777797259 554143
19 158 13143 0 1777797259 554154
18 178 13580 0 1777797259 554233
15 148 13725 0 1777797259 554373
14 150 13481 0 1777797259 554479
16 255 13538 0 1777797259 554543
17 144 6533 0 1777797259 560688
18 179 7077 0 1777797259 561312
15 149 11426 0 1777797259 565800
19 159 11641 0 1777797259 565807
14 151 17523 0 1777797259 572003
16 256 17480 0 1777797259 572023
17 145 11778 0 1777797259 572533
18 180 17279 0 1777797259 578597
15 150 13614 0 1777797259 579423
14 152 7880 0 1777797259 579905
16 257 11006 0 1777797259 583089
19 160 17522 0 1777797259 583343
17 146 11654 0 1777797259 584190
16 258 7511 0 1777797259 590602
14 153 13463 0 1777797259 593371
15 151 14300 0 1777797259 593725
19 161 10388 0 1777797259 593733
18 181 17022 0 1777797259 595620
17 147 11734 0 1777797259 595929
16 259 6503 0 1777797259 597110
14 154 6392 0 1777797259 599765
15 152 6807 0 1777797259 600540
17 148 4631 0 1777797259 600561
14 155 3580 0 1777797259 603347
16 260 6770 0 1777797259 603884
19 162 11004 0 1777797259 604746
17 149 4778 0 1777797259 605353
15 153 10915 0 1777797259 611478
18 182 15860 0 1777797259 611483
14 156 8150 0 1777797259 611500
19 163 7136 0 1777797259 611884
17 150 7050 0 1777797259 612408
18 183 3978 0 1777797259 615467
16 261 12712 0 1777797259 616597
14 157 10225 0 1777797259 621725
15 154 10437 0 1777797259 621920
19 164 10071 0 1777797259 621957
17 151 11024 0 1777797259 623436
18 184 9051 0 1777797259 624519
16 262 7936 0 1777797259 624539
14 158 6260 0 1777797259 627989
19 165 6447 0 1777797259 628406
15 155 6605 0 1777797259 628534
17 152 5580 0 1777797259 629018
18 185 6039 0 1777797259 630560
14 159 4775 0 1777797259 632766
17 153 3787 0 1777797259 632807
15 156 9100 0 1777797259 637642
19 166 9242 0 1777797259 637650
16 263 13414 0 1777797259 637954
17 154 5151 0 1777797259 637960
14 160 9668 0 1777797259 642436
18 186 11886 0 1777797259 642453
19 167 8110 0 1777797259 645771
16 264 11298 0 1777797259 649258
17 155 11490 0 1777797259 649456
15 157 11913 0 1777797259 649565
19 168 4175 0 1777797259 649949
14 161 10913 0 1777797259 653370
17 156 5672 0 1777797259 655130
16 265 6055 0 1777797259 655320
17 157 1317 0 1777797259 656449
18 187 14694 0 1777797259 657171
15 158 7781 0 1777797259 657347
18 188 5456 0 1777797259 662629
16 266 7413 0 1777797259 662736
19 169 12805 0 1777797259 662755
14 162 9479 0 1777797259 662851
15 159 5539 0 1777797259 662887
17 158 6975 0 1777797259 663428
19 170 5860 0 1777797259 668616
17 159 6379 0 1777797259 669810
18 189 10231 0 1777797259 672862
14 163 13563 0 1777797259 676415
17 160 7444 0 1777797259 677256
19 171 10043 0 1777797259 678660
15 160 16072 0 1777797259 678961
16 267 18658 0 1777797259 681396
17 161 6399 0 1777797259 683657
17 162 2177 0 1777797259 685836
15 161 9118 0 1777797259 688081
16 268 6853 0 1777797259 688251
17 163 3749 0 1777797259 689587
14 164 13239 0 1777797259 689657
19 172 11000 0 1777797259 689662
17 164 2738 0 1777797259 692327
17 165 4021 0 1777797259 696349
18 190 23501 0 1777797259 696364
14 165 6899 0 1777797259 696563
15 162 9662 0 1777797259 697745
18 191 3738 0 1777797259 700114
19 173 12499 0 1777797259 702175
17 166 6627 0 1777797259 702991
14 166 10015 0 1777797259 706579
17 167 6796 0 1777797259 709793
14 167 8276 0 1777797259 714858
18 192 14753 0 1777797259 714870
17 168 12938 0 1777797259 722733
14 168 16228 0 1777797259 731099
15 163 34698 0 1777797259 732448
17 169 14578 0 1777797259 737315
15 164 13273 0 1777797259 745726
18 193 33617 0 1777797259 748501
14 169 18329 0 1777797259 749433
15 165 6201 0 1777797259 751934
17 170 20867 0 1777797259 758183
15 166 8430 0 1777797259 760366
15 167 3298 0 1777797259 763669
18 194 15571 0 1777797259 764074
14 170 18015 0 1777797259 767450
15 168 4828 0 1777797259 768499
17 171 24091 0 1777797259 782277
19 174 80109 0 1777797259 782285
14 171 18685 0 1777797259 786138
15 169 17660 0 1777797259 786163
18 195 22094 0 1777797259 786170
16 269 105853 0 1777797259 794106
17 172 11832 0 1777797259 794118
15 170 8574 0 1777797259 794775
19 175 19261 0 1777797259 801565
14 172 17270 0 1777797259 803442
18 196 27993 0 1777797259 814205
17 173 20239 0 1777797259 814371
15 171 19673 0 1777797259 814450
16 270 24501 0 1777797259 818620
19 176 21355 0 1777797259 822928
14 173 19909 0 1777797259 823354
17 174 9078 0 1777797259 823451
18 197 9721 0 1777797259 823929
15 172 18555 0 1777797259 833007
19 177 12357 0 1777797259 835287
16 271 16961 0 1777797259 835589
14 174 16023 0 1777797259 839446
17 175 16031 0 1777797259 839483
18 198 17473 0 1777797259 841406
15 173 10748 0 1777797259 843757
19 178 11326 0 1777797259 846615
16 272 13193 0 1777797259 848784
14 175 10953 0 1777797259 850412
18 199 15334 0 1777797259 856741
17 176 18182 0 1777797259 857666
15 174 13937 0 1777797259 857696
19 179 13095 0 1777797259 859711
14 176 12266 0 1777797259 862685
16 273 14223 0 1777797259 863009
17 177 18400 0 1777797259 876071
18 200 20377 0 1777797259 877120
19 180 17422 0 1777797259 877135
15 175 22312 0 1777797259 880009
14 177 22302 0 1777797259 884994
16 274 23905 0 1777797259 886928
19 181 13902 0 1777797259 891049
18 201 14037 0 1777797259 891173
17 178 15636 0 1777797259 891709
15 176 14417 0 1777797259 894432
16 275 7513 0 1777797259 894442
14 178 10817 0 1777797259 895817
19 182 20501 0 1777797259 911552
17 179 20135 0 1777797259 911849
16 276 17410 0 1777797259 911863
18 202 20788 0 1777797259 911962
14 179 16199 0 1777797259 912021
15 177 17584 0 1777797259 912027
18 203 9727 0 1777797259 921690
17 180 12837 0 1777797259 924687
17 181 3429 0 1777797259 928119
14 180 31753 0 1777797259 943782
18 204 22092 0 1777797259 943787
15 178 31819 0 1777797259 943856
16 277 32001 0 1777797259 943865
17 182 15774 0 1777797259 943896
19 183 32350 0 1777797259 943903
18 205 2247 0 1777797259 946040
17 183 8734 0 1777797259 952638
14 181 10208 0 1777797259 953995
19 184 12467 0 1777797259 956378
15 179 14382 0 1777797259 958248
16 278 15145 0 1777797259 959023
15 180 4377 0 1777797259 962627
15 181 6956 0 1777797259 969586
16 279 10569 0 1777797259 969597
19 185 13833 0 1777797259 970214
14 182 19805 0 1777797259 973806
17 184 29084 0 1777797259 981726
18 206 41924 0 1777797259 987969
18 207 11111 0 1777797259 999087
14 183 31094 0 1777797260 4905
18 208 5832 0 1777797260 4921
17 185 23364 0 1777797260 5096
16 280 37629 0 1777797260 7235
18 209 2300 0 1777797260 7246
16 281 1063 0 1777797260 8310
18 210 5045 0 1777797260 12305
18 211 1187 0 1777797260 13496
16 282 7079 0 1777797260 15392
19 186 45208 0 1777797260 15426
19 187 2043 0 1777797260 17470
15 182 49025 0 1777797260 18623
18 212 5259 0 1777797260 18756
17 186 17118 0 1777797260 22215
14 184 18258 0 1777797260 23181
18 213 5223 0 1777797260 23980
16 283 9169 0 1777797260 24568
18 214 3999 0 1777797260 27981
14 185 4993 0 1777797260 28176
17 187 6413 0 1777797260 28633
19 188 12499 0 1777797260 29971
19 189 2152 0 1777797260 32125
17 188 4186 0 1777797260 32823
15 183 14555 0 1777797260 33180
19 190 4343 0 1777797260 36469
14 186 9827 0 1777797260 38005
17 189 7005 0 1777797260 39830
14 187 2947 0 1777797260 40954
19 191 4647 0 1777797260 41119
14 188 4976 0 1777797260 45933
16 284 24005 0 1777797260 48575
16 285 3209 0 1777797260 51786
19 192 12870 0 1777797260 53992
17 190 21713 0 1777797260 61545
19 193 7558 0 1777797260 61552
14 189 16983 0 1777797260 62918
19 194 2550 0 1777797260 64113
16 286 14538 0 1777797260 66327
15 184 33808 0 1777797260 66993
17 191 5962 0 1777797260 67515
14 190 6319 0 1777797260 69240
18 215 41395 0 1777797260 69378
16 287 6967 0 1777797260 73296
17 192 5805 0 1777797260 73322
15 185 6360 0 1777797260 73354
19 195 9350 0 1777797260 73466
18 216 7688 0 1777797260 77067
16 288 6348 0 1777797260 79647
19 196 6709 0 1777797260 80177
18 217 5895 0 1777797260 82963
14 191 14017 0 1777797260 83258
17 193 13042 0 1777797260 86365
19 197 7153 0 1777797260 87333
15 186 16561 0 1777797260 89916
18 218 7095 0 1777797260 90064
14 192 7075 0 1777797260 90335
15 187 6002 0 1777797260 95921
18 219 6293 0 1777797260 96358
17 194 10565 0 1777797260 96933
18 220 1807 0 1777797260 98167
14 193 9107 0 1777797260 99444
15 188 3959 0 1777797260 99883
17 195 7555 0 1777797260 104491
15 189 4789 0 1777797260 104675
18 221 6516 0 1777797260 104685
19 198 17356 0 1777797260 104691
14 194 5277 0 1777797260 104724
16 289 25185 0 1777797260 104835
15 190 4204 0 1777797260 108897
15 191 3825 0 1777797260 112727
16 290 10014 0 1777797260 114894
17 196 10575 0 1777797260 115068
14 195 11437 0 1777797260 116162
16 291 3870 0 1777797260 118765
17 197 5348 0 1777797260 120418
18 222 16114 0 1777797260 120814
16 292 2470 0 1777797260 121240
14 196 5779 0 1777797260 121943
16 293 2827 0 1777797260 124070
18 223 4239 0 1777797260 125058
15 192 13846 0 1777797260 126575
17 198 6247 0 1777797260 126668
14 197 4923 0 1777797260 126870
18 224 2670 0 1777797260 127729
16 294 4102 0 1777797260 128174
15 193 4477 0 1777797260 131062
17 199 7002 0 1777797260 133671
15 194 5900 0 1777797260 136964
15 195 6486 0 1777797260 143453
15 196 2439 0 1777797260 145897
17 200 16072 0 1777797260 149746
15 197 4717 0 1777797260 150618
16 295 26443 0 1777797260 154619
18 225 26893 0 1777797260 154626
19 199 50720 0 1777797260 155431
15 198 5591 0 1777797260 156210
17 201 6807 0 1777797260 156554
16 296 2689 0 1777797260 157316
14 198 30650 0 1777797260 157522
19 200 3106 0 1777797260 158539
17 202 2533 0 1777797260 159089
16 297 2568 0 1777797260 159890
19 201 1964 0 1777797260 160508
16 298 2095 0 1777797260 161987
14 199 6002 0 1777797260 163525
19 202 3026 0 1777797260 163539
17 203 4709 0 1777797260 163803
18 226 9434 0 1777797260 164070
15 199 11431 0 1777797260 167645
16 299 5940 0 1777797260 167928
17 204 4140 0 1777797260 167946
18 227 4012 0 1777797260 168083
19 203 4923 0 1777797260 168481
17 205 5883 0 1777797260 173830
18 228 6065 0 1777797260 174149
15 200 7605 0 1777797260 175252
19 204 6781 0 1777797260 175263
14 200 15300 0 1777797260 178840
17 206 6873 0 1777797260 180705
16 300 13555 0 1777797260 181486
15 201 7344 0 1777797260 182607
19 205 13503 0 1777797260 188777
18 229 15015 0 1777797260 189167
19 206 827 0 1777797260 189606
14 201 12293 0 1777797260 191135
15 202 10583 0 1777797260 193192
19 207 4536 0 1777797260 194143
14 202 3401 0 1777797260 194539
15 203 1525 0 1777797260 194721
19 208 4781 0 1777797260 198926
15 204 6164 0 1777797260 200890
14 203 8499 0 1777797260 203042
19 209 5736 0 1777797260 204665
16 301 29727 0 1777797260 211214
18 230 22151 0 1777797260 211320
15 205 10475 0 1777797260 211367
19 210 6701 0 1777797260 211372
16 302 7794 0 1777797260 219012
16 303 3503 0 1777797260 222522
14 204 22153 0 1777797260 225197
18 231 14186 0 1777797260 225507
16 304 5383 0 1777797260 227907
14 205 2728 0 1777797260 227927
18 232 3449 0 1777797260 228959
15 206 17689 0 1777797260 229061
14 206 1196 0 1777797260 229124
16 305 1222 0 1777797260 229131
17 207 51070 0 1777797260 231777
14 207 3568 0 1777797260 232700
18 233 5319 0 1777797260 234284
16 306 5161 0 1777797260 234300
17 208 2627 0 1777797260 234406
15 207 11127 0 1777797260 240189
14 208 7559 0 1777797260 240264
17 209 5870 0 1777797260 240278
16 307 9556 0 1777797260 243857
18 234 9591 0 1777797260 243876
15 208 3803 0 1777797260 243997
15 209 2904 0 1777797260 246902
15 210 1124 0 1777797260 248028
16 308 5125 0 1777797260 249003
14 209 9032 0 1777797260 249311
16 309 934 0 1777797260 249940
15 211 3289 0 1777797260 251319
15 212 2653 0 1777797260 253974
16 310 5318 0 1777797260 255260
18 235 11442 0 1777797260 255333
14 210 6663 0 1777797260 255976
15 213 2182 0 1777797260 256157
15 214 762 0 1777797260 256921
19 211 46320 0 1777797260 257702
19 212 2460 0 1777797260 260167
15 215 3422 0 1777797260 260344
16 311 5300 0 1777797260 260566
15 216 3197 0 1777797260 263543
16 312 4654 0 1777797260 265221
19 213 5077 0 1777797260 265251
15 217 2764 0 1777797260 266309
19 214 3826 0 1777797260 269079
16 313 6260 0 1777797260 271488
15 218 7526 0 1777797260 273838
14 211 17892 0 1777797260 273871
19 215 4796 0 1777797260 273877
16 314 5351 0 1777797260 276841
17 210 36559 0 1777797260 276856
15 219 4409 0 1777797260 278256
19 216 4586 0 1777797260 278477
16 315 5058 0 1777797260 281915
17 211 5636 0 1777797260 282516
14 212 8667 0 1777797260 282545
19 217 7486 0 1777797260 285964
18 236 30672 0 1777797260 286006
17 212 3679 0 1777797260 286201
16 316 4413 0 1777797260 286330
15 220 8225 0 1777797260 286483
14 213 5369 0 1777797260 287915
16 317 5474 0 1777797260 291805
17 213 5608 0 1777797260 291810
18 237 5807 0 1777797260 291814
16 318 4239 0 1777797260 296053
17 214 4241 0 1777797260 296061
15 221 10741 0 1777797260 297225
19 218 11684 0 1777797260 297654
15 222 2283 0 1777797260 299514
17 215 3450 0 1777797260 299522
16 319 3570 0 1777797260 299632
18 238 8312 0 1777797260 300138
19 219 2626 0 1777797260 300282
15 223 6245 0 1777797260 305768
19 220 6531 0 1777797260 306815
15 224 1335 0 1777797260 307108
19 221 1512 0 1777797260 308329
16 320 8941 0 1777797260 308575
17 216 9584 0 1777797260 309119
15 225 2832 0 1777797260 309942
19 222 2370 0 1777797260 310708
18 239 14595 0 1777797260 314737
16 321 8161 0 1777797260 316737
18 240 3234 0 1777797260 317973
19 223 9973 0 1777797260 320686
15 226 10921 0 1777797260 320867
19 224 1387 0 1777797260 322080
15 227 2733 0 1777797260 323603
19 225 2011 0 1777797260 324099
19 226 2263 0 1777797260 326367
15 228 3953 0 1777797260 327561
15 229 763 0 1777797260 328328
19 227 2069 0 1777797260 328443
16 322 12734 0 1777797260 329473
17 217 20519 0 1777797260 329644
17 218 2321 0 1777797260 331966
15 230 3651 0 1777797260 331982
18 241 15345 0 1777797260 333321
19 228 5389 0 1777797260 333834
17 219 2650 0 1777797260 334618
19 229 2413 0 1777797260 336250
15 231 4381 0 1777797260 336365
17 220 2386 0 1777797260 337010
15 232 698 0 1777797260 337064
15 233 720 0 1777797260 337785
16 323 9383 0 1777797260 338857
19 230 3046 0 1777797260 339297
15 234 3931 0 1777797260 341718
14 214 51370 0 1777797260 343147
15 235 3749 0 1777797260 345474
19 231 6899 0 1777797260 346199
14 215 5020 0 1777797260 348169
17 221 12151 0 1777797260 349163
16 324 11476 0 1777797260 350338
17 222 3150 0 1777797260 352314
14 216 4361 0 1777797260 352532
16 325 2523 0 1777797260 352863
19 232 8078 0 1777797260 354280
15 236 12229 0 1777797260 357710
14 217 5751 0 1777797260 358284
16 326 7589 0 1777797260 360453
16 327 1354 0 1777797260 361812
14 218 3987 0 1777797260 362275
16 328 1761 0 1777797260 363575
18 242 30323 0 1777797260 363647
16 329 2671 0 1777797260 366247
14 219 4206 0 1777797260 366485
15 237 9159 0 1777797260 366871
17 223 15349 0 1777797260 367671
19 233 14542 0 1777797260 368823
15 238 6835 0 1777797260 373708
18 243 11632 0 1777797260 375280
14 220 11829 0 1777797260 378315
19 234 11022 0 1777797260 379847
15 239 7890 0 1777797260 381600
17 224 14906 0 1777797260 382580
19 235 3420 0 1777797260 383268
17 225 5198 0 1777797260 387779
19 236 4611 0 1777797260 387884
15 240 6406 0 1777797260 388008
16 330 21765 0 1777797260 388014
15 241 2170 0 1777797260 390185
14 221 12825 0 1777797260 391142
19 237 5298 0 1777797260 393183
16 331 6200 0 1777797260 394224
15 242 4746 0 1777797260 394934
15 243 5002 0 1777797260 399938
19 238 6832 0 1777797260 400016
18 244 28403 0 1777797260 403684
14 222 12898 0 1777797260 404048
17 226 17205 0 1777797260 404987
15 244 5185 0 1777797260 405128
19 239 5134 0 1777797260 405152
16 332 11484 0 1777797260 405712
18 245 2026 0 1777797260 405719
14 223 3741 0 1777797260 407791
17 227 3823 0 1777797260 408811
15 245 6563 0 1777797260 411696
19 240 6613 0 1777797260 411766
18 246 6452 0 1777797260 412179
16 333 6741 0 1777797260 412460
14 224 10357 0 1777797260 418152
17 228 9350 0 1777797260 418167
19 241 6690 0 1777797260 418457
16 334 6371 0 1777797260 418834
15 246 10696 0 1777797260 422401
14 225 4464 0 1777797260 422617
18 247 10469 0 1777797260 422650
19 242 4733 0 1777797260 423192
17 229 5496 0 1777797260 423664
16 335 9855 0 1777797260 428692
17 230 5169 0 1777797260 428836
14 226 6802 0 1777797260 429421
19 243 6820 0 1777797260 430013
18 248 8735 0 1777797260 431386
15 247 9121 0 1777797260 431531
16 336 3778 0 1777797260 432477
14 227 6575 0 1777797260 435999
17 231 7169 0 1777797260 436006
19 244 5998 0 1777797260 436014
18 249 4667 0 1777797260 436054
15 248 5313 0 1777797260 436846
16 337 7260 0 1777797260 439739
14 228 4171 0 1777797260 440186
17 232 6485 0 1777797260 442508
18 250 6669 0 1777797260 442724
15 249 6466 0 1777797260 443313
19 245 7290 0 1777797260 443320
14 229 3496 0 1777797260 443684
15 250 2169 0 1777797260 445558
16 338 6718 0 1777797260 446459
14 230 4337 0 1777797260 448023
15 251 2624 0 1777797260 448183
16 339 3002 0 1777797260 449466
18 251 6748 0 1777797260 449473
17 233 10496 0 1777797260 453006
14 231 5339 0 1777797260 453371
15 252 5450 0 1777797260 453635
16 340 4182 0 1777797260 453656
18 252 7262 0 1777797260 456756
19 246 13405 0 1777797260 456801
17 234 4082 0 1777797260 457099
15 253 3530 0 1777797260 457168
16 341 3528 0 1777797260 457185
16 342 2848 0 1777797260 460034
19 247 6590 0 1777797260 463392
15 254 6291 0 1777797260 463460
17 235 6479 0 1777797260 463579
14 232 10478 0 1777797260 463850
14 233 2268 0 1777797260 466119
15 255 4895 0 1777797260 468357
16 343 9950 0 1777797260 469986
19 248 7338 0 1777797260 470732
14 234 7459 0 1777797260 473581
18 253 16824 0 1777797260 473588
15 256 6279 0 1777797260 474639
17 236 11109 0 1777797260 474690
15 257 3608 0 1777797260 478252
16 344 8323 0 1777797260 478311
19 249 7873 0 1777797260 478608
17 237 7176 0 1777797260 481867
15 258 4641 0 1777797260 482895
14 235 9996 0 1777797260 483585
16 345 9973 0 1777797260 488285
17 238 6839 0 1777797260 488708
18 254 15135 0 1777797260 488737
19 250 10375 0 1777797260 488986
14 236 6265 0 1777797260 489852
15 259 7772 0 1777797260 490669
14 237 5756 0 1777797260 495610
17 239 7178 0 1777797260 495888
19 251 6907 0 1777797260 495895
16 346 9794 0 1777797260 498081
18 255 9350 0 1777797260 498088
15 260 7565 0 1777797260 498236
14 238 2902 0 1777797260 498520
19 252 7276 0 1777797260 503181
17 240 7547 0 1777797260 503442
15 261 6157 0 1777797260 504395
14 239 5923 0 1777797260 504446
16 347 7245 0 1777797260 505334
18 256 7264 0 1777797260 505361
15 262 4104 0 1777797260 508501
17 241 5060 0 1777797260 508507
14 240 4422 0 1777797260 508869
19 253 6999 0 1777797260 510189
16 348 6197 0 1777797260 511533
18 257 6933 0 1777797260 512295
15 263 7644 0 1777797260 516152
14 241 7349 0 1777797260 516219
16 349 4834 0 1777797260 516372
17 242 10874 0 1777797260 519404
18 258 7340 0 1777797260 519639
19 254 9456 0 1777797260 519648
16 350 3608 0 1777797260 519982
18 259 4216 0 1777797260 523866
15 264 8967 0 1777797260 525121
18 260 1259 0 1777797260 525128
19 255 6114 0 1777797260 525773
17 243 8454 0 1777797260 527861
16 351 8821 0 1777797260 528805
19 256 5831 0 1777797260 531608
18 261 6752 0 1777797260 531890
19 257 5509 0 1777797260 537119
15 265 12169 0 1777797260 537298
18 262 5546 0 1777797260 537437
16 352 8938 0 1777797260 537745
17 244 13154 0 1777797260 541018
14 242 24864 0 1777797260 541085
14 243 1813 0 1777797260 542899
16 353 5852 0 1777797260 543600
18 263 7310 0 1777797260 544750
19 258 7857 0 1777797260 544978
15 266 8554 0 1777797260 545854
16 354 3924 0 1777797260 547526
18 264 2998 0 1777797260 547750
19 259 4021 0 1777797260 549002
16 355 4086 0 1777797260 551614
15 267 6483 0 1777797260 552338
19 260 3494 0 1777797260 552497
14 244 11446 0 1777797260 554348
15 268 4333 0 1777797260 556672
17 245 15815 0 1777797260 556835
15 269 1270 0 1777797260 557946
14 245 7981 0 1777797260 562331
17 246 6463 0 1777797260 563299
15 270 5476 0 1777797260 563424
16 356 12620 0 1777797260 564236
19 261 14441 0 1777797260 566939
14 246 9153 0 1777797260 571486
19 262 5189 0 1777797260 572133
16 357 9294 0 1777797260 573532
18 265 26122 0 1777797260 573874
15 271 11445 0 1777797260 574871
15 272 4241 0 1777797260 579116
17 247 16832 0 1777797260 580133
14 247 10167 0 1777797260 581658
14 248 2134 0 1777797260 583795
16 358 13119 0 1777797260 586659
17 248 6532 0 1777797260 586669
19 263 15373 0 1777797260 587511
15 273 8506 0 1777797260 587624
19 264 2117 0 1777797260 589629
19 265 714 0 1777797260 590345
15 274 3775 0 1777797260 591401
19 266 1083 0 1777797260 591429
16 359 5473 0 1777797260 592143
19 267 1126 0 1777797260 592556
19 268 3747 0 1777797260 596304
15 275 5056 0 1777797260 596459
16 360 4347 0 1777797260 596491
14 249 13449 0 1777797260 597248
17 249 12154 0 1777797260 598831
19 269 2616 0 1777797260 598928
16 361 7355 0 1777797260 603847
19 270 5009 0 1777797260 603938
15 276 7600 0 1777797260 604060
14 250 8028 0 1777797260 605281
18 266 31852 0 1777797260 605731
17 250 8689 0 1777797260 607521
18 267 2692 0 1777797260 608426
14 251 10201 0 1777797260 615486
18 268 7164 0 1777797260 615592
17 251 8205 0 1777797260 615730
19 271 11955 0 1777797260 615914
15 277 11896 0 1777797260 615958
16 362 12734 0 1777797260 616673
15 278 3847 0 1777797260 619806
18 269 4222 0 1777797260 619816
16 363 12544 0 1777797260 629219
14 252 16936 0 1777797260 632431
17 252 16992 0 1777797260 632723
17 253 4803 0 1777797260 637527
15 279 18058 0 1777797260 637875
19 272 22576 0 1777797260 638491
17 254 2082 0 1777797260 639611
18 270 20614 0 1777797260 640443
16 364 12415 0 1777797260 641636
17 255 5590 0 1777797260 645210
19 273 6718 0 1777797260 645213
14 253 12874 0 1777797260 645306
15 280 7775 0 1777797260 645652
15 281 7406 0 1777797260 653058
15 282 20025 0 1777797260 673084
18 271 32854 0 1777797260 673298
16 365 31698 0 1777797260 673339
14 254 28639 0 1777797260 673945
19 274 29057 0 1777797260 674326
16 366 5893 0 1777797260 679233
16 367 1790 0 1777797260 681031
15 283 7964 0 1777797260 681055
19 275 6734 0 1777797260 681062
15 284 1824 0 1777797260 682888
16 368 2074 0 1777797260 683107
18 272 13850 0 1777797260 687149
19 276 7822 0 1777797260 688892
15 285 6078 0 1777797260 688972
16 369 6604 0 1777797260 689717
15 286 2305 0 1777797260 691279
17 256 47037 0 1777797260 692251
15 287 2636 0 1777797260 693917
14 255 23671 0 1777797260 697617
16 370 7920 0 1777797260 697642
15 288 6096 0 1777797260 700019
15 289 2136 0 1777797260 702157
17 257 10055 0 1777797260 702311
15 290 5896 0 1777797260 708055
14 256 11305 0 1777797260 708924
18 273 22858 0 1777797260 710009
17 258 9621 0 1777797260 711934
16 371 16229 0 1777797260 713872
18 274 5309 0 1777797260 715319
15 291 8828 0 1777797260 716886
17 259 5631 0 1777797260 717567
14 257 13513 0 1777797260 722440
16 372 10410 0 1777797260 724285
16 373 1871 0 1777797260 726161
17 260 9761 0 1777797260 727333
16 374 2967 0 1777797260 729131
18 275 13950 0 1777797260 729272
15 292 12601 0 1777797260 729490
19 277 40618 0 1777797260 729512
15 293 1514 0 1777797260 731006
18 276 4074 0 1777797260 733347
16 375 4523 0 1777797260 733656
15 294 2829 0 1777797260 733837
17 261 6574 0 1777797260 733909
16 376 2737 0 1777797260 736395
18 277 4741 0 1777797260 738091
19 278 9090 0 1777797260 738603
15 295 5026 0 1777797260 738865
16 377 7640 0 1777797260 744037
17 262 13105 0 1777797260 747015
19 279 8694 0 1777797260 747299
16 378 3579 0 1777797260 747620
15 296 13630 0 1777797260 752497
19 280 8726 0 1777797260 756026
15 297 4244 0 1777797260 756748
15 298 1648 0 1777797260 758400
15 299 7083 0 1777797260 765485
15 300 1891 0 1777797260 767379
15 301 2243 0 1777797260 769626
16 379 24376 0 1777797260 772000
16 380 1890 0 1777797260 773891
16 381 1564 0 1777797260 775459
17 263 29447 0 1777797260 776465
16 382 2604 0 1777797260 778064
19 281 22043 0 1777797260 778072
15 302 8762 0 1777797260 778389
17 264 3254 0 1777797260 779721
16 383 3315 0 1777797260 781389
17 265 1765 0 1777797260 781487
14 258 59528 0 1777797260 781969
17 266 2681 0 1777797260 784172
15 303 6371 0 1777797260 784762
19 282 7857 0 1777797260 785953
16 384 4785 0 1777797260 786176
17 267 4257 0 1777797260 788430
16 385 2425 0 1777797260 788605
15 304 4917 0 1777797260 789681
16 386 2242 0 1777797260 790849
17 268 4295 0 1777797260 792727
15 305 4667 0 1777797260 794350
17 269 2878 0 1777797260 795611
15 306 3098 0 1777797260 797450
14 259 15705 0 1777797260 797684
17 270 2078 0 1777797260 797691
19 283 11904 0 1777797260 797859
16 387 7571 0 1777797260 798422
18 278 60523 0 1777797260 798620
15 307 2795 0 1777797260 800247
15 308 1569 0 1777797260 801818
16 388 4053 0 1777797260 802477
17 271 7469 0 1777797260 805171
15 309 6150 0 1777797260 807969
16 389 7586 0 1777797260 810068
19 284 14750 0 1777797260 812611
14 260 17054 0 1777797260 814746
15 310 6950 0 1777797260 814927
17 272 9963 0 1777797260 815135
17 273 3214 0 1777797260 818350
15 311 4281 0 1777797260 819211
14 261 4533 0 1777797260 819281
18 279 25299 0 1777797260 823922
17 274 5689 0 1777797260 824046
15 312 5068 0 1777797260 824333
18 280 1519 0 1777797260 825450
14 262 8998 0 1777797260 828280
17 275 4770 0 1777797260 828818
15 313 4771 0 1777797260 829105
18 281 7202 0 1777797260 832658
16 390 22619 0 1777797260 832691
19 285 20084 0 1777797260 832698
14 263 7040 0 1777797260 835323
15 314 6223 0 1777797260 835330
18 282 3983 0 1777797260 836649
16 391 4621 0 1777797260 837320
14 264 3706 0 1777797260 839038
16 392 3505 0 1777797260 840830
17 276 12131 0 1777797260 840950
17 277 2038 0 1777797260 842989
14 265 4183 0 1777797260 843222
16 393 3576 0 1777797260 844408
18 283 9968 0 1777797260 846621
15 315 12050 0 1777797260 847396
16 394 4523 0 1777797260 848933
18 284 2584 0 1777797260 849207
19 286 16527 0 1777797260 849239
17 278 7683 0 1777797260 850674
15 316 3330 0 1777797260 850731
19 287 3086 0 1777797260 852327
16 395 5594 0 1777797260 854529
18 285 5332 0 1777797260 854541
19 288 4853 0 1777797260 857183
14 266 15039 0 1777797260 858263
18 286 3711 0 1777797260 858272
15 317 8387 0 1777797260 859120
17 279 11487 0 1777797260 862163
15 318 3486 0 1777797260 862610
16 396 9357 0 1777797260 863899
19 289 6836 0 1777797260 864020
17 280 1907 0 1777797260 864072
15 319 1590 0 1777797260 864201
17 281 2889 0 1777797260 866963
14 267 8790 0 1777797260 867063
18 287 11190 0 1777797260 869482
17 282 4225 0 1777797260 871189
14 268 4143 0 1777797260 871208
16 397 7765 0 1777797260 871673
14 269 1340 0 1777797260 872549
15 320 8758 0 1777797260 872961
18 288 3839 0 1777797260 873324
18 289 1615 0 1777797260 874940
19 290 12747 0 1777797260 876768
17 283 5755 0 1777797260 876947
16 398 5845 0 1777797260 877521
14 270 5445 0 1777797260 877995
18 290 4034 0 1777797260 878977
15 321 6066 0 1777797260 879030
17 284 3737 0 1777797260 880686
16 399 5705 0 1777797260 883231
14 271 5287 0 1777797260 883284
18 291 6899 0 1777797260 885880
16 400 2809 0 1777797260 886066
15 322 7991 0 1777797260 887023
18 292 2814 0 1777797260 888696
15 323 3468 0 1777797260 890521
15 324 3542 0 1777797260 894065
18 293 5394 0 1777797260 894093
19 291 18239 0 1777797260 895009
17 285 20223 0 1777797260 900910
15 325 9449 0 1777797260 903527
19 292 9336 0 1777797260 904347
15 326 2438 0 1777797260 905966
17 286 6024 0 1777797260 906938
18 294 13816 0 1777797260 907909
17 287 2341 0 1777797260 909282
14 272 27621 0 1777797260 910906
15 327 4954 0 1777797260 910921
19 293 6787 0 1777797260 911139
15 328 3000 0 1777797260 913943
18 295 9687 0 1777797260 917598
15 329 4847 0 1777797260 918792
18 296 3130 0 1777797260 920732
15 330 2953 0 1777797260 921749
15 331 2382 0 1777797260 924133
18 297 5090 0 1777797260 925823
15 332 1723 0 1777797260 925857
19 294 15429 0 1777797260 926569
15 333 3411 0 1777797260 929269
17 288 20691 0 1777797260 929975
14 273 19741 0 1777797260 930663
14 274 2557 0 1777797260 933221
18 298 7404 0 1777797260 933229
17 289 3389 0 1777797260 933366
15 334 7714 0 1777797260 936993
19 295 10554 0 1777797260 937127
18 299 6623 0 1777797260 939864
18 300 1331 0 1777797260 941201
15 335 4230 0 1777797260 941226
17 290 9544 0 1777797260 942911
14 275 11347 0 1777797260 944577
15 336 5151 0 1777797260 946379
18 301 6097 0 1777797260 947303
19 296 11146 0 1777797260 948274
18 302 4631 0 1777797260 951939
14 276 10037 0 1777797260 954616
19 297 6365 0 1777797260 954641
15 337 9709 0 1777797260 956093
18 303 5584 0 1777797260 957528
14 277 6514 0 1777797260 961132
17 291 18255 0 1777797260 961167
15 338 5288 0 1777797260 961387
18 304 4036 0 1777797260 961566
16 401 76482 0 1777797260 962549
14 278 2917 0 1777797260 964085
15 339 2835 0 1777797260 964223
19 298 10399 0 1777797260 965041
16 402 2963 0 1777797260 965514
17 292 6014 0 1777797260 967197
18 305 5638 0 1777797260 967205
15 340 4852 0 1777797260 969076
15 341 1120 0 1777797260 970199
17 293 5066 0 1777797260 972272
17 294 1767 0 1777797260 974040
16 403 11464 0 1777797260 976980
15 342 6876 0 1777797260 977077
17 295 3646 0 1777797260 977692
19 299 13586 0 1777797260 978632
16 404 1884 0 1777797260 978866
18 306 13892 0 1777797260 981110
15 343 4702 0 1777797260 981780
15 344 2426 0 1777797260 984211
15 345 3453 0 1777797260 987665
18 307 6576 0 1777797260 987689
17 296 10375 0 1777797260 988072
19 300 9670 0 1777797260 988369
15 346 1897 0 1777797260 989588
15 347 3277 0 1777797260 992867
17 297 8453 0 1777797260 996527
15 348 4289 0 1777797260 997157
18 308 9564 0 1777797260 997282
14 279 34052 0 1777797260 998140
18 309 1228 0 1777797260 998512
17 298 3442 0 1777797260 999970
19 301 14972 0 1777797261 3344
15 349 7010 0 1777797261 4170
15 350 2144 0 1777797261 6316
17 299 6386 0 1777797261 6360
17 300 1401 0 1777797261 7770
17 301 959 0 1777797261 8732
18 310 10365 0 1777797261 8878
15 351 2846 0 1777797261 9163
16 405 30317 0 1777797261 9184
16 406 2106 0 1777797261 11308
15 352 6241 0 1777797261 15426
14 280 17536 0 1777797261 15682
19 302 12880 0 1777797261 16230
17 302 10834 0 1777797261 19568
18 311 14176 0 1777797261 23055
16 407 12100 0 1777797261 23409
19 303 7185 0 1777797261 23417
14 281 8173 0 1777797261 23857
17 303 4292 0 1777797261 23863
15 353 11265 0 1777797261 26693
18 312 3646 0 1777797261 26703
19 304 3310 0 1777797261 26738
17 304 3574 0 1777797261 27447
14 282 4946 0 1777797261 28811
16 408 8485 0 1777797261 31903
14 283 3730 0 1777797261 32543
17 305 5193 0 1777797261 32641
15 354 10610 0 1777797261 37314
17 306 5113 0 1777797261 37756
18 313 11043 0 1777797261 37766
16 409 5958 0 1777797261 37863
19 305 11338 0 1777797261 38078
14 284 5560 0 1777797261 38105
18 314 4014 0 1777797261 41794
15 355 4862 0 1777797261 42178
16 410 5154 0 1777797261 43020
14 285 6040 0 1777797261 44147
17 307 6604 0 1777797261 44371
19 306 7766 0 1777797261 45846
18 315 5166 0 1777797261 46967
15 356 4983 0 1777797261 47163
17 308 4185 0 1777797261 48558
18 316 2597 0 1777797261 49567
19 307 3891 0 1777797261 49743
15 357 7733 0 1777797261 54898
14 286 10942 0 1777797261 55094
16 411 12079 0 1777797261 55100
18 317 5537 0 1777797261 55107
19 308 5368 0 1777797261 55112
17 309 7419 0 1777797261 55979
18 318 7909 0 1777797261 63038
14 287 7968 0 1777797261 63081
16 412 8391 0 1777797261 63513
19 309 8455 0 1777797261 63591
17 310 8508 0 1777797261 64488
19 310 6490 0 1777797261 70083
15 358 15227 0 1777797261 70133
16 413 6711 0 1777797261 70225
14 288 7646 0 1777797261 70728
18 319 7746 0 1777797261 70786
17 311 10894 0 1777797261 75384
18 320 7191 0 1777797261 77978
15 359 8873 0 1777797261 79007
19 311 8986 0 1777797261 79071
16 414 9522 0 1777797261 79748
14 289 9257 0 1777797261 79986
17 312 5862 0 1777797261 81248
18 321 10607 0 1777797261 88587
19 312 9523 0 1777797261 88595
14 290 8853 0 1777797261 88843
18 322 2615 0 1777797261 91212
19 313 2688 0 1777797261 91296
14 291 3616 0 1777797261 92461
17 313 13991 0 1777797261 95242
19 314 4278 0 1777797261 95575
18 323 4703 0 1777797261 95917
14 292 3983 0 1777797261 96453
15 360 19469 0 1777797261 98478
16 415 19041 0 1777797261 98790
17 314 3694 0 1777797261 98938
14 293 6543 0 1777797261 103002
18 324 8145 0 1777797261 104065
19 315 8570 0 1777797261 104146
15 361 5997 0 1777797261 104477
16 416 6374 0 1777797261 105167
14 294 3088 0 1777797261 106093
17 315 7162 0 1777797261 106101
18 325 3950 0 1777797261 108020
15 362 4206 0 1777797261 108685
17 316 5121 0 1777797261 111232
16 417 6200 0 1777797261 111368
19 316 10150 0 1777797261 114297
14 295 8533 0 1777797261 114634
18 326 6669 0 1777797261 114691
17 317 8062 0 1777797261 119296
14 296 4909 0 1777797261 119544
18 327 6088 0 1777797261 120781
15 363 12860 0 1777797261 121550
19 317 7292 0 1777797261 121597
16 418 13467 0 1777797261 124836
17 318 5673 0 1777797261 124973
14 297 6723 0 1777797261 126269
15 364 6275 0 1777797261 127828
18 328 11422 0 1777797261 132213
15 365 4515 0 1777797261 132345
17 319 7404 0 1777797261 132378
14 298 9642 0 1777797261 135918
19 318 14324 0 1777797261 135922
17 320 6465 0 1777797261 138844
16 419 15050 0 1777797261 139888
18 329 9131 0 1777797261 141354
14 299 7513 0 1777797261 143436
15 366 13353 0 1777797261 145701
17 321 6963 0 1777797261 145816
18 330 6315 0 1777797261 147670
16 420 9601 0 1777797261 149491
15 367 4264 0 1777797261 149972
17 322 4107 0 1777797261 149980
19 319 14255 0 1777797261 150183
17 323 2623 0 1777797261 152618
15 368 4379 0 1777797261 154362
18 331 8262 0 1777797261 155939
14 300 12663 0 1777797261 156108
14 301 1449 0 1777797261 157559
14 302 1417 0 1777797261 158979
17 324 8699 0 1777797261 161323
15 369 9815 0 1777797261 164183
16 421 14694 0 1777797261 164193
17 325 2869 0 1777797261 164199
16 422 1179 0 1777797261 165389
14 303 6664 0 1777797261 165644
15 370 2057 0 1777797261 166258
16 423 1362 0 1777797261 166752
14 304 1714 0 1777797261 167359
15 371 2354 0 1777797261 168615
16 424 1882 0 1777797261 168635
17 326 6347 0 1777797261 170564
19 320 21469 0 1777797261 171653
18 332 16179 0 1777797261 172122
16 425 3803 0 1777797261 172439
15 372 6053 0 1777797261 174672
18 333 2559 0 1777797261 174683
17 327 4274 0 1777797261 174842
19 321 3443 0 1777797261 175101
15 373 3766 0 1777797261 178451
17 328 4826 0 1777797261 179670
14 305 13363 0 1777797261 180725
16 426 9209 0 1777797261 181650
17 329 2056 0 1777797261 181732
18 334 8776 0 1777797261 183470
16 427 2380 0 1777797261 184032
17 330 2451 0 1777797261 184184
19 322 10343 0 1777797261 185447
14 306 5030 0 1777797261 185761
14 307 2392 0 1777797261 188156
17 331 5186 0 1777797261 189371
15 374 12542 0 1777797261 190995
17 332 2652 0 1777797261 192027
14 308 7158 0 1777797261 195323
17 333 3301 0 1777797261 195331
18 335 14264 0 1777797261 197736
17 334 4669 0 1777797261 200021
16 428 18189 0 1777797261 202223
15 375 12460 0 1777797261 203457
18 336 6280 0 1777797261 204021
15 376 2726 0 1777797261 206186
16 429 5758 0 1777797261 207983
17 335 8009 0 1777797261 208031
14 309 13838 0 1777797261 209170
15 377 6705 0 1777797261 212897
17 336 6069 0 1777797261 214102
14 310 4958 0 1777797261 214131
18 337 10125 0 1777797261 214148
16 430 7491 0 1777797261 215485
15 378 3755 0 1777797261 216655
14 311 4262 0 1777797261 218394
19 323 32957 0 1777797261 218405
17 337 6846 0 1777797261 220955
16 431 5806 0 1777797261 221292
19 324 3545 0 1777797261 221963
18 338 9532 0 1777797261 223683
17 338 2765 0 1777797261 223722
15 379 7114 0 1777797261 223772
14 312 7150 0 1777797261 225557
17 339 2537 0 1777797261 226260
15 380 7073 0 1777797261 230847
16 432 9686 0 1777797261 230980
18 339 7298 0 1777797261 230983
19 325 9019 0 1777797261 230986
17 340 5149 0 1777797261 231411
14 313 10574 0 1777797261 236132
18 340 6347 0 1777797261 237339
19 326 6348 0 1777797261 237344
16 433 6443 0 1777797261 237430
17 341 8649 0 1777797261 240062
18 341 5978 0 1777797261 243322
14 314 7352 0 1777797261 243485
14 315 5586 0 1777797261 249072
19 327 11818 0 1777797261 249169
17 342 9465 0 1777797261 249528
19 328 4126 0 1777797261 253297
14 316 4259 0 1777797261 253336
16 434 16547 0 1777797261 253978
17 343 5653 0 1777797261 255183
18 342 18987 0 1777797261 262311
15 381 34272 0 1777797261 265120
19 329 11848 0 1777797261 265147
15 382 1307 0 1777797261 266434
14 317 13132 0 1777797261 266469
15 383 2328 0 1777797261 268763
18 343 7593 0 1777797261 269906
15 384 2505 0 1777797261 271273
16 435 17766 0 1777797261 271748
15 385 1238 0 1777797261 272515
17 344 17334 0 1777797261 272522
14 318 7225 0 1777797261 273695
15 386 1419 0 1777797261 273942
18 344 6271 0 1777797261 276183
15 387 2469 0 1777797261 276412
14 319 6164 0 1777797261 279861
15 388 3457 0 1777797261 279871
16 436 8162 0 1777797261 279911
17 345 7742 0 1777797261 280285
19 330 15524 0 1777797261 280672
16 437 3347 0 1777797261 283259
18 345 7135 0 1777797261 283320
17 346 3408 0 1777797261 283696
15 389 3877 0 1777797261 283758
19 331 3096 0 1777797261 283773
15 390 3551 0 1777797261 287310
19 332 4208 0 1777797261 287982
15 391 1287 0 1777797261 288598
16 438 7390 0 1777797261 290651
17 347 6961 0 1777797261 290658
15 392 2409 0 1777797261 291009
19 333 4207 0 1777797261 292194
15 393 4649 0 1777797261 295660
18 346 12403 0 1777797261 295724
14 320 16020 0 1777797261 295892
14 321 3217 0 1777797261 299110
14 322 2332 0 1777797261 301445
15 394 5925 0 1777797261 301588
16 439 12370 0 1777797261 303029
17 348 14461 0 1777797261 305130
19 334 12985 0 1777797261 305184
15 395 4412 0 1777797261 306002
16 440 3657 0 1777797261 306691
14 323 6935 0 1777797261 308452
19 335 3286 0 1777797261 308478
16 441 4614 0 1777797261 311310
19 336 2943 0 1777797261 311434
15 396 5521 0 1777797261 311524
17 349 6739 0 1777797261 311870
14 324 3963 0 1777797261 312444
14 325 2128 0 1777797261 314574
16 442 3426 0 1777797261 314740
19 337 5043 0 1777797261 316478
16 443 3816 0 1777797261 318558
14 326 4203 0 1777797261 318779
15 397 7282 0 1777797261 318808
19 338 2820 0 1777797261 319306
18 347 23802 0 1777797261 319527
17 350 8461 0 1777797261 320333
14 327 3249 0 1777797261 322030
16 444 3480 0 1777797261 322040
19 339 4872 0 1777797261 324179
17 351 4884 0 1777797261 325219
14 328 4869 0 1777797261 326910
16 445 5980 0 1777797261 328034
19 340 4002 0 1777797261 328189
17 352 3226 0 1777797261 328446
15 398 10878 0 1777797261 329688
15 399 973 0 1777797261 330663
18 348 12270 0 1777797261 331799
16 446 5272 0 1777797261 333308
19 341 5975 0 1777797261 334166
15 400 5896 0 1777797261 336562
16 447 4103 0 1777797261 337415
17 353 9492 0 1777797261 337939
15 401 2416 0 1777797261 338980
15 402 7474 0 1777797261 346456
15 403 2845 0 1777797261 349304
18 349 21452 0 1777797261 353262
15 404 4600 0 1777797261 353908
17 354 19324 0 1777797261 357267
19 342 23727 0 1777797261 357895
15 405 5361 0 1777797261 359274
18 350 11539 0 1777797261 364803
18 351 7308 0 1777797261 372112
19 343 23803 0 1777797261 381700
19 344 3226 0 1777797261 384930
16 448 49069 0 1777797261 386489
19 345 2538 0 1777797261 387470
19 346 3056 0 1777797261 390528
17 355 38461 0 1777797261 395731
19 347 5549 0 1777797261 396078
15 406 37186 0 1777797261 396462
15 407 5868 0 1777797261 402332
15 408 2212 0 1777797261 404550
16 449 18080 0 1777797261 404579
16 450 2767 0 1777797261 407347
15 409 2815 0 1777797261 407371
18 352 35263 0 1777797261 407379
19 348 11328 0 1777797261 407407
16 451 2621 0 1777797261 409970
19 349 2751 0 1777797261 410161
15 410 4817 0 1777797261 412197
16 452 2408 0 1777797261 412384
19 350 2511 0 1777797261 412674
17 356 19642 0 1777797261 415382
16 453 3100 0 1777797261 415485
19 351 5434 0 1777797261 418111
18 353 12538 0 1777797261 419928
15 411 9789 0 1777797261 421989
19 352 4442 0 1777797261 422554
17 357 7285 0 1777797261 422668
14 329 97530 0 1777797261 424442
16 454 8963 0 1777797261 424449
17 358 2468 0 1777797261 425137
16 455 5050 0 1777797261 429509
17 359 4381 0 1777797261 429522
18 354 9741 0 1777797261 429676
15 412 8962 0 1777797261 430952
19 353 8699 0 1777797261 431255
17 360 4462 0 1777797261 433996
15 413 3525 0 1777797261 434478
18 355 5076 0 1777797261 434754
15 414 2681 0 1777797261 437161
18 356 2609 0 1777797261 437364
17 361 3458 0 1777797261 437455
19 354 8161 0 1777797261 439417
17 362 3407 0 1777797261 440863
15 415 4567 0 1777797261 441730
17 363 2686 0 1777797261 443550
17 364 3411 0 1777797261 446963
15 416 5341 0 1777797261 447073
19 355 8109 0 1777797261 447528
18 357 14150 0 1777797261 451515
19 356 7580 0 1777797261 455110
14 330 30835 0 1777797261 455285
18 358 4645 0 1777797261 456162
17 365 10828 0 1777797261 457793
18 359 1647 0 1777797261 457811
15 417 16540 0 1777797261 463614
17 366 6068 0 1777797261 463881
14 331 10310 0 1777797261 465596
15 418 2018 0 1777797261 465634
17 367 2119 0 1777797261 466001
15 419 1309 0 1777797261 466944
14 332 1399 0 1777797261 467003
18 360 10993 0 1777797261 468816
15 420 2771 0 1777797261 469717
18 361 1898 0 1777797261 470720
17 368 7413 0 1777797261 473417
14 333 8659 0 1777797261 475663
16 456 47410 0 1777797261 476933
18 362 6650 0 1777797261 477372
17 369 5286 0 1777797261 478706
18 363 2709 0 1777797261 480084
14 334 5008 0 1777797261 480673
17 370 2416 0 1777797261 481129
19 357 26035 0 1777797261 481151
14 335 959 0 1777797261 481633
18 364 2376 0 1777797261 482462
14 336 2062 0 1777797261 483697
15 421 16053 0 1777797261 485775
19 358 4725 0 1777797261 485877
16 457 9976 0 1777797261 486912
16 458 4119 0 1777797261 491070
14 337 7841 0 1777797261 491540
18 365 9563 0 1777797261 492027
15 422 19917 0 1777797261 505700
17 371 24577 0 1777797261 505709
19 359 19871 0 1777797261 505749
14 338 14309 0 1777797261 505854
16 459 14780 0 1777797261 505858
18 366 13834 0 1777797261 505862
17 372 1464 0 1777797261 507184
19 360 2480 0 1777797261 508230
17 373 1850 0 1777797261 509038
17 374 1938 0 1777797261 510981
18 367 5181 0 1777797261 511053
14 339 5426 0 1777797261 511288
16 460 5783 0 1777797261 511650
14 340 2962 0 1777797261 514252
19 361 6071 0 1777797261 514303
16 461 3662 0 1777797261 515314
15 423 10550 0 1777797261 516260
18 368 5526 0 1777797261 516580
17 375 7116 0 1777797261 518099
14 341 4084 0 1777797261 518337
18 369 3423 0 1777797261 520004
17 376 2799 0 1777797261 520904
19 362 9945 0 1777797261 524249
17 377 3483 0 1777797261 524394
18 370 4592 0 1777797261 524598
15 424 12827 0 1777797261 529089
16 462 13779 0 1777797261 529094
14 342 16307 0 1777797261 534646
19 363 10462 0 1777797261 534713
17 378 10332 0 1777797261 534728
18 371 10135 0 1777797261 534734
16 463 10750 0 1777797261 539853
16 464 3122 0 1777797261 542977
16 465 2586 0 1777797261 545565
14 343 14399 0 1777797261 549046
19 364 17534 0 1777797261 552248
17 379 17548 0 1777797261 552283
16 466 8945 0 1777797261 554514
16 467 1928 0 1777797261 556444
18 372 21774 0 1777797261 556517
15 425 27437 0 1777797261 556532
17 380 6551 0 1777797261 558835
18 373 2325 0 1777797261 558843
19 365 6593 0 1777797261 558848
16 468 8689 0 1777797261 565137
15 426 8656 0 1777797261 565189
18 374 6616 0 1777797261 565472
17 381 7650 0 1777797261 566498
14 344 17487 0 1777797261 566541
18 375 1746 0 1777797261 567219
19 366 9048 0 1777797261 567911
15 427 5898 0 1777797261 571090
16 469 6926 0 1777797261 572064
15 428 4839 0 1777797261 575931
17 382 11355 0 1777797261 577859
14 345 12042 0 1777797261 578585
18 376 11368 0 1777797261 578592
19 367 11143 0 1777797261 579056
16 470 8672 0 1777797261 580737
14 346 2337 0 1777797261 580929
14 347 963 0 1777797261 581894
19 368 3122 0 1777797261 582181
15 429 7564 0 1777797261 583497
17 383 6244 0 1777797261 584105
16 471 3378 0 1777797261 584124
18 377 7080 0 1777797261 585681
14 348 3897 0 1777797261 585794
15 430 2553 0 1777797261 586052
19 369 4117 0 1777797261 586300
18 378 2173 0 1777797261 587855
18 379 961 0 1777797261 588819
17 384 7278 0 1777797261 591385
18 380 3955 0 1777797261 592776
17 385 3465 0 1777797261 594851
15 431 9712 0 1777797261 595766
19 370 9787 0 1777797261 596088
17 386 2704 0 1777797261 597562
19 371 2696 0 1777797261 598785
14 349 13221 0 1777797261 599017
16 472 14898 0 1777797261 599023
17 387 1755 0 1777797261 599319
17 388 4546 0 1777797261 603868
14 350 5301 0 1777797261 604326
15 432 9709 0 1777797261 605477
16 473 7470 0 1777797261 606502
19 372 8667 0 1777797261 607459
14 351 4006 0 1777797261 608334
17 389 5467 0 1777797261 609337
15 433 6135 0 1777797261 611613
14 352 3569 0 1777797261 611908
16 474 6400 0 1777797261 612907
19 373 5457 0 1777797261 612919
18 381 20876 0 1777797261 613654
17 390 5647 0 1777797261 614986
14 353 3204 0 1777797261 615113
16 475 2243 0 1777797261 615163
16 476 6009 0 1777797261 621173
19 374 8267 0 1777797261 621199
14 354 6219 0 1777797261 621333
18 382 7704 0 1777797261 621359
17 391 6394 0 1777797261 621388
15 434 9811 0 1777797261 621426
14 355 3836 0 1777797261 625170
19 375 4023 0 1777797261 625285
15 435 5357 0 1777797261 626785
18 383 8536 0 1777797261 629897
17 392 8557 0 1777797261 629947
14 356 5143 0 1777797261 630317
16 477 10649 0 1777797261 631850
17 393 1921 0 1777797261 631870
14 357 1894 0 1777797261 632213
19 376 7494 0 1777797261 632780
18 384 4958 0 1777797261 634857
19 377 2314 0 1777797261 635100
15 436 10166 0 1777797261 636954
19 378 2863 0 1777797261 637967
18 385 3808 0 1777797261 638671
19 379 2110 0 1777797261 640083
18 386 1575 0 1777797261 640247
18 387 1442 0 1777797261 641690
15 437 5576 0 1777797261 642535
19 380 4272 0 1777797261 644362
18 388 3697 0 1777797261 645390
16 478 13855 0 1777797261 645707
19 381 2519 0 1777797261 646886
14 358 15079 0 1777797261 647294
18 389 2405 0 1777797261 647797
14 359 1014 0 1777797261 648309
14 360 1314 0 1777797261 649624
17 394 18391 0 1777797261 650261
18 390 2470 0 1777797261 650271
19 382 4051 0 1777797261 650940
14 361 3412 0 1777797261 653038
15 438 10531 0 1777797261 653069
15 439 1067 0 1777797261 654138
17 395 3966 0 1777797261 654238
16 479 8571 0 1777797261 654322
14 362 3127 0 1777797261 656168
19 383 5412 0 1777797261 656354
19 384 1297 0 1777797261 657653
15 440 4944 0 1777797261 659085
16 480 4968 0 1777797261 659292
14 363 3454 0 1777797261 659625
17 396 5570 0 1777797261 659810
19 385 2396 0 1777797261 660050
18 391 11405 0 1777797261 661688
14 364 4141 0 1777797261 663769
19 386 3737 0 1777797261 663788
16 481 5926 0 1777797261 665219
18 392 3558 0 1777797261 665248
17 397 7139 0 1777797261 666951
19 387 3175 0 1777797261 666964
14 365 3998 0 1777797261 667769
18 393 3068 0 1777797261 668317
18 394 1881 0 1777797261 670199
14 366 2916 0 1777797261 670690
19 388 5032 0 1777797261 672012
17 398 5144 0 1777797261 672110
16 482 9796 0 1777797261 675018
18 395 4842 0 1777797261 675042
17 399 2997 0 1777797261 675109
14 367 4651 0 1777797261 675343
19 389 3498 0 1777797261 675512
15 441 16881 0 1777797261 675968
18 396 1677 0 1777797261 676720
15 442 1279 0 1777797261 677250
19 390 3045 0 1777797261 678559
14 368 3569 0 1777797261 678913
17 400 3811 0 1777797261 678921
18 397 2205 0 1777797261 678927
19 391 4574 0 1777797261 683135
16 483 8781 0 1777797261 683801
14 369 5704 0 1777797261 684632
15 443 7365 0 1777797261 684645
17 401 7289 0 1777797261 686228
19 392 3104 0 1777797261 686241
18 398 9077 0 1777797261 688025
14 370 5072 0 1777797261 689718
18 399 2734 0 1777797261 690761
15 444 7103 0 1777797261 691759
16 484 8041 0 1777797261 691846
19 393 6754 0 1777797261 693013
14 371 3394 0 1777797261 693118
15 445 1364 0 1777797261 693124
15 446 1790 0 1777797261 694924
17 402 10425 0 1777797261 696667
15 447 2961 0 1777797261 697887
16 485 6045 0 1777797261 697893
17 403 1899 0 1777797261 698569
18 400 9474 0 1777797261 700237
14 372 7306 0 1777797261 700431
15 448 3220 0 1777797261 701116
19 394 8569 0 1777797261 701584
17 404 4203 0 1777797261 702776
15 449 5161 0 1777797261 706279
17 405 3703 0 1777797261 706486
18 401 6267 0 1777797261 706511
14 373 7458 0 1777797261 707890
19 395 7786 0 1777797261 709374
14 374 1675 0 1777797261 709567
18 402 4408 0 1777797261 710921
17 406 6957 0 1777797261 713445
16 486 15632 0 1777797261 713536
16 487 1695 0 1777797261 715232
14 375 6713 0 1777797261 716282
18 403 5849 0 1777797261 716772
17 407 3584 0 1777797261 717030
19 396 10871 0 1777797261 720248
17 408 5038 0 1777797261 722073
19 397 3613 0 1777797261 723863
15 450 17685 0 1777797261 723965
17 409 1899 0 1777797261 723973
14 376 9073 0 1777797261 725360
19 398 4705 0 1777797261 728573
14 377 3378 0 1777797261 728740
17 410 8828 0 1777797261 732811
16 488 17589 0 1777797261 732827
15 451 9028 0 1777797261 733002
19 399 4961 0 1777797261 733541
18 404 20670 0 1777797261 737447
16 489 5738 0 1777797261 738566
17 411 5847 0 1777797261 738660
15 452 7549 0 1777797261 740552
17 412 5685 0 1777797261 744347
15 453 4027 0 1777797261 744583
18 405 8449 0 1777797261 745897
19 400 12374 0 1777797261 745919
15 454 3524 0 1777797261 748109
14 378 19392 0 1777797261 748133
18 406 2238 0 1777797261 748139
19 401 3488 0 1777797261 749409
15 455 1748 0 1777797261 749859
18 407 1848 0 1777797261 749996
14 379 1884 0 1777797261 750024
18 408 5091 0 1777797261 755089
16 490 16685 0 1777797261 755253
19 402 5908 0 1777797261 755325
17 413 11024 0 1777797261 755375
14 380 6966 0 1777797261 756991
18 409 4028 0 1777797261 759122
14 381 2149 0 1777797261 759142
15 456 10071 0 1777797261 759931
19 403 5583 0 1777797261 760910
18 410 3631 0 1777797261 762757
17 414 7550 0 1777797261 762927
15 457 3749 0 1777797261 763682
19 404 3674 0 1777797261 764586
17 415 2332 0 1777797261 765261
19 405 887 0 1777797261 765475
14 382 7614 0 1777797261 766758
16 491 11567 0 1777797261 766822
17 416 1639 0 1777797261 766902
15 458 3345 0 1777797261 767028
19 406 1752 0 1777797261 767229
15 459 5017 0 1777797261 772047
18 411 10878 0 1777797261 773640
19 407 7147 0 1777797261 774378
15 460 2349 0 1777797261 774398
17 417 7599 0 1777797261 774542
17 418 2149 0 1777797261 776693
19 408 3397 0 1777797261 777777
15 461 3435 0 1777797261 777835
19 409 2393 0 1777797261 780172
15 462 2513 0 1777797261 780350
18 412 8625 0 1777797261 782269
16 492 16028 0 1777797261 782852
17 419 9538 0 1777797261 786235
18 413 3981 0 1777797261 786251
15 463 10811 0 1777797261 791162
15 464 4037 0 1777797261 795201
16 493 14247 0 1777797261 797104
15 465 2841 0 1777797261 798047
15 466 1099 0 1777797261 799150
15 467 6398 0 1777797261 805550
19 410 26379 0 1777797261 806552
14 383 41174 0 1777797261 807935
19 411 1392 0 1777797261 807947
16 494 12397 0 1777797261 809506
15 468 4733 0 1777797261 810286
14 384 3167 0 1777797261 811115
17 420 25749 0 1777797261 811986
15 469 2881 0 1777797261 813171
17 421 1812 0 1777797261 813799
19 412 5893 0 1777797261 813851
14 385 4377 0 1777797261 815495
16 495 6695 0 1777797261 816203
15 470 6356 0 1777797261 819529
17 422 7048 0 1777797261 820849
18 414 35046 0 1777797261 821298
16 496 7936 0 1777797261 824141
15 471 6050 0 1777797261 825583
18 415 5979 0 1777797261 827278
16 497 5754 0 1777797261 829897
18 416 2623 0 1777797261 829906
14 386 14435 0 1777797261 829932
17 423 9086 0 1777797261 829937
18 417 1953 0 1777797261 831868
15 472 6901 0 1777797261 832487
19 413 18646 0 1777797261 832498
19 414 2327 0 1777797261 834842
17 424 6964 0 1777797261 836911
18 418 5332 0 1777797261 837202
16 498 8728 0 1777797261 838636
14 387 8764 0 1777797261 838702
15 473 8771 0 1777797261 841270
17 425 4363 0 1777797261 841278
18 419 4079 0 1777797261 841283
19 415 6451 0 1777797261 841294
16 499 4831 0 1777797261 843473
18 420 3323 0 1777797261 844637
15 474 4341 0 1777797261 845636
17 426 4443 0 1777797261 845749
17 427 3761 0 1777797261 849511
15 475 3914 0 1777797261 849552
19 416 9109 0 1777797261 850432
14 388 12691 0 1777797261 851394
19 417 2522 0 1777797261 852957
17 428 3982 0 1777797261 853495
15 476 4583 0 1777797261 854137
16 500 10899 0 1777797261 854375
18 421 10150 0 1777797261 854789
16 501 6412 0 1777797261 860788
17 429 7296 0 1777797261 860793
19 418 9830 0 1777797261 862789
19 419 2129 0 1777797261 864920
17 430 5779 0 1777797261 866578
19 420 1918 0 1777797261 866840
18 422 12103 0 1777797261 866897
15 477 12809 0 1777797261 866948
16 502 7869 0 1777797261 868662
17 431 5627 0 1777797261 872208
14 389 20928 0 1777797261 872326
16 503 4171 0 1777797261 872834
18 423 6185 0 1777797261 873083
15 478 8316 0 1777797261 875266
18 424 3334 0 1777797261 876418
19 421 10072 0 1777797261 876914
19 422 1356 0 1777797261 878275
17 432 6082 0 1777797261 878370
15 479 4417 0 1777797261 879689
18 425 4743 0 1777797261 881163
14 390 14293 0 1777797261 886620
19 423 10404 0 1777797261 888681
16 504 15863 0 1777797261 888698
17 433 11212 0 1777797261 889583
15 480 10564 0 1777797261 890254
15 481 1712 0 1777797261 891967
19 424 4492 0 1777797261 893174
19 425 2180 0 1777797261 895360
18 426 14240 0 1777797261 895405
17 434 5834 0 1777797261 895423
15 482 3589 0 1777797261 895558
14 391 14985 0 1777797261 901607
16 505 13549 0 1777797261 902248
14 392 3898 0 1777797261 905508
15 483 9957 0 1777797261 905516
17 435 10915 0 1777797261 906339
19 426 12267 0 1777797261 907630
19 427 1724 0 1777797261 909357
17 436 4901 0 1777797261 911241
15 484 6053 0 1777797261 911581
19 428 2374 0 1777797261 911733
17 437 3705 0 1777797261 914948
14 393 10383 0 1777797261 915901
17 438 3845 0 1777797261 918796
15 485 8822 0 1777797261 920405
19 429 10500 0 1777797261 922234
18 427 28381 0 1777797261 923788
17 439 5039 0 1777797261 923837
16 506 22771 0 1777797261 925025
19 430 3439 0 1777797261 925675
19 431 1430 0 1777797261 927106
18 428 4590 0 1777797261 928380
14 394 12559 0 1777797261 928461
19 432 2570 0 1777797261 929678
18 429 3520 0 1777797261 931902
18 430 1236 0 1777797261 933140
15 486 13031 0 1777797261 933439
18 431 1988 0 1777797261 935131
16 507 12088 0 1777797261 937115
15 487 3819 0 1777797261 937260
17 440 14801 0 1777797261 938640
18 432 4113 0 1777797261 939301
18 433 2232 0 1777797261 941558
15 488 8109 0 1777797261 945370
17 441 8451 0 1777797261 947094
17 442 1956 0 1777797261 949053
18 434 8312 0 1777797261 949878
18 435 1769 0 1777797261 951651
15 489 7988 0 1777797261 953360
16 508 18965 0 1777797261 956083
18 436 4446 0 1777797261 956099
14 395 29215 0 1777797261 957678
18 437 2989 0 1777797261 959089
19 433 30944 0 1777797261 960624
14 396 3230 0 1777797261 960911
18 438 3080 0 1777797261 962171
16 509 6669 0 1777797261 962754
15 490 11445 0 1777797261 964809
19 434 4190 0 1777797261 964816
18 439 7001 0 1777797261 969173
16 510 7598 0 1777797261 970354
19 435 7364 0 1777797261 972191
15 491 8808 0 1777797261 973625
19 436 1445 0 1777797261 973638
17 443 26674 0 1777797261 975730
14 397 15967 0 1777797261 976879
18 440 9246 0 1777797261 978420
19 437 6896 0 1777797261 980553
16 511 10253 0 1777797261 980609
15 492 6989 0 1777797261 980628
17 444 4988 0 1777797261 980720
18 441 2452 0 1777797261 980876
17 445 1917 0 1777797261 982638
18 442 2093 0 1777797261 982970
15 493 3872 0 1777797261 984502
17 446 2622 0 1777797261 985262
19 438 4975 0 1777797261 985529
18 443 3219 0 1777797261 986193
17 447 2450 0 1777797261 987713
15 494 3503 0 1777797261 988007
18 444 4207 0 1777797261 990404
15 495 2817 0 1777797261 990825
17 448 3982 0 1777797261 991698
18 445 5614 0 1777797261 996020
15 496 6272 0 1777797261 997098
16 512 17199 0 1777797261 997810
15 497 1789 0 1777797261 998891
19 439 13516 0 1777797261 999048
18 446 3129 0 1777797261 999152
15 498 2697 0 1777797262 1590
14 398 25185 0 1777797262 2066
18 447 4243 0 1777797262 3396
17 449 11786 0 1777797262 3485
19 440 4456 0 1777797262 3505
16 513 8241 0 1777797262 6052
15 499 5013 0 1777797262 6605
18 448 5354 0 1777797262 8759
14 399 6859 0 1777797262 8927
19 441 5530 0 1777797262 9044
15 500 2616 0 1777797262 9223
17 450 8216 0 1777797262 11722
14 400 5359 0 1777797262 14289
16 514 8241 0 1777797262 14295
17 451 4478 0 1777797262 16202
15 501 7962 0 1777797262 17187
14 401 3899 0 1777797262 18194
18 449 9488 0 1777797262 18253
17 452 3156 0 1777797262 19360
19 442 10321 0 1777797262 19367
18 450 4578 0 1777797262 22832
17 453 4508 0 1777797262 23877
19 443 11110 0 1777797262 30488
17 454 6706 0 1777797262 30587
15 502 13417 0 1777797262 30606
14 402 12789 0 1777797262 30985
16 515 17413 0 1777797262 31716
18 451 9172 0 1777797262 32006
17 455 6847 0 1777797262 37436
19 444 7227 0 1777797262 37721
16 516 7400 0 1777797262 39118
15 503 8630 0 1777797262 39238
18 452 7238 0 1777797262 39245
14 403 9224 0 1777797262 40210
19 445 2498 0 1777797262 40220
16 517 2929 0 1777797262 42048
17 456 4619 0 1777797262 42058
19 446 3195 0 1777797262 43423
18 453 6985 0 1777797262 46240
17 457 4827 0 1777797262 46896
15 504 8967 0 1777797262 48213
16 518 6679 0 1777797262 48738
17 458 3236 0 1777797262 50132
15 505 2347 0 1777797262 50563
16 519 3774 0 1777797262 52516
19 447 9868 0 1777797262 53295
17 459 3428 0 1777797262 53562
18 454 7235 0 1777797262 53608
19 448 4184 0 1777797262 57487
18 455 7524 0 1777797262 61133
19 449 3667 0 1777797262 61155
15 506 10682 0 1777797262 61247
17 460 7731 0 1777797262 61294
14 404 23490 0 1777797262 63711
16 520 11635 0 1777797262 64154
14 405 1352 0 1777797262 65065
16 521 2953 0 1777797262 67109
14 406 2155 0 1777797262 67224
17 461 9886 0 1777797262 71182
14 407 4384 0 1777797262 71610
16 522 10704 0 1777797262 77815
14 408 9598 0 1777797262 81211
16 523 3527 0 1777797262 81349
18 456 30101 0 1777797262 91259
19 450 30154 0 1777797262 91321
17 462 20762 0 1777797262 91946
16 524 10996 0 1777797262 92347
14 409 15552 0 1777797262 96765
19 451 7561 0 1777797262 98884
18 457 8961 0 1777797262 100222
17 463 11775 0 1777797262 103722
18 458 4726 0 1777797262 104951
18 459 1181 0 1777797262 106136
15 507 45034 0 1777797262 106283
18 460 793 0 1777797262 106932
14 410 10275 0 1777797262 107044
15 508 861 0 1777797262 107146
18 461 4704 0 1777797262 111640
16 525 20786 0 1777797262 113136
18 462 11114 0 1777797262 122817
15 509 15742 0 1777797262 122891
14 411 15870 0 1777797262 122916
19 452 26108 0 1777797262 124995
15 510 17899 0 1777797262 140792
16 526 33652 0 1777797262 146792
16 527 5164 0 1777797262 151960
14 412 31456 0 1777797262 154374
16 528 2420 0 1777797262 154386
16 529 6271 0 1777797262 160669
19 453 37022 0 1777797262 162019
17 464 59581 0 1777797262 163313
14 413 9078 0 1777797262 163465
17 465 1731 0 1777797262 165048
16 530 6932 0 1777797262 167604
17 466 2558 0 1777797262 167609
19 454 6991 0 1777797262 169012
17 467 3787 0 1777797262 171403
19 455 3088 0 1777797262 172103
17 468 1755 0 1777797262 173162
15 511 34504 0 1777797262 175302
17 469 2932 0 1777797262 176097
19 456 5499 0 1777797262 177606
17 470 2683 0 1777797262 178782
18 463 56198 0 1777797262 179017
18 464 1340 0 1777797262 180361
16 531 14885 0 1777797262 182496
18 465 2445 0 1777797262 182812
19 457 5231 0 1777797262 182839
15 512 9251 0 1777797262 184556
17 471 5924 0 1777797262 184708
14 414 21460 0 1777797262 184929
19 458 3035 0 1777797262 185875
16 532 11149 0 1777797262 193647
18 466 12728 0 1777797262 195542
14 415 14550 0 1777797262 199481
15 513 19258 0 1777797262 203816
16 533 10171 0 1777797262 203820
17 472 19115 0 1777797262 203825
17 473 10546 0 1777797262 214382
19 459 28761 0 1777797262 214639
15 514 10871 0 1777797262 214696
18 467 19741 0 1777797262 215288
15 515 4705 0 1777797262 219402
19 460 6244 0 1777797262 220884
18 468 5991 0 1777797262 221280
17 474 7507 0 1777797262 221892
15 516 7544 0 1777797262 226951
18 469 5875 0 1777797262 227157
14 416 29953 0 1777797262 229437
17 475 8843 0 1777797262 230737
17 476 2085 0 1777797262 232824
19 461 15069 0 1777797262 235955
16 534 32881 0 1777797262 236711
14 417 7963 0 1777797262 237402
16 535 3086 0 1777797262 239799
18 470 13494 0 1777797262 240652
15 517 16139 0 1777797262 243094
18 471 4243 0 1777797262 244898
14 418 10351 0 1777797262 247755
16 536 7961 0 1777797262 247762
17 477 16527 0 1777797262 249355
16 537 6854 0 1777797262 254627
17 478 5789 0 1777797262 255151
14 419 7541 0 1777797262 255304
15 518 13700 0 1777797262 256797
16 538 11293 0 1777797262 265921
17 479 10807 0 1777797262 265960
18 472 21077 0 1777797262 265978
14 420 10942 0 1777797262 266247
19 462 37532 0 1777797262 273490
14 421 11853 0 1777797262 278100
15 519 21309 0 1777797262 278108
16 539 12190 0 1777797262 278114
17 480 12140 0 1777797262 278119
18 473 12136 0 1777797262 278124
18 474 7675 0 1777797262 285875
19 463 12389 0 1777797262 285882
16 540 9135 0 1777797262 287273
17 481 9088 0 1777797262 287278
15 520 10055 0 1777797262 288188
15 521 6826 0 1777797262 295015
16 541 7752 0 1777797262 295030
18 475 9153 0 1777797262 295036
14 422 20831 0 1777797262 299370
17 482 12093 0 1777797262 299378
19 464 13480 0 1777797262 299381
15 522 11544 0 1777797262 306582
16 542 11535 0 1777797262 306589
14 423 8086 0 1777797262 307467
17 483 16499 0 1777797262 315885
16 543 10880 0 1777797262 317478
18 476 22420 0 1777797262 317482
19 465 18095 0 1777797262 317485
15 523 13227 0 1777797262 319816
14 424 12622 0 1777797262 320090
17 484 8467 0 1777797262 324355
16 544 12375 0 1777797262 329862
18 477 14954 0 1777797262 332445
14 425 12998 0 1777797262 333092
17 485 9332 0 1777797262 333693
19 466 16206 0 1777797262 333702
15 524 14072 0 1777797262 333892
16 545 9937 0 1777797262 339805
18 478 7365 0 1777797262 339813
15 525 9598 0 1777797262 343492
17 486 9784 0 1777797262 343504
19 467 12017 0 1777797262 345882
14 426 16742 0 1777797262 350445
15 526 10039 0 1777797262 353545
16 546 13740 0 1777797262 353554
18 479 13916 0 1777797262 353739
15 527 7377 0 1777797262 361118
17 487 17589 0 1777797262 361124
19 468 15243 0 1777797262 361127
16 547 10565 0 1777797262 364324
14 427 15387 0 1777797262 365836
18 480 12096 0 1777797262 365865
15 528 14238 0 1777797262 375366
17 488 14247 0 1777797262 375382
19 469 14248 0 1777797262 375389
16 548 12576 0 1777797262 376903
14 428 14259 0 1777797262 380125
18 481 14256 0 1777797262 380133
15 529 10626 0 1777797262 386016
17 489 10636 0 1777797262 386043
19 470 10583 0 1777797262 386047
16 549 12295 0 1777797262 389200
14 429 13486 0 1777797262 393620
18 482 13480 0 1777797262 393624
15 530 10107 0 1777797262 396155
17 490 10134 0 1777797262 396192
19 471 10145 0 1777797262 396207
16 550 8797 0 1777797262 397998
18 483 12430 0 1777797262 406060
15 531 30446 0 1777797262 426654
16 551 31335 0 1777797262 429339
14 430 36605 0 1777797262 430229
19 472 34870 0 1777797262 431140
17 491 39150 0 1777797262 435394
19 473 4837 0 1777797262 435982
19 474 1532 0 1777797262 437519
14 431 9305 0 1777797262 439537
19 475 2018 0 1777797262 439545
17 492 9872 0 1777797262 445267
19 476 7296 0 1777797262 446852
14 432 7724 0 1777797262 447271
19 477 2101 0 1777797262 448958
17 493 3707 0 1777797262 448975
14 433 5210 0 1777797262 452483
19 478 3532 0 1777797262 452491
17 494 3553 0 1777797262 452529
17 495 1788 0 1777797262 454318
16 552 26790 0 1777797262 456132
19 479 3634 0 1777797262 456138
14 434 4709 0 1777797262 457201
19 480 1953 0 1777797262 458101
16 553 3772 0 1777797262 459911
19 481 3329 0 1777797262 461433
16 554 3792 0 1777797262 463707
17 496 9411 0 1777797262 463731
14 435 6732 0 1777797262 463936
14 436 1948 0 1777797262 465885
17 497 2784 0 1777797262 466527
19 482 5176 0 1777797262 466611
19 483 2176 0 1777797262 468788
14 437 5432 0 1777797262 471319
16 555 7596 0 1777797262 471328
19 484 2875 0 1777797262 471666
18 484 66323 0 1777797262 472385
16 556 2198 0 1777797262 473537
19 485 2260 0 1777797262 473927
19 486 1255 0 1777797262 475184
14 438 6387 0 1777797262 477716
19 487 2544 0 1777797262 477732
16 557 5149 0 1777797262 478688
19 488 1500 0 1777797262 479249
14 439 2375 0 1777797262 480108
15 532 53667 0 1777797262 480329
18 485 12992 0 1777797262 485379
15 533 5550 0 1777797262 485880
16 558 7196 0 1777797262 485886
17 498 19375 0 1777797262 485903
19 489 6660 0 1777797262 485911
18 486 4462 0 1777797262 489848
19 490 3925 0 1777797262 489858
16 559 6660 0 1777797262 492580
15 534 9339 0 1777797262 495251
17 499 9334 0 1777797262 495260
18 487 5407 0 1777797262 495266
19 491 5399 0 1777797262 495272
16 560 3287 0 1777797262 495873
14 440 16365 0 1777797262 496475
16 561 1635 0 1777797262 497510
19 492 2610 0 1777797262 497952
17 500 3422 0 1777797262 498708
17 501 935 0 1777797262 499645
16 562 2898 0 1777797262 500409
15 535 5296 0 1777797262 500570
19 493 3120 0 1777797262 501075
16 563 1435 0 1777797262 501846
17 502 2212 0 1777797262 501859
19 494 3363 0 1777797262 504440
17 503 3169 0 1777797262 505055
15 536 4682 0 1777797262 505253
16 564 4290 0 1777797262 506150
19 495 2097 0 1777797262 506544
17 504 1507 0 1777797262 506563
14 441 10687 0 1777797262 507163
16 565 1868 0 1777797262 508020
19 496 1880 0 1777797262 508426
18 488 13153 0 1777797262 508450
17 505 3170 0 1777797262 509736
18 489 1568 0 1777797262 510019
15 537 5428 0 1777797262 510682
16 566 5284 0 1777797262 513308
18 490 3301 0 1777797262 513322
19 497 4946 0 1777797262 513376
14 442 8317 0 1777797262 515482
16 567 2178 0 1777797262 515516
19 498 2154 0 1777797262 515531
15 538 5116 0 1777797262 515799
18 491 2468 0 1777797262 515821
19 499 3456 0 1777797262 519002
14 443 14181 0 1777797262 529714
15 539 13920 0 1777797262 529721
17 506 20003 0 1777797262 529740
18 492 13938 0 1777797262 529760
14 444 5598 0 1777797262 535361
17 507 5244 0 1777797262 535368
15 540 7346 0 1777797262 537409
18 493 7030 0 1777797262 537418
17 508 5695 0 1777797262 541403
18 494 4239 0 1777797262 541677
14 445 10171 0 1777797262 545539
15 541 8129 0 1777797262 545548
18 495 5871 0 1777797262 547551
19 500 29826 0 1777797262 548830
17 509 12831 0 1777797262 554236
18 496 6701 0 1777797262 554253
14 446 9628 0 1777797262 555195
15 542 9608 0 1777797262 555204
16 568 39669 0 1777797262 555209
19 501 6379 0 1777797262 555216
14 447 7851 0 1777797262 563069
15 543 7854 0 1777797262 563081
16 569 7855 0 1777797262 563089
17 510 8842 0 1777797262 563101
18 497 8827 0 1777797262 563109
19 502 7875 0 1777797262 563116
15 544 3288 0 1777797262 566420
14 448 5888 0 1777797262 569005
17 511 5886 0 1777797262 569033
19 503 5864 0 1777797262 569036
18 498 6523 0 1777797262 569678
14 449 9016 0 1777797262 578054
15 545 11649 0 1777797262 578071
16 570 14940 0 1777797262 578081
17 512 9045 0 1777797262 578087
18 499 8414 0 1777797262 578093
19 504 9051 0 1777797262 578099
14 450 4074 0 1777797262 582173
16 571 4062 0 1777797262 582182
17 513 4061 0 1777797262 582188
19 505 4008 0 1777797262 582198
15 546 4123 0 1777797262 582236
14 451 4647 0 1777797262 586847
17 514 4692 0 1777797262 586909
19 506 4724 0 1777797262 586947
16 572 7716 0 1777797262 589927
18 500 11751 0 1777797262 589932
14 452 4664 0 1777797262 591613
17 515 4651 0 1777797262 591620
15 547 12997 0 1777797262 595234
19 507 8262 0 1777797262 595240
18 501 7984 0 1777797262 597922
16 573 11627 0 1777797262 601559
15 548 12825 0 1777797262 608065
18 502 11816 0 1777797262 609741
17 516 22515 0 1777797262 614143
19 508 18902 0 1777797262 614148
14 453 24614 0 1777797262 616234
15 549 12878 0 1777797262 620945
16 574 19390 0 1777797262 620954
18 503 11219 0 1777797262 620961
19 509 6811 0 1777797262 620967
17 517 8926 0 1777797262 623075
14 454 8286 0 1777797262 624522
15 550 6160 0 1777797262 627128
16 575 7733 0 1777797262 628714
19 510 7721 0 1777797262 628736
18 504 8522 0 1777797262 629515
15 551 3799 0 1777797262 630928
14 455 8973 0 1777797262 633497
15 552 3243 0 1777797262 634172
16 576 5439 0 1777797262 634177
18 505 4662 0 1777797262 634179
19 511 6656 0 1777797262 635410
14 456 9775 0 1777797262 643273
15 553 9101 0 1777797262 643280
17 518 20207 0 1777797262 643284
16 577 11993 0 1777797262 646244
18 506 11993 0 1777797262 646248
19 512 11511 0 1777797262 646921
15 554 5819 0 1777797262 649115
15 555 2195 0 1777797262 651311
18 507 5061 0 1777797262 651315
19 513 4396 0 1777797262 651319
16 578 5889 0 1777797262 652137
17 519 8842 0 1777797262 652141
15 556 2963 0 1777797262 654282
19 514 2961 0 1777797262 654294
14 457 11328 0 1777797262 654613
19 515 1572 0 1777797262 655867
15 557 3100 0 1777797262 657383
17 520 7273 0 1777797262 659420
16 579 9024 0 1777797262 661166
18 508 11182 0 1777797262 662510
19 516 6853 0 1777797262 662722
14 458 12102 0 1777797262 666716
15 558 13953 0 1777797262 671337
14 459 18362 0 1777797262 685079
18 509 26309 0 1777797262 688820
19 517 26742 0 1777797262 689465
15 559 19277 0 1777797262 690616
19 518 2027 0 1777797262 691498
16 580 31060 0 1777797262 692228
15 560 3299 0 1777797262 693916
14 460 13566 0 1777797262 698648
15 561 4735 0 1777797262 698652
16 581 6427 0 1777797262 698656
19 519 7162 0 1777797262 698660
15 562 8075 0 1777797262 706740
15 563 2576 0 1777797262 709317
18 510 20515 0 1777797262 709336
16 582 15376 0 1777797262 714045
18 511 6457 0 1777797262 715812
14 461 17526 0 1777797262 716186
15 564 8604 0 1777797262 717942
17 521 60459 0 1777797262 719881
16 583 14878 0 1777797262 728925
14 462 12771 0 1777797262 728958
14 463 23733 0 1777797262 752692
16 584 24541 0 1777797262 753471
18 512 37663 0 1777797262 753476
17 522 38791 0 1777797262 758690
18 513 11522 0 1777797262 765005
17 523 15523 0 1777797262 774216
19 520 75550 0 1777797262 774222
16 585 21399 0 1777797262 774875
14 464 23280 0 1777797262 775974
15 565 58027 0 1777797262 775978
17 524 6376 0 1777797262 780599
18 514 15599 0 1777797262 780606
16 586 11913 0 1777797262 786789
19 521 12515 0 1777797262 786794
14 465 12760 0 1777797262 788738
15 566 16398 0 1777797262 792381
16 587 5591 0 1777797262 792385
17 525 11782 0 1777797262 792389
18 515 11777 0 1777797262 792392
19 522 5546 0 1777797262 792395
14 466 13611 0 1777797262 802350
17 526 9948 0 1777797262 802354
18 516 9949 0 1777797262 802358
15 567 10242 0 1777797262 802638
16 588 18058 0 1777797262 810459
14 467 12507 0 1777797262 814866
18 517 12501 0 1777797262 814871
19 523 22530 0 1777797262 814944
15 568 18206 0 1777797262 820851
17 527 18494 0 1777797262 820858
16 589 13425 0 1777797262 823885
19 524 15189 0 1777797262 830146
14 468 16647 0 1777797262 831592
15 569 10777 0 1777797262 831635
17 528 10794 0 1777797262 831662
18 518 18104 0 1777797262 833058
16 590 13599 0 1777797262 837486
14 469 9203 0 1777797262 840866
15 570 10209 0 1777797262 841894
17 529 10724 0 1777797262 842419
18 519 9341 0 1777797262 842422
19 525 12278 0 1777797262 842425
14 470 12874 0 1777797262 853749
15 571 11858 0 1777797262 853753
16 591 16269 0 1777797262 853757
17 530 11335 0 1777797262 853761
18 520 11334 0 1777797262 853764
19 526 11333 0 1777797262 853768
14 471 8604 0 1777797262 862373
15 572 8604 0 1777797262 862379
16 592 8605 0 1777797262 862383
17 531 8606 0 1777797262 862388
18 521 8606 0 1777797262 862391
19 527 8606 0 1777797262 862395
14 472 6901 0 1777797262 869296
15 573 7365 0 1777797262 869767
16 593 7363 0 1777797262 869771
18 522 7357 0 1777797262 869774
19 528 7356 0 1777797262 869777
17 532 12378 0 1777797262 874791
14 473 8925 0 1777797262 878222
19 529 8447 0 1777797262 878285
15 574 9198 0 1777797262 878977
18 523 9193 0 1777797262 879028
16 594 9793 0 1777797262 879622
17 533 5461 0 1777797262 880255
15 575 7842 0 1777797262 886871
18 524 7840 0 1777797262 886877
19 530 10850 0 1777797262 889140
14 474 11314 0 1777797262 889537
16 595 10331 0 1777797262 889953
17 534 9700 0 1777797262 889956
15 576 6896 0 1777797262 893774
18 525 6895 0 1777797262 893778
14 475 6797 0 1777797262 896335
19 531 8055 0 1777797262 897196
16 596 7696 0 1777797262 897652
17 535 9345 0 1777797262 899305
18 526 9069 0 1777797262 902854
16 597 6166 0 1777797262 903823
14 476 8248 0 1777797262 904585
15 577 10811 0 1777797262 904590
17 536 6868 0 1777797262 906175
18 527 3324 0 1777797262 906178
16 598 7614 0 1777797262 911437
19 532 14245 0 1777797262 911443
14 477 7158 0 1777797262 911749
15 578 7156 0 1777797262 911752
17 537 8633 0 1777797262 914811
18 528 8635 0 1777797262 914818
14 478 8568 0 1777797262 920320
15 579 8570 0 1777797262 920327
19 533 10136 0 1777797262 921587
16 599 10177 0 1777797262 921620
17 538 12520 0 1777797262 927339
18 529 12529 0 1777797262 927352
16 600 10112 0 1777797262 931732
14 479 17743 0 1777797262 939332
15 580 17775 0 1777797262 939374
18 530 12022 0 1777797262 939381
19 534 17777 0 1777797262 939385
17 539 13506 0 1777797262 940859
16 601 13266 0 1777797262 945001
14 480 6615 0 1777797262 946000
14 481 11344 0 1777797262 957345
15 581 17959 0 1777797262 957351
16 602 12355 0 1777797262 957357
17 540 16501 0 1777797262 957364
18 531 17972 0 1777797262 957370
19 535 17974 0 1777797262 957376
14 482 8829 0 1777797262 966206
15 582 8842 0 1777797262 966227
16 603 8841 0 1777797262 966234
18 532 8845 0 1777797262 966249
19 536 8848 0 1777797262 966257
14 483 4755 0 1777797262 971013
15 583 4751 0 1777797262 971026
19 537 4671 0 1777797262 971032
17 541 14660 0 1777797262 972059
16 604 8160 0 1777797262 974500
18 533 8166 0 1777797262 974519
15 584 4565 0 1777797262 975620
14 484 4640 0 1777797262 975672
16 605 3510 0 1777797262 978030
18 534 3491 0 1777797262 978036
19 538 6985 0 1777797262 978050
17 542 9430 0 1777797262 981491
18 535 3432 0 1777797262 981496
19 539 3423 0 1777797262 981501
14 485 10582 0 1777797262 986256
15 585 10638 0 1777797262 986261
16 606 8212 0 1777797262 986264
18 536 7080 0 1777797262 988588
17 543 12660 0 1777797262 994162
14 486 11632 0 1777797262 997897
15 586 11649 0 1777797262 997919
16 607 11650 0 1777797262 997925
18 537 9341 0 1777797262 997932
19 540 16424 0 1777797262 997937
17 544 4229 0 1777797262 998396
18 538 2163 0 1777797263 194
14 487 7238 0 1777797263 5176
15 587 7234 0 1777797263 5182
16 608 7246 0 1777797263 5204
17 545 6829 0 1777797263 5226
19 541 7198 0 1777797263 5238
18 539 9574 0 1777797263 9776
17 546 6010 0 1777797263 11290
19 542 6028 0 1777797263 11316
14 488 7894 0 1777797263 13134
15 588 7890 0 1777797263 13149
16 609 7887 0 1777797263 13156
18 540 5116 0 1777797263 14901
14 489 8722 0 1777797263 21879
15 589 8725 0 1777797263 21899
16 610 8733 0 1777797263 21914
17 547 10624 0 1777797263 21921
19 543 10610 0 1777797263 21928
18 541 8188 0 1777797263 23091
14 490 6138 0 1777797263 28067
15 590 6204 0 1777797263 28141
16 611 6240 0 1777797263 28184
19 544 6230 0 1777797263 28195
17 548 11423 0 1777797263 33381
18 542 10384 0 1777797263 33476
19 545 5141 0 1777797263 33482
14 491 9900 0 1777797263 38096
16 612 10076 0 1777797263 38340
15 591 10134 0 1777797263 38358
18 543 7014 0 1777797263 40508
19 546 7025 0 1777797263 40538
14 492 4126 0 1777797263 42225
15 592 8007 0 1777797263 46366
16 613 8045 0 1777797263 46386
14 493 4506 0 1777797263 46734
16 614 3599 0 1777797263 50003
15 593 4433 0 1777797263 50820
14 494 7010 0 1777797263 53747
17 549 20661 0 1777797263 54144
19 547 14126 0 1777797263 54665
14 495 1398 0 1777797263 55155
18 544 14650 0 1777797263 55163
18 545 4071 0 1777797263 59247
19 548 4598 0 1777797263 59264
15 594 9687 0 1777797263 60513
14 496 8315 0 1777797263 63480
15 595 6967 0 1777797263 67483
14 497 7347 0 1777797263 70829
19 549 11578 0 1777797263 70843
16 615 21370 0 1777797263 71375
15 596 3998 0 1777797263 71485
18 546 12958 0 1777797263 72206
18 547 1157 0 1777797263 73369
14 498 8498 0 1777797263 79343
15 597 7868 0 1777797263 79354
17 550 25211 0 1777797263 79361
19 550 8510 0 1777797263 79367
16 616 9661 0 1777797263 81039
14 499 3572 0 1777797263 82940
17 551 3596 0 1777797263 82991
16 617 6747 0 1777797263 87787
14 500 5156 0 1777797263 88098
17 552 5481 0 1777797263 88474
16 618 5028 0 1777797263 92818
14 501 5080 0 1777797263 93179
14 502 13061 0 1777797263 106242
15 598 34486 0 1777797263 113873
17 553 25402 0 1777797263 113880
18 548 40517 0 1777797263 113887
19 551 34500 0 1777797263 113902
14 503 9374 0 1777797263 115621
16 619 22814 0 1777797263 115634
19 552 17579 0 1777797263 131553
14 504 20697 0 1777797263 136333
15 599 22813 0 1777797263 136716
16 620 30035 0 1777797263 145683
18 549 31729 0 1777797263 145692
19 553 14134 0 1777797263 145696
17 554 36103 0 1777797263 150055
14 505 20281 0 1777797263 156616
18 550 10943 0 1777797263 156651
15 600 26179 0 1777797263 162897
16 621 17210 0 1777797263 162906
17 555 12855 0 1777797263 162913
18 551 6248 0 1777797263 162920
19 554 17213 0 1777797263 162927
14 506 7801 0 1777797263 164454
18 552 8016 0 1777797263 170997
19 555 8017 0 1777797263 171005
15 601 9070 0 1777797263 171999
16 622 9041 0 1777797263 172005
17 556 9038 0 1777797263 172012
17 557 5569 0 1777797263 177598
18 553 6653 0 1777797263 177659
19 556 6665 0 1777797263 177682
14 507 13265 0 1777797263 177721
15 602 6330 0 1777797263 178343
16 623 6341 0 1777797263 178363
18 554 4978 0 1777797263 182674
14 508 10112 0 1777797263 187835
17 558 10170 0 1777797263 187853
19 557 10156 0 1777797263 187860
15 603 10626 0 1777797263 188990
18 555 8069 0 1777797263 190745
17 559 9995 0 1777797263 197875
14 509 10934 0 1777797263 198795
15 604 9808 0 1777797263 198802
16 624 20413 0 1777797263 198807
18 556 9159 0 1777797263 199907
19 558 12033 0 1777797263 199921
19 559 5172 0 1777797263 205103
15 605 7877 0 1777797263 206694
16 625 7878 0 1777797263 206701
18 557 6785 0 1777797263 206707
14 510 9028 0 1777797263 207836
19 560 3427 0 1777797263 208539
19 561 3740 0 1777797263 212281
14 511 4824 0 1777797263 212663
15 606 8717 0 1777797263 215425
17 560 17988 0 1777797263 215866
16 626 9168 0 1777797263 215888
18 558 10112 0 1777797263 216841
19 562 6237 0 1777797263 218520
14 512 8392 0 1777797263 221057
15 607 5636 0 1777797263 221064
16 627 5922 0 1777797263 221811
17 561 5948 0 1777797263 221818
14 513 7686 0 1777797263 228751
18 559 14100 0 1777797263 230943
19 563 12435 0 1777797263 230962
15 608 10980 0 1777797263 232062
17 562 10506 0 1777797263 232332
16 628 11867 0 1777797263 233685
14 514 9378 0 1777797263 238132
18 560 7178 0 1777797263 238141
19 564 7175 0 1777797263 238147
15 609 8983 0 1777797263 241047
17 563 8720 0 1777797263 241054
16 629 8228 0 1777797263 241915
18 561 3758 0 1777797263 241924
14 515 7859 0 1777797263 246007
15 610 5340 0 1777797263 246395
19 565 8947 0 1777797263 247129
16 630 5889 0 1777797263 247814
18 562 5881 0 1777797263 247820
17 564 12783 0 1777797263 253854
14 516 8913 0 1777797263 254921
15 611 8538 0 1777797263 254935
19 566 9699 0 1777797263 256833
14 517 6102 0 1777797263 261038
15 612 6093 0 1777797263 261047
16 631 13231 0 1777797263 261053
17 565 7252 0 1777797263 261108
18 563 13286 0 1777797263 261115
19 567 6015 0 1777797263 262851
14 518 5058 0 1777797263 266174
15 613 5047 0 1777797263 266183
16 632 5011 0 1777797263 266187
17 566 5190 0 1777797263 266380
18 564 5190 0 1777797263 266388
19 568 8702 0 1777797263 271554
15 614 5723 0 1777797263 271924
18 565 6601 0 1777797263 273011
19 569 2300 0 1777797263 273856
14 519 10876 0 1777797263 277064
15 615 7570 0 1777797263 279498
19 570 5893 0 1777797263 279751
18 566 7485 0 1777797263 280498
17 567 15958 0 1777797263 282347
14 520 10636 0 1777797263 287703
16 633 21503 0 1777797263 287709
19 571 7963 0 1777797263 287715
15 616 11297 0 1777797263 290797
18 567 10306 0 1777797263 290808
16 634 5219 0 1777797263 292943
17 568 10952 0 1777797263 293304
19 572 5904 0 1777797263 293634
14 521 6142 0 1777797263 293858
17 569 2881 0 1777797263 296188
16 635 3781 0 1777797263 296727
15 617 7408 0 1777797263 298217
19 573 5076 0 1777797263 298712
14 522 7216 0 1777797263 301076
16 636 4996 0 1777797263 301726
18 568 10938 0 1777797263 301757
15 618 4373 0 1777797263 302595
17 570 6409 0 1777797263 302604
19 574 4448 0 1777797263 303162
17 571 53356 0 1777797263 355971
18 569 54212 0 1777797263 355982
19 575 52825 0 1777797263 355989
16 637 54717 0 1777797263 356476
14 523 57018 0 1777797263 358098
17 572 3750 0 1777797263 359740
15 619 58837 0 1777797263 361442
14 524 11206 0 1777797263 369307
17 573 9663 0 1777797263 369406
18 570 13413 0 1777797263 369412
16 638 13553 0 1777797263 370032
19 576 14730 0 1777797263 370735
15 620 12104 0 1777797263 373550
14 525 4337 0 1777797263 373750
19 577 3215 0 1777797263 373956
16 639 5698 0 1777797263 375733
18 571 7421 0 1777797263 376850
18 572 2394 0 1777797263 379247
14 526 14712 0 1777797263 388463
15 621 14932 0 1777797263 388484
16 640 12758 0 1777797263 388495
17 574 19079 0 1777797263 388502
19 578 14553 0 1777797263 388510
18 573 9970 0 1777797263 389220
15 622 2454 0 1777797263 390977
17 575 3939 0 1777797263 392479
14 527 4003 0 1777797263 392515
19 579 3975 0 1777797263 392533
15 623 15429 0 1777797263 406409
19 580 13881 0 1777797263 406415
17 576 15665 0 1777797263 408151
19 581 2236 0 1777797263 408661
14 528 20037 0 1777797263 412554
15 624 9491 0 1777797263 415907
16 641 27382 0 1777797263 415914
18 574 26698 0 1777797263 415920
17 577 8105 0 1777797263 416270
14 529 12040 0 1777797263 424597
19 582 15941 0 1777797263 424605
15 625 12409 0 1777797263 428329
16 642 12389 0 1777797263 428337
17 578 12071 0 1777797263 428343
15 626 10152 0 1777797263 438496
18 575 22536 0 1777797263 438504
19 583 13894 0 1777797263 438510
16 643 12459 0 1777797263 440813
17 579 13778 0 1777797263 442139
14 530 18013 0 1777797263 442619
19 584 6292 0 1777797263 444817
16 644 5913 0 1777797263 446728
15 627 8463 0 1777797263 446974
19 585 7996 0 1777797263 452815
15 628 9914 0 1777797263 456890
18 576 18995 0 1777797263 457514
18 577 1699 0 1777797263 459215
18 578 2444 0 1777797263 461661
15 629 7196 0 1777797263 464091
15 630 1558 0 1777797263 465652
14 531 23915 0 1777797263 466536
15 631 3936 0 1777797263 469591
18 579 9045 0 1777797263 470708
15 632 1274 0 1777797263 470869
17 580 28987 0 1777797263 471128
15 633 6470 0 1777797263 477343
17 581 6238 0 1777797263 477368
18 580 6667 0 1777797263 477377
15 634 3494 0 1777797263 480873
17 582 12660 0 1777797263 490069
14 532 24241 0 1777797263 490779
17 583 5040 0 1777797263 495112
14 533 14924 0 1777797263 505707
15 635 24841 0 1777797263 505715
18 581 28275 0 1777797263 505738
19 586 53984 0 1777797263 506801
18 582 4692 0 1777797263 510455
14 534 6158 0 1777797263 511897
17 584 16783 0 1777797263 511904
15 636 6767 0 1777797263 512520
16 645 66139 0 1777797263 512869
18 583 2937 0 1777797263 513400
15 637 2406 0 1777797263 514932
18 584 3507 0 1777797263 516911
14 535 8478 0 1777797263 520383
17 585 9736 0 1777797263 521650
19 587 21188 0 1777797263 527991
18 585 12624 0 1777797263 529540
15 638 14938 0 1777797263 529900
16 646 22889 0 1777797263 535761
14 536 16085 0 1777797263 536470
19 588 9479 0 1777797263 537477
17 586 19553 0 1777797263 541205
16 647 6389 0 1777797263 542153
14 537 9176 0 1777797263 545648
15 639 15760 0 1777797263 545661
18 586 16696 0 1777797263 546239
15 640 1578 0 1777797263 547252
14 538 3209 0 1777797263 548872
16 648 7788 0 1777797263 549943
17 587 12581 0 1777797263 553789
18 587 7561 0 1777797263 553805
14 539 5674 0 1777797263 554548
16 649 9125 0 1777797263 559072
17 588 6053 0 1777797263 559859
15 641 15449 0 1777797263 562706
16 650 6810 0 1777797263 565884
15 642 3429 0 1777797263 566137
16 651 5564 0 1777797263 571451
19 589 33940 0 1777797263 571458
15 643 6933 0 1777797263 573073
16 652 4233 0 1777797263 575692
15 644 2965 0 1777797263 576041
14 540 24345 0 1777797263 578895
17 589 19044 0 1777797263 578908
16 653 3820 0 1777797263 579515
18 588 26172 0 1777797263 579997
15 645 8826 0 1777797263 584870
16 654 7193 0 1777797263 586709
15 646 4599 0 1777797263 589472
19 590 19949 0 1777797263 591419
18 589 18501 0 1777797263 598500
14 541 20247 0 1777797263 599156
15 647 9681 0 1777797263 599163
16 655 12457 0 1777797263 599169
17 590 20278 0 1777797263 599198
17 591 1903 0 1777797263 601127
19 591 9901 0 1777797263 601326
14 542 4834 0 1777797263 604033
15 648 4831 0 1777797263 604040
18 590 5537 0 1777797263 604047
16 656 6267 0 1777797263 605484
17 592 4371 0 1777797263 605500
19 592 4179 0 1777797263 605507
15 649 3875 0 1777797263 608054
14 543 4731 0 1777797263 608779
18 591 9030 0 1777797263 613245
14 544 8139 0 1777797263 616920
15 650 8878 0 1777797263 616935
16 657 11434 0 1777797263 616942
19 593 11425 0 1777797263 616949
17 593 11538 0 1777797263 617056
18 592 4358 0 1777797263 617604
14 545 2586 0 1777797263 619536
16 658 2969 0 1777797263 619944
18 593 3376 0 1777797263 620981
15 651 4379 0 1777797263 621345
17 594 4954 0 1777797263 622013
14 546 2870 0 1777797263 622415
16 659 3555 0 1777797263 623502
18 594 3315 0 1777797263 624299
17 595 2986 0 1777797263 625001
16 660 2691 0 1777797263 626196
14 547 4360 0 1777797263 626776
18 595 2815 0 1777797263 627115
18 596 899 0 1777797263 628017
17 596 3408 0 1777797263 628412
14 548 2740 0 1777797263 629519
15 652 9996 0 1777797263 631345
14 549 2633 0 1777797263 632155
18 597 4244 0 1777797263 632266
19 594 17117 0 1777797263 634118
19 595 2027 0 1777797263 636149
15 653 5395 0 1777797263 636742
14 550 7691 0 1777797263 639851
18 598 7596 0 1777797263 639863
19 596 3731 0 1777797263 639882
15 654 3470 0 1777797263 640214
14 551 1759 0 1777797263 641642
14 552 1086 0 1777797263 642731
15 655 3029 0 1777797263 643246
18 599 3363 0 1777797263 643257
14 553 1966 0 1777797263 644701
15 656 1450 0 1777797263 644708
18 600 1935 0 1777797263 645205
19 597 6486 0 1777797263 646397
15 657 1999 0 1777797263 646719
16 661 22405 0 1777797263 648604
18 601 3431 0 1777797263 648638
14 554 4006 0 1777797263 648716
17 597 21350 0 1777797263 649763
16 662 3170 0 1777797263 651781
18 602 3829 0 1777797263 652469
14 555 4551 0 1777797263 653268
17 598 4155 0 1777797263 653920
15 658 15541 0 1777797263 662261
19 598 15867 0 1777797263 662269
15 659 1323 0 1777797263 663593
17 599 10612 0 1777797263 664535
14 556 14625 0 1777797263 667899
19 599 5636 0 1777797263 667917
16 663 18358 0 1777797263 670142
18 603 17684 0 1777797263 670157
18 604 3058 0 1777797263 673228
16 664 3301 0 1777797263 673459
19 600 5630 0 1777797263 673588
19 601 1382 0 1777797263 674972
18 605 2286 0 1777797263 675523
16 665 2494 0 1777797263 675954
14 557 9247 0 1777797263 677165
17 600 13393 0 1777797263 677934
19 602 2951 0 1777797263 677941
15 660 15406 0 1777797263 679005
17 601 5142 0 1777797263 683084
19 603 7485 0 1777797263 685445
16 666 9958 0 1777797263 685914
14 558 9446 0 1777797263 686615
18 606 11642 0 1777797263 687167
14 559 1800 0 1777797263 688418
19 604 4720 0 1777797263 690185
17 602 11509 0 1777797263 694604
14 560 6310 0 1777797263 694736
19 605 5065 0 1777797263 695252
14 561 1837 0 1777797263 696576
17 603 1975 0 1777797263 696581
19 606 1342 0 1777797263 696597
17 604 1465 0 1777797263 698073
16 667 13218 0 1777797263 699138
17 605 1060 0 1777797263 699146
15 661 20217 0 1777797263 699223
18 607 12061 0 1777797263 699229
14 562 3887 0 1777797263 700486
19 607 3885 0 1777797263 700500
17 606 1479 0 1777797263 700688
16 668 3780 0 1777797263 702978
18 608 6289 0 1777797263 705527
19 608 9847 0 1777797263 710364
15 662 13908 0 1777797263 713139
14 563 12802 0 1777797263 713303
16 669 10329 0 1777797263 713310
17 607 12625 0 1777797263 713315
15 663 3923 0 1777797263 717070
16 670 3739 0 1777797263 717080
17 608 3728 0 1777797263 717086
18 609 11557 0 1777797263 717092
15 664 2040 0 1777797263 719133
17 609 2112 0 1777797263 719224
19 609 9326 0 1777797263 719692
16 671 3392 0 1777797263 720495
16 672 2035 0 1777797263 722532
18 610 5353 0 1777797263 722541
19 610 2868 0 1777797263 722565
18 611 35851 0 1777797263 758429
19 611 35861 0 1777797263 758446
14 564 45702 0 1777797263 759018
16 673 36460 0 1777797263 759026
17 610 39807 0 1777797263 759032
16 674 3657 0 1777797263 762731
17 611 5166 0 1777797263 764250
16 675 2261 0 1777797263 764995
17 612 989 0 1777797263 765241
15 665 46983 0 1777797263 766118
19 612 7664 0 1777797263 766128
17 613 1115 0 1777797263 766358
18 612 8213 0 1777797263 766661
16 676 2631 0 1777797263 767632
15 666 2726 0 1777797263 768856
17 614 2508 0 1777797263 768868
16 677 1426 0 1777797263 769060
19 613 8030 0 1777797263 774178
18 613 8957 0 1777797263 775619
14 565 17087 0 1777797263 776120
15 667 10558 0 1777797263 779427
16 678 10373 0 1777797263 779435
17 615 10562 0 1777797263 779441
18 614 5217 0 1777797263 780845
19 614 6675 0 1777797263 780855
16 679 2640 0 1777797263 782095
15 668 7293 0 1777797263 786736
17 616 7301 0 1777797263 786764
14 566 13551 0 1777797263 789672
16 680 8734 0 1777797263 790831
18 615 9993 0 1777797263 790849
19 615 9780 0 1777797263 790859
15 669 9327 0 1777797263 796093
17 617 9281 0 1777797263 796100
14 567 10719 0 1777797263 800395
16 681 9809 0 1777797263 800669
18 616 9809 0 1777797263 800684
19 616 9810 0 1777797263 800692
15 670 9043 0 1777797263 805144
17 618 10052 0 1777797263 806160
18 617 9740 0 1777797263 810458
19 617 9738 0 1777797263 810464
16 682 9786 0 1777797263 810495
15 671 7253 0 1777797263 812408
17 619 9747 0 1777797263 815911
16 683 6960 0 1777797263 817457
18 618 7006 0 1777797263 817471
19 618 7010 0 1777797263 817483
14 568 24861 0 1777797263 825554
15 672 13150 0 1777797263 825560
16 684 8080 0 1777797263 825564
17 620 9656 0 1777797263 825569
18 619 8071 0 1777797263 825573
19 619 8068 0 1777797263 825576
15 673 7441 0 1777797263 833028
16 685 7445 0 1777797263 833036
14 569 9042 0 1777797263 834619
17 621 9036 0 1777797263 834634
18 620 9089 0 1777797263 834693
19 620 9094 0 1777797263 834702
15 674 2926 0 1777797263 835964
16 686 2914 0 1777797263 835972
19 621 6509 0 1777797263 841237
18 621 6536 0 1777797263 841257
17 622 8244 0 1777797263 842957
15 675 8121 0 1777797263 844094
14 570 13464 0 1777797263 848167
16 687 12190 0 1777797263 848180
19 622 6948 0 1777797263 848187
17 623 6591 0 1777797263 849550
18 622 8300 0 1777797263 849558
15 676 10289 0 1777797263 854385
16 688 6347 0 1777797263 854553
19 623 6348 0 1777797263 854563
17 624 5101 0 1777797263 854661
14 571 8174 0 1777797263 856363
18 623 7279 0 1777797263 856854
19 624 2488 0 1777797263 857070
16 689 6791 0 1777797263 861367
17 625 6728 0 1777797263 861390
15 677 8017 0 1777797263 862581
14 572 14775 0 1777797263 871140
15 678 8564 0 1777797263 871147
16 690 9761 0 1777797263 871153
17 626 9751 0 1777797263 871161
18 624 14310 0 1777797263 871167
19 625 14100 0 1777797263 871172
19 626 5269 0 1777797263 876480
17 627 5873 0 1777797263 877068
18 625 6656 0 1777797263 877861
14 573 6859 0 1777797263 878032
16 691 7131 0 1777797263 878320
15 679 7400 0 1777797263 878582
15 680 3622 0 1777797263 882207
19 627 5742 0 1777797263 882224
14 574 7087 0 1777797263 885121
17 628 8058 0 1777797263 885127
19 628 6038 0 1777797263 888273
15 681 6174 0 1777797263 888399
16 692 10105 0 1777797263 888427
18 626 10570 0 1777797263 888433
16 693 7334 0 1777797263 895776
17 629 10646 0 1777797263 895783
18 627 7460 0 1777797263 895909
19 629 7701 0 1777797263 895976
14 575 11128 0 1777797263 896257
15 682 7829 0 1777797263 896263
16 694 6609 0 1777797263 902393
14 576 6379 0 1777797263 902643
15 683 6377 0 1777797263 902649
19 630 7618 0 1777797263 903595
17 630 8998 0 1777797263 904814
18 628 10515 0 1777797263 906476
14 577 8512 0 1777797263 911162
17 631 6352 0 1777797263 911168
15 684 8763 0 1777797263 911421
18 629 5229 0 1777797263 911707
16 695 10379 0 1777797263 912773
16 696 1559 0 1777797263 914334
18 630 4670 0 1777797263 916380
14 578 8416 0 1777797263 919585
19 631 17164 0 1777797263 920760
14 579 2336 0 1777797263 921923
14 580 2754 0 1777797263 924680
16 697 10465 0 1777797263 924802
14 581 1693 0 1777797263 926375
16 698 2640 0 1777797263 927446
14 582 1941 0 1777797263 928330
16 699 3795 0 1777797263 931243
18 631 15706 0 1777797263 932089
14 583 6731 0 1777797263 935065
17 632 24450 0 1777797263 935626
17 633 2115 0 1777797263 937744
18 632 8146 0 1777797263 940239
16 700 9526 0 1777797263 940771
18 633 19676 0 1777797263 959918
14 584 25782 0 1777797263 960849
16 701 24139 0 1777797263 964913
17 634 27975 0 1777797263 965721
17 635 2090 0 1777797263 967813
16 702 4237 0 1777797263 969152
14 585 9732 0 1777797263 970584
14 586 51563 0 1777797264 22149
16 703 53024 0 1777797264 22178
17 636 54925 0 1777797264 22740
15 685 113452 0 1777797264 24876
16 704 2993 0 1777797264 25188
18 634 66762 0 1777797264 26681
17 637 5764 0 1777797264 28510
19 632 107758 0 1777797264 28520
19 633 2474 0 1777797264 31017
16 705 5917 0 1777797264 31106
14 587 9161 0 1777797264 31340
15 686 6550 0 1777797264 31428
18 635 5377 0 1777797264 32061
15 687 7222 0 1777797264 38652
16 706 7551 0 1777797264 38658
17 638 10141 0 1777797264 38663
18 636 6604 0 1777797264 38667
19 634 7654 0 1777797264 38673
14 588 7390 0 1777797264 38731
16 707 2140 0 1777797264 40819
18 637 2145 0 1777797264 40833
15 688 7113 0 1777797264 45787
14 589 8076 0 1777797264 46808
19 635 8121 0 1777797264 46815
17 639 8568 0 1777797264 47252
14 590 11917 0 1777797264 58733
15 689 13007 0 1777797264 58803
16 708 17976 0 1777797264 58810
19 636 11993 0 1777797264 58816
17 640 14933 0 1777797264 62186
19 637 7962 0 1777797264 66805
14 591 9718 0 1777797264 68535
15 690 11735 0 1777797264 70564
17 641 8421 0 1777797264 70609
16 709 11846 0 1777797264 70682
18 638 29840 0 1777797264 70690
17 642 3578 0 1777797264 74214
18 639 3915 0 1777797264 74618
16 710 5894 0 1777797264 76585
18 640 1977 0 1777797264 76596
19 638 9787 0 1777797264 76599
14 592 16888 0 1777797264 85427
15 691 14834 0 1777797264 85445
17 643 11238 0 1777797264 85454
18 641 13636 0 1777797264 90246
16 711 18203 0 1777797264 94803
17 644 9405 0 1777797264 94887
19 639 18280 0 1777797264 94895
14 593 9990 0 1777797264 95446
15 692 9980 0 1777797264 95453
18 642 5210 0 1777797264 95458
17 645 10217 0 1777797264 105124
19 640 10201 0 1777797264 105132
14 594 11522 0 1777797264 106981
15 693 11501 0 1777797264 106989
16 712 12099 0 1777797264 106995
18 643 11500 0 1777797264 107002
16 713 8982 0 1777797264 116003
17 646 10897 0 1777797264 116030
18 644 9031 0 1777797264 116059
19 641 10969 0 1777797264 116110
14 595 17798 0 1777797264 124801
15 694 17791 0 1777797264 124805
16 714 14812 0 1777797264 130924
17 647 14782 0 1777797264 130948
18 645 14725 0 1777797264 130955
19 642 21219 0 1777797264 137518
14 596 14451 0 1777797264 139257
16 715 8308 0 1777797264 139265
17 648 8292 0 1777797264 139270
18 646 8288 0 1777797264 139276
15 695 18025 0 1777797264 142837
19 643 5332 0 1777797264 142852
14 597 8560 0 1777797264 147837
16 716 8558 0 1777797264 147844
17 649 8559 0 1777797264 147851
18 647 8558 0 1777797264 147857
19 644 5561 0 1777797264 148431
15 696 7417 0 1777797264 150271
16 717 5293 0 1777797264 153161
17 650 7459 0 1777797264 155355
18 648 7453 0 1777797264 155361
14 598 9312 0 1777797264 157169
17 651 15241 0 1777797264 170603
16 718 17477 0 1777797264 170640
17 652 1441 0 1777797264 172054
18 649 19157 0 1777797264 174530
18 650 1433 0 1777797264 175965
17 653 6261 0 1777797264 178317
15 697 28397 0 1777797264 178670
19 645 32310 0 1777797264 180743
14 599 23815 0 1777797264 180986
15 698 3851 0 1777797264 182679
14 600 1958 0 1777797264 182945
19 646 5112 0 1777797264 185860
15 699 3814 0 1777797264 186495
16 719 17914 0 1777797264 188556
19 647 2878 0 1777797264 188740
19 648 863 0 1777797264 189604
16 720 2898 0 1777797264 191457
16 721 2925 0 1777797264 194383
19 649 4831 0 1777797264 194436
14 601 14462 0 1777797264 197409
19 650 4742 0 1777797264 199308
14 602 2942 0 1777797264 200353
15 700 13871 0 1777797264 200368
19 651 2143 0 1777797264 201453
16 722 10018 0 1777797264 204457
15 701 6158 0 1777797264 206552
19 652 6813 0 1777797264 208268
14 603 8217 0 1777797264 208586
18 651 33225 0 1777797264 209193
17 654 31577 0 1777797264 209903
19 653 2286 0 1777797264 210556
16 723 7249 0 1777797264 211707
14 604 3461 0 1777797264 212049
16 724 1015 0 1777797264 212725
19 654 2456 0 1777797264 213014
14 605 1668 0 1777797264 213718
16 725 999 0 1777797264 213726
15 702 9455 0 1777797264 216008
19 655 4457 0 1777797264 217473
17 655 8090 0 1777797264 217995
16 726 4555 0 1777797264 218293
14 606 5888 0 1777797264 219615
16 727 1327 0 1777797264 219623
18 652 11646 0 1777797264 220845
19 656 3377 0 1777797264 220852
16 728 3011 0 1777797264 222645
15 703 7757 0 1777797264 223768
19 657 4399 0 1777797264 225265
14 607 6904 0 1777797264 226528
17 656 9231 0 1777797264 227230
15 704 3858 0 1777797264 227628
18 653 9103 0 1777797264 229956
14 608 5040 0 1777797264 231570
16 729 9001 0 1777797264 231647
18 654 2202 0 1777797264 232161
19 658 8943 0 1777797264 234210
17 657 9154 0 1777797264 236386
15 705 8939 0 1777797264 236569
16 730 5343 0 1777797264 236992
19 659 4973 0 1777797264 239187
16 731 3787 0 1777797264 240783
15 706 4677 0 1777797264 241247
18 655 9193 0 1777797264 241355
17 658 5339 0 1777797264 241727
18 656 1193 0 1777797264 242550
14 609 14100 0 1777797264 245672
19 660 6752 0 1777797264 245941
14 610 887 0 1777797264 246561
19 661 715 0 1777797264 246658
16 732 5891 0 1777797264 246675
19 662 1198 0 1777797264 247858
15 707 6857 0 1777797264 248107
16 733 3606 0 1777797264 250282
18 657 10434 0 1777797264 252986
14 611 8437 0 1777797264 255000
19 663 7495 0 1777797264 255355
17 659 13789 0 1777797264 255518
15 708 9674 0 1777797264 257783
18 658 5792 0 1777797264 258781
16 734 11613 0 1777797264 261897
19 664 7597 0 1777797264 262952
18 659 107115 0 1777797264 365902
15 709 108287 0 1777797264 366072
17 660 110563 0 1777797264 366082
19 665 103159 0 1777797264 366116
14 612 114392 0 1777797264 369393
16 735 109593 0 1777797264 371495
17 661 5572 0 1777797264 371666
14 613 2457 0 1777797264 371854
18 660 7826 0 1777797264 373733
17 662 3945 0 1777797264 375614
18 661 1880 0 1777797264 375620
17 663 1601 0 1777797264 377222
14 614 5831 0 1777797264 377687
17 664 2286 0 1777797264 379513
14 615 1870 0 1777797264 379562
19 666 14139 0 1777797264 380257
19 667 1332 0 1777797264 381590
19 668 1439 0 1777797264 383035
17 665 9411 0 1777797264 388933
18 662 14365 0 1777797264 389996
16 736 18804 0 1777797264 390302
17 666 1375 0 1777797264 390310
19 669 7793 0 1777797264 390829
19 670 1895 0 1777797264 392728
17 667 2513 0 1777797264 392836
18 663 2845 0 1777797264 392842
16 737 2783 0 1777797264 393094
18 664 1441 0 1777797264 394302
16 738 2157 0 1777797264 395253
17 668 2416 0 1777797264 395259
18 665 2103 0 1777797264 396409
16 739 2142 0 1777797264 397402
17 669 3145 0 1777797264 398411
17 670 778 0 1777797264 399192
19 671 6579 0 1777797264 399314
16 740 4827 0 1777797264 402233
17 671 3160 0 1777797264 402353
16 741 4451 0 1777797264 406686
16 742 1120 0 1777797264 407808
19 672 9017 0 1777797264 408332
17 672 6114 0 1777797264 408468
16 743 3509 0 1777797264 411322
14 616 33725 0 1777797264 413288
19 673 5358 0 1777797264 413691
18 666 17307 0 1777797264 413717
15 710 48040 0 1777797264 414123
15 711 14015 0 1777797264 428140
14 617 14871 0 1777797264 428161
19 674 14622 0 1777797264 428314
16 744 17006 0 1777797264 428329
18 667 15348 0 1777797264 429066
15 712 3064 0 1777797264 431206
18 668 5216 0 1777797264 434289
16 745 8167 0 1777797264 436497
14 618 8692 0 1777797264 436854
19 675 8682 0 1777797264 436998
16 746 1589 0 1777797264 438088
19 676 3414 0 1777797264 440414
16 747 2348 0 1777797264 440441
14 619 5582 0 1777797264 442439
14 620 2681 0 1777797264 445124
14 621 1784 0 1777797264 446910
15 713 16247 0 1777797264 447456
14 622 4993 0 1777797264 451906
15 714 5671 0 1777797264 453131
16 748 13686 0 1777797264 454128
14 623 2596 0 1777797264 454508
19 677 14567 0 1777797264 454985
18 669 22615 0 1777797264 456937
14 624 3818 0 1777797264 458327
14 625 1350 0 1777797264 459679
16 749 6561 0 1777797264 460694
19 678 7798 0 1777797264 462786
16 750 2449 0 1777797264 463145
16 751 1937 0 1777797264 465084
14 626 8366 0 1777797264 468049
19 679 6089 0 1777797264 468877
16 752 4174 0 1777797264 469260
16 753 3581 0 1777797264 472844
16 754 2810 0 1777797264 475656
14 627 8913 0 1777797264 476965
16 755 5655 0 1777797264 481314
18 670 25302 0 1777797264 482242
14 628 9987 0 1777797264 486953
19 680 20394 0 1777797264 489274
16 756 8942 0 1777797264 490259
15 715 38201 0 1777797264 491340
15 716 1919 0 1777797264 493261
18 671 16179 0 1777797264 498423
17 673 89986 0 1777797264 498455
15 717 8142 0 1777797264 501406
16 757 11731 0 1777797264 501992
19 681 13495 0 1777797264 502771
14 629 16035 0 1777797264 502991
17 674 8812 0 1777797264 507269
15 718 6317 0 1777797264 507726
17 675 1482 0 1777797264 508754
14 630 12091 0 1777797264 515085
15 719 7364 0 1777797264 515091
17 676 7369 0 1777797264 516126
16 758 16862 0 1777797264 518859
19 682 16492 0 1777797264 519267
15 720 6490 0 1777797264 521596
14 631 9339 0 1777797264 524431
18 672 26039 0 1777797264 524469
17 677 10581 0 1777797264 526710
19 683 11468 0 1777797264 530740
15 721 10269 0 1777797264 531870
14 632 11793 0 1777797264 536228
17 678 9526 0 1777797264 536238
18 673 11776 0 1777797264 536246
15 722 11780 0 1777797264 543653
17 679 7404 0 1777797264 543664
18 674 8289 0 1777797264 544557
14 633 8384 0 1777797264 544631
16 759 26982 0 1777797264 545846
15 723 3492 0 1777797264 547158
17 680 4595 0 1777797264 548270
19 684 20459 0 1777797264 551203
14 634 8961 0 1777797264 553593
18 675 9556 0 1777797264 554115
15 724 7069 0 1777797264 554228
14 635 10807 0 1777797264 564402
19 685 13928 0 1777797264 565133
15 725 10924 0 1777797264 565153
17 681 17852 0 1777797264 566124
18 676 12051 0 1777797264 566168
16 760 21058 0 1777797264 566906
19 686 6660 0 1777797264 571798
14 636 7773 0 1777797264 572177
18 677 6068 0 1777797264 572238
17 682 6750 0 1777797264 572875
15 726 7840 0 1777797264 572994
16 761 7546 0 1777797264 574454
14 637 6663 0 1777797264 578842
18 678 7143 0 1777797264 579386
15 727 6506 0 1777797264 579501
17 683 6678 0 1777797264 579558
19 687 8831 0 1777797264 580632
16 762 6285 0 1777797264 580740
17 684 5405 0 1777797264 584964
15 728 7479 0 1777797264 586981
16 763 6323 0 1777797264 587065
19 688 6470 0 1777797264 587105
18 679 7750 0 1777797264 587137
14 638 12738 0 1777797264 591581
15 729 4605 0 1777797264 591588
18 680 4456 0 1777797264 591594
19 689 4522 0 1777797264 591629
16 764 4578 0 1777797264 591645
19 690 1729 0 1777797264 593359
15 730 3848 0 1777797264 595453
17 685 10559 0 1777797264 595525
16 765 5410 0 1777797264 597056
18 681 8805 0 1777797264 600418
16 766 3492 0 1777797264 600549
19 691 7313 0 1777797264 600676
15 731 6636 0 1777797264 602092
14 639 12962 0 1777797264 604558
16 767 5127 0 1777797264 605678
17 686 10169 0 1777797264 605695
18 682 5277 0 1777797264 605704
19 692 5583 0 1777797264 606260
17 687 4153 0 1777797264 609859
15 732 7838 0 1777797264 609934
19 693 3860 0 1777797264 610121
14 640 8009 0 1777797264 612574
18 683 10553 0 1777797264 616266
17 688 6540 0 1777797264 616400
15 733 6739 0 1777797264 616675
16 768 11002 0 1777797264 616681
14 641 5540 0 1777797264 618117
16 769 6738 0 1777797264 623427
15 734 7545 0 1777797264 624227
18 684 7965 0 1777797264 624234
19 694 14120 0 1777797264 624242
17 689 10230 0 1777797264 626632
14 642 9030 0 1777797264 627152
19 695 4317 0 1777797264 628575
18 685 5129 0 1777797264 629379
17 690 2856 0 1777797264 629490
15 735 24013 0 1777797264 648255
16 770 27039 0 1777797264 650468
17 691 21000 0 1777797264 650491
19 696 22070 0 1777797264 650648
18 686 22834 0 1777797264 652289
15 736 5927 0 1777797264 654214
14 643 27892 0 1777797264 655045
16 771 4901 0 1777797264 655372
14 644 1357 0 1777797264 656405
14 645 964 0 1777797264 657371
14 646 4174 0 1777797264 661547
16 772 6209 0 1777797264 661583
18 687 9299 0 1777797264 661591
15 737 8526 0 1777797264 662742
14 647 3522 0 1777797264 665114
17 692 17736 0 1777797264 668228
16 773 6883 0 1777797264 668487
15 738 7439 0 1777797264 670184
14 648 6011 0 1777797264 671127
15 739 3373 0 1777797264 673563
14 649 3578 0 1777797264 674707
15 740 1192 0 1777797264 674757
16 774 8610 0 1777797264 677098
15 741 3621 0 1777797264 678379
18 688 18002 0 1777797264 679623
14 650 5587 0 1777797264 680296
17 693 12165 0 1777797264 680398
15 742 3234 0 1777797264 681615
16 775 4522 0 1777797264 681624
17 694 3119 0 1777797264 683519
14 651 3586 0 1777797264 683887
16 776 3843 0 1777797264 685486
17 695 4628 0 1777797264 688149
19 697 37535 0 1777797264 688184
15 743 7708 0 1777797264 689333
16 777 4706 0 1777797264 690197
18 689 11280 0 1777797264 690905
15 744 1612 0 1777797264 690951
17 696 3702 0 1777797264 691853
15 745 6503 0 1777797264 697455
19 698 9738 0 1777797264 697924
17 697 6198 0 1777797264 698063
16 778 7906 0 1777797264 698105
16 779 3391 0 1777797264 701497
15 746 4368 0 1777797264 701831
17 698 5408 0 1777797264 703473
16 780 3127 0 1777797264 704626
16 781 2221 0 1777797264 706850
15 747 6546 0 1777797264 708379
17 699 4911 0 1777797264 708385
19 699 12660 0 1777797264 710585
18 690 19768 0 1777797264 710676
16 782 3925 0 1777797264 710777
14 652 28002 0 1777797264 711892
16 783 2575 0 1777797264 713354
16 784 2330 0 1777797264 715686
14 653 4859 0 1777797264 716758
14 654 1676 0 1777797264 718437
15 748 10776 0 1777797264 719163
16 785 3479 0 1777797264 719171
17 700 11634 0 1777797264 720028
18 691 11270 0 1777797264 721947
15 749 3992 0 1777797264 723165
14 655 4927 0 1777797264 723366
15 750 1749 0 1777797264 724921
19 700 14588 0 1777797264 725177
17 701 5968 0 1777797264 725999
14 656 2933 0 1777797264 726300
16 786 10089 0 1777797264 729271
15 751 6676 0 1777797264 731602
17 702 5806 0 1777797264 731807
14 657 6404 0 1777797264 732708
16 787 6590 0 1777797264 735868
17 703 4575 0 1777797264 736384
16 788 1830 0 1777797264 737709
17 704 3868 0 1777797264 740261
15 752 9079 0 1777797264 740683
16 789 3413 0 1777797264 741125
16 790 2325 0 1777797264 743454
18 692 22642 0 1777797264 744593
15 753 5214 0 1777797264 745898
14 658 13321 0 1777797264 746045
14 659 2597 0 1777797264 748643
16 791 9683 0 1777797264 753142
18 693 9887 0 1777797264 754482
19 701 29582 0 1777797264 754761
16 792 3479 0 1777797264 756624
17 705 16480 0 1777797264 756743
18 694 2719 0 1777797264 757203
19 702 2521 0 1777797264 757286
15 754 14159 0 1777797264 760059
16 793 5606 0 1777797264 762233
17 706 5550 0 1777797264 762294
19 703 6200 0 1777797264 763489
15 755 3590 0 1777797264 763652
18 695 6782 0 1777797264 763987
16 794 3614 0 1777797264 765850
16 795 1318 0 1777797264 767170
16 796 3222 0 1777797264 770393
19 704 8824 0 1777797264 772314
18 696 8416 0 1777797264 772404
14 660 23776 0 1777797264 772421
15 756 9126 0 1777797264 772779
15 757 5276 0 1777797264 778056
18 697 6870 0 1777797264 779275
14 661 6942 0 1777797264 779364
19 705 7033 0 1777797264 779373
17 707 17324 0 1777797264 779619
19 706 3071 0 1777797264 782459
18 698 3737 0 1777797264 783013
14 662 3697 0 1777797264 783071
17 708 4977 0 1777797264 784598
18 699 2132 0 1777797264 785147
14 663 4014 0 1777797264 787087
19 707 4633 0 1777797264 787094
17 709 3998 0 1777797264 788599
19 708 5470 0 1777797264 792575
16 797 22205 0 1777797264 792600
18 700 7852 0 1777797264 793001
14 664 6384 0 1777797264 793479
15 758 16060 0 1777797264 794118
19 709 2536 0 1777797264 795117
17 710 7214 0 1777797264 795815
14 665 5673 0 1777797264 799154
16 798 6559 0 1777797264 799160
17 711 4000 0 1777797264 799817
19 710 4821 0 1777797264 799940
18 701 9577 0 1777797264 802584
15 759 8528 0 1777797264 802652
15 760 2961 0 1777797264 805614
18 702 5287 0 1777797264 807873
19 711 8594 0 1777797264 808535
14 666 10744 0 1777797264 809905
16 799 12976 0 1777797264 812144
17 712 12285 0 1777797264 812151
19 712 4365 0 1777797264 812902
14 667 3360 0 1777797264 813271
15 761 8288 0 1777797264 813906
18 703 12688 0 1777797264 820566
14 668 7481 0 1777797264 820753
19 713 7946 0 1777797264 820855
15 762 7010 0 1777797264 820918
16 800 9100 0 1777797264 821252
16 801 1701 0 1777797264 822956
17 713 10792 0 1777797264 822963
18 704 2404 0 1777797264 822971
15 763 4932 0 1777797264 825851
18 705 9390 0 1777797264 832372
15 764 6547 0 1777797264 832404
16 802 9538 0 1777797264 832510
17 714 10924 0 1777797264 833902
19 714 13054 0 1777797264 833910
15 765 2640 0 1777797264 835045
18 706 3150 0 1777797264 835529
15 766 20165 0 1777797264 855213
16 803 22712 0 1777797264 855223
18 707 19698 0 1777797264 855229
19 715 21432 0 1777797264 855353
14 669 34725 0 1777797264 855479
17 715 22473 0 1777797264 856385
15 767 3397 0 1777797264 858627
17 716 4351 0 1777797264 860737
14 670 5309 0 1777797264 860789
16 804 9212 0 1777797264 864451
18 708 9231 0 1777797264 864479
15 768 11287 0 1777797264 869918
18 709 7045 0 1777797264 871541
16 805 8336 0 1777797264 872816
17 717 12787 0 1777797264 873527
14 671 15307 0 1777797264 876097
19 716 21087 0 1777797264 876441
15 769 7150 0 1777797264 877080
18 710 6448 0 1777797264 877991
15 770 2281 0 1777797264 879362
16 806 7671 0 1777797264 880491
14 672 4445 0 1777797264 880545
15 771 3483 0 1777797264 882848
17 718 10362 0 1777797264 883891
18 711 6789 0 1777797264 884781
19 717 8346 0 1777797264 884788
16 807 7431 0 1777797264 887925
15 772 5147 0 1777797264 887997
17 719 4303 0 1777797264 888196
14 673 8518 0 1777797264 889065
19 718 4309 0 1777797264 889106
18 712 5024 0 1777797264 889813
15 773 6984 0 1777797264 894983
16 808 7064 0 1777797264 894991
14 674 5990 0 1777797264 895057
17 720 6866 0 1777797264 895063
19 719 5962 0 1777797264 895069
18 713 7439 0 1777797264 897253
19 720 2456 0 1777797264 897540
14 675 8018 0 1777797264 903088
16 809 10167 0 1777797264 905168
15 774 13914 0 1777797264 908906
14 676 7202 0 1777797264 910292
19 721 13031 0 1777797264 910573
15 775 1904 0 1777797264 910813
17 721 17440 0 1777797264 912517
17 722 1337 0 1777797264 913856
18 714 17149 0 1777797264 914404
17 723 1179 0 1777797264 915036
18 715 1045 0 1777797264 915451
17 724 576 0 1777797264 915614
16 810 12563 0 1777797264 917733
17 725 3203 0 1777797264 918819
17 726 1515 0 1777797264 920336
14 677 10652 0 1777797264 920946
17 727 1412 0 1777797264 921751
15 776 12675 0 1777797264 923489
17 728 2730 0 1777797264 924486
15 777 1996 0 1777797264 925487
19 722 15200 0 1777797264 925774
17 729 3067 0 1777797264 927555
19 723 2368 0 1777797264 928144
14 678 8537 0 1777797264 929486
15 778 4016 0 1777797264 929506
14 679 866 0 1777797264 930355
18 716 15214 0 1777797264 930667
17 730 4303 0 1777797264 931862
15 779 2830 0 1777797264 932337
14 680 6225 0 1777797264 936582
19 724 9485 0 1777797264 937632
14 681 3770 0 1777797264 940355
19 725 2741 0 1777797264 940380
15 780 8390 0 1777797264 940730
18 717 10084 0 1777797264 940753
17 731 8951 0 1777797264 940816
14 682 2532 0 1777797264 942914
14 683 2918 0 1777797264 945834
18 718 7024 0 1777797264 947778
19 726 7828 0 1777797264 948227
14 684 2467 0 1777797264 948303
14 685 3697 0 1777797264 952001
19 727 6139 0 1777797264 954367
14 686 2752 0 1777797264 954757
16 811 38413 0 1777797264 956148
18 719 10017 0 1777797264 957804
19 728 3941 0 1777797264 958310
18 720 1902 0 1777797264 959715
14 687 5765 0 1777797264 960525
19 729 3088 0 1777797264 961400
14 688 4634 0 1777797264 965160
18 721 5873 0 1777797264 965590
16 812 10101 0 1777797264 966252
19 730 5161 0 1777797264 966563
16 813 1121 0 1777797264 967375
15 781 27359 0 1777797264 968091
14 689 4536 0 1777797264 969698
14 690 1565 0 1777797264 971265
18 722 7699 0 1777797264 973290
16 814 6499 0 1777797264 973878
19 731 11835 0 1777797264 978399
18 723 5334 0 1777797264 978626
14 691 7471 0 1777797264 978738
16 815 5336 0 1777797264 979266
17 732 39251 0 1777797264 980068
19 732 4216 0 1777797264 982625
16 816 4230 0 1777797264 983499
17 733 7700 0 1777797264 987773
18 724 9367 0 1777797264 987994
17 734 1813 0 1777797264 989588
19 733 7890 0 1777797264 990516
14 692 12903 0 1777797264 991642
18 725 5979 0 1777797264 993974
19 734 3474 0 1777797264 993991
18 726 1311 0 1777797264 995303
16 817 12173 0 1777797264 995677
19 735 1913 0 1777797264 995934
19 736 3347 0 1777797264 999283
16 818 4655 0 1777797265 334
14 693 9398 0 1777797265 1042
19 737 1837 0 1777797265 1124
19 738 1732 0 1777797265 2857
15 782 36122 0 1777797265 4217
19 739 2087 0 1777797265 4951
19 740 1233 0 1777797265 6186
17 735 17579 0 1777797265 7170
14 694 6393 0 1777797265 7437
16 819 8128 0 1777797265 8464
19 741 2287 0 1777797265 8475
14 695 2473 0 1777797265 9912
19 742 2576 0 1777797265 11065
15 783 10503 0 1777797265 14721
17 736 8051 0 1777797265 15224
19 743 4166 0 1777797265 15233
14 696 6280 0 1777797265 16195
19 744 1463 0 1777797265 16706
16 820 9605 0 1777797265 18081
16 821 2211 0 1777797265 20294
16 822 1976 0 1777797265 22273
17 737 7074 0 1777797265 22308
15 784 7646 0 1777797265 22368
18 727 27335 0 1777797265 22641
14 697 8040 0 1777797265 24237
19 745 8686 0 1777797265 25394
19 746 2205 0 1777797265 27603
19 747 1899 0 1777797265 29506
16 823 7983 0 1777797265 30259
18 728 8350 0 1777797265 30993
19 748 1803 0 1777797265 31311
14 698 7724 0 1777797265 31964
18 729 4766 0 1777797265 35761
15 785 13447 0 1777797265 35817
16 824 6264 0 1777797265 36525
17 738 14226 0 1777797265 36536
19 749 5230 0 1777797265 36542
14 699 4648 0 1777797265 36613
19 750 3864 0 1777797265 40433
18 730 4941 0 1777797265 40710
19 751 3368 0 1777797265 43802
18 731 3262 0 1777797265 43973
19 752 1838 0 1777797265 45643
16 825 9329 0 1777797265 45872
16 826 2086 0 1777797265 47960
18 732 6425 0 1777797265 50400
19 753 5367 0 1777797265 51011
16 827 4205 0 1777797265 52167
18 733 1774 0 1777797265 52175
19 754 3568 0 1777797265 54582
18 734 3606 0 1777797265 55791
16 828 4051 0 1777797265 56227
18 735 2872 0 1777797265 58666
19 755 4637 0 1777797265 59222
17 739 25367 0 1777797265 61929
16 829 5733 0 1777797265 61962
18 736 3824 0 1777797265 62491
15 786 26698 0 1777797265 62516
19 756 3769 0 1777797265 62994
19 757 2872 0 1777797265 65869
18 737 3747 0 1777797265 66242
16 830 7684 0 1777797265 69648
18 738 3417 0 1777797265 69661
19 758 3820 0 1777797265 69691
14 700 35391 0 1777797265 72006
18 739 4109 0 1777797265 73811
19 759 4132 0 1777797265 73839
16 831 4196 0 1777797265 73888
14 701 2414 0 1777797265 74422
14 702 2198 0 1777797265 76622
14 703 1992 0 1777797265 78616
18 740 4787 0 1777797265 78627
19 760 5066 0 1777797265 78931
16 832 5222 0 1777797265 79112
18 741 4033 0 1777797265 82672
15 787 23962 0 1777797265 86479
19 761 7682 0 1777797265 86615
17 740 24963 0 1777797265 86898
18 742 5364 0 1777797265 88042
16 833 9625 0 1777797265 88738
17 741 1894 0 1777797265 88794
18 743 837 0 1777797265 88880
15 788 4405 0 1777797265 90885
14 704 12305 0 1777797265 90933
19 762 7429 0 1777797265 94047
18 744 5744 0 1777797265 94626
14 705 4004 0 1777797265 94938
17 742 6213 0 1777797265 95010
16 834 6328 0 1777797265 95068
19 763 2189 0 1777797265 96237
15 789 6566 0 1777797265 97454
19 764 5891 0 1777797265 102129
18 745 13206 0 1777797265 107838
14 706 12998 0 1777797265 107938
17 743 15340 0 1777797265 110352
19 765 8325 0 1777797265 110456
14 707 4059 0 1777797265 111998
18 746 4176 0 1777797265 112019
16 835 21551 0 1777797265 116620
15 790 27690 0 1777797265 125148
19 766 14720 0 1777797265 125178
16 836 10712 0 1777797265 127335
14 708 19043 0 1777797265 131063
17 744 20904 0 1777797265 131258
16 837 5596 0 1777797265 132933
14 709 4177 0 1777797265 135241
16 838 6334 0 1777797265 139269
14 710 4241 0 1777797265 139485
15 791 16154 0 1777797265 141334
17 745 10087 0 1777797265 141346
16 839 6282 0 1777797265 145553
17 746 4282 0 1777797265 145640
15 792 7010 0 1777797265 148357
14 711 8890 0 1777797265 148376
18 747 37363 0 1777797265 149404
15 793 2320 0 1777797265 150680
17 747 6357 0 1777797265 152042
19 767 26851 0 1777797265 152054
14 712 5314 0 1777797265 153691
18 748 4867 0 1777797265 154272
15 794 4276 0 1777797265 154957
19 768 5305 0 1777797265 157374
17 748 5381 0 1777797265 157436
14 713 10496 0 1777797265 164190
18 749 12099 0 1777797265 166373
17 749 11041 0 1777797265 168479
19 769 12948 0 1777797265 170328
19 770 5986 0 1777797265 176316
14 714 12979 0 1777797265 177173
19 771 4680 0 1777797265 181000
14 715 4998 0 1777797265 182172
16 840 38149 0 1777797265 183704
18 750 17483 0 1777797265 183858
17 750 18709 0 1777797265 187192
19 772 8859 0 1777797265 189861
16 841 6196 0 1777797265 189908
18 751 7059 0 1777797265 190920
17 751 3979 0 1777797265 191173
19 773 4906 0 1777797265 194771
14 716 13133 0 1777797265 195308
16 842 5406 0 1777797265 195315
17 752 4230 0 1777797265 195405
18 752 7598 0 1777797265 198522
15 795 43613 0 1777797265 198574
14 717 7846 0 1777797265 203162
17 753 7940 0 1777797265 203346
19 774 8582 0 1777797265 203354
15 796 4802 0 1777797265 203378
18 753 5387 0 1777797265 203916
16 843 10075 0 1777797265 205464
18 754 4813 0 1777797265 208730
15 797 6963 0 1777797265 210343
17 754 6994 0 1777797265 210349
19 775 7545 0 1777797265 210908
15 798 3592 0 1777797265 213941
14 718 11685 0 1777797265 214851
18 755 10512 0 1777797265 219245
19 776 9492 0 1777797265 220401
14 719 6466 0 1777797265 221319
15 799 7383 0 1777797265 221326
16 844 16339 0 1777797265 221805
17 755 11544 0 1777797265 221904
14 720 3540 0 1777797265 224868
18 756 8389 0 1777797265 227637
19 777 8475 0 1777797265 228878
17 756 7037 0 1777797265 228942
15 800 8150 0 1777797265 229487
16 845 7946 0 1777797265 229752
18 757 2604 0 1777797265 230249
15 801 2576 0 1777797265 232065
14 721 7701 0 1777797265 232577
18 758 4353 0 1777797265 234605
19 778 6094 0 1777797265 234974
17 757 6424 0 1777797265 235367
16 846 8710 0 1777797265 238464
15 802 7160 0 1777797265 239228
18 759 4632 0 1777797265 239238
16 847 2419 0 1777797265 240890
19 779 6345 0 1777797265 241321
17 758 6619 0 1777797265 241988
17 759 3850 0 1777797265 245840
14 722 13540 0 1777797265 246119
16 848 5236 0 1777797265 246128
19 780 5073 0 1777797265 246396
18 760 7153 0 1777797265 246407
15 803 7180 0 1777797265 246419
15 804 3475 0 1777797265 249896
18 761 3603 0 1777797265 250011
19 781 3982 0 1777797265 250379
16 849 6947 0 1777797265 253086
17 760 7270 0 1777797265 253111
15 805 4031 0 1777797265 253932
19 782 4882 0 1777797265 255263
14 723 9352 0 1777797265 255481
18 762 7561 0 1777797265 257574
14 724 6383 0 1777797265 261867
15 806 7940 0 1777797265 261873
17 761 8766 0 1777797265 261878
19 783 6614 0 1777797265 261881
18 763 4865 0 1777797265 262442
16 850 11537 0 1777797265 264626
17 762 3752 0 1777797265 265655
14 725 4136 0 1777797265 266018
15 807 6922 0 1777797265 268816
18 764 7395 0 1777797265 269838
14 726 5515 0 1777797265 271535
15 808 2809 0 1777797265 271640
16 851 7461 0 1777797265 272088
16 852 2862 0 1777797265 274951
18 765 5121 0 1777797265 274961
17 763 9621 0 1777797265 275279
19 784 23525 0 1777797265 285434
18 766 10561 0 1777797265 285534
14 727 14067 0 1777797265 285604
16 853 10714 0 1777797265 285676
17 764 10566 0 1777797265 285846
15 809 14580 0 1777797265 286222
19 785 3438 0 1777797265 288873
15 810 4903 0 1777797265 291127
17 765 5449 0 1777797265 291297
15 811 6415 0 1777797265 297545
19 786 8719 0 1777797265 297596
16 854 11981 0 1777797265 297658
14 728 12741 0 1777797265 298348
15 812 4239 0 1777797265 301785
18 767 16390 0 1777797265 301926
14 729 9884 0 1777797265 308234
16 855 12215 0 1777797265 309875
19 787 14205 0 1777797265 311802
15 813 11446 0 1777797265 313233
18 768 14778 0 1777797265 316706
16 856 9023 0 1777797265 318902
17 766 28547 0 1777797265 319845
18 769 8875 0 1777797265 325584
17 767 9242 0 1777797265 329088
18 770 7621 0 1777797265 333207
15 814 25163 0 1777797265 338398
17 768 9367 0 1777797265 338457
14 730 30453 0 1777797265 338689
16 857 19881 0 1777797265 338785
19 788 26986 0 1777797265 338790
16 858 9113 0 1777797265 347904
19 789 9404 0 1777797265 348202
14 731 11301 0 1777797265 350063
16 859 4716 0 1777797265 352621
14 732 3286 0 1777797265 353353
14 733 10715 0 1777797265 364071
16 860 12844 0 1777797265 365471
19 790 20689 0 1777797265 368893
16 861 6328 0 1777797265 371801
17 769 35829 0 1777797265 374310
19 791 8332 0 1777797265 377227
14 734 18229 0 1777797265 382303
16 862 16060 0 1777797265 387864
19 792 10639 0 1777797265 387871
15 815 49605 0 1777797265 388065
17 770 13760 0 1777797265 388072
15 816 9788 0 1777797265 397861
14 735 15665 0 1777797265 397972
16 863 10664 0 1777797265 398536
16 864 3992 0 1777797265 402530
15 817 4718 0 1777797265 402587
15 818 4823 0 1777797265 407411
16 865 8194 0 1777797265 410725
19 793 23944 0 1777797265 411825
15 819 4972 0 1777797265 412387
16 866 5750 0 1777797265 416477
16 867 1879 0 1777797265 418362
15 820 8608 0 1777797265 420998
14 736 27144 0 1777797265 425118
19 794 15474 0 1777797265 427301
15 821 7821 0 1777797265 428821
16 868 13321 0 1777797265 431690
15 822 12536 0 1777797265 441359
14 737 20839 0 1777797265 445960
19 795 18667 0 1777797265 445971
15 823 7244 0 1777797265 448607
17 771 60530 0 1777797265 448613
18 771 115409 0 1777797265 448619
16 869 17345 0 1777797265 449037
16 870 1633 0 1777797265 450672
15 824 3732 0 1777797265 452351
17 772 3740 0 1777797265 452368
17 773 2197 0 1777797265 454566
18 772 6525 0 1777797265 455165
14 738 12891 0 1777797265 458864
16 871 8903 0 1777797265 459578
19 796 14149 0 1777797265 460132
18 773 6374 0 1777797265 461540
15 825 10955 0 1777797265 463308
17 774 11292 0 1777797265 465859
16 872 9429 0 1777797265 469009
18 774 7485 0 1777797265 469031
19 797 10233 0 1777797265 470368
19 798 3117 0 1777797265 473487
16 873 5865 0 1777797265 474897
19 799 1416 0 1777797265 474904
18 775 6351 0 1777797265 475398
16 874 2627 0 1777797265 477533
18 776 2854 0 1777797265 478253
19 800 3347 0 1777797265 478262
16 875 4879 0 1777797265 482414
15 826 21666 0 1777797265 484976
19 801 6707 0 1777797265 484981
17 775 19440 0 1777797265 485303
16 876 4127 0 1777797265 486548
14 739 27784 0 1777797265 486652
15 827 1990 0 1777797265 486971
18 777 10372 0 1777797265 488635
19 802 6746 0 1777797265 491737
17 776 6590 0 1777797265 491894
16 877 6492 0 1777797265 493045
18 778 5210 0 1777797265 493848
16 878 1065 0 1777797265 494112
18 779 2914 0 1777797265 496768
19 803 5035 0 1777797265 496775
17 777 5614 0 1777797265 497510
15 828 12009 0 1777797265 498982
17 778 2961 0 1777797265 500472
16 879 8275 0 1777797265 502389
16 880 1655 0 1777797265 504045
19 804 8162 0 1777797265 504946
16 881 1976 0 1777797265 506023
19 805 2044 0 1777797265 506995
18 780 10438 0 1777797265 507214
16 882 1206 0 1777797265 507231
16 883 1231 0 1777797265 508464
18 781 3020 0 1777797265 510235
14 740 23612 0 1777797265 510266
16 884 2594 0 1777797265 511059
19 806 6197 0 1777797265 513195
16 885 2638 0 1777797265 513698
16 886 4353 0 1777797265 518053
16 887 1449 0 1777797265 519511
17 779 19561 0 1777797265 520035
19 807 8421 0 1777797265 521618
16 888 2240 0 1777797265 521752
17 780 2586 0 1777797265 522625
18 782 13713 0 1777797265 523953
19 808 2342 0 1777797265 523966
16 889 3163 0 1777797265 524917
16 890 4925 0 1777797265 529844
15 829 31076 0 1777797265 530061
17 781 9357 0 1777797265 531984
19 809 8066 0 1777797265 532056
19 810 2150 0 1777797265 534208
16 891 4528 0 1777797265 534375
18 783 11541 0 1777797265 535509
14 741 26321 0 1777797265 536589
16 892 3939 0 1777797265 538315
19 811 4123 0 1777797265 538334
17 782 7351 0 1777797265 539343
18 784 3839 0 1777797265 539354
19 812 3486 0 1777797265 541821
16 893 4933 0 1777797265 543252
18 785 4252 0 1777797265 543616
15 830 13769 0 1777797265 543832
16 894 3046 0 1777797265 546302
17 783 8459 0 1777797265 547814
15 831 4294 0 1777797265 548129
18 786 5003 0 1777797265 548622
16 895 5107 0 1777797265 551411
19 813 10149 0 1777797265 551972
15 832 4501 0 1777797265 552632
17 784 5097 0 1777797265 552913
18 787 5775 0 1777797265 554401
19 814 4940 0 1777797265 556914
16 896 5548 0 1777797265 556961
16 897 4753 0 1777797265 561715
14 742 26919 0 1777797265 563514
18 788 9159 0 1777797265 563611
16 898 2292 0 1777797265 564013
17 785 14867 0 1777797265 567782
14 743 7004 0 1777797265 570524
16 899 6515 0 1777797265 570529
16 900 5500 0 1777797265 576035
18 789 12922 0 1777797265 576535
17 786 10947 0 1777797265 578732
18 790 2778 0 1777797265 579315
17 787 1361 0 1777797265 580096
16 901 5280 0 1777797265 581317
18 791 2176 0 1777797265 581493
17 788 1612 0 1777797265 581709
15 833 30277 0 1777797265 582911
17 789 1220 0 1777797265 582930
16 902 3341 0 1777797265 584665
18 792 3181 0 1777797265 584675
18 793 1402 0 1777797265 586092
17 790 3215 0 1777797265 586146
15 834 3252 0 1777797265 586165
16 903 1494 0 1777797265 586170
16 904 3548 0 1777797265 589728
16 905 3425 0 1777797265 593155
16 906 1590 0 1777797265 594748
15 835 10028 0 1777797265 596199
18 794 11759 0 1777797265 597856
16 907 3170 0 1777797265 597920
15 836 2431 0 1777797265 598633
17 791 13365 0 1777797265 599513
18 795 2925 0 1777797265 600795
16 908 3703 0 1777797265 601627
15 837 3088 0 1777797265 601724
15 838 2920 0 1777797265 604647
16 909 5387 0 1777797265 607016
17 792 8419 0 1777797265 607933
18 796 7180 0 1777797265 607977
16 910 1474 0 1777797265 608497
14 744 38498 0 1777797265 609027
17 793 1181 0 1777797265 609116
18 797 1722 0 1777797265 609700
17 794 1614 0 1777797265 610731
15 839 6438 0 1777797265 611086
18 798 2339 0 1777797265 612042
15 840 2237 0 1777797265 613325
16 911 4834 0 1777797265 613334
17 795 2605 0 1777797265 613339
16 912 2606 0 1777797265 615962
15 841 3593 0 1777797265 616933
16 913 2843 0 1777797265 618807
18 799 10665 0 1777797265 622708
19 815 66054 0 1777797265 622971
16 914 4344 0 1777797265 623155
19 816 1170 0 1777797265 624142
18 800 1965 0 1777797265 624675
17 796 14939 0 1777797265 628313
16 915 5516 0 1777797265 628672
19 817 4536 0 1777797265 628680
16 916 1794 0 1777797265 630475
15 842 17286 0 1777797265 634221
16 917 3749 0 1777797265 634228
15 843 8879 0 1777797265 643109
16 918 9539 0 1777797265 643778
17 797 16498 0 1777797265 644820
14 745 45874 0 1777797265 654905
15 844 11825 0 1777797265 654943
18 801 30272 0 1777797265 654949
19 818 26264 0 1777797265 654955
16 919 11371 0 1777797265 655152
17 798 10334 0 1777797265 655157
16 920 3253 0 1777797265 658410
17 799 3759 0 1777797265 658924
15 845 6451 0 1777797265 661407
18 802 6626 0 1777797265 661596
19 819 7731 0 1777797265 662709
17 800 7474 0 1777797265 666400
15 846 5051 0 1777797265 666460
19 820 5413 0 1777797265 668123
16 921 9727 0 1777797265 668139
18 803 6657 0 1777797265 668254
14 746 18921 0 1777797265 673836
15 847 7510 0 1777797265 673972
17 801 8209 0 1777797265 674610
19 821 8071 0 1777797265 676195
16 922 8429 0 1777797265 676569
18 804 8500 0 1777797265 676756
15 848 4315 0 1777797265 678289
14 747 7034 0 1777797265 680880
19 822 4931 0 1777797265 681134
16 923 4689 0 1777797265 681261
18 805 6483 0 1777797265 683242
15 849 5064 0 1777797265 683355
17 802 8885 0 1777797265 683498
19 823 2377 0 1777797265 683512
14 748 7055 0 1777797265 687945
17 803 5851 0 1777797265 689350
14 749 6302 0 1777797265 694249
16 924 12994 0 1777797265 694256
18 806 13170 0 1777797265 696421
17 804 8879 0 1777797265 698230
19 824 14857 0 1777797265 698370
15 850 17274 0 1777797265 700632
14 750 9834 0 1777797265 704090
16 925 9832 0 1777797265 704095
19 825 5947 0 1777797265 704319
18 807 8089 0 1777797265 704511
17 805 10051 0 1777797265 708282
15 851 7723 0 1777797265 708361
19 826 13445 0 1777797265 717767
14 751 16820 0 1777797265 720917
15 852 12563 0 1777797265 720925
17 806 12648 0 1777797265 720932
18 808 16422 0 1777797265 720938
16 926 16892 0 1777797265 720995
17 807 6264 0 1777797265 727241
14 752 17148 0 1777797265 738086
15 853 17122 0 1777797265 738093
16 927 17100 0 1777797265 738096
18 809 17121 0 1777797265 738103
19 827 20338 0 1777797265 738106
17 808 15122 0 1777797265 742365
18 810 8455 0 1777797265 746578
16 928 14780 0 1777797265 752900
14 753 14833 0 1777797265 752940
15 854 16365 0 1777797265 754479
17 809 12197 0 1777797265 754565
19 828 16441 0 1777797265 754569
14 754 6453 0 1777797265 759421
18 811 14062 0 1777797265 760641
16 929 8339 0 1777797265 761241
15 855 19258 0 1777797265 773743
14 755 15228 0 1777797265 774650
17 810 20133 0 1777797265 774702
19 829 20326 0 1777797265 774900
18 812 14650 0 1777797265 775293
16 930 15441 0 1777797265 776682
14 756 5573 0 1777797265 780223
19 830 7400 0 1777797265 782301
15 856 10625 0 1777797265 784371
18 813 11591 0 1777797265 786886
17 811 12772 0 1777797265 787475
15 857 4252 0 1777797265 788629
15 858 2377 0 1777797265 791014
17 812 4676 0 1777797265 792154
19 831 12800 0 1777797265 795108
18 814 8302 0 1777797265 795193
17 813 3599 0 1777797265 795755
16 931 19866 0 1777797265 796550
14 757 17697 0 1777797265 797927
15 859 9459 0 1777797265 800475
17 814 11044 0 1777797265 806801
16 932 10267 0 1777797265 806820
18 815 11925 0 1777797265 807120
19 832 13700 0 1777797265 808816
15 860 9180 0 1777797265 809657
17 815 5288 0 1777797265 812091
15 861 3149 0 1777797265 812811
15 862 3525 0 1777797265 816342
18 816 11519 0 1777797265 818640
16 933 14176 0 1777797265 820997
16 934 4304 0 1777797265 825302
16 935 2015 0 1777797265 827320
15 863 11887 0 1777797265 828230
16 936 1543 0 1777797265 828868
16 937 3023 0 1777797265 831893
16 938 3271 0 1777797265 835165
16 939 2329 0 1777797265 837497
15 864 11432 0 1777797265 839664
15 865 3596 0 1777797265 843263
16 940 5770 0 1777797265 843271
18 817 26716 0 1777797265 845358
16 941 3548 0 1777797265 846847
16 942 2785 0 1777797265 849634
19 833 45495 0 1777797265 854321
16 943 4746 0 1777797265 854382
15 866 12525 0 1777797265 855798
18 818 13415 0 1777797265 858774
15 867 3529 0 1777797265 859330
16 944 5016 0 1777797265 859399
14 758 62838 0 1777797265 860766
15 868 2745 0 1777797265 862078
17 816 49996 0 1777797265 862089
17 817 1418 0 1777797265 863528
14 759 3681 0 1777797265 864449
15 869 2365 0 1777797265 864455
18 819 7191 0 1777797265 865967
14 760 5008 0 1777797265 869464
17 818 7056 0 1777797265 870586
15 870 7006 0 1777797265 871472
18 820 5625 0 1777797265 871594
16 945 14373 0 1777797265 873773
14 761 4600 0 1777797265 874067
19 834 19820 0 1777797265 874143
15 871 3391 0 1777797265 874865
16 946 3649 0 1777797265 877424
15 872 2698 0 1777797265 877570
14 762 4015 0 1777797265 878086
17 819 9301 0 1777797265 879889
19 835 5757 0 1777797265 879902
15 873 3010 0 1777797265 880581
18 821 10661 0 1777797265 882257
16 947 4913 0 1777797265 882340
17 820 2666 0 1777797265 882570
17 821 2916 0 1777797265 885487
14 763 8355 0 1777797265 886446
15 874 7443 0 1777797265 888030
18 822 6225 0 1777797265 888487
17 822 3053 0 1777797265 888548
15 875 1318 0 1777797265 889351
18 823 2169 0 1777797265 890659
16 948 8356 0 1777797265 890697
14 764 4662 0 1777797265 891118
15 876 1771 0 1777797265 891126
17 823 5692 0 1777797265 894242
19 836 14337 0 1777797265 894251
16 949 19445 0 1777797265 910143
18 824 19732 0 1777797265 910393
15 877 19347 0 1777797265 910482
14 765 20371 0 1777797265 911499
17 824 17980 0 1777797265 912233
15 878 4360 0 1777797265 914844
16 950 4829 0 1777797265 914979
18 825 4963 0 1777797265 915359
14 766 4448 0 1777797265 915949
17 825 10314 0 1777797265 922552
18 826 8021 0 1777797265 923381
16 951 8428 0 1777797265 923408
15 879 9697 0 1777797265 924544
14 767 8632 0 1777797265 924583
17 826 6410 0 1777797265 928963
19 837 36196 0 1777797265 930486
14 768 6633 0 1777797265 931217
15 880 7205 0 1777797265 931755
16 952 11914 0 1777797265 935324
19 838 5537 0 1777797265 936026
14 769 4831 0 1777797265 936049
18 827 13268 0 1777797265 936651
17 827 11910 0 1777797265 940874
15 881 9144 0 1777797265 940901
16 953 8335 0 1777797265 943661
19 839 7642 0 1777797265 943671
15 882 5360 0 1777797265 946262
14 770 10232 0 1777797265 946282
17 828 5577 0 1777797265 946453
18 828 9817 0 1777797265 946470
16 954 3468 0 1777797265 947140
19 840 5938 0 1777797265 949621
15 883 6568 0 1777797265 952832
14 771 6585 0 1777797265 952868
16 955 7152 0 1777797265 954294
18 829 8259 0 1777797265 954730
17 829 8296 0 1777797265 954751
19 841 6053 0 1777797265 955677
17 830 6170 0 1777797265 960923
18 830 6983 0 1777797265 961715
14 772 8916 0 1777797265 961785
15 884 8993 0 1777797265 961834
16 956 7639 0 1777797265 961966
19 842 6978 0 1777797265 962658
14 773 5580 0 1777797265 967366
15 885 5538 0 1777797265 967373
16 957 5409 0 1777797265 967376
17 831 6454 0 1777797265 967380
18 831 7695 0 1777797265 969414
15 886 6851 0 1777797265 974237
16 958 6899 0 1777797265 974289
17 832 9059 0 1777797265 976453
18 832 7045 0 1777797265 976461
14 774 10224 0 1777797265 977604
19 843 15641 0 1777797265 978301
16 959 4995 0 1777797265 979285
18 833 2852 0 1777797265 979330
15 887 5845 0 1777797265 980089
18 834 3039 0 1777797265 982370
17 833 5999 0 1777797265 982461
15 888 2789 0 1777797265 982880
19 844 5607 0 1777797265 983910
16 960 6976 0 1777797265 986266
14 775 9788 0 1777797265 987394
15 889 5291 0 1777797265 988172
17 834 8627 0 1777797265 991089
18 835 9219 0 1777797265 991591
14 776 4589 0 1777797265 991985
19 845 8093 0 1777797265 992003
15 890 7037 0 1777797265 995210
16 961 8944 0 1777797265 995219
17 835 4588 0 1777797265 995682
18 836 5321 0 1777797265 996913
15 891 3298 0 1777797265 998518
16 962 8446 0 1777797266 3682
18 837 6832 0 1777797266 3748
14 777 12402 0 1777797266 4389
15 892 5875 0 1777797266 4397
17 836 8927 0 1777797266 4611
17 837 3450 0 1777797266 8063
16 963 4956 0 1777797266 8641
14 778 4296 0 1777797266 8694
18 838 5283 0 1777797266 9032
15 893 9858 0 1777797266 14263
19 846 22617 0 1777797266 14621
18 839 5800 0 1777797266 14835
14 779 6239 0 1777797266 14935
17 838 8156 0 1777797266 16221
16 964 13302 0 1777797266 21946
19 847 7360 0 1777797266 21985
15 894 8147 0 1777797266 22418
14 780 8087 0 1777797266 23023
18 840 8193 0 1777797266 23029
17 839 7036 0 1777797266 23262
19 848 6914 0 1777797266 28901
15 895 6560 0 1777797266 28980
17 840 5752 0 1777797266 29015
16 965 7144 0 1777797266 29092
18 841 6199 0 1777797266 29237
14 781 6658 0 1777797266 29687
15 896 1594 0 1777797266 30575
14 782 3113 0 1777797266 32801
16 966 7279 0 1777797266 36373
15 897 6298 0 1777797266 36874
19 849 9348 0 1777797266 38251
17 841 9825 0 1777797266 38842
18 842 10297 0 1777797266 39536
18 843 1843 0 1777797266 41380
19 850 5389 0 1777797266 43643
16 967 8418 0 1777797266 44806
15 898 8208 0 1777797266 45084
18 844 7811 0 1777797266 49196
19 851 9602 0 1777797266 53247
16 968 9405 0 1777797266 54214
15 899 10542 0 1777797266 55629
15 900 2528 0 1777797266 58161
16 969 4512 0 1777797266 58733
18 845 10712 0 1777797266 59913
18 846 27507 0 1777797266 87421
19 852 34179 0 1777797266 87428
17 842 51389 0 1777797266 90233
14 783 57729 0 1777797266 90533
19 853 8908 0 1777797266 96358
18 847 8981 0 1777797266 96411
16 970 37856 0 1777797266 96592
18 848 10190 0 1777797266 106602
16 971 13020 0 1777797266 109614
17 843 22194 0 1777797266 112431
14 784 23808 0 1777797266 114344
15 901 57034 0 1777797266 115198
19 854 20289 0 1777797266 116649
17 844 11244 0 1777797266 123679
14 785 12123 0 1777797266 126471
18 849 19865 0 1777797266 126474
16 972 22624 0 1777797266 132241
15 902 24052 0 1777797266 139251
19 855 26893 0 1777797266 143544
17 845 31980 0 1777797266 155662
19 856 12120 0 1777797266 155666
14 786 29906 0 1777797266 156380
15 903 17133 0 1777797266 156387
16 973 24152 0 1777797266 156394
18 850 29976 0 1777797266 156456
17 846 2272 0 1777797266 157939
19 857 5676 0 1777797266 161353
15 904 18557 0 1777797266 174961
16 974 18548 0 1777797266 174971
14 787 18626 0 1777797266 175021
18 851 18572 0 1777797266 175029
17 847 22882 0 1777797266 180825
19 858 24867 0 1777797266 186223
16 975 26906 0 1777797266 201901
14 788 27031 0 1777797266 202062
15 905 27253 0 1777797266 202225
18 852 27202 0 1777797266 202241
17 848 34448 0 1777797266 215275
19 859 29057 0 1777797266 215284
18 853 21241 0 1777797266 223522
14 789 22654 0 1777797266 224897
15 906 22638 0 1777797266 224909
16 976 23008 0 1777797266 224916
17 849 16477 0 1777797266 231762
14 790 7285 0 1777797266 232202
18 854 8683 0 1777797266 232206
19 860 16938 0 1777797266 232234
15 907 10915 0 1777797266 235849
16 977 10910 0 1777797266 235852
17 850 24568 0 1777797266 256332
14 791 32668 0 1777797266 264902
15 908 29053 0 1777797266 264905
16 978 29052 0 1777797266 264909
19 861 32669 0 1777797266 264913
18 855 33012 0 1777797266 265251
17 851 24952 0 1777797266 281286
14 792 27409 0 1777797266 292322
15 909 27407 0 1777797266 292326
16 979 27404 0 1777797266 292330
18 856 27080 0 1777797266 292335
19 862 27408 0 1777797266 292339
17 852 13873 0 1777797266 295165
16 980 15302 0 1777797266 307662
18 857 15303 0 1777797266 307667
19 863 15302 0 1777797266 307672
14 793 16401 0 1777797266 308740
15 910 16402 0 1777797266 308747
17 853 13595 0 1777797266 308761
14 794 12917 0 1777797266 321679
15 911 12890 0 1777797266 321687
16 981 14023 0 1777797266 321696
17 854 12898 0 1777797266 321703
18 858 14033 0 1777797266 321711
19 864 14036 0 1777797266 321719
15 912 5647 0 1777797266 327381
18 859 5615 0 1777797266 327389
19 865 5617 0 1777797266 327397
14 795 22406 0 1777797266 344126
15 913 16731 0 1777797266 344129
16 982 22370 0 1777797266 344133
17 855 22368 0 1777797266 344137
18 860 16723 0 1777797266 344141
19 866 16717 0 1777797266 344145
14 796 19171 0 1777797266 363317
15 914 19178 0 1777797266 363328
16 983 19179 0 1777797266 363333
17 856 19180 0 1777797266 363338
18 861 19181 0 1777797266 363342
19 867 19183 0 1777797266 363347
15 915 19297 0 1777797266 382656
16 984 19310 0 1777797266 382674
17 857 19312 0 1777797266 382682
18 862 19313 0 1777797266 382688
19 868 19322 0 1777797266 382704
14 797 29953 0 1777797266 393301
16 985 26093 0 1777797266 408807
17 858 26084 0 1777797266 408811
18 863 26080 0 1777797266 408815
19 869 26070 0 1777797266 408818
15 916 33485 0 1777797266 416190
14 798 30361 0 1777797266 423672
17 859 14856 0 1777797266 423681
18 864 14857 0 1777797266 423685
15 917 20558 0 1777797266 436758
16 986 27947 0 1777797266 436766
17 860 13076 0 1777797266 436771
19 870 27945 0 1777797266 436777
14 799 14404 0 1777797266 438090
18 865 14391 0 1777797266 438093
14 800 19195 0 1777797266 457288
15 918 20529 0 1777797266 457306
16 987 20531 0 1777797266 457314
17 861 20533 0 1777797266 457321
18 866 19229 0 1777797266 457327
16 988 3611 0 1777797266 460968
18 867 3605 0 1777797266 460975
19 871 24190 0 1777797266 460982
14 801 8979 0 1777797266 466308
15 919 8976 0 1777797266 466324
16 989 5349 0 1777797266 466332
17 862 8976 0 1777797266 466339
19 872 5337 0 1777797266 466345
18 868 11922 0 1777797266 472921
16 990 8363 0 1777797266 474744
17 863 8376 0 1777797266 474765
19 873 8365 0 1777797266 474768
14 802 12920 0 1777797266 479266
15 920 12910 0 1777797266 479274
15 921 6963 0 1777797266 486250
16 991 11540 0 1777797266 486288
17 864 11527 0 1777797266 486296
18 869 13414 0 1777797266 486338
14 803 9427 0 1777797266 488703
19 874 14250 0 1777797266 489024
14 804 7425 0 1777797266 496453
15 922 10123 0 1777797266 496464
16 992 10113 0 1777797266 496471
17 865 10124 0 1777797266 496491
18 870 10125 0 1777797266 496499
19 875 7369 0 1777797266 496505
14 805 17142 0 1777797266 513648
15 923 17145 0 1777797266 513660
16 993 17145 0 1777797266 513667
17 866 17143 0 1777797266 513672
18 871 17142 0 1777797266 513678
14 806 11203 0 1777797266 524881
15 924 11199 0 1777797266 524888
16 994 11199 0 1777797266 524894
17 867 11199 0 1777797266 524900
18 872 11201 0 1777797266 524906
19 876 28329 0 1777797266 524912
14 807 10525 0 1777797266 535438
16 995 19407 0 1777797266 544346
17 868 19417 0 1777797266 544362
15 925 25102 0 1777797266 550035
19 877 25350 0 1777797266 550307
18 873 38974 0 1777797266 563925
16 996 21027 0 1777797266 565390
19 878 22680 0 1777797266 572989
16 997 29448 0 1777797266 594841
17 869 64509 0 1777797266 608938
19 879 37457 0 1777797266 610448
14 808 78533 0 1777797266 613981
16 998 20080 0 1777797266 614926
18 874 52383 0 1777797266 616311
15 926 74103 0 1777797266 624140
16 999 14452 0 1777797266 629379
17 870 24503 0 1777797266 633448
19 880 23002 0 1777797266 633453
14 809 24210 0 1777797266 638193
17 871 7630 0 1777797266 641084
19 881 9671 0 1777797266 643134
17 872 6919 0 1777797266 648005
15 927 25827 0 1777797266 649972
19 882 7512 0 1777797266 650652
17 873 9296 0 1777797266 657303
18 875 40995 0 1777797266 657307
14 810 23040 0 1777797266 661288
16 1000 31931 0 1777797266 661317
15 928 11365 0 1777797266 661340
19 883 10690 0 1777797266 661343
16 1001 6964 0 1777797266 668292
17 874 10989 0 1777797266 668296
18 876 10986 0 1777797266 668300
19 884 6955 0 1777797266 668303
14 811 7776 0 1777797266 669095
15 929 10716 0 1777797266 672059
14 812 13235 0 1777797266 682331
15 930 10276 0 1777797266 682336
16 1002 14038 0 1777797266 682341
17 875 14037 0 1777797266 682345
18 877 14036 0 1777797266 682349
19 885 14036 0 1777797266 682354
16 1003 17499 0 1777797266 699866
17 876 17506 0 1777797266 699878
18 878 17508 0 1777797266 699884
19 886 17509 0 1777797266 699890
14 813 25327 0 1777797266 707681
15 931 28774 0 1777797266 711134
18 879 18245 0 1777797266 718281
16 1004 23775 0 1777797266 723666
19 887 23631 0 1777797266 723681
14 814 23838 0 1777797266 731521
17 877 31510 0 1777797266 731526
15 932 23853 0 1777797266 734989
18 880 18033 0 1777797266 736315
15 933 23044 0 1777797266 758034
16 1005 34359 0 1777797266 758040
14 815 29419 0 1777797266 760945
17 878 29494 0 1777797266 761026
19 888 40898 0 1777797266 764596
18 881 29092 0 1777797266 765409
15 934 11135 0 1777797266 769176
16 1006 11134 0 1777797266 769180
17 879 23488 0 1777797266 784524
14 816 33256 0 1777797266 794283
17 880 12331 0 1777797266 796858
18 882 53630 0 1777797266 819044
19 889 55205 0 1777797266 819802
15 935 53822 0 1777797266 823003
16 1007 73613 0 1777797266 842799
15 936 22349 0 1777797266 845353
16 1008 13389 0 1777797266 856189
19 890 37061 0 1777797266 856865
15 937 12166 0 1777797266 857520
15 938 9279 0 1777797266 866800
14 817 90653 0 1777797266 884937
18 883 65898 0 1777797266 884944
19 891 34182 0 1777797266 891048
17 881 95472 0 1777797266 892342
16 1009 39759 0 1777797266 895953
16 1010 6300 0 1777797266 902254
18 884 22560 0 1777797266 907512
14 818 25368 0 1777797266 910313
15 939 43586 0 1777797266 910388
17 882 18048 0 1777797266 910392
19 892 19348 0 1777797266 910398
16 1011 9850 0 1777797266 912107
14 819 8152 0 1777797266 918551
18 885 11044 0 1777797266 918559
19 893 12104 0 1777797266 922517
15 940 18177 0 1777797266 928581
16 1012 16472 0 1777797266 928585
17 883 18180 0 1777797266 928589
14 820 11502 0 1777797266 930062
18 886 8307 0 1777797266 930073
15 941 10161 0 1777797266 938751
17 884 10155 0 1777797266 938756
18 887 19178 0 1777797266 949285
14 821 22725 0 1777797266 952800
15 942 14056 0 1777797266 952813
16 1013 24225 0 1777797266 952820
19 894 30308 0 1777797266 952827
17 885 17339 0 1777797266 956101
14 822 13942 0 1777797266 966773
15 943 13796 0 1777797266 966779
16 1014 13793 0 1777797266 966783
17 886 10684 0 1777797266 966787
18 888 17503 0 1777797266 966790
19 895 13799 0 1777797266 966794
15 944 7418 0 1777797266 974218
16 1015 7422 0 1777797266 974226
17 887 7423 0 1777797266 974232
18 889 7428 0 1777797266 974241
19 896 7430 0 1777797266 974247
14 823 8082 0 1777797266 974876
16 1016 4783 0 1777797266 979051
17 888 4786 0 1777797266 979061
15 945 6215 0 1777797266 980463
19 897 6173 0 1777797266 980470
14 824 6709 0 1777797266 981587
16 1017 6909 0 1777797266 985972
17 889 7793 0 1777797266 986870
19 898 6399 0 1777797266 986878
14 825 9096 0 1777797266 990686
15 946 10219 0 1777797266 990690
16 1018 4720 0 1777797266 990694
19 899 3796 0 1777797266 990698
14 826 4228 0 1777797266 994927
15 947 4940 0 1777797266 995645
16 1019 4946 0 1777797266 995663
17 890 11519 0 1777797266 998398
19 900 7679 0 1777797266 998403
18 890 26742 0 1777797267 1025
15 948 13133 0 1777797267 8798
14 827 15389 0 1777797267 10318
16 1020 14649 0 1777797267 10324
17 891 11925 0 1777797267 10328
19 901 13280 0 1777797267 11736
18 891 12643 0 1777797267 13669
15 949 6905 0 1777797267 15705
17 892 5370 0 1777797267 15712
14 828 5734 0 1777797267 16062
16 1021 5730 0 1777797267 16066
19 902 4343 0 1777797267 16080
18 892 13946 0 1777797267 27616
15 950 13661 0 1777797267 29373
17 893 16183 0 1777797267 31903
19 903 15908 0 1777797267 32008
14 829 30828 0 1777797267 46896
15 951 17526 0 1777797267 46902
16 1022 30837 0 1777797267 46908
17 894 15008 0 1777797267 46913
18 893 19309 0 1777797267 46927
19 904 14923 0 1777797267 46935
18 894 7898 0 1777797267 54866
14 830 11059 0 1777797267 57995
15 952 11057 0 1777797267 58003
16 1023 11053 0 1777797267 58008
19 905 11040 0 1777797267 58014
17 895 14824 0 1777797267 61786
18 895 6928 0 1777797267 61796
14 831 13085 0 1777797267 71101
16 1024 13084 0 1777797267 71124
17 896 9336 0 1777797267 71132
15 953 18596 0 1777797267 76628
17 897 5468 0 1777797267 76634
19 906 18588 0 1777797267 76640
14 832 11743 0 1777797267 82876
16 1025 16076 0 1777797267 87226
17 898 10594 0 1777797267 87243
18 896 25443 0 1777797267 87249
14 833 12106 0 1777797267 94985
16 1026 7743 0 1777797267 94994
17 899 7730 0 1777797267 95000
18 897 7729 0 1777797267 95007
19 907 18358 0 1777797267 95013
15 954 20417 0 1777797267 97058
14 834 9295 0 1777797267 104310
15 955 7325 0 1777797267 104385
16 1027 9365 0 1777797267 104392
17 900 11861 0 1777797267 106896
18 898 11865 0 1777797267 106906
14 835 9496 0 1777797267 113890
15 956 9486 0 1777797267 113899
19 908 18858 0 1777797267 113906
14 836 4830 0 1777797267 118737
19 909 4762 0 1777797267 118752
14 837 6080 0 1777797267 124833
15 957 10926 0 1777797267 124848
17 901 17948 0 1777797267 124855
18 899 17945 0 1777797267 124861
19 910 6094 0 1777797267 124867
16 1028 24122 0 1777797267 128543
14 838 7703 0 1777797267 132572
14 839 5625 0 1777797267 138205
16 1029 9677 0 1777797267 138223
18 900 13336 0 1777797267 138231
19 911 13336 0 1777797267 138238
14 840 7862 0 1777797267 146101
16 1030 7861 0 1777797267 146110
18 901 7852 0 1777797267 146117
19 912 7848 0 1777797267 146123
15 958 32195 0 1777797267 157075
17 902 32194 0 1777797267 157081
19 913 10917 0 1777797267 157087
14 841 11528 0 1777797267 157653
18 902 11513 0 1777797267 157665
16 1031 11560 0 1777797267 157696
15 959 7284 0 1777797267 164371
17 903 7937 0 1777797267 165032
19 914 7964 0 1777797267 165083
14 842 8290 0 1777797267 165956
14 843 4262 0 1777797267 170220
15 960 5855 0 1777797267 170228
18 903 14334 0 1777797267 172014
19 915 6907 0 1777797267 172022
17 904 13117 0 1777797267 178202
15 961 18817 0 1777797267 189098
16 1032 31409 0 1777797267 189107
18 904 17096 0 1777797267 189118
19 916 17093 0 1777797267 189124
14 844 19656 0 1777797267 189885
16 1033 7981 0 1777797267 197115
17 905 23229 0 1777797267 201432
18 905 12301 0 1777797267 201441
16 1034 5101 0 1777797267 202219
15 962 18076 0 1777797267 207201
19 917 18062 0 1777797267 207215
17 906 8789 0 1777797267 210231
16 1035 13526 0 1777797267 215747
18 906 14300 0 1777797267 215755
15 963 12646 0 1777797267 219862
17 907 11093 0 1777797267 221329
16 1036 6207 0 1777797267 221964
18 907 7755 0 1777797267 223546
19 918 17047 0 1777797267 224279
15 964 23589 0 1777797267 243454
19 919 20712 0 1777797267 244993
15 965 10788 0 1777797267 254243
14 845 66167 0 1777797267 256056
16 1037 38329 0 1777797267 260294
17 908 38978 0 1777797267 260312
19 920 15601 0 1777797267 260597
18 908 40608 0 1777797267 264158
14 846 16912 0 1777797267 272969
18 909 12811 0 1777797267 276979
16 1038 17884 0 1777797267 278197
17 909 18625 0 1777797267 278948
14 847 7378 0 1777797267 280349
14 848 7652 0 1777797267 288003
17 910 9085 0 1777797267 288035
18 910 11065 0 1777797267 288051
14 849 2239 0 1777797267 290291
17 911 2234 0 1777797267 290303
18 911 3203 0 1777797267 291324
17 912 4425 0 1777797267 294743
17 913 3627 0 1777797267 298372
18 912 7055 0 1777797267 298380
19 921 41858 0 1777797267 302456
19 922 1473 0 1777797267 303932
15 966 53798 0 1777797267 308042
16 1039 35567 0 1777797267 313766
17 914 15395 0 1777797267 313775
19 923 14163 0 1777797267 318101
15 967 10164 0 1777797267 318208
14 850 28750 0 1777797267 319053
19 924 5842 0 1777797267 323945
17 915 18016 0 1777797267 331816
14 851 24050 0 1777797267 343107
15 968 26099 0 1777797267 344308
16 1040 30576 0 1777797267 344352
18 913 45969 0 1777797267 344358
19 925 20401 0 1777797267 344365
17 916 16502 0 1777797267 348323
18 914 6943 0 1777797267 351325
15 969 7413 0 1777797267 351779
14 852 8737 0 1777797267 351855
16 1041 9249 0 1777797267 353625
19 926 20761 0 1777797267 365164
16 1042 18708 0 1777797267 372336
17 917 25085 0 1777797267 373411
18 915 22093 0 1777797267 373423
14 853 22111 0 1777797267 373968
19 927 9212 0 1777797267 374379
15 970 22746 0 1777797267 374528
16 1043 7584 0 1777797267 379921
17 918 7604 0 1777797267 381028
18 916 13681 0 1777797267 387117
17 919 6706 0 1777797267 387741
19 928 14593 0 1777797267 388974
16 1044 14096 0 1777797267 394019
18 917 6925 0 1777797267 394044
14 854 21841 0 1777797267 395811
16 1045 4390 0 1777797267 398436
17 920 12025 0 1777797267 399768
14 855 4456 0 1777797267 400269
16 1046 10868 0 1777797267 409306
17 921 9546 0 1777797267 409316
18 918 15262 0 1777797267 409322
19 929 20355 0 1777797267 409330
14 856 14107 0 1777797267 414381
16 1047 5058 0 1777797267 414389
14 857 2524 0 1777797267 416914
15 971 45391 0 1777797267 419920
19 930 15420 0 1777797267 424782
17 922 22400 0 1777797267 431743
17 923 8946 0 1777797267 440693
19 931 17644 0 1777797267 442431
14 858 30606 0 1777797267 447522
18 919 38178 0 1777797267 447528
17 924 48355 0 1777797267 489049
15 972 71834 0 1777797267 491756
15 973 8354 0 1777797267 500113
14 859 53634 0 1777797267 501162
16 1048 89238 0 1777797267 503637
15 974 4512 0 1777797267 504629
15 975 5420 0 1777797267 510055
16 1049 6420 0 1777797267 510059
15 976 7857 0 1777797267 517917
18 920 70386 0 1777797267 517921
16 1050 23548 0 1777797267 533615
19 932 91188 0 1777797267 533620
17 925 48016 0 1777797267 537067
14 860 42064 0 1777797267 543227
15 977 25310 0 1777797267 543231
18 921 25616 0 1777797267 543542
16 1051 10765 0 1777797267 544385
17 926 8441 0 1777797267 545511
14 861 11097 0 1777797267 554330
15 978 11230 0 1777797267 554470
16 1052 9721 0 1777797267 554480
17 927 8978 0 1777797267 554490
19 933 20869 0 1777797267 554496
14 862 2367 0 1777797267 556864
15 979 3477 0 1777797267 558036
16 1053 4949 0 1777797267 559541
19 934 5470 0 1777797267 560092
14 863 4669 0 1777797267 561536
16 1054 5713 0 1777797267 565256
14 864 3733 0 1777797267 565277
19 935 5187 0 1777797267 565281
15 980 8951 0 1777797267 566990
16 1055 4549 0 1777797267 569808
16 1056 2162 0 1777797267 571971
16 1057 6210 0 1777797267 578184
19 936 15073 0 1777797267 580360
16 1058 4435 0 1777797267 582620
19 937 9527 0 1777797267 589890
19 938 12961 0 1777797267 602853
17 928 49424 0 1777797267 604028
18 922 66406 0 1777797267 609948
17 929 8296 0 1777797267 612326
19 939 9478 0 1777797267 612335
18 923 5767 0 1777797267 615717
14 865 65729 0 1777797267 631010
19 940 19583 0 1777797267 631925
18 924 17755 0 1777797267 633478
16 1059 54163 0 1777797267 636784
17 930 25843 0 1777797267 638178
18 925 8974 0 1777797267 642453
16 1060 8958 0 1777797267 645743
17 931 7581 0 1777797267 645760
14 866 16802 0 1777797267 647813
16 1061 2065 0 1777797267 647826
17 932 3630 0 1777797267 649409
15 981 83550 0 1777797267 650546
14 867 8199 0 1777797267 656014
18 926 13566 0 1777797267 656020
16 1062 10028 0 1777797267 657855
19 941 26132 0 1777797267 658058
17 933 12711 0 1777797267 662122
18 927 6100 0 1777797267 662126
16 1063 5595 0 1777797267 663452
14 868 9129 0 1777797267 665150
16 1064 6842 0 1777797267 670295
14 869 5492 0 1777797267 670644
19 942 14117 0 1777797267 672176
16 1065 3273 0 1777797267 673571
14 870 3002 0 1777797267 673648
16 1066 1527 0 1777797267 675102
19 943 3551 0 1777797267 675732
17 934 19551 0 1777797267 681677
18 928 19551 0 1777797267 681687
19 944 6352 0 1777797267 682085
15 982 35466 0 1777797267 686013
18 929 7201 0 1777797267 688899
15 983 3727 0 1777797267 689747
18 930 1178 0 1777797267 690082
19 945 9581 0 1777797267 691667
17 935 11263 0 1777797267 692951
18 931 2890 0 1777797267 692973
18 932 2265 0 1777797267 695251
19 946 4168 0 1777797267 695836
17 936 2892 0 1777797267 695867
14 871 23608 0 1777797267 697257
15 984 7577 0 1777797267 697327
18 933 3961 0 1777797267 699213
17 937 6380 0 1777797267 702250
16 1067 33003 0 1777797267 708107
18 934 9969 0 1777797267 709187
17 938 13932 0 1777797267 716185
18 935 7000 0 1777797267 716188
18 936 7010 0 1777797267 723203
18 937 3790 0 1777797267 726994
14 872 30111 0 1777797267 727440
17 939 18911 0 1777797267 735099
18 938 8107 0 1777797267 735103
15 985 43818 0 1777797267 741167
16 1068 38571 0 1777797267 746679
16 1069 2040 0 1777797267 748721
15 986 17583 0 1777797267 758751
16 1070 14338 0 1777797267 763061
17 940 29214 0 1777797267 764317
19 947 73718 0 1777797267 769556
15 987 18980 0 1777797267 777732
18 939 42588 0 1777797267 777740
19 948 8197 0 1777797267 777755
16 1071 20516 0 1777797267 783578
17 941 19263 0 1777797267 783583
14 873 64042 0 1777797267 791484
15 988 13736 0 1777797267 791492
18 940 13712 0 1777797267 791500
19 949 13709 0 1777797267 791506
16 1072 10227 0 1777797267 793811
17 942 13494 0 1777797267 797086
15 989 7950 0 1777797267 799466
19 950 7982 0 1777797267 799514
14 874 11911 0 1777797267 803418
18 941 11899 0 1777797267 803423
17 943 9415 0 1777797267 806509
15 990 13798 0 1777797267 813313
16 1073 19519 0 1777797267 813332
19 951 14967 0 1777797267 814493
14 875 11441 0 1777797267 814865
17 944 9982 0 1777797267 816493
18 942 13071 0 1777797267 816500
15 991 8267 0 1777797267 821601
16 1074 8675 0 1777797267 822030
17 945 6107 0 1777797267 822608
19 952 8124 0 1777797267 822618
14 876 10431 0 1777797267 825299
18 943 8899 0 1777797267 825412
15 992 4358 0 1777797267 825960
19 953 5492 0 1777797267 828162
17 946 5965 0 1777797267 828584
14 877 5316 0 1777797267 830730
18 944 5271 0 1777797267 830740
14 878 9593 0 1777797267 840334
15 993 14390 0 1777797267 840351
16 1075 18340 0 1777797267 840372
18 945 9621 0 1777797267 840379
19 954 12222 0 1777797267 840385
17 947 15149 0 1777797267 843734
15 994 7037 0 1777797267 847436
18 946 7075 0 1777797267 847487
14 879 7269 0 1777797267 847655
16 1076 7256 0 1777797267 847661
19 955 7248 0 1777797267 847667
14 880 7144 0 1777797267 854812
15 995 7379 0 1777797267 854817
19 956 7136 0 1777797267 854821
14 881 3564 0 1777797267 858386
15 996 7313 0 1777797267 862140
16 1077 14470 0 1777797267 862146
18 947 14672 0 1777797267 862161
19 957 7430 0 1777797267 862262
14 882 3938 0 1777797267 862325
17 948 21088 0 1777797267 864823
16 1078 2706 0 1777797267 864876
14 883 7806 0 1777797267 870132
19 958 7878 0 1777797267 870141
18 948 9547 0 1777797267 871732
15 997 9600 0 1777797267 871762
16 1079 8836 0 1777797267 873713
18 949 4336 0 1777797267 876073
14 884 6858 0 1777797267 877000
15 998 5244 0 1777797267 877007
17 949 12183 0 1777797267 877017
19 959 6868 0 1777797267 877023
16 1080 3675 0 1777797267 877390
19 960 4586 0 1777797267 881638
14 885 5221 0 1777797267 882245
15 999 5647 0 1777797267 882682
14 886 5242 0 1777797267 887489
16 1081 10138 0 1777797267 887529
17 950 10496 0 1777797267 887540
19 961 5908 0 1777797267 887548
15 1000 4941 0 1777797267 887625
16 1082 2876 0 1777797267 890453
17 951 2882 0 1777797267 890466
15 1001 6537 0 1777797267 894163
14 887 9685 0 1777797267 897234
16 1083 6855 0 1777797267 897323
17 952 6749 0 1777797267 897327
18 950 21254 0 1777797267 897330
19 962 9740 0 1777797267 897334
15 1002 3202 0 1777797267 897367
15 1003 3190 0 1777797267 900558
18 951 10971 0 1777797267 908321
17 953 12971 0 1777797267 910316
15 1004 11191 0 1777797267 911751
14 888 17449 0 1777797267 914784
16 1084 17447 0 1777797267 914788
15 1005 7193 0 1777797267 918945
17 954 8627 0 1777797267 918949
18 952 10626 0 1777797267 918953
19 963 21601 0 1777797267 918957
15 1006 10318 0 1777797267 929275
16 1085 14487 0 1777797267 929283
17 955 10326 0 1777797267 929289
14 889 15296 0 1777797267 930084
15 1007 3728 0 1777797267 933019
16 1086 3725 0 1777797267 933027
14 890 5773 0 1777797267 935862
19 964 16900 0 1777797267 935873
16 1087 3872 0 1777797267 936910
16 1088 847 0 1777797267 937764
17 956 9726 0 1777797267 939035
16 1089 2202 0 1777797267 939968
14 891 5248 0 1777797267 941123
16 1090 1211 0 1777797267 941183
16 1091 967 0 1777797267 942199
16 1092 4149 0 1777797267 946351
17 957 9775 0 1777797267 948814
16 1093 3366 0 1777797267 949718
15 1008 22324 0 1777797267 955352
16 1094 5647 0 1777797267 955368
17 958 7879 0 1777797267 956697
17 959 1632 0 1777797267 958331
16 1095 4658 0 1777797267 960047
17 960 4138 0 1777797267 962471
16 1096 3459 0 1777797267 963509
19 965 27809 0 1777797267 963698
15 1009 9391 0 1777797267 964760
15 1010 1695 0 1777797267 966458
16 1097 5779 0 1777797267 969295
17 961 6845 0 1777797267 969318
18 953 60639 0 1777797267 979607
15 1011 14867 0 1777797267 981328
14 892 44969 0 1777797267 986097
16 1098 16785 0 1777797267 986104
17 962 16781 0 1777797267 986110
18 954 6506 0 1777797267 986115
19 966 22422 0 1777797267 986121
18 955 11050 0 1777797267 997193
19 967 11062 0 1777797267 997212
15 1012 16878 0 1777797267 998211
18 956 2279 0 1777797267 999492
15 1013 3441 0 1777797268 1654
18 957 5462 0 1777797268 4960
15 1014 5079 0 1777797268 6745
14 893 29281 0 1777797268 15402
15 1015 8666 0 1777797268 15418
16 1099 29296 0 1777797268 15425
17 963 29301 0 1777797268 15439
18 958 10485 0 1777797268 15446
19 968 18113 0 1777797268 15451
14 894 4885 0 1777797268 20337
15 1016 4870 0 1777797268 20350
19 969 4849 0 1777797268 20360
17 964 6758 0 1777797268 22257
14 895 2765 0 1777797268 23126
18 959 8306 0 1777797268 23812
14 896 888 0 1777797268 24017
16 1100 9361 0 1777797268 24849
14 897 1619 0 1777797268 25664
19 970 5428 0 1777797268 25813
18 960 2677 0 1777797268 26492
14 898 3083 0 1777797268 28748
15 1017 8380 0 1777797268 28755
19 971 2946 0 1777797268 28761
16 1101 4639 0 1777797268 29490
14 899 2187 0 1777797268 30949
17 965 9580 0 1777797268 31842
17 966 1092 0 1777797268 32936
15 1018 9226 0 1777797268 37998
16 1102 8513 0 1777797268 38005
17 967 6428 0 1777797268 39368
18 961 13983 0 1777797268 40477
14 900 9729 0 1777797268 40680
15 1019 2984 0 1777797268 40990
16 1103 5363 0 1777797268 43378
19 972 15710 0 1777797268 44490
14 901 4856 0 1777797268 45537
15 1020 5681 0 1777797268 46674
17 968 7961 0 1777797268 47331
14 902 3283 0 1777797268 48822
15 1021 2155 0 1777797268 48831
19 973 4353 0 1777797268 48847
16 1104 6176 0 1777797268 49556
15 1022 3027 0 1777797268 51895
16 1105 2344 0 1777797268 51902
18 962 11593 0 1777797268 52073
18 963 1691 0 1777797268 53765
17 969 7108 0 1777797268 54441
14 903 6137 0 1777797268 54985
16 1106 4029 0 1777797268 55943
14 904 5421 0 1777797268 60409
16 1107 4471 0 1777797268 60415
17 970 5974 0 1777797268 60421
15 1023 9817 0 1777797268 61719
19 974 12848 0 1777797268 61725
18 964 8119 0 1777797268 61885
18 965 8744 0 1777797268 70630
16 1108 17315 0 1777797268 77745
18 966 7125 0 1777797268 77758
15 1024 17990 0 1777797268 79717
19 975 17998 0 1777797268 79735
17 971 19829 0 1777797268 80267
14 905 20832 0 1777797268 81255
15 1025 2451 0 1777797268 82187
17 972 5680 0 1777797268 85948
14 906 6560 0 1777797268 87820
19 976 10987 0 1777797268 90735
16 1109 13525 0 1777797268 91284
18 967 15648 0 1777797268 93424
19 977 2695 0 1777797268 93431
17 973 7932 0 1777797268 93883
16 1110 4932 0 1777797268 96221
17 974 6299 0 1777797268 100183
17 975 4778 0 1777797268 104965
14 907 18965 0 1777797268 106804
17 976 2443 0 1777797268 107410
17 977 6739 0 1777797268 114151
18 968 20726 0 1777797268 114158
16 1111 18721 0 1777797268 114945
19 978 23459 0 1777797268 116903
18 969 4862 0 1777797268 119030
16 1112 5030 0 1777797268 119977
17 978 8578 0 1777797268 122737
16 1113 4441 0 1777797268 124422
19 979 9134 0 1777797268 126038
15 1026 44829 0 1777797268 127018
15 1027 1003 0 1777797268 128023
19 980 4087 0 1777797268 130128
17 979 7645 0 1777797268 130384
17 980 918 0 1777797268 131305
18 970 13198 0 1777797268 132231
17 981 1545 0 1777797268 132857
15 1028 6904 0 1777797268 134929
19 981 8386 0 1777797268 138520
16 1114 15158 0 1777797268 139583
14 908 32997 0 1777797268 139804
17 982 7768 0 1777797268 140629
14 909 1375 0 1777797268 141180
15 1029 6271 0 1777797268 141202
14 910 1960 0 1777797268 143142
17 983 3713 0 1777797268 144344
16 1115 5694 0 1777797268 145281
17 984 6211 0 1777797268 150557
14 911 7779 0 1777797268 150924
15 1030 9736 0 1777797268 150939
18 971 20611 0 1777797268 152845
19 982 15598 0 1777797268 154120
15 1031 4549 0 1777797268 155524
16 1116 11068 0 1777797268 156406
14 912 7728 0 1777797268 158653
18 972 5806 0 1777797268 158660
15 1032 5055 0 1777797268 160584
16 1117 4188 0 1777797268 160597
17 985 10057 0 1777797268 160616
19 983 6500 0 1777797268 160622
15 1033 5855 0 1777797268 166478
18 973 10040 0 1777797268 168711
17 986 8205 0 1777797268 168846
14 913 20681 0 1777797268 179342
15 1034 12873 0 1777797268 179355
16 1118 18729 0 1777797268 179361
19 984 18722 0 1777797268 179370
17 987 14944 0 1777797268 183792
18 974 15081 0 1777797268 183801
14 914 9104 0 1777797268 188474
15 1035 9103 0 1777797268 188485
16 1119 9107 0 1777797268 188497
19 985 10147 0 1777797268 189543
17 988 8441 0 1777797268 192244
15 1036 7880 0 1777797268 196438
18 975 12994 0 1777797268 196819
16 1120 9463 0 1777797268 198036
15 1037 4458 0 1777797268 200905
17 989 8663 0 1777797268 200914
14 915 22882 0 1777797268 211380
15 1038 10473 0 1777797268 211388
16 1121 13354 0 1777797268 211392
18 976 14574 0 1777797268 211395
19 986 21851 0 1777797268 211399
17 990 12314 0 1777797268 213311
15 1039 10117 0 1777797268 221527
14 916 16987 0 1777797268 228387
15 1040 6865 0 1777797268 228396
19 987 16985 0 1777797268 228410
17 991 17815 0 1777797268 231128
15 1041 5491 0 1777797268 233912
17 992 10822 0 1777797268 241953
18 977 31299 0 1777797268 242720
19 988 16317 0 1777797268 244745
15 1042 12666 0 1777797268 246580
14 917 26223 0 1777797268 254635
16 1122 43228 0 1777797268 254643
18 978 11928 0 1777797268 254652
19 989 9914 0 1777797268 254661
17 993 12750 0 1777797268 254704
19 990 3309 0 1777797268 257997
14 918 9246 0 1777797268 263908
15 1043 17350 0 1777797268 263932
16 1123 9268 0 1777797268 263939
17 994 9239 0 1777797268 263944
18 979 9271 0 1777797268 263950
19 991 8875 0 1777797268 266877
14 919 7912 0 1777797268 271863
16 1124 7896 0 1777797268 271873
19 992 5000 0 1777797268 271879
17 995 11670 0 1777797268 275655
18 980 11671 0 1777797268 275664
14 920 7486 0 1777797268 279366
15 1044 15414 0 1777797268 279373
19 993 7467 0 1777797268 279379
14 921 19188 0 1777797268 298567
15 1045 19182 0 1777797268 298582
16 1125 26687 0 1777797268 298589
17 996 22930 0 1777797268 298595
18 981 22888 0 1777797268 298602
19 994 19187 0 1777797268 298608
19 995 5686 0 1777797268 304432
14 922 7916 0 1777797268 306524
16 1126 16796 0 1777797268 315436
17 997 16801 0 1777797268 315448
18 982 16804 0 1777797268 315460
15 1046 16879 0 1777797268 315507
14 923 11205 0 1777797268 317733
19 996 13323 0 1777797268 317764
14 924 2513 0 1777797268 320279
16 1127 4832 0 1777797268 320293
14 925 3132 0 1777797268 323426
15 1047 7925 0 1777797268 323434
19 997 6904 0 1777797268 324682
14 926 7936 0 1777797268 331371
15 1048 7934 0 1777797268 331381
16 1128 11073 0 1777797268 331388
17 998 21560 0 1777797268 337038
14 927 6946 0 1777797268 338336
15 1049 6944 0 1777797268 338345
16 1129 7476 0 1777797268 338885
14 928 4885 0 1777797268 343231
18 983 27758 0 1777797268 343247
15 1050 6566 0 1777797268 344924
16 1130 6048 0 1777797268 344935
14 929 4908 0 1777797268 348156
17 999 11114 0 1777797268 348164
15 1051 4509 0 1777797268 349445
16 1131 4674 0 1777797268 349621
14 930 8760 0 1777797268 356925
16 1132 7546 0 1777797268 357168
15 1052 7939 0 1777797268 357387
17 1000 10756 0 1777797268 358931
18 984 16722 0 1777797268 359998
14 931 8028 0 1777797268 364956
14 932 6365 0 1777797268 371326
15 1053 13956 0 1777797268 371345
16 1133 15225 0 1777797268 372394
17 1001 13467 0 1777797268 372401
18 985 13280 0 1777797268 373280
14 933 7214 0 1777797268 378560
17 1002 10263 0 1777797268 382673
15 1054 14714 0 1777797268 386070
17 1003 6787 0 1777797268 389463
19 998 69019 0 1777797268 393703
16 1134 24312 0 1777797268 396714
19 999 3019 0 1777797268 396724
14 934 22687 0 1777797268 401255
15 1055 15182 0 1777797268 401260
19 1000 4531 0 1777797268 401265
18 986 29603 0 1777797268 402885
17 1004 13705 0 1777797268 403169
15 1056 5796 0 1777797268 407068
19 1001 5798 0 1777797268 407077
18 987 4873 0 1777797268 407803
14 935 20024 0 1777797268 421289
16 1135 24616 0 1777797268 421341
18 988 13564 0 1777797268 421368
17 1005 19420 0 1777797268 422592
19 1002 15512 0 1777797268 422599
15 1057 18262 0 1777797268 425339
19 1003 7591 0 1777797268 430210
18 989 11028 0 1777797268 432420
14 936 15800 0 1777797268 437169
15 1058 11832 0 1777797268 437176
16 1136 15807 0 1777797268 437192
17 1006 14881 0 1777797268 437480
19 1004 7281 0 1777797268 437493
18 990 6752 0 1777797268 439175
17 1007 5595 0 1777797268 443089
16 1137 19452 0 1777797268 456907
14 937 27139 0 1777797268 464333
15 1059 26971 0 1777797268 464415
18 991 25265 0 1777797268 464442
19 1005 26966 0 1777797268 464468
17 1008 21489 0 1777797268 464580
16 1138 24815 0 1777797268 481733
17 1009 21285 0 1777797268 485867
18 992 21319 0 1777797268 485872
19 1006 21312 0 1777797268 485876
14 938 31871 0 1777797268 496340
15 1060 31862 0 1777797268 496357
16 1139 38425 0 1777797268 520163
19 1007 34285 0 1777797268 520172
18 993 57912 0 1777797268 543832
19 1008 35781 0 1777797268 556100
14 939 62193 0 1777797268 558552
15 1061 62255 0 1777797268 558645
17 1010 72773 0 1777797268 558650
16 1140 47668 0 1777797268 567979
15 1062 32559 0 1777797268 591234
17 1011 32561 0 1777797268 591242
14 940 33445 0 1777797268 592097
18 994 48270 0 1777797268 592104
19 1009 36008 0 1777797268 592110
16 1141 25350 0 1777797268 593334
14 941 20637 0 1777797268 612748
15 1063 21518 0 1777797268 612761
17 1012 21547 0 1777797268 612799
19 1010 20654 0 1777797268 612806
16 1142 36872 0 1777797268 630207
18 995 38084 0 1777797268 630227
14 942 24768 0 1777797268 637575
15 1064 24763 0 1777797268 637582
17 1013 24765 0 1777797268 637590
19 1011 24767 0 1777797268 637596
18 996 12592 0 1777797268 642836
16 1143 17427 0 1777797268 647655
14 943 10407 0 1777797268 648004
15 1065 10403 0 1777797268 648008
14 944 34188 0 1777797268 682197
15 1066 34189 0 1777797268 682203
16 1144 34547 0 1777797268 682208
17 1014 44558 0 1777797268 682214
19 1012 44557 0 1777797268 682221
19 1013 21026 0 1777797268 703276
17 1015 27806 0 1777797268 710050
19 1014 7558 0 1777797268 710838
14 945 35206 0 1777797268 717427
19 1015 6599 0 1777797268 717441
16 1145 38828 0 1777797268 721066
17 1016 11333 0 1777797268 721386
18 997 81873 0 1777797268 724713
15 1067 45211 0 1777797268 727443
16 1146 12482 0 1777797268 733551
17 1017 12178 0 1777797268 733566
19 1016 16115 0 1777797268 733574
17 1018 2508 0 1777797268 736095
18 998 14059 0 1777797268 738774
17 1019 3795 0 1777797268 739896
17 1020 2561 0 1777797268 742465
16 1147 10391 0 1777797268 743966
17 1021 5003 0 1777797268 747474
14 946 30871 0 1777797268 748314
16 1148 5557 0 1777797268 749525
19 1017 15946 0 1777797268 749540
18 999 14259 0 1777797268 753038
14 947 9106 0 1777797268 757422
18 1000 7171 0 1777797268 760218
17 1022 13589 0 1777797268 761066
19 1018 13283 0 1777797268 762836
16 1149 14277 0 1777797268 763818
19 1019 1440 0 1777797268 764278
14 948 13010 0 1777797268 770435
18 1001 10232 0 1777797268 770459
17 1023 11593 0 1777797268 772663
16 1150 13033 0 1777797268 776854
19 1020 12619 0 1777797268 776898
15 1068 49752 0 1777797268 777196
14 949 22017 0 1777797268 792477
15 1069 19865 0 1777797268 797062
16 1151 22929 0 1777797268 799793
17 1024 27841 0 1777797268 800507
19 1021 23630 0 1777797268 800530
14 950 11700 0 1777797268 804185
15 1070 7464 0 1777797268 804529
18 1002 52859 0 1777797268 823341
14 951 25006 0 1777797268 829194
15 1071 24676 0 1777797268 829206
16 1152 29417 0 1777797268 829212
17 1025 28687 0 1777797268 829219
19 1022 28666 0 1777797268 829226
16 1153 14402 0 1777797268 843644
18 1003 20308 0 1777797268 843652
17 1026 16014 0 1777797268 845262
19 1023 18540 0 1777797268 847792
17 1027 6541 0 1777797268 851804
19 1024 7693 0 1777797268 855487
16 1154 12582 0 1777797268 856236
18 1004 13469 0 1777797268 857138
17 1028 8114 0 1777797268 859920
19 1025 9591 0 1777797268 865083
17 1029 5493 0 1777797268 865418
16 1155 9311 0 1777797268 865550
17 1030 3026 0 1777797268 868503
17 1031 6445 0 1777797268 874951
16 1156 11582 0 1777797268 877134
17 1032 3501 0 1777797268 878455
14 952 54719 0 1777797268 883946
15 1072 75988 0 1777797268 905223
17 1033 26814 0 1777797268 905271
16 1157 29928 0 1777797268 907065
19 1026 42018 0 1777797268 907103
14 953 24064 0 1777797268 908014
18 1005 50892 0 1777797268 908034
17 1034 7154 0 1777797268 912436
15 1073 11687 0 1777797268 916959
16 1158 9863 0 1777797268 916967
14 954 13957 0 1777797268 921993
16 1159 5027 0 1777797268 922011
17 1035 9580 0 1777797268 922018
18 1006 13937 0 1777797268 922025
19 1027 14919 0 1777797268 922033
15 1074 14023 0 1777797268 930991
14 955 9812 0 1777797268 931846
17 1036 9804 0 1777797268 931853
18 1007 9801 0 1777797268 931857
19 1028 10099 0 1777797268 932162
16 1160 10244 0 1777797268 932286
17 1037 8231 0 1777797268 940096
14 956 15675 0 1777797268 947533
15 1075 16551 0 1777797268 947544
16 1161 15282 0 1777797268 947569
17 1038 7478 0 1777797268 947579
18 1008 15717 0 1777797268 947586
19 1029 15442 0 1777797268 947605
14 957 14763 0 1777797268 962369
15 1076 14753 0 1777797268 962377
16 1162 14732 0 1777797268 962384
18 1009 14720 0 1777797268 962390
17 1039 18593 0 1777797268 966255
14 958 16559 0 1777797268 978950
15 1077 16800 0 1777797268 979200
18 1010 16799 0 1777797268 979214
19 1030 31546 0 1777797268 979222
16 1163 16871 0 1777797268 979279
17 1040 25546 0 1777797268 991803
14 959 24580 0 1777797269 3803
15 1078 24568 0 1777797269 3811
16 1164 24554 0 1777797269 3834
18 1011 24586 0 1777797269 3842
19 1031 24598 0 1777797269 3861
17 1041 25248 0 1777797269 17053
14 960 62219 0 1777797269 66081
15 1079 62219 0 1777797269 66089
16 1165 62217 0 1777797269 66095
18 1012 62215 0 1777797269 66101
19 1032 62216 0 1777797269 66108
14 961 7391 0 1777797269 73499
18 1013 7957 0 1777797269 74089
14 962 7737 0 1777797269 81238
17 1042 64204 0 1777797269 81262
18 1014 7179 0 1777797269 81272
19 1033 15140 0 1777797269 81279
15 1080 19002 0 1777797269 85120
18 1015 7056 0 1777797269 88360
16 1166 26541 0 1777797269 92668
19 1034 11909 0 1777797269 93223
14 963 15065 0 1777797269 96345
17 1043 15057 0 1777797269 96353
16 1167 28492 0 1777797269 121716
18 1016 44062 0 1777797269 132424
15 1081 48508 0 1777797269 133633
15 1082 117626 0 1777797269 251260
19 1035 158033 0 1777797269 251269
17 1044 156040 0 1777797269 252403
15 1083 5883 0 1777797269 257153
17 1045 8276 0 1777797269 260680
19 1036 9411 0 1777797269 260689
16 1168 141383 0 1777797269 263101
18 1017 131481 0 1777797269 263908
15 1084 16282 0 1777797269 273438
19 1037 12685 0 1777797269 273456
17 1046 16821 0 1777797269 277527
14 964 217483 0 1777797269 313837
15 1085 43687 0 1777797269 317155
16 1169 54058 0 1777797269 317160
14 965 8104 0 1777797269 321943
18 1018 58040 0 1777797269 321949
15 1086 53143 0 1777797269 370304
16 1170 53141 0 1777797269 370308
17 1047 92772 0 1777797269 370311
18 1019 48355 0 1777797269 370314
19 1038 96833 0 1777797269 370316
14 966 56476 0 1777797269 378427
18 1020 26269 0 1777797269 396598
16 1171 51142 0 1777797269 421463
19 1039 52080 0 1777797269 422414
17 1048 59126 0 1777797269 429451
14 967 60211 0 1777797269 438641
15 1087 82848 0 1777797269 453165
16 1172 31706 0 1777797269 453173
14 968 18875 0 1777797269 457526
18 1021 60926 0 1777797269 457530
15 1088 11244 0 1777797269 464419
16 1173 11071 0 1777797269 464427
19 1040 64193 0 1777797269 486610
17 1049 59498 0 1777797269 488967
14 969 49922 0 1777797269 507453
15 1089 43039 0 1777797269 507466
17 1050 25473 0 1777797269 514442
15 1090 24755 0 1777797269 532237
16 1174 67805 0 1777797269 532244
18 1022 74710 0 1777797269 532247
19 1041 45637 0 1777797269 532252
14 970 24817 0 1777797269 532285
19 1042 7965 0 1777797269 540238
15 1091 16913 0 1777797269 549165
16 1175 16911 0 1777797269 549173
14 971 28290 0 1777797269 560576
16 1176 11400 0 1777797269 560581
18 1023 28317 0 1777797269 560585
19 1043 20342 0 1777797269 560588
15 1092 13619 0 1777797269 562793
14 972 13835 0 1777797269 574424
18 1024 13831 0 1777797269 574430
19 1044 13996 0 1777797269 574599
15 1093 15256 0 1777797269 578055
16 1177 17465 0 1777797269 578059
14 973 10967 0 1777797269 585545
15 1094 7491 0 1777797269 585550
18 1025 10966 0 1777797269 585554
19 1045 10957 0 1777797269 585557
16 1178 9638 0 1777797269 587702
19 1046 12050 0 1777797269 597621
14 974 13631 0 1777797269 599190
16 1179 11497 0 1777797269 599201
15 1095 17054 0 1777797269 602617
18 1026 17138 0 1777797269 602705
14 975 5601 0 1777797269 604804
16 1180 5567 0 1777797269 604825
18 1027 4824 0 1777797269 607565
19 1047 10708 0 1777797269 608330
15 1096 5735 0 1777797269 608442
14 976 8643 0 1777797269 613469
16 1181 8868 0 1777797269 613703
18 1028 9003 0 1777797269 616570
19 1048 8242 0 1777797269 616577
14 977 7394 0 1777797269 620866
15 1097 13797 0 1777797269 622240
16 1182 8542 0 1777797269 622247
14 978 8708 0 1777797269 629578
15 1098 7347 0 1777797269 629595
16 1183 7345 0 1777797269 629603
18 1029 13041 0 1777797269 629620
19 1049 13037 0 1777797269 629628
19 1050 4582 0 1777797269 634243
14 979 8042 0 1777797269 637671
15 1099 9701 0 1777797269 639341
16 1184 9703 0 1777797269 639349
18 1030 9725 0 1777797269 639379
19 1051 12804 0 1777797269 647049
14 980 11627 0 1777797269 649303
17 1051 136273 0 1777797269 650717
15 1100 15081 0 1777797269 654461
16 1185 15087 0 1777797269 654481
18 1031 15082 0 1777797269 654488
14 981 6763 0 1777797269 656070
19 1052 10178 0 1777797269 657231
18 1032 3957 0 1777797269 658488
15 1101 5318 0 1777797269 659807
16 1186 6102 0 1777797269 660612
14 982 7363 0 1777797269 663435
15 1102 11214 0 1777797269 671025
18 1033 12532 0 1777797269 671034
16 1187 11166 0 1777797269 671782
17 1052 21105 0 1777797269 671824
19 1053 16497 0 1777797269 673730
14 983 12701 0 1777797269 676138
15 1103 5832 0 1777797269 676867
17 1053 5139 0 1777797269 676965
18 1034 7782 0 1777797269 678830
16 1188 8093 0 1777797269 679881
17 1054 3568 0 1777797269 680535
14 984 10756 0 1777797269 686897
15 1104 10033 0 1777797269 686904
16 1189 7024 0 1777797269 686908
18 1035 9821 0 1777797269 688654
19 1054 18430 0 1777797269 692165
16 1190 24497 0 1777797269 711420
14 985 26837 0 1777797269 713746
15 1105 26879 0 1777797269 713797
18 1036 26053 0 1777797269 714711
16 1191 7829 0 1777797269 719250
15 1106 16572 0 1777797269 730370
15 1107 10727 0 1777797269 741100
16 1192 21854 0 1777797269 741105
18 1037 26397 0 1777797269 741109
15 1108 14785 0 1777797269 755896
15 1109 4128 0 1777797269 760031
16 1193 18923 0 1777797269 760040
18 1038 18923 0 1777797269 760046
14 986 73752 0 1777797269 787500
15 1110 27476 0 1777797269 787523
16 1194 27467 0 1777797269 787531
17 1055 106998 0 1777797269 787535
18 1039 27467 0 1777797269 787539
16 1195 45473 0 1777797269 833026
14 987 45660 0 1777797269 833200
15 1111 45708 0 1777797269 833254
17 1056 45826 0 1777797269 833383
18 1040 45941 0 1777797269 833503
19 1055 154979 0 1777797269 847145
15 1112 25823 0 1777797269 859079
18 1041 36550 0 1777797269 870055
14 988 48346 0 1777797269 881547
17 1057 52442 0 1777797269 885826
19 1056 48464 0 1777797269 895616
14 989 40075 0 1777797269 921635
19 1057 26022 0 1777797269 921641
16 1196 90346 0 1777797269 923375
17 1058 37584 0 1777797269 923412
18 1042 53364 0 1777797269 923422
15 1113 64501 0 1777797269 923583
14 990 12997 0 1777797269 934638
19 1058 12998 0 1777797269 934645
16 1197 24144 0 1777797269 947568
19 1059 12933 0 1777797269 947588
14 991 22743 0 1777797269 957389
15 1114 40463 0 1777797269 964048
17 1059 40613 0 1777797269 964053
18 1043 40608 0 1777797269 964057
16 1198 20208 0 1777797269 967797
19 1060 20190 0 1777797269 967801
14 992 29891 0 1777797269 987287
15 1115 23239 0 1777797269 987296
17 1060 23239 0 1777797269 987301
18 1044 23239 0 1777797269 987305
16 1199 32803 0 1777797270 605
19 1061 32804 0 1777797270 611
14 993 34699 0 1777797270 22005
15 1116 34702 0 1777797270 22017
16 1200 21414 0 1777797270 22025
17 1061 35842 0 1777797270 23163
18 1045 35845 0 1777797270 23171
19 1062 22559 0 1777797270 23176
15 1117 42407 0 1777797270 64446
17 1062 50456 0 1777797270 73633
14 994 59197 0 1777797270 81223
15 1118 17518 0 1777797270 81965
17 1063 14261 0 1777797270 87974
19 1063 83148 0 1777797270 106342
14 995 33567 0 1777797270 115536
15 1119 33436 0 1777797270 115552
17 1064 27574 0 1777797270 115560
16 1201 105458 0 1777797270 127507
18 1046 104332 0 1777797270 127518
14 996 24754 0 1777797270 140315
15 1120 24750 0 1777797270 140327
16 1202 12815 0 1777797270 140334
17 1065 24754 0 1777797270 140340
18 1047 12815 0 1777797270 140347
14 997 35566 0 1777797270 175915
15 1121 35571 0 1777797270 175930
16 1203 35571 0 1777797270 175938
18 1048 37051 0 1777797270 177431
19 1064 74303 0 1777797270 180647
17 1066 47310 0 1777797270 187684
14 998 26556 0 1777797270 203992
15 1122 26548 0 1777797270 204002
18 1049 33783 0 1777797270 211248
16 1204 52741 0 1777797270 230201
19 1065 49568 0 1777797270 230216
14 999 34651 0 1777797270 238655
15 1123 36220 0 1777797270 240238
17 1067 52559 0 1777797270 240248
18 1050 29004 0 1777797270 240254
18 1051 104935 0 1777797270 345212
19 1066 218088 0 1777797270 452209
16 1205 222792 0 1777797270 453009
14 1000 213485 0 1777797270 453739
15 1124 213481 0 1777797270 453745
17 1068 213482 0 1777797270 453753
18 1052 108509 0 1777797270 453759
14 1001 7576 0 1777797270 461336
19 1067 10646 0 1777797270 462866
19 1068 42919 0 1777797270 505793
16 1206 54399 0 1777797270 507410
18 1053 56233 0 1777797270 510052
18 1054 5572 0 1777797270 515626
18 1055 2583 0 1777797270 518211
18 1056 5466 0 1777797270 523687
19 1069 22951 0 1777797270 528752
15 1125 75249 0 1777797270 529046
17 1069 76574 0 1777797270 530380
16 1207 23306 0 1777797270 530718
14 1002 69781 0 1777797270 531122
18 1057 8870 0 1777797270 532560
17 1070 8210 0 1777797270 538592
16 1208 17601 0 1777797270 548320
15 1126 25575 0 1777797270 554641
18 1058 22084 0 1777797270 554652
19 1070 26029 0 1777797270 554793
17 1071 25979 0 1777797270 564577
14 1003 39482 0 1777797270 570607
16 1209 33636 0 1777797270 581963
16 1210 8980 0 1777797270 590958
17 1072 26385 0 1777797270 590963
18 1059 36294 0 1777797270 590967
19 1071 36174 0 1777797270 590970
14 1004 29660 0 1777797270 600272
15 1127 45640 0 1777797270 600293
16 1211 25121 0 1777797270 616091
17 1073 25124 0 1777797270 616100
18 1060 25125 0 1777797270 616104
19 1072 25124 0 1777797270 616107
14 1005 22944 0 1777797270 623240
15 1128 22950 0 1777797270 623277
17 1074 7185 0 1777797270 623303
16 1212 11651 0 1777797270 627759
19 1073 13825 0 1777797270 629952
18 1061 19960 0 1777797270 636082
14 1006 17067 0 1777797270 640371
15 1129 17077 0 1777797270 640393
19 1074 10452 0 1777797270 640405
16 1213 15854 0 1777797270 643619
17 1075 25906 0 1777797270 649237
18 1062 22962 0 1777797270 659046
15 1130 20774 0 1777797270 661207
17 1076 13254 0 1777797270 662507
16 1214 19964 0 1777797270 663595
19 1075 40056 0 1777797270 680499
14 1007 40125 0 1777797270 680531
15 1131 30701 0 1777797270 691910
16 1215 28325 0 1777797270 691922
17 1077 29419 0 1777797270 691929
18 1063 32887 0 1777797270 691935
14 1008 16813 0 1777797270 697345
16 1216 10881 0 1777797270 702827
18 1064 21800 0 1777797270 713763
19 1076 43167 0 1777797270 723681
18 1065 65035 0 1777797270 778802
19 1077 55137 0 1777797270 778819
15 1132 129392 0 1777797270 821328
16 1217 118502 0 1777797270 821334
14 1009 125444 0 1777797270 822796
15 1133 14787 0 1777797270 836121
14 1010 13735 0 1777797270 836533
16 1218 15204 0 1777797270 836549
17 1078 150536 0 1777797270 842490
18 1066 63961 0 1777797270 842781
14 1011 8258 0 1777797270 844809
16 1219 8254 0 1777797270 844831
18 1067 8607 0 1777797270 851495
14 1012 11047 0 1777797270 855858
15 1134 19857 0 1777797270 855981
16 1220 11155 0 1777797270 855987
17 1079 17052 0 1777797270 859840
16 1221 13045 0 1777797270 869042
14 1013 13145 0 1777797270 869132
15 1135 13144 0 1777797270 869137
17 1080 12701 0 1777797270 872542
15 1136 10227 0 1777797270 879372
16 1222 10338 0 1777797270 879383
14 1014 45816 0 1777797270 914953
15 1137 35574 0 1777797270 914958
16 1223 35563 0 1777797270 914961
17 1081 42421 0 1777797270 914965
19 1078 136095 0 1777797270 914969
14 1015 11361 0 1777797270 926368
15 1138 18413 0 1777797270 933434
19 1079 19174 0 1777797270 934221
17 1082 19405 0 1777797270 934444
15 1139 15236 0 1777797270 948671
17 1083 14233 0 1777797270 948678
18 1068 97187 0 1777797270 948684
19 1080 14467 0 1777797270 948689
16 1224 33803 0 1777797270 948834
17 1084 8588 0 1777797270 957288
18 1069 8605 0 1777797270 957311
19 1081 8605 0 1777797270 957319
15 1140 12876 0 1777797270 961565
17 1085 5309 0 1777797270 962629
19 1082 8936 0 1777797270 966273
17 1086 5994 0 1777797270 968626
17 1087 4729 0 1777797270 973360
17 1088 5589 0 1777797270 978952
18 1070 31463 0 1777797270 988793
16 1225 42304 0 1777797270 991139
15 1141 43676 0 1777797271 5244
19 1083 39012 0 1777797271 5286
16 1226 23904 0 1777797271 15053
17 1089 36105 0 1777797271 15058
14 1016 91450 0 1777797271 17819
18 1071 30559 0 1777797271 19356
19 1084 14630 0 1777797271 19986
15 1142 17388 0 1777797271 22675
14 1017 23347 0 1777797271 41169
18 1072 21807 0 1777797271 41175
19 1085 21192 0 1777797271 41179
17 1090 33089 0 1777797271 48155
15 1143 28668 0 1777797271 51351
16 1227 36300 0 1777797271 51358
18 1073 17069 0 1777797271 58254
19 1086 17081 0 1777797271 58270
14 1018 22370 0 1777797271 63549
17 1091 15399 0 1777797271 63557
15 1144 26802 0 1777797271 78161
16 1228 26816 0 1777797271 78183
18 1074 19922 0 1777797271 78194
19 1087 19909 0 1777797271 78210
16 1229 25803 0 1777797271 104034
18 1075 25801 0 1777797271 104041
19 1088 25620 0 1777797271 104045
17 1092 43621 0 1777797271 107188
14 1019 51371 0 1777797271 114929
15 1145 36728 0 1777797271 114940
16 1230 22139 0 1777797271 126184
17 1093 19027 0 1777797271 126223
18 1076 22177 0 1777797271 126229
14 1020 18687 0 1777797271 133629
15 1146 18674 0 1777797271 133633
17 1094 22946 0 1777797271 149181
18 1077 22946 0 1777797271 149186
16 1231 23129 0 1777797271 149359
19 1089 46603 0 1777797271 150661
14 1021 19581 0 1777797271 153215
15 1147 21934 0 1777797271 155574
17 1095 8750 0 1777797271 157936
16 1232 10661 0 1777797271 160027
16 1233 3746 0 1777797271 163778
17 1096 14513 0 1777797271 172452
15 1148 20350 0 1777797271 175926
19 1090 28614 0 1777797271 179276
17 1097 9221 0 1777797271 181677
14 1022 70324 0 1777797271 223546
19 1091 44271 0 1777797271 223550
19 1092 7463 0 1777797271 231018
15 1149 60002 0 1777797271 235935
14 1023 45256 0 1777797271 268806
16 1234 105031 0 1777797271 268812
18 1078 119637 0 1777797271 268829
17 1098 97990 0 1777797271 279670
15 1150 45254 0 1777797271 281195
19 1093 59002 0 1777797271 290025
14 1024 23691 0 1777797271 292521
16 1235 23686 0 1777797271 292526
18 1079 23685 0 1777797271 292531
17 1099 21496 0 1777797271 301172
15 1151 27562 0 1777797271 308758
14 1025 33018 0 1777797271 325549
16 1236 33014 0 1777797271 325553
18 1080 33014 0 1777797271 325557
19 1094 35535 0 1777797271 325561
15 1152 26788 0 1777797271 335549
17 1100 34385 0 1777797271 335558
16 1237 31306 0 1777797271 356874
18 1081 31305 0 1777797271 356879
14 1026 39832 0 1777797271 365393
15 1153 36170 0 1777797271 371729
16 1238 31990 0 1777797271 388869
18 1082 31988 0 1777797271 388873
14 1027 33505 0 1777797271 398904
15 1154 27825 0 1777797271 399559
17 1101 64003 0 1777797271 399571
19 1095 74007 0 1777797271 399585
14 1028 19159 0 1777797271 418065
15 1155 24802 0 1777797271 424390
15 1156 16455 0 1777797271 440846
16 1239 53318 0 1777797271 442191
15 1157 4276 0 1777797271 445123
14 1029 34120 0 1777797271 452199
15 1158 10073 0 1777797271 455217
14 1030 9571 0 1777797271 461773
16 1240 22300 0 1777797271 464493
14 1031 9747 0 1777797271 471522
19 1096 80950 0 1777797271 480573
18 1083 91718 0 1777797271 480595
17 1102 90353 0 1777797271 489956
16 1241 36534 0 1777797271 501027
19 1097 20454 0 1777797271 501033
18 1084 23581 0 1777797271 504177
17 1103 16199 0 1777797271 506157
15 1159 51207 0 1777797271 506426
19 1098 8897 0 1777797271 509937
17 1104 5306 0 1777797271 511464
19 1099 2520 0 1777797271 512459
16 1242 18895 0 1777797271 519928
14 1032 63424 0 1777797271 534950
15 1160 28532 0 1777797271 534958
16 1243 15762 0 1777797271 535699
17 1105 24245 0 1777797271 535710
19 1100 23255 0 1777797271 536699
18 1085 37951 0 1777797271 542130
14 1033 10643 0 1777797271 547345
15 1161 10633 0 1777797271 547350
17 1106 15119 0 1777797271 551851
16 1244 21314 0 1777797271 558038
19 1101 21305 0 1777797271 558043
15 1162 15746 0 1777797271 563108
18 1086 21005 0 1777797271 563136
17 1107 14588 0 1777797271 566443
19 1102 10585 0 1777797271 568637
14 1034 34896 0 1777797271 582247
16 1245 24210 0 1777797271 582254
15 1163 25542 0 1777797271 588680
19 1103 20045 0 1777797271 588686
17 1108 22533 0 1777797271 588979
18 1087 25737 0 1777797271 588982
14 1035 24006 0 1777797271 606260
19 1104 17573 0 1777797271 606265
15 1164 19637 0 1777797271 608324
16 1246 26070 0 1777797271 608330
17 1109 20426 0 1777797271 609409
18 1088 20436 0 1777797271 609423
14 1036 7071 0 1777797271 613337
19 1105 7072 0 1777797271 613345
16 1247 16565 0 1777797271 624903
15 1165 18254 0 1777797271 626585
18 1089 17152 0 1777797271 626593
14 1037 16219 0 1777797271 629565
19 1106 16217 0 1777797271 629574
17 1110 21721 0 1777797271 631145
16 1248 12647 0 1777797271 637551
14 1038 9398 0 1777797271 638973
18 1090 12382 0 1777797271 638985
19 1107 9400 0 1777797271 638993
15 1166 17510 0 1777797271 644105
16 1249 6561 0 1777797271 644114
17 1111 17793 0 1777797271 648941
16 1250 9134 0 1777797271 653262
17 1112 21117 0 1777797271 670060
14 1039 31172 0 1777797271 670165
19 1108 32814 0 1777797271 671827
15 1167 29417 0 1777797271 673533
18 1091 37096 0 1777797271 676100
14 1040 8610 0 1777797271 678775
19 1109 9902 0 1777797271 681730
17 1113 11734 0 1777797271 681795
18 1092 15070 0 1777797271 691171
16 1251 37925 0 1777797271 691188
19 1110 9463 0 1777797271 691194
17 1114 9541 0 1777797271 691337
17 1115 8359 0 1777797271 699700
19 1111 11288 0 1777797271 702489
16 1252 15879 0 1777797271 707074
17 1116 8991 0 1777797271 708691
17 1117 7133 0 1777797271 715825
19 1112 19242 0 1777797271 721732
17 1118 8308 0 1777797271 724134
19 1113 4674 0 1777797271 726408
17 1119 4855 0 1777797271 728991
15 1168 65208 0 1777797271 738742
17 1120 12698 0 1777797271 741689
15 1169 3652 0 1777797271 742397
17 1121 4371 0 1777797271 746061
14 1041 69687 0 1777797271 748464
17 1122 7715 0 1777797271 753778
14 1042 7541 0 1777797271 756006
17 1123 10891 0 1777797271 764670
16 1253 64050 0 1777797271 771125
17 1124 6455 0 1777797271 771131
16 1254 3350 0 1777797271 774481
15 1170 33865 0 1777797271 776262
15 1171 8266 0 1777797271 784530
17 1125 20509 0 1777797271 791647
15 1172 22701 0 1777797271 807235
16 1255 32768 0 1777797271 807256
17 1126 15604 0 1777797271 807264
16 1256 8667 0 1777797271 815950
16 1257 8243 0 1777797271 824198
17 1127 26310 0 1777797271 833640
15 1173 33652 0 1777797271 840917
19 1114 119114 0 1777797271 845524
16 1258 24559 0 1777797271 848759
16 1259 15457 0 1777797271 864220
14 1043 114222 0 1777797271 870232
15 1174 29318 0 1777797271 870237
18 1093 180994 0 1777797271 872167
14 1044 7311 0 1777797271 877549
16 1260 15410 0 1777797271 879631
18 1094 10889 0 1777797271 883057
17 1128 55773 0 1777797271 889427
14 1045 17807 0 1777797271 895358
14 1046 7434 0 1777797271 902799
17 1129 13890 0 1777797271 903319
16 1261 26614 0 1777797271 906246
18 1095 24510 0 1777797271 907568
15 1175 37787 0 1777797271 908033
15 1176 8323 0 1777797271 916358
14 1047 19733 0 1777797271 922557
16 1262 16316 0 1777797271 922562
17 1130 19246 0 1777797271 922566
18 1096 15002 0 1777797271 922571
15 1177 8820 0 1777797271 925190
17 1131 2616 0 1777797271 925199
19 1115 79681 0 1777797271 925206
14 1048 4554 0 1777797271 927126
16 1263 7899 0 1777797271 930477
18 1097 7893 0 1777797271 930481
19 1116 5973 0 1777797271 931204
17 1132 10946 0 1777797271 936167
18 1098 14256 0 1777797271 944745
14 1049 19648 0 1777797271 946778
19 1117 17847 0 1777797271 949052
17 1133 13126 0 1777797271 949297
15 1178 24266 0 1777797271 949473
14 1050 8313 0 1777797271 955093
17 1134 5809 0 1777797271 955108
18 1099 10370 0 1777797271 955117
16 1264 32757 0 1777797271 963239
17 1135 8122 0 1777797271 963248
18 1100 8172 0 1777797271 963305
14 1051 9616 0 1777797271 964735
15 1179 15270 0 1777797271 964744
19 1118 15695 0 1777797271 964749
17 1136 7284 0 1777797271 970627
18 1101 7284 0 1777797271 970637
16 1265 9814 0 1777797271 973120
15 1180 8388 0 1777797271 973149
19 1119 8375 0 1777797271 973156
15 1181 2662 0 1777797271 975819
17 1137 5188 0 1777797271 975826
14 1052 12399 0 1777797271 977160
19 1120 3999 0 1777797271 977166
18 1102 8051 0 1777797271 978699
15 1182 10493 0 1777797271 986320
16 1266 13244 0 1777797271 986367
19 1121 9173 0 1777797271 986373
17 1138 13801 0 1777797271 989639
18 1103 10941 0 1777797271 989642
14 1053 14835 0 1777797271 992001
16 1267 6991 0 1777797271 993379
15 1183 12226 0 1777797271 998599
19 1122 12210 0 1777797271 998605
17 1139 14730 0 1777797272 4373
16 1268 11040 0 1777797272 4420
14 1054 17170 0 1777797272 9174
18 1104 19534 0 1777797272 9183
19 1123 12824 0 1777797272 11434
15 1184 16511 0 1777797272 15117
16 1269 10712 0 1777797272 15134
18 1105 5939 0 1777797272 15141
14 1055 16234 0 1777797272 25418
15 1185 10287 0 1777797272 25429
16 1270 10277 0 1777797272 25435
17 1140 21072 0 1777797272 25453
19 1124 14025 0 1777797272 25461
17 1141 4784 0 1777797272 30350
18 1106 15194 0 1777797272 30361
17 1142 3557 0 1777797272 33919
16 1271 8491 0 1777797272 34025
15 1186 8791 0 1777797272 34275
18 1107 4210 0 1777797272 34586
16 1272 12307 0 1777797272 46334
17 1143 12426 0 1777797272 46348
18 1108 11767 0 1777797272 46356
15 1187 14098 0 1777797272 48376
16 1273 8321 0 1777797272 54679
17 1144 8316 0 1777797272 54686
18 1109 8902 0 1777797272 55281
14 1056 37653 0 1777797272 63115
15 1188 15660 0 1777797272 64039
19 1125 38465 0 1777797272 64055
18 1110 12527 0 1777797272 67809
17 1145 16654 0 1777797272 71349
14 1057 8611 0 1777797272 71728
15 1189 8956 0 1777797272 73012
17 1146 4985 0 1777797272 76336
14 1058 4971 0 1777797272 76703
18 1111 11049 0 1777797272 78860
14 1059 5207 0 1777797272 81912
16 1274 37877 0 1777797272 92564
15 1190 26989 0 1777797272 100005
17 1147 23675 0 1777797272 100015
18 1112 21159 0 1777797272 100023
19 1126 35964 0 1777797272 100030
14 1060 30403 0 1777797272 112321
19 1127 15804 0 1777797272 116724
17 1148 28773 0 1777797272 128814
14 1061 16841 0 1777797272 129165
15 1191 39666 0 1777797272 139696
16 1275 49780 0 1777797272 142352
18 1113 42315 0 1777797272 142362
15 1192 9077 0 1777797272 148780
14 1062 26152 0 1777797272 155318
17 1149 32255 0 1777797272 161070
18 1114 19195 0 1777797272 161567
17 1150 12094 0 1777797272 173172
18 1115 11608 0 1777797272 173176
19 1128 56452 0 1777797272 173179
16 1276 35181 0 1777797272 177544
18 1116 7776 0 1777797272 180962
17 1151 8193 0 1777797272 181373
16 1277 14689 0 1777797272 192237
17 1152 13317 0 1777797272 194700
19 1129 23517 0 1777797272 196707
17 1153 4540 0 1777797272 199241
15 1193 57742 0 1777797272 206525
18 1117 25567 0 1777797272 206530
16 1278 36439 0 1777797272 228677
17 1154 29440 0 1777797272 228683
18 1118 22154 0 1777797272 228690
15 1194 22890 0 1777797272 229420
19 1130 38381 0 1777797272 235089
14 1063 84544 0 1777797272 239866
18 1119 11162 0 1777797272 239872
16 1279 12211 0 1777797272 240901
16 1280 7182 0 1777797272 248084
17 1155 19393 0 1777797272 248088
18 1120 10511 0 1777797272 250390
15 1195 23957 0 1777797272 253378
14 1064 15862 0 1777797272 255734
17 1156 12033 0 1777797272 260131
14 1065 10245 0 1777797272 265981
15 1196 12609 0 1777797272 265988
17 1157 9287 0 1777797272 269429
14 1066 24202 0 1777797272 290190
16 1281 42107 0 1777797272 290195
18 1121 39806 0 1777797272 290199
19 1131 55112 0 1777797272 290202
16 1282 8091 0 1777797272 298299
14 1067 22597 0 1777797272 312801
18 1122 22612 0 1777797272 312825
15 1197 49873 0 1777797272 315870
17 1158 47760 0 1777797272 317190
17 1159 5743 0 1777797272 322936
19 1132 38142 0 1777797272 328360
16 1283 30601 0 1777797272 328906
14 1068 20107 0 1777797272 332933
15 1198 25063 0 1777797272 340936
16 1284 12033 0 1777797272 340942
17 1160 23059 0 1777797272 345997
18 1123 33154 0 1777797272 346004
19 1133 17648 0 1777797272 346010
14 1069 13614 0 1777797272 346550
16 1285 6911 0 1777797272 347862
14 1070 17699 0 1777797272 364254
16 1286 17232 0 1777797272 365095
17 1161 19044 0 1777797272 365111
15 1199 32827 0 1777797272 373769
19 1134 33639 0 1777797272 379740
14 1071 16482 0 1777797272 380740
16 1287 15649 0 1777797272 380761
17 1162 15648 0 1777797272 380768
15 1200 13345 0 1777797272 387126
14 1072 16981 0 1777797272 397750
17 1163 18214 0 1777797272 399000
15 1201 22089 0 1777797272 409223
16 1288 28464 0 1777797272 409243
19 1135 29599 0 1777797272 409341
18 1124 64128 0 1777797272 410219
19 1136 1431 0 1777797272 410775
17 1164 14790 0 1777797272 413792
19 1137 3060 0 1777797272 413838
14 1073 26236 0 1777797272 423989
18 1125 16859 0 1777797272 427080
19 1138 17732 0 1777797272 431573
15 1202 23468 0 1777797272 432713
17 1165 19123 0 1777797272 432926
14 1074 12821 0 1777797272 436811
19 1139 7657 0 1777797272 439231
18 1126 15056 0 1777797272 442138
15 1203 9447 0 1777797272 442162
14 1075 7344 0 1777797272 444157
17 1166 12113 0 1777797272 445040
18 1127 20846 0 1777797272 462988
19 1140 24906 0 1777797272 464140
16 1289 56070 0 1777797272 465387
18 1128 3701 0 1777797272 466691
19 1141 3861 0 1777797272 468003
16 1290 3248 0 1777797272 468636
18 1129 4948 0 1777797272 471641
17 1167 41129 0 1777797272 486171
16 1291 21417 0 1777797272 490054
17 1168 4201 0 1777797272 490374
16 1292 3104 0 1777797272 493159
16 1293 6481 0 1777797272 499643
17 1169 13982 0 1777797272 504356
16 1294 13041 0 1777797272 512687
17 1170 19240 0 1777797272 523598
18 1130 59472 0 1777797272 531126
19 1142 63126 0 1777797272 531130
14 1076 91357 0 1777797272 535516
15 1204 93358 0 1777797272 535521
16 1295 32456 0 1777797272 545144
17 1171 21561 0 1777797272 545160
18 1131 14037 0 1777797272 545167
19 1143 14036 0 1777797272 545173
15 1205 11019 0 1777797272 546549
14 1077 18809 0 1777797272 554331
17 1172 12087 0 1777797272 557279
18 1132 14465 0 1777797272 559668
17 1173 9279 0 1777797272 566564
14 1078 13726 0 1777797272 568059
18 1133 11315 0 1777797272 570985
17 1174 10757 0 1777797272 577334
18 1134 6354 0 1777797272 577341
14 1079 10199 0 1777797272 578260
19 1144 33058 0 1777797272 578269
16 1296 33512 0 1777797272 578686
16 1297 2542 0 1777797272 581229
14 1080 4792 0 1777797272 583062
15 1206 36518 0 1777797272 583069
14 1081 12211 0 1777797272 595282
15 1207 12201 0 1777797272 595291
16 1298 14065 0 1777797272 595298
19 1145 17022 0 1777797272 595306
14 1082 9836 0 1777797272 605143
15 1208 9835 0 1777797272 605153
16 1299 9889 0 1777797272 605254
17 1175 27953 0 1777797272 605295
15 1209 5075 0 1777797272 610470
17 1176 4790 0 1777797272 610877
14 1083 7944 0 1777797272 613241
14 1084 12108 0 1777797272 625351
15 1210 14882 0 1777797272 625354
16 1300 19753 0 1777797272 625359
17 1177 14482 0 1777797272 625363
18 1135 52389 0 1777797272 629740
15 1211 10218 0 1777797272 635589
16 1301 10230 0 1777797272 635604
17 1178 10232 0 1777797272 635610
19 1146 40239 0 1777797272 635616
18 1136 9533 0 1777797272 639274
15 1212 6113 0 1777797272 641730
17 1179 6109 0 1777797272 641753
14 1085 30791 0 1777797272 656155
15 1213 14446 0 1777797272 656201
16 1302 20573 0 1777797272 656209
17 1180 14407 0 1777797272 656216
18 1137 16946 0 1777797272 656222
19 1147 20575 0 1777797272 656227
15 1214 11574 0 1777797272 667814
16 1303 11586 0 1777797272 667832
18 1138 11528 0 1777797272 667841
14 1086 23940 0 1777797272 680168
17 1181 23892 0 1777797272 680186
19 1148 23872 0 1777797272 680194
15 1215 14271 0 1777797272 682113
18 1139 18244 0 1777797272 686172
16 1304 24085 0 1777797272 691944
17 1182 15237 0 1777797272 695449
19 1149 15241 0 1777797272 695463
15 1216 21186 0 1777797272 703366
14 1087 28461 0 1777797272 708656
16 1305 16695 0 1777797272 708666
18 1140 22498 0 1777797272 708673
17 1183 18588 0 1777797272 714052
14 1088 21880 0 1777797272 730554
15 1217 27200 0 1777797272 730572
18 1141 21880 0 1777797272 730581
19 1150 35115 0 1777797272 730590
19 1151 16258 0 1777797272 746891
15 1218 30045 0 1777797272 760659
19 1152 15478 0 1777797272 762384
16 1306 56250 0 1777797272 764942
15 1219 12656 0 1777797272 773319
17 1184 59273 0 1777797272 773327
18 1142 43672 0 1777797272 774296
14 1089 57457 0 1777797272 788048
19 1153 25525 0 1777797272 788068
15 1220 20063 0 1777797272 793391
16 1307 33476 0 1777797272 798419
17 1185 25136 0 1777797272 798473
14 1090 10437 0 1777797272 798506
18 1143 24245 0 1777797272 798546
19 1154 10467 0 1777797272 798555
14 1091 10291 0 1777797272 808846
16 1308 10404 0 1777797272 808879
17 1186 11469 0 1777797272 809959
19 1155 11409 0 1777797272 809976
15 1221 19884 0 1777797272 813280
18 1144 14737 0 1777797272 813299
18 1145 6227 0 1777797272 819537
18 1146 2058 0 1777797272 821598
16 1309 19107 0 1777797272 828002
14 1092 19855 0 1777797272 828735
17 1187 19519 0 1777797272 829496
18 1147 8077 0 1777797272 829676
16 1310 5671 0 1777797272 833678
19 1156 23681 0 1777797272 833685
14 1093 7148 0 1777797272 835887
18 1148 8917 0 1777797272 838596
15 1222 25780 0 1777797272 839080
17 1188 9910 0 1777797272 839408
15 1223 8693 0 1777797272 847775
17 1189 10101 0 1777797272 849511
18 1149 11716 0 1777797272 850316
19 1157 18449 0 1777797272 852148
15 1224 7629 0 1777797272 855409
16 1311 24190 0 1777797272 857877
17 1190 9391 0 1777797272 858905
18 1150 21979 0 1777797272 872299
14 1094 81658 0 1777797272 917611
15 1225 62198 0 1777797272 917617
16 1312 58709 0 1777797272 917621
19 1158 65467 0 1777797272 917625
18 1151 46694 0 1777797272 918995
18 1152 4913 0 1777797272 923912
14 1095 11840 0 1777797272 929465
15 1226 11839 0 1777797272 929472
16 1313 11839 0 1777797272 929478
19 1159 11840 0 1777797272 929486
14 1096 4949 0 1777797272 934436
16 1314 4965 0 1777797272 934469
18 1153 10659 0 1777797272 934572
19 1160 5039 0 1777797272 934587
16 1315 1691 0 1777797272 936298
19 1161 1677 0 1777797272 936308
15 1227 7021 0 1777797272 936519
16 1316 1024 0 1777797272 937334
15 1228 1090 0 1777797272 937610
19 1162 1332 0 1777797272 937686
19 1163 603 0 1777797272 938300
16 1317 1267 0 1777797272 938603
15 1229 1158 0 1777797272 938845
16 1318 4007 0 1777797272 942612
19 1164 4321 0 1777797272 942623
19 1165 3260 0 1777797272 945894
16 1319 3673 0 1777797272 946298
16 1320 2093 0 1777797272 948394
19 1166 3500 0 1777797272 949398
19 1167 4154 0 1777797272 953555
15 1230 18239 0 1777797272 957087
18 1154 22485 0 1777797272 957105
14 1097 27470 0 1777797272 962058
17 1191 103148 0 1777797272 962091
16 1321 14423 0 1777797272 962820
18 1155 9193 0 1777797272 966311
14 1098 5835 0 1777797272 967927
15 1231 10845 0 1777797272 967951
16 1322 6983 0 1777797272 969805
14 1099 12214 0 1777797272 980166
15 1232 12208 0 1777797272 980176
16 1323 10375 0 1777797272 980183
18 1156 13879 0 1777797272 980198
19 1168 26645 0 1777797272 980205
17 1192 19349 0 1777797272 981452
14 1100 3728 0 1777797272 983934
15 1233 8390 0 1777797272 988618
16 1324 8384 0 1777797272 988636
17 1193 7190 0 1777797272 988644
18 1157 8389 0 1777797272 988650
19 1169 8388 0 1777797272 988656
14 1101 6917 0 1777797272 990853
15 1234 11395 0 1777797273 53
16 1325 11380 0 1777797273 61
17 1194 11389 0 1777797273 79
19 1170 11381 0 1777797273 85
18 1158 12630 0 1777797273 1328
15 1235 5911 0 1777797273 5997
17 1195 7166 0 1777797273 7316
14 1102 25736 0 1777797273 16592
15 1236 10603 0 1777797273 16603
16 1326 16470 0 1777797273 16611
17 1196 9298 0 1777797273 16616
18 1159 15295 0 1777797273 16624
19 1171 16475 0 1777797273 16630
15 1237 4918 0 1777797273 21562
17 1197 4922 0 1777797273 21586
19 1172 5852 0 1777797273 22530
14 1103 6229 0 1777797273 22860
14 1104 10608 0 1777797273 33470
15 1238 11903 0 1777797273 33490
16 1327 16926 0 1777797273 33582
17 1198 11986 0 1777797273 33595
18 1160 16932 0 1777797273 33602
19 1173 11077 0 1777797273 33609
15 1239 7632 0 1777797273 41255
16 1328 7633 0 1777797273 41263
14 1105 8619 0 1777797273 42229
17 1199 8600 0 1777797273 42237
18 1161 8598 0 1777797273 42242
19 1174 8594 0 1777797273 42246
15 1240 5575 0 1777797273 46840
14 1106 7049 0 1777797273 49296
17 1200 7055 0 1777797273 49307
18 1162 7301 0 1777797273 49559
19 1175 7353 0 1777797273 49615
16 1329 8337 0 1777797273 49635
15 1241 15291 0 1777797273 62134
17 1201 12892 0 1777797273 62211
19 1176 12610 0 1777797273 62232
14 1107 17701 0 1777797273 67008
16 1330 17380 0 1777797273 67016
17 1202 4775 0 1777797273 67022
18 1163 17413 0 1777797273 67028
15 1242 11602 0 1777797273 73836
19 1177 11596 0 1777797273 73851
14 1108 13734 0 1777797273 80763
15 1243 6919 0 1777797273 80772
16 1331 13777 0 1777797273 80814
17 1203 13778 0 1777797273 80821
18 1164 13784 0 1777797273 80835
14 1109 11039 0 1777797273 91876
15 1244 11030 0 1777797273 91884
17 1204 11033 0 1777797273 91901
19 1178 18123 0 1777797273 92016
14 1110 8309 0 1777797273 100326
15 1245 8309 0 1777797273 100341
16 1332 19487 0 1777797273 100348
18 1165 19475 0 1777797273 100355
19 1179 8312 0 1777797273 100370
14 1111 20816 0 1777797273 121187
15 1246 20808 0 1777797273 121193
16 1333 20798 0 1777797273 121198
17 1205 29162 0 1777797273 121202
18 1166 20787 0 1777797273 121208
19 1180 20749 0 1777797273 121213
14 1112 15774 0 1777797273 136987
15 1247 15774 0 1777797273 136993
16 1334 15772 0 1777797273 136997
17 1206 15773 0 1777797273 137001
18 1167 15775 0 1777797273 137008
19 1181 15775 0 1777797273 137012
14 1113 12715 0 1777797273 149727
15 1248 12714 0 1777797273 149732
16 1335 12713 0 1777797273 149736
17 1207 12711 0 1777797273 149740
18 1168 12710 0 1777797273 149744
19 1182 12708 0 1777797273 149748
18 1169 6615 0 1777797273 156387
14 1114 7688 0 1777797273 157437
17 1208 7679 0 1777797273 157445
15 1249 9172 0 1777797273 158927
16 1336 9461 0 1777797273 159220
19 1183 10234 0 1777797273 160011
14 1115 22392 0 1777797273 179838
16 1337 20625 0 1777797273 179848
17 1209 22217 0 1777797273 179854
18 1170 23472 0 1777797273 179861
19 1184 19848 0 1777797273 179867
14 1116 10024 0 1777797273 189892
16 1338 10025 0 1777797273 189901
18 1171 10018 0 1777797273 189908
19 1185 10018 0 1777797273 189915
17 1210 14335 0 1777797273 194218
19 1186 14187 0 1777797273 204148
15 1250 172043 0 1777797273 330973
15 1251 29331 0 1777797273 360311
18 1172 175364 0 1777797273 365317
17 1211 180628 0 1777797273 374850
19 1187 170713 0 1777797273 374863
19 1188 31790 0 1777797273 406667
16 1339 219337 0 1777797273 409282
18 1173 43960 0 1777797273 409289
14 1117 222931 0 1777797273 412847
15 1252 52547 0 1777797273 412866
17 1212 38009 0 1777797273 412873
17 1213 3055 0 1777797273 415951
15 1253 12696 0 1777797273 425584
18 1174 16293 0 1777797273 425592
16 1340 18972 0 1777797273 428262
19 1189 21604 0 1777797273 428273
14 1118 15462 0 1777797273 428336
14 1119 17012 0 1777797273 445349
16 1341 17084 0 1777797273 445358
17 1214 29408 0 1777797273 445365
19 1190 17064 0 1777797273 445374
14 1120 13908 0 1777797273 459284
16 1342 13910 0 1777797273 459295
17 1215 13922 0 1777797273 459314
19 1191 13924 0 1777797273 459323
19 1192 2689 0 1777797273 462047
16 1343 3243 0 1777797273 462583
14 1121 4517 0 1777797273 463841
19 1193 5648 0 1777797273 467697
16 1344 5409 0 1777797273 467993
14 1122 5807 0 1777797273 469653
17 1216 10354 0 1777797273 469704
16 1345 3680 0 1777797273 471675
15 1254 53187 0 1777797273 478780
18 1175 54152 0 1777797273 479764
15 1255 9547 0 1777797273 488330
18 1176 8576 0 1777797273 488343
17 1217 20568 0 1777797273 490274
14 1123 53194 0 1777797273 522849
16 1346 70531 0 1777797273 542208
19 1194 74659 0 1777797273 542363
15 1256 59382 0 1777797273 547725
17 1218 58052 0 1777797273 548361
14 1124 36057 0 1777797273 558907
16 1347 16543 0 1777797273 558913
18 1177 70554 0 1777797273 558917
19 1195 16495 0 1777797273 558922
14 1125 13175 0 1777797273 572098
15 1257 24378 0 1777797273 572106
16 1348 13185 0 1777797273 572113
18 1178 13186 0 1777797273 572119
14 1126 22879 0 1777797273 595000
15 1258 22854 0 1777797273 595012
16 1349 22839 0 1777797273 595016
17 1219 46658 0 1777797273 595021
18 1179 22840 0 1777797273 595026
19 1196 36093 0 1777797273 595030
17 1220 12677 0 1777797273 607731
15 1259 20061 0 1777797273 615104
14 1127 20102 0 1777797273 615132
16 1350 20088 0 1777797273 615138
18 1180 20084 0 1777797273 615142
15 1260 11240 0 1777797273 626350
16 1351 11212 0 1777797273 626393
19 1197 31352 0 1777797273 626415
14 1128 14289 0 1777797273 629464
18 1181 14290 0 1777797273 629476
17 1221 30205 0 1777797273 637943
15 1261 17439 0 1777797273 643858
16 1352 17402 0 1777797273 643863
17 1222 5919 0 1777797273 643868
18 1182 14380 0 1777797273 643871
19 1198 17402 0 1777797273 643876
14 1129 19641 0 1777797273 649118
17 1223 26618 0 1777797273 670504
16 1353 27237 0 1777797273 671118
18 1183 27233 0 1777797273 671125
18 1184 4474 0 1777797273 675610
16 1354 9728 0 1777797273 680854
19 1199 36976 0 1777797273 680872
14 1130 35331 0 1777797273 684453
15 1262 40611 0 1777797273 684487
17 1224 14040 0 1777797273 684555
14 1131 13563 0 1777797273 698121
15 1263 13534 0 1777797273 698129
16 1355 17262 0 1777797273 698136
17 1225 13430 0 1777797273 698145
18 1185 22540 0 1777797273 698152
19 1200 17266 0 1777797273 698157
19 1201 2654 0 1777797273 700883
17 1226 8703 0 1777797273 706884
18 1186 8711 0 1777797273 706928
15 1264 10220 0 1777797273 708388
16 1356 10221 0 1777797273 708395
19 1202 11391 0 1777797273 712280
14 1132 18363 0 1777797273 716521
16 1357 9905 0 1777797273 718311
18 1187 11389 0 1777797273 718319
17 1227 14184 0 1777797273 721076
18 1188 4292 0 1777797273 722623
14 1133 8306 0 1777797273 724830
16 1358 6521 0 1777797273 724841
19 1203 13734 0 1777797273 726015
15 1265 20641 0 1777797273 729037
17 1228 17673 0 1777797273 738752
18 1189 16137 0 1777797273 738762
19 1204 12750 0 1777797273 738770
14 1134 15592 0 1777797273 740434
16 1359 15587 0 1777797273 740443
15 1266 14381 0 1777797273 743422
15 1267 9932 0 1777797273 753356
16 1360 12904 0 1777797273 753364
17 1229 14599 0 1777797273 753370
18 1190 14593 0 1777797273 753376
19 1205 16645 0 1777797273 755436
17 1230 12538 0 1777797273 765931
15 1268 14466 0 1777797273 767843
16 1361 14466 0 1777797273 767851
19 1206 13966 0 1777797273 769405
14 1135 30154 0 1777797273 770598
18 1191 17207 0 1777797273 770607
17 1231 7385 0 1777797273 773319
17 1232 5737 0 1777797273 779059
18 1192 14101 0 1777797273 784719
18 1193 12597 0 1777797273 797330
14 1136 49261 0 1777797273 819869
15 1269 72689 0 1777797273 840541
15 1270 2534 0 1777797273 843078
17 1233 66332 0 1777797273 845393
17 1234 1491 0 1777797273 846886
15 1271 4003 0 1777797273 847087
17 1235 2876 0 1777797273 849766
14 1137 36895 0 1777797273 856769
15 1272 9701 0 1777797273 856790
16 1362 88936 0 1777797273 856799
19 1207 87393 0 1777797273 856806
17 1236 9889 0 1777797273 859658
17 1237 3664 0 1777797273 863326
18 1194 70303 0 1777797273 867636
18 1195 3977 0 1777797273 871615
16 1363 16600 0 1777797273 873443
17 1238 10561 0 1777797273 873890
19 1208 19453 0 1777797273 876307
15 1273 20031 0 1777797273 876854
14 1138 20451 0 1777797273 877258
18 1196 9144 0 1777797273 880761
17 1239 7400 0 1777797273 881292
14 1139 9273 0 1777797273 886535
15 1274 9696 0 1777797273 886553
18 1197 6946 0 1777797273 887711
17 1240 6734 0 1777797273 888030
18 1198 4186 0 1777797273 891901
17 1241 4833 0 1777797273 892864
18 1199 5379 0 1777797273 897283
17 1242 5790 0 1777797273 898656
18 1200 4205 0 1777797273 901490
14 1140 24743 0 1777797273 911299
15 1275 24741 0 1777797273 911314
16 1364 37876 0 1777797273 911321
17 1243 12652 0 1777797273 911327
19 1209 35019 0 1777797273 911334
18 1201 10672 0 1777797273 912167
14 1141 14681 0 1777797273 926017
15 1276 14675 0 1777797273 926027
17 1244 14636 0 1777797273 926034
18 1202 13887 0 1777797273 926056
18 1203 6752 0 1777797273 932850
17 1245 8397 0 1777797273 934487
15 1277 15077 0 1777797273 941146
17 1246 6540 0 1777797273 941153
14 1142 17843 0 1777797273 943900
18 1204 11080 0 1777797273 943934
15 1278 2834 0 1777797273 943988
17 1247 7177 0 1777797273 948340
18 1205 5351 0 1777797273 949318
18 1206 6893 0 1777797273 956215
16 1365 45640 0 1777797273 957028
15 1279 13708 0 1777797273 957700
17 1248 9613 0 1777797273 957956
14 1143 16677 0 1777797273 960613
15 1280 2921 0 1777797273 960623
16 1366 10934 0 1777797273 967966
17 1249 10025 0 1777797273 967982
18 1207 11773 0 1777797273 967991
19 1210 56664 0 1777797273 968068
19 1211 5365 0 1777797273 973475
15 1281 14274 0 1777797273 974911
14 1144 18816 0 1777797273 979442
16 1367 12565 0 1777797273 980635
18 1208 13932 0 1777797273 982033
16 1368 7597 0 1777797273 988234
17 1250 20159 0 1777797273 988250
14 1145 8895 0 1777797273 988339
15 1282 13433 0 1777797273 988347
19 1212 15015 0 1777797273 988496
16 1369 5645 0 1777797273 993897
17 1251 11299 0 1777797273 999587
14 1146 14181 0 1777797274 2529
15 1283 14131 0 1777797274 2596
18 1209 20571 0 1777797274 2609
19 1213 50472 0 1777797274 38969
15 1284 38776 0 1777797274 41413
14 1147 39002 0 1777797274 41612
16 1370 50063 0 1777797274 43964
17 1252 46201 0 1777797274 45796
15 1285 14000 0 1777797274 55579
14 1148 14357 0 1777797274 55971
16 1371 13273 0 1777797274 57247
17 1253 11455 0 1777797274 57256
16 1372 5490 0 1777797274 62747
14 1149 7144 0 1777797274 63119
15 1286 9237 0 1777797274 64818
17 1254 8751 0 1777797274 66020
19 1214 27112 0 1777797274 66087
17 1255 3772 0 1777797274 69794
14 1150 9901 0 1777797274 73021
14 1151 6205 0 1777797274 79229
15 1287 14412 0 1777797274 79237
16 1373 16487 0 1777797274 79244
17 1256 9455 0 1777797274 79251
14 1152 17852 0 1777797274 97104
15 1288 17847 0 1777797274 97113
16 1374 17844 0 1777797274 97119
17 1257 17842 0 1777797274 97125
18 1210 94485 0 1777797274 97131
19 1215 31048 0 1777797274 97137
14 1153 6532 0 1777797274 103669
17 1258 9279 0 1777797274 106440
19 1216 9273 0 1777797274 106449
18 1211 13156 0 1777797274 110326
15 1289 13899 0 1777797274 111046
17 1259 7747 0 1777797274 114198
14 1154 10925 0 1777797274 114597
18 1212 8683 0 1777797274 119013
19 1217 12885 0 1777797274 119351
15 1290 9237 0 1777797274 120288
15 1291 8746 0 1777797274 129037
17 1260 14841 0 1777797274 129046
18 1213 9697 0 1777797274 129053
19 1218 9551 0 1777797274 129059
14 1155 15404 0 1777797274 130002
16 1375 35792 0 1777797274 132946
18 1214 7251 0 1777797274 136361
15 1292 9045 0 1777797274 138105
14 1156 8738 0 1777797274 138743
17 1261 10774 0 1777797274 139846
16 1376 13462 0 1777797274 146410
14 1157 8681 0 1777797274 147427
18 1215 12036 0 1777797274 148400
14 1158 10185 0 1777797274 157614
15 1293 19514 0 1777797274 157621
17 1262 17778 0 1777797274 157627
17 1263 3230 0 1777797274 160875
15 1294 3963 0 1777797274 161601
14 1159 4780 0 1777797274 162408
16 1377 19546 0 1777797274 165959
17 1264 5092 0 1777797274 165970
14 1160 4248 0 1777797274 166659
15 1295 7326 0 1777797274 168929
17 1265 6153 0 1777797274 172138
19 1219 43029 0 1777797274 172147
16 1378 8491 0 1777797274 174462
15 1296 7452 0 1777797274 176384
16 1379 5740 0 1777797274 180205
17 1266 8063 0 1777797274 180211
19 1220 12297 0 1777797274 184456
17 1267 11505 0 1777797274 191730
16 1380 11539 0 1777797274 191752
14 1161 25511 0 1777797274 192173
15 1297 15792 0 1777797274 192181
18 1216 43787 0 1777797274 192189
18 1217 2770 0 1777797274 194985
17 1268 4872 0 1777797274 196606
14 1162 6270 0 1777797274 198460
16 1381 7012 0 1777797274 198764
18 1218 3784 0 1777797274 198772
15 1298 13203 0 1777797274 205406
14 1163 11772 0 1777797274 210236
15 1299 4835 0 1777797274 210243
16 1382 11476 0 1777797274 210249
17 1269 13647 0 1777797274 210255
19 1221 25803 0 1777797274 210261
18 1219 12550 0 1777797274 211334
15 1300 7339 0 1777797274 217608
14 1164 13972 0 1777797274 224233
15 1301 6641 0 1777797274 224251
16 1383 13982 0 1777797274 224258
17 1270 13981 0 1777797274 224263
18 1220 13388 0 1777797274 224725
19 1222 16069 0 1777797274 226358
17 1271 3407 0 1777797274 227715
17 1272 1772 0 1777797274 229492
14 1165 11028 0 1777797274 235293
19 1223 12539 0 1777797274 238912
14 1166 4872 0 1777797274 240166
19 1224 2758 0 1777797274 241678
14 1167 3441 0 1777797274 243613
14 1168 2897 0 1777797274 246512
18 1221 22267 0 1777797274 246995
19 1225 6414 0 1777797274 248109
14 1169 6331 0 1777797274 252845
17 1273 23380 0 1777797274 252877
19 1226 4778 0 1777797274 252890
14 1170 2340 0 1777797274 255231
18 1222 9758 0 1777797274 256756
16 1384 36460 0 1777797274 260750
19 1227 8934 0 1777797274 262004
14 1171 7110 0 1777797274 262343
14 1172 2632 0 1777797274 264979
16 1385 4238 0 1777797274 264990
16 1386 8403 0 1777797274 273409
19 1228 11385 0 1777797274 273433
17 1274 25303 0 1777797274 278219
14 1173 15370 0 1777797274 280362
15 1302 56094 0 1777797274 280368
16 1387 6939 0 1777797274 280373
18 1223 23622 0 1777797274 280379
19 1229 6936 0 1777797274 280384
15 1303 7874 0 1777797274 288266
18 1224 7878 0 1777797274 288282
14 1174 10476 0 1777797274 290860
16 1388 10475 0 1777797274 290873
19 1230 10498 0 1777797274 290908
17 1275 18654 0 1777797274 296876
15 1304 11749 0 1777797274 300032
18 1225 11752 0 1777797274 300045
14 1175 10761 0 1777797274 301636
16 1389 10760 0 1777797274 301651
19 1231 15911 0 1777797274 306820
15 1305 6895 0 1777797274 306941
17 1276 10831 0 1777797274 307711
18 1226 7654 0 1777797274 307717
16 1390 13609 0 1777797274 315269
14 1176 15377 0 1777797274 317029
15 1306 10103 0 1777797274 317045
19 1232 10302 0 1777797274 317124
18 1227 14218 0 1777797274 321946
14 1177 11446 0 1777797274 328494
16 1391 13242 0 1777797274 328513
17 1277 20802 0 1777797274 328520
19 1233 11422 0 1777797274 328548
15 1307 12293 0 1777797274 329352
16 1392 4071 0 1777797274 332638
18 1228 10674 0 1777797274 332645
19 1234 4057 0 1777797274 332651
14 1178 12049 0 1777797274 340598
15 1308 11260 0 1777797274 340613
16 1393 7991 0 1777797274 340643
17 1278 12064 0 1777797274 340650
19 1235 7985 0 1777797274 340656
18 1229 11301 0 1777797274 343966
14 1179 8013 0 1777797274 348670
19 1236 7931 0 1777797274 348679
16 1394 12963 0 1777797274 353695
18 1230 9736 0 1777797274 353711
14 1180 7126 0 1777797274 355806
15 1309 15090 0 1777797274 355814
17 1279 15083 0 1777797274 355820
19 1237 7145 0 1777797274 355833
16 1395 3871 0 1777797274 357583
15 1310 5954 0 1777797274 361797
18 1231 8071 0 1777797274 361814
14 1181 6873 0 1777797274 362707
19 1238 6788 0 1777797274 362769
16 1396 7455 0 1777797274 365046
17 1280 9559 0 1777797274 365529
18 1232 3708 0 1777797274 365575
15 1311 6767 0 1777797274 368583
16 1397 4707 0 1777797274 369755
19 1239 6985 0 1777797274 369765
14 1182 9754 0 1777797274 372525
16 1398 8506 0 1777797274 378294
17 1281 12729 0 1777797274 378305
18 1233 12726 0 1777797274 378312
14 1183 5844 0 1777797274 378371
15 1312 9795 0 1777797274 378380
19 1240 8603 0 1777797274 378384
14 1184 3765 0 1777797274 382149
15 1313 4250 0 1777797274 382642
17 1282 4323 0 1777797274 382651
16 1399 8074 0 1777797274 386388
18 1234 8060 0 1777797274 386395
19 1241 10020 0 1777797274 388419
14 1185 9331 0 1777797274 391482
15 1314 11873 0 1777797274 394524
14 1186 5446 0 1777797274 396931
17 1283 14275 0 1777797274 396940
16 1400 12823 0 1777797274 399220
18 1235 12822 0 1777797274 399229
19 1242 11898 0 1777797274 400319
14 1187 4995 0 1777797274 401936
15 1315 14395 0 1777797274 408922
16 1401 9696 0 1777797274 408926
18 1236 9688 0 1777797274 408930
19 1243 8610 0 1777797274 408933
14 1188 8409 0 1777797274 410348
17 1284 14835 0 1777797274 411792
14 1189 12578 0 1777797274 422928
15 1316 14007 0 1777797274 422940
16 1402 14007 0 1777797274 422946
18 1237 14010 0 1777797274 422953
19 1244 14013 0 1777797274 422960
17 1285 19402 0 1777797274 431196
14 1190 13257 0 1777797274 436218
19 1245 13251 0 1777797274 436251
17 1286 22374 0 1777797274 453573
14 1191 25692 0 1777797274 461945
18 1238 58585 0 1777797274 481577
16 1403 59611 0 1777797274 482594
19 1246 49873 0 1777797274 486140
17 1287 57320 0 1777797274 510894
15 1317 113143 0 1777797274 536118
15 1318 13171 0 1777797274 549290
15 1319 5640 0 1777797274 554941
15 1320 8190 0 1777797274 563133
14 1192 118461 0 1777797274 580408
15 1321 17280 0 1777797274 580416
16 1404 98594 0 1777797274 581190
17 1288 70301 0 1777797274 581199
15 1322 9344 0 1777797274 589771
17 1289 9529 0 1777797274 590742
16 1405 9997 0 1777797274 591197
18 1239 109645 0 1777797274 591223
19 1247 105852 0 1777797274 591996
15 1323 69768 0 1777797274 659541
17 1290 68878 0 1777797274 659622
19 1248 67647 0 1777797274 659647
14 1193 80803 0 1777797274 661221
16 1406 70086 0 1777797274 661289
18 1240 70070 0 1777797274 661295
14 1194 13295 0 1777797274 674591
16 1407 13314 0 1777797274 674623
17 1291 14955 0 1777797274 674631
18 1241 13319 0 1777797274 674635
19 1249 14947 0 1777797274 674640
15 1324 19351 0 1777797274 678999
14 1195 21004 0 1777797274 695645
16 1408 21006 0 1777797274 695653
17 1292 21025 0 1777797274 695677
18 1242 21036 0 1777797274 695695
19 1250 21060 0 1777797274 695724
15 1325 20028 0 1777797274 699028
15 1326 6599 0 1777797274 705629
18 1243 10635 0 1777797274 706385
19 1251 10825 0 1777797274 707246
17 1293 12043 0 1777797274 707786
14 1196 15949 0 1777797274 711674
16 1409 16408 0 1777797274 712143
14 1197 11935 0 1777797274 723611
15 1327 17988 0 1777797274 723621
16 1410 11482 0 1777797274 723627
17 1294 22435 0 1777797274 730226
14 1198 6660 0 1777797274 730288
15 1328 6659 0 1777797274 730297
16 1411 14073 0 1777797274 737718
18 1244 31354 0 1777797274 737741
19 1252 31353 0 1777797274 738601
15 1329 9635 0 1777797274 739944
14 1199 15379 0 1777797274 745677
17 1295 15453 0 1777797274 745684
16 1412 10851 0 1777797274 749456
14 1200 8649 0 1777797274 754334
15 1330 14404 0 1777797274 754351
17 1296 8649 0 1777797274 754359
19 1253 15742 0 1777797274 754366
18 1245 17378 0 1777797274 755997
14 1201 7252 0 1777797274 761619
15 1331 7216 0 1777797274 761634
16 1413 12183 0 1777797274 761641
17 1297 7216 0 1777797274 761648
15 1332 9593 0 1777797274 771261
18 1246 15277 0 1777797274 771276
19 1254 16841 0 1777797274 771284
15 1333 17373 0 1777797274 788657
18 1247 27229 0 1777797274 798532
15 1334 12729 0 1777797274 801389
15 1335 6310 0 1777797274 807702
14 1202 47166 0 1777797274 808816
18 1248 11755 0 1777797274 810288
15 1336 4985 0 1777797274 812689
15 1337 2928 0 1777797274 815619
15 1338 1988 0 1777797274 817612
18 1249 11881 0 1777797274 822171
15 1339 6958 0 1777797274 824574
15 1340 2998 0 1777797274 827578
15 1341 2154 0 1777797274 829735
15 1342 7998 0 1777797274 837735
15 1343 2570 0 1777797274 840307
15 1344 7778 0 1777797274 848088
15 1345 2945 0 1777797274 851038
16 1414 89371 0 1777797274 851047
17 1298 95175 0 1777797274 856858
15 1346 10477 0 1777797274 861527
16 1415 10477 0 1777797274 861536
17 1299 4679 0 1777797274 861543
15 1347 1756 0 1777797274 863301
15 1348 4658 0 1777797274 867962
15 1349 4770 0 1777797274 872739
15 1350 4323 0 1777797274 877064
16 1416 16197 0 1777797274 877755
17 1300 16202 0 1777797274 877767
14 1203 70538 0 1777797274 879357
19 1255 108065 0 1777797274 879377
15 1351 3057 0 1777797274 880128
15 1352 8157 0 1777797274 888287
19 1256 9296 0 1777797274 888708
15 1353 4241 0 1777797274 892530
16 1417 14771 0 1777797274 892539
16 1418 5215 0 1777797274 897783
18 1250 76577 0 1777797274 898753
15 1354 13736 0 1777797274 906284
16 1419 8510 0 1777797274 906297
17 1301 28512 0 1777797274 906304
18 1251 7558 0 1777797274 906313
14 1204 29908 0 1777797274 909286
19 1257 20654 0 1777797274 909365
15 1355 12004 0 1777797274 918319
16 1420 11997 0 1777797274 918326
17 1302 11993 0 1777797274 918333
18 1252 11991 0 1777797274 918343
19 1258 13121 0 1777797274 923551
15 1356 10066 0 1777797274 928410
16 1421 10063 0 1777797274 928423
18 1253 9687 0 1777797274 928430
17 1303 13739 0 1777797274 932474
14 1205 31249 0 1777797274 940616
15 1357 12194 0 1777797274 940625
16 1422 12185 0 1777797274 940633
18 1254 12187 0 1777797274 940642
19 1259 17097 0 1777797274 940650
17 1304 9192 0 1777797274 941669
15 1358 34230 0 1777797274 974891
16 1423 34231 0 1777797274 974899
17 1305 33230 0 1777797274 974904
19 1260 34224 0 1777797274 974908
18 1255 35421 0 1777797274 976097
14 1206 41861 0 1777797274 982512
16 1424 7877 0 1777797274 982796
17 1306 7878 0 1777797274 982803
19 1261 7930 0 1777797274 982934
14 1207 7401 0 1777797274 989918
15 1359 15018 0 1777797274 989928
18 1256 13839 0 1777797274 989938
16 1425 7600 0 1777797274 990403
19 1262 7476 0 1777797274 990410
14 1208 8436 0 1777797274 998375
16 1426 7971 0 1777797274 998382
18 1257 8428 0 1777797274 998388
19 1263 7958 0 1777797274 998393
15 1360 8973 0 1777797274 998924
17 1307 19028 0 1777797275 1838
14 1209 11212 0 1777797275 9607
15 1361 10622 0 1777797275 9614
16 1427 11203 0 1777797275 9621
17 1308 7785 0 1777797275 9627
18 1258 11242 0 1777797275 9670
19 1264 11235 0 1777797275 9678
15 1362 7794 0 1777797275 17483
14 1210 11354 0 1777797275 21033
16 1428 11454 0 1777797275 21150
17 1309 11464 0 1777797275 21166
18 1259 11464 0 1777797275 21173
19 1265 11463 0 1777797275 21180
16 1429 4607 0 1777797275 25804
17 1310 4600 0 1777797275 25812
18 1260 8346 0 1777797275 29566
19 1266 8340 0 1777797275 29574
16 1430 7257 0 1777797275 33071
15 1363 20814 0 1777797275 38298
16 1431 5277 0 1777797275 38350
18 1261 8799 0 1777797275 38374
19 1267 8809 0 1777797275 38392
14 1211 21179 0 1777797275 42359
16 1432 10018 0 1777797275 48433
18 1262 10013 0 1777797275 48441
19 1268 11484 0 1777797275 50055
18 1263 6534 0 1777797275 54984
16 1433 13949 0 1777797275 62391
19 1269 12486 0 1777797275 62565
19 1270 2368 0 1777797275 64935
18 1264 15575 0 1777797275 70561
19 1271 5632 0 1777797275 70569
15 1364 34787 0 1777797275 73181
19 1272 3290 0 1777797275 73943
14 1212 33083 0 1777797275 75444
18 1265 5717 0 1777797275 76288
15 1365 5434 0 1777797275 78620
19 1273 5387 0 1777797275 79336
14 1213 4829 0 1777797275 80279
18 1266 5149 0 1777797275 81443
14 1214 7009 0 1777797275 87290
15 1366 8675 0 1777797275 87297
16 1434 28348 0 1777797275 90741
15 1367 9183 0 1777797275 96495
14 1215 10110 0 1777797275 97411
17 1311 72599 0 1777797275 98420
16 1435 9223 0 1777797275 99967
15 1368 8372 0 1777797275 104871
17 1312 6892 0 1777797275 105314
14 1216 8497 0 1777797275 105909
18 1267 25803 0 1777797275 107248
15 1369 5828 0 1777797275 110704
17 1313 5482 0 1777797275 110798
16 1436 11413 0 1777797275 111383
17 1314 4378 0 1777797275 115180
15 1370 4495 0 1777797275 115201
14 1217 10422 0 1777797275 116333
19 1274 47889 0 1777797275 127227
14 1218 12227 0 1777797275 128564
15 1371 13369 0 1777797275 128571
17 1315 13394 0 1777797275 128577
18 1268 21330 0 1777797275 128584
16 1437 18279 0 1777797275 129665
15 1372 6109 0 1777797275 134702
18 1269 8902 0 1777797275 137511
19 1275 10298 0 1777797275 137526
15 1373 11843 0 1777797275 146553
18 1270 9032 0 1777797275 146559
14 1219 18415 0 1777797275 146999
17 1316 18404 0 1777797275 147004
16 1438 18112 0 1777797275 147782
14 1220 12856 0 1777797275 159862
19 1276 22362 0 1777797275 159900
17 1317 13167 0 1777797275 160181
18 1271 13616 0 1777797275 160188
15 1374 13957 0 1777797275 160517
16 1439 15245 0 1777797275 163028
19 1277 5890 0 1777797275 165810
14 1221 13629 0 1777797275 173531
15 1375 13020 0 1777797275 173539
17 1318 13356 0 1777797275 173545
18 1272 13344 0 1777797275 173552
16 1440 15163 0 1777797275 178196
19 1278 12390 0 1777797275 178202
14 1222 16583 0 1777797275 190136
17 1319 16534 0 1777797275 190154
15 1376 20968 0 1777797275 194531
16 1441 16341 0 1777797275 194544
18 1273 20919 0 1777797275 194550
19 1279 16347 0 1777797275 194557
15 1377 12127 0 1777797275 206685
16 1442 12120 0 1777797275 206692
17 1320 16502 0 1777797275 206698
18 1274 12125 0 1777797275 206703
19 1280 12126 0 1777797275 206709
14 1223 16603 0 1777797275 206758
15 1378 33271 0 1777797275 239981
16 1443 33268 0 1777797275 239987
17 1321 33263 0 1777797275 239991
18 1275 33258 0 1777797275 239996
19 1281 33254 0 1777797275 239999
14 1224 34420 0 1777797275 241180
15 1379 9327 0 1777797275 249327
16 1444 12034 0 1777797275 252045
17 1322 12076 0 1777797275 252090
19 1282 12078 0 1777797275 252102
14 1225 13117 0 1777797275 254302
18 1276 14327 0 1777797275 254346
15 1380 9975 0 1777797275 259305
19 1283 9364 0 1777797275 261480
17 1323 13829 0 1777797275 265939
18 1277 11571 0 1777797275 265943
16 1445 14812 0 1777797275 266915
14 1226 19826 0 1777797275 274173
15 1381 14871 0 1777797275 274179
18 1278 8233 0 1777797275 274184
16 1446 7848 0 1777797275 274764
19 1284 15500 0 1777797275 276982
17 1324 12691 0 1777797275 278635
14 1227 14410 0 1777797275 288596
18 1279 15716 0 1777797275 289915
19 1285 20357 0 1777797275 297342
14 1228 11630 0 1777797275 300235
15 1382 35630 0 1777797275 309822
18 1280 19909 0 1777797275 309832
19 1286 14533 0 1777797275 311876
14 1229 28732 0 1777797275 329098
15 1383 19281 0 1777797275 329114
16 1447 54420 0 1777797275 329185
17 1325 50557 0 1777797275 329194
18 1281 19353 0 1777797275 329202
19 1287 17325 0 1777797275 329209
14 1230 4654 0 1777797275 333864
18 1282 5825 0 1777797275 335080
14 1231 9806 0 1777797275 343676
18 1283 8599 0 1777797275 343687
19 1288 14384 0 1777797275 343693
17 1326 19655 0 1777797275 348896
19 1289 5196 0 1777797275 348906
14 1232 10445 0 1777797275 354139
18 1284 14035 0 1777797275 357738
18 1285 4247 0 1777797275 361987
19 1290 13075 0 1777797275 361997
14 1233 16305 0 1777797275 370448
14 1234 18917 0 1777797275 389375
15 1384 60157 0 1777797275 389380
16 1448 60154 0 1777797275 389385
17 1327 40482 0 1777797275 389389
18 1286 27395 0 1777797275 389393
19 1291 27390 0 1777797275 389399
14 1235 10111 0 1777797275 399510
15 1385 16591 0 1777797275 405996
18 1287 16590 0 1777797275 406011
16 1449 26785 0 1777797275 416197
17 1328 26786 0 1777797275 416203
15 1386 15180 0 1777797275 421192
18 1288 22425 0 1777797275 428454
16 1450 16076 0 1777797275 432280
18 1289 7994 0 1777797275 436449
18 1290 3043 0 1777797275 439495
16 1451 9656 0 1777797275 441946
15 1387 23864 0 1777797275 445060
17 1329 30147 0 1777797275 446362
18 1291 12426 0 1777797275 451927
15 1388 9892 0 1777797275 454958
16 1452 13018 0 1777797275 454968
17 1330 10807 0 1777797275 457172
16 1453 3270 0 1777797275 458257
15 1389 3614 0 1777797275 458585
18 1292 10240 0 1777797275 462172
15 1390 13177 0 1777797275 471767
17 1331 14605 0 1777797275 471786
18 1293 9617 0 1777797275 471793
16 1454 16433 0 1777797275 474699
18 1294 3419 0 1777797275 475270
16 1455 3382 0 1777797275 478085
18 1295 3641 0 1777797275 478913
18 1296 3689 0 1777797275 482608
14 1236 83708 0 1777797275 483232
15 1391 11871 0 1777797275 483665
16 1456 7966 0 1777797275 486054
17 1332 14245 0 1777797275 486069
18 1297 5321 0 1777797275 487931
15 1392 13679 0 1777797275 497347
16 1457 11318 0 1777797275 497389
17 1333 11311 0 1777797275 497400
18 1298 9473 0 1777797275 497407
14 1237 21875 0 1777797275 505113
19 1292 115717 0 1777797275 505142
18 1299 26326 0 1777797275 523855
15 1393 31140 0 1777797275 528549
17 1334 31076 0 1777797275 528568
14 1238 38340 0 1777797275 543498
16 1458 46029 0 1777797275 543506
19 1293 38270 0 1777797275 543510
19 1294 21850 0 1777797275 565374
14 1239 30685 0 1777797275 574195
18 1300 50359 0 1777797275 574217
14 1240 5372 0 1777797275 579590
15 1394 51030 0 1777797275 579599
16 1459 36087 0 1777797275 579605
17 1335 51029 0 1777797275 579611
18 1301 5385 0 1777797275 579627
15 1395 12090 0 1777797275 591728
17 1336 12088 0 1777797275 591738
18 1302 12117 0 1777797275 591774
15 1396 24584 0 1777797275 616359
17 1337 24572 0 1777797275 616364
19 1295 60269 0 1777797275 625652
15 1397 26446 0 1777797275 642811
17 1338 26451 0 1777797275 642823
14 1241 76851 0 1777797275 656480
16 1460 76846 0 1777797275 656490
19 1296 30839 0 1777797275 656499
15 1398 61533 0 1777797275 704357
19 1297 47839 0 1777797275 704361
14 1242 49258 0 1777797275 705758
17 1339 63907 0 1777797275 706745
16 1461 53399 0 1777797275 709910
18 1303 118109 0 1777797275 709927
17 1340 12099 0 1777797275 718850
15 1399 17636 0 1777797275 721997
14 1243 25470 0 1777797275 731238
16 1462 21327 0 1777797275 731255
18 1304 23770 0 1777797275 733710
15 1400 17218 0 1777797275 739220
16 1463 7980 0 1777797275 739250
17 1341 22998 0 1777797275 741852
15 1401 9437 0 1777797275 748689
17 1342 6841 0 1777797275 748697
16 1464 12104 0 1777797275 751379
18 1305 21711 0 1777797275 755430
19 1298 54325 0 1777797275 758693
18 1306 61459 0 1777797275 816893
14 1244 88907 0 1777797275 820165
15 1402 71486 0 1777797275 820185
17 1343 71484 0 1777797275 820192
16 1465 71304 0 1777797275 822686
19 1299 63997 0 1777797275 822693
18 1307 10123 0 1777797275 827018
15 1403 7447 0 1777797275 827664
17 1344 7445 0 1777797275 827671
16 1466 12718 0 1777797275 835412
18 1308 8399 0 1777797275 835420
19 1300 12712 0 1777797275 835428
14 1245 18240 0 1777797275 838434
15 1404 10772 0 1777797275 838445
17 1345 10687 0 1777797275 838452
16 1467 9502 0 1777797275 844982
18 1309 9498 0 1777797275 844990
14 1246 21953 0 1777797275 860407
15 1405 21954 0 1777797275 860431
16 1468 15671 0 1777797275 860662
17 1346 22199 0 1777797275 860683
18 1310 15666 0 1777797275 860690
19 1301 24936 0 1777797275 860697
15 1406 19393 0 1777797275 881666
16 1469 19357 0 1777797275 881686
18 1311 20492 0 1777797275 882841
19 1302 20492 0 1777797275 882850
14 1247 26681 0 1777797275 887379
17 1347 25052 0 1777797275 887392
15 1407 19049 0 1777797275 900736
14 1248 47460 0 1777797275 934853
15 1408 34119 0 1777797275 934865
16 1470 53171 0 1777797275 934873
18 1312 52029 0 1777797275 934880
19 1303 51982 0 1777797275 934887
16 1471 20040 0 1777797275 954950
15 1409 23833 0 1777797275 958733
19 1304 23801 0 1777797275 958743
18 1313 26436 0 1777797275 961369
14 1249 28600 0 1777797275 963488
15 1410 16289 0 1777797275 975033
18 1314 13671 0 1777797275 975042
15 1411 4296 0 1777797275 979340
19 1305 20595 0 1777797275 979350
14 1250 26787 0 1777797275 990278
16 1472 35331 0 1777797275 990284
17 1348 102877 0 1777797275 990288
18 1315 21887 0 1777797275 996950
16 1473 17847 0 1777797276 8142
18 1316 11218 0 1777797276 8170
17 1349 21932 0 1777797276 12233
14 1251 26582 0 1777797276 16871
19 1306 37529 0 1777797276 16894
14 1252 6207 0 1777797276 23104
15 1412 51555 0 1777797276 30906
14 1253 15116 0 1777797276 38230
16 1474 30067 0 1777797276 38239
14 1254 7002 0 1777797276 45243
15 1413 15369 0 1777797276 46280
16 1475 11130 0 1777797276 49385
19 1307 33706 0 1777797276 50616
17 1350 39059 0 1777797276 51296
18 1317 43105 0 1777797276 51302
14 1255 14039 0 1777797276 59284
15 1414 13011 0 1777797276 59293
17 1351 12972 0 1777797276 64276
18 1318 13686 0 1777797276 65000
19 1308 15601 0 1777797276 66223
16 1476 18120 0 1777797276 67507
15 1415 11798 0 1777797276 71102
18 1319 6111 0 1777797276 71114
14 1256 14832 0 1777797276 74127
17 1352 16166 0 1777797276 80443
19 1309 14226 0 1777797276 80455
14 1257 13178 0 1777797276 87307
15 1416 16198 0 1777797276 87314
16 1477 19813 0 1777797276 87324
18 1320 18976 0 1777797276 90215
19 1310 11340 0 1777797276 91808
15 1417 7669 0 1777797276 95008
14 1258 11540 0 1777797276 98866
18 1321 9591 0 1777797276 99810
17 1353 19943 0 1777797276 100399
16 1478 16724 0 1777797276 104070
18 1322 7061 0 1777797276 106873
19 1311 15071 0 1777797276 106881
15 1418 17443 0 1777797276 112455
17 1354 13758 0 1777797276 114164
14 1259 18194 0 1777797276 117063
16 1479 13416 0 1777797276 117488
15 1419 12233 0 1777797276 124691
18 1323 17817 0 1777797276 124699
19 1312 17787 0 1777797276 124706
15 1420 13650 0 1777797276 138357
16 1480 20880 0 1777797276 138396
18 1324 16012 0 1777797276 140734
19 1313 15932 0 1777797276 140742
15 1421 4892 0 1777797276 143291
18 1325 14049 0 1777797276 154793
14 1260 46850 0 1777797276 164340
15 1422 21054 0 1777797276 164349
17 1355 50194 0 1777797276 164365
19 1314 23625 0 1777797276 164377
18 1326 22840 0 1777797276 177642
16 1481 44402 0 1777797276 182826
19 1315 18639 0 1777797276 183065
15 1423 238621 0 1777797276 403029
19 1316 268725 0 1777797276 451792
17 1356 294797 0 1777797276 459215
19 1317 7578 0 1777797276 459373
15 1424 73201 0 1777797276 476245
19 1318 16864 0 1777797276 476262
17 1357 50227 0 1777797276 509601
18 1327 347707 0 1777797276 525355
19 1319 49073 0 1777797276 525359
15 1425 52576 0 1777797276 528840
16 1482 349123 0 1777797276 531955
16 1483 8611 0 1777797276 540568
19 1320 19782 0 1777797276 545148
19 1321 3012 0 1777797276 548165
16 1484 8249 0 1777797276 548820
16 1485 5795 0 1777797276 554620
19 1322 6458 0 1777797276 554629
18 1328 39723 0 1777797276 565083
17 1358 57693 0 1777797276 567296
18 1329 4712 0 1777797276 569797
17 1359 7998 0 1777797276 575297
18 1330 6425 0 1777797276 576225
18 1331 6505 0 1777797276 582733
15 1426 57970 0 1777797276 586818
18 1332 10893 0 1777797276 593628
17 1360 18344 0 1777797276 593647
19 1323 39246 0 1777797276 593889
16 1486 41065 0 1777797276 595695
15 1427 9004 0 1777797276 595832
14 1261 432180 0 1777797276 596558
19 1324 11129 0 1777797276 605038
16 1487 10143 0 1777797276 605890
17 1361 12255 0 1777797276 605903
15 1428 10848 0 1777797276 606681
16 1488 7394 0 1777797276 613299
17 1362 7403 0 1777797276 613318
19 1325 8288 0 1777797276 613334
18 1333 20631 0 1777797276 614261
14 1262 19343 0 1777797276 615903
16 1489 10058 0 1777797276 623393
18 1334 9138 0 1777797276 623400
19 1326 10051 0 1777797276 623405
15 1429 17116 0 1777797276 623798
14 1263 10523 0 1777797276 626428
19 1327 5960 0 1777797276 629383
15 1430 6671 0 1777797276 630472
16 1490 7547 0 1777797276 630953
17 1363 18488 0 1777797276 631835
16 1491 2160 0 1777797276 633115
19 1328 6882 0 1777797276 636267
16 1492 3650 0 1777797276 636767
15 1431 7659 0 1777797276 638135
19 1329 3995 0 1777797276 640265
16 1493 4279 0 1777797276 641049
18 1335 19560 0 1777797276 642975
15 1432 5314 0 1777797276 643451
16 1494 9905 0 1777797276 650957
17 1364 19123 0 1777797276 650963
19 1330 10699 0 1777797276 650968
14 1264 40208 0 1777797276 666641
15 1433 23204 0 1777797276 666658
16 1495 15698 0 1777797276 666667
17 1365 15695 0 1777797276 666674
18 1336 23703 0 1777797276 666680
19 1331 17560 0 1777797276 668544
18 1337 3049 0 1777797276 669800
18 1338 2184 0 1777797276 671986
15 1434 6739 0 1777797276 673440
14 1265 6877 0 1777797276 673558
18 1339 7432 0 1777797276 679421
14 1266 6454 0 1777797276 680014
18 1340 6974 0 1777797276 686397
17 1366 22864 0 1777797276 689578
15 1435 20293 0 1777797276 693738
16 1496 27470 0 1777797276 694178
17 1367 9158 0 1777797276 698739
18 1341 12359 0 1777797276 698758
19 1332 31031 0 1777797276 699646
18 1342 1492 0 1777797276 700251
16 1497 9830 0 1777797276 704010
18 1343 6508 0 1777797276 706765
18 1344 977 0 1777797276 707745
15 1436 14164 0 1777797276 707904
18 1345 2442 0 1777797276 710194
18 1346 1050 0 1777797276 711248
16 1498 9605 0 1777797276 713618
18 1347 5286 0 1777797276 716538
19 1333 17153 0 1777797276 716801
16 1499 3790 0 1777797276 717412
19 1334 2440 0 1777797276 719243
18 1348 2959 0 1777797276 719503
16 1500 3216 0 1777797276 720631
18 1349 1772 0 1777797276 721279
18 1350 998 0 1777797276 722305
18 1351 2962 0 1777797276 725270
19 1335 6037 0 1777797276 725282
18 1352 1444 0 1777797276 726727
18 1353 2188 0 1777797276 728918
17 1368 31638 0 1777797276 730379
19 1336 5849 0 1777797276 731167
18 1354 2383 0 1777797276 731308
15 1437 26498 0 1777797276 734404
15 1438 3618 0 1777797276 738025
17 1369 9784 0 1777797276 740166
18 1355 9358 0 1777797276 740667
16 1501 23550 0 1777797276 744185
14 1267 65302 0 1777797276 745321
18 1356 10641 0 1777797276 751310
15 1439 14939 0 1777797276 752966
16 1502 12060 0 1777797276 756249
19 1337 25088 0 1777797276 756262
15 1440 6762 0 1777797276 759730
18 1357 18283 0 1777797276 769595
19 1338 15422 0 1777797276 771698
16 1503 17311 0 1777797276 773574
14 1268 33093 0 1777797276 778420
17 1370 38268 0 1777797276 778436
18 1358 8837 0 1777797276 778440
16 1504 7282 0 1777797276 780859
19 1339 10071 0 1777797276 781777
14 1269 5058 0 1777797276 783589
19 1340 7222 0 1777797276 789001
14 1270 7996 0 1777797276 791595
15 1441 31872 0 1777797276 791603
16 1505 10746 0 1777797276 791608
14 1271 6279 0 1777797276 797889
15 1442 9687 0 1777797276 801306
16 1506 9688 0 1777797276 801314
19 1341 12326 0 1777797276 801332
14 1272 11714 0 1777797276 809606
15 1443 8283 0 1777797276 809616
16 1507 8278 0 1777797276 809623
17 1371 31188 0 1777797276 809639
18 1359 31187 0 1777797276 809646
19 1342 8293 0 1777797276 809652
17 1372 7789 0 1777797276 817474
18 1360 7782 0 1777797276 817486
19 1343 7781 0 1777797276 817492
14 1273 14798 0 1777797276 824452
15 1444 14795 0 1777797276 824462
16 1508 14795 0 1777797276 824471
17 1373 6984 0 1777797276 824477
18 1361 6978 0 1777797276 824483
19 1344 6971 0 1777797276 824487
14 1274 19093 0 1777797276 843580
15 1445 19117 0 1777797276 843616
16 1509 19123 0 1777797276 843627
19 1345 19112 0 1777797276 843634
17 1374 22692 0 1777797276 847202
18 1362 23110 0 1777797276 847626
14 1275 12452 0 1777797276 856087
15 1446 12452 0 1777797276 856098
16 1510 12459 0 1777797276 856113
19 1346 12986 0 1777797276 856647
18 1363 11408 0 1777797276 859088
15 1447 8075 0 1777797276 864204
17 1375 16553 0 1777797276 864213
14 1276 10725 0 1777797276 866839
16 1511 10710 0 1777797276 866848
18 1364 7767 0 1777797276 866857
19 1347 10214 0 1777797276 866863
15 1448 7835 0 1777797276 872049
14 1277 9451 0 1777797276 876315
16 1512 10552 0 1777797276 877426
18 1365 10554 0 1777797276 877436
19 1348 11702 0 1777797276 880144
15 1449 10893 0 1777797276 882945
17 1376 18727 0 1777797276 882949
19 1349 8376 0 1777797276 888524
14 1278 12497 0 1777797276 888818
18 1366 13651 0 1777797276 891099
15 1450 14114 0 1777797276 897064
16 1513 19642 0 1777797276 897079
19 1350 9708 0 1777797276 898233
14 1279 11032 0 1777797276 899853
18 1367 8759 0 1777797276 899863
17 1377 24188 0 1777797276 907144
19 1351 49211 0 1777797276 947446
14 1280 48121 0 1777797276 947985
16 1514 50956 0 1777797276 948046
18 1368 48171 0 1777797276 948052
15 1451 51070 0 1777797276 948151
17 1378 41022 0 1777797276 948168
15 1452 6534 0 1777797276 954687
16 1515 10291 0 1777797276 958353
14 1281 16433 0 1777797276 964486
15 1453 9805 0 1777797276 964494
17 1379 16332 0 1777797276 964501
18 1369 16437 0 1777797276 964507
18 1370 7711 0 1777797276 972260
14 1282 9947 0 1777797276 974454
15 1454 10814 0 1777797276 975329
16 1516 23229 0 1777797276 981584
17 1380 17064 0 1777797276 981606
18 1371 9353 0 1777797276 981617
19 1352 35327 0 1777797276 982775
14 1283 15327 0 1777797276 989784
17 1381 8159 0 1777797276 989793
18 1372 8157 0 1777797276 989801
19 1353 13981 0 1777797276 996762
18 1373 11715 0 1777797277 1557
17 1382 12901 0 1777797277 2724
19 1354 5973 0 1777797277 2744
14 1284 16452 0 1777797277 6254
17 1383 10333 0 1777797277 13078
19 1355 10328 0 1777797277 13085
18 1374 12473 0 1777797277 14040
14 1285 11794 0 1777797277 18051
16 1517 42364 0 1777797277 23982
17 1384 10905 0 1777797277 23991
18 1375 9953 0 1777797277 23997
15 1455 52052 0 1777797277 27384
19 1356 14318 0 1777797277 27414
14 1286 11757 0 1777797277 29812
16 1518 5820 0 1777797277 29819
15 1456 8448 0 1777797277 35864
16 1519 9130 0 1777797277 38964
17 1385 14971 0 1777797277 38980
18 1376 15451 0 1777797277 39475
15 1457 7047 0 1777797277 42921
19 1357 15485 0 1777797277 42927
14 1287 13650 0 1777797277 43470
17 1386 10305 0 1777797277 49863
15 1458 10193 0 1777797277 53120
16 1520 13648 0 1777797277 53127
18 1377 13560 0 1777797277 53131
19 1358 10199 0 1777797277 53135
14 1288 11439 0 1777797277 54910
17 1387 5050 0 1777797277 54916
15 1459 9534 0 1777797277 62669
16 1521 9545 0 1777797277 62687
17 1388 8230 0 1777797277 63154
19 1359 10008 0 1777797277 63160
14 1289 11130 0 1777797277 66047
15 1460 13839 0 1777797277 76527
16 1522 13836 0 1777797277 76535
17 1389 13378 0 1777797277 76539
18 1378 23396 0 1777797277 76543
19 1360 13380 0 1777797277 76548
14 1290 11723 0 1777797277 77774
14 1291 14539 0 1777797277 92314
15 1461 15855 0 1777797277 92404
16 1523 15871 0 1777797277 92425
17 1390 15884 0 1777797277 92443
18 1379 15895 0 1777797277 92460
19 1361 15898 0 1777797277 92469
17 1391 18786 0 1777797277 111344
19 1362 18822 0 1777797277 111391
14 1292 19644 0 1777797277 112114
18 1380 19562 0 1777797277 112125
15 1462 22830 0 1777797277 115328
16 1524 23512 0 1777797277 116061
18 1381 5216 0 1777797277 117351
19 1363 5976 0 1777797277 117369
14 1293 7712 0 1777797277 119838
15 1463 4518 0 1777797277 119852
15 1464 8049 0 1777797277 127913
16 1525 11863 0 1777797277 127926
17 1392 16595 0 1777797277 127941
18 1382 10579 0 1777797277 127949
14 1294 10332 0 1777797277 130186
19 1364 13301 0 1777797277 130718
15 1465 10202 0 1777797277 138153
16 1526 10208 0 1777797277 138171
18 1383 11164 0 1777797277 139151
17 1393 11952 0 1777797277 139931
19 1365 10019 0 1777797277 140741
14 1295 16542 0 1777797277 146731
19 1366 6395 0 1777797277 147138
15 1466 9272 0 1777797277 147445
16 1527 9267 0 1777797277 147461
18 1384 8593 0 1777797277 147746
17 1394 13638 0 1777797277 153573
14 1296 8800 0 1777797277 155541
17 1395 4216 0 1777797277 157826
18 1385 13176 0 1777797277 160924
16 1528 14995 0 1777797277 162467
14 1297 10464 0 1777797277 166011
17 1396 8497 0 1777797277 166325
15 1467 23484 0 1777797277 170947
16 1529 8496 0 1777797277 170965
18 1386 10041 0 1777797277 170973
14 1298 9620 0 1777797277 175634
17 1397 9337 0 1777797277 175663
18 1387 4703 0 1777797277 175692
17 1398 2952 0 1777797277 178660
18 1388 3143 0 1777797277 178889
19 1367 32946 0 1777797277 180086
17 1399 1582 0 1777797277 180244
14 1299 5691 0 1777797277 181385
17 1400 2297 0 1777797277 182543
18 1389 3660 0 1777797277 182551
16 1530 17628 0 1777797277 188611
14 1300 7581 0 1777797277 188968
17 1401 6667 0 1777797277 189220
19 1368 11097 0 1777797277 191185
14 1301 4655 0 1777797277 193625
17 1402 4917 0 1777797277 194139
16 1531 8932 0 1777797277 197545
17 1403 6204 0 1777797277 200344
14 1302 9363 0 1777797277 202995
16 1532 9218 0 1777797277 206765
14 1303 8362 0 1777797277 211361
17 1404 11034 0 1777797277 211379
19 1369 20200 0 1777797277 211386
16 1533 7927 0 1777797277 214694
14 1304 4508 0 1777797277 215905
15 1468 44942 0 1777797277 215916
16 1534 11560 0 1777797277 226256
18 1390 47386 0 1777797277 229949
17 1405 64155 0 1777797277 275573
15 1469 65150 0 1777797277 281077
17 1406 7322 0 1777797277 282905
15 1470 4436 0 1777797277 285518
18 1391 61642 0 1777797277 291592
17 1407 9793 0 1777797277 292701
15 1471 10943 0 1777797277 296464
14 1305 82790 0 1777797277 298707
19 1370 87280 0 1777797277 298715
17 1408 9672 0 1777797277 302375
18 1392 11001 0 1777797277 302595
16 1535 77989 0 1777797277 304256
16 1536 5601 0 1777797277 309859
17 1409 7489 0 1777797277 309868
18 1393 9580 0 1777797277 312176
15 1472 16173 0 1777797277 312638
18 1394 4472 0 1777797277 316651
14 1306 18622 0 1777797277 317338
16 1537 8393 0 1777797277 318262
19 1371 19544 0 1777797277 318274
17 1410 8425 0 1777797277 318305
15 1473 9920 0 1777797277 322560
18 1395 5914 0 1777797277 322567
14 1307 5880 0 1777797277 323222
17 1411 4923 0 1777797277 323229
16 1538 5704 0 1777797277 323979
14 1308 6330 0 1777797277 329560
15 1474 7648 0 1777797277 330216
17 1412 7006 0 1777797277 330245
16 1539 7170 0 1777797277 331151
17 1413 5577 0 1777797277 335853
16 1540 6611 0 1777797277 337763
17 1414 3835 0 1777797277 339690
17 1415 5811 0 1777797277 345503
18 1396 22927 0 1777797277 345514
19 1372 27233 0 1777797277 345522
16 1541 8770 0 1777797277 346543
17 1416 5909 0 1777797277 351433
19 1373 5900 0 1777797277 351441
16 1542 9078 0 1777797277 355622
17 1417 4187 0 1777797277 355629
18 1397 10102 0 1777797277 355636
19 1374 4189 0 1777797277 355642
14 1309 30758 0 1777797277 361004
15 1475 30776 0 1777797277 361039
19 1375 5384 0 1777797277 361048
17 1418 6222 0 1777797277 361873
16 1543 8855 0 1777797277 364498
14 1310 5064 0 1777797277 366114
17 1419 4259 0 1777797277 366135
15 1476 6131 0 1777797277 367201
19 1376 6693 0 1777797277 367770
16 1544 4450 0 1777797277 368951
19 1377 2000 0 1777797277 369772
17 1420 3773 0 1777797277 369945
16 1545 6208 0 1777797277 375163
19 1378 5419 0 1777797277 375196
15 1477 11511 0 1777797277 378717
17 1421 8778 0 1777797277 378725
16 1546 5394 0 1777797277 380592
19 1379 5390 0 1777797277 380600
15 1478 3719 0 1777797277 382444
17 1422 4353 0 1777797277 383088
16 1547 6446 0 1777797277 387047
19 1380 6664 0 1777797277 387275
19 1381 2130 0 1777797277 389408
17 1423 6762 0 1777797277 389851
15 1479 8776 0 1777797277 391222
19 1382 4512 0 1777797277 393921
17 1424 5542 0 1777797277 395395
15 1480 5301 0 1777797277 396525
17 1425 1267 0 1777797277 396664
15 1481 1801 0 1777797277 398328
18 1398 48896 0 1777797277 404553
15 1482 6975 0 1777797277 405305
18 1399 3458 0 1777797277 408018
19 1383 14105 0 1777797277 408031
17 1426 11405 0 1777797277 408071
16 1548 26692 0 1777797277 413742
14 1311 48074 0 1777797277 414211
15 1483 8909 0 1777797277 414218
15 1484 4609 0 1777797277 418838
16 1549 6866 0 1777797277 420610
14 1312 6977 0 1777797277 421197
15 1485 3033 0 1777797277 421875
17 1427 14722 0 1777797277 422795
16 1550 2672 0 1777797277 423294
14 1313 2420 0 1777797277 423620
17 1428 2023 0 1777797277 424870
15 1486 7555 0 1777797277 429431
16 1551 6143 0 1777797277 429439
17 1429 4572 0 1777797277 429445
19 1384 22578 0 1777797277 430621
14 1314 7596 0 1777797277 431219
16 1552 9343 0 1777797277 438797
17 1430 9345 0 1777797277 438806
19 1385 8705 0 1777797277 439328
14 1315 20973 0 1777797277 452194
16 1553 13396 0 1777797277 452203
19 1386 13262 0 1777797277 452592
14 1316 4963 0 1777797277 457168
17 1431 18357 0 1777797277 457174
14 1317 2248 0 1777797277 459423
17 1432 2446 0 1777797277 459630
19 1387 8337 0 1777797277 460931
17 1433 2868 0 1777797277 462500
19 1388 4152 0 1777797277 465085
15 1487 35825 0 1777797277 465271
19 1389 984 0 1777797277 466074
19 1390 824 0 1777797277 466900
14 1318 8587 0 1777797277 468014
17 1434 5524 0 1777797277 468027
15 1488 10764 0 1777797277 476036
16 1554 23837 0 1777797277 476053
18 1400 68046 0 1777797277 476078
19 1391 9183 0 1777797277 476085
17 1435 12254 0 1777797277 480296
18 1401 8794 0 1777797277 484907
19 1392 10600 0 1777797277 486721
16 1555 12987 0 1777797277 489091
15 1489 13366 0 1777797277 489453
15 1490 1490 0 1777797277 490944
19 1393 5112 0 1777797277 491836
15 1491 1318 0 1777797277 492269
19 1394 4206 0 1777797277 496044
14 1319 28868 0 1777797277 496897
15 1492 4929 0 1777797277 497201
16 1556 9130 0 1777797277 498223
15 1493 1430 0 1777797277 498634
15 1494 3983 0 1777797277 502618
18 1402 17714 0 1777797277 502624
19 1395 6583 0 1777797277 502629
17 1436 24276 0 1777797277 504581
19 1396 2173 0 1777797277 504819
16 1557 7961 0 1777797277 506187
15 1495 5361 0 1777797277 507990
18 1403 5590 0 1777797277 508228
19 1397 3416 0 1777797277 508237
15 1496 3999 0 1777797277 511992
16 1558 5827 0 1777797277 512018
17 1437 7664 0 1777797277 512247
18 1404 4319 0 1777797277 512556
19 1398 4676 0 1777797277 512922
14 1320 17156 0 1777797277 514058
16 1559 3565 0 1777797277 515841
19 1399 4407 0 1777797277 517332
15 1497 6266 0 1777797277 518516
17 1438 6459 0 1777797277 518744
18 1405 6295 0 1777797277 518853
18 1406 4159 0 1777797277 523013
18 1407 970 0 1777797277 523986
19 1400 6718 0 1777797277 524052
18 1408 1346 0 1777797277 525336
17 1439 11090 0 1777797277 529837
14 1321 15875 0 1777797277 529937
19 1401 6065 0 1777797277 530118
15 1498 14853 0 1777797277 533372
18 1409 8044 0 1777797277 533381
14 1322 8677 0 1777797277 538615
18 1410 5519 0 1777797277 538915
15 1499 5720 0 1777797277 539102
19 1402 10282 0 1777797277 540403
19 1403 2699 0 1777797277 543105
18 1411 5083 0 1777797277 544002
18 1412 1307 0 1777797277 545312
18 1413 2779 0 1777797277 548093
15 1500 10587 0 1777797277 549691
15 1501 2226 0 1777797277 551919
17 1440 24223 0 1777797277 554062
15 1502 2872 0 1777797277 554795
14 1323 19768 0 1777797277 558389
15 1503 3608 0 1777797277 558406
17 1441 4932 0 1777797277 558999
19 1404 17224 0 1777797277 560332
16 1560 46771 0 1777797277 562614
16 1561 1020 0 1777797277 563636
15 1504 6610 0 1777797277 565028
17 1442 12886 0 1777797277 571887
16 1562 8426 0 1777797277 572065
19 1405 11738 0 1777797277 572072
18 1414 25808 0 1777797277 573903
16 1563 2982 0 1777797277 575055
17 1443 3745 0 1777797277 575634
16 1564 1755 0 1777797277 576817
17 1444 1189 0 1777797277 576828
16 1565 3239 0 1777797277 580069
18 1415 10282 0 1777797277 584189
15 1505 20147 0 1777797277 585178
18 1416 1537 0 1777797277 585730
18 1417 967 0 1777797277 586701
15 1506 5605 0 1777797277 590788
18 1418 4795 0 1777797277 591500
14 1324 33224 0 1777797277 591631
19 1406 21874 0 1777797277 593955
17 1445 20519 0 1777797277 597361
19 1407 3900 0 1777797277 597857
18 1419 8751 0 1777797277 600253
15 1507 9871 0 1777797277 600676
14 1325 12482 0 1777797277 604114
18 1420 6172 0 1777797277 606427
17 1446 9810 0 1777797277 607174
15 1508 9082 0 1777797277 609761
18 1421 3335 0 1777797277 609769
19 1408 11915 0 1777797277 609774
17 1447 7387 0 1777797277 614563
14 1326 10679 0 1777797277 614800
16 1566 34733 0 1777797277 614811
17 1448 3812 0 1777797277 618386
18 1422 8611 0 1777797277 618401
19 1409 9137 0 1777797277 618932
16 1567 10332 0 1777797277 625156
14 1327 11143 0 1777797277 625955
18 1423 7604 0 1777797277 626050
15 1509 17057 0 1777797277 626831
18 1424 1522 0 1777797277 627573
18 1425 2048 0 1777797277 629622
14 1328 4239 0 1777797277 630198
18 1426 1077 0 1777797277 630702
18 1427 1425 0 1777797277 632129
15 1510 6191 0 1777797277 633025
16 1568 9798 0 1777797277 634956
18 1428 2949 0 1777797277 635082
15 1511 4043 0 1777797277 637072
19 1410 20197 0 1777797277 639130
18 1429 7093 0 1777797277 642176
16 1569 7449 0 1777797277 642407
18 1430 1246 0 1777797277 643424
15 1512 6926 0 1777797277 644001
18 1431 2325 0 1777797277 645751
15 1513 2864 0 1777797277 646868
15 1514 2083 0 1777797277 648953
19 1411 9828 0 1777797277 648966
14 1329 18953 0 1777797277 649157
17 1449 32728 0 1777797277 651115
16 1570 12200 0 1777797277 654609
18 1432 8868 0 1777797277 654623
15 1515 5734 0 1777797277 654701
19 1412 6219 0 1777797277 655200
17 1450 7350 0 1777797277 658467
17 1451 1251 0 1777797277 659724
18 1433 6982 0 1777797277 661624
19 1413 7892 0 1777797277 663093
16 1571 8792 0 1777797277 663416
16 1572 3168 0 1777797277 666586
16 1573 1958 0 1777797277 668546
17 1452 9398 0 1777797277 669124
18 1434 8006 0 1777797277 669632
14 1330 23649 0 1777797277 672807
16 1574 4272 0 1777797277 672820
18 1435 5672 0 1777797277 675306
14 1331 2674 0 1777797277 675495
15 1516 21112 0 1777797277 675815
16 1575 3581 0 1777797277 676418
18 1436 3463 0 1777797277 678771
14 1332 3348 0 1777797277 678845
14 1333 1687 0 1777797277 680533
15 1517 5125 0 1777797277 680942
19 1414 17940 0 1777797277 681041
16 1576 6559 0 1777797277 682979
17 1453 14117 0 1777797277 683244
19 1415 2240 0 1777797277 683284
14 1334 4115 0 1777797277 684652
16 1577 2819 0 1777797277 685807
17 1454 3521 0 1777797277 686766
16 1578 4977 0 1777797277 690789
17 1455 4795 0 1777797277 691564
19 1416 8407 0 1777797277 691692
14 1335 9044 0 1777797277 693698
16 1579 3126 0 1777797277 693917
17 1456 3569 0 1777797277 695138
14 1336 2587 0 1777797277 696288
16 1580 3816 0 1777797277 697735
15 1518 16986 0 1777797277 697931
14 1337 2321 0 1777797277 698614
18 1437 19852 0 1777797277 698626
15 1519 2701 0 1777797277 700633
17 1457 6932 0 1777797277 702072
14 1338 6861 0 1777797277 705488
16 1581 7769 0 1777797277 705507
14 1339 4709 0 1777797277 710217
15 1520 9595 0 1777797277 710230
18 1438 11652 0 1777797277 710290
17 1458 8331 0 1777797277 710404
16 1582 7671 0 1777797277 713187
14 1340 3755 0 1777797277 713986
17 1459 3661 0 1777797277 714066
15 1521 4985 0 1777797277 715228
18 1439 5145 0 1777797277 715437
15 1522 1447 0 1777797277 716680
14 1341 2824 0 1777797277 716817
18 1440 1736 0 1777797277 717174
14 1342 5380 0 1777797277 722198
17 1460 8160 0 1777797277 722227
14 1343 2204 0 1777797277 724405
16 1583 12472 0 1777797277 725661
14 1344 3283 0 1777797277 727693
15 1523 12983 0 1777797277 729666
16 1584 4713 0 1777797277 730381
14 1345 4094 0 1777797277 731791
19 1417 41141 0 1777797277 732837
15 1524 3194 0 1777797277 732863
18 1441 16024 0 1777797277 733212
14 1346 5308 0 1777797277 737108
16 1585 6732 0 1777797277 737118
18 1442 3912 0 1777797277 737125
16 1586 2211 0 1777797277 739348
17 1461 17126 0 1777797277 739354
14 1347 3365 0 1777797277 740491
15 1525 10244 0 1777797277 743109
18 1443 5972 0 1777797277 743119
17 1462 4569 0 1777797277 743939
14 1348 3607 0 1777797277 744101
18 1444 2658 0 1777797277 745790
19 1418 15723 0 1777797277 748562
15 1526 6917 0 1777797277 750037
17 1463 6205 0 1777797277 750146
19 1419 1646 0 1777797277 750210
18 1445 5783 0 1777797277 751575
14 1349 8409 0 1777797277 752512
16 1587 14907 0 1777797277 754262
18 1446 3279 0 1777797277 754856
19 1420 4655 0 1777797277 754867
14 1350 4805 0 1777797277 757361
15 1527 8145 0 1777797277 758192
16 1588 4089 0 1777797277 758354
19 1421 4484 0 1777797277 759380
18 1447 5056 0 1777797277 759924
17 1464 11582 0 1777797277 761732
16 1589 3634 0 1777797277 761989
19 1422 5228 0 1777797277 764615
14 1351 7277 0 1777797277 764639
15 1528 7321 0 1777797277 765519
16 1590 3608 0 1777797277 765599
17 1465 5798 0 1777797277 767531
17 1466 5307 0 1777797277 772840
15 1529 7717 0 1777797277 773296
19 1423 9551 0 1777797277 774168
14 1352 10468 0 1777797277 775108
16 1591 12702 0 1777797277 778302
18 1448 18528 0 1777797277 778453
15 1530 5275 0 1777797277 778574
14 1353 4271 0 1777797277 779381
17 1467 6735 0 1777797277 779577
14 1354 2110 0 1777797277 781492
19 1424 7396 0 1777797277 781568
17 1468 2355 0 1777797277 781934
14 1355 2771 0 1777797277 784266
15 1531 8422 0 1777797277 786997
16 1592 8697 0 1777797277 787007
14 1356 4571 0 1777797277 788839
19 1425 7279 0 1777797277 788849
17 1469 6945 0 1777797277 788880
14 1357 3535 0 1777797277 792385
16 1593 5422 0 1777797277 792441
15 1532 5567 0 1777797277 792575
16 1594 4158 0 1777797277 796600
19 1426 7764 0 1777797277 796624
15 1533 4240 0 1777797277 796817
18 1449 18518 0 1777797277 796972
17 1470 15146 0 1777797277 804029
14 1358 12638 0 1777797277 805025
16 1595 8456 0 1777797277 805058
18 1450 8387 0 1777797277 805360
15 1534 9578 0 1777797277 806397
18 1451 6554 0 1777797277 811917
19 1427 15336 0 1777797277 811961
17 1471 8386 0 1777797277 812427
14 1359 7436 0 1777797277 812495
15 1535 6375 0 1777797277 812775
14 1360 8701 0 1777797277 821197
16 1596 16133 0 1777797277 821205
17 1472 8897 0 1777797277 821325
19 1428 9401 0 1777797277 821364
15 1536 10083 0 1777797277 822859
18 1452 10941 0 1777797277 822867
15 1537 5383 0 1777797277 828251
18 1453 5385 0 1777797277 828259
19 1429 6866 0 1777797277 828265
16 1597 8418 0 1777797277 829800
14 1361 10835 0 1777797277 832203
17 1473 10833 0 1777797277 832223
18 1454 4526 0 1777797277 832806
15 1538 6854 0 1777797277 835120
16 1598 8307 0 1777797277 838109
17 1474 7747 0 1777797277 839992
19 1430 11752 0 1777797277 840043
14 1362 8397 0 1777797277 840621
18 1455 10694 0 1777797277 843503
15 1539 13070 0 1777797277 848191
16 1599 10098 0 1777797277 848209
17 1475 8171 0 1777797277 848216
14 1363 14887 0 1777797277 855511
15 1540 7302 0 1777797277 855520
16 1600 7274 0 1777797277 855526
17 1476 7304 0 1777797277 855564
18 1456 12062 0 1777797277 855574
19 1431 15516 0 1777797277 855581
14 1364 5745 0 1777797277 861327
18 1457 5724 0 1777797277 861337
19 1432 8409 0 1777797277 864071
15 1541 9618 0 1777797277 865210
14 1365 11235 0 1777797277 872573
16 1601 16981 0 1777797277 872580
17 1477 16978 0 1777797277 872585
18 1458 11240 0 1777797277 872589
15 1542 8993 0 1777797277 874205
19 1433 10150 0 1777797277 874223
16 1602 4337 0 1777797277 876935
18 1459 8019 0 1777797277 880631
19 1434 6387 0 1777797277 880639
14 1366 9556 0 1777797277 882146
16 1603 5224 0 1777797277 882166
15 1543 8774 0 1777797277 882999
14 1367 5372 0 1777797277 887542
16 1604 5382 0 1777797277 887562
18 1460 6933 0 1777797277 887573
19 1435 7615 0 1777797277 888274
14 1368 3116 0 1777797277 890690
15 1544 7703 0 1777797277 890707
18 1461 8166 0 1777797277 895795
14 1369 7448 0 1777797277 898156
15 1545 7494 0 1777797277 898213
16 1605 10610 0 1777797277 898224
18 1462 6104 0 1777797277 901908
19 1436 13640 0 1777797277 901915
17 1478 33332 0 1777797277 905936
14 1370 9985 0 1777797277 908211
15 1546 9117 0 1777797277 908228
16 1606 9075 0 1777797277 908235
18 1463 9314 0 1777797277 911230
19 1437 9316 0 1777797277 911240
17 1479 8492 0 1777797277 914431
14 1371 6799 0 1777797277 915035
15 1547 7877 0 1777797277 916128
16 1607 7885 0 1777797277 916144
18 1464 4910 0 1777797277 916151
14 1372 8953 0 1777797277 923991
17 1480 9866 0 1777797277 924300
19 1438 13071 0 1777797277 924327
15 1548 11293 0 1777797277 927445
16 1608 11293 0 1777797277 927460
14 1373 7493 0 1777797277 931821
17 1481 7489 0 1777797277 931837
18 1465 15682 0 1777797277 931856
15 1549 9191 0 1777797277 936681
16 1609 9158 0 1777797277 936689
19 1439 12338 0 1777797277 936696
14 1374 7045 0 1777797277 938902
17 1482 7045 0 1777797277 938911
18 1466 7730 0 1777797277 939602
16 1610 3251 0 1777797277 939957
15 1550 9757 0 1777797277 946454
19 1440 9751 0 1777797277 946464
14 1375 8044 0 1777797277 946956
18 1467 7820 0 1777797277 947424
14 1376 8671 0 1777797277 955628
17 1483 16773 0 1777797277 955700
15 1551 9874 0 1777797277 956339
16 1611 16394 0 1777797277 956353
19 1441 9900 0 1777797277 956380
18 1468 10147 0 1777797277 957572
16 1612 4575 0 1777797277 960975
14 1377 5687 0 1777797277 961396
19 1442 4992 0 1777797277 961407
15 1552 5811 0 1777797277 962192
17 1484 6415 0 1777797277 962199
18 1469 6396 0 1777797277 963972
16 1613 7980 0 1777797277 968962
14 1378 12405 0 1777797277 973813
15 1553 11628 0 1777797277 973828
17 1485 11629 0 1777797277 973838
19 1443 12424 0 1777797277 973848
16 1614 8108 0 1777797277 977094
18 1470 13211 0 1777797277 977186
14 1379 5701 0 1777797277 979550
15 1554 5683 0 1777797277 979564
17 1486 5672 0 1777797277 979571
16 1615 10322 0 1777797277 987510
19 1444 13621 0 1777797277 987530
18 1471 13262 0 1777797277 990628
14 1380 16400 0 1777797277 995973
15 1555 16400 0 1777797277 995989
16 1616 8466 0 1777797277 995997
17 1487 16414 0 1777797277 996012
19 1445 8477 0 1777797277 996021
18 1472 7766 0 1777797277 998397
14 1381 9482 0 1777797278 5505
15 1556 9473 0 1777797278 5512
16 1617 9470 0 1777797278 5518
17 1488 9461 0 1777797278 5524
19 1446 9757 0 1777797278 5829
18 1473 10751 0 1777797278 9151
14 1382 7347 0 1777797278 13180
15 1557 7163 0 1777797278 13214
16 1618 7166 0 1777797278 13229
17 1489 7165 0 1777797278 13237
19 1447 7154 0 1777797278 13243
15 1558 4349 0 1777797278 17616
18 1474 12323 0 1777797278 21478
19 1448 8190 0 1777797278 21487
17 1490 11283 0 1777797278 24572
16 1619 11458 0 1777797278 24733
14 1383 11511 0 1777797278 24755
15 1559 7298 0 1777797278 24916
18 1475 6690 0 1777797278 28179
19 1449 6688 0 1777797278 28188
15 1560 6391 0 1777797278 31308
19 1450 3849 0 1777797278 32055
17 1491 9304 0 1777797278 33883
16 1620 10981 0 1777797278 35718
14 1384 11668 0 1777797278 36425
18 1476 10684 0 1777797278 38874
14 1385 6396 0 1777797278 42826
16 1621 7101 0 1777797278 42836
18 1477 3964 0 1777797278 42843
19 1451 10820 0 1777797278 42878
17 1492 9996 0 1777797278 43882
15 1561 13520 0 1777797278 44837
14 1386 4254 0 1777797278 47134
15 1562 5671 0 1777797278 50510
18 1478 7578 0 1777797278 50518
17 1493 9669 0 1777797278 53555
16 1622 11850 0 1777797278 54746
19 1452 11814 0 1777797278 54767
14 1387 11846 0 1777797278 58986
14 1388 11636 0 1777797278 70623
15 1563 20109 0 1777797278 70628
16 1623 15863 0 1777797278 70632
17 1494 17078 0 1777797278 70636
18 1479 20112 0 1777797278 70640
19 1453 15632 0 1777797278 70644
14 1389 11513 0 1777797278 82157
15 1564 11519 0 1777797278 82168
16 1624 11522 0 1777797278 82175
17 1495 11561 0 1777797278 82220
18 1480 11564 0 1777797278 82228
19 1454 11568 0 1777797278 82237
14 1390 5357 0 1777797278 87595
17 1496 5329 0 1777797278 87604
18 1481 5329 0 1777797278 87610
15 1565 6436 0 1777797278 88682
16 1625 6436 0 1777797278 88704
19 1455 6893 0 1777797278 89182
18 1482 6409 0 1777797278 94050
16 1626 5509 0 1777797278 94233
15 1566 8405 0 1777797278 97111
17 1497 10348 0 1777797278 97969
18 1483 5293 0 1777797278 99353
16 1627 6294 0 1777797278 100528
15 1567 5702 0 1777797278 102817
16 1628 2305 0 1777797278 102835
17 1498 4871 0 1777797278 102842
18 1484 3493 0 1777797278 102848
16 1629 4976 0 1777797278 107863
14 1391 23049 0 1777797278 110660
15 1568 7824 0 1777797278 110674
18 1485 7743 0 1777797278 110682
16 1630 3196 0 1777797278 111062
17 1499 9370 0 1777797278 112280
19 1456 23876 0 1777797278 113060
18 1486 5018 0 1777797278 115719
18 1487 809 0 1777797278 116530
16 1631 5688 0 1777797278 116751
19 1457 3694 0 1777797278 116759
15 1569 7521 0 1777797278 118215
16 1632 3560 0 1777797278 120320
14 1392 11140 0 1777797278 121823
15 1570 4199 0 1777797278 122417
15 1571 1067 0 1777797278 123486
19 1458 8447 0 1777797278 125234
16 1633 5994 0 1777797278 126316
17 1500 15588 0 1777797278 127874
18 1488 11351 0 1777797278 127883
16 1634 3100 0 1777797278 129419
15 1572 6463 0 1777797278 129952
17 1501 8057 0 1777797278 135941
18 1489 8060 0 1777797278 135955
19 1459 10722 0 1777797278 135961
15 1573 6566 0 1777797278 136521
16 1635 7104 0 1777797278 136531
14 1393 16115 0 1777797278 137941
17 1502 4963 0 1777797278 140925
17 1503 1221 0 1777797278 142148
18 1490 7360 0 1777797278 143337
15 1574 12926 0 1777797278 149522
18 1491 6191 0 1777797278 149534
14 1394 11972 0 1777797278 149915
19 1460 14507 0 1777797278 150489
14 1395 997 0 1777797278 150914
14 1396 2123 0 1777797278 153039
16 1636 16972 0 1777797278 153618
19 1461 3341 0 1777797278 153833
17 1504 12752 0 1777797278 154903
14 1397 4367 0 1777797278 157408
17 1505 4167 0 1777797278 159071
18 1492 9667 0 1777797278 159213
16 1637 7433 0 1777797278 161054
17 1506 2508 0 1777797278 161582
16 1638 1535 0 1777797278 162591
16 1639 1725 0 1777797278 164321
16 1640 1006 0 1777797278 165330
15 1575 16117 0 1777797278 165652
16 1641 5702 0 1777797278 171034
15 1576 5923 0 1777797278 171578
17 1507 10003 0 1777797278 171586
15 1577 2481 0 1777797278 174069
16 1642 5349 0 1777797278 176386
17 1508 4808 0 1777797278 176404
16 1643 2402 0 1777797278 178807
15 1578 5239 0 1777797278 179310
15 1579 2416 0 1777797278 181730
17 1509 5305 0 1777797278 181738
16 1644 5185 0 1777797278 183994
15 1580 2993 0 1777797278 184733
17 1510 2990 0 1777797278 184742
17 1511 3231 0 1777797278 187987
17 1512 1746 0 1777797278 189735
14 1398 33379 0 1777797278 190789
14 1399 1025 0 1777797278 191821
17 1513 2335 0 1777797278 192073
16 1645 10518 0 1777797278 194518
14 1400 3618 0 1777797278 195441
16 1646 2563 0 1777797278 197083
17 1514 5016 0 1777797278 197090
14 1401 3723 0 1777797278 199166
17 1515 3155 0 1777797278 200257
18 1493 41056 0 1777797278 200270
14 1402 5132 0 1777797278 204301
16 1647 8470 0 1777797278 205561
18 1494 5516 0 1777797278 205805
16 1648 1721 0 1777797278 207291
17 1516 9452 0 1777797278 209723
14 1403 6671 0 1777797278 210975
15 1581 26241 0 1777797278 210985
18 1495 5195 0 1777797278 211002
16 1649 5745 0 1777797278 213041
17 1517 3677 0 1777797278 213402
15 1582 4543 0 1777797278 215571
17 1518 3601 0 1777797278 217004
16 1650 4810 0 1777797278 217854
19 1462 64049 0 1777797278 217884
15 1583 4029 0 1777797278 219605
14 1404 11182 0 1777797278 222186
17 1519 5187 0 1777797278 222194
16 1651 6135 0 1777797278 223994
17 1520 4211 0 1777797278 226418
18 1496 15333 0 1777797278 226438
15 1584 9154 0 1777797278 228762
16 1652 4773 0 1777797278 228769
17 1521 2576 0 1777797278 229015
15 1585 2718 0 1777797278 231491
19 1463 13619 0 1777797278 231504
16 1653 3475 0 1777797278 232281
14 1405 10364 0 1777797278 232559
18 1497 6791 0 1777797278 233243
14 1406 2747 0 1777797278 235308
17 1522 6313 0 1777797278 235329
15 1586 5732 0 1777797278 237237
17 1523 1910 0 1777797278 237258
16 1654 5668 0 1777797278 237954
14 1407 5565 0 1777797278 240895
19 1464 10122 0 1777797278 241643
15 1587 4751 0 1777797278 242010
15 1588 2170 0 1777797278 244183
17 1524 6887 0 1777797278 244195
18 1498 10957 0 1777797278 244204
16 1655 7345 0 1777797278 245305
14 1408 6717 0 1777797278 247615
19 1465 8574 0 1777797278 250220
18 1499 6348 0 1777797278 250577
16 1656 9814 0 1777797278 255121
16 1657 2766 0 1777797278 257889
16 1658 1993 0 1777797278 259885
19 1466 14343 0 1777797278 264565
14 1409 17428 0 1777797278 265047
15 1589 21093 0 1777797278 265298
18 1500 15635 0 1777797278 266233
15 1590 4716 0 1777797278 270018
19 1467 5463 0 1777797278 270030
14 1410 7401 0 1777797278 272451
15 1591 3213 0 1777797278 273245
16 1659 13977 0 1777797278 273864
16 1660 6353 0 1777797278 280219
14 1411 9349 0 1777797278 281803
15 1592 8584 0 1777797278 281833
15 1593 1767 0 1777797278 283687
19 1468 13651 0 1777797278 283697
16 1661 4443 0 1777797278 284665
14 1412 4687 0 1777797278 286522
19 1469 8199 0 1777797278 291912
15 1594 11115 0 1777797278 294813
16 1662 11462 0 1777797278 296130
14 1413 10384 0 1777797278 296907
19 1470 5401 0 1777797278 297321
14 1414 8100 0 1777797278 305009
15 1595 10203 0 1777797278 305018
16 1663 8893 0 1777797278 305025
19 1471 7708 0 1777797278 305032
14 1415 1945 0 1777797278 306979
15 1596 8000 0 1777797278 313065
18 1501 46847 0 1777797278 313084
14 1416 9650 0 1777797278 316632
16 1664 11582 0 1777797278 316655
19 1472 11582 0 1777797278 316663
18 1502 6857 0 1777797278 319951
15 1597 11794 0 1777797278 324879
16 1665 8171 0 1777797278 324901
19 1473 8163 0 1777797278 324908
14 1417 13363 0 1777797278 330082
17 1525 85870 0 1777797278 330090
18 1503 10134 0 1777797278 330096
19 1474 5688 0 1777797278 330654
15 1598 9235 0 1777797278 334144
16 1666 9256 0 1777797278 334210
19 1475 7154 0 1777797278 337808
14 1418 10404 0 1777797278 340502
17 1526 10449 0 1777797278 340553
18 1504 10452 0 1777797278 340562
15 1599 7216 0 1777797278 341427
16 1667 7207 0 1777797278 341434
19 1476 3630 0 1777797278 341440
17 1527 8093 0 1777797278 348680
19 1477 7204 0 1777797278 348696
14 1419 9060 0 1777797278 349625
15 1600 8199 0 1777797278 349640
16 1668 8188 0 1777797278 349646
18 1505 9059 0 1777797278 349653
16 1669 5498 0 1777797278 355185
17 1528 6545 0 1777797278 355249
19 1478 6538 0 1777797278 355257
15 1601 8641 0 1777797278 358322
14 1420 12287 0 1777797278 361942
17 1529 6732 0 1777797278 361998
18 1506 12313 0 1777797278 362006
15 1602 6319 0 1777797278 364650
16 1670 9519 0 1777797278 364777
17 1530 3688 0 1777797278 365710
19 1479 10454 0 1777797278 365727
14 1421 8993 0 1777797278 371000
18 1507 8977 0 1777797278 371007
16 1671 6749 0 1777797278 371560
18 1508 6572 0 1777797278 377587
14 1422 7053 0 1777797278 378060
17 1531 12339 0 1777797278 378067
15 1603 17080 0 1777797278 381861
19 1480 16128 0 1777797278 381874
18 1509 8558 0 1777797278 386148
14 1423 12099 0 1777797278 390168
15 1604 8311 0 1777797278 390186
16 1672 18630 0 1777797278 390192
17 1532 12122 0 1777797278 390200
19 1481 8317 0 1777797278 390206
14 1424 4018 0 1777797278 394225
15 1605 4010 0 1777797278 394245
16 1673 4007 0 1777797278 394252
17 1533 4004 0 1777797278 394257
18 1510 8110 0 1777797278 394263
19 1482 4010 0 1777797278 394270
15 1606 7663 0 1777797278 401952
17 1534 7652 0 1777797278 401960
14 1425 7828 0 1777797278 402099
16 1674 7807 0 1777797278 402105
18 1511 7998 0 1777797278 402313
19 1483 8267 0 1777797278 402589
16 1675 5490 0 1777797278 407602
14 1426 10703 0 1777797278 412808
16 1676 5218 0 1777797278 412823
18 1512 12272 0 1777797278 414586
18 1513 905 0 1777797278 415493
15 1607 19071 0 1777797278 421032
16 1677 8202 0 1777797278 421040
17 1535 19076 0 1777797278 421047
19 1484 18463 0 1777797278 421053
14 1427 9017 0 1777797278 421842
19 1485 3539 0 1777797278 424618
18 1514 9453 0 1777797278 424948
19 1486 1094 0 1777797278 425714
16 1678 7888 0 1777797278 428952
14 1428 7935 0 1777797278 429805
15 1608 10924 0 1777797278 431979
19 1487 7163 0 1777797278 432878
15 1609 8503 0 1777797278 440486
17 1536 19422 0 1777797278 440494
19 1488 7621 0 1777797278 440501
14 1429 11760 0 1777797278 441568
18 1515 16625 0 1777797278 441576
16 1679 13143 0 1777797278 442097
18 1516 3531 0 1777797278 445119
15 1610 5579 0 1777797278 446082
19 1489 5801 0 1777797278 446318
19 1490 891 0 1777797278 447211
18 1517 3696 0 1777797278 448817
16 1680 9073 0 1777797278 451171
19 1491 4568 0 1777797278 451782
17 1537 12900 0 1777797278 453411
18 1518 4782 0 1777797278 453602
15 1611 8139 0 1777797278 454223
19 1492 3670 0 1777797278 455454
18 1519 2750 0 1777797278 456353
17 1538 4971 0 1777797278 458385
19 1493 5510 0 1777797278 460966
15 1612 7176 0 1777797278 461404
16 1681 11019 0 1777797278 462197
18 1520 6373 0 1777797278 462728
14 1430 22019 0 1777797278 463596
17 1539 5384 0 1777797278 463773
15 1613 3914 0 1777797278 465323
18 1521 2683 0 1777797278 465413
16 1682 3397 0 1777797278 465596
19 1494 4952 0 1777797278 465922
14 1431 4045 0 1777797278 467644
17 1540 7423 0 1777797278 471197
15 1614 6812 0 1777797278 472138
14 1432 12440 0 1777797278 480087
18 1522 14679 0 1777797278 480093
19 1495 14173 0 1777797278 480097
17 1541 11117 0 1777797278 482316
15 1615 12900 0 1777797278 485040
19 1496 4939 0 1777797278 485047
14 1433 5141 0 1777797278 485238
18 1523 5276 0 1777797278 485379
18 1524 1231 0 1777797278 486611
14 1434 3144 0 1777797278 488385
18 1525 2282 0 1777797278 488895
19 1497 7804 0 1777797278 492868
18 1526 7304 0 1777797278 496201
17 1542 14590 0 1777797278 496909
17 1543 1026 0 1777797278 497996
17 1544 1008 0 1777797278 499008
19 1498 7472 0 1777797278 500343
17 1545 4003 0 1777797278 503012
16 1683 42710 0 1777797278 508308
19 1499 8515 0 1777797278 508861
15 1616 24933 0 1777797278 509981
14 1435 22376 0 1777797278 510768
19 1500 2208 0 1777797278 511070
18 1527 15327 0 1777797278 511531
15 1617 5506 0 1777797278 515489
16 1684 7181 0 1777797278 515501
15 1618 1522 0 1777797278 517024
19 1501 6903 0 1777797278 517974
14 1436 13648 0 1777797278 524419
19 1502 9014 0 1777797278 526990
18 1528 20206 0 1777797278 531741
18 1529 6869 0 1777797278 538613
16 1685 23755 0 1777797278 539276
16 1686 4979 0 1777797278 544257
19 1503 17917 0 1777797278 544923
14 1437 24393 0 1777797278 548815
14 1438 5942 0 1777797278 554762
17 1546 51763 0 1777797278 554777
18 1530 16169 0 1777797278 554784
16 1687 11322 0 1777797278 555581
19 1504 11021 0 1777797278 555947
19 1505 1803 0 1777797278 557751
16 1688 3383 0 1777797278 558966
19 1506 3747 0 1777797278 561507
14 1439 6992 0 1777797278 561777
19 1507 1910 0 1777797278 563428
16 1689 5995 0 1777797278 564963
15 1619 50825 0 1777797278 567851
14 1440 7187 0 1777797278 568965
18 1531 15594 0 1777797278 570396
15 1620 3419 0 1777797278 571272
15 1621 1125 0 1777797278 572399
15 1622 1444 0 1777797278 573845
19 1508 10619 0 1777797278 574049
14 1441 6697 0 1777797278 575669
19 1509 3150 0 1777797278 577200
18 1532 11390 0 1777797278 581788
19 1510 4677 0 1777797278 581878
18 1533 5469 0 1777797278 587260
14 1442 12278 0 1777797278 587949
15 1623 14715 0 1777797278 588565
14 1443 3854 0 1777797278 591805
19 1511 14793 0 1777797278 596674
14 1444 6629 0 1777797278 598437
18 1534 11439 0 1777797278 598709
15 1624 10281 0 1777797278 598851
17 1547 44073 0 1777797278 598867
18 1535 5791 0 1777797278 604502
16 1690 40207 0 1777797278 605172
15 1625 7241 0 1777797278 606093
19 1512 9536 0 1777797278 606212
16 1691 1587 0 1777797278 606761
16 1692 2059 0 1777797278 608825
15 1626 4435 0 1777797278 610530
19 1513 4923 0 1777797278 611137
18 1536 6795 0 1777797278 611301
14 1445 15005 0 1777797278 613445
19 1514 3831 0 1777797278 614970
15 1627 4834 0 1777797278 615367
16 1693 9016 0 1777797278 617843
19 1515 2893 0 1777797278 617866
18 1537 7746 0 1777797278 619050
17 1548 20653 0 1777797278 619521
19 1516 2762 0 1777797278 620630
18 1538 4009 0 1777797278 623065
14 1446 9640 0 1777797278 623087
19 1517 2504 0 1777797278 623140
19 1518 1235 0 1777797278 624376
14 1447 1326 0 1777797278 624415
19 1519 1650 0 1777797278 626027
14 1448 1915 0 1777797278 626331
18 1539 6318 0 1777797278 629385
16 1694 12431 0 1777797278 630276
15 1628 15494 0 1777797278 630863
19 1520 6764 0 1777797278 632793
18 1540 5339 0 1777797278 634735
19 1521 3119 0 1777797278 635915
18 1541 2855 0 1777797278 637594
19 1522 2067 0 1777797278 637985
17 1549 19132 0 1777797278 638658
18 1542 3226 0 1777797278 640823
16 1695 12507 0 1777797278 642786
14 1449 16646 0 1777797278 642978
15 1629 18123 0 1777797278 648993
16 1696 6215 0 1777797278 649005
14 1450 11187 0 1777797278 654169
15 1630 5172 0 1777797278 654178
17 1550 17707 0 1777797278 656368
17 1551 1728 0 1777797278 658099
15 1631 4569 0 1777797278 658760
18 1543 17939 0 1777797278 658771
18 1544 6938 0 1777797278 665725
15 1632 6971 0 1777797278 665744
16 1697 16875 0 1777797278 665900
18 1545 1240 0 1777797278 666967
18 1546 2079 0 1777797278 669048
14 1451 16036 0 1777797278 670215
18 1547 1405 0 1777797278 670458
18 1548 2164 0 1777797278 672623
15 1633 10500 0 1777797278 676245
14 1452 7213 0 1777797278 677430
18 1549 7595 0 1777797278 680221
19 1523 42245 0 1777797278 680233
19 1524 5903 0 1777797278 686151
19 1525 1310 0 1777797278 687464
16 1698 21689 0 1777797278 687591
14 1453 10895 0 1777797278 688327
19 1526 1233 0 1777797278 688700
14 1454 1055 0 1777797278 689384
17 1552 37322 0 1777797278 695427
15 1634 20031 0 1777797278 696279
16 1699 8832 0 1777797278 696424
17 1553 1645 0 1777797278 697079
18 1550 18785 0 1777797278 699019
18 1551 2438 0 1777797278 701460
17 1554 4437 0 1777797278 701518
14 1455 13435 0 1777797278 702823
19 1527 15845 0 1777797278 704547
18 1552 4375 0 1777797278 705839
18 1553 2848 0 1777797278 708692
16 1700 17103 0 1777797278 713528
14 1456 11551 0 1777797278 714446
16 1701 1823 0 1777797278 715358
14 1457 10033 0 1777797278 724483
17 1555 23028 0 1777797278 724547
14 1458 4245 0 1777797278 728731
17 1556 4192 0 1777797278 728740
18 1554 22584 0 1777797278 731277
15 1635 35215 0 1777797278 731496
17 1557 3235 0 1777797278 731988
19 1528 32366 0 1777797278 736919
14 1459 8492 0 1777797278 737233
17 1558 8378 0 1777797278 740367
19 1529 5565 0 1777797278 742489
14 1460 6382 0 1777797278 743618
19 1530 1967 0 1777797278 744461
15 1636 13123 0 1777797278 744621
17 1559 5059 0 1777797278 745428
14 1461 3738 0 1777797278 747359
18 1555 18220 0 1777797278 749499
16 1702 36361 0 1777797278 751721
16 1703 3186 0 1777797278 754912
14 1462 7746 0 1777797278 755109
19 1531 11630 0 1777797278 756093
17 1560 10973 0 1777797278 756406
14 1463 2795 0 1777797278 757907
19 1532 4641 0 1777797278 760735
19 1533 2797 0 1777797278 763535
18 1556 16872 0 1777797278 766372
14 1464 10181 0 1777797278 768090
17 1561 13938 0 1777797278 770347
18 1557 7049 0 1777797278 773428
19 1534 11104 0 1777797278 774641
14 1465 8066 0 1777797278 776158
15 1637 32961 0 1777797278 777583
16 1704 27109 0 1777797278 782025
16 1705 2678 0 1777797278 784710
18 1558 11286 0 1777797278 784720
14 1466 12536 0 1777797278 788697
15 1638 11119 0 1777797278 788704
17 1562 19942 0 1777797278 790290
19 1535 15742 0 1777797278 790385
16 1706 6193 0 1777797278 790914
17 1563 4751 0 1777797278 795043
15 1639 6357 0 1777797278 795077
14 1467 9036 0 1777797278 797741
17 1564 4906 0 1777797278 799952
19 1536 9575 0 1777797278 799962
18 1559 16873 0 1777797278 801614
15 1640 6700 0 1777797278 801779
19 1537 4146 0 1777797278 804123
14 1468 7573 0 1777797278 805316
17 1565 5664 0 1777797278 805628
15 1641 5964 0 1777797278 807745
18 1560 6130 0 1777797278 807752
19 1538 6186 0 1777797278 810312
14 1469 5544 0 1777797278 810862
17 1566 9325 0 1777797278 814955
18 1561 7204 0 1777797278 814971
15 1642 7248 0 1777797278 815001
14 1470 9018 0 1777797278 819882
17 1567 5950 0 1777797278 820922
15 1643 5953 0 1777797278 820955
17 1568 2277 0 1777797278 823201
16 1707 32337 0 1777797278 823253
19 1539 15839 0 1777797278 826153
15 1644 6353 0 1777797278 827310
14 1471 8475 0 1777797278 828360
18 1562 17584 0 1777797278 832568
16 1708 9353 0 1777797278 832608
15 1645 5379 0 1777797278 832690
17 1569 11314 0 1777797278 834518
19 1540 12396 0 1777797278 838553
14 1472 10453 0 1777797278 838818
17 1570 4631 0 1777797278 839151
16 1709 7173 0 1777797278 839783
18 1563 13076 0 1777797278 845647
17 1571 6527 0 1777797278 845680
15 1646 13935 0 1777797278 846626
14 1473 7847 0 1777797278 846667
19 1541 8820 0 1777797278 847381
16 1710 14438 0 1777797278 854223
19 1542 6983 0 1777797278 854366
14 1474 8014 0 1777797278 854682
15 1647 8065 0 1777797278 854693
18 1564 9054 0 1777797278 854703
17 1572 9051 0 1777797278 854741
17 1573 1413 0 1777797278 856156
17 1574 1260 0 1777797278 857420
18 1565 2828 0 1777797278 857554
16 1711 3575 0 1777797278 857801
19 1543 4906 0 1777797278 859273
17 1575 3795 0 1777797278 861225
18 1566 8498 0 1777797278 866054
14 1475 11409 0 1777797278 866113
16 1712 8356 0 1777797278 866160
17 1576 5280 0 1777797278 866506
14 1476 3437 0 1777797278 869552
19 1544 10285 0 1777797278 869561
15 1648 15515 0 1777797278 870232
17 1577 5886 0 1777797278 872395
18 1567 6348 0 1777797278 872403
18 1568 5408 0 1777797278 877824
15 1649 8790 0 1777797278 879024
19 1545 11896 0 1777797278 881470
16 1713 15730 0 1777797278 881891
17 1578 9705 0 1777797278 882109
17 1579 4912 0 1777797278 887022
15 1650 8876 0 1777797278 887903
15 1651 1922 0 1777797278 889828
17 1580 3124 0 1777797278 890148
18 1569 13060 0 1777797278 890886
16 1714 11149 0 1777797278 893042
19 1546 13589 0 1777797278 895061
16 1715 3229 0 1777797278 896274
17 1581 6422 0 1777797278 896571
14 1477 32184 0 1777797278 901746
18 1570 10870 0 1777797278 901758
19 1547 6809 0 1777797278 901872
17 1582 5480 0 1777797278 902053
15 1652 12780 0 1777797278 902614
18 1571 2496 0 1777797278 904302
17 1583 3754 0 1777797278 905808
18 1572 4078 0 1777797278 908393
17 1584 3030 0 1777797278 908840
15 1653 8273 0 1777797278 910891
17 1585 2327 0 1777797278 911168
19 1548 9752 0 1777797278 911671
18 1573 5654 0 1777797278 914049
14 1478 12492 0 1777797278 914251
15 1654 4396 0 1777797278 915289
16 1716 19123 0 1777797278 915399
18 1574 6812 0 1777797278 920863
14 1479 6647 0 1777797278 920899
16 1717 6893 0 1777797278 922294
17 1586 11408 0 1777797278 922577
17 1587 1212 0 1777797278 923791
17 1588 765 0 1777797278 924558
17 1589 1306 0 1777797278 925866
16 1718 3771 0 1777797278 926070
15 1655 12597 0 1777797278 927889
17 1590 4626 0 1777797278 930496
15 1656 4855 0 1777797278 932749
19 1549 23487 0 1777797278 935162
17 1591 10088 0 1777797278 940586
15 1657 11427 0 1777797278 944178
16 1719 18115 0 1777797278 944187
17 1592 3605 0 1777797278 944194
18 1575 26920 0 1777797278 947787
19 1550 18107 0 1777797278 953278
17 1593 10748 0 1777797278 954965
19 1551 2130 0 1777797278 955411
19 1552 3403 0 1777797278 958817
14 1480 38822 0 1777797278 959724
17 1594 6354 0 1777797278 961322
14 1481 5495 0 1777797278 965220
17 1595 4022 0 1777797278 965346
15 1658 27221 0 1777797278 971416
19 1553 12623 0 1777797278 971442
18 1576 23796 0 1777797278 971585
15 1659 1695 0 1777797278 973139
17 1596 11409 0 1777797278 976758
19 1554 5786 0 1777797278 977245
15 1660 4555 0 1777797278 977698
19 1555 3598 0 1777797278 980851
15 1661 4329 0 1777797278 982033
17 1597 6543 0 1777797278 983303
19 1556 2791 0 1777797278 983644
16 1720 39529 0 1777797278 983737
15 1662 3661 0 1777797278 985696
17 1598 6582 0 1777797278 989887
16 1721 10758 0 1777797278 994498
18 1577 22920 0 1777797278 994506
19 1557 10865 0 1777797278 994511
16 1722 2238 0 1777797278 996750
17 1599 8812 0 1777797278 998702
19 1558 10484 0 1777797279 5012
17 1600 8481 0 1777797279 7186
17 1601 1864 0 1777797279 9052
19 1559 11621 0 1777797279 16635
14 1482 51467 0 1777797279 16693
19 1560 3810 0 1777797279 20446
15 1663 35485 0 1777797279 21183
15 1664 2314 0 1777797279 23503
17 1602 15949 0 1777797279 25007
18 1578 30518 0 1777797279 25040
19 1561 4805 0 1777797279 25253
16 1723 29498 0 1777797279 26251
14 1483 15862 0 1777797279 32556
19 1562 7420 0 1777797279 32675
17 1603 7662 0 1777797279 32703
15 1665 9280 0 1777797279 32789
18 1579 8033 0 1777797279 33083
16 1724 6851 0 1777797279 33106
14 1484 6461 0 1777797279 39020
17 1604 12607 0 1777797279 45313
18 1580 12273 0 1777797279 45358
19 1563 14551 0 1777797279 47227
15 1666 15359 0 1777797279 48149
14 1485 9324 0 1777797279 48347
16 1725 15405 0 1777797279 48512
17 1605 3708 0 1777797279 49023
15 1667 6784 0 1777797279 54935
19 1564 7929 0 1777797279 55158
18 1581 9819 0 1777797279 55179
16 1726 13950 0 1777797279 62464
19 1565 8531 0 1777797279 63693
17 1606 15320 0 1777797279 64346
15 1668 9461 0 1777797279 64397
14 1486 16213 0 1777797279 64561
18 1582 9430 0 1777797279 64610
16 1727 8633 0 1777797279 71099
18 1583 6515 0 1777797279 71126
15 1669 7209 0 1777797279 71607
19 1566 7926 0 1777797279 71621
17 1607 7296 0 1777797279 71644
14 1487 11316 0 1777797279 75878
19 1567 7841 0 1777797279 79472
18 1584 8522 0 1777797279 79659
15 1670 9438 0 1777797279 81060
14 1488 5661 0 1777797279 81542
16 1728 14176 0 1777797279 85303
17 1608 14600 0 1777797279 86246
18 1585 8726 0 1777797279 88386
19 1568 8925 0 1777797279 88399
15 1671 9890 0 1777797279 90960
19 1569 6848 0 1777797279 95258
18 1586 7907 0 1777797279 96307
16 1729 11805 0 1777797279 97112
15 1672 9501 0 1777797279 100463
17 1609 14241 0 1777797279 100489
18 1587 4191 0 1777797279 100499
14 1489 19576 0 1777797279 101122
19 1570 8811 0 1777797279 104070
18 1588 5265 0 1777797279 105783
15 1673 9079 0 1777797279 109579
16 1730 12470 0 1777797279 109585
14 1490 10738 0 1777797279 111862
17 1610 11470 0 1777797279 111981
16 1731 4294 0 1777797279 113891
19 1571 9831 0 1777797279 113904
17 1611 2470 0 1777797279 114453
18 1589 11846 0 1777797279 117631
19 1572 3723 0 1777797279 117652
15 1674 9499 0 1777797279 119085
16 1732 5194 0 1777797279 119099
17 1612 5652 0 1777797279 120110
14 1491 9853 0 1777797279 121718
19 1573 6803 0 1777797279 124552
18 1590 6950 0 1777797279 124674
17 1613 8227 0 1777797279 128344
16 1733 9277 0 1777797279 128401
15 1675 10551 0 1777797279 129652
14 1492 8095 0 1777797279 129819
19 1574 6024 0 1777797279 130578
18 1591 11300 0 1777797279 135976
17 1614 7663 0 1777797279 136016
16 1734 8067 0 1777797279 136469
14 1493 6750 0 1777797279 136571
19 1575 5998 0 1777797279 136578
15 1676 11204 0 1777797279 140860
17 1615 10686 0 1777797279 146704
16 1735 13247 0 1777797279 149718
14 1494 13187 0 1777797279 149765
18 1592 13793 0 1777797279 149778
19 1576 13201 0 1777797279 149786
15 1677 8973 0 1777797279 149835
17 1616 6909 0 1777797279 153615
16 1736 8584 0 1777797279 158313
17 1617 10935 0 1777797279 164552
18 1593 14769 0 1777797279 164566
14 1495 15314 0 1777797279 165100
16 1737 6852 0 1777797279 165169
15 1678 15378 0 1777797279 165216
14 1496 6221 0 1777797279 171323
14 1497 2743 0 1777797279 174070
17 1618 12734 0 1777797279 177301
16 1738 13688 0 1777797279 178858
14 1498 7353 0 1777797279 181426
19 1577 32552 0 1777797279 182372
15 1679 20014 0 1777797279 185233
17 1619 7939 0 1777797279 185242
18 1594 20668 0 1777797279 185246
18 1595 7663 0 1777797279 192924
16 1739 20612 0 1777797279 199476
18 1596 7505 0 1777797279 200432
16 1740 1064 0 1777797279 200544
14 1499 20627 0 1777797279 202056
18 1597 2462 0 1777797279 202895
17 1620 18798 0 1777797279 204054
19 1578 30881 0 1777797279 213256
15 1680 28386 0 1777797279 213632
16 1741 13301 0 1777797279 213847
18 1598 11379 0 1777797279 214276
14 1500 13662 0 1777797279 215720
19 1579 4363 0 1777797279 217629
14 1501 2236 0 1777797279 217960
18 1599 5247 0 1777797279 219525
15 1681 6591 0 1777797279 220225
16 1742 6385 0 1777797279 220233
16 1743 1981 0 1777797279 222227
18 1600 4412 0 1777797279 223939
15 1682 4649 0 1777797279 224884
17 1621 20834 0 1777797279 224891
19 1580 7282 0 1777797279 224913
16 1744 5266 0 1777797279 227499
16 1745 2043 0 1777797279 229546
14 1502 12176 0 1777797279 230142
17 1622 7482 0 1777797279 232382
14 1503 5183 0 1777797279 235327
16 1746 5939 0 1777797279 235491
19 1581 11450 0 1777797279 236365
19 1582 2355 0 1777797279 238722
16 1747 5527 0 1777797279 241020
19 1583 3151 0 1777797279 241876
17 1623 11603 0 1777797279 243987
14 1504 9456 0 1777797279 244807
14 1505 1671 0 1777797279 246480
18 1601 22938 0 1777797279 246879
19 1584 7197 0 1777797279 249076
14 1506 3018 0 1777797279 249500
17 1624 5568 0 1777797279 249561
16 1748 9506 0 1777797279 250529
19 1585 1688 0 1777797279 250766
18 1602 7373 0 1777797279 254255
15 1683 29876 0 1777797279 254768
19 1586 5341 0 1777797279 256109
19 1587 2129 0 1777797279 258240
15 1684 3917 0 1777797279 258687
16 1749 11090 0 1777797279 261621
18 1603 9223 0 1777797279 263480
15 1685 5000 0 1777797279 263689
16 1750 2911 0 1777797279 264535
14 1507 16012 0 1777797279 265516
17 1625 16001 0 1777797279 265563
16 1751 7158 0 1777797279 271695
18 1604 9370 0 1777797279 272853
17 1626 13114 0 1777797279 278678
18 1605 5858 0 1777797279 278713
19 1588 20687 0 1777797279 278929
16 1752 7381 0 1777797279 279081
15 1686 16170 0 1777797279 279861
15 1687 2878 0 1777797279 282744
14 1508 18170 0 1777797279 283690
18 1606 5602 0 1777797279 284317
19 1589 7076 0 1777797279 286007
17 1627 7338 0 1777797279 286031
16 1753 8570 0 1777797279 287652
17 1628 4133 0 1777797279 290165
19 1590 4166 0 1777797279 290175
14 1509 7456 0 1777797279 291149
18 1607 9656 0 1777797279 293974
16 1754 8959 0 1777797279 296613
14 1510 6216 0 1777797279 297369
19 1591 8103 0 1777797279 298291
15 1688 15636 0 1777797279 298382
17 1629 9994 0 1777797279 300171
18 1608 8365 0 1777797279 302341
16 1755 10802 0 1777797279 307422
19 1592 9335 0 1777797279 307632
15 1689 9277 0 1777797279 307661
14 1511 10606 0 1777797279 307980
17 1630 11138 0 1777797279 311311
18 1609 10936 0 1777797279 313280
14 1512 7222 0 1777797279 315206
18 1610 2192 0 1777797279 315477
16 1756 8232 0 1777797279 315661
16 1757 6126 0 1777797279 321845
18 1611 6380 0 1777797279 321860
17 1631 10705 0 1777797279 322017
19 1593 14390 0 1777797279 322023
14 1513 6850 0 1777797279 322059
18 1612 6794 0 1777797279 328668
16 1758 7831 0 1777797279 329692
14 1514 8125 0 1777797279 330186
19 1594 8178 0 1777797279 330211
17 1632 8366 0 1777797279 330390
18 1613 6188 0 1777797279 334859
19 1595 4683 0 1777797279 334896
17 1633 5077 0 1777797279 335469
14 1515 7935 0 1777797279 338123
16 1759 15210 0 1777797279 344905
18 1614 10058 0 1777797279 344922
14 1516 10152 0 1777797279 348277
17 1634 13449 0 1777797279 348919
19 1596 14500 0 1777797279 349399
15 1690 48069 0 1777797279 355732
19 1597 7976 0 1777797279 357377
14 1517 14947 0 1777797279 363228
15 1691 7501 0 1777797279 363242
18 1615 19010 0 1777797279 363953
16 1760 19062 0 1777797279 363985
17 1635 15407 0 1777797279 364328
18 1616 7301 0 1777797279 371255
19 1598 13894 0 1777797279 371277
15 1692 8067 0 1777797279 371343
16 1761 14826 0 1777797279 378812
14 1518 16341 0 1777797279 379585
18 1617 8319 0 1777797279 379597
15 1693 8522 0 1777797279 379866
17 1636 17201 0 1777797279 381531
15 1694 5759 0 1777797279 385627
16 1762 7232 0 1777797279 386047
14 1519 6979 0 1777797279 386577
17 1637 8021 0 1777797279 389554
19 1599 18303 0 1777797279 389592
15 1695 4120 0 1777797279 389754
19 1600 6649 0 1777797279 396243
15 1696 7195 0 1777797279 396951
18 1618 20023 0 1777797279 399641
19 1601 6241 0 1777797279 402485
14 1520 17696 0 1777797279 404276
17 1638 16652 0 1777797279 406215
19 1602 8347 0 1777797279 410833
15 1697 14186 0 1777797279 411139
18 1619 11759 0 1777797279 411402
16 1763 29107 0 1777797279 415156
17 1639 8946 0 1777797279 415165
15 1698 4046 0 1777797279 415186
14 1521 10910 0 1777797279 415197
18 1620 9189 0 1777797279 420592
14 1522 10658 0 1777797279 425856
18 1621 6024 0 1777797279 426623
16 1764 11975 0 1777797279 427140
18 1622 9686 0 1777797279 436312
18 1623 7380 0 1777797279 443694
16 1765 17058 0 1777797279 444200
17 1640 31681 0 1777797279 446854
17 1641 3223 0 1777797279 450079
14 1523 26991 0 1777797279 452849
18 1624 10024 0 1777797279 453720
15 1699 39055 0 1777797279 454242
18 1625 2619 0 1777797279 456341
18 1626 1918 0 1777797279 458262
15 1700 7021 0 1777797279 461265
17 1642 11553 0 1777797279 461634
19 1603 51794 0 1777797279 462630
18 1627 5772 0 1777797279 464037
15 1701 6880 0 1777797279 468151
18 1628 4120 0 1777797279 468159
18 1629 1762 0 1777797279 469946
17 1643 9079 0 1777797279 470715
18 1630 1642 0 1777797279 471590
18 1631 3054 0 1777797279 474646
17 1644 4912 0 1777797279 475630
16 1766 32797 0 1777797279 477001
15 1702 8929 0 1777797279 477089
18 1632 4239 0 1777797279 478888
14 1524 27499 0 1777797279 480360
15 1703 5312 0 1777797279 482405
16 1767 5414 0 1777797279 482417
19 1604 20670 0 1777797279 483302
15 1704 1207 0 1777797279 483626
15 1705 2180 0 1777797279 485808
19 1605 3168 0 1777797279 486474
15 1706 2204 0 1777797279 488017
18 1633 10266 0 1777797279 489162
16 1768 7148 0 1777797279 489580
14 1525 10822 0 1777797279 491186
17 1645 18983 0 1777797279 494615
18 1634 6395 0 1777797279 495559
14 1526 4550 0 1777797279 495740
17 1646 3210 0 1777797279 497830
16 1769 8972 0 1777797279 498553
15 1707 13646 0 1777797279 501666
18 1635 6982 0 1777797279 502567
18 1636 1365 0 1777797279 503943
15 1708 2310 0 1777797279 503979
14 1527 8507 0 1777797279 504248
18 1637 2408 0 1777797279 506353
18 1638 1976 0 1777797279 508331
16 1770 9832 0 1777797279 508388
14 1528 7324 0 1777797279 511575
18 1639 3740 0 1777797279 512075
15 1709 9155 0 1777797279 513136
19 1606 28642 0 1777797279 515118
18 1640 4082 0 1777797279 516162
18 1641 5782 0 1777797279 521947
15 1710 12833 0 1777797279 525973
19 1607 10860 0 1777797279 525981
16 1771 17620 0 1777797279 526010
15 1711 5936 0 1777797279 531918
14 1529 21221 0 1777797279 532799
15 1712 6754 0 1777797279 538675
17 1647 40848 0 1777797279 538686
19 1608 12698 0 1777797279 538691
14 1530 7924 0 1777797279 540728
16 1772 14726 0 1777797279 540737
18 1642 18797 0 1777797279 540746
17 1648 7640 0 1777797279 546353
19 1609 7887 0 1777797279 546606
18 1643 5892 0 1777797279 546712
15 1713 8525 0 1777797279 547216
14 1531 6969 0 1777797279 547771
16 1773 14094 0 1777797279 554905
19 1610 9125 0 1777797279 555732
17 1649 10399 0 1777797279 556758
15 1714 11706 0 1777797279 558924
18 1644 12589 0 1777797279 559302
16 1774 9901 0 1777797279 564814
14 1532 17088 0 1777797279 564861
15 1715 14854 0 1777797279 573791
18 1645 14502 0 1777797279 573806
19 1611 20822 0 1777797279 576556
16 1775 11950 0 1777797279 576766
18 1646 7691 0 1777797279 581511
15 1716 7750 0 1777797279 581558
14 1533 17025 0 1777797279 581888
17 1650 25650 0 1777797279 582411
15 1717 2299 0 1777797279 583858
19 1612 10953 0 1777797279 587511
16 1776 11405 0 1777797279 588173
18 1647 7193 0 1777797279 588706
14 1534 8979 0 1777797279 590869
15 1718 7065 0 1777797279 590926
17 1651 9439 0 1777797279 591853
15 1719 3935 0 1777797279 594864
16 1777 6922 0 1777797279 595109
19 1613 10409 0 1777797279 597922
14 1535 7699 0 1777797279 598571
18 1648 15321 0 1777797279 604029
19 1614 7491 0 1777797279 605420
14 1536 6901 0 1777797279 605474
15 1720 10744 0 1777797279 605611
17 1652 13982 0 1777797279 605836
16 1778 13451 0 1777797279 608562
15 1721 3620 0 1777797279 609233
18 1649 6060 0 1777797279 610092
19 1615 4677 0 1777797279 610100
14 1537 10835 0 1777797279 616312
16 1779 7846 0 1777797279 616420
15 1722 9873 0 1777797279 619113
18 1650 9022 0 1777797279 619122
17 1653 13348 0 1777797279 619185
19 1616 10105 0 1777797279 620214
14 1538 19951 0 1777797279 636265
15 1723 17288 0 1777797279 636411
16 1780 21044 0 1777797279 637465
17 1654 18284 0 1777797279 637470
19 1617 17406 0 1777797279 637622
18 1651 22041 0 1777797279 641177
15 1724 5422 0 1777797279 641834
19 1618 5511 0 1777797279 643133
14 1539 10563 0 1777797279 646829
14 1540 6242 0 1777797279 653073
15 1725 11760 0 1777797279 653595
18 1652 12509 0 1777797279 653687
19 1619 15240 0 1777797279 658376
17 1655 21473 0 1777797279 658949
16 1781 23819 0 1777797279 661290
17 1656 6241 0 1777797279 665191
19 1620 6813 0 1777797279 665200
17 1657 4073 0 1777797279 669274
18 1653 16140 0 1777797279 669828
16 1782 8562 0 1777797279 669853
15 1726 16437 0 1777797279 670033
15 1727 1498 0 1777797279 671533
15 1728 2478 0 1777797279 674013
18 1654 4294 0 1777797279 674126
18 1655 4082 0 1777797279 678210
14 1541 25158 0 1777797279 678236
15 1729 4915 0 1777797279 678930
18 1656 3997 0 1777797279 682212
16 1783 12454 0 1777797279 682309
14 1542 5119 0 1777797279 683356
19 1621 19412 0 1777797279 684627
15 1730 7467 0 1777797279 686399
18 1657 4817 0 1777797279 687031
15 1731 3013 0 1777797279 689418
18 1658 3215 0 1777797279 690247
18 1659 859 0 1777797279 691108
15 1732 2467 0 1777797279 691887
17 1658 22852 0 1777797279 692129
18 1660 1313 0 1777797279 692429
18 1661 1084 0 1777797279 693518
15 1733 4821 0 1777797279 696716
17 1659 5596 0 1777797279 697727
18 1662 5727 0 1777797279 699264
16 1784 16985 0 1777797279 699295
19 1622 14879 0 1777797279 699513
15 1734 5787 0 1777797279 702509
18 1663 3296 0 1777797279 702562
14 1543 19285 0 1777797279 702643
17 1660 5891 0 1777797279 703620
18 1664 4153 0 1777797279 706717
19 1623 8604 0 1777797279 708119
18 1665 3142 0 1777797279 709862
14 1544 9194 0 1777797279 711838
16 1785 14778 0 1777797279 714075
14 1545 2498 0 1777797279 714338
16 1786 2771 0 1777797279 716851
14 1546 3281 0 1777797279 717621
19 1624 13786 0 1777797279 721910
16 1787 5081 0 1777797279 721937
18 1666 12239 0 1777797279 722103
19 1625 2037 0 1777797279 723949
14 1547 6499 0 1777797279 724129
18 1667 2307 0 1777797279 724412
16 1788 3113 0 1777797279 725051
15 1735 23316 0 1777797279 725827
16 1789 2312 0 1777797279 727366
18 1668 3289 0 1777797279 727703
14 1548 6307 0 1777797279 730439
16 1790 3143 0 1777797279 730514
15 1736 4734 0 1777797279 730564
14 1549 7954 0 1777797279 738400
16 1791 7950 0 1777797279 738466
19 1626 15444 0 1777797279 739395
15 1737 14580 0 1777797279 745145
18 1669 20167 0 1777797279 747872
16 1792 15952 0 1777797279 754433
15 1738 9714 0 1777797279 754871
17 1661 53118 0 1777797279 756740
18 1670 10939 0 1777797279 758813
17 1662 2214 0 1777797279 758959
18 1671 1268 0 1777797279 760083
18 1672 1653 0 1777797279 761738
18 1673 1401 0 1777797279 763142
17 1663 5815 0 1777797279 764776
19 1627 25631 0 1777797279 765030
14 1550 26717 0 1777797279 765185
14 1551 1420 0 1777797279 766607
16 1793 12955 0 1777797279 767404
19 1628 2840 0 1777797279 767872
14 1552 2089 0 1777797279 768698
16 1794 1472 0 1777797279 768878
17 1664 5166 0 1777797279 769944
19 1629 2334 0 1777797279 770209
16 1795 3658 0 1777797279 772538
19 1630 4099 0 1777797279 774309
14 1553 6858 0 1777797279 775559
14 1554 937 0 1777797279 776498
19 1631 4321 0 1777797279 778637
18 1674 17986 0 1777797279 781130
17 1665 12142 0 1777797279 782093
14 1555 11846 0 1777797279 788357
19 1632 9750 0 1777797279 788388
16 1796 16014 0 1777797279 788557
17 1666 6498 0 1777797279 788595
18 1675 7638 0 1777797279 788769
15 1739 34457 0 1777797279 789357
19 1633 5759 0 1777797279 794148
15 1740 4987 0 1777797279 794346
14 1556 7241 0 1777797279 795600
19 1634 1898 0 1777797279 796049
16 1797 9388 0 1777797279 797946
14 1557 3606 0 1777797279 799208
19 1635 4638 0 1777797279 800689
16 1798 3678 0 1777797279 801626
18 1676 15824 0 1777797279 804595
14 1558 5803 0 1777797279 805015
15 1741 10871 0 1777797279 805220
17 1667 17227 0 1777797279 805823
19 1636 5175 0 1777797279 805866
16 1799 5562 0 1777797279 807191
19 1637 2397 0 1777797279 808265
14 1559 3778 0 1777797279 808794
16 1800 4415 0 1777797279 811609
18 1677 7464 0 1777797279 812065
14 1560 3740 0 1777797279 812536
17 1668 7452 0 1777797279 813277
19 1638 5638 0 1777797279 813905
15 1742 9108 0 1777797279 814330
16 1801 2829 0 1777797279 814440
16 1802 4693 0 1777797279 819135
19 1639 5823 0 1777797279 819730
18 1678 8211 0 1777797279 820279
14 1561 12207 0 1777797279 824746
16 1803 6303 0 1777797279 825442
18 1679 5174 0 1777797279 825455
18 1680 5685 0 1777797279 831162
19 1640 13777 0 1777797279 833508
19 1641 4520 0 1777797279 838030
14 1562 13354 0 1777797279 838108
18 1681 6949 0 1777797279 838115
16 1804 14170 0 1777797279 839627
17 1669 28639 0 1777797279 841918
15 1743 28024 0 1777797279 842356
16 1805 4228 0 1777797279 843857
19 1642 6788 0 1777797279 844820
14 1563 6939 0 1777797279 845055
16 1806 5610 0 1777797279 849469
18 1682 11356 0 1777797279 849480
19 1643 4685 0 1777797279 849509
15 1744 13142 0 1777797279 855501
14 1564 12161 0 1777797279 857218
15 1745 5180 0 1777797279 860684
14 1565 6702 0 1777797279 863924
18 1683 16434 0 1777797279 865925
15 1746 5548 0 1777797279 866234
18 1684 6833 0 1777797279 872761
16 1807 23361 0 1777797279 872842
19 1644 23849 0 1777797279 873359
16 1808 1285 0 1777797279 874128
18 1685 1425 0 1777797279 874193
14 1566 10550 0 1777797279 874478
15 1747 8501 0 1777797279 874738
19 1645 1569 0 1777797279 874930
18 1686 1177 0 1777797279 875372
16 1809 1472 0 1777797279 875603
14 1567 2291 0 1777797279 876772
16 1810 1969 0 1777797279 877573
19 1646 3222 0 1777797279 878153
16 1811 2008 0 1777797279 879583
14 1568 3135 0 1777797279 879909
16 1812 4078 0 1777797279 883663
19 1647 5520 0 1777797279 883675
14 1569 4112 0 1777797279 884023
19 1648 6167 0 1777797279 889855
16 1813 6649 0 1777797279 890325
14 1570 7151 0 1777797279 891176
18 1687 18936 0 1777797279 894312
16 1814 5758 0 1777797279 896087
18 1688 2650 0 1777797279 896964
19 1649 9153 0 1777797279 899011
18 1689 2870 0 1777797279 899836
18 1690 2753 0 1777797279 902591
14 1571 14740 0 1777797279 905918
17 1670 64532 0 1777797279 906452
16 1815 10725 0 1777797279 906816
18 1691 4493 0 1777797279 907088
14 1572 5054 0 1777797279 910975
16 1816 7330 0 1777797279 914147
18 1692 7065 0 1777797279 914154
19 1650 15303 0 1777797279 914315
14 1573 5139 0 1777797279 916118
17 1671 9982 0 1777797279 916436
16 1817 6014 0 1777797279 920168
18 1693 6409 0 1777797279 920574
15 1748 52435 0 1777797279 927175
16 1818 7012 0 1777797279 927182
19 1651 12883 0 1777797279 927199
17 1672 10800 0 1777797279 927239
18 1694 6756 0 1777797279 927330
14 1574 12418 0 1777797279 928545
15 1749 2316 0 1777797279 929516
16 1819 8556 0 1777797279 935765
18 1695 8442 0 1777797279 935773
19 1652 8562 0 1777797279 935779
17 1673 8909 0 1777797279 936149
14 1575 7549 0 1777797279 936167
15 1750 8291 0 1777797279 937813
14 1576 11150 0 1777797279 947318
16 1820 11546 0 1777797279 947326
18 1696 11526 0 1777797279 947332
17 1674 11219 0 1777797279 947371
19 1653 11645 0 1777797279 947459
15 1751 10141 0 1777797279 947961
16 1821 7339 0 1777797279 954686
19 1654 14012 0 1777797279 961472
18 1697 15974 0 1777797279 963328
14 1577 16302 0 1777797279 963635
16 1822 9036 0 1777797279 963724
17 1675 16403 0 1777797279 963775
15 1752 16834 0 1777797279 964798
19 1655 10308 0 1777797279 971782
15 1753 7309 0 1777797279 972114
17 1676 8345 0 1777797279 972121
18 1698 8797 0 1777797279 972127
14 1578 8535 0 1777797279 972173
16 1823 8771 0 1777797279 972496
19 1656 7275 0 1777797279 979069
16 1824 6947 0 1777797279 979445
15 1754 8444 0 1777797279 980572
14 1579 8965 0 1777797279 981139
18 1699 10149 0 1777797279 982297
17 1677 15152 0 1777797279 987290
15 1755 6811 0 1777797279 987385
14 1580 7041 0 1777797279 988186
16 1825 8795 0 1777797279 988241
19 1657 9353 0 1777797279 988424
18 1700 12176 0 1777797279 994480
17 1678 7953 0 1777797279 995246
16 1826 7025 0 1777797279 995267
15 1756 7921 0 1777797279 995307
14 1581 7417 0 1777797279 995607
19 1658 8087 0 1777797279 996512
18 1701 6886 0 1777797280 1367
15 1757 6982 0 1777797280 2290
17 1679 7050 0 1777797280 2298
19 1659 5803 0 1777797280 2316
14 1582 7394 0 1777797280 3005
16 1827 8854 0 1777797280 4122
19 1660 6902 0 1777797280 9258
17 1680 7060 0 1777797280 9384
15 1758 10091 0 1777797280 12407
18 1702 11523 0 1777797280 12893
14 1583 9928 0 1777797280 12935
16 1828 9331 0 1777797280 13456
17 1681 11077 0 1777797280 20462
15 1759 8091 0 1777797280 20501
19 1661 11253 0 1777797280 20513
18 1703 7666 0 1777797280 20561
14 1584 7690 0 1777797280 20627
16 1829 7177 0 1777797280 20636
17 1682 3215 0 1777797280 23686
14 1585 3229 0 1777797280 23866
14 1586 4778 0 1777797280 28645
16 1830 8011 0 1777797280 28654
15 1760 8163 0 1777797280 28677
19 1662 8365 0 1777797280 28888
18 1704 8450 0 1777797280 29012
17 1683 7995 0 1777797280 31683
16 1831 3852 0 1777797280 32515
18 1705 4347 0 1777797280 33359
19 1663 4630 0 1777797280 33519
16 1832 2915 0 1777797280 35433
14 1587 7184 0 1777797280 35840
15 1761 19154 0 1777797280 47831
18 1706 14479 0 1777797280 47841
16 1833 12483 0 1777797280 47920
14 1588 12131 0 1777797280 47972
19 1664 14830 0 1777797280 48351
14 1589 7189 0 1777797280 55162
16 1834 8255 0 1777797280 56176
14 1590 1362 0 1777797280 56527
16 1835 6105 0 1777797280 62283
14 1591 6188 0 1777797280 62718
19 1665 14371 0 1777797280 62723
18 1707 15511 0 1777797280 63376
17 1684 33114 0 1777797280 64799
18 1708 3523 0 1777797280 66901
17 1685 4769 0 1777797280 69574
19 1666 7901 0 1777797280 70631
18 1709 5506 0 1777797280 72411
19 1667 2227 0 1777797280 72863
16 1836 12130 0 1777797280 74421
18 1710 2016 0 1777797280 74429
16 1837 3413 0 1777797280 77842
14 1592 15894 0 1777797280 78617
15 1762 32163 0 1777797280 80005
17 1686 10444 0 1777797280 80023
15 1763 5240 0 1777797280 85264
17 1687 6169 0 1777797280 86202
18 1711 12025 0 1777797280 86466
19 1668 13612 0 1777797280 86477
14 1593 8056 0 1777797280 86677
16 1838 10274 0 1777797280 88120
15 1764 6460 0 1777797280 91736
18 1712 5268 0 1777797280 91746
14 1594 5218 0 1777797280 91896
18 1713 2861 0 1777797280 94622
14 1595 2793 0 1777797280 94691
19 1669 10078 0 1777797280 96568
19 1670 4160 0 1777797280 100733
18 1714 7747 0 1777797280 102371
18 1715 3433 0 1777797280 105812
19 1671 5944 0 1777797280 106679
17 1688 20672 0 1777797280 106880
17 1689 3294 0 1777797280 110176
18 1716 6534 0 1777797280 112349
18 1717 2598 0 1777797280 114948
15 1765 30927 0 1777797280 122676
14 1596 28230 0 1777797280 122922
19 1672 18738 0 1777797280 125419
19 1673 1631 0 1777797280 127052
15 1766 4939 0 1777797280 127618
18 1718 12910 0 1777797280 127862
19 1674 3150 0 1777797280 130204
16 1839 44543 0 1777797280 132665
18 1719 27797 0 1777797280 155661
14 1597 33037 0 1777797280 155961
19 1675 25761 0 1777797280 155968
15 1767 31130 0 1777797280 158750
14 1598 6110 0 1777797280 162106
16 1840 29437 0 1777797280 162150
17 1690 52780 0 1777797280 162957
19 1676 6980 0 1777797280 162966
17 1691 4013 0 1777797280 166980
14 1599 4915 0 1777797280 167024
19 1677 4311 0 1777797280 167290
16 1841 7521 0 1777797280 169674
18 1720 16632 0 1777797280 172297
14 1600 5876 0 1777797280 172902
19 1678 11713 0 1777797280 179004
14 1601 6315 0 1777797280 179221
16 1842 9666 0 1777797280 179345
18 1721 7127 0 1777797280 179425
17 1692 13101 0 1777797280 180083
15 1768 23056 0 1777797280 181808
16 1843 9080 0 1777797280 188426
18 1722 9586 0 1777797280 189012
14 1602 11325 0 1777797280 190547
19 1679 11572 0 1777797280 190578
17 1693 12244 0 1777797280 192329
15 1769 12605 0 1777797280 194418
16 1844 6454 0 1777797280 194882
19 1680 8338 0 1777797280 198917
14 1603 9434 0 1777797280 199984
18 1723 13644 0 1777797280 202658
16 1845 8039 0 1777797280 202922
15 1770 8556 0 1777797280 202976
17 1694 13539 0 1777797280 205870
19 1681 7694 0 1777797280 206613
14 1604 7936 0 1777797280 207921
18 1724 9747 0 1777797280 212412
17 1695 6790 0 1777797280 212662
15 1771 10121 0 1777797280 213099
19 1682 6491 0 1777797280 213106
16 1846 12641 0 1777797280 215568
14 1605 7710 0 1777797280 215633
18 1725 4274 0 1777797280 216689
15 1772 7650 0 1777797280 220756
17 1696 8102 0 1777797280 220765
19 1683 8262 0 1777797280 221376
16 1847 6007 0 1777797280 221582
16 1848 3090 0 1777797280 224675
17 1697 3988 0 1777797280 224765
15 1773 6608 0 1777797280 227374
18 1726 14284 0 1777797280 230974
19 1684 9852 0 1777797280 231230
16 1849 7409 0 1777797280 232085
14 1606 16498 0 1777797280 232134
17 1698 7399 0 1777797280 232166
18 1727 4966 0 1777797280 235942
15 1774 8643 0 1777797280 236020
19 1685 6436 0 1777797280 237667
17 1699 5751 0 1777797280 237919
19 1686 2643 0 1777797280 240312
16 1850 12930 0 1777797280 245016
15 1775 9307 0 1777797280 245329
19 1687 5431 0 1777797280 245748
14 1607 13660 0 1777797280 245796
18 1728 10301 0 1777797280 246244
16 1851 1661 0 1777797280 246679
17 1700 10104 0 1777797280 248025
15 1776 7692 0 1777797280 253023
19 1688 7281 0 1777797280 253031
16 1852 7965 0 1777797280 254645
18 1729 8405 0 1777797280 254653
14 1608 9429 0 1777797280 255227
17 1701 7705 0 1777797280 255736
19 1689 5210 0 1777797280 258268
17 1702 7333 0 1777797280 263071
18 1730 8570 0 1777797280 263237
14 1609 8699 0 1777797280 263928
19 1690 6718 0 1777797280 264988
15 1777 15695 0 1777797280 268727
16 1853 14079 0 1777797280 268733
14 1610 5838 0 1777797280 269768
19 1691 8854 0 1777797280 273844
18 1731 10678 0 1777797280 273917
16 1854 6912 0 1777797280 275656
17 1703 12599 0 1777797280 275673
14 1611 5968 0 1777797280 275737
15 1778 7198 0 1777797280 275932
19 1692 4652 0 1777797280 278498
17 1704 5026 0 1777797280 280700
18 1732 6790 0 1777797280 280709
19 1693 2483 0 1777797280 280983
14 1612 6198 0 1777797280 281937
15 1779 7830 0 1777797280 283763
18 1733 3892 0 1777797280 284613
14 1613 3646 0 1777797280 285584
19 1694 4793 0 1777797280 285783
17 1705 6338 0 1777797280 287048
16 1855 12302 0 1777797280 287960
19 1695 9182 0 1777797280 294966
15 1780 11417 0 1777797280 295183
16 1856 7224 0 1777797280 295191
14 1614 10612 0 1777797280 296198
17 1706 9330 0 1777797280 296381
18 1734 11773 0 1777797280 296387
16 1857 6913 0 1777797280 302113
19 1696 7494 0 1777797280 302462
15 1781 8099 0 1777797280 303290
17 1707 8293 0 1777797280 304681
18 1735 9608 0 1777797280 306016
15 1782 2976 0 1777797280 306268
14 1615 11504 0 1777797280 307707
16 1858 6992 0 1777797280 309114
18 1736 3724 0 1777797280 309746
14 1616 3824 0 1777797280 311533
15 1783 5656 0 1777797280 311925
16 1859 5353 0 1777797280 314470
18 1737 4745 0 1777797280 314494
16 1860 4909 0 1777797280 319404
18 1738 5178 0 1777797280 319684
19 1697 21328 0 1777797280 323792
16 1861 4953 0 1777797280 324360
16 1862 4114 0 1777797280 328478
17 1708 23802 0 1777797280 328489
14 1617 20988 0 1777797280 332523
17 1709 4850 0 1777797280 333351
14 1618 7775 0 1777797280 340354
16 1863 11882 0 1777797280 340373
19 1698 16586 0 1777797280 340380
19 1699 5273 0 1777797280 345675
14 1619 5433 0 1777797280 345813
17 1710 16431 0 1777797280 349787
15 1784 45124 0 1777797280 357051
14 1620 11534 0 1777797280 357348
14 1621 3565 0 1777797280 360916
14 1622 10740 0 1777797280 371658
15 1785 14614 0 1777797280 371667
16 1864 31281 0 1777797280 371674
17 1711 21901 0 1777797280 371690
18 1739 52010 0 1777797280 371697
15 1786 3339 0 1777797280 375047
16 1865 5936 0 1777797280 377650
15 1787 4176 0 1777797280 379226
14 1623 8626 0 1777797280 380324
18 1740 8830 0 1777797280 380558
19 1700 35357 0 1777797280 381038
15 1788 2732 0 1777797280 381961
14 1624 8041 0 1777797280 388367
14 1625 3361 0 1777797280 391731
18 1741 11409 0 1777797280 391968
16 1866 14717 0 1777797280 392368
17 1712 20774 0 1777797280 392495
18 1742 3236 0 1777797280 395205
18 1743 4322 0 1777797280 399529
16 1867 8181 0 1777797280 400551
14 1626 11441 0 1777797280 403174
17 1713 14567 0 1777797280 407064
18 1744 7541 0 1777797280 407072
16 1868 7953 0 1777797280 408506
18 1745 2738 0 1777797280 409822
15 1789 28228 0 1777797280 410191
18 1746 4133 0 1777797280 413958
14 1627 10878 0 1777797280 414056
15 1790 3904 0 1777797280 414097
17 1714 9582 0 1777797280 416655
14 1628 8053 0 1777797280 422111
19 1701 41077 0 1777797280 422118
15 1791 8559 0 1777797280 422657
18 1747 9128 0 1777797280 423087
16 1869 15529 0 1777797280 424037
18 1748 959 0 1777797280 424048
19 1702 2710 0 1777797280 424839
19 1703 965 0 1777797280 425809
18 1749 3301 0 1777797280 427362
14 1629 7316 0 1777797280 429435
15 1792 7709 0 1777797280 430367
18 1750 5331 0 1777797280 432697
17 1715 17325 0 1777797280 433982
16 1870 12028 0 1777797280 436077
18 1751 7391 0 1777797280 440093
14 1630 15398 0 1777797280 444835
19 1704 19149 0 1777797280 444959
18 1752 5360 0 1777797280 445455
18 1753 1910 0 1777797280 447367
19 1705 2415 0 1777797280 447377
15 1793 17309 0 1777797280 447678
18 1754 3794 0 1777797280 451172
19 1706 5963 0 1777797280 453352
18 1755 3899 0 1777797280 455073
14 1631 12629 0 1777797280 457467
18 1756 2403 0 1777797280 457482
19 1707 4167 0 1777797280 457522
18 1757 6778 0 1777797280 464273
19 1708 10322 0 1777797280 467846
14 1632 10865 0 1777797280 468348
14 1633 1442 0 1777797280 469793
14 1634 2961 0 1777797280 472760
18 1758 10278 0 1777797280 474555
14 1635 9611 0 1777797280 482375
19 1709 16061 0 1777797280 483909
18 1759 10095 0 1777797280 484654
19 1710 5982 0 1777797280 489893
18 1760 9868 0 1777797280 494527
19 1711 6528 0 1777797280 496425
19 1712 144465 0 1777797280 640896
18 1761 146671 0 1777797280 641200
16 1871 211053 0 1777797280 647132
14 1636 164860 0 1777797280 647240
15 1794 202248 0 1777797280 649928
17 1716 215953 0 1777797280 649938
19 1713 12341 0 1777797280 653238
19 1714 11531 0 1777797280 664771
15 1795 19748 0 1777797280 669687
14 1637 41204 0 1777797280 688446
19 1715 25878 0 1777797280 690652
14 1638 5071 0 1777797280 693520
16 1872 53551 0 1777797280 700694
16 1873 7435 0 1777797280 708134
16 1874 1006 0 1777797280 709143
18 1762 68071 0 1777797280 709273
19 1716 20677 0 1777797280 711333
16 1875 2214 0 1777797280 711362
18 1763 9758 0 1777797280 719033
16 1876 7694 0 1777797280 719058
14 1639 31183 0 1777797280 724707
18 1764 8467 0 1777797280 727504
16 1877 9870 0 1777797280 728929
14 1640 4749 0 1777797280 729458
15 1796 64885 0 1777797280 734581
14 1641 9238 0 1777797280 738697
16 1878 10971 0 1777797280 739908
19 1717 32318 0 1777797280 743654
16 1879 18866 0 1777797280 758780
19 1718 15125 0 1777797280 758787
17 1717 108858 0 1777797280 758809
17 1718 6312 0 1777797280 765122
18 1765 37624 0 1777797280 765130
14 1642 37497 0 1777797280 776196
17 1719 17953 0 1777797280 783084
18 1766 17949 0 1777797280 783103
15 1797 49160 0 1777797280 783745
16 1880 24967 0 1777797280 783755
19 1719 31659 0 1777797280 790457
14 1643 14555 0 1777797280 790753
17 1720 14915 0 1777797280 798019
16 1881 14781 0 1777797280 798545
18 1767 15500 0 1777797280 798623
19 1720 8227 0 1777797280 798688
15 1798 14947 0 1777797280 798704
14 1644 8738 0 1777797280 799493
18 1768 6232 0 1777797280 804903
19 1721 6319 0 1777797280 805008
16 1882 7370 0 1777797280 805917
17 1721 7909 0 1777797280 805930
15 1799 9375 0 1777797280 808080
14 1645 9268 0 1777797280 808766
19 1722 8975 0 1777797280 813985
18 1769 9749 0 1777797280 814654
17 1722 9143 0 1777797280 815082
16 1883 11228 0 1777797280 817159
15 1800 9573 0 1777797280 817660
14 1646 18358 0 1777797280 827126
19 1723 13173 0 1777797280 827162
18 1770 13031 0 1777797280 827690
16 1884 10588 0 1777797280 827755
17 1723 12915 0 1777797280 827999
15 1801 12267 0 1777797280 829929
19 1724 2814 0 1777797280 829978
14 1647 7448 0 1777797280 834579
18 1771 8287 0 1777797280 835978
16 1885 11911 0 1777797280 839667
19 1725 9706 0 1777797280 839685
15 1802 10260 0 1777797280 840195
17 1724 16816 0 1777797280 844816
18 1772 9930 0 1777797280 845909
16 1886 6501 0 1777797280 846170
19 1726 8142 0 1777797280 847829
14 1648 13283 0 1777797280 847864
15 1803 10342 0 1777797280 850539
17 1725 7702 0 1777797280 852520
18 1773 9026 0 1777797280 854937
16 1887 9572 0 1777797280 855743
14 1649 9274 0 1777797280 857139
19 1727 9333 0 1777797280 857169
15 1804 12922 0 1777797280 863472
16 1888 8530 0 1777797280 864275
14 1650 8202 0 1777797280 865343
18 1774 10442 0 1777797280 865381
17 1726 13185 0 1777797280 865707
19 1728 8561 0 1777797280 865731
15 1805 6648 0 1777797280 870122
14 1651 6613 0 1777797280 871959
18 1775 6588 0 1777797280 871970
16 1889 7736 0 1777797280 872013
19 1729 8365 0 1777797280 874098
17 1727 8406 0 1777797280 874116
15 1806 6476 0 1777797280 876602
18 1776 4997 0 1777797280 876993
16 1890 7023 0 1777797280 879038
14 1652 7490 0 1777797280 879468
19 1730 5459 0 1777797280 879559
17 1728 7328 0 1777797280 881445
19 1731 2911 0 1777797280 882472
16 1891 4651 0 1777797280 883692
14 1653 8042 0 1777797280 887516
17 1729 8011 0 1777797280 889468
15 1807 12914 0 1777797280 889518
16 1892 5833 0 1777797280 889527
19 1732 7116 0 1777797280 889591
18 1777 13152 0 1777797280 890146
14 1654 4725 0 1777797280 892246
17 1730 4472 0 1777797280 893950
19 1733 4671 0 1777797280 894263
16 1893 6755 0 1777797280 896291
14 1655 6835 0 1777797280 899083
17 1731 6392 0 1777797280 900345
14 1656 5340 0 1777797280 904430
16 1894 8847 0 1777797280 905140
17 1732 5471 0 1777797280 905818
15 1808 16619 0 1777797280 906146
18 1778 17809 0 1777797280 907957
18 1779 606 0 1777797280 908565
18 1780 621 0 1777797280 909188
15 1809 4866 0 1777797280 911013
14 1657 9511 0 1777797280 913947
18 1781 4765 0 1777797280 913955
15 1810 3531 0 1777797280 914548
19 1734 21090 0 1777797280 915355
17 1733 10455 0 1777797280 916278
14 1658 3343 0 1777797280 917299
15 1811 4998 0 1777797280 919548
16 1895 14518 0 1777797280 919661
19 1735 4659 0 1777797280 920016
18 1782 7360 0 1777797280 921336
14 1659 9433 0 1777797280 926734
16 1896 8741 0 1777797280 928405
15 1812 9318 0 1777797280 928870
17 1734 16220 0 1777797280 932506
18 1783 11189 0 1777797280 932527
19 1736 16593 0 1777797280 936612
14 1660 10323 0 1777797280 937066
16 1897 8994 0 1777797280 937401
18 1784 8644 0 1777797280 941185
17 1735 9413 0 1777797280 941941
14 1661 4906 0 1777797280 941973
17 1736 5708 0 1777797280 947654
17 1737 5920 0 1777797280 953576
19 1737 17586 0 1777797280 954200
16 1898 18277 0 1777797280 955682
14 1662 15357 0 1777797280 957332
18 1785 16160 0 1777797280 957346
15 1813 29023 0 1777797280 957896
17 1738 7752 0 1777797280 961330
19 1738 7751 0 1777797280 961953
14 1663 14678 0 1777797280 972025
15 1814 14136 0 1777797280 972035
17 1739 10863 0 1777797280 972198
18 1786 15386 0 1777797280 972747
19 1739 10797 0 1777797280 972756
17 1740 2542 0 1777797280 974741
18 1787 2321 0 1777797280 975078
17 1741 2067 0 1777797280 976811
16 1899 21429 0 1777797280 977115
16 1900 900 0 1777797280 978016
16 1901 759 0 1777797280 978778
19 1740 6790 0 1777797280 979558
16 1902 4554 0 1777797280 983335
19 1741 3782 0 1777797280 983342
15 1815 12268 0 1777797280 984322
18 1788 9277 0 1777797280 984356
18 1789 1292 0 1777797280 985703
17 1742 9132 0 1777797280 985951
16 1903 6673 0 1777797280 990017
19 1742 6900 0 1777797280 990263
18 1790 5231 0 1777797280 990940
18 1791 1609 0 1777797280 992551
16 1904 3040 0 1777797280 993064
17 1743 7624 0 1777797280 993577
14 1664 21759 0 1777797280 993795
19 1743 6019 0 1777797280 996283
16 1905 4115 0 1777797280 997185
15 1816 15125 0 1777797280 999452
17 1744 10988 0 1777797281 4566
18 1792 12050 0 1777797281 4603
14 1665 11867 0 1777797281 5663
15 1817 11746 0 1777797281 11200
17 1745 6737 0 1777797281 11306
18 1793 7381 0 1777797281 11986
19 1744 15833 0 1777797281 12118
16 1906 16379 0 1777797281 13567
14 1666 9366 0 1777797281 15031
19 1745 3289 0 1777797281 15409
16 1907 4747 0 1777797281 18316
17 1746 7016 0 1777797281 18323
14 1667 5369 0 1777797281 20403
19 1746 5546 0 1777797281 20959
18 1794 13056 0 1777797281 25044
17 1747 8188 0 1777797281 26523
16 1908 9730 0 1777797281 28054
19 1747 8505 0 1777797281 29467
15 1818 18355 0 1777797281 29557
17 1748 7983 0 1777797281 34508
16 1909 6803 0 1777797281 34859
14 1668 17463 0 1777797281 37869
16 1910 4596 0 1777797281 39457
18 1795 15312 0 1777797281 40358
15 1819 11026 0 1777797281 40585
17 1749 6494 0 1777797281 41008
16 1911 1942 0 1777797281 41404
18 1796 1663 0 1777797281 42025
18 1797 1994 0 1777797281 44022
17 1750 3295 0 1777797281 44305
16 1912 3198 0 1777797281 44604
14 1669 9213 0 1777797281 47084
18 1798 5933 0 1777797281 49958
16 1913 5795 0 1777797281 50402
14 1670 4158 0 1777797281 51244
18 1799 4049 0 1777797281 54014
16 1914 6323 0 1777797281 56736
15 1820 17031 0 1777797281 57618
16 1915 7996 0 1777797281 64735
18 1800 12444 0 1777797281 66462
14 1671 16388 0 1777797281 67634
15 1821 11808 0 1777797281 69432
16 1916 5507 0 1777797281 70246
17 1751 26462 0 1777797281 70769
15 1822 1549 0 1777797281 70983
19 1748 43723 0 1777797281 73196
16 1917 4132 0 1777797281 74383
17 1752 3922 0 1777797281 74695
14 1672 7827 0 1777797281 75464
16 1918 2819 0 1777797281 77205
18 1801 11523 0 1777797281 77987
19 1749 5165 0 1777797281 78364
17 1753 5040 0 1777797281 79737
18 1802 3574 0 1777797281 81564
17 1754 4616 0 1777797281 84356
15 1823 14159 0 1777797281 85144
17 1755 1846 0 1777797281 86207
14 1673 12183 0 1777797281 87648
17 1756 1611 0 1777797281 87820
19 1750 11649 0 1777797281 90015
17 1757 3143 0 1777797281 90966
18 1803 11251 0 1777797281 92818
14 1674 8323 0 1777797281 95974
17 1758 5020 0 1777797281 95990
19 1751 8438 0 1777797281 98457
15 1824 13824 0 1777797281 98970
17 1759 8707 0 1777797281 104714
15 1825 5886 0 1777797281 104867
16 1919 27667 0 1777797281 104874
19 1752 7593 0 1777797281 106051
17 1760 2173 0 1777797281 106889
15 1826 4007 0 1777797281 108883
17 1761 2106 0 1777797281 108997
16 1920 5950 0 1777797281 110836
19 1753 11453 0 1777797281 117506
17 1762 8968 0 1777797281 117966
15 1827 9285 0 1777797281 118173
17 1763 1974 0 1777797281 119941
18 1804 27908 0 1777797281 120729
15 1828 3842 0 1777797281 122017
17 1764 2272 0 1777797281 122215
17 1765 3142 0 1777797281 125360
15 1829 5025 0 1777797281 127048
16 1921 16949 0 1777797281 127788
17 1766 2449 0 1777797281 127812
16 1922 1819 0 1777797281 129611
17 1767 2145 0 1777797281 129958
15 1830 3941 0 1777797281 130992
17 1768 2446 0 1777797281 132407
17 1769 1438 0 1777797281 133848
15 1831 3624 0 1777797281 134619
17 1770 2599 0 1777797281 136450
15 1832 4845 0 1777797281 139471
17 1771 4643 0 1777797281 141102
15 1833 1644 0 1777797281 141120
18 1805 22150 0 1777797281 142880
15 1834 2235 0 1777797281 143356
16 1923 17792 0 1777797281 147407
17 1772 6549 0 1777797281 147653
17 1773 938 0 1777797281 148593
15 1835 6966 0 1777797281 150324
17 1774 3343 0 1777797281 151939
18 1806 12105 0 1777797281 154987
16 1924 7857 0 1777797281 155266
15 1836 5032 0 1777797281 155359
17 1775 4225 0 1777797281 156167
19 1754 39457 0 1777797281 156965
17 1776 3778 0 1777797281 159947
19 1755 3635 0 1777797281 160602
15 1837 7488 0 1777797281 162848
18 1807 7921 0 1777797281 162909
14 1675 67648 0 1777797281 163640
17 1777 3908 0 1777797281 163859
16 1925 9681 0 1777797281 164950
17 1778 5313 0 1777797281 169225
16 1926 5918 0 1777797281 170870
15 1838 8174 0 1777797281 171025
17 1779 2795 0 1777797281 172026
15 1839 2784 0 1777797281 173810
19 1756 14847 0 1777797281 175452
15 1840 2577 0 1777797281 176390
17 1780 7168 0 1777797281 179196
18 1808 16303 0 1777797281 179213
19 1757 3765 0 1777797281 179219
14 1676 18655 0 1777797281 182296
15 1841 6677 0 1777797281 183069
17 1781 9017 0 1777797281 188237
18 1809 9022 0 1777797281 188256
19 1758 9278 0 1777797281 188518
16 1927 19490 0 1777797281 190363
17 1782 5308 0 1777797281 193548
16 1928 4676 0 1777797281 195042
17 1783 2104 0 1777797281 195653
19 1759 8909 0 1777797281 197428
17 1784 2838 0 1777797281 198496
15 1842 15457 0 1777797281 198528
19 1760 1906 0 1777797281 199336
17 1785 1252 0 1777797281 199750
15 1843 4604 0 1777797281 203135
17 1786 5817 0 1777797281 205569
16 1929 12398 0 1777797281 207442
18 1810 19818 0 1777797281 208075
15 1844 8418 0 1777797281 211555
16 1930 4128 0 1777797281 211576
19 1761 12253 0 1777797281 211591
14 1677 29954 0 1777797281 212254
14 1678 1486 0 1777797281 213742
16 1931 2477 0 1777797281 214099
17 1787 9370 0 1777797281 214943
15 1845 5108 0 1777797281 216700
16 1932 3429 0 1777797281 217530
19 1762 6922 0 1777797281 218565
14 1679 5555 0 1777797281 219299
15 1846 3204 0 1777797281 219907
18 1811 12552 0 1777797281 220629
17 1788 10347 0 1777797281 225292
14 1680 7989 0 1777797281 227290
15 1847 8343 0 1777797281 228254
18 1812 7620 0 1777797281 228263
17 1789 4150 0 1777797281 229447
15 1848 2679 0 1777797281 230943
17 1790 2432 0 1777797281 231881
19 1763 13322 0 1777797281 231889
19 1764 3687 0 1777797281 235588
15 1849 4672 0 1777797281 235621
18 1813 7657 0 1777797281 235931
17 1791 4368 0 1777797281 236259
14 1681 9061 0 1777797281 236368
17 1792 4363 0 1777797281 240626
17 1793 17372 0 1777797281 258000
15 1850 23086 0 1777797281 258708
19 1765 23129 0 1777797281 258720
16 1933 44139 0 1777797281 261672
14 1682 27194 0 1777797281 263564
18 1814 29560 0 1777797281 265492
14 1683 3926 0 1777797281 267492
16 1934 8949 0 1777797281 270626
19 1766 12333 0 1777797281 271062
15 1851 12972 0 1777797281 271694
17 1794 15103 0 1777797281 273105
15 1852 6491 0 1777797281 278189
16 1935 7570 0 1777797281 278198
17 1795 5096 0 1777797281 278204
19 1767 7156 0 1777797281 278221
14 1684 11374 0 1777797281 278869
17 1796 1873 0 1777797281 280128
17 1797 1745 0 1777797281 281875
15 1853 4737 0 1777797281 282959
19 1768 8133 0 1777797281 286396
16 1936 8269 0 1777797281 286502
15 1854 5299 0 1777797281 288261
16 1937 10271 0 1777797281 296774
19 1769 10495 0 1777797281 296900
18 1815 31639 0 1777797281 297133
15 1855 9974 0 1777797281 298237
14 1685 19725 0 1777797281 298598
17 1798 17311 0 1777797281 299190
14 1686 997 0 1777797281 299599
16 1938 3047 0 1777797281 299822
15 1856 1798 0 1777797281 300040
18 1816 6154 0 1777797281 303288
15 1857 3546 0 1777797281 303587
18 1817 1745 0 1777797281 305036
15 1858 3539 0 1777797281 307129
14 1687 8879 0 1777797281 308482
14 1688 2805 0 1777797281 311290
19 1770 15034 0 1777797281 311936
15 1859 4919 0 1777797281 312050
17 1799 13402 0 1777797281 312593
17 1800 1444 0 1777797281 314039
18 1818 9232 0 1777797281 314269
17 1801 587 0 1777797281 314628
17 1802 817 0 1777797281 315447
15 1860 9132 0 1777797281 321184
18 1819 7917 0 1777797281 322188
14 1689 13354 0 1777797281 324648
14 1690 2636 0 1777797281 327286
17 1803 12059 0 1777797281 327508
16 1939 28040 0 1777797281 327866
15 1861 9391 0 1777797281 330578
17 1804 3095 0 1777797281 330605
19 1771 22461 0 1777797281 334399
15 1862 3864 0 1777797281 334443
17 1805 5839 0 1777797281 336447
19 1772 2278 0 1777797281 336678
14 1691 9941 0 1777797281 337230
15 1863 4001 0 1777797281 338445
17 1806 2295 0 1777797281 338744
16 1940 13418 0 1777797281 341290
17 1807 3342 0 1777797281 342087
14 1692 6466 0 1777797281 343698
17 1808 5252 0 1777797281 347344
18 1820 25427 0 1777797281 347619
14 1693 4697 0 1777797281 348400
16 1941 11226 0 1777797281 352519
16 1942 3665 0 1777797281 356186
16 1943 2531 0 1777797281 358719
18 1821 12631 0 1777797281 360251
15 1864 24069 0 1777797281 362518
15 1865 2015 0 1777797281 364540
15 1866 2105 0 1777797281 366647
19 1773 30019 0 1777797281 366701
15 1867 4615 0 1777797281 371265
15 1868 2388 0 1777797281 373655
15 1869 2410 0 1777797281 376067
18 1822 15825 0 1777797281 376078
16 1944 24139 0 1777797281 382893
15 1870 6833 0 1777797281 382913
19 1774 16382 0 1777797281 383084
17 1809 35926 0 1777797281 383273
15 1871 2243 0 1777797281 385158
14 1694 37577 0 1777797281 385978
17 1810 3084 0 1777797281 386359
17 1811 1819 0 1777797281 388183
15 1872 4909 0 1777797281 390070
16 1945 7184 0 1777797281 390079
15 1873 1703 0 1777797281 391783
19 1775 11156 0 1777797281 394241
14 1695 9252 0 1777797281 395233
14 1696 1335 0 1777797281 396571
19 1776 3179 0 1777797281 397422
14 1697 1326 0 1777797281 397900
18 1823 23207 0 1777797281 399300
14 1698 1474 0 1777797281 399377
17 1812 11762 0 1777797281 399949
19 1777 5058 0 1777797281 402481
18 1824 3399 0 1777797281 402701
16 1946 12671 0 1777797281 402760
15 1874 11698 0 1777797281 403484
17 1813 3840 0 1777797281 403792
14 1699 6285 0 1777797281 405663
15 1875 5245 0 1777797281 408733
18 1825 6822 0 1777797281 409524
14 1700 3925 0 1777797281 409590
19 1778 9947 0 1777797281 412438
16 1947 10022 0 1777797281 412784
17 1814 10025 0 1777797281 413875
14 1701 5738 0 1777797281 415330
18 1826 7233 0 1777797281 416759
19 1779 4330 0 1777797281 416769
15 1876 10565 0 1777797281 419300
17 1815 5503 0 1777797281 419380
18 1827 3672 0 1777797281 420442
16 1948 7792 0 1777797281 420577
16 1949 1591 0 1777797281 422169
17 1816 4346 0 1777797281 423727
14 1702 8420 0 1777797281 423758
16 1950 2396 0 1777797281 424569
18 1828 4930 0 1777797281 425376
17 1817 4434 0 1777797281 428168
18 1829 5176 0 1777797281 430554
17 1818 8777 0 1777797281 436947
14 1703 13453 0 1777797281 437213
19 1780 20509 0 1777797281 437289
15 1877 18182 0 1777797281 437492
16 1951 13506 0 1777797281 438078
15 1878 1563 0 1777797281 439056
14 1704 3917 0 1777797281 441133
18 1830 10588 0 1777797281 441144
15 1879 6853 0 1777797281 445912
19 1781 8637 0 1777797281 445927
14 1705 5268 0 1777797281 446413
16 1952 9397 0 1777797281 447478
17 1819 11457 0 1777797281 448406
17 1820 858 0 1777797281 449271
18 1831 9114 0 1777797281 450270
14 1706 4057 0 1777797281 450474
17 1821 1387 0 1777797281 450659
16 1953 4942 0 1777797281 452424
17 1822 3452 0 1777797281 454112
17 1823 2426 0 1777797281 456542
16 1954 4133 0 1777797281 456560
18 1832 6292 0 1777797281 456565
14 1707 6805 0 1777797281 457281
15 1880 15391 0 1777797281 461319
16 1955 5370 0 1777797281 461937
18 1833 5371 0 1777797281 461945
17 1824 6662 0 1777797281 463206
16 1956 1953 0 1777797281 463899
14 1708 14799 0 1777797281 472085
19 1782 26132 0 1777797281 472097
15 1881 11090 0 1777797281 472411
16 1957 8520 0 1777797281 472422
18 1834 10659 0 1777797281 472617
17 1825 9680 0 1777797281 472890
15 1882 3892 0 1777797281 476315
16 1958 4777 0 1777797281 477226
15 1883 2006 0 1777797281 478323
18 1835 8019 0 1777797281 480636
14 1709 8565 0 1777797281 480662
16 1959 3846 0 1777797281 481076
15 1884 4500 0 1777797281 482827
17 1826 10750 0 1777797281 483642
16 1960 3617 0 1777797281 484696
14 1710 6929 0 1777797281 487592
19 1783 15493 0 1777797281 487600
16 1961 2999 0 1777797281 487700
14 1711 2016 0 1777797281 489617
18 1836 11352 0 1777797281 491991
16 1962 6031 0 1777797281 493732
14 1712 4460 0 1777797281 494080
19 1784 9894 0 1777797281 497508
17 1827 14187 0 1777797281 497832
17 1828 2418 0 1777797281 500252
18 1837 9463 0 1777797281 501468
19 1785 5120 0 1777797281 502630
19 1786 3002 0 1777797281 505637
15 1885 22901 0 1777797281 505730
14 1713 11804 0 1777797281 505886
16 1963 13950 0 1777797281 507685
17 1829 7494 0 1777797281 507749
19 1787 2738 0 1777797281 508377
15 1886 6035 0 1777797281 511768
16 1964 4091 0 1777797281 511781
17 1830 5136 0 1777797281 512886
19 1788 4644 0 1777797281 513025
18 1838 13187 0 1777797281 514657
16 1965 2950 0 1777797281 514749
14 1714 9151 0 1777797281 515038
18 1839 1564 0 1777797281 516222
14 1715 1998 0 1777797281 517038
17 1831 4324 0 1777797281 517212
15 1887 5841 0 1777797281 517623
16 1966 3531 0 1777797281 518282
15 1888 2760 0 1777797281 520386
19 1789 9488 0 1777797281 522514
17 1832 5408 0 1777797281 522624
18 1840 10048 0 1777797281 526300
16 1967 12211 0 1777797281 530499
14 1716 14686 0 1777797281 531732
16 1968 1516 0 1777797281 532019
17 1833 10654 0 1777797281 533280
16 1969 1386 0 1777797281 533406
14 1717 6816 0 1777797281 538557
16 1970 7162 0 1777797281 540570
14 1718 2514 0 1777797281 541073
15 1889 21435 0 1777797281 541823
16 1971 6093 0 1777797281 546673
17 1834 15223 0 1777797281 548505
14 1719 7540 0 1777797281 548617
16 1972 3328 0 1777797281 550006
14 1720 1922 0 1777797281 550541
19 1790 30556 0 1777797281 553072
18 1841 27259 0 1777797281 553561
19 1791 1503 0 1777797281 554577
19 1792 21770 0 1777797281 576351
15 1890 34818 0 1777797281 576642
14 1721 26319 0 1777797281 576861
17 1835 28427 0 1777797281 576934
16 1973 27174 0 1777797281 577182
19 1793 2522 0 1777797281 578881
16 1974 8357 0 1777797281 585541
15 1891 16302 0 1777797281 592945
16 1975 8781 0 1777797281 594324
16 1976 2746 0 1777797281 597076
17 1836 20863 0 1777797281 597798
14 1722 21011 0 1777797281 597874
18 1842 45742 0 1777797281 599304
14 1723 3898 0 1777797281 601774
17 1837 4137 0 1777797281 601937
19 1794 23687 0 1777797281 602574
17 1838 2506 0 1777797281 604445
17 1839 2863 0 1777797281 607313
18 1843 9347 0 1777797281 608655
18 1844 1182 0 1777797281 609839
16 1977 14679 0 1777797281 611759
18 1845 2138 0 1777797281 611981
19 1795 9413 0 1777797281 611989
14 1724 12320 0 1777797281 614096
19 1796 10176 0 1777797281 622178
14 1725 9690 0 1777797281 623790
19 1797 4800 0 1777797281 626980
19 1798 3032 0 1777797281 630014
14 1726 8339 0 1777797281 632136
19 1799 2288 0 1777797281 632305
14 1727 1053 0 1777797281 633191
14 1728 1529 0 1777797281 634722
14 1729 2280 0 1777797281 637005
16 1978 26108 0 1777797281 637869
18 1846 25988 0 1777797281 637977
16 1979 4990 0 1777797281 642863
14 1730 7646 0 1777797281 644655
15 1892 52402 0 1777797281 645352
14 1731 8973 0 1777797281 653633
18 1847 17199 0 1777797281 655177
19 1800 25948 0 1777797281 658255
17 1840 52292 0 1777797281 659609
14 1732 6240 0 1777797281 659876
19 1801 5770 0 1777797281 664028
18 1848 8904 0 1777797281 664091
17 1841 4699 0 1777797281 664310
17 1842 4754 0 1777797281 669065
15 1893 24552 0 1777797281 669909
14 1733 11182 0 1777797281 671060
19 1802 7048 0 1777797281 671085
16 1980 29296 0 1777797281 672161
15 1894 2296 0 1777797281 672206
17 1843 3479 0 1777797281 672553
14 1734 3672 0 1777797281 674758
17 1844 3301 0 1777797281 675856
19 1803 5225 0 1777797281 676343
18 1849 12784 0 1777797281 676876
18 1850 3198 0 1777797281 680075
19 1804 4388 0 1777797281 680736
16 1981 8770 0 1777797281 680933
16 1982 3053 0 1777797281 683990
19 1805 4131 0 1777797281 684874
16 1983 963 0 1777797281 684955
16 1984 1068 0 1777797281 686026
18 1851 6433 0 1777797281 686514
14 1735 13969 0 1777797281 688729
16 1985 5953 0 1777797281 691981
16 1986 940 0 1777797281 692924
14 1736 5624 0 1777797281 694356
16 1987 1490 0 1777797281 694416
16 1988 4354 0 1777797281 698771
16 1989 4556 0 1777797281 703329
14 1737 11234 0 1777797281 705592
16 1990 3172 0 1777797281 706504
18 1852 19998 0 1777797281 706515
15 1895 36029 0 1777797281 708236
17 1845 34256 0 1777797281 710114
14 1738 4704 0 1777797281 710299
16 1991 4143 0 1777797281 710659
19 1806 25828 0 1777797281 710707
15 1896 2940 0 1777797281 711180
17 1846 4807 0 1777797281 714927
15 1897 3868 0 1777797281 715049
16 1992 5598 0 1777797281 716258
19 1807 8301 0 1777797281 719009
15 1898 4285 0 1777797281 719336
17 1847 4414 0 1777797281 719343
16 1993 4169 0 1777797281 720430
19 1808 1881 0 1777797281 720892
16 1994 1089 0 1777797281 721522
16 1995 1309 0 1777797281 722832
19 1809 2400 0 1777797281 723294
17 1848 5264 0 1777797281 724617
15 1899 5840 0 1777797281 725184
19 1810 2157 0 1777797281 725453
16 1996 5510 0 1777797281 728343
19 1811 2903 0 1777797281 728358
14 1739 18549 0 1777797281 728849
17 1849 5129 0 1777797281 729748
16 1997 3663 0 1777797281 732022
18 1853 25857 0 1777797281 732383
16 1998 1007 0 1777797281 733031
19 1812 4777 0 1777797281 733147
16 1999 1618 0 1777797281 734651
19 1813 2742 0 1777797281 735891
16 2000 2027 0 1777797281 736680
18 1854 4604 0 1777797281 736990
15 1900 12441 0 1777797281 737627
16 2001 971 0 1777797281 737654
19 1814 2406 0 1777797281 738300
15 1901 1259 0 1777797281 738889
16 2002 2067 0 1777797281 739722
19 1815 3147 0 1777797281 741449
16 2003 4856 0 1777797281 744580
19 1816 5170 0 1777797281 746621
15 1902 7964 0 1777797281 746856
16 2004 3315 0 1777797281 747900
17 1850 18823 0 1777797281 748572
16 2005 1638 0 1777797281 749540
16 2006 3114 0 1777797281 752657
19 1817 6041 0 1777797281 752665
18 1855 15966 0 1777797281 752959
15 1903 7457 0 1777797281 754316
17 1851 6114 0 1777797281 754690
17 1852 1624 0 1777797281 756317
15 1904 2307 0 1777797281 756625
14 1740 27747 0 1777797281 756664
14 1741 3192 0 1777797281 759858
16 2007 7681 0 1777797281 760346
17 1853 5611 0 1777797281 761935
15 1905 7683 0 1777797281 764312
19 1818 13465 0 1777797281 766142
17 1854 4499 0 1777797281 766438
14 1742 6915 0 1777797281 766776
15 1906 6853 0 1777797281 771167
16 2008 11284 0 1777797281 771631
15 1907 3343 0 1777797281 774512
19 1819 10975 0 1777797281 777128
17 1855 12159 0 1777797281 778599
18 1856 25669 0 1777797281 778630
15 1908 6260 0 1777797281 780777
15 1909 5663 0 1777797281 786446
16 2009 14900 0 1777797281 786532
17 1856 8856 0 1777797281 787459
19 1820 13323 0 1777797281 790456
14 1743 29031 0 1777797281 795809
18 1857 17184 0 1777797281 795816
17 1857 8395 0 1777797281 795860
15 1910 9816 0 1777797281 796265
16 2010 10171 0 1777797281 796705
19 1821 10605 0 1777797281 801064
15 1911 4890 0 1777797281 801158
19 1822 2560 0 1777797281 803626
16 2011 6941 0 1777797281 803648
17 1858 7869 0 1777797281 803731
15 1912 7217 0 1777797281 808377
19 1823 10572 0 1777797281 814201
18 1858 19177 0 1777797281 815021
15 1913 8266 0 1777797281 816653
15 1914 4360 0 1777797281 821016
18 1859 8113 0 1777797281 823136
15 1915 2927 0 1777797281 823949
14 1744 29497 0 1777797281 825314
17 1859 21669 0 1777797281 825403
19 1824 13648 0 1777797281 827851
17 1860 3788 0 1777797281 829193
19 1825 1467 0 1777797281 829325
19 1826 997 0 1777797281 830324
14 1745 7142 0 1777797281 832467
19 1827 3399 0 1777797281 833728
17 1861 7943 0 1777797281 837138
16 2012 36329 0 1777797281 839978
19 1828 8291 0 1777797281 842022
16 2013 2082 0 1777797281 842069
14 1746 9652 0 1777797281 842121
19 1829 1633 0 1777797281 843657
16 2014 3826 0 1777797281 845896
19 1830 2626 0 1777797281 846290
17 1862 10789 0 1777797281 847932
14 1747 7500 0 1777797281 849622
16 2015 4391 0 1777797281 850290
16 2016 3437 0 1777797281 853729
17 1863 8349 0 1777797281 856285
14 1748 11238 0 1777797281 860863
19 1831 14959 0 1777797281 861251
19 1832 3612 0 1777797281 864865
14 1749 4324 0 1777797281 865189
19 1833 4232 0 1777797281 869098
14 1750 4385 0 1777797281 869576
17 1864 14793 0 1777797281 871081
19 1834 2498 0 1777797281 871599
17 1865 1683 0 1777797281 872767
19 1835 3897 0 1777797281 875499
19 1836 1368 0 1777797281 876870
17 1866 5031 0 1777797281 877800
19 1837 3284 0 1777797281 880157
16 2017 26691 0 1777797281 880424
19 1838 1610 0 1777797281 881770
16 2018 2259 0 1777797281 882684
17 1867 9332 0 1777797281 887134
14 1751 17919 0 1777797281 887499
16 2019 5190 0 1777797281 887876
15 1916 64089 0 1777797281 888039
18 1860 65332 0 1777797281 888470
16 2020 1939 0 1777797281 889818
14 1752 3120 0 1777797281 890621
18 1861 3240 0 1777797281 891713
17 1868 5510 0 1777797281 892647
14 1753 2560 0 1777797281 893183
19 1839 12339 0 1777797281 894114
16 2021 5632 0 1777797281 895453
17 1869 2814 0 1777797281 895464
14 1754 2322 0 1777797281 895508
17 1870 1169 0 1777797281 896647
14 1755 3464 0 1777797281 898974
15 1917 11565 0 1777797281 899608
18 1862 8459 0 1777797281 900174
15 1918 1587 0 1777797281 901196
15 1919 9335 0 1777797281 910535
16 2022 15165 0 1777797281 910630
14 1756 13909 0 1777797281 912885
15 1920 5407 0 1777797281 915949
18 1863 15813 0 1777797281 915991
14 1757 4639 0 1777797281 917573
14 1758 5814 0 1777797281 923389
18 1864 8496 0 1777797281 924502
16 2023 15168 0 1777797281 925798
14 1759 3037 0 1777797281 926428
15 1921 10445 0 1777797281 926439
18 1865 5337 0 1777797281 929849
16 2024 6946 0 1777797281 932746
14 1760 9383 0 1777797281 935824
14 1761 2778 0 1777797281 938605
17 1871 44445 0 1777797281 941096
14 1762 2787 0 1777797281 941394
16 2025 10306 0 1777797281 943054
17 1872 1987 0 1777797281 943090
14 1763 2434 0 1777797281 943830
17 1873 1830 0 1777797281 944921
14 1764 1510 0 1777797281 945342
16 2026 2964 0 1777797281 946020
15 1922 22418 0 1777797281 948871
19 1840 54990 0 1777797281 949110
15 1923 1463 0 1777797281 950336
14 1765 6313 0 1777797281 951657
15 1924 4530 0 1777797281 954869
18 1866 26111 0 1777797281 955962
19 1841 6858 0 1777797281 955969
15 1925 5335 0 1777797281 960214
19 1842 4228 0 1777797281 960223
18 1867 4355 0 1777797281 960325
17 1874 17372 0 1777797281 962295
18 1868 3229 0 1777797281 963556
14 1766 11964 0 1777797281 963624
15 1926 4717 0 1777797281 964941
16 2027 20343 0 1777797281 966366
19 1843 7067 0 1777797281 967306
16 2028 6060 0 1777797281 972430
18 1869 8881 0 1777797281 972439
14 1767 8840 0 1777797281 972466
15 1927 7526 0 1777797281 972469
17 1875 10176 0 1777797281 972473
19 1844 5166 0 1777797281 972477
18 1870 1866 0 1777797281 974315
14 1768 3553 0 1777797281 976032
17 1876 4040 0 1777797281 976528
19 1845 4350 0 1777797281 976843
18 1871 4255 0 1777797281 978572
19 1846 2194 0 1777797281 979038
14 1769 5330 0 1777797281 981367
16 2029 9061 0 1777797281 981500
16 2030 1028 0 1777797281 982530
14 1770 1286 0 1777797281 982656
15 1928 10447 0 1777797281 982931
14 1771 4843 0 1777797281 987501
17 1877 10978 0 1777797281 987508
18 1872 16864 0 1777797281 995438
14 1772 8115 0 1777797281 995624
17 1878 8191 0 1777797281 995709
19 1847 17728 0 1777797281 996771
15 1929 13885 0 1777797281 996817
19 1848 7291 0 1777797282 4066
17 1879 8937 0 1777797282 4647
14 1773 9770 0 1777797282 5395
19 1849 3242 0 1777797282 7310
14 1774 1958 0 1777797282 7357
17 1880 4774 0 1777797282 9423
16 2031 27157 0 1777797282 9692
18 1873 17683 0 1777797282 13123
19 1850 5819 0 1777797282 13131
16 2032 5031 0 1777797282 14724
16 2033 3686 0 1777797282 18414
17 1881 9146 0 1777797282 18571
14 1775 11763 0 1777797282 19122
19 1851 6805 0 1777797282 19943
16 2034 3145 0 1777797282 21564
18 1874 8438 0 1777797282 21570
15 1930 26985 0 1777797282 23805
18 1875 3226 0 1777797282 24810
15 1931 1562 0 1777797282 25372
19 1852 5442 0 1777797282 25386
18 1876 1712 0 1777797282 26524
14 1776 8975 0 1777797282 28098
17 1882 9699 0 1777797282 28272
16 2035 8533 0 1777797282 30104
19 1853 5942 0 1777797282 31343
17 1883 4198 0 1777797282 32472
14 1777 8543 0 1777797282 36644
16 2036 6611 0 1777797282 36718
16 2037 2593 0 1777797282 39312
17 1884 6843 0 1777797282 39323
19 1854 9127 0 1777797282 40471
15 1932 21288 0 1777797282 46675
16 2038 7360 0 1777797282 46684
17 1885 7353 0 1777797282 46688
14 1778 12878 0 1777797282 49525
18 1877 25240 0 1777797282 51766
15 1933 5484 0 1777797282 52173
16 2039 8549 0 1777797282 55245
14 1779 7201 0 1777797282 56736
16 2040 3018 0 1777797282 58266
14 1780 1614 0 1777797282 58353
17 1886 11748 0 1777797282 58450
16 2041 2421 0 1777797282 60690
16 2042 2937 0 1777797282 63629
15 1934 12752 0 1777797282 64930
17 1887 10030 0 1777797282 68482
16 2043 6803 0 1777797282 70441
16 2044 3122 0 1777797282 73567
16 2045 4983 0 1777797282 78552
14 1781 21914 0 1777797282 80268
14 1782 5724 0 1777797282 85994
16 2046 9167 0 1777797282 87721
16 2047 2202 0 1777797282 89926
14 1783 4760 0 1777797282 90758
17 1888 26394 0 1777797282 94879
19 1855 54519 0 1777797282 94992
14 1784 5438 0 1777797282 96201
16 2048 7196 0 1777797282 97125
19 1856 2141 0 1777797282 97134
15 1935 32281 0 1777797282 97218
16 2049 1423 0 1777797282 98558
18 1878 48319 0 1777797282 100087
19 1857 3285 0 1777797282 100431
17 1889 5728 0 1777797282 100609
17 1890 2971 0 1777797282 103583
14 1785 8357 0 1777797282 104566
14 1786 1798 0 1777797282 106373
19 1858 7420 0 1777797282 107853
15 1936 12260 0 1777797282 109480
18 1879 11069 0 1777797282 111159
17 1891 12057 0 1777797282 115732
19 1859 8050 0 1777797282 115905
14 1787 9546 0 1777797282 115921
16 2050 17367 0 1777797282 115926
18 1880 8625 0 1777797282 119787
14 1788 3935 0 1777797282 119862
17 1892 4369 0 1777797282 120103
15 1937 12098 0 1777797282 121581
14 1789 5581 0 1777797282 125445
19 1860 9636 0 1777797282 125542
14 1790 2336 0 1777797282 127782
17 1893 8395 0 1777797282 128502
16 2051 13704 0 1777797282 129640
14 1791 3082 0 1777797282 130870
14 1792 2104 0 1777797282 132982
16 2052 3402 0 1777797282 133044
14 1793 2006 0 1777797282 134991
18 1881 15198 0 1777797282 134997
16 2053 3307 0 1777797282 136352
14 1794 2084 0 1777797282 137081
14 1795 4008 0 1777797282 141091
17 1894 13395 0 1777797282 141902
19 1861 16401 0 1777797282 141945
14 1796 1974 0 1777797282 143068
14 1797 2735 0 1777797282 145807
14 1798 3228 0 1777797282 149037
17 1895 8098 0 1777797282 150006
16 2054 14094 0 1777797282 150448
17 1896 8202 0 1777797282 158213
14 1799 11434 0 1777797282 160475
15 1938 43954 0 1777797282 165536
17 1897 8156 0 1777797282 166371
14 1800 8836 0 1777797282 169313
18 1882 34312 0 1777797282 169319
15 1939 12530 0 1777797282 178068
16 2055 27965 0 1777797282 178414
16 2056 3723 0 1777797282 182139
17 1898 16562 0 1777797282 182935
16 2057 10292 0 1777797282 192433
18 1883 30796 0 1777797282 200122
16 2058 15966 0 1777797282 208402
17 1899 25491 0 1777797282 208428
14 1801 39672 0 1777797282 208991
19 1862 71668 0 1777797282 213614
18 1884 13971 0 1777797282 214095
16 2059 7803 0 1777797282 216233
18 1885 4000 0 1777797282 218097
16 2060 5955 0 1777797282 222191
18 1886 6149 0 1777797282 224249
17 1900 16923 0 1777797282 225363
16 2061 3513 0 1777797282 225707
17 1901 3712 0 1777797282 229078
16 2062 5537 0 1777797282 231247
18 1887 7296 0 1777797282 231547
19 1863 19092 0 1777797282 232715
17 1902 4758 0 1777797282 233838
16 2063 2757 0 1777797282 234006
15 1940 59814 0 1777797282 237884
15 1941 1300 0 1777797282 239188
14 1802 31163 0 1777797282 240156
19 1864 7518 0 1777797282 240235
17 1903 7599 0 1777797282 241439
19 1865 1887 0 1777797282 242123
15 1942 3735 0 1777797282 242926
16 2064 11358 0 1777797282 245367
16 2065 2725 0 1777797282 248098
16 2066 2491 0 1777797282 250591
15 1943 10010 0 1777797282 252939
14 1803 13467 0 1777797282 253627
17 1904 13511 0 1777797282 254952
15 1944 2396 0 1777797282 255340
19 1866 14012 0 1777797282 256139
18 1888 24992 0 1777797282 256541
19 1867 4303 0 1777797282 260446
17 1905 8613 0 1777797282 263567
16 2067 13060 0 1777797282 263654
14 1804 10113 0 1777797282 263750
19 1868 3308 0 1777797282 263756
14 1805 1503 0 1777797282 265260
17 1906 3220 0 1777797282 266794
14 1806 1553 0 1777797282 266815
15 1945 12425 0 1777797282 267767
19 1869 4626 0 1777797282 268392
14 1807 4280 0 1777797282 271096
17 1907 5431 0 1777797282 272228
19 1870 7508 0 1777797282 275906
16 2068 14318 0 1777797282 277974
14 1808 7838 0 1777797282 278935
17 1908 9738 0 1777797282 281973
19 1871 11531 0 1777797282 287456
14 1809 8536 0 1777797282 287473
15 1946 19913 0 1777797282 287682
17 1909 12723 0 1777797282 294698
15 1947 7185 0 1777797282 294869
16 2069 16911 0 1777797282 294889
19 1872 7436 0 1777797282 294894
18 1889 38987 0 1777797282 295531
14 1810 9993 0 1777797282 297467
16 2070 4345 0 1777797282 299245
17 1910 5730 0 1777797282 300430
16 2071 5391 0 1777797282 304639
18 1890 10157 0 1777797282 305691
17 1911 6288 0 1777797282 306721
17 1912 3727 0 1777797282 310451
14 1811 15159 0 1777797282 312631
15 1948 18965 0 1777797282 313860
19 1873 19354 0 1777797282 314259
15 1949 2075 0 1777797282 315937
15 1950 3209 0 1777797282 319148
16 2072 14515 0 1777797282 319156
17 1913 8708 0 1777797282 319162
19 1874 4909 0 1777797282 319171
18 1891 20057 0 1777797282 325750
17 1914 7542 0 1777797282 326734
16 2073 10227 0 1777797282 329411
15 1951 10365 0 1777797282 329537
14 1812 17697 0 1777797282 330330
19 1875 11138 0 1777797282 330338
17 1915 5566 0 1777797282 332304
19 1876 7318 0 1777797282 337737
14 1813 7797 0 1777797282 338195
15 1952 12951 0 1777797282 342490
15 1953 14418 0 1777797282 356910
17 1916 27508 0 1777797282 359816
14 1814 26349 0 1777797282 364546
18 1892 38814 0 1777797282 364566
15 1954 7977 0 1777797282 364890
19 1877 30723 0 1777797282 368463
16 2074 39888 0 1777797282 369304
17 1917 10504 0 1777797282 370327
17 1918 4318 0 1777797282 374715
18 1893 11061 0 1777797282 375628
19 1878 11914 0 1777797282 380381
19 1879 1903 0 1777797282 382286
17 1919 8087 0 1777797282 382804
19 1880 2545 0 1777797282 384833
14 1815 24091 0 1777797282 388640
17 1920 6133 0 1777797282 388940
19 1881 5036 0 1777797282 389871
16 2075 24918 0 1777797282 394228
18 1894 19513 0 1777797282 395144
17 1921 8332 0 1777797282 397275
16 2076 3121 0 1777797282 397354
19 1882 9103 0 1777797282 398981
18 1895 5622 0 1777797282 400769
16 2077 3532 0 1777797282 400888
14 1816 16620 0 1777797282 405264
16 2078 5927 0 1777797282 406816
15 1955 41989 0 1777797282 406881
18 1896 7062 0 1777797282 407834
15 1956 3819 0 1777797282 410702
19 1883 11724 0 1777797282 410708
16 2079 4535 0 1777797282 411357
14 1817 6895 0 1777797282 412162
17 1922 16672 0 1777797282 413957
18 1897 8058 0 1777797282 415899
16 2080 4615 0 1777797282 415973
17 1923 4186 0 1777797282 418147
14 1818 8656 0 1777797282 420820
15 1957 10118 0 1777797282 420827
16 2081 5496 0 1777797282 421471
17 1924 3345 0 1777797282 421497
19 1884 10799 0 1777797282 421514
18 1898 7042 0 1777797282 422949
17 1925 3063 0 1777797282 424561
17 1926 4876 0 1777797282 429441
19 1885 7935 0 1777797282 429449
18 1899 6712 0 1777797282 429662
15 1958 9254 0 1777797282 430144
14 1819 9597 0 1777797282 430467
16 2082 9940 0 1777797282 431413
17 1927 2903 0 1777797282 432353
18 1900 2928 0 1777797282 432591
14 1820 2951 0 1777797282 433419
17 1928 1150 0 1777797282 433505
15 1959 5845 0 1777797282 435990
16 2083 6014 0 1777797282 437435
19 1886 8004 0 1777797282 437466
17 1929 4187 0 1777797282 437694
18 1901 7520 0 1777797282 440113
14 1821 9124 0 1777797282 442548
19 1887 8252 0 1777797282 445719
18 1902 11403 0 1777797282 451518
17 1930 14353 0 1777797282 452049
16 2084 15057 0 1777797282 452494
15 1960 19350 0 1777797282 455344
19 1888 11583 0 1777797282 457305
14 1822 15212 0 1777797282 457766
18 1903 6257 0 1777797282 457777
17 1931 5780 0 1777797282 457830
16 2085 8917 0 1777797282 461412
14 1823 6549 0 1777797282 464327
14 1824 1700 0 1777797282 466029
15 1961 11965 0 1777797282 467313
19 1889 10365 0 1777797282 467671
17 1932 13375 0 1777797282 471220
16 2086 9836 0 1777797282 471250
18 1904 14970 0 1777797282 472758
14 1825 12316 0 1777797282 478348
19 1890 11724 0 1777797282 479397
18 1905 6809 0 1777797282 479570
15 1962 12333 0 1777797282 479649
17 1933 8690 0 1777797282 479913
16 2087 10193 0 1777797282 481444
17 1934 3791 0 1777797282 483705
19 1891 6661 0 1777797282 486060
14 1826 8128 0 1777797282 486479
15 1963 7202 0 1777797282 486853
19 1892 2725 0 1777797282 488787
15 1964 3958 0 1777797282 490814
14 1827 4841 0 1777797282 491322
17 1935 9750 0 1777797282 493459
16 2088 12231 0 1777797282 493678
18 1906 15181 0 1777797282 494754
15 1965 6139 0 1777797282 496955
19 1893 9402 0 1777797282 498192
14 1828 8131 0 1777797282 499455
17 1936 6582 0 1777797282 500049
19 1894 3659 0 1777797282 501854
17 1937 4193 0 1777797282 504247
14 1829 6015 0 1777797282 505473
18 1907 11610 0 1777797282 506368
15 1966 9561 0 1777797282 506519
15 1967 1232 0 1777797282 507753
19 1895 9015 0 1777797282 510872
15 1968 4325 0 1777797282 512080
14 1830 7975 0 1777797282 513450
17 1938 9241 0 1777797282 513489
16 2089 25916 0 1777797282 519596
17 1939 6222 0 1777797282 519712
15 1969 8581 0 1777797282 520664
14 1831 7495 0 1777797282 520947
19 1896 10102 0 1777797282 520978
16 2090 9924 0 1777797282 529522
17 1940 9846 0 1777797282 529560
19 1897 8635 0 1777797282 529614
14 1832 8684 0 1777797282 529632
15 1970 11618 0 1777797282 532291
19 1898 6797 0 1777797282 536413
14 1833 7591 0 1777797282 537224
18 1908 31599 0 1777797282 537970
15 1971 8072 0 1777797282 540367
14 1834 4340 0 1777797282 541566
14 1835 1516 0 1777797282 543094
18 1909 6841 0 1777797282 544878
15 1972 11373 0 1777797282 551746
19 1899 15948 0 1777797282 552363
18 1910 9947 0 1777797282 554832
14 1836 12933 0 1777797282 556033
17 1941 26750 0 1777797282 556311
19 1900 4306 0 1777797282 556671
17 1942 2374 0 1777797282 558687
14 1837 4500 0 1777797282 560536
15 1973 8814 0 1777797282 560563
19 1901 6031 0 1777797282 562704
17 1943 4930 0 1777797282 563620
18 1911 9938 0 1777797282 564772
16 2091 37314 0 1777797282 566838
15 1974 6751 0 1777797282 567344
17 1944 6139 0 1777797282 569763
19 1902 8846 0 1777797282 571556
16 2092 8603 0 1777797282 575445
19 1903 5861 0 1777797282 577427
15 1975 10812 0 1777797282 578161
15 1976 1200 0 1777797282 579364
15 1977 996 0 1777797282 580364
19 1904 5424 0 1777797282 582854
14 1838 27113 0 1777797282 587679
17 1945 22936 0 1777797282 592703
16 2093 19096 0 1777797282 594548
19 1905 11698 0 1777797282 594554
15 1978 16913 0 1777797282 597280
14 1839 10171 0 1777797282 597852
15 1979 1318 0 1777797282 598600
19 1906 4699 0 1777797282 599262
15 1980 956 0 1777797282 599558
17 1946 7317 0 1777797282 600022
14 1840 2535 0 1777797282 600389
15 1981 1753 0 1777797282 601314
19 1907 3462 0 1777797282 602725
14 1841 2879 0 1777797282 603271
15 1982 2000 0 1777797282 603316
16 2094 11035 0 1777797282 605590
19 1908 5913 0 1777797282 608640
16 2095 4508 0 1777797282 610100
14 1842 6857 0 1777797282 610134
15 1983 9457 0 1777797282 612775
19 1909 6782 0 1777797282 615424
16 2096 5519 0 1777797282 615621
15 1984 3917 0 1777797282 616695
19 1910 2324 0 1777797282 617753
14 1843 7637 0 1777797282 617772
16 2097 5210 0 1777797282 620832
19 1911 3100 0 1777797282 620855
14 1844 3392 0 1777797282 621165
16 2098 1984 0 1777797282 622819
19 1912 4288 0 1777797282 625144
15 1985 9099 0 1777797282 625796
19 1913 5517 0 1777797282 630663
16 2099 8587 0 1777797282 631408
14 1845 10261 0 1777797282 631428
15 1986 7060 0 1777797282 632859
18 1912 68091 0 1777797282 632868
16 2100 2594 0 1777797282 634004
16 2101 2274 0 1777797282 636289
16 2102 2053 0 1777797282 638349
16 2103 2744 0 1777797282 641097
15 1987 8410 0 1777797282 641279
14 1846 10822 0 1777797282 642252
15 1988 7757 0 1777797282 649038
17 1947 50587 0 1777797282 650610
15 1989 3990 0 1777797282 653030
17 1948 4705 0 1777797282 655318
19 1914 27457 0 1777797282 658122
14 1847 16084 0 1777797282 658340
18 1913 29585 0 1777797282 662467
19 1915 4361 0 1777797282 662487
19 1916 1468 0 1777797282 663969
18 1914 1917 0 1777797282 664407
17 1949 10000 0 1777797282 665321
18 1915 1129 0 1777797282 665540
17 1950 796 0 1777797282 666118
19 1917 2297 0 1777797282 666268
15 1990 15190 0 1777797282 668224
15 1991 3143 0 1777797282 671370
18 1916 6962 0 1777797282 672504
19 1918 6295 0 1777797282 672565
16 2104 31744 0 1777797282 672843
18 1917 3548 0 1777797282 676053
18 1918 3034 0 1777797282 679090
15 1992 8464 0 1777797282 679836
15 1993 3349 0 1777797282 683188
15 1994 2382 0 1777797282 685573
17 1951 21175 0 1777797282 687295
18 1919 8739 0 1777797282 687837
15 1995 3244 0 1777797282 688820
16 2105 16388 0 1777797282 689233
15 1996 4529 0 1777797282 693352
19 1919 20793 0 1777797282 693360
17 1952 8234 0 1777797282 695531
14 1848 37234 0 1777797282 695575
18 1920 8316 0 1777797282 696154
17 1953 4406 0 1777797282 699939
16 2106 10887 0 1777797282 700121
18 1921 3969 0 1777797282 700125
14 1849 4747 0 1777797282 700324
17 1954 1149 0 1777797282 701100
15 1997 8655 0 1777797282 702015
19 1920 10691 0 1777797282 704060
17 1955 3462 0 1777797282 704565
18 1922 5293 0 1777797282 705424
17 1956 2481 0 1777797282 707049
16 2107 7301 0 1777797282 707427
15 1998 5650 0 1777797282 707667
19 1921 5240 0 1777797282 709302
17 1957 2925 0 1777797282 709976
18 1923 4613 0 1777797282 710043
15 1999 2900 0 1777797282 710570
16 2108 3732 0 1777797282 711163
18 1924 1266 0 1777797282 711310
16 2109 1872 0 1777797282 713037
14 1850 13457 0 1777797282 713783
17 1958 4914 0 1777797282 714893
16 2110 2458 0 1777797282 715497
18 1925 4272 0 1777797282 715583
15 2000 5511 0 1777797282 716083
19 1922 7553 0 1777797282 716859
15 2001 2130 0 1777797282 718214
17 1959 5945 0 1777797282 720844
17 1960 2350 0 1777797282 723199
16 2111 10273 0 1777797282 725837
16 2112 1365 0 1777797282 727204
17 1961 4243 0 1777797282 727450
19 1923 10595 0 1777797282 727456
15 2002 9921 0 1777797282 728138
16 2113 2183 0 1777797282 729390
18 1926 15305 0 1777797282 730889
15 2003 4485 0 1777797282 732625
17 1962 5624 0 1777797282 733081
14 1851 19641 0 1777797282 733426
15 2004 5384 0 1777797282 738011
18 1927 8549 0 1777797282 739444
17 1963 6521 0 1777797282 739603
14 1852 6445 0 1777797282 739874
16 2114 11360 0 1777797282 740752
16 2115 1351 0 1777797282 742105
14 1853 3267 0 1777797282 743143
17 1964 6278 0 1777797282 745883
16 2116 4253 0 1777797282 746362
15 2005 11053 0 1777797282 749067
18 1928 9730 0 1777797282 749178
16 2117 4742 0 1777797282 751108
17 1965 9231 0 1777797282 755116
15 2006 6745 0 1777797282 755814
18 1929 6973 0 1777797282 756152
14 1854 13071 0 1777797282 756217
14 1855 1326 0 1777797282 757546
15 2007 2791 0 1777797282 758611
15 2008 2412 0 1777797282 761025
14 1856 3882 0 1777797282 761430
18 1930 7541 0 1777797282 763697
19 1924 36250 0 1777797282 763718
19 1925 1171 0 1777797282 764911
18 1931 1957 0 1777797282 765678
17 1966 10582 0 1777797282 765701
19 1926 916 0 1777797282 765833
15 2009 5359 0 1777797282 766388
19 1927 594 0 1777797282 766428
18 1932 882 0 1777797282 766563
14 1857 5630 0 1777797282 767064
18 1933 1024 0 1777797282 767590
19 1928 1788 0 1777797282 768217
18 1934 913 0 1777797282 768506
16 2118 18251 0 1777797282 769366
15 2010 3112 0 1777797282 769503
18 1935 1427 0 1777797282 769936
19 1929 3581 0 1777797282 771802
17 1967 8175 0 1777797282 773877
16 2119 5295 0 1777797282 774663
19 1930 4005 0 1777797282 775813
17 1968 2763 0 1777797282 776642
16 2120 2394 0 1777797282 777059
16 2121 3533 0 1777797282 780593
19 1931 4823 0 1777797282 780639
17 1969 5260 0 1777797282 781904
18 1936 11972 0 1777797282 781912
15 2011 12712 0 1777797282 782216
14 1858 21705 0 1777797282 788773
15 2012 6685 0 1777797282 788902
19 1932 8430 0 1777797282 789070
18 1937 7158 0 1777797282 789089
16 2122 14426 0 1777797282 795027
14 1859 6266 0 1777797282 795047
17 1970 13264 0 1777797282 795177
18 1938 11084 0 1777797282 800175
14 1860 5291 0 1777797282 800339
15 2013 13641 0 1777797282 802544
16 2123 7528 0 1777797282 802558
19 1933 13500 0 1777797282 802572
17 1971 8726 0 1777797282 803904
14 1861 6793 0 1777797282 807142
15 2014 4579 0 1777797282 807152
18 1939 8791 0 1777797282 808969
19 1934 6445 0 1777797282 809035
16 2124 7869 0 1777797282 810452
15 2015 4986 0 1777797282 812150
17 1972 9038 0 1777797282 812944
14 1862 10449 0 1777797282 817601
16 2125 7157 0 1777797282 817611
18 1940 10236 0 1777797282 819215
15 2016 7517 0 1777797282 819672
19 1935 11595 0 1777797282 820632
17 1973 8893 0 1777797282 821839
14 1863 5505 0 1777797282 823117
16 2126 5517 0 1777797282 823139
18 1941 4689 0 1777797282 823907
19 1936 8511 0 1777797282 829144
17 1974 8313 0 1777797282 830159
18 1942 6361 0 1777797282 830270
15 2017 10613 0 1777797282 830286
14 1864 7184 0 1777797282 830325
16 2127 7589 0 1777797282 830746
17 1975 7877 0 1777797282 838039
16 2128 7459 0 1777797282 838206
15 2018 7948 0 1777797282 838236
19 1937 9122 0 1777797282 838269
18 1943 8015 0 1777797282 838286
14 1865 12576 0 1777797282 842902
17 1976 4896 0 1777797282 842938
15 2019 7511 0 1777797282 845748
16 2129 8165 0 1777797282 846373
18 1944 8095 0 1777797282 846382
14 1866 5939 0 1777797282 848847
15 2020 3132 0 1777797282 848882
19 1938 10638 0 1777797282 848908
17 1977 6144 0 1777797282 849083
18 1945 6910 0 1777797282 853303
16 2130 8107 0 1777797282 854490
14 1867 5932 0 1777797282 854782
19 1939 7851 0 1777797282 856760
17 1978 8336 0 1777797282 857420
15 2021 8941 0 1777797282 857824
18 1946 5057 0 1777797282 858363
16 2131 8860 0 1777797282 863352
19 1940 7332 0 1777797282 864095
18 1947 5770 0 1777797282 864137
14 1868 9583 0 1777797282 864366
17 1979 7018 0 1777797282 864444
16 2132 2676 0 1777797282 866029
19 1941 2430 0 1777797282 866529
18 1948 5260 0 1777797282 869399
15 2022 12670 0 1777797282 870496
17 1980 7055 0 1777797282 871500
14 1869 7313 0 1777797282 871738
16 2133 5841 0 1777797282 871872
19 1942 7460 0 1777797282 873993
18 1949 8710 0 1777797282 878115
15 2023 9189 0 1777797282 879691
14 1870 8040 0 1777797282 879779
17 1981 8459 0 1777797282 879963
16 2134 11472 0 1777797282 883346
15 2024 6847 0 1777797282 886542
17 1982 8011 0 1777797282 887976
18 1950 10079 0 1777797282 888196
19 1943 14654 0 1777797282 888649
14 1871 8935 0 1777797282 888716
16 2135 5641 0 1777797282 888990
15 2025 8515 0 1777797282 895058
14 1872 7188 0 1777797282 895906
17 1983 7927 0 1777797282 895911
18 1951 8451 0 1777797282 896649
16 2136 8210 0 1777797282 897202
19 1944 8720 0 1777797282 897370
15 2026 5920 0 1777797282 900980
17 1984 7921 0 1777797282 903839
14 1873 8104 0 1777797282 904016
16 2137 7518 0 1777797282 904724
18 1952 9201 0 1777797282 905852
14 1874 2433 0 1777797282 906450
18 1953 3893 0 1777797282 909748
16 2138 6019 0 1777797282 910745
15 2027 14265 0 1777797282 915248
18 1954 5506 0 1777797282 915258
16 2139 6281 0 1777797282 917029
17 1985 17506 0 1777797282 921351
15 2028 7191 0 1777797282 922450
19 1945 25091 0 1777797282 922462
18 1955 13604 0 1777797282 928874
16 2140 12389 0 1777797282 929423
15 2029 8406 0 1777797282 930869
19 1946 8743 0 1777797282 931229
17 1986 11637 0 1777797282 932991
16 2141 4637 0 1777797282 934061
18 1956 6065 0 1777797282 934940
16 2142 2328 0 1777797282 936392
18 1957 3546 0 1777797282 938488
15 2030 10498 0 1777797282 941371
15 2031 1766 0 1777797282 943139
16 2143 6759 0 1777797282 943155
18 1958 9866 0 1777797282 948357
16 2144 7133 0 1777797282 950305
15 2032 7587 0 1777797282 950743
15 2033 4889 0 1777797282 955636
14 1875 52694 0 1777797282 959147
16 2145 14938 0 1777797282 965245
16 2146 6425 0 1777797282 971673
18 1959 23325 0 1777797282 971683
16 2147 4652 0 1777797282 976336
16 2148 12492 0 1777797282 988833
14 1876 29773 0 1777797282 988923
19 1947 57697 0 1777797282 988930
18 1960 17304 0 1777797282 989002
17 1987 56730 0 1777797282 989726
17 1988 4136 0 1777797282 993865
18 1961 4870 0 1777797282 993872
14 1877 7995 0 1777797282 996926
19 1948 9734 0 1777797282 998673
16 2149 11490 0 1777797283 324
18 1962 8290 0 1777797283 2174
14 1878 11351 0 1777797283 8283
17 1989 14435 0 1777797283 8308
18 1963 6611 0 1777797283 8788
19 1949 12191 0 1777797283 10866
14 1879 12259 0 1777797283 20544
18 1964 11979 0 1777797283 20769
16 2150 22218 0 1777797283 22545
14 1880 10858 0 1777797283 31413
15 2034 75782 0 1777797283 31423
16 2151 8881 0 1777797283 31433
17 1990 23913 0 1777797283 32224
19 1950 26392 0 1777797283 37261
18 1965 16577 0 1777797283 37347
14 1881 5962 0 1777797283 37398
15 2035 7524 0 1777797283 38972
14 1882 3900 0 1777797283 41299
18 1966 9259 0 1777797283 46609
17 1991 14560 0 1777797283 46786
15 2036 7867 0 1777797283 46848
19 1951 9607 0 1777797283 46871
16 2152 16078 0 1777797283 47533
15 2037 2352 0 1777797283 49201
15 2038 6035 0 1777797283 55238
18 1967 8771 0 1777797283 55382
19 1952 11188 0 1777797283 58061
14 1883 16792 0 1777797283 58096
16 2153 10829 0 1777797283 58364
17 1992 11583 0 1777797283 58371
18 1968 10957 0 1777797283 66340
15 2039 16668 0 1777797283 71909
17 1993 13541 0 1777797283 71923
19 1953 13858 0 1777797283 71927
16 2154 15073 0 1777797283 73446
14 1884 15610 0 1777797283 73706
15 2040 10213 0 1777797283 82141
17 1994 10354 0 1777797283 82291
19 1954 10358 0 1777797283 82302
18 1969 21719 0 1777797283 88063
14 1885 19864 0 1777797283 93571
19 1955 16396 0 1777797283 98699
16 2155 25315 0 1777797283 98770
14 1886 11418 0 1777797283 104992
17 1995 22708 0 1777797283 105000
18 1970 16937 0 1777797283 105005
15 2041 24883 0 1777797283 107027
19 1956 11032 0 1777797283 109734
14 1887 8991 0 1777797283 113997
18 1971 8984 0 1777797283 114010
16 2156 25324 0 1777797283 124096
19 1957 14531 0 1777797283 124266
15 2042 17254 0 1777797283 124287
18 1972 11592 0 1777797283 125622
14 1888 11800 0 1777797283 125812
17 1996 22069 0 1777797283 127088
16 2157 4236 0 1777797283 128338
15 2043 4090 0 1777797283 128379
19 1958 5509 0 1777797283 129776
19 1959 5930 0 1777797283 135707
15 2044 7686 0 1777797283 136067
18 1973 10705 0 1777797283 136378
17 1997 11561 0 1777797283 138651
16 2158 10471 0 1777797283 138811
14 1889 19393 0 1777797283 145206
18 1974 11045 0 1777797283 147425
19 1960 11728 0 1777797283 147437
15 2045 11890 0 1777797283 147958
17 1998 10579 0 1777797283 149310
14 1890 8752 0 1777797283 153960
16 2159 16559 0 1777797283 155371
18 1975 8439 0 1777797283 155878
19 1961 9928 0 1777797283 157390
17 1999 11410 0 1777797283 160722
15 2046 13904 0 1777797283 161869
16 2160 7947 0 1777797283 163320
14 1891 10421 0 1777797283 164385
14 1892 3534 0 1777797283 167922
15 2047 7344 0 1777797283 169215
19 1962 11826 0 1777797283 169226
16 2161 8589 0 1777797283 171916
18 1976 17527 0 1777797283 173406
19 1963 4919 0 1777797283 174159
14 1893 6640 0 1777797283 174564
16 2162 7163 0 1777797283 179081
16 2163 1847 0 1777797283 180930
15 2048 12044 0 1777797283 181271
18 1977 8425 0 1777797283 181833
16 2164 1177 0 1777797283 182111
16 2165 706 0 1777797283 182819
15 2049 2086 0 1777797283 183359
19 1964 9655 0 1777797283 183818
14 1894 9473 0 1777797283 184041
15 2050 3103 0 1777797283 186464
17 2000 25800 0 1777797283 186524
14 1895 2980 0 1777797283 187024
18 1978 5206 0 1777797283 187041
19 1965 4192 0 1777797283 188012
15 2051 5377 0 1777797283 191844
14 1896 5315 0 1777797283 192357
18 1979 6772 0 1777797283 193848
17 2001 9089 0 1777797283 195615
19 1966 7609 0 1777797283 195625
16 2166 15022 0 1777797283 197843
15 2052 6557 0 1777797283 198404
14 1897 6545 0 1777797283 198907
16 2167 1968 0 1777797283 199818
14 1898 1498 0 1777797283 200406
18 1980 8530 0 1777797283 202388
16 2168 6032 0 1777797283 205852
15 2053 7667 0 1777797283 206073
14 1899 8246 0 1777797283 208656
16 2169 3481 0 1777797283 209338
19 1967 14224 0 1777797283 209860
18 1981 12837 0 1777797283 215230
14 1900 8095 0 1777797283 216753
17 2002 21755 0 1777797283 217381
18 1982 2545 0 1777797283 217777
16 2170 8707 0 1777797283 218056
15 2054 17841 0 1777797283 223917
14 1901 7335 0 1777797283 224090
17 2003 8630 0 1777797283 226015
14 1902 4336 0 1777797283 228427
16 2171 10384 0 1777797283 228442
18 1983 11215 0 1777797283 228994
15 2055 5354 0 1777797283 229273
19 1968 21972 0 1777797283 231833
14 1903 4396 0 1777797283 232839
14 1904 7796 0 1777797283 240639
17 2004 14648 0 1777797283 240668
15 2056 15034 0 1777797283 244310
16 2172 15871 0 1777797283 244329
19 1969 13820 0 1777797283 245657
14 1905 5703 0 1777797283 246349
19 1970 3599 0 1777797283 249262
14 1906 3953 0 1777797283 250305
16 2173 8031 0 1777797283 252370
19 1971 4256 0 1777797283 253520
14 1907 5190 0 1777797283 255499
16 2174 4325 0 1777797283 256702
15 2057 12832 0 1777797283 257162
16 2175 797 0 1777797283 257501
14 1908 3240 0 1777797283 258744
17 2005 22572 0 1777797283 263241
14 1909 6433 0 1777797283 265181
16 2176 7690 0 1777797283 265194
14 1910 2949 0 1777797283 268145
14 1911 2513 0 1777797283 270662
16 2177 5858 0 1777797283 271073
16 2178 1015 0 1777797283 272094
19 1972 19152 0 1777797283 272728
16 2179 1090 0 1777797283 273188
15 2058 16207 0 1777797283 273371
16 2180 3487 0 1777797283 276679
14 1912 6048 0 1777797283 276715
15 2059 5806 0 1777797283 279180
17 2006 15944 0 1777797283 279187
16 2181 5591 0 1777797283 282274
18 1984 53392 0 1777797283 282389
19 1973 11172 0 1777797283 283903
14 1913 7329 0 1777797283 284045
16 2182 5653 0 1777797283 287930
15 2060 8854 0 1777797283 288041
19 1974 6558 0 1777797283 290464
14 1914 6798 0 1777797283 290845
17 2007 11674 0 1777797283 290868
16 2183 5755 0 1777797283 293695
18 1985 14145 0 1777797283 296536
15 2061 9298 0 1777797283 297340
19 1975 11022 0 1777797283 301488
14 1915 11544 0 1777797283 302393
17 2008 11590 0 1777797283 302459
16 2184 11577 0 1777797283 305274
15 2062 8751 0 1777797283 306093
14 1916 10663 0 1777797283 313058
17 2009 12016 0 1777797283 314477
19 1976 17629 0 1777797283 319118
16 2185 14099 0 1777797283 319375
14 1917 6583 0 1777797283 319644
15 2063 13965 0 1777797283 320060
16 2186 4856 0 1777797283 324232
18 1986 27701 0 1777797283 324246
14 1918 4632 0 1777797283 324278
17 2010 13261 0 1777797283 327743
19 1977 11978 0 1777797283 331199
16 2187 7179 0 1777797283 331426
14 1919 7394 0 1777797283 331673
17 2011 4416 0 1777797283 332163
16 2188 4449 0 1777797283 335876
18 1987 12468 0 1777797283 336727
14 1920 5109 0 1777797283 336784
15 2064 16871 0 1777797283 336934
16 2189 9272 0 1777797283 345151
17 2012 13005 0 1777797283 345170
14 1921 9316 0 1777797283 346101
19 1978 16001 0 1777797283 347204
15 2065 11052 0 1777797283 347987
16 2190 7694 0 1777797283 352866
19 1979 7906 0 1777797283 355114
17 2013 9968 0 1777797283 355169
15 2066 10324 0 1777797283 358314
16 2191 7161 0 1777797283 360037
18 1988 26498 0 1777797283 363235
19 1980 8144 0 1777797283 363260
14 1922 17895 0 1777797283 364003
15 2067 14730 0 1777797283 373046
14 1923 15434 0 1777797283 379444
18 1989 16209 0 1777797283 379471
17 2014 25004 0 1777797283 380174
16 2192 20215 0 1777797283 380258
19 1981 17090 0 1777797283 380372
14 1924 5504 0 1777797283 384954
15 2068 12012 0 1777797283 385059
18 1990 5854 0 1777797283 385326
16 2193 6038 0 1777797283 386297
19 1982 6229 0 1777797283 386605
17 2015 6672 0 1777797283 386850
19 1983 5867 0 1777797283 392474
15 2069 10319 0 1777797283 395379
16 2194 9090 0 1777797283 395388
18 1991 11117 0 1777797283 396444
14 1925 13052 0 1777797283 398030
17 2016 11188 0 1777797283 398040
19 1984 6579 0 1777797283 399055
16 2195 3854 0 1777797283 399268
14 1926 6361 0 1777797283 404403
17 2017 6362 0 1777797283 404411
16 2196 8241 0 1777797283 407512
15 2070 13128 0 1777797283 408517
14 1927 4634 0 1777797283 409046
16 2197 1539 0 1777797283 409053
16 2198 3616 0 1777797283 412680
17 2018 10078 0 1777797283 414500
19 1985 16462 0 1777797283 415518
17 2019 1640 0 1777797283 416142
17 2020 1901 0 1777797283 418045
16 2199 7634 0 1777797283 420318
18 1992 24373 0 1777797283 420819
15 2071 12575 0 1777797283 421094
14 1928 15145 0 1777797283 424199
19 1986 8694 0 1777797283 424215
18 1993 5757 0 1777797283 426579
19 1987 2932 0 1777797283 427159
15 2072 6435 0 1777797283 427531
19 1988 1471 0 1777797283 428632
17 2021 11422 0 1777797283 429470
15 2073 2295 0 1777797283 429831
19 1989 4269 0 1777797283 432904
14 1929 11192 0 1777797283 435409
16 2200 15117 0 1777797283 435438
18 1994 11933 0 1777797283 438514
15 2074 17786 0 1777797283 447620
16 2201 14264 0 1777797283 449704
14 1930 20044 0 1777797283 455457
17 2022 28094 0 1777797283 457566
14 1931 7889 0 1777797283 463349
18 1995 25314 0 1777797283 463831
15 2075 16901 0 1777797283 464523
18 1996 1025 0 1777797283 464859
18 1997 2378 0 1777797283 467238
15 2076 2958 0 1777797283 467483
17 2023 11061 0 1777797283 468632
16 2202 18984 0 1777797283 468691
14 1932 6375 0 1777797283 469727
19 1990 38243 0 1777797283 471151
18 1998 5587 0 1777797283 472831
15 2077 5364 0 1777797283 472849
16 2203 4777 0 1777797283 473469
19 1991 2366 0 1777797283 473519
17 2024 6131 0 1777797283 474766
14 1933 6882 0 1777797283 476616
19 1992 6494 0 1777797283 480015
15 2078 7936 0 1777797283 480786
17 2025 15885 0 1777797283 490653
16 2204 17471 0 1777797283 490942
14 1934 14968 0 1777797283 491586
15 2079 12347 0 1777797283 493135
18 1999 20435 0 1777797283 493268
18 2000 2034 0 1777797283 495305
14 1935 4083 0 1777797283 495671
18 2001 1801 0 1777797283 497108
14 1936 3115 0 1777797283 498789
15 2080 8627 0 1777797283 501764
18 2002 9954 0 1777797283 507064
14 1937 11377 0 1777797283 510170
16 2205 20507 0 1777797283 511454
16 2206 3042 0 1777797283 514499
15 2081 17307 0 1777797283 519076
17 2026 29758 0 1777797283 520415
14 1938 14373 0 1777797283 524545
19 1993 44951 0 1777797283 524968
17 2027 7237 0 1777797283 527655
19 1994 2904 0 1777797283 527882
16 2207 14925 0 1777797283 529427
15 2082 11691 0 1777797283 530769
14 1939 6414 0 1777797283 530963
15 2083 4936 0 1777797283 535707
17 2028 8062 0 1777797283 535720
19 1995 7842 0 1777797283 535726
18 2003 29533 0 1777797283 536601
16 2208 7779 0 1777797283 537210
14 1940 7061 0 1777797283 538025
17 2029 5808 0 1777797283 541617
16 2209 4435 0 1777797283 541647
19 1996 8738 0 1777797283 544555
18 2004 9447 0 1777797283 546049
14 1941 8800 0 1777797283 546828
15 2084 11352 0 1777797283 547148
17 2030 7048 0 1777797283 548667
18 2005 7716 0 1777797283 553767
19 1997 9217 0 1777797283 553775
16 2210 12176 0 1777797283 553824
15 2085 6850 0 1777797283 554000
14 1942 18290 0 1777797283 565120
17 2031 16458 0 1777797283 565127
19 1998 11334 0 1777797283 565134
18 2006 13827 0 1777797283 567604
15 2086 15406 0 1777797283 569409
16 2211 15590 0 1777797283 569415
19 1999 7694 0 1777797283 572848
16 2212 11143 0 1777797283 580569
17 2032 16112 0 1777797283 581257
18 2007 14023 0 1777797283 581638
14 1943 16741 0 1777797283 581876
15 2087 13139 0 1777797283 582556
19 2000 10743 0 1777797283 583592
16 2213 5377 0 1777797283 585958
18 2008 4329 0 1777797283 585969
15 2088 4960 0 1777797283 587521
17 2033 6335 0 1777797283 587598
14 1944 9894 0 1777797283 591772
18 2009 10891 0 1777797283 596876
19 2001 17140 0 1777797283 600734
16 2214 14899 0 1777797283 600870
14 1945 9105 0 1777797283 600889
17 2034 13304 0 1777797283 600904
15 2089 23156 0 1777797283 610710
19 2002 10010 0 1777797283 610747
14 1946 9902 0 1777797283 610792
18 2010 15090 0 1777797283 611969
16 2215 11312 0 1777797283 612183
17 2035 15294 0 1777797283 616199
14 1947 6225 0 1777797283 617026
18 2011 10836 0 1777797283 622815
19 2003 12075 0 1777797283 622823
16 2216 12212 0 1777797283 624397
15 2090 19036 0 1777797283 629750
16 2217 5361 0 1777797283 629760
17 2036 14010 0 1777797283 630211
19 2004 7674 0 1777797283 630510
14 1948 13499 0 1777797283 630527
18 2012 9301 0 1777797283 632125
14 1949 6714 0 1777797283 637242
15 2091 7700 0 1777797283 637461
19 2005 8368 0 1777797283 638880
17 2037 8786 0 1777797283 638999
16 2218 9303 0 1777797283 639074
18 2013 9729 0 1777797283 641859
15 2092 7135 0 1777797283 644598
14 1950 10837 0 1777797283 648082
17 2038 9121 0 1777797283 648121
19 2006 10679 0 1777797283 649562
18 2014 11826 0 1777797283 653687
16 2219 20597 0 1777797283 659672
14 1951 11910 0 1777797283 659995
17 2039 13294 0 1777797283 661417
19 2007 13493 0 1777797283 663059
17 2040 6264 0 1777797283 667683
18 2015 19683 0 1777797283 673373
14 1952 15117 0 1777797283 675113
17 2041 8661 0 1777797283 676347
18 2016 3906 0 1777797283 677281
15 2093 37604 0 1777797283 682203
19 2008 19689 0 1777797283 682750
16 2220 26361 0 1777797283 686042
19 2009 3463 0 1777797283 686216
15 2094 11275 0 1777797283 693480
19 2010 7290 0 1777797283 693509
19 2011 9748 0 1777797283 703258
19 2012 1402 0 1777797283 704662
19 2013 1911 0 1777797283 706577
15 2095 17194 0 1777797283 710677
18 2017 33403 0 1777797283 710686
19 2014 4114 0 1777797283 710694
17 2042 43524 0 1777797283 719872
18 2018 10647 0 1777797283 721375
18 2019 1578 0 1777797283 722959
16 2221 37049 0 1777797283 723094
19 2015 13058 0 1777797283 723811
14 1953 48718 0 1777797283 723836
17 2043 6636 0 1777797283 726511
18 2020 7045 0 1777797283 730108
19 2016 6844 0 1777797283 730660
18 2021 1805 0 1777797283 731915
14 1954 8687 0 1777797283 732524
19 2017 2086 0 1777797283 732747
19 2018 1609 0 1777797283 734358
18 2022 3460 0 1777797283 735378
14 1955 4854 0 1777797283 737380
19 2019 7437 0 1777797283 741798
17 2044 15920 0 1777797283 742433
15 2096 32567 0 1777797283 743262
14 1956 6713 0 1777797283 744096
15 2097 2014 0 1777797283 745278
16 2222 26631 0 1777797283 749727
14 1957 7948 0 1777797283 752047
15 2098 7420 0 1777797283 752700
16 2223 7712 0 1777797283 757442
15 2099 5263 0 1777797283 757966
14 1958 7774 0 1777797283 759826
15 2100 5463 0 1777797283 763431
17 2045 21808 0 1777797283 764242
18 2023 28874 0 1777797283 764255
17 2046 1149 0 1777797283 765406
18 2024 2194 0 1777797283 766460
17 2047 2321 0 1777797283 767728
18 2025 1486 0 1777797283 767947
14 1959 11987 0 1777797283 771816
16 2224 14383 0 1777797283 771830
18 2026 5127 0 1777797283 773075
19 2020 33463 0 1777797283 775263
15 2101 12521 0 1777797283 775955
18 2027 3543 0 1777797283 776625
14 1960 5064 0 1777797283 776896
18 2028 917 0 1777797283 777544
15 2102 4375 0 1777797283 780389
15 2103 2134 0 1777797283 782525
14 1961 9243 0 1777797283 786143
19 2021 13893 0 1777797283 789163
16 2225 18248 0 1777797283 790090
18 2029 12599 0 1777797283 790146
17 2048 22575 0 1777797283 790308
15 2104 8943 0 1777797283 791473
15 2105 3461 0 1777797283 794943
17 2049 7914 0 1777797283 798223
14 1962 13239 0 1777797283 799384
15 2106 6139 0 1777797283 801089
18 2030 11922 0 1777797283 802069
17 2050 5671 0 1777797283 803896
14 1963 8135 0 1777797283 807522
15 2107 8999 0 1777797283 810092
18 2031 8347 0 1777797283 810418
17 2051 7366 0 1777797283 811265
19 2022 23545 0 1777797283 812710
16 2226 24358 0 1777797283 814454
14 1964 8004 0 1777797283 815529
15 2108 6032 0 1777797283 816126
18 2032 6640 0 1777797283 817063
17 2052 8863 0 1777797283 820130
19 2023 8455 0 1777797283 821167
14 1965 6507 0 1777797283 822038
18 2033 7868 0 1777797283 824936
15 2109 10597 0 1777797283 826726
16 2227 12280 0 1777797283 826743
17 2053 7600 0 1777797283 827734
14 1966 5834 0 1777797283 827874
15 2110 4690 0 1777797283 831434
17 2054 3761 0 1777797283 831500
14 1967 4758 0 1777797283 832634
14 1968 4908 0 1777797283 837547
18 2034 12753 0 1777797283 837691
15 2111 6404 0 1777797283 837846
16 2228 11098 0 1777797283 837852
17 2055 6648 0 1777797283 838149
14 1969 7356 0 1777797283 844914
18 2035 7241 0 1777797283 844933
19 2024 24910 0 1777797283 846079
17 2056 8179 0 1777797283 846330
16 2229 9500 0 1777797283 847376
18 2036 2444 0 1777797283 847395
14 1970 3967 0 1777797283 848901
18 2037 5070 0 1777797283 852487
17 2057 6294 0 1777797283 852626
19 2025 9201 0 1777797283 855282
15 2112 17902 0 1777797283 855754
14 1971 7771 0 1777797283 856674
18 2038 4901 0 1777797283 857390
17 2058 7639 0 1777797283 860267
16 2230 12884 0 1777797283 860288
14 1972 5148 0 1777797283 861825
15 2113 7793 0 1777797283 863550
19 2026 11618 0 1777797283 866902
16 2231 7118 0 1777797283 867407
18 2039 10071 0 1777797283 867462
17 2059 7398 0 1777797283 867668
14 1973 8964 0 1777797283 870791
19 2027 4643 0 1777797283 871547
15 2114 8650 0 1777797283 872203
17 2060 4606 0 1777797283 872280
18 2040 8163 0 1777797283 875626
15 2115 3477 0 1777797283 875687
19 2028 4193 0 1777797283 875741
17 2061 3514 0 1777797283 875795
16 2232 13408 0 1777797283 880817
15 2116 5155 0 1777797283 880843
18 2041 5238 0 1777797283 880866
14 1974 12331 0 1777797283 883124
17 2062 8618 0 1777797283 884415
15 2117 4564 0 1777797283 885408
16 2233 8203 0 1777797283 889022
19 2029 13874 0 1777797283 889616
17 2063 5400 0 1777797283 889817
18 2042 9121 0 1777797283 889988
15 2118 8139 0 1777797283 893551
14 1975 10448 0 1777797283 893585
17 2064 5778 0 1777797283 895596
18 2043 7202 0 1777797283 897192
14 1976 6742 0 1777797283 900329
17 2065 7779 0 1777797283 903378
19 2030 14400 0 1777797283 904018
18 2044 8701 0 1777797283 905898
16 2234 17179 0 1777797283 906203
15 2119 13498 0 1777797283 907051
14 1977 9353 0 1777797283 909687
15 2120 3641 0 1777797283 910695
15 2121 1029 0 1777797283 911728
16 2235 6475 0 1777797283 912680
15 2122 986 0 1777797283 912717
15 2123 1006 0 1777797283 913725
14 1978 7290 0 1777797283 916979
17 2066 13959 0 1777797283 917339
14 1979 5556 0 1777797283 922540
15 2124 9106 0 1777797283 922834
19 2031 18825 0 1777797283 922846
16 2236 12672 0 1777797283 925354
17 2067 8368 0 1777797283 925711
18 2045 20137 0 1777797283 926043
14 1980 12116 0 1777797283 934659
18 2046 12468 0 1777797283 938514
15 2125 17959 0 1777797283 940806
18 2047 7968 0 1777797283 946485
17 2068 23889 0 1777797283 949603
15 2126 9551 0 1777797283 950359
14 1981 17117 0 1777797283 951786
17 2069 3728 0 1777797283 953336
15 2127 4223 0 1777797283 954585
14 1982 2948 0 1777797283 954745
18 2048 8824 0 1777797283 955312
19 2032 33629 0 1777797283 956498
14 1983 6831 0 1777797283 961578
17 2070 8967 0 1777797283 962310
15 2128 7763 0 1777797283 962351
16 2237 37831 0 1777797283 963188
14 1984 2823 0 1777797283 964404
19 2033 8797 0 1777797283 965299
16 2238 2437 0 1777797283 965627
14 1985 1799 0 1777797283 966206
17 2071 5049 0 1777797283 967361
16 2239 4885 0 1777797283 970514
17 2072 4170 0 1777797283 971534
16 2240 3278 0 1777797283 973796
17 2073 6386 0 1777797283 977924
15 2129 15610 0 1777797283 977963
16 2241 4347 0 1777797283 978145
14 1986 12034 0 1777797283 978243
19 2034 15102 0 1777797283 980450
15 2130 3676 0 1777797283 981640
17 2074 5385 0 1777797283 983324
14 1987 5922 0 1777797283 984167
14 1988 2370 0 1777797283 986542
15 2131 6931 0 1777797283 988573
19 2035 8637 0 1777797283 989089
15 2132 1378 0 1777797283 989953
14 1989 4820 0 1777797283 991366
15 2133 3930 0 1777797283 993886
14 1990 4592 0 1777797283 995960
16 2242 19728 0 1777797283 997875
16 2243 1153 0 1777797283 999032
19 2036 11014 0 1777797284 104
17 2075 17295 0 1777797284 626
19 2037 3454 0 1777797284 3560
16 2244 7852 0 1777797284 6886
18 2049 52738 0 1777797284 8052
18 2050 2378 0 1777797284 10432
14 1991 16181 0 1777797284 12150
17 2076 12190 0 1777797284 12821
15 2134 21264 0 1777797284 15153
14 1992 4828 0 1777797284 16982
18 2051 6562 0 1777797284 16996
17 2077 4210 0 1777797284 17034
19 2038 16302 0 1777797284 19865
15 2135 10955 0 1777797284 26110
18 2052 10012 0 1777797284 27028
14 1993 10052 0 1777797284 27049
15 2136 2552 0 1777797284 28664
19 2039 9470 0 1777797284 29337
15 2137 1177 0 1777797284 29844
18 2053 5743 0 1777797284 32773
15 2138 4893 0 1777797284 34739
14 1994 9531 0 1777797284 36581
18 2054 3845 0 1777797284 36621
16 2245 32078 0 1777797284 38966
17 2078 22133 0 1777797284 39168
17 2079 979 0 1777797284 40149
14 1995 5967 0 1777797284 42550
17 2080 2417 0 1777797284 42568
15 2139 9540 0 1777797284 44281
19 2040 17059 0 1777797284 46398
16 2246 8519 0 1777797284 47490
15 2140 4954 0 1777797284 49241
17 2081 6868 0 1777797284 49459
19 2041 3098 0 1777797284 49504
14 1996 9264 0 1777797284 51833
17 2082 2893 0 1777797284 52354
19 2042 3878 0 1777797284 53384
17 2083 1389 0 1777797284 53745
17 2084 4053 0 1777797284 57799
16 2247 11289 0 1777797284 58786
14 1997 7973 0 1777797284 59811
15 2141 13897 0 1777797284 63141
17 2085 8188 0 1777797284 65990
14 1998 6928 0 1777797284 66741
15 2142 3808 0 1777797284 66953
19 2043 16901 0 1777797284 70287
17 2086 5799 0 1777797284 71791
16 2248 13371 0 1777797284 72161
15 2143 5345 0 1777797284 72300
14 1999 7003 0 1777797284 73751
17 2087 3394 0 1777797284 75187
18 2055 38573 0 1777797284 75196
19 2044 5951 0 1777797284 76253
14 2000 5971 0 1777797284 79724
16 2249 10531 0 1777797284 82693
15 2144 11234 0 1777797284 83536
18 2056 8337 0 1777797284 83556
17 2088 12132 0 1777797284 87330
18 2057 4343 0 1777797284 87900
14 2001 8442 0 1777797284 88169
18 2058 1840 0 1777797284 89746
19 2045 14701 0 1777797284 90956
19 2046 2859 0 1777797284 93817
16 2250 12604 0 1777797284 95314
15 2145 12031 0 1777797284 95569
17 2089 9363 0 1777797284 96700
15 2146 1576 0 1777797284 97147
17 2090 657 0 1777797284 97359
18 2059 7738 0 1777797284 97488
16 2251 2489 0 1777797284 97805
15 2147 1197 0 1777797284 98348
14 2002 10270 0 1777797284 98442
19 2047 5507 0 1777797284 99325
17 2091 2163 0 1777797284 99524
17 2092 2559 0 1777797284 102084
15 2148 5698 0 1777797284 104051
15 2149 994 0 1777797284 105051
16 2252 7686 0 1777797284 105494
14 2003 7263 0 1777797284 105707
19 2048 7233 0 1777797284 106560
16 2253 1478 0 1777797284 106976
15 2150 2799 0 1777797284 107852
18 2060 11236 0 1777797284 108726
17 2093 6849 0 1777797284 108936
14 2004 10364 0 1777797284 116073
18 2061 8049 0 1777797284 116778
17 2094 11826 0 1777797284 120764
16 2254 13850 0 1777797284 120828
19 2049 17481 0 1777797284 124043
19 2050 7846 0 1777797284 131893
14 2005 15835 0 1777797284 131912
15 2151 24165 0 1777797284 132019
17 2095 11259 0 1777797284 132026
18 2062 15251 0 1777797284 132033
16 2255 13424 0 1777797284 134254
14 2006 2859 0 1777797284 134772
15 2152 2764 0 1777797284 134798
18 2063 12754 0 1777797284 144801
18 2064 3263 0 1777797284 148074
19 2051 19700 0 1777797284 151596
17 2096 20409 0 1777797284 152450
16 2256 18243 0 1777797284 152503
15 2153 19978 0 1777797284 154778
17 2097 3936 0 1777797284 156392
15 2154 7335 0 1777797284 162117
18 2065 14047 0 1777797284 162123
16 2257 10366 0 1777797284 162915
19 2052 11544 0 1777797284 163142
14 2007 28443 0 1777797284 163219
18 2066 7540 0 1777797284 169677
18 2067 2990 0 1777797284 172673
16 2258 11603 0 1777797284 174524
18 2068 1942 0 1777797284 174618
18 2069 2445 0 1777797284 177065
17 2098 21011 0 1777797284 177405
18 2070 1822 0 1777797284 178888
18 2071 941 0 1777797284 179831
15 2155 18257 0 1777797284 180381
17 2099 3241 0 1777797284 180647
18 2072 2166 0 1777797284 182000
15 2156 3352 0 1777797284 183734
16 2259 9249 0 1777797284 183776
18 2073 1793 0 1777797284 183795
14 2008 24716 0 1777797284 187936
19 2053 24801 0 1777797284 187944
17 2100 7320 0 1777797284 187970
17 2101 3076 0 1777797284 191047
14 2009 9056 0 1777797284 197000
19 2054 9136 0 1777797284 197089
15 2157 16472 0 1777797284 200210
16 2260 17070 0 1777797284 200847
17 2102 11397 0 1777797284 202447
18 2074 18674 0 1777797284 202470
17 2103 6018 0 1777797284 208489
19 2055 17195 0 1777797284 214286
14 2010 17659 0 1777797284 214668
18 2075 15622 0 1777797284 218099
17 2104 15440 0 1777797284 223933
18 2076 6092 0 1777797284 224196
17 2105 4984 0 1777797284 228923
15 2158 28848 0 1777797284 229062
16 2261 28288 0 1777797284 229137
18 2077 5125 0 1777797284 229322
19 2056 15105 0 1777797284 229394
18 2078 3975 0 1777797284 233299
17 2106 6731 0 1777797284 235656
16 2262 6889 0 1777797284 236028
19 2057 6682 0 1777797284 236077
18 2079 4161 0 1777797284 237470
18 2080 1101 0 1777797284 238574
15 2159 10040 0 1777797284 239104
18 2081 1666 0 1777797284 240243
15 2160 3481 0 1777797284 242588
18 2082 2689 0 1777797284 242934
18 2083 4262 0 1777797284 247197
18 2084 1547 0 1777797284 248747
18 2085 747 0 1777797284 249496
17 2107 14570 0 1777797284 250231
18 2086 1235 0 1777797284 250732
19 2058 14664 0 1777797284 250742
17 2108 1946 0 1777797284 252181
18 2087 2040 0 1777797284 252783
19 2059 2912 0 1777797284 253666
16 2263 18500 0 1777797284 254532
15 2161 13160 0 1777797284 255750
16 2264 1378 0 1777797284 255914
18 2088 3807 0 1777797284 256596
15 2162 1756 0 1777797284 257508
17 2109 5423 0 1777797284 257612
16 2265 2133 0 1777797284 258048
15 2163 1777 0 1777797284 259289
18 2089 3112 0 1777797284 259711
18 2090 1344 0 1777797284 261058
19 2060 7938 0 1777797284 261607
17 2110 5245 0 1777797284 262858
15 2164 4823 0 1777797284 264120
19 2061 2517 0 1777797284 264129
15 2165 845 0 1777797284 264974
15 2166 5500 0 1777797284 270478
14 2011 55838 0 1777797284 270508
17 2111 8138 0 1777797284 270999
19 2062 7664 0 1777797284 271804
16 2266 15063 0 1777797284 273112
14 2012 6974 0 1777797284 277484
17 2112 6621 0 1777797284 277622
15 2167 7303 0 1777797284 277786
16 2267 4866 0 1777797284 277988
19 2063 6343 0 1777797284 278149
18 2091 18667 0 1777797284 279728
19 2064 5354 0 1777797284 283505
16 2268 7510 0 1777797284 285499
18 2092 5773 0 1777797284 285507
14 2013 10044 0 1777797284 287531
15 2168 10570 0 1777797284 288366
15 2169 4244 0 1777797284 292614
16 2269 7245 0 1777797284 292753
18 2093 8098 0 1777797284 293614
17 2113 16018 0 1777797284 293641
19 2065 12906 0 1777797284 296421
15 2170 6005 0 1777797284 298622
19 2066 2351 0 1777797284 298774
18 2094 6360 0 1777797284 299977
16 2270 7674 0 1777797284 300428
19 2067 2059 0 1777797284 300834
15 2171 3223 0 1777797284 301848
19 2068 5006 0 1777797284 305845
18 2095 6348 0 1777797284 306329
18 2096 1370 0 1777797284 307701
19 2069 4746 0 1777797284 310592
18 2097 3153 0 1777797284 310857
15 2172 10300 0 1777797284 312151
19 2070 2864 0 1777797284 313462
16 2271 13335 0 1777797284 313764
19 2071 2516 0 1777797284 315983
17 2114 22970 0 1777797284 316613
17 2115 4818 0 1777797284 321436
18 2098 11170 0 1777797284 322029
19 2072 7738 0 1777797284 323724
15 2173 12304 0 1777797284 324459
18 2099 3185 0 1777797284 325215
15 2174 4812 0 1777797284 329273
19 2073 6885 0 1777797284 330610
18 2100 6301 0 1777797284 331517
18 2101 3258 0 1777797284 334781
19 2074 5012 0 1777797284 335624
17 2116 16035 0 1777797284 337482
15 2175 9055 0 1777797284 338330
19 2075 4964 0 1777797284 340659
19 2076 4710 0 1777797284 345371
18 2102 10985 0 1777797284 345768
17 2117 9125 0 1777797284 346615
19 2077 2945 0 1777797284 348319
19 2078 3399 0 1777797284 351721
19 2079 2914 0 1777797284 354637
16 2272 41791 0 1777797284 355558
16 2273 3920 0 1777797284 359482
17 2118 15993 0 1777797284 362611
18 2103 19446 0 1777797284 365215
17 2119 6479 0 1777797284 369101
14 2014 85895 0 1777797284 373429
15 2176 35376 0 1777797284 373711
18 2104 8571 0 1777797284 373788
19 2080 19680 0 1777797284 374320
14 2015 4602 0 1777797284 378041
19 2081 3738 0 1777797284 378063
16 2274 18747 0 1777797284 378232
15 2177 4740 0 1777797284 378452
17 2120 10560 0 1777797284 379672
15 2178 3993 0 1777797284 382447
18 2105 8940 0 1777797284 382730
18 2106 2031 0 1777797284 384763
15 2179 4443 0 1777797284 386894
14 2016 16577 0 1777797284 394641
17 2121 15556 0 1777797284 395232
18 2107 13235 0 1777797284 398000
16 2275 20841 0 1777797284 399074
15 2180 12520 0 1777797284 399418
18 2108 1942 0 1777797284 399944
19 2082 21943 0 1777797284 400017
16 2276 1468 0 1777797284 400546
17 2122 10790 0 1777797284 406024
18 2109 6526 0 1777797284 406474
14 2017 12183 0 1777797284 406827
15 2181 8587 0 1777797284 408008
16 2277 7832 0 1777797284 408382
19 2083 13322 0 1777797284 413341
14 2018 7633 0 1777797284 414461
18 2110 9399 0 1777797284 415874
17 2123 11136 0 1777797284 417163
16 2278 10294 0 1777797284 418679
19 2084 6932 0 1777797284 420276
15 2182 13120 0 1777797284 421131
16 2279 4371 0 1777797284 423052
17 2124 9644 0 1777797284 426810
15 2183 6498 0 1777797284 427640
19 2085 7945 0 1777797284 428227
15 2184 7789 0 1777797284 435435
14 2019 22057 0 1777797284 436520
14 2020 2563 0 1777797284 439086
17 2125 12582 0 1777797284 439398
14 2021 6864 0 1777797284 445952
16 2280 26679 0 1777797284 449734
18 2111 43613 0 1777797284 459489
15 2185 28261 0 1777797284 463702
18 2112 5168 0 1777797284 464659
19 2086 36433 0 1777797284 464664
14 2022 24196 0 1777797284 470149
15 2186 9333 0 1777797284 473038
17 2126 35573 0 1777797284 474973
19 2087 10565 0 1777797284 475238
16 2281 25707 0 1777797284 475445
18 2113 14483 0 1777797284 479147
14 2023 16623 0 1777797284 486774
18 2114 7711 0 1777797284 486859
16 2282 11968 0 1777797284 487414
17 2127 13584 0 1777797284 488558
19 2088 13517 0 1777797284 488755
18 2115 2635 0 1777797284 489494
19 2089 16934 0 1777797284 505691
15 2187 32688 0 1777797284 505728
17 2128 22558 0 1777797284 511118
19 2090 5735 0 1777797284 511433
16 2283 24728 0 1777797284 512142
15 2188 6735 0 1777797284 512464
16 2284 9028 0 1777797284 521171
15 2189 15134 0 1777797284 527599
14 2024 44060 0 1777797284 530836
17 2129 19844 0 1777797284 530964
19 2091 25110 0 1777797284 536545
14 2025 15801 0 1777797284 546639
16 2285 25483 0 1777797284 546658
17 2130 15700 0 1777797284 546665
14 2026 1946 0 1777797284 548613
15 2190 23665 0 1777797284 551265
17 2131 5954 0 1777797284 552652
19 2092 16171 0 1777797284 552717
14 2027 6494 0 1777797284 555114
18 2116 66088 0 1777797284 555583
14 2028 2277 0 1777797284 557396
17 2132 12586 0 1777797284 565247
18 2117 13670 0 1777797284 569258
17 2133 11309 0 1777797284 576569
15 2191 29707 0 1777797284 580975
17 2134 5814 0 1777797284 582385
18 2118 13800 0 1777797284 583061
19 2093 30381 0 1777797284 583100
18 2119 7669 0 1777797284 590732
18 2120 3864 0 1777797284 594599
15 2192 14677 0 1777797284 595654
19 2094 15377 0 1777797284 598478
18 2121 4637 0 1777797284 599238
14 2029 46710 0 1777797284 604117
14 2030 6386 0 1777797284 610511
18 2122 16031 0 1777797284 615271
14 2031 5625 0 1777797284 616141
17 2135 39642 0 1777797284 622036
19 2095 23568 0 1777797284 622057
19 2096 5348 0 1777797284 627407
14 2032 17216 0 1777797284 633361
18 2123 19913 0 1777797284 635191
14 2033 9502 0 1777797284 642865
17 2136 26426 0 1777797284 648464
14 2034 5865 0 1777797284 648736
17 2137 7715 0 1777797284 656181
14 2035 8033 0 1777797284 656771
18 2124 21592 0 1777797284 656789
19 2097 29382 0 1777797284 656794
16 2286 110381 0 1777797284 657063
15 2193 61996 0 1777797284 657653
17 2138 9080 0 1777797284 665263
18 2125 14131 0 1777797284 670991
15 2194 13392 0 1777797284 671047
16 2287 16838 0 1777797284 673903
17 2139 8814 0 1777797284 674079
19 2098 17575 0 1777797284 674445
14 2036 17996 0 1777797284 674769
18 2126 12130 0 1777797284 683144
15 2195 12138 0 1777797284 683186
19 2099 13853 0 1777797284 688300
14 2037 14031 0 1777797284 688804
16 2288 18650 0 1777797284 692557
17 2140 18507 0 1777797284 692587
18 2127 13703 0 1777797284 696850
19 2100 8563 0 1777797284 696873
16 2289 13718 0 1777797284 706277
17 2141 18670 0 1777797284 711259
19 2101 14564 0 1777797284 711438
18 2128 16675 0 1777797284 713528
15 2196 30598 0 1777797284 713785
14 2038 33916 0 1777797284 722723
16 2290 19245 0 1777797284 725524
17 2142 17776 0 1777797284 729049
19 2102 19255 0 1777797284 730694
18 2129 24214 0 1777797284 737745
15 2197 26538 0 1777797284 740324
16 2291 14811 0 1777797284 740347
14 2039 17647 0 1777797284 740372
17 2143 12155 0 1777797284 741219
18 2130 16250 0 1777797284 753999
19 2103 33818 0 1777797284 764514
15 2198 32648 0 1777797284 772975
17 2144 31800 0 1777797284 773021
16 2292 32703 0 1777797284 773051
14 2040 32742 0 1777797284 773115
18 2131 19459 0 1777797284 773460
15 2199 5345 0 1777797284 778333
19 2104 13826 0 1777797284 778342
15 2200 4797 0 1777797284 783141
18 2132 9838 0 1777797284 783300
17 2145 10338 0 1777797284 783361
18 2133 2685 0 1777797284 785988
18 2134 6748 0 1777797284 792739
17 2146 11320 0 1777797284 794683
14 2041 22373 0 1777797284 795490
15 2201 15020 0 1777797284 798171
18 2135 5445 0 1777797284 798186
14 2042 7117 0 1777797284 802614
17 2147 10848 0 1777797284 805540
15 2202 9507 0 1777797284 807694
15 2203 2660 0 1777797284 810359
15 2204 12338 0 1777797284 822699
17 2148 17165 0 1777797284 822706
18 2136 24683 0 1777797284 822885
19 2105 45050 0 1777797284 823404
14 2043 21560 0 1777797284 824180
14 2044 2759 0 1777797284 826946
18 2137 6085 0 1777797284 828972
14 2045 2642 0 1777797284 829593
17 2149 9520 0 1777797284 832236
18 2138 3752 0 1777797284 832726
14 2046 3659 0 1777797284 833257
18 2139 5215 0 1777797284 837943
19 2106 15372 0 1777797284 838778
18 2140 3322 0 1777797284 841268
15 2205 18620 0 1777797284 841326
16 2293 68575 0 1777797284 841628
17 2150 11291 0 1777797284 843528
14 2047 12092 0 1777797284 845353
16 2294 3731 0 1777797284 845360
17 2151 2978 0 1777797284 846509
18 2141 6099 0 1777797284 847369
15 2206 6407 0 1777797284 847734
16 2295 4048 0 1777797284 849420
19 2107 11026 0 1777797284 849806
15 2207 2583 0 1777797284 850321
16 2296 3381 0 1777797284 852803
17 2152 7975 0 1777797284 854486
18 2142 9814 0 1777797284 857187
16 2297 7092 0 1777797284 859898
15 2208 9622 0 1777797284 859945
19 2108 12254 0 1777797284 862062
15 2209 2682 0 1777797284 862628
16 2298 4675 0 1777797284 864578
15 2210 2203 0 1777797284 864833
19 2109 4296 0 1777797284 866360
14 2048 26768 0 1777797284 872130
15 2211 7327 0 1777797284 872163
16 2299 10680 0 1777797284 875262
19 2110 11484 0 1777797284 877846
15 2212 5917 0 1777797284 878081
19 2111 2543 0 1777797284 880392
16 2300 5173 0 1777797284 880437
18 2143 24175 0 1777797284 881364
14 2049 12172 0 1777797284 884310
15 2213 6330 0 1777797284 884413
19 2112 5141 0 1777797284 885535
14 2050 2753 0 1777797284 887067
16 2301 6718 0 1777797284 887156
17 2153 32753 0 1777797284 887242
18 2144 7944 0 1777797284 889316
15 2214 5356 0 1777797284 889773
17 2154 3846 0 1777797284 891090
16 2302 6003 0 1777797284 893160
16 2303 2981 0 1777797284 896145
19 2113 13959 0 1777797284 899497
15 2215 10153 0 1777797284 899931
16 2304 5018 0 1777797284 901170
15 2216 1482 0 1777797284 901419
19 2114 4980 0 1777797284 904479
18 2145 16047 0 1777797284 905368
14 2051 19240 0 1777797284 906309
17 2155 16077 0 1777797284 907173
17 2156 1369 0 1777797284 908543
14 2052 4830 0 1777797284 911141
17 2157 4823 0 1777797284 913368
19 2115 9031 0 1777797284 913518
15 2217 12221 0 1777797284 913642
18 2146 8782 0 1777797284 914151
16 2305 13135 0 1777797284 914310
14 2053 4034 0 1777797284 915184
18 2147 2442 0 1777797284 916597
17 2158 3723 0 1777797284 917100
14 2054 4839 0 1777797284 920030
16 2306 7779 0 1777797284 922129
18 2148 7667 0 1777797284 924267
16 2307 2983 0 1777797284 925115
15 2218 11733 0 1777797284 925377
19 2116 13565 0 1777797284 927085
15 2219 4828 0 1777797284 930207
19 2117 6183 0 1777797284 933274
18 2149 9445 0 1777797284 933714
16 2308 8832 0 1777797284 933950
14 2055 16481 0 1777797284 936514
17 2159 21627 0 1777797284 938729
15 2220 8545 0 1777797284 938754
18 2150 7668 0 1777797284 941383
14 2056 9171 0 1777797284 945687
16 2309 12035 0 1777797284 945987
15 2221 7429 0 1777797284 946184
19 2118 12923 0 1777797284 946201
17 2160 8531 0 1777797284 947262
18 2151 5891 0 1777797284 947275
14 2057 3846 0 1777797284 949536
15 2222 4382 0 1777797284 950584
17 2161 3756 0 1777797284 951033
16 2310 6546 0 1777797284 952566
14 2058 3597 0 1777797284 953135
19 2119 7465 0 1777797284 953682
17 2162 3449 0 1777797284 954495
15 2223 4847 0 1777797284 955433
16 2311 4850 0 1777797284 957423
14 2059 4466 0 1777797284 957607
18 2152 11010 0 1777797284 958298
15 2224 3647 0 1777797284 959081
14 2060 3413 0 1777797284 961021
18 2153 2770 0 1777797284 961077
19 2120 7509 0 1777797284 961195
16 2312 4778 0 1777797284 962203
15 2225 6418 0 1777797284 965502
17 2163 11527 0 1777797284 966026
17 2164 1908 0 1777797284 967936
14 2061 7667 0 1777797284 968690
18 2154 8232 0 1777797284 969310
16 2313 7216 0 1777797284 969422
19 2121 10181 0 1777797284 971378
19 2122 2399 0 1777797284 973779
15 2226 8846 0 1777797284 974350
17 2165 7874 0 1777797284 975812
16 2314 6784 0 1777797284 976207
19 2123 3484 0 1777797284 977265
18 2155 10526 0 1777797284 979841
14 2062 12735 0 1777797284 981427
15 2227 7102 0 1777797284 981454
19 2124 5292 0 1777797284 982559
17 2166 7757 0 1777797284 983571
16 2315 7635 0 1777797284 983844
18 2156 5095 0 1777797284 984938
15 2228 5564 0 1777797284 987047
19 2125 5405 0 1777797284 987966
14 2063 8733 0 1777797284 990190
15 2229 4247 0 1777797284 991297
16 2316 8368 0 1777797284 992214
14 2064 2066 0 1777797284 992258
18 2157 10420 0 1777797284 995359
17 2167 13105 0 1777797284 996678
16 2317 6169 0 1777797284 998388
15 2230 9546 0 1777797285 849
14 2065 10955 0 1777797285 3214
17 2168 7541 0 1777797285 4222
19 2126 17473 0 1777797285 5441
16 2318 9073 0 1777797285 7464
18 2158 12710 0 1777797285 8074
15 2231 7878 0 1777797285 8730
18 2159 8233 0 1777797285 16310
14 2066 14264 0 1777797285 17480
17 2169 13732 0 1777797285 17961
15 2232 16519 0 1777797285 25252
19 2127 20036 0 1777797285 25479
17 2170 13416 0 1777797285 31380
16 2319 24696 0 1777797285 32163
15 2233 6941 0 1777797285 32199
18 2160 15895 0 1777797285 32208
19 2128 7882 0 1777797285 33363
15 2234 3149 0 1777797285 35358
16 2320 8384 0 1777797285 40554
18 2161 8348 0 1777797285 40568
19 2129 7598 0 1777797285 40963
15 2235 6155 0 1777797285 41518
16 2321 6406 0 1777797285 46976
17 2171 15604 0 1777797285 46986
15 2236 6140 0 1777797285 47663
19 2130 7243 0 1777797285 48207
18 2162 10859 0 1777797285 51440
19 2131 3306 0 1777797285 51514
15 2237 4721 0 1777797285 52386
19 2132 3363 0 1777797285 54878
16 2322 8001 0 1777797285 54989
15 2238 3113 0 1777797285 55501
18 2163 7227 0 1777797285 58672
16 2323 5641 0 1777797285 60632
17 2172 14021 0 1777797285 61022
19 2133 7050 0 1777797285 61931
15 2239 7489 0 1777797285 62992
16 2324 2911 0 1777797285 63546
17 2173 3348 0 1777797285 64371
18 2164 6248 0 1777797285 64922
19 2134 4891 0 1777797285 66826
16 2325 3310 0 1777797285 66858
17 2174 3059 0 1777797285 67433
15 2240 4856 0 1777797285 67850
16 2326 3040 0 1777797285 69900
19 2135 3141 0 1777797285 69969
18 2165 6447 0 1777797285 71373
16 2327 4562 0 1777797285 74467
17 2175 7265 0 1777797285 74700
15 2241 7041 0 1777797285 74894
18 2166 4129 0 1777797285 75506
19 2136 8390 0 1777797285 78361
15 2242 4124 0 1777797285 79020
16 2328 4617 0 1777797285 79087
19 2137 2183 0 1777797285 80547
18 2167 6423 0 1777797285 81935
17 2176 7753 0 1777797285 82455
16 2329 4239 0 1777797285 83327
19 2138 2872 0 1777797285 83421
15 2243 8524 0 1777797285 87546
19 2139 5318 0 1777797285 88813
14 2067 71389 0 1777797285 88871
16 2330 6971 0 1777797285 90304
15 2244 4216 0 1777797285 91769
17 2177 9321 0 1777797285 91779
14 2068 5868 0 1777797285 94742
19 2140 6147 0 1777797285 94963
16 2331 7435 0 1777797285 97742
18 2168 15849 0 1777797285 97786
15 2245 6194 0 1777797285 97974
15 2246 5980 0 1777797285 103957
14 2069 9328 0 1777797285 104073
18 2169 7169 0 1777797285 104957
19 2141 10015 0 1777797285 104980
17 2178 13319 0 1777797285 105108
16 2332 9408 0 1777797285 107155
17 2179 7566 0 1777797285 112676
16 2333 6129 0 1777797285 113292
15 2247 9363 0 1777797285 113322
18 2170 9124 0 1777797285 114083
14 2070 11659 0 1777797285 115734
19 2142 11343 0 1777797285 116324
15 2248 6088 0 1777797285 119411
14 2071 8988 0 1777797285 124724
16 2334 11437 0 1777797285 124731
17 2180 12056 0 1777797285 124735
18 2171 10655 0 1777797285 124740
19 2143 8417 0 1777797285 124745
16 2335 11419 0 1777797285 136174
14 2072 11623 0 1777797285 136368
15 2249 16961 0 1777797285 136376
17 2181 11620 0 1777797285 136380
18 2172 11618 0 1777797285 136384
19 2144 11617 0 1777797285 136388
17 2182 10844 0 1777797285 147247
16 2336 12467 0 1777797285 148645
18 2173 12766 0 1777797285 149175
14 2073 12807 0 1777797285 149195
15 2250 14577 0 1777797285 150974
17 2183 3743 0 1777797285 150992
19 2145 17029 0 1777797285 153444
18 2174 7970 0 1777797285 157147
14 2074 7979 0 1777797285 157175
14 2075 5294 0 1777797285 162471
15 2251 11497 0 1777797285 162490
18 2175 6092 0 1777797285 163242
19 2146 12193 0 1777797285 165639
14 2076 10824 0 1777797285 173315
18 2176 10810 0 1777797285 174054
15 2252 11698 0 1777797285 174200
19 2147 12358 0 1777797285 178002
18 2177 4787 0 1777797285 178843
15 2253 4742 0 1777797285 178943
14 2077 5876 0 1777797285 179193
19 2148 2222 0 1777797285 180226
16 2337 31653 0 1777797285 180299
15 2254 1856 0 1777797285 180800
19 2149 2431 0 1777797285 182659
14 2078 4126 0 1777797285 183322
15 2255 3103 0 1777797285 183905
17 2184 39742 0 1777797285 190755
19 2150 8111 0 1777797285 190772
15 2256 7369 0 1777797285 191277
18 2178 12455 0 1777797285 191301
14 2079 8149 0 1777797285 191472
16 2338 13611 0 1777797285 193912
14 2080 13273 0 1777797285 204747
19 2151 14456 0 1777797285 205229
17 2185 14491 0 1777797285 205247
15 2257 14715 0 1777797285 205996
17 2186 7298 0 1777797285 212546
15 2258 10836 0 1777797285 216836
17 2187 11402 0 1777797285 223950
17 2188 6988 0 1777797285 230940
15 2259 15340 0 1777797285 232179
18 2179 42415 0 1777797285 233717
17 2189 5237 0 1777797285 236182
19 2152 30985 0 1777797285 236216
19 2153 2669 0 1777797285 238929
17 2190 12007 0 1777797285 248224
14 2081 49988 0 1777797285 254737
19 2154 17172 0 1777797285 256103
17 2191 8982 0 1777797285 257208
19 2155 1335 0 1777797285 257443
19 2156 2284 0 1777797285 259729
14 2082 7524 0 1777797285 262266
15 2260 30113 0 1777797285 262293
17 2192 5099 0 1777797285 262309
18 2180 31675 0 1777797285 265394
19 2157 7281 0 1777797285 267015
15 2261 6806 0 1777797285 269145
18 2181 4047 0 1777797285 269443
14 2083 8754 0 1777797285 271065
16 2339 77158 0 1777797285 271072
14 2084 5211 0 1777797285 276285
19 2158 10486 0 1777797285 277504
15 2262 8933 0 1777797285 278080
16 2340 11233 0 1777797285 282318
17 2193 19955 0 1777797285 282326
14 2085 6070 0 1777797285 282360
15 2263 9192 0 1777797285 287274
17 2194 4988 0 1777797285 287325
18 2182 17893 0 1777797285 287337
15 2264 13276 0 1777797285 300614
17 2195 16405 0 1777797285 303755
19 2159 26256 0 1777797285 303763
18 2183 18875 0 1777797285 306233
16 2341 26133 0 1777797285 308460
17 2196 4895 0 1777797285 308659
14 2086 31811 0 1777797285 314173
18 2184 8177 0 1777797285 314415
14 2087 2857 0 1777797285 317032
15 2265 16837 0 1777797285 317454
19 2160 14176 0 1777797285 317948
17 2197 9851 0 1777797285 318511
19 2161 3491 0 1777797285 321441
15 2266 4135 0 1777797285 321591
15 2267 2205 0 1777797285 323797
19 2162 2726 0 1777797285 324169
18 2185 10035 0 1777797285 324452
19 2163 1013 0 1777797285 325191
15 2268 2661 0 1777797285 326462
16 2342 18018 0 1777797285 326487
18 2186 4240 0 1777797285 328694
16 2343 2654 0 1777797285 329142
14 2088 14097 0 1777797285 331131
14 2089 1725 0 1777797285 332862
16 2344 4629 0 1777797285 333774
14 2090 3234 0 1777797285 336100
19 2164 13670 0 1777797285 338920
17 2198 24492 0 1777797285 343008
18 2187 14328 0 1777797285 343025
16 2345 10919 0 1777797285 344697
16 2346 6752 0 1777797285 351452
17 2199 8440 0 1777797285 351467
18 2188 8434 0 1777797285 351475
19 2165 12560 0 1777797285 351482
15 2269 26360 0 1777797285 352827
14 2091 22102 0 1777797285 358208
18 2189 6710 0 1777797285 358215
16 2347 11971 0 1777797285 363454
17 2200 11976 0 1777797285 363473
18 2190 5683 0 1777797285 363904
18 2191 1532 0 1777797285 365437
15 2270 13846 0 1777797285 366675
18 2192 2199 0 1777797285 367638
19 2166 17852 0 1777797285 369364
15 2271 10129 0 1777797285 376806
17 2201 15073 0 1777797285 378568
14 2092 24827 0 1777797285 383043
19 2167 18194 0 1777797285 387560
15 2272 29570 0 1777797285 406380
18 2193 38747 0 1777797285 406387
19 2168 18824 0 1777797285 406393
14 2093 23456 0 1777797285 406508
16 2348 43040 0 1777797285 406515
14 2094 6561 0 1777797285 413077
15 2273 6722 0 1777797285 413116
16 2349 6643 0 1777797285 413168
19 2169 6833 0 1777797285 413255
14 2095 9603 0 1777797285 422859
15 2274 9615 0 1777797285 422884
16 2350 9614 0 1777797285 422891
19 2170 9610 0 1777797285 422898
18 2194 18439 0 1777797285 424852
17 2202 48641 0 1777797285 427211
19 2171 5689 0 1777797285 428612
15 2275 6039 0 1777797285 428947
14 2096 6715 0 1777797285 429613
16 2351 9404 0 1777797285 432319
18 2195 7512 0 1777797285 432368
19 2172 3763 0 1777797285 432376
15 2276 5004 0 1777797285 433952
14 2097 11220 0 1777797285 440835
18 2196 8457 0 1777797285 440845
16 2352 8506 0 1777797285 440883
19 2173 8495 0 1777797285 440890
15 2277 7191 0 1777797285 441145
14 2098 5000 0 1777797285 445846
16 2353 4964 0 1777797285 445856
18 2197 5003 0 1777797285 445861
19 2174 4966 0 1777797285 445867
15 2278 5026 0 1777797285 446172
15 2279 7643 0 1777797285 453816
19 2175 7932 0 1777797285 453825
14 2099 9550 0 1777797285 455418
16 2354 9549 0 1777797285 455427
18 2198 9548 0 1777797285 455433
15 2280 8940 0 1777797285 462766
17 2203 35567 0 1777797285 462782
19 2176 8952 0 1777797285 462788
16 2355 14325 0 1777797285 469769
14 2100 15477 0 1777797285 470911
17 2204 8155 0 1777797285 470956
18 2199 15879 0 1777797285 471330
15 2281 9328 0 1777797285 472117
15 2282 6655 0 1777797285 478778
19 2177 15978 0 1777797285 478786
17 2205 8546 0 1777797285 479504
18 2200 17459 0 1777797285 488791
14 2101 19066 0 1777797285 489980
17 2206 10472 0 1777797285 489986
16 2356 20457 0 1777797285 490228
19 2178 11433 0 1777797285 490233
15 2283 12659 0 1777797285 491447
15 2284 4018 0 1777797285 495491
17 2207 5729 0 1777797285 495725
15 2285 3752 0 1777797285 499246
19 2179 15649 0 1777797285 505890
14 2102 18010 0 1777797285 507997
15 2286 8765 0 1777797285 508013
17 2208 12294 0 1777797285 508020
16 2357 24696 0 1777797285 514930
17 2209 6893 0 1777797285 514936
18 2201 27197 0 1777797285 515990
19 2180 10124 0 1777797285 516017
17 2210 7150 0 1777797285 522095
15 2287 14539 0 1777797285 522574
14 2103 19531 0 1777797285 527552
18 2202 16510 0 1777797285 532504
14 2104 5401 0 1777797285 532955
19 2181 20122 0 1777797285 536140
15 2288 13686 0 1777797285 536262
16 2358 22167 0 1777797285 537104
17 2211 15648 0 1777797285 537748
15 2289 6430 0 1777797285 542694
19 2182 9337 0 1777797285 545488
14 2105 15875 0 1777797285 548833
16 2359 15237 0 1777797285 552343
17 2212 14591 0 1777797285 552349
18 2203 20387 0 1777797285 552893
18 2204 2955 0 1777797285 555850
15 2290 13201 0 1777797285 555898
19 2183 11527 0 1777797285 557022
16 2360 4933 0 1777797285 557284
14 2106 18157 0 1777797285 566992
17 2213 14643 0 1777797285 567003
15 2291 34252 0 1777797285 590152
18 2205 34331 0 1777797285 590190
19 2184 33165 0 1777797285 590201
14 2107 27501 0 1777797285 594506
17 2214 32588 0 1777797285 599607
18 2206 9386 0 1777797285 599616
19 2185 9383 0 1777797285 599622
15 2292 9525 0 1777797285 599727
16 2361 42447 0 1777797285 599733
14 2108 10256 0 1777797285 604765
19 2186 6493 0 1777797285 606205
19 2187 7120 0 1777797285 613329
16 2362 16031 0 1777797285 615773
17 2215 16098 0 1777797285 615785
17 2216 3236 0 1777797285 619037
16 2363 8870 0 1777797285 624657
18 2207 24963 0 1777797285 624665
14 2109 24387 0 1777797285 629154
18 2208 7656 0 1777797285 632335
15 2293 33204 0 1777797285 632939
16 2364 8280 0 1777797285 632946
16 2365 2951 0 1777797285 635908
17 2217 16964 0 1777797285 636003
18 2209 4687 0 1777797285 637024
14 2110 7970 0 1777797285 637127
15 2294 6502 0 1777797285 639450
16 2366 8127 0 1777797285 644040
17 2218 8043 0 1777797285 644048
14 2111 8419 0 1777797285 645547
19 2188 33706 0 1777797285 647036
15 2295 8332 0 1777797285 647784
19 2189 2660 0 1777797285 649702
14 2112 5451 0 1777797285 651001
15 2296 3632 0 1777797285 651418
17 2219 10399 0 1777797285 654459
14 2113 14093 0 1777797285 665105
15 2297 13689 0 1777797285 665109
16 2367 21064 0 1777797285 665114
17 2220 10656 0 1777797285 665119
18 2210 28095 0 1777797285 665123
19 2190 15424 0 1777797285 665129
17 2221 5941 0 1777797285 671087
16 2368 8666 0 1777797285 673808
18 2211 8664 0 1777797285 673816
15 2298 9928 0 1777797285 675064
14 2114 17874 0 1777797285 683004
16 2369 11502 0 1777797285 685319
17 2222 14238 0 1777797285 685327
18 2212 11510 0 1777797285 685336
19 2191 20189 0 1777797285 685345
15 2299 14045 0 1777797285 689110
19 2192 4320 0 1777797285 689690
17 2223 6924 0 1777797285 692279
15 2300 6036 0 1777797285 695149
15 2301 4234 0 1777797285 699385
17 2224 7746 0 1777797285 700028
16 2370 18898 0 1777797285 704245
18 2213 18899 0 1777797285 704261
15 2302 5814 0 1777797285 705208
17 2225 5184 0 1777797285 705216
15 2303 6495 0 1777797285 711713
19 2193 22271 0 1777797285 711963
16 2371 9507 0 1777797285 713769
18 2214 13473 0 1777797285 717788
14 2115 34871 0 1777797285 717879
17 2226 16406 0 1777797285 721632
15 2304 11003 0 1777797285 722720
14 2116 5567 0 1777797285 723448
15 2305 769 0 1777797285 723493
15 2306 746 0 1777797285 724241
14 2117 1048 0 1777797285 724500
14 2118 1816 0 1777797285 726317
16 2372 20525 0 1777797285 734297
16 2373 1980 0 1777797285 736280
17 2227 24488 0 1777797285 746124
16 2374 20922 0 1777797285 757205
17 2228 12914 0 1777797285 759043
18 2215 41270 0 1777797285 759059
19 2194 48810 0 1777797285 760775
16 2375 9670 0 1777797285 766877
19 2195 7459 0 1777797285 768245
18 2216 11413 0 1777797285 770491
15 2307 46439 0 1777797285 770682
14 2119 44822 0 1777797285 771142
17 2229 12358 0 1777797285 771418
15 2308 2188 0 1777797285 772873
17 2230 1537 0 1777797285 772956
14 2120 2975 0 1777797285 774122
18 2217 3722 0 1777797285 774216
19 2196 10843 0 1777797285 779094
15 2309 9228 0 1777797285 782109
17 2231 9162 0 1777797285 782119
18 2218 8346 0 1777797285 782565
14 2121 15948 0 1777797285 790073
19 2197 10987 0 1777797285 790087
15 2310 10799 0 1777797285 792919
17 2232 10859 0 1777797285 792988
14 2122 11814 0 1777797285 801902
18 2219 21489 0 1777797285 804056
19 2198 14182 0 1777797285 804290
18 2220 9557 0 1777797285 813617
15 2311 21649 0 1777797285 814572
16 2376 47718 0 1777797285 814597
17 2233 22024 0 1777797285 815013
15 2312 5083 0 1777797285 819657
14 2123 25413 0 1777797285 827319
18 2221 13708 0 1777797285 827328
19 2199 25575 0 1777797285 829866
16 2377 15325 0 1777797285 829922
14 2124 14473 0 1777797285 841803
17 2234 26799 0 1777797285 841817
15 2313 22186 0 1777797285 841844
18 2222 14507 0 1777797285 841849
19 2200 13388 0 1777797285 843256
16 2378 15932 0 1777797285 845855
14 2125 4327 0 1777797285 846145
19 2201 5632 0 1777797285 848890
18 2223 9594 0 1777797285 851449
16 2379 5771 0 1777797285 851627
15 2314 13978 0 1777797285 855827
17 2235 14048 0 1777797285 855878
14 2126 14089 0 1777797285 860237
19 2202 12058 0 1777797285 860950
14 2127 5189 0 1777797285 865429
17 2236 9593 0 1777797285 865472
19 2203 4970 0 1777797285 865921
14 2128 4584 0 1777797285 870015
15 2315 14196 0 1777797285 870036
18 2224 18595 0 1777797285 870046
19 2204 7474 0 1777797285 873397
15 2316 7966 0 1777797285 878112
14 2129 8061 0 1777797285 878173
16 2380 27570 0 1777797285 879199
18 2225 9511 0 1777797285 879663
18 2226 5500 0 1777797285 885166
16 2381 7039 0 1777797285 886241
16 2382 18122 0 1777797285 904366
14 2130 26658 0 1777797285 904833
17 2237 47681 0 1777797285 913154
19 2205 58700 0 1777797285 932099
15 2317 54443 0 1777797285 932563
15 2318 9623 0 1777797285 942187
16 2383 38922 0 1777797285 943289
16 2384 3961 0 1777797285 947251
16 2385 6856 0 1777797285 954109
19 2206 25558 0 1777797285 957658
14 2131 53641 0 1777797285 958475
14 2132 1522 0 1777797285 960000
16 2386 6012 0 1777797285 960125
15 2319 19911 0 1777797285 962099
15 2320 2599 0 1777797285 964700
14 2133 5500 0 1777797285 965503
19 2207 10401 0 1777797285 968063
15 2321 6140 0 1777797285 970848
18 2227 92223 0 1777797285 977391
15 2322 8033 0 1777797285 978885
18 2228 2950 0 1777797285 980344
16 2387 21459 0 1777797285 981585
14 2134 16105 0 1777797285 981610
18 2229 1569 0 1777797285 981917
18 2230 1607 0 1777797285 983526
15 2323 5379 0 1777797285 984266
14 2135 3138 0 1777797285 984749
16 2388 4687 0 1777797285 986276
19 2208 20763 0 1777797285 988828
14 2136 4559 0 1777797285 989311
16 2389 7832 0 1777797285 994114
15 2324 10717 0 1777797285 994985
18 2231 13197 0 1777797285 996725
15 2325 2048 0 1777797285 997035
15 2326 8724 0 1777797286 5762
19 2209 17954 0 1777797286 6784
15 2327 3465 0 1777797286 9236
14 2137 23962 0 1777797286 13275
19 2210 7552 0 1777797286 14339
15 2328 5688 0 1777797286 14927
17 2238 105570 0 1777797286 18727
15 2329 7083 0 1777797286 22012
16 2390 28684 0 1777797286 22801
14 2138 9716 0 1777797286 23003
15 2330 1824 0 1777797286 23838
16 2391 2502 0 1777797286 25306
19 2211 12816 0 1777797286 27160
14 2139 4971 0 1777797286 27975
15 2331 5133 0 1777797286 28974
17 2239 10255 0 1777797286 28986
16 2392 5546 0 1777797286 30856
17 2240 3165 0 1777797286 32164
19 2212 11927 0 1777797286 39089
14 2140 11158 0 1777797286 39137
16 2393 8436 0 1777797286 39295
14 2141 2895 0 1777797286 42039
17 2241 10841 0 1777797286 43008
16 2394 3761 0 1777797286 43058
19 2213 4139 0 1777797286 43231
15 2332 16402 0 1777797286 45390
15 2333 825 0 1777797286 46216
14 2142 4374 0 1777797286 46415
17 2242 5709 0 1777797286 48719
14 2143 3280 0 1777797286 49696
15 2334 5593 0 1777797286 51811
19 2214 10608 0 1777797286 53840
14 2144 4371 0 1777797286 54070
19 2215 1201 0 1777797286 55043
15 2335 5344 0 1777797286 57162
15 2336 1189 0 1777797286 58354
18 2232 61889 0 1777797286 58619
17 2243 9966 0 1777797286 58689
19 2216 6791 0 1777797286 61836
14 2145 8602 0 1777797286 62675
19 2217 5391 0 1777797286 67229
18 2233 9838 0 1777797286 68459
19 2218 3061 0 1777797286 70292
14 2146 8175 0 1777797286 70851
17 2244 15993 0 1777797286 74684
18 2234 6232 0 1777797286 74696
19 2219 4405 0 1777797286 74702
16 2395 32392 0 1777797286 75452
19 2220 3711 0 1777797286 78432
16 2396 5973 0 1777797286 81428
14 2147 11843 0 1777797286 82697
18 2235 9123 0 1777797286 83835
19 2221 6956 0 1777797286 85391
19 2222 1357 0 1777797286 86753
19 2223 2355 0 1777797286 89110
16 2397 9009 0 1777797286 90439
15 2337 33236 0 1777797286 91592
14 2148 9056 0 1777797286 91755
18 2236 10015 0 1777797286 93851
19 2224 5767 0 1777797286 94880
18 2237 4982 0 1777797286 98834
19 2225 3981 0 1777797286 98865
15 2338 8263 0 1777797286 99858
15 2339 1902 0 1777797286 101761
19 2226 3095 0 1777797286 101961
17 2245 28335 0 1777797286 103038
19 2227 2181 0 1777797286 104145
19 2228 965 0 1777797286 105142
14 2149 16355 0 1777797286 108112
19 2229 3095 0 1777797286 108243
18 2238 9881 0 1777797286 108717
16 2398 19874 0 1777797286 110318
19 2230 3682 0 1777797286 111927
17 2246 9550 0 1777797286 112593
15 2340 12921 0 1777797286 114685
19 2231 4746 0 1777797286 116676
15 2341 4761 0 1777797286 119448
19 2232 4128 0 1777797286 120807
18 2239 13929 0 1777797286 122648
15 2342 4257 0 1777797286 123714
14 2150 18202 0 1777797286 126316
15 2343 4796 0 1777797286 128515
19 2233 8386 0 1777797286 129195
19 2234 1170 0 1777797286 130366
14 2151 6405 0 1777797286 132725
19 2235 3228 0 1777797286 133649
17 2247 21138 0 1777797286 133735
19 2236 2792 0 1777797286 136445
19 2237 2377 0 1777797286 138824
15 2344 10847 0 1777797286 139371
17 2248 8094 0 1777797286 141831
14 2152 9290 0 1777797286 142018
19 2238 3313 0 1777797286 142147
18 2240 24733 0 1777797286 147383
15 2345 8026 0 1777797286 147400
16 2399 37332 0 1777797286 147657
15 2346 1649 0 1777797286 149050
19 2239 7699 0 1777797286 149849
19 2240 2026 0 1777797286 151876
15 2347 4573 0 1777797286 153626
18 2241 10966 0 1777797286 158351
19 2241 6485 0 1777797286 158363
15 2348 4815 0 1777797286 158443
17 2249 16699 0 1777797286 158533
15 2349 3328 0 1777797286 161773
17 2250 3245 0 1777797286 161779
18 2242 3427 0 1777797286 161791
17 2251 5865 0 1777797286 167668
19 2242 10091 0 1777797286 168470
15 2350 6828 0 1777797286 168621
14 2153 26664 0 1777797286 168684
18 2243 7424 0 1777797286 169236
17 2252 9087 0 1777797286 176758
19 2243 8915 0 1777797286 177387
14 2154 8752 0 1777797286 177437
16 2400 31385 0 1777797286 179044
15 2351 11842 0 1777797286 180465
16 2401 8120 0 1777797286 187165
14 2155 10612 0 1777797286 188051
17 2253 11304 0 1777797286 188064
18 2244 18840 0 1777797286 188078
19 2244 10700 0 1777797286 188088
15 2352 14454 0 1777797286 194922
