3 1 769058 0 1777797257 284217
3 2 32382 0 1777797257 316635
3 3 7851 0 1777797257 324533
3 4 10542 0 1777797257 335080
3 5 13753 0 1777797257 348840
3 6 4356 0 1777797257 353203
3 7 20249 0 1777797257 373462
3 8 20935 0 1777797257 394399
3 9 8520 0 1777797257 402926
3 10 8146 0 1777797257 411075
3 11 5425 0 1777797257 416508
3 12 7273 0 1777797257 423786
3 13 8723 0 1777797257 432513
3 14 7351 0 1777797257 439868
3 15 15066 0 1777797257 454936
3 16 9354 0 1777797257 464299
3 17 4709 0 1777797257 469013
3 18 8071 0 1777797257 477094
3 19 15497 0 1777797257 492594
3 20 4661 0 1777797257 497261
3 21 31040 0 1777797257 528304
3 22 41673 0 1777797257 569982
3 23 22372 0 1777797257 592356
3 24 6305 0 1777797257 598664
0 1 1096163 0 1777797257 611290
0 2 8017 0 1777797257 619313
3 25 26123 0 1777797257 624789
3 26 3097 0 1777797257 627896
6 1 1114584 0 1777797257 629781
0 3 10954 0 1777797257 630272
0 4 2281 0 1777797257 632558
3 27 5093 0 1777797257 632997
6 2 6287 0 1777797257 636070
0 5 4718 0 1777797257 637283
0 6 2012 0 1777797257 639298
6 3 3643 0 1777797257 639719
0 7 1400 0 1777797257 640702
6 4 9630 0 1777797257 649351
0 8 8807 0 1777797257 649515
3 28 32251 0 1777797257 665251
0 9 17532 0 1777797257 667049
6 5 18963 0 1777797257 668316
3 29 13046 0 1777797257 678303
6 6 10192 0 1777797257 678515
0 10 15864 0 1777797257 682968
6 7 4456 0 1777797257 682973
3 30 12426 0 1777797257 690738
6 8 11848 0 1777797257 694833
0 11 12834 0 1777797257 695808
3 31 6034 0 1777797257 696775
0 12 3597 0 1777797257 699410
6 9 4613 0 1777797257 699454
3 32 2799 0 1777797257 699578
0 13 4015 0 1777797257 703433
6 10 4583 0 1777797257 704040
3 33 5476 0 1777797257 705056
3 34 13724 0 1777797257 718783
6 11 14753 0 1777797257 718796
0 14 17030 0 1777797257 720465
0 15 25711 0 1777797257 746177
6 12 27357 0 1777797257 746184
3 35 35328 0 1777797257 754126
3 36 3065 0 1777797257 757209
6 13 21047 0 1777797257 767252
0 16 21160 0 1777797257 767345
3 37 13068 0 1777797257 770279
0 17 5283 0 1777797257 772631
0 18 2560 0 1777797257 775198
0 19 7242 0 1777797257 782442
0 20 23619 0 1777797257 806070
0 21 2600 0 1777797257 808673
0 22 5857 0 1777797257 814533
0 23 4395 0 1777797257 818934
0 24 2028 0 1777797257 820965
3 38 57427 0 1777797257 827709
0 25 6774 0 1777797257 827741
6 14 61692 0 1777797257 828946
0 26 1459 0 1777797257 829202
3 39 1742 0 1777797257 829456
0 27 2341 0 1777797257 831544
0 28 2569 0 1777797257 834117
0 29 2770 0 1777797257 836891
3 40 9262 0 1777797257 838720
0 30 11162 0 1777797257 848062
3 41 22305 0 1777797257 861028
6 15 32094 0 1777797257 861042
4 1 1349012 0 1777797257 864185
0 31 20467 0 1777797257 868533
0 32 1857 0 1777797257 870398
0 33 890 0 1777797257 871307
4 2 7253 0 1777797257 871440
0 34 2235 0 1777797257 873544
4 3 3609 0 1777797257 875050
6 16 14675 0 1777797257 875729
0 35 2999 0 1777797257 876549
3 42 15725 0 1777797257 876768
4 4 2393 0 1777797257 877445
6 17 2879 0 1777797257 878611
0 36 3638 0 1777797257 880190
0 37 7196 0 1777797257 887393
0 38 5454 0 1777797257 892849
0 39 5693 0 1777797257 898546
5 1 1391182 0 1777797257 906363
6 18 28851 0 1777797257 907465
5 2 3884 0 1777797257 910249
3 43 34173 0 1777797257 910942
4 5 33544 0 1777797257 910992
6 19 5236 0 1777797257 912703
5 3 2653 0 1777797257 912904
0 40 14754 0 1777797257 913302
5 4 5082 0 1777797257 917987
4 6 7298 0 1777797257 918292
6 20 10802 0 1777797257 923513
0 41 11154 0 1777797257 924458
3 44 13520 0 1777797257 924464
5 5 9214 0 1777797257 927205
0 42 10289 0 1777797257 934754
6 21 11274 0 1777797257 934789
3 45 11649 0 1777797257 936123
5 6 10261 0 1777797257 937468
4 7 19937 0 1777797257 938230
6 22 8712 0 1777797257 943503
0 43 12177 0 1777797257 946933
3 46 10817 0 1777797257 946942
4 8 10525 0 1777797257 948762
5 7 11295 0 1777797257 948765
6 23 12083 0 1777797257 955589
5 8 9830 0 1777797257 958602
4 9 13506 0 1777797257 962271
6 24 6688 0 1777797257 962279
5 9 4339 0 1777797257 962947
3 47 16188 0 1777797257 963140
0 44 16727 0 1777797257 963670
4 10 5163 0 1777797257 967445
0 45 4396 0 1777797257 968070
3 48 8103 0 1777797257 971245
4 11 9039 0 1777797257 976485
6 25 16915 0 1777797257 979208
5 10 16370 0 1777797257 979322
0 46 11636 0 1777797257 979710
1 1 1465748 0 1777797257 980892
3 49 9783 0 1777797257 981101
5 11 7940 0 1777797257 987263
6 26 8055 0 1777797257 987272
0 47 7635 0 1777797257 987347
4 12 10906 0 1777797257 987393
2 1 1473955 0 1777797257 989107
0 48 8259 0 1777797257 995607
1 2 14791 0 1777797257 995685
2 2 6716 0 1777797257 995826
5 12 8601 0 1777797257 995874
4 13 8521 0 1777797257 995915
6 27 9117 0 1777797257 996399
3 50 18617 0 1777797257 999720
6 28 3427 0 1777797257 999828
0 49 7889 0 1777797258 3498
4 14 8465 0 1777797258 4381
3 51 5802 0 1777797258 5531
2 3 9768 0 1777797258 5596
6 29 5830 0 1777797258 5659
1 3 9987 0 1777797258 5673
5 13 9996 0 1777797258 5871
3 52 6356 0 1777797258 11893
2 4 6317 0 1777797258 11915
0 50 13133 0 1777797258 16640
1 4 10968 0 1777797258 16642
5 14 10772 0 1777797258 16645
2 5 6531 0 1777797258 18447
4 15 14054 0 1777797258 18451
6 30 12794 0 1777797258 18455
5 15 3622 0 1777797258 20278
0 51 4331 0 1777797258 20976
4 16 6296 0 1777797258 24761
5 16 8360 0 1777797258 28640
3 53 17962 0 1777797258 29857
0 52 9020 0 1777797258 29998
4 17 6571 0 1777797258 31336
0 53 4683 0 1777797258 34683
3 54 5631 0 1777797258 35490
5 17 7964 0 1777797258 36609
3 55 1761 0 1777797258 37255
0 54 3506 0 1777797258 38192
3 56 1387 0 1777797258 38645
6 31 20468 0 1777797258 38938
2 6 20920 0 1777797258 39376
3 57 753 0 1777797258 39401
6 32 914 0 1777797258 39855
3 58 694 0 1777797258 40097
2 7 2861 0 1777797258 42242
2 8 4126 0 1777797258 46371
2 9 1511 0 1777797258 47886
2 10 1454 0 1777797258 49342
2 11 6235 0 1777797258 55581
3 59 16016 0 1777797258 56115
6 33 16904 0 1777797258 56762
3 60 2055 0 1777797258 58172
2 12 2915 0 1777797258 58500
3 61 1781 0 1777797258 59957
6 34 4530 0 1777797258 61294
1 5 45054 0 1777797258 61704
3 62 3539 0 1777797258 63499
1 6 1825 0 1777797258 63532
5 18 27420 0 1777797258 64039
1 7 3033 0 1777797258 66567
6 35 6730 0 1777797258 68027
2 13 10569 0 1777797258 69071
3 63 6203 0 1777797258 69711
1 8 5293 0 1777797258 71865
6 36 3906 0 1777797258 71937
2 14 5533 0 1777797258 74610
5 19 10675 0 1777797258 74717
4 18 44266 0 1777797258 75609
0 55 39040 0 1777797258 77238
3 64 8120 0 1777797258 77834
1 9 8130 0 1777797258 80046
4 19 5860 0 1777797258 81470
0 56 4252 0 1777797258 81492
6 37 9570 0 1777797258 81507
3 65 8693 0 1777797258 86529
6 38 8220 0 1777797258 89728
1 10 9781 0 1777797258 89832
5 20 15776 0 1777797258 90495
0 57 9645 0 1777797258 91138
2 15 16670 0 1777797258 91302
0 58 4253 0 1777797258 95397
4 20 13935 0 1777797258 95407
5 21 4919 0 1777797258 95416
3 66 19647 0 1777797258 106178
6 39 17249 0 1777797258 106988
1 11 18227 0 1777797258 108061
0 59 13140 0 1777797258 108557
2 16 17540 0 1777797258 108845
4 21 15747 0 1777797258 111186
6 40 5042 0 1777797258 112036
3 67 6140 0 1777797258 112320
5 22 19361 0 1777797258 114811
0 60 6745 0 1777797258 115305
3 68 3859 0 1777797258 116181
6 41 4153 0 1777797258 116191
3 69 3280 0 1777797258 119472
1 12 12850 0 1777797258 120913
2 17 12863 0 1777797258 121710
6 42 6142 0 1777797258 122361
4 22 13122 0 1777797258 124312
2 18 6840 0 1777797258 128554
3 70 9086 0 1777797258 128560
5 23 13749 0 1777797258 128566
0 61 13354 0 1777797258 128661
4 23 4379 0 1777797258 128692
1 13 12814 0 1777797258 133730
3 71 6005 0 1777797258 134580
4 24 5904 0 1777797258 134597
5 24 6031 0 1777797258 134619
6 43 12284 0 1777797258 134648
2 19 8009 0 1777797258 136576
0 62 7954 0 1777797258 136616
2 20 5629 0 1777797258 142213
2 21 14807 0 1777797258 157032
5 25 22372 0 1777797258 157045
0 63 21310 0 1777797258 157927
1 14 24193 0 1777797258 157931
3 72 23286 0 1777797258 157935
6 44 24192 0 1777797258 158875
4 25 24243 0 1777797258 158908
5 26 11823 0 1777797258 168895
2 22 11909 0 1777797258 168955
1 15 16122 0 1777797258 174065
3 73 16132 0 1777797258 174078
4 26 15175 0 1777797258 174084
6 45 15211 0 1777797258 174090
0 64 19133 0 1777797258 177068
4 27 7784 0 1777797258 181905
5 27 13022 0 1777797258 181919
2 23 14432 0 1777797258 183389
1 16 12698 0 1777797258 186789
3 74 15819 0 1777797258 189934
4 28 8023 0 1777797258 189943
6 46 15821 0 1777797258 189951
5 28 11703 0 1777797258 193651
5 29 10913 0 1777797258 204565
1 17 19969 0 1777797258 206761
2 24 20046 0 1777797258 206787
6 47 16818 0 1777797258 206791
0 65 30353 0 1777797258 207422
3 75 17477 0 1777797258 207429
1 18 4314 0 1777797258 211105
4 29 21146 0 1777797258 211110
5 30 6542 0 1777797258 211113
2 25 10493 0 1777797258 217290
6 48 10497 0 1777797258 217298
1 19 8185 0 1777797258 219299
4 30 8189 0 1777797258 219308
0 66 11905 0 1777797258 219335
0 67 7760 0 1777797258 227097
2 26 9804 0 1777797258 227103
3 76 19669 0 1777797258 227107
5 31 15989 0 1777797258 227112
6 49 9806 0 1777797258 227115
1 20 9347 0 1777797258 228656
4 31 9343 0 1777797258 228663
4 32 8718 0 1777797258 237392
5 32 10261 0 1777797258 237400
0 68 10620 0 1777797258 237736
1 21 9078 0 1777797258 237742
2 27 10622 0 1777797258 237747
4 33 5496 0 1777797258 242898
5 33 5479 0 1777797258 242907
6 50 15770 0 1777797258 242914
1 22 11285 0 1777797258 249049
2 28 11311 0 1777797258 249082
3 77 21957 0 1777797258 249089
5 34 6168 0 1777797258 249095
0 69 11812 0 1777797258 249561
4 34 6653 0 1777797258 249568
1 23 8801 0 1777797258 257897
2 29 8800 0 1777797258 257905
3 78 8799 0 1777797258 257912
4 35 8345 0 1777797258 257921
5 35 8810 0 1777797258 257929
6 51 15002 0 1777797258 257937
0 70 9257 0 1777797258 258826
1 24 10871 0 1777797258 268809
2 30 10861 0 1777797258 268813
3 79 10856 0 1777797258 268818
4 36 10850 0 1777797258 268823
6 52 10836 0 1777797258 268828
0 71 10383 0 1777797258 269211
5 36 11241 0 1777797258 269225
4 37 9344 0 1777797258 278192
2 31 9602 0 1777797258 278437
5 37 9212 0 1777797258 278444
3 80 9638 0 1777797258 278478
0 72 15201 0 1777797258 284427
1 25 15622 0 1777797258 284450
4 38 6262 0 1777797258 284458
5 38 6004 0 1777797258 284464
6 53 15616 0 1777797258 284470
2 32 6929 0 1777797258 285374
3 81 6906 0 1777797258 285385
0 73 6799 0 1777797258 291270
1 26 12518 0 1777797258 297008
2 33 11632 0 1777797258 297018
3 82 11628 0 1777797258 297026
4 39 12535 0 1777797258 297033
5 39 12533 0 1777797258 297039
6 54 12536 0 1777797258 297050
0 74 9298 0 1777797258 300570
1 27 5467 0 1777797258 302517
3 83 5457 0 1777797258 302525
6 55 5444 0 1777797258 302531
2 34 7621 0 1777797258 304681
4 40 9023 0 1777797258 306099
5 40 9660 0 1777797258 306741
0 75 12219 0 1777797258 312792
1 28 10269 0 1777797258 312801
6 56 10125 0 1777797258 312808
2 35 10763 0 1777797258 315452
3 84 12788 0 1777797258 315459
4 41 11763 0 1777797258 317864
5 41 11164 0 1777797258 317907
6 57 6324 0 1777797258 319188
1 29 8439 0 1777797258 321289
0 76 8885 0 1777797258 321693
3 85 6230 0 1777797258 321699
2 36 7615 0 1777797258 323076
1 30 10629 0 1777797258 331920
4 42 14028 0 1777797258 331936
5 42 14025 0 1777797258 331943
6 58 12760 0 1777797258 331949
2 37 9598 0 1777797258 332676
3 86 10994 0 1777797258 332703
0 77 14933 0 1777797258 336633
1 31 5686 0 1777797258 337635
3 87 5616 0 1777797258 338332
6 59 6374 0 1777797258 338344
4 43 8120 0 1777797258 340077
2 38 11993 0 1777797258 344699
1 32 9619 0 1777797258 347256
4 44 7181 0 1777797258 347267
5 43 15310 0 1777797258 347274
0 78 12752 0 1777797258 349386
3 88 11050 0 1777797258 349395
6 60 11044 0 1777797258 349401
1 33 6578 0 1777797258 353853
2 39 9168 0 1777797258 353870
4 45 6584 0 1777797258 353877
0 79 9239 0 1777797258 358641
3 89 9234 0 1777797258 358652
4 46 4752 0 1777797258 358656
5 44 11357 0 1777797258 358659
6 61 9235 0 1777797258 358662
1 34 8259 0 1777797258 362139
2 40 8252 0 1777797258 362147
0 80 12945 0 1777797258 371608
1 35 9470 0 1777797258 371618
2 41 9459 0 1777797258 371624
3 90 12958 0 1777797258 371632
4 47 12958 0 1777797258 371638
6 62 12950 0 1777797258 371644
5 45 15348 0 1777797258 374038
0 81 11023 0 1777797258 382668
1 36 11023 0 1777797258 382677
2 42 11022 0 1777797258 382683
3 91 11021 0 1777797258 382689
4 48 11020 0 1777797258 382695
5 46 8657 0 1777797258 382701
6 63 10991 0 1777797258 382708
0 82 5019 0 1777797258 387727
1 37 5040 0 1777797258 387762
3 92 5024 0 1777797258 387765
1 38 6911 0 1777797258 394683
2 43 11958 0 1777797258 394690
3 93 6917 0 1777797258 394693
4 49 11949 0 1777797258 394697
5 47 11945 0 1777797258 394701
6 64 11941 0 1777797258 394704
0 83 8611 0 1777797258 396377
2 44 4261 0 1777797258 398974
6 65 6704 0 1777797258 401435
0 84 7896 0 1777797258 404276
2 45 5307 0 1777797258 404286
4 50 9635 0 1777797258 404357
5 48 9638 0 1777797258 404365
1 39 9838 0 1777797258 404543
4 51 5613 0 1777797258 409995
6 66 8556 0 1777797258 410005
2 46 6361 0 1777797258 410735
4 52 5919 0 1777797258 415925
6 67 6981 0 1777797258 416998
2 47 6815 0 1777797258 417551
1 40 15981 0 1777797258 420525
0 85 16404 0 1777797258 420770
4 53 7088 0 1777797258 423016
2 48 8822 0 1777797258 426377
6 68 13220 0 1777797258 430220
1 41 12810 0 1777797258 433342
3 94 38630 0 1777797258 433349
4 54 10481 0 1777797258 433500
6 69 3930 0 1777797258 434152
0 86 20654 0 1777797258 441426
2 49 15062 0 1777797258 441440
5 49 38801 0 1777797258 443190
1 42 12821 0 1777797258 446323
6 70 13282 0 1777797258 447436
5 50 6260 0 1777797258 449453
0 87 14231 0 1777797258 455682
5 51 8451 0 1777797258 457905
6 71 13231 0 1777797258 460669
1 43 18371 0 1777797258 464702
0 88 9735 0 1777797258 465420
5 52 11121 0 1777797258 469029
1 44 4952 0 1777797258 469667
5 53 825 0 1777797258 469857
6 72 13262 0 1777797258 473933
1 45 6118 0 1777797258 475788
6 73 2202 0 1777797258 476137
5 54 8255 0 1777797258 478113
6 74 3638 0 1777797258 479776
1 46 7269 0 1777797258 483061
0 89 18925 0 1777797258 484348
1 47 2512 0 1777797258 485576
5 55 11207 0 1777797258 489324
6 75 9559 0 1777797258 489338
3 95 60116 0 1777797258 493629
5 56 5072 0 1777797258 494413
1 48 12133 0 1777797258 497710
2 50 63339 0 1777797258 504805
6 76 15451 0 1777797258 504810
0 90 20633 0 1777797258 504982
3 96 11359 0 1777797258 504989
4 55 72774 0 1777797258 506296
4 56 6493 0 1777797258 512791
6 77 7986 0 1777797258 512807
5 57 19476 0 1777797258 513891
1 49 26467 0 1777797258 524179
4 57 11394 0 1777797258 524187
5 58 10302 0 1777797258 524194
6 78 11392 0 1777797258 524199
2 51 19717 0 1777797258 524528
0 91 19747 0 1777797258 524736
0 92 4971 0 1777797258 529709
2 52 5184 0 1777797258 529713
3 97 25300 0 1777797258 530295
4 58 6300 0 1777797258 530525
5 59 6332 0 1777797258 530565
1 50 6489 0 1777797258 530689
0 93 7770 0 1777797258 537483
1 51 6798 0 1777797258 537488
3 98 7195 0 1777797258 537492
4 59 6970 0 1777797258 537496
5 60 6935 0 1777797258 537501
6 79 13264 0 1777797258 537504
2 53 9777 0 1777797258 539496
0 94 3746 0 1777797258 541250
1 52 8047 0 1777797258 545556
3 99 8051 0 1777797258 545564
4 60 8083 0 1777797258 545601
5 61 8086 0 1777797258 545608
6 80 8116 0 1777797258 545642
0 95 5424 0 1777797258 546680
2 54 13762 0 1777797258 553267
4 61 7563 0 1777797258 553284
5 62 7554 0 1777797258 553291
0 96 8130 0 1777797258 554813
1 53 9178 0 1777797258 554821
3 100 9115 0 1777797258 554827
6 81 9086 0 1777797258 554833
2 55 7470 0 1777797258 560762
4 62 7562 0 1777797258 560880
3 101 7816 0 1777797258 562670
5 63 9347 0 1777797258 562680
6 82 7807 0 1777797258 562686
0 97 8566 0 1777797258 563400
1 54 8723 0 1777797258 563569
2 56 5513 0 1777797258 566398
4 63 5439 0 1777797258 566409
3 102 8667 0 1777797258 571354
5 64 8746 0 1777797258 571446
1 55 11195 0 1777797258 574766
0 98 13949 0 1777797258 577350
6 83 14666 0 1777797258 577375
2 57 13440 0 1777797258 579851
3 103 8497 0 1777797258 579859
4 64 13439 0 1777797258 579865
5 65 8421 0 1777797258 579870
1 56 11899 0 1777797258 586668
0 99 10680 0 1777797258 588056
3 104 9200 0 1777797258 589087
4 65 9200 0 1777797258 589094
5 66 9781 0 1777797258 589683
2 58 9893 0 1777797258 589764
6 84 12366 0 1777797258 589771
0 100 6173 0 1777797258 594231
4 66 5138 0 1777797258 594243
1 57 8775 0 1777797258 595452
2 59 6880 0 1777797258 596653
6 85 6893 0 1777797258 596679
3 105 7885 0 1777797258 596980
0 101 5705 0 1777797258 599950
5 67 10274 0 1777797258 599959
1 58 8556 0 1777797258 604010
4 67 9741 0 1777797258 604017
6 86 7436 0 1777797258 604148
2 60 9908 0 1777797258 606588
3 106 9629 0 1777797258 606610
0 102 10743 0 1777797258 610703
5 68 10739 0 1777797258 610712
3 107 4556 0 1777797258 611181
6 87 6974 0 1777797258 611186
4 68 8959 0 1777797258 612987
1 59 9884 0 1777797258 613902
2 61 8107 0 1777797258 614719
0 103 9123 0 1777797258 619835
5 69 9380 0 1777797258 620102
6 88 8933 0 1777797258 620124
1 60 8262 0 1777797258 622166
3 108 11013 0 1777797258 622199
4 69 11467 0 1777797258 624456
5 70 4375 0 1777797258 624480
6 89 4363 0 1777797258 624489
0 104 5560 0 1777797258 625404
2 62 10684 0 1777797258 625410
3 109 9396 0 1777797258 631610
4 70 7128 0 1777797258 631618
1 61 10569 0 1777797258 632771
5 71 8287 0 1777797258 632799
6 90 8286 0 1777797258 632806
0 105 12645 0 1777797258 638056
1 62 5259 0 1777797258 638065
4 71 6442 0 1777797258 638070
6 91 5252 0 1777797258 638075
2 63 14814 0 1777797258 640235
5 72 7425 0 1777797258 640241
3 110 9043 0 1777797258 640662
4 72 2580 0 1777797258 640671
6 92 2788 0 1777797258 640887
0 106 3415 0 1777797258 641491
1 63 7517 0 1777797258 645602
4 73 6158 0 1777797258 646838
5 73 6603 0 1777797258 646859
6 93 7663 0 1777797258 648553
1 64 3097 0 1777797258 648701
4 74 2997 0 1777797258 649857
4 75 2651 0 1777797258 652513
0 107 11981 0 1777797258 653477
2 64 14099 0 1777797258 654342
4 76 3744 0 1777797258 656261
0 108 3591 0 1777797258 657072
4 77 2863 0 1777797258 659126
0 109 2418 0 1777797258 659494
3 111 20946 0 1777797258 661618
5 74 15508 0 1777797258 662376
4 78 4887 0 1777797258 664017
4 79 1414 0 1777797258 665433
4 80 2602 0 1777797258 668037
5 75 8430 0 1777797258 670807
5 76 1903 0 1777797258 672712
4 81 5159 0 1777797258 673201
3 112 12479 0 1777797258 674099
0 110 16288 0 1777797258 675785
3 113 1690 0 1777797258 675792
1 65 27791 0 1777797258 676494
3 114 3423 0 1777797258 679226
6 94 30680 0 1777797258 679235
0 111 6048 0 1777797258 681841
6 95 4751 0 1777797258 683999
2 65 32566 0 1777797258 686910
4 82 13713 0 1777797258 686917
0 112 6060 0 1777797258 687903
6 96 5309 0 1777797258 689309
1 66 14332 0 1777797258 690827
3 115 11604 0 1777797258 690840
0 113 3369 0 1777797258 691275
6 97 2917 0 1777797258 692230
0 114 1584 0 1777797258 692861
1 67 3893 0 1777797258 694735
3 116 4110 0 1777797258 694975
4 83 7980 0 1777797258 694982
2 66 11354 0 1777797258 698272
5 77 26434 0 1777797258 699149
6 98 7500 0 1777797258 699732
4 84 6062 0 1777797258 701056
6 99 2172 0 1777797258 701905
2 67 5166 0 1777797258 703442
5 78 7985 0 1777797258 707137
4 85 6355 0 1777797258 707414
1 68 14325 0 1777797258 709062
2 68 6111 0 1777797258 709555
4 86 2920 0 1777797258 710336
0 115 18351 0 1777797258 711214
3 117 17032 0 1777797258 712015
6 100 11822 0 1777797258 713736
1 69 5049 0 1777797258 714113
3 118 4014 0 1777797258 716031
5 79 9191 0 1777797258 716329
0 116 9114 0 1777797258 720330
1 70 7451 0 1777797258 721566
3 119 5993 0 1777797258 722027
4 87 13143 0 1777797258 723481
5 80 7408 0 1777797258 723738
6 101 10203 0 1777797258 723941
2 69 18749 0 1777797258 728308
0 117 8276 0 1777797258 728616
6 102 5196 0 1777797258 729139
1 71 7645 0 1777797258 729213
3 120 10508 0 1777797258 732540
5 81 8805 0 1777797258 732545
4 88 10111 0 1777797258 733595
1 72 7238 0 1777797258 736453
6 103 7319 0 1777797258 736461
0 118 16738 0 1777797258 745357
1 73 8905 0 1777797258 745367
3 121 12825 0 1777797258 745371
5 82 12824 0 1777797258 745375
6 104 8907 0 1777797258 745379
2 70 22697 0 1777797258 751008
5 83 6630 0 1777797258 752032
1 74 9061 0 1777797258 754453
0 119 14368 0 1777797258 759748
3 122 14365 0 1777797258 759762
5 84 7732 0 1777797258 759769
6 105 14369 0 1777797258 759776
1 75 7457 0 1777797258 761912
6 106 7233 0 1777797258 767066
3 123 8457 0 1777797258 768271
1 76 9136 0 1777797258 771050
4 89 37470 0 1777797258 771067
5 85 11249 0 1777797258 771074
0 120 17073 0 1777797258 776850
2 71 25864 0 1777797258 776875
3 124 9722 0 1777797258 777995
6 107 10934 0 1777797258 778002
4 90 10941 0 1777797258 782025
5 86 11781 0 1777797258 782879
2 72 8605 0 1777797258 785520
0 121 10037 0 1777797258 786914
1 77 16169 0 1777797258 787244
2 73 6936 0 1777797258 792464
4 91 11533 0 1777797258 793565
1 78 7058 0 1777797258 794310
0 122 7958 0 1777797258 795204
4 92 3799 0 1777797258 797368
1 79 3211 0 1777797258 797524
0 123 2854 0 1777797258 798060
1 80 2834 0 1777797258 800360
0 124 3381 0 1777797258 801443
4 93 5845 0 1777797258 803215
5 87 21269 0 1777797258 804152
3 125 28158 0 1777797258 806161
5 88 3768 0 1777797258 807922
4 94 9737 0 1777797258 812954
5 89 5032 0 1777797258 812958
1 81 13884 0 1777797258 814247
2 74 23122 0 1777797258 815589
6 108 37568 0 1777797258 815603
4 95 6277 0 1777797258 819235
5 90 12508 0 1777797258 825471
2 75 11102 0 1777797258 826706
6 109 11117 0 1777797258 826734
1 82 16830 0 1777797258 831091
4 96 12133 0 1777797258 831371
6 110 4611 0 1777797258 831393
0 125 33885 0 1777797258 835336
6 111 8865 0 1777797258 840260
4 97 9317 0 1777797258 840689
5 91 18570 0 1777797258 844044
1 83 13886 0 1777797258 844979
1 84 3426 0 1777797258 848408
3 126 42252 0 1777797258 848416
4 98 7730 0 1777797258 848420
5 92 5977 0 1777797258 850022
6 112 10025 0 1777797258 850289
3 127 3723 0 1777797258 852151
1 85 3793 0 1777797258 852214
6 113 3034 0 1777797258 853325
4 99 7431 0 1777797258 855866
0 126 20548 0 1777797258 855885
3 128 3782 0 1777797258 855936
4 100 3884 0 1777797258 859752
1 86 9613 0 1777797258 861829
3 129 5896 0 1777797258 861832
2 76 35113 0 1777797258 861848
5 93 11828 0 1777797258 861851
4 101 3091 0 1777797258 862845
3 130 2248 0 1777797258 864088
1 87 5504 0 1777797258 867337
5 94 8413 0 1777797258 870270
4 102 9112 0 1777797258 871958
0 127 17222 0 1777797258 873107
5 95 5086 0 1777797258 875357
3 131 12393 0 1777797258 876482
1 88 9573 0 1777797258 876912
4 103 4964 0 1777797258 876923
2 77 15827 0 1777797258 877679
1 89 6447 0 1777797258 883360
0 128 10262 0 1777797258 883371
3 132 6891 0 1777797258 883374
2 78 5860 0 1777797258 883545
4 104 7299 0 1777797258 884222
5 96 10979 0 1777797258 886337
6 114 33820 0 1777797258 887150
1 90 6345 0 1777797258 889706
0 129 6350 0 1777797258 889724
4 105 13507 0 1777797258 897730
1 91 8055 0 1777797258 897764
6 115 11080 0 1777797258 898231
5 97 11936 0 1777797258 898274
2 79 15558 0 1777797258 899105
1 92 1804 0 1777797258 899569
5 98 3397 0 1777797258 901672
6 116 3659 0 1777797258 901892
4 106 5112 0 1777797258 902850
2 80 4755 0 1777797258 903865
1 93 4937 0 1777797258 904508
4 107 3965 0 1777797258 906819
5 99 7395 0 1777797258 909289
6 117 7393 0 1777797258 909296
1 94 5576 0 1777797258 910086
2 81 9234 0 1777797258 913102
5 100 4090 0 1777797258 913387
4 108 7108 0 1777797258 913934
3 133 33011 0 1777797258 916391
5 101 3515 0 1777797258 916903
0 130 67988 0 1777797258 957712
4 109 46641 0 1777797258 960576
5 102 43682 0 1777797258 960586
1 95 52298 0 1777797258 962386
2 82 49300 0 1777797258 962410
3 134 46052 0 1777797258 962445
6 118 53165 0 1777797258 962472
0 131 6002 0 1777797258 963726
5 103 4008 0 1777797258 964602
0 132 2941 0 1777797258 966669
1 96 6295 0 1777797258 968768
2 83 8543 0 1777797258 971025
6 119 8557 0 1777797258 971053
4 110 10988 0 1777797258 971575
5 104 7888 0 1777797258 972497
3 135 10870 0 1777797258 973359
4 111 5969 0 1777797258 977545
5 105 5049 0 1777797258 977552
0 133 12334 0 1777797258 979005
2 84 7964 0 1777797258 979020
6 120 7952 0 1777797258 979026
3 136 8295 0 1777797258 981658
1 97 13853 0 1777797258 982625
6 121 5611 0 1777797258 984655
4 112 8037 0 1777797258 985590
5 106 8028 0 1777797258 985598
5 107 1391 0 1777797258 987001
4 113 1908 0 1777797258 987507
6 122 2856 0 1777797258 987518
1 98 5497 0 1777797258 988123
2 85 12146 0 1777797258 991184
4 114 3685 0 1777797258 991204
0 134 12505 0 1777797258 991532
0 135 5075 0 1777797258 996612
1 99 8494 0 1777797258 996619
5 108 9625 0 1777797258 996628
6 123 9105 0 1777797258 996634
4 115 5692 0 1777797258 996907
3 137 18295 0 1777797258 999961
0 136 60144 0 1777797259 56778
1 100 60135 0 1777797259 56782
2 86 65581 0 1777797259 56786
3 138 56828 0 1777797259 56791
4 116 59885 0 1777797259 56793
5 109 60133 0 1777797259 56797
6 124 60130 0 1777797259 56801
1 101 12308 0 1777797259 69144
2 87 12312 0 1777797259 69155
3 139 12313 0 1777797259 69161
4 117 12315 0 1777797259 69167
6 125 12310 0 1777797259 69173
0 137 24630 0 1777797259 81460
5 110 24612 0 1777797259 81470
2 88 13302 0 1777797259 82570
3 140 13297 0 1777797259 82577
4 118 13067 0 1777797259 82583
6 126 13048 0 1777797259 82588
1 102 14369 0 1777797259 83543
0 138 6603 0 1777797259 88074
5 111 6595 0 1777797259 88080
0 139 7734 0 1777797259 95815
1 103 12280 0 1777797259 95828
2 89 13249 0 1777797259 95837
3 141 13249 0 1777797259 95845
4 119 13250 0 1777797259 95853
5 112 7771 0 1777797259 95862
6 127 13263 0 1777797259 95872
6 128 3000 0 1777797259 98995
4 120 3828 0 1777797259 99736
1 104 5943 0 1777797259 101830
2 90 5945 0 1777797259 101838
3 142 5945 0 1777797259 101845
0 140 10385 0 1777797259 106258
5 113 10817 0 1777797259 106794
6 129 11685 0 1777797259 110682
0 141 8808 0 1777797259 115075
1 105 13236 0 1777797259 115082
2 91 13317 0 1777797259 115174
3 143 13330 0 1777797259 115205
4 121 15471 0 1777797259 115213
5 114 8423 0 1777797259 115219
6 130 11167 0 1777797259 121851
1 106 13740 0 1777797259 128979
2 92 13772 0 1777797259 129020
3 144 13767 0 1777797259 129028
4 122 13765 0 1777797259 129035
5 115 13758 0 1777797259 129041
0 142 19494 0 1777797259 134715
1 107 5678 0 1777797259 134721
3 145 5654 0 1777797259 134726
6 131 12866 0 1777797259 134730
2 93 6581 0 1777797259 135644
4 123 7023 0 1777797259 136242
5 116 7021 0 1777797259 136248
2 94 8951 0 1777797259 144598
3 146 9864 0 1777797259 144607
6 132 9862 0 1777797259 144611
0 143 11046 0 1777797259 145777
1 108 11074 0 1777797259 145813
4 124 9575 0 1777797259 145824
5 117 9577 0 1777797259 145830
1 109 2898 0 1777797259 148741
0 144 10832 0 1777797259 156663
3 147 12053 0 1777797259 156671
6 133 12053 0 1777797259 156677
1 110 12828 0 1777797259 161573
2 95 16974 0 1777797259 161585
0 145 10913 0 1777797259 167591
3 148 10877 0 1777797259 167600
4 125 21774 0 1777797259 167627
5 118 21773 0 1777797259 167635
6 134 10908 0 1777797259 167641
1 111 8419 0 1777797259 170005
2 96 9851 0 1777797259 171449
0 146 10716 0 1777797259 178358
1 112 8359 0 1777797259 178366
3 149 10687 0 1777797259 178372
5 119 12543 0 1777797259 180243
6 135 12517 0 1777797259 180251
2 97 9255 0 1777797259 180709
3 150 7058 0 1777797259 185474
5 120 8521 0 1777797259 188773
6 136 8526 0 1777797259 188789
0 147 13762 0 1777797259 192135
1 113 15810 0 1777797259 194191
3 151 13865 0 1777797259 199341
4 126 31658 0 1777797259 199350
5 121 10570 0 1777797259 199360
6 137 10576 0 1777797259 199386
0 148 14279 0 1777797259 206417
1 114 12238 0 1777797259 206431
3 152 7049 0 1777797259 206437
4 127 7032 0 1777797259 206444
6 138 7018 0 1777797259 206450
3 153 5852 0 1777797259 212335
4 128 5859 0 1777797259 212352
5 122 12936 0 1777797259 212358
6 139 5864 0 1777797259 212365
0 149 10892 0 1777797259 217343
1 115 10890 0 1777797259 217351
2 98 36646 0 1777797259 217357
1 116 22652 0 1777797259 240020
2 99 22655 0 1777797259 240032
3 154 27674 0 1777797259 240039
6 140 27606 0 1777797259 240046
1 117 5860 0 1777797259 245906
2 100 5868 0 1777797259 245926
4 129 33519 0 1777797259 245935
6 141 5845 0 1777797259 245949
1 118 3542 0 1777797259 249492
1 119 6368 0 1777797259 255862
2 101 9912 0 1777797259 255875
4 130 9908 0 1777797259 255881
6 142 11395 0 1777797259 257376
1 120 5302 0 1777797259 261184
2 102 5296 0 1777797259 261205
4 131 5311 0 1777797259 261233
1 121 4960 0 1777797259 266194
6 143 8823 0 1777797259 266202
3 155 28140 0 1777797259 268235
0 150 54191 0 1777797259 271550
2 103 10315 0 1777797259 271559
4 132 10247 0 1777797259 271565
3 156 13732 0 1777797259 281972
6 144 16420 0 1777797259 282633
3 157 9007 0 1777797259 290981
4 133 19405 0 1777797259 290990
1 122 31756 0 1777797259 297959
2 104 34092 0 1777797259 305669
0 151 39358 0 1777797259 310924
5 123 98508 0 1777797259 310932
6 145 28301 0 1777797259 310938
1 123 17236 0 1777797259 315203
3 158 24222 0 1777797259 315213
4 134 24218 0 1777797259 315218
2 105 15270 0 1777797259 320942
0 152 22133 0 1777797259 333072
6 146 26182 0 1777797259 337142
2 106 16246 0 1777797259 337190
4 135 21983 0 1777797259 337222
3 159 25263 0 1777797259 340496
5 124 29587 0 1777797259 340535
1 124 31044 0 1777797259 346263
3 160 14738 0 1777797259 355244
4 136 18008 0 1777797259 355250
6 147 18163 0 1777797259 355326
2 107 18827 0 1777797259 356051
0 153 19191 0 1777797259 356335
1 125 10078 0 1777797259 356343
5 125 18770 0 1777797259 359307
0 154 5698 0 1777797259 362042
3 161 7831 0 1777797259 363158
1 126 7511 0 1777797259 363864
6 148 9912 0 1777797259 365278
5 126 8329 0 1777797259 367638
2 108 13522 0 1777797259 369575
6 149 5702 0 1777797259 370983
1 127 10049 0 1777797259 373915
5 127 9046 0 1777797259 376686
0 155 15127 0 1777797259 377171
4 137 22925 0 1777797259 378273
6 150 8915 0 1777797259 379900
0 156 5289 0 1777797259 382463
1 128 8551 0 1777797259 382469
5 128 5786 0 1777797259 382475
3 162 27061 0 1777797259 390224
6 151 11040 0 1777797259 390942
0 157 14578 0 1777797259 397054
0 158 2320 0 1777797259 399377
1 129 16922 0 1777797259 399406
2 109 29846 0 1777797259 399425
6 152 11143 0 1777797259 402086
1 130 4318 0 1777797259 403757
2 110 4931 0 1777797259 404376
0 159 5138 0 1777797259 404564
3 163 14585 0 1777797259 404813
5 129 22647 0 1777797259 405145
0 160 3879 0 1777797259 408446
4 138 30719 0 1777797259 408997
1 131 7098 0 1777797259 410857
5 130 7023 0 1777797259 412170
3 164 7683 0 1777797259 412498
4 139 4995 0 1777797259 413995
3 165 1765 0 1777797259 414265
5 131 2793 0 1777797259 414965
0 161 7223 0 1777797259 415674
3 166 1973 0 1777797259 416240
5 132 1788 0 1777797259 416757
5 133 1057 0 1777797259 417815
3 167 2087 0 1777797259 418329
3 168 577 0 1777797259 418909
5 134 1941 0 1777797259 419758
1 132 11957 0 1777797259 422816
0 162 9724 0 1777797259 425399
1 133 2589 0 1777797259 425407
5 135 5990 0 1777797259 425751
1 134 724 0 1777797259 426142
2 111 22254 0 1777797259 426633
1 135 3838 0 1777797259 429981
0 163 5508 0 1777797259 430916
6 153 28813 0 1777797259 430923
5 136 6609 0 1777797259 432361
2 112 6657 0 1777797259 433293
0 164 3520 0 1777797259 434444
3 169 18104 0 1777797259 437015
4 140 25720 0 1777797259 439718
0 165 5402 0 1777797259 439848
5 137 8911 0 1777797259 441274
0 166 2063 0 1777797259 441913
2 113 9475 0 1777797259 442774
3 170 6224 0 1777797259 443241
5 138 1980 0 1777797259 443256
6 154 12475 0 1777797259 443415
0 167 2843 0 1777797259 444759
6 155 1760 0 1777797259 445177
4 141 7290 0 1777797259 447010
0 168 2553 0 1777797259 447314
6 156 2545 0 1777797259 447724
5 139 5043 0 1777797259 448310
2 114 7711 0 1777797259 450487
5 140 2181 0 1777797259 450493
3 171 7468 0 1777797259 450726
4 142 5548 0 1777797259 452560
0 169 6723 0 1777797259 454038
6 157 7662 0 1777797259 455388
5 141 5108 0 1777797259 455618
2 115 5474 0 1777797259 455968
1 136 26221 0 1777797259 456204
6 158 1159 0 1777797259 456551
0 170 3443 0 1777797259 457483
6 159 1133 0 1777797259 457686
4 143 5572 0 1777797259 458134
2 116 2310 0 1777797259 458280
1 137 2326 0 1777797259 458532
3 172 11004 0 1777797259 461732
1 138 3254 0 1777797259 461787
3 173 5272 0 1777797259 467006
0 171 9960 0 1777797259 467445
1 139 7964 0 1777797259 469752
3 174 6941 0 1777797259 473949
5 142 24086 0 1777797259 479706
4 144 22277 0 1777797259 480414
2 117 22694 0 1777797259 480975
5 143 1822 0 1777797259 481530
5 144 774 0 1777797259 482307
2 118 3883 0 1777797259 484861
6 160 27206 0 1777797259 484893
5 145 3571 0 1777797259 485880
0 172 19104 0 1777797259 486551
3 175 15401 0 1777797259 489353
1 140 19795 0 1777797259 489549
4 145 9140 0 1777797259 489557
0 173 3093 0 1777797259 489646
1 141 1601 0 1777797259 491159
0 174 2633 0 1777797259 492281
4 146 3986 0 1777797259 493560
1 142 5728 0 1777797259 496889
3 176 9308 0 1777797259 498670
4 147 5860 0 1777797259 499421
1 143 3292 0 1777797259 500183
0 175 9694 0 1777797259 501979
5 146 17810 0 1777797259 503692
2 119 19474 0 1777797259 504340
4 148 4928 0 1777797259 504351
0 176 3025 0 1777797259 505006
5 147 1595 0 1777797259 505289
6 161 21350 0 1777797259 506244
2 120 2413 0 1777797259 506765
4 149 2923 0 1777797259 507287
4 150 5315 0 1777797259 512603
0 177 8708 0 1777797259 513717
1 144 15814 0 1777797259 516000
3 177 18465 0 1777797259 517137
4 151 6348 0 1777797259 518956
0 178 6098 0 1777797259 519820
4 152 3258 0 1777797259 522216
6 162 15930 0 1777797259 522232
2 121 22811 0 1777797259 529577
0 179 10008 0 1777797259 529837
1 145 13869 0 1777797259 529873
5 148 24587 0 1777797259 529878
3 178 12760 0 1777797259 529904
4 153 8128 0 1777797259 530361
6 163 8125 0 1777797259 530367
4 154 10062 0 1777797259 540429
5 149 10542 0 1777797259 540434
6 164 10065 0 1777797259 540438
2 122 11055 0 1777797259 540633
0 180 11084 0 1777797259 540962
1 146 11080 0 1777797259 540967
3 179 11065 0 1777797259 540971
5 150 13512 0 1777797259 553955
6 165 13521 0 1777797259 553969
2 123 13371 0 1777797259 554005
4 155 13915 0 1777797259 554353
1 147 13395 0 1777797259 554373
3 180 13556 0 1777797259 554539
0 181 15222 0 1777797259 556193
0 182 6538 0 1777797259 562732
2 124 8947 0 1777797259 562953
3 181 8513 0 1777797259 563054
4 156 8716 0 1777797259 563072
1 148 17789 0 1777797259 572163
3 182 9559 0 1777797259 572616
5 151 18671 0 1777797259 572642
6 166 18694 0 1777797259 572682
2 125 15638 0 1777797259 578594
0 183 16272 0 1777797259 579006
6 167 10517 0 1777797259 583200
1 149 11122 0 1777797259 583287
4 157 21128 0 1777797259 584202
5 152 11564 0 1777797259 584207
3 183 12338 0 1777797259 584955
0 184 11594 0 1777797259 590602
2 126 12013 0 1777797259 590609
5 153 9593 0 1777797259 593806
6 168 10611 0 1777797259 593813
3 184 9328 0 1777797259 594291
4 158 10103 0 1777797259 594311
1 150 12441 0 1777797259 595730
2 127 5822 0 1777797259 596443
0 185 9082 0 1777797259 599692
6 169 6721 0 1777797259 600550
1 151 5738 0 1777797259 601470
5 154 9513 0 1777797259 603327
2 128 6908 0 1777797259 603357
3 185 11060 0 1777797259 605373
6 170 4830 0 1777797259 605382
1 152 10100 0 1777797259 611572
2 129 8218 0 1777797259 611576
4 159 17251 0 1777797259 611580
5 155 8255 0 1777797259 611584
3 186 6354 0 1777797259 611737
6 171 6449 0 1777797259 611842
0 186 12160 0 1777797259 611854
1 153 3806 0 1777797259 615391
2 130 5008 0 1777797259 616597
4 160 5017 0 1777797259 616610
0 187 4812 0 1777797259 616666
6 172 5059 0 1777797259 616902
5 156 12672 0 1777797259 624270
3 187 12697 0 1777797259 624434
2 131 7946 0 1777797259 624557
1 154 12162 0 1777797259 627556
0 188 11353 0 1777797259 628020
4 161 11377 0 1777797259 628026
6 173 11574 0 1777797259 628478
0 189 4588 0 1777797259 632615
4 162 4598 0 1777797259 632635
2 132 8811 0 1777797259 633369
6 174 4897 0 1777797259 633377
1 155 10125 0 1777797259 637683
5 157 13418 0 1777797259 637690
3 188 13478 0 1777797259 637914
2 133 9013 0 1777797259 642392
5 158 4699 0 1777797259 642401
4 163 13098 0 1777797259 645734
1 156 8138 0 1777797259 645829
6 175 13343 0 1777797259 646743
0 190 16872 0 1777797259 649490
3 189 11688 0 1777797259 649604
4 164 9068 0 1777797259 654804
2 134 12722 0 1777797259 655124
5 159 13278 0 1777797259 655723
6 176 9921 0 1777797259 656666
1 157 11197 0 1777797259 657027
3 190 8325 0 1777797259 657931
0 191 9202 0 1777797259 658694
5 160 6827 0 1777797259 662553
6 177 6020 0 1777797259 662688
4 165 7960 0 1777797259 662767
1 158 5803 0 1777797259 662831
0 192 4783 0 1777797259 663481
3 191 5975 0 1777797259 663908
2 135 9804 0 1777797259 664930
2 136 3539 0 1777797259 668472
3 192 4570 0 1777797259 668483
1 159 5718 0 1777797259 668550
5 161 5995 0 1777797259 668556
1 160 4043 0 1777797259 672600
2 137 4134 0 1777797259 672618
6 178 10676 0 1777797259 673365
0 193 11331 0 1777797259 674814
1 161 2367 0 1777797259 674969
2 138 2897 0 1777797259 675517
4 166 15321 0 1777797259 678089
6 179 5276 0 1777797259 678643
2 139 3382 0 1777797259 678900
0 194 4323 0 1777797259 679140
6 180 2101 0 1777797259 680745
3 193 13524 0 1777797259 682021
2 140 3812 0 1777797259 682714
2 141 2751 0 1777797259 685468
1 162 12343 0 1777797259 687321
2 142 4095 0 1777797259 689566
3 194 7593 0 1777797259 689615
1 163 3255 0 1777797259 690585
4 167 14213 0 1777797259 692304
1 164 3449 0 1777797259 694100
2 143 4677 0 1777797259 694245
2 144 2317 0 1777797259 696563
4 168 4265 0 1777797259 696572
6 181 15833 0 1777797259 696580
1 165 2529 0 1777797259 696631
6 182 2297 0 1777797259 698902
4 169 2613 0 1777797259 699207
0 195 21039 0 1777797259 700181
3 195 12258 0 1777797259 701874
1 166 5559 0 1777797259 702191
2 145 5614 0 1777797259 702195
1 167 2901 0 1777797259 705096
2 146 3519 0 1777797259 705721
2 147 1299 0 1777797259 707023
1 168 4307 0 1777797259 709406
6 183 13508 0 1777797259 712412
4 170 13295 0 1777797259 712503
2 148 5496 0 1777797259 712523
0 196 12665 0 1777797259 712848
1 169 5448 0 1777797259 714858
2 149 7924 0 1777797259 720449
5 162 53123 0 1777797259 721689
2 150 3929 0 1777797259 724380
1 170 17584 0 1777797259 732448
1 171 4847 0 1777797259 737300
2 151 21469 0 1777797259 745852
3 196 43991 0 1777797259 745867
4 171 35935 0 1777797259 748440
0 197 36439 0 1777797259 749289
6 184 36881 0 1777797259 749299
2 152 7755 0 1777797259 753623
6 185 8148 0 1777797259 757457
6 186 1907 0 1777797259 759368
2 153 6138 0 1777797259 759766
1 172 22541 0 1777797259 759843
6 187 4630 0 1777797259 764003
4 172 16110 0 1777797259 764552
2 154 5154 0 1777797259 764923
0 198 15742 0 1777797259 765042
4 173 4205 0 1777797259 768759
1 173 22385 0 1777797259 782230
5 163 60542 0 1777797259 782234
0 199 20850 0 1777797259 785894
2 155 21346 0 1777797259 786271
3 197 40397 0 1777797259 786277
4 174 17521 0 1777797259 786282
6 188 22281 0 1777797259 786287
5 164 9351 0 1777797259 791594
0 200 8286 0 1777797259 794189
1 174 12540 0 1777797259 794775
6 189 27879 0 1777797259 814191
2 156 28006 0 1777797259 814294
4 175 28272 0 1777797259 814575
1 175 20938 0 1777797259 815715
5 165 24132 0 1777797259 815728
0 201 21568 0 1777797259 815759
3 198 32364 0 1777797259 818660
2 157 9137 0 1777797259 823433
4 176 18522 0 1777797259 833098
0 202 19477 0 1777797259 835238
1 176 19516 0 1777797259 835245
6 190 21054 0 1777797259 835252
3 199 16877 0 1777797259 835538
5 166 19801 0 1777797259 835544
2 158 16343 0 1777797259 839778
4 177 12737 0 1777797259 845836
1 177 13505 0 1777797259 848768
3 200 13245 0 1777797259 848790
5 167 13244 0 1777797259 848797
6 191 13530 0 1777797259 848803
0 203 15298 0 1777797259 850551
2 159 17944 0 1777797259 857725
4 178 13905 0 1777797259 859748
3 201 14238 0 1777797259 863042
6 192 14231 0 1777797259 863050
1 178 14306 0 1777797259 863076
5 168 14269 0 1777797259 863082
0 204 25474 0 1777797259 876027
2 160 18304 0 1777797259 876030
4 179 17370 0 1777797259 877120
5 169 16902 0 1777797259 880007
1 179 21937 0 1777797259 885019
3 202 23898 0 1777797259 886949
6 193 23896 0 1777797259 886956
0 205 15703 0 1777797259 891734
2 161 15706 0 1777797259 891741
4 180 16521 0 1777797259 893648
1 180 8769 0 1777797259 893790
5 170 15802 0 1777797259 895817
6 194 8996 0 1777797259 895962
3 203 24562 0 1777797259 911519
2 162 19845 0 1777797259 911604
6 195 15839 0 1777797259 911802
4 181 18162 0 1777797259 911818
0 206 20172 0 1777797259 911914
1 181 18202 0 1777797259 911994
4 182 7106 0 1777797259 918925
2 163 9300 0 1777797259 920906
4 183 5449 0 1777797259 924376
0 207 13894 0 1777797259 925809
4 184 2660 0 1777797259 927039
6 196 15316 0 1777797259 927119
5 171 47912 0 1777797259 943734
6 197 16620 0 1777797259 943741
1 182 31773 0 1777797259 943769
2 164 22931 0 1777797259 943839
3 204 32322 0 1777797259 943843
0 208 18050 0 1777797259 943863
4 185 16825 0 1777797259 943867
1 183 4145 0 1777797259 947915
4 186 4531 0 1777797259 948408
2 165 7718 0 1777797259 951564
6 198 9652 0 1777797259 953404
5 172 12260 0 1777797259 956002
0 209 14026 0 1777797259 957895
4 187 17647 0 1777797259 966058
1 184 19210 0 1777797259 967127
4 188 3467 0 1777797259 969528
1 185 3084 0 1777797259 970214
3 205 26372 0 1777797259 970223
5 173 15678 0 1777797259 971684
6 199 22070 0 1777797259 975480
2 166 28809 0 1777797259 980377
0 210 24040 0 1777797259 981937
5 174 12145 0 1777797259 983831
3 206 17806 0 1777797259 988054
0 211 8519 0 1777797259 990459
2 167 10096 0 1777797259 990475
1 186 21169 0 1777797259 991394
5 175 12050 0 1777797259 995885
3 207 11026 0 1777797259 999082
0 212 10657 0 1777797260 1198
6 200 26477 0 1777797260 1961
5 176 6101 0 1777797260 1989
3 208 6049 0 1777797260 5133
2 168 14647 0 1777797260 5199
5 177 5260 0 1777797260 7250
3 209 6134 0 1777797260 11268
5 178 4471 0 1777797260 11723
0 213 11253 0 1777797260 12454
5 179 767 0 1777797260 12495
5 180 832 0 1777797260 13328
3 210 2093 0 1777797260 13372
5 181 686 0 1777797260 14016
0 214 2993 0 1777797260 15450
1 187 25167 0 1777797260 16569
5 182 3464 0 1777797260 17482
3 211 4811 0 1777797260 18185
4 189 51031 0 1777797260 20565
0 215 5658 0 1777797260 21110
6 201 20248 0 1777797260 22215
2 169 17419 0 1777797260 22619
2 170 1356 0 1777797260 23980
2 171 3917 0 1777797260 27899
0 216 7046 0 1777797260 28157
6 202 5947 0 1777797260 28166
5 183 11172 0 1777797260 28658
3 212 10558 0 1777797260 28746
4 190 8612 0 1777797260 29179
1 188 13430 0 1777797260 30001
6 203 4462 0 1777797260 32639
6 204 2874 0 1777797260 35517
5 184 7562 0 1777797260 36222
2 172 9945 0 1777797260 37846
3 213 9515 0 1777797260 38263
6 205 3680 0 1777797260 39199
0 217 11072 0 1777797260 39239
0 218 1035 0 1777797260 40275
2 173 2462 0 1777797260 40315
6 206 1438 0 1777797260 40643
6 207 2453 0 1777797260 43099
1 189 13178 0 1777797260 43180
2 174 2869 0 1777797260 43185
4 191 14825 0 1777797260 44008
3 214 6405 0 1777797260 44671
0 219 4512 0 1777797260 44789
6 208 4105 0 1777797260 47206
5 185 11002 0 1777797260 47228
2 175 5742 0 1777797260 48933
1 190 5934 0 1777797260 49119
3 215 5708 0 1777797260 50382
6 209 3180 0 1777797260 50389
4 192 7258 0 1777797260 51268
0 220 8848 0 1777797260 53639
5 186 7805 0 1777797260 55034
6 210 4615 0 1777797260 55054
2 176 7294 0 1777797260 56230
5 187 1605 0 1777797260 56641
0 221 4127 0 1777797260 57778
3 216 7395 0 1777797260 57785
4 193 7220 0 1777797260 58495
3 217 1580 0 1777797260 59380
6 211 4568 0 1777797260 59624
2 177 4960 0 1777797260 61194
5 188 4993 0 1777797260 61636
0 222 4024 0 1777797260 61810
3 218 3449 0 1777797260 62831
4 194 5607 0 1777797260 64104
2 178 5115 0 1777797260 66313
0 223 4780 0 1777797260 66592
3 219 4674 0 1777797260 67507
6 212 7895 0 1777797260 67521
5 189 7813 0 1777797260 69450
4 195 9379 0 1777797260 73489
0 224 6960 0 1777797260 73554
1 191 24441 0 1777797260 73562
6 213 6058 0 1777797260 73590
2 179 7493 0 1777797260 73808
3 220 6683 0 1777797260 74205
0 225 4779 0 1777797260 78342
3 221 4142 0 1777797260 78349
6 214 5279 0 1777797260 78870
4 196 6960 0 1777797260 80450
2 180 7812 0 1777797260 81622
0 226 4614 0 1777797260 82963
6 215 4700 0 1777797260 83570
3 222 5555 0 1777797260 83914
0 227 1242 0 1777797260 84212
0 228 1518 0 1777797260 85733
4 197 6345 0 1777797260 86798
3 223 5990 0 1777797260 89906
6 216 6762 0 1777797260 90335
0 229 4790 0 1777797260 90529
2 181 9970 0 1777797260 91594
2 182 928 0 1777797260 92524
0 230 4653 0 1777797260 95183
4 198 8663 0 1777797260 95463
6 217 5337 0 1777797260 95674
3 224 7500 0 1777797260 97411
4 199 2721 0 1777797260 98186
1 192 25181 0 1777797260 98753
3 225 2214 0 1777797260 99630
1 193 5658 0 1777797260 104413
2 183 11896 0 1777797260 104423
6 218 8804 0 1777797260 104480
0 231 9457 0 1777797260 104642
5 190 35208 0 1777797260 104660
4 200 7568 0 1777797260 105757
3 226 6716 0 1777797260 106348
0 232 3060 0 1777797260 107703
6 219 3998 0 1777797260 108479
0 233 1189 0 1777797260 108897
0 234 3032 0 1777797260 111934
6 220 3820 0 1777797260 112307
0 235 1455 0 1777797260 113394
6 221 1181 0 1777797260 113490
5 191 9200 0 1777797260 113861
2 184 11328 0 1777797260 115767
0 236 3496 0 1777797260 116893
4 201 11845 0 1777797260 117605
6 222 6216 0 1777797260 119707
4 202 2622 0 1777797260 120232
2 185 6635 0 1777797260 122406
6 223 3880 0 1777797260 123591
1 194 20172 0 1777797260 124596
2 186 2762 0 1777797260 125171
4 203 6341 0 1777797260 126575
6 224 3051 0 1777797260 126644
5 192 13488 0 1777797260 127350
2 187 3686 0 1777797260 128859
3 227 22635 0 1777797260 128988
4 204 3226 0 1777797260 129809
6 225 3874 0 1777797260 130521
0 237 15840 0 1777797260 132738
6 226 2840 0 1777797260 133430
0 238 1190 0 1777797260 133933
3 228 5556 0 1777797260 134546
6 227 3552 0 1777797260 136983
0 239 4616 0 1777797260 138552
6 228 1579 0 1777797260 138564
4 205 9730 0 1777797260 139541
3 229 5858 0 1777797260 140408
4 206 3411 0 1777797260 142954
6 229 5405 0 1777797260 143983
4 207 2299 0 1777797260 145256
6 230 3200 0 1777797260 147186
5 193 22324 0 1777797260 149675
4 208 4473 0 1777797260 149731
1 195 29972 0 1777797260 154571
3 230 14171 0 1777797260 154582
6 231 7407 0 1777797260 154597
0 240 17306 0 1777797260 155871
5 194 6623 0 1777797260 156300
2 188 27680 0 1777797260 156542
3 231 2748 0 1777797260 157363
3 232 2506 0 1777797260 159871
5 195 5431 0 1777797260 161734
3 233 2501 0 1777797260 162374
1 196 10744 0 1777797260 165342
5 196 4487 0 1777797260 166223
1 197 1684 0 1777797260 167029
2 189 11184 0 1777797260 167728
6 232 13438 0 1777797260 168063
0 241 12353 0 1777797260 168226
3 234 7074 0 1777797260 169450
6 233 3868 0 1777797260 171933
4 209 22606 0 1777797260 172338
5 197 7337 0 1777797260 173562
1 198 8433 0 1777797260 175465
6 234 6257 0 1777797260 178193
0 242 10139 0 1777797260 178367
4 210 7849 0 1777797260 180189
3 235 12160 0 1777797260 181615
3 236 3143 0 1777797260 184760
0 243 6424 0 1777797260 184792
6 235 8149 0 1777797260 186343
1 199 12992 0 1777797260 188460
4 211 8285 0 1777797260 188475
5 198 15937 0 1777797260 189500
2 190 21810 0 1777797260 189541
1 200 1520 0 1777797260 189996
3 237 7426 0 1777797260 192194
5 199 3180 0 1777797260 192682
6 236 6333 0 1777797260 192689
2 191 3980 0 1777797260 193523
2 192 1018 0 1777797260 194543
1 201 5508 0 1777797260 195506
4 212 7672 0 1777797260 196158
6 237 3567 0 1777797260 196267
5 200 4668 0 1777797260 197358
2 193 3048 0 1777797260 197594
3 238 5518 0 1777797260 197720
5 201 2614 0 1777797260 199980
4 213 3928 0 1777797260 200091
1 202 4894 0 1777797260 200401
2 194 3262 0 1777797260 200857
6 238 6840 0 1777797260 203109
3 239 6943 0 1777797260 204665
4 214 5238 0 1777797260 205330
2 195 5839 0 1777797260 206697
0 244 22779 0 1777797260 207572
1 203 7180 0 1777797260 207585
3 240 3356 0 1777797260 208026
5 202 11223 0 1777797260 211209
4 215 5906 0 1777797260 211239
6 239 8918 0 1777797260 212029
0 245 6448 0 1777797260 214034
0 246 5760 0 1777797260 219797
2 196 15029 0 1777797260 221728
6 240 9818 0 1777797260 221849
0 247 3387 0 1777797260 223188
3 241 16333 0 1777797260 224362
0 248 1373 0 1777797260 224565
6 241 3380 0 1777797260 225230
3 242 2336 0 1777797260 226700
5 203 15499 0 1777797260 226710
1 204 19499 0 1777797260 227098
6 242 1876 0 1777797260 227108
0 249 4410 0 1777797260 228976
3 243 4956 0 1777797260 231668
1 205 4755 0 1777797260 231864
5 204 6417 0 1777797260 233139
6 243 9198 0 1777797260 236317
3 244 4734 0 1777797260 236405
2 197 15131 0 1777797260 236861
1 206 5701 0 1777797260 237566
5 205 7176 0 1777797260 240317
0 250 14965 0 1777797260 243943
3 245 8323 0 1777797260 244729
6 244 8426 0 1777797260 244750
0 251 1757 0 1777797260 245702
3 246 2090 0 1777797260 246865
0 252 2485 0 1777797260 248189
1 207 12298 0 1777797260 249870
2 198 13514 0 1777797260 250378
6 245 6436 0 1777797260 251220
0 253 4991 0 1777797260 253182
5 206 12971 0 1777797260 253289
6 246 2649 0 1777797260 253871
4 216 44120 0 1777797260 255360
3 247 9917 0 1777797260 256785
5 207 3503 0 1777797260 256794
6 247 2923 0 1777797260 256800
1 208 8195 0 1777797260 258068
2 199 9971 0 1777797260 260351
0 254 7705 0 1777797260 260893
4 217 5543 0 1777797260 260904
3 248 4893 0 1777797260 261694
4 218 2416 0 1777797260 263333
3 249 1691 0 1777797260 263388
6 248 6615 0 1777797260 263455
0 255 2979 0 1777797260 263885
0 256 2088 0 1777797260 265975
0 257 892 0 1777797260 266870
1 209 9313 0 1777797260 267384
6 249 4497 0 1777797260 267953
0 258 2306 0 1777797260 269178
4 219 5993 0 1777797260 269328
1 210 2394 0 1777797260 269780
2 200 11024 0 1777797260 271378
6 250 3748 0 1777797260 271703
4 220 3501 0 1777797260 272830
1 211 4125 0 1777797260 273908
0 259 5429 0 1777797260 274609
0 260 2769 0 1777797260 277437
4 221 4630 0 1777797260 277463
3 250 14635 0 1777797260 278024
6 251 7248 0 1777797260 278952
0 261 2371 0 1777797260 279840
2 201 8472 0 1777797260 279852
4 222 4284 0 1777797260 281762
6 252 2834 0 1777797260 281789
3 251 3779 0 1777797260 281807
2 202 1960 0 1777797260 281823
0 262 2663 0 1777797260 282516
1 212 8635 0 1777797260 282545
5 208 26532 0 1777797260 283357
2 203 4207 0 1777797260 286031
0 263 3759 0 1777797260 286280
3 252 4583 0 1777797260 286391
4 223 4651 0 1777797260 286415
1 213 4672 0 1777797260 287219
6 253 5807 0 1777797260 287599
1 214 1524 0 1777797260 288745
6 254 2808 0 1777797260 290410
1 215 2183 0 1777797260 290934
5 209 7591 0 1777797260 290949
4 224 5173 0 1777797260 291589
2 204 6656 0 1777797260 292688
1 216 2718 0 1777797260 293653
6 255 3263 0 1777797260 293674
2 205 3414 0 1777797260 296105
5 210 5162 0 1777797260 296112
1 217 3021 0 1777797260 296697
3 253 13105 0 1777797260 299498
6 256 5878 0 1777797260 299574
4 225 8045 0 1777797260 299637
2 206 3591 0 1777797260 299704
4 226 1384 0 1777797260 301024
6 257 1610 0 1777797260 301186
3 254 1722 0 1777797260 301228
3 255 5559 0 1777797260 306788
4 227 7303 0 1777797260 308331
2 207 10251 0 1777797260 309956
3 256 3242 0 1777797260 310037
0 264 25696 0 1777797260 311977
5 211 17012 0 1777797260 313142
6 258 13505 0 1777797260 314692
4 228 7538 0 1777797260 315876
0 265 4720 0 1777797260 316699
3 257 6667 0 1777797260 316706
6 259 5990 0 1777797260 320691
6 260 1915 0 1777797260 322608
1 218 26962 0 1777797260 323664
3 258 7569 0 1777797260 324285
0 266 7682 0 1777797260 324388
6 261 2651 0 1777797260 325263
3 259 2615 0 1777797260 326902
6 262 1635 0 1777797260 326909
0 267 3659 0 1777797260 328048
6 263 1645 0 1777797260 328565
6 264 3292 0 1777797260 331859
3 260 5513 0 1777797260 332423
5 212 19608 0 1777797260 332753
4 229 17440 0 1777797260 333318
1 219 9957 0 1777797260 333623
6 265 2839 0 1777797260 334700
0 268 7665 0 1777797260 335718
4 230 3024 0 1777797260 336346
4 231 2695 0 1777797260 339045
0 269 5997 0 1777797260 341718
6 266 7029 0 1777797260 341731
5 213 10319 0 1777797260 343074
2 208 33264 0 1777797260 343229
4 232 5438 0 1777797260 344485
6 267 3104 0 1777797260 344850
0 270 6123 0 1777797260 347855
4 233 3386 0 1777797260 347876
6 268 3029 0 1777797260 347883
3 261 15493 0 1777797260 347918
2 209 4725 0 1777797260 347956
6 269 2147 0 1777797260 350048
5 214 6986 0 1777797260 350063
4 234 2353 0 1777797260 350245
2 210 3235 0 1777797260 351192
5 215 2416 0 1777797260 352480
1 220 19196 0 1777797260 352822
4 235 2689 0 1777797260 352936
2 211 2648 0 1777797260 353842
3 262 6161 0 1777797260 354080
0 271 6645 0 1777797260 354529
6 270 5741 0 1777797260 355792
0 272 2237 0 1777797260 356769
0 273 1083 0 1777797260 357854
0 274 1352 0 1777797260 359208
2 212 5380 0 1777797260 359228
4 236 6681 0 1777797260 359620
0 275 1419 0 1777797260 360657
3 263 7666 0 1777797260 361747
6 271 6483 0 1777797260 362275
0 276 1794 0 1777797260 362453
4 237 3431 0 1777797260 363052
5 216 11368 0 1777797260 363850
3 264 3017 0 1777797260 364768
4 238 1721 0 1777797260 364775
0 277 2368 0 1777797260 364823
1 221 12396 0 1777797260 365221
6 272 3075 0 1777797260 365354
5 217 1577 0 1777797260 365429
3 265 2324 0 1777797260 367100
0 278 2746 0 1777797260 367570
4 239 3824 0 1777797260 368612
6 273 4961 0 1777797260 370316
5 218 5092 0 1777797260 370523
6 274 977 0 1777797260 371299
4 240 3794 0 1777797260 372409
3 266 6600 0 1777797260 373702
6 275 2406 0 1777797260 373709
3 267 1561 0 1777797260 375271
6 276 3703 0 1777797260 377422
5 219 7229 0 1777797260 377754
4 241 5802 0 1777797260 378213
6 277 2345 0 1777797260 379771
4 242 4282 0 1777797260 382497
2 213 24267 0 1777797260 383514
6 278 7926 0 1777797260 387699
0 279 20497 0 1777797260 388070
4 243 5820 0 1777797260 388322
4 244 1970 0 1777797260 390293
2 214 9249 0 1777797260 392764
5 220 15351 0 1777797260 393106
4 245 3097 0 1777797260 393392
6 279 6047 0 1777797260 393750
3 268 20448 0 1777797260 395721
5 221 3101 0 1777797260 396209
4 246 3290 0 1777797260 396683
2 215 6231 0 1777797260 399002
1 222 34717 0 1777797260 399939
5 222 3703 0 1777797260 399986
6 280 6246 0 1777797260 400001
3 269 8319 0 1777797260 404045
0 280 16776 0 1777797260 404848
2 216 5848 0 1777797260 404854
5 223 4996 0 1777797260 404983
4 247 8327 0 1777797260 405011
1 223 5108 0 1777797260 405051
3 270 3367 0 1777797260 407414
6 281 7527 0 1777797260 407529
4 248 3799 0 1777797260 408811
5 224 3839 0 1777797260 408823
1 224 3897 0 1777797260 408949
0 281 7314 0 1777797260 412170
2 217 7572 0 1777797260 412434
3 271 8609 0 1777797260 416030
5 225 7204 0 1777797260 416040
0 282 6012 0 1777797260 418184
1 225 9240 0 1777797260 418191
4 249 9386 0 1777797260 418210
6 282 10986 0 1777797260 418517
2 218 6425 0 1777797260 418860
3 272 6360 0 1777797260 422401
4 250 4444 0 1777797260 422655
5 226 6851 0 1777797260 422903
1 226 4744 0 1777797260 422942
2 219 5648 0 1777797260 424509
6 283 6204 0 1777797260 424723
2 220 4938 0 1777797260 429450
1 227 6941 0 1777797260 429884
0 283 12650 0 1777797260 430841
4 251 8217 0 1777797260 430873
6 284 6778 0 1777797260 431503
5 227 8614 0 1777797260 431520
3 273 10133 0 1777797260 432543
2 221 6491 0 1777797260 435942
0 284 5138 0 1777797260 435981
1 228 6519 0 1777797260 436406
6 285 5320 0 1777797260 436825
4 252 8696 0 1777797260 439571
2 222 3788 0 1777797260 439738
5 228 8223 0 1777797260 439744
3 274 7735 0 1777797260 440280
6 286 5818 0 1777797260 442645
5 229 3513 0 1777797260 443277
2 223 3571 0 1777797260 443316
3 275 3042 0 1777797260 443325
1 229 7305 0 1777797260 443713
4 253 5885 0 1777797260 445464
0 285 9515 0 1777797260 445497
6 287 3246 0 1777797260 445893
1 230 2325 0 1777797260 446040
5 230 6094 0 1777797260 449373
6 288 3557 0 1777797260 449453
4 254 4732 0 1777797260 450204
5 231 3900 0 1777797260 453275
2 224 10059 0 1777797260 453385
1 231 7376 0 1777797260 453418
4 255 6562 0 1777797260 456768
3 276 13801 0 1777797260 457137
2 225 3925 0 1777797260 457311
1 232 5514 0 1777797260 458933
5 232 5664 0 1777797260 458941
6 289 10533 0 1777797260 459989
0 286 17924 0 1777797260 463423
4 256 7003 0 1777797260 463774
5 233 5269 0 1777797260 464232
2 226 6962 0 1777797260 464274
6 290 4673 0 1777797260 464664
1 233 9075 0 1777797260 468017
2 227 3751 0 1777797260 468027
3 277 12104 0 1777797260 469243
5 234 5087 0 1777797260 469320
4 257 6194 0 1777797260 469969
0 287 10107 0 1777797260 473532
1 234 5526 0 1777797260 473553
6 291 8891 0 1777797260 473558
3 278 4958 0 1777797260 474203
2 228 7401 0 1777797260 475442
5 235 6347 0 1777797260 475668
3 279 4066 0 1777797260 478271
6 292 4714 0 1777797260 478279
5 236 3459 0 1777797260 479129
1 235 6911 0 1777797260 480469
4 258 11547 0 1777797260 481519
0 288 8312 0 1777797260 481848
2 229 7568 0 1777797260 483011
6 293 5064 0 1777797260 483352
3 280 8606 0 1777797260 486886
1 236 6717 0 1777797260 487187
4 259 7439 0 1777797260 488960
0 289 7125 0 1777797260 488976
6 294 6214 0 1777797260 489570
5 237 10802 0 1777797260 489933
2 230 7646 0 1777797260 490659
4 260 2089 0 1777797260 491052
1 237 8568 0 1777797260 495756
4 261 4817 0 1777797260 495874
5 238 5945 0 1777797260 495879
3 281 9029 0 1777797260 495924
0 290 7000 0 1777797260 495977
2 231 7545 0 1777797260 498209
6 295 8644 0 1777797260 498216
0 291 5783 0 1777797260 501762
1 238 6069 0 1777797260 501827
2 232 3653 0 1777797260 501869
4 262 6122 0 1777797260 502002
5 239 7555 0 1777797260 503443
3 282 8515 0 1777797260 504440
5 240 2306 0 1777797260 505763
4 263 6033 0 1777797260 508036
2 233 6239 0 1777797260 508109
3 283 3744 0 1777797260 508185
6 296 10182 0 1777797260 508409
1 239 8364 0 1777797260 510192
0 292 10698 0 1777797260 512463
3 284 4714 0 1777797260 512901
6 297 7683 0 1777797260 516093
4 264 8392 0 1777797260 516437
2 234 11414 0 1777797260 519525
5 241 13809 0 1777797260 519574
1 240 9425 0 1777797260 519619
0 293 7532 0 1777797260 519997
5 242 2133 0 1777797260 521709
3 285 9695 0 1777797260 522598
2 235 4339 0 1777797260 523866
0 294 4303 0 1777797260 524302
6 298 12257 0 1777797260 528353
4 265 12625 0 1777797260 529064
3 286 7749 0 1777797260 530349
5 243 8651 0 1777797260 530362
6 299 2116 0 1777797260 530470
4 266 2604 0 1777797260 531733
3 287 1457 0 1777797260 531820
6 300 2621 0 1777797260 533093
0 295 13264 0 1777797260 537568
6 301 4908 0 1777797260 538003
4 267 7000 0 1777797260 538735
5 244 8369 0 1777797260 538743
3 288 9156 0 1777797260 540977
1 241 21417 0 1777797260 541038
5 245 2376 0 1777797260 541129
0 296 4578 0 1777797260 542150
4 268 3419 0 1777797260 542163
6 302 4164 0 1777797260 542169
2 236 18861 0 1777797260 542730
5 246 2885 0 1777797260 544015
1 242 3122 0 1777797260 544161
3 289 5318 0 1777797260 546297
1 243 3852 0 1777797260 548014
3 290 3892 0 1777797260 550194
3 291 2124 0 1777797260 552321
0 297 11665 0 1777797260 553835
6 303 11686 0 1777797260 553874
2 237 12140 0 1777797260 554874
1 244 8315 0 1777797260 556333
2 238 5003 0 1777797260 559882
0 298 7923 0 1777797260 561761
6 304 7994 0 1777797260 561869
3 292 9852 0 1777797260 562177
1 245 6769 0 1777797260 563103
6 305 4337 0 1777797260 566208
3 293 6294 0 1777797260 568473
6 306 2383 0 1777797260 568593
3 294 1929 0 1777797260 570408
1 246 7415 0 1777797260 570522
6 307 2968 0 1777797260 571563
5 247 29913 0 1777797260 573931
2 239 19106 0 1777797260 578996
6 308 7461 0 1777797260 579026
0 299 18797 0 1777797260 580560
1 247 10245 0 1777797260 580768
5 248 6842 0 1777797260 580775
0 300 1225 0 1777797260 581788
3 295 11397 0 1777797260 581806
1 248 1659 0 1777797260 582435
0 301 1428 0 1777797260 583219
2 240 7508 0 1777797260 586507
5 249 5728 0 1777797260 586512
4 269 44502 0 1777797260 586682
3 296 7238 0 1777797260 589046
0 302 11446 0 1777797260 594669
3 297 7256 0 1777797260 596304
5 250 9961 0 1777797260 596480
2 241 12211 0 1777797260 598723
4 270 12091 0 1777797260 598775
3 298 2796 0 1777797260 599109
5 251 3481 0 1777797260 599963
0 303 5719 0 1777797260 600390
3 299 2548 0 1777797260 601658
3 300 3618 0 1777797260 605281
1 249 24525 0 1777797260 606965
2 242 9626 0 1777797260 608351
0 304 15134 0 1777797260 615547
2 243 7321 0 1777797260 615674
1 250 8877 0 1777797260 615844
6 309 36832 0 1777797260 615859
5 252 17219 0 1777797260 617183
3 301 12372 0 1777797260 617656
4 271 19204 0 1777797260 617981
6 310 2139 0 1777797260 617999
6 311 2105 0 1777797260 620104
4 272 4163 0 1777797260 622147
5 253 11904 0 1777797260 629092
3 302 11518 0 1777797260 629176
0 305 16773 0 1777797260 632322
1 251 16504 0 1777797260 632350
2 244 18981 0 1777797260 634657
6 312 17860 0 1777797260 637966
3 303 9453 0 1777797260 638629
1 252 7475 0 1777797260 639825
5 254 10976 0 1777797260 640070
6 313 4174 0 1777797260 642143
0 306 10510 0 1777797260 642839
3 304 4254 0 1777797260 642886
5 255 5188 0 1777797260 645259
2 245 11533 0 1777797260 646192
1 253 8949 0 1777797260 648777
4 273 26630 0 1777797260 648780
5 256 27857 0 1777797260 673117
1 254 24422 0 1777797260 673202
6 314 31077 0 1777797260 673223
4 274 25036 0 1777797260 673822
2 246 27688 0 1777797260 673884
1 255 4708 0 1777797260 677912
6 315 4712 0 1777797260 677937
0 307 35121 0 1777797260 677962
4 275 6977 0 1777797260 680801
1 256 3846 0 1777797260 681760
4 276 2173 0 1777797260 682979
1 257 3426 0 1777797260 685188
3 305 43995 0 1777797260 686883
1 258 1721 0 1777797260 686915
4 277 4236 0 1777797260 687217
5 257 15783 0 1777797260 688903
0 308 11138 0 1777797260 689101
4 278 1908 0 1777797260 689126
1 259 2837 0 1777797260 689757
6 316 11832 0 1777797260 689770
2 247 17061 0 1777797260 690946
0 309 2096 0 1777797260 691208
5 258 2620 0 1777797260 691524
1 260 3516 0 1777797260 693287
4 279 4204 0 1777797260 693331
1 261 2069 0 1777797260 695359
4 280 4256 0 1777797260 697588
1 262 2339 0 1777797260 697700
6 317 7927 0 1777797260 697706
5 259 7421 0 1777797260 698947
2 248 8027 0 1777797260 698975
1 263 1679 0 1777797260 699385
6 318 3065 0 1777797260 700780
0 310 10835 0 1777797260 702045
4 281 4910 0 1777797260 702501
5 260 3663 0 1777797260 702616
2 249 4411 0 1777797260 703387
1 264 5076 0 1777797260 704464
5 261 2840 0 1777797260 705458
4 282 2970 0 1777797260 705473
1 265 1224 0 1777797260 705690
0 311 5003 0 1777797260 707055
3 306 20362 0 1777797260 707256
5 262 2165 0 1777797260 707626
6 319 8004 0 1777797260 708788
1 266 3319 0 1777797260 709070
4 283 3693 0 1777797260 709168
3 307 3469 0 1777797260 710727
1 267 2047 0 1777797260 711118
1 268 2001 0 1777797260 713122
2 250 11469 0 1777797260 714860
0 312 8261 0 1777797260 715319
6 320 7254 0 1777797260 716044
4 284 8471 0 1777797260 717641
2 251 3537 0 1777797260 718403
1 269 5374 0 1777797260 718500
2 252 2327 0 1777797260 720736
1 270 4796 0 1777797260 723297
3 308 12685 0 1777797260 723417
4 285 5974 0 1777797260 723616
2 253 3545 0 1777797260 724284
5 263 16669 0 1777797260 724296
0 313 10856 0 1777797260 726180
2 254 3186 0 1777797260 727484
0 314 2783 0 1777797260 728964
6 321 13064 0 1777797260 729110
2 255 2638 0 1777797260 730124
4 286 6514 0 1777797260 730131
3 309 7298 0 1777797260 730717
2 256 1621 0 1777797260 731753
0 315 4217 0 1777797260 733184
1 271 10422 0 1777797260 733722
3 310 5101 0 1777797260 735819
6 322 6734 0 1777797260 735846
2 257 4587 0 1777797260 736342
1 272 3640 0 1777797260 737363
4 287 7285 0 1777797260 737426
0 316 6086 0 1777797260 739273
3 311 3807 0 1777797260 739633
4 288 2266 0 1777797260 739693
2 258 3651 0 1777797260 739995
5 264 18544 0 1777797260 742851
2 259 2909 0 1777797260 742907
4 289 3240 0 1777797260 742934
1 273 8937 0 1777797260 746303
2 260 3734 0 1777797260 746642
4 290 5032 0 1777797260 747967
6 323 12128 0 1777797260 747975
5 265 5153 0 1777797260 748006
5 266 1195 0 1777797260 749202
0 317 11737 0 1777797260 751017
5 267 1951 0 1777797260 751154
1 274 5417 0 1777797260 751728
3 312 12944 0 1777797260 752581
4 291 4748 0 1777797260 752724
2 261 7223 0 1777797260 753866
6 324 6283 0 1777797260 754271
1 275 4355 0 1777797260 756086
1 276 2625 0 1777797260 758712
5 268 8621 0 1777797260 759777
0 318 12476 0 1777797260 763495
1 277 6591 0 1777797260 765306
0 319 3230 0 1777797260 766727
1 278 1432 0 1777797260 766742
5 269 9818 0 1777797260 769601
0 320 4047 0 1777797260 770790
2 262 18073 0 1777797260 771942
3 313 20262 0 1777797260 772846
1 279 7314 0 1777797260 774067
3 314 1835 0 1777797260 774683
1 280 923 0 1777797260 774992
1 281 2992 0 1777797260 777986
0 321 7710 0 1777797260 778502
4 292 26912 0 1777797260 779637
3 315 4981 0 1777797260 779668
2 263 7769 0 1777797260 779713
2 264 1161 0 1777797260 780876
1 282 3176 0 1777797260 781164
0 322 3449 0 1777797260 781954
2 265 1089 0 1777797260 781972
4 293 5164 0 1777797260 784808
2 266 2848 0 1777797260 784821
0 323 3996 0 1777797260 785951
1 283 6939 0 1777797260 788106
4 294 3867 0 1777797260 788676
2 267 3889 0 1777797260 788711
2 268 2112 0 1777797260 790825
4 295 2161 0 1777797260 790839
0 324 4923 0 1777797260 790877
1 284 2772 0 1777797260 790884
2 269 1046 0 1777797260 791886
0 325 3334 0 1777797260 794220
2 270 2352 0 1777797260 794242
4 296 3399 0 1777797260 794257
1 285 6799 0 1777797260 797693
0 326 3719 0 1777797260 797941
5 270 28839 0 1777797260 798445
3 316 18927 0 1777797260 798596
0 327 1669 0 1777797260 799612
1 286 2285 0 1777797260 799981
2 271 6288 0 1777797260 800531
0 328 2797 0 1777797260 802412
1 287 4517 0 1777797260 804501
4 297 10381 0 1777797260 804639
2 272 4321 0 1777797260 804854
6 325 51725 0 1777797260 806000
4 298 2027 0 1777797260 806667
6 326 2121 0 1777797260 808125
4 299 2401 0 1777797260 809071
0 329 6677 0 1777797260 809091
1 288 5596 0 1777797260 810101
4 300 3775 0 1777797260 812848
0 330 9312 0 1777797260 818404
1 289 8314 0 1777797260 818417
2 273 13598 0 1777797260 818454
6 327 11376 0 1777797260 819504
2 274 2272 0 1777797260 820728
3 317 23368 0 1777797260 821965
2 275 3284 0 1777797260 824015
3 318 2056 0 1777797260 824024
5 271 25583 0 1777797260 824029
1 290 5987 0 1777797260 824417
4 301 12046 0 1777797260 824896
3 319 1837 0 1777797260 825876
1 291 1525 0 1777797260 825943
5 272 2721 0 1777797260 826767
2 276 4251 0 1777797260 828281
0 331 11577 0 1777797260 829995
6 328 10503 0 1777797260 830008
1 292 6817 0 1777797260 832762
4 302 8023 0 1777797260 832924
3 320 9471 0 1777797260 835350
0 332 5619 0 1777797260 835628
5 273 9490 0 1777797260 836260
6 329 6251 0 1777797260 836271
1 293 6159 0 1777797260 838923
4 303 6077 0 1777797260 839002
2 277 10757 0 1777797260 839040
5 274 4470 0 1777797260 840742
0 333 7370 0 1777797260 843000
4 304 4190 0 1777797260 843193
3 321 9616 0 1777797260 845020
1 294 6168 0 1777797260 845099
5 275 5049 0 1777797260 845794
6 330 10356 0 1777797260 846641
2 278 7787 0 1777797260 846828
3 322 4030 0 1777797260 849052
6 331 2579 0 1777797260 849222
0 334 6673 0 1777797260 849681
4 305 7602 0 1777797260 850796
1 295 6815 0 1777797260 851916
0 335 2402 0 1777797260 852085
6 332 3184 0 1777797260 852408
3 323 5805 0 1777797260 854859
5 276 11498 0 1777797260 857294
6 333 4945 0 1777797260 857356
1 296 5920 0 1777797260 857837
0 336 6508 0 1777797260 858594
3 324 3743 0 1777797260 858604
6 334 2719 0 1777797260 860077
0 337 3434 0 1777797260 862039
4 306 11347 0 1777797260 862147
6 335 4207 0 1777797260 864288
4 307 2471 0 1777797260 864620
1 297 6908 0 1777797260 864747
3 325 7349 0 1777797260 865967
5 277 9639 0 1777797260 866935
0 338 7189 0 1777797260 869235
1 298 4504 0 1777797260 869252
6 336 5063 0 1777797260 869353
2 279 22766 0 1777797260 869595
5 278 4250 0 1777797260 871187
3 326 5917 0 1777797260 871890
3 327 1110 0 1777797260 873001
1 299 5733 0 1777797260 875001
2 280 7138 0 1777797260 876735
5 279 5771 0 1777797260 876960
0 339 9723 0 1777797260 878977
3 328 7505 0 1777797260 880508
1 300 5660 0 1777797260 880663
6 337 11550 0 1777797260 880905
5 280 3962 0 1777797260 880923
1 301 2723 0 1777797260 883388
6 338 2495 0 1777797260 883401
3 329 3653 0 1777797260 884165
5 281 4674 0 1777797260 885599
0 340 7181 0 1777797260 886162
4 308 21979 0 1777797260 886602
4 309 2281 0 1777797260 888895
1 302 5972 0 1777797260 889374
0 341 3896 0 1777797260 890060
6 339 7423 0 1777797260 890886
3 330 6890 0 1777797260 891057
6 340 970 0 1777797260 891858
0 342 2720 0 1777797260 892785
2 281 16102 0 1777797260 892840
6 341 1152 0 1777797260 893013
0 343 2233 0 1777797260 895020
6 342 5694 0 1777797260 898708
5 282 13269 0 1777797260 898870
6 343 1726 0 1777797260 900436
6 344 1060 0 1777797260 901498
0 344 8126 0 1777797260 903151
4 310 14312 0 1777797260 903208
2 282 10710 0 1777797260 903552
6 345 2420 0 1777797260 903921
0 345 2747 0 1777797260 905908
4 311 2748 0 1777797260 905957
6 346 2659 0 1777797260 906583
3 331 17128 0 1777797260 908188
0 346 5055 0 1777797260 910969
6 347 4406 0 1777797260 910991
1 303 21817 0 1777797260 911194
0 347 1475 0 1777797260 912446
0 348 1516 0 1777797260 913967
0 349 2502 0 1777797260 916472
6 348 6027 0 1777797260 917019
0 350 3820 0 1777797260 920294
6 349 3340 0 1777797260 920361
4 312 15636 0 1777797260 921596
0 351 2234 0 1777797260 922533
6 350 2388 0 1777797260 922751
6 351 2392 0 1777797260 925144
0 352 3528 0 1777797260 926067
4 313 4544 0 1777797260 926142
5 283 28153 0 1777797260 927025
6 352 1890 0 1777797260 927036
3 332 19068 0 1777797260 927257
1 304 18084 0 1777797260 929280
6 353 2372 0 1777797260 929419
5 284 2446 0 1777797260 929483
0 353 4086 0 1777797260 930155
0 354 1460 0 1777797260 931617
1 305 4429 0 1777797260 933712
5 285 5523 0 1777797260 935007
4 314 9786 0 1777797260 935929
6 354 7728 0 1777797260 937149
0 355 8916 0 1777797260 940535
5 286 5681 0 1777797260 940689
5 287 947 0 1777797260 941638
0 356 1213 0 1777797260 941752
1 306 8231 0 1777797260 941947
5 288 2341 0 1777797260 943982
1 307 3016 0 1777797260 944965
3 333 17826 0 1777797260 945085
2 283 41690 0 1777797260 945245
0 357 3590 0 1777797260 945343
3 334 2446 0 1777797260 947532
0 358 2933 0 1777797260 948278
5 289 5506 0 1777797260 949490
3 335 2078 0 1777797260 949613
6 355 12544 0 1777797260 949695
1 308 6003 0 1777797260 950970
0 359 5099 0 1777797260 953379
2 284 9375 0 1777797260 954621
4 315 18718 0 1777797260 954654
6 356 5384 0 1777797260 955082
5 290 6633 0 1777797260 956125
6 357 1119 0 1777797260 956202
5 291 2966 0 1777797260 959094
1 309 8147 0 1777797260 959120
0 360 5963 0 1777797260 959375
3 336 11811 0 1777797260 961425
1 310 3854 0 1777797260 962977
3 337 2596 0 1777797260 964074
0 361 4752 0 1777797260 964129
6 358 8020 0 1777797260 964224
2 285 10416 0 1777797260 965039
0 362 1027 0 1777797260 965157
6 359 948 0 1777797260 965174
5 292 7983 0 1777797260 967081
6 360 1913 0 1777797260 967088
2 286 2069 0 1777797260 967114
3 338 4477 0 1777797260 968557
2 287 3020 0 1777797260 970136
6 361 4046 0 1777797260 971145
3 339 3578 0 1777797260 972136
4 316 17962 0 1777797260 972618
6 362 3128 0 1777797260 974277
2 288 4235 0 1777797260 974372
3 340 2714 0 1777797260 974853
4 317 5113 0 1777797260 977733
6 363 3511 0 1777797260 977790
2 289 4525 0 1777797260 978899
4 318 1846 0 1777797260 979582
1 311 16812 0 1777797260 979794
5 293 14709 0 1777797260 981798
4 319 2888 0 1777797260 982474
1 312 4075 0 1777797260 983871
0 363 19649 0 1777797260 984807
6 364 10099 0 1777797260 987890
5 294 6630 0 1777797260 988431
5 295 4137 0 1777797260 992569
0 364 7802 0 1777797260 992611
4 320 10256 0 1777797260 992733
1 313 8981 0 1777797260 992857
3 341 18010 0 1777797260 992865
1 314 3733 0 1777797260 996599
6 365 9040 0 1777797260 996932
5 296 4417 0 1777797260 996988
0 365 5045 0 1777797260 997658
4 321 5900 0 1777797260 998634
0 366 1089 0 1777797260 998752
1 315 4023 0 1777797261 624
6 366 6867 0 1777797261 3801
6 367 2771 0 1777797261 6575
6 368 2645 0 1777797261 9221
2 290 32825 0 1777797261 11726
3 342 18945 0 1777797261 11821
0 367 14177 0 1777797261 12931
2 291 3684 0 1777797261 15413
6 369 6222 0 1777797261 15445
3 343 3740 0 1777797261 15562
5 297 18719 0 1777797261 15708
0 368 3252 0 1777797261 16190
1 316 15643 0 1777797261 16269
4 322 20251 0 1777797261 18887
0 369 6830 0 1777797261 23022
6 370 7583 0 1777797261 23030
1 317 7220 0 1777797261 23490
5 298 7790 0 1777797261 23500
2 292 8394 0 1777797261 23814
4 323 5003 0 1777797261 23892
3 344 8534 0 1777797261 24097
1 318 3926 0 1777797261 27427
4 324 4446 0 1777797261 28340
5 299 5057 0 1777797261 28568
6 371 5632 0 1777797261 28677
3 345 6612 0 1777797261 30712
2 293 7007 0 1777797261 30823
0 370 7827 0 1777797261 30858
4 325 4301 0 1777797261 32642
1 319 6721 0 1777797261 34149
5 300 5592 0 1777797261 34162
6 372 5490 0 1777797261 34168
2 294 6140 0 1777797261 36965
0 371 6136 0 1777797261 36995
3 346 6505 0 1777797261 37226
4 326 5172 0 1777797261 37816
1 320 7624 0 1777797261 41793
2 295 4841 0 1777797261 41808
5 301 7730 0 1777797261 41920
6 373 7716 0 1777797261 41931
0 372 5201 0 1777797261 42198
4 327 4492 0 1777797261 42309
3 347 5326 0 1777797261 42554
1 321 4107 0 1777797261 45916
2 296 4250 0 1777797261 46070
5 302 4175 0 1777797261 46107
6 374 4245 0 1777797261 46187
0 373 4279 0 1777797261 46478
3 348 4606 0 1777797261 47161
6 375 2381 0 1777797261 48569
4 328 12632 0 1777797261 54944
6 376 6380 0 1777797261 54951
1 322 9059 0 1777797261 54977
5 303 8883 0 1777797261 54992
0 374 8805 0 1777797261 55285
2 297 9814 0 1777797261 55885
5 304 3356 0 1777797261 58349
4 329 5186 0 1777797261 60138
1 323 8003 0 1777797261 62981
2 298 7156 0 1777797261 63044
3 349 16213 0 1777797261 63376
6 377 8547 0 1777797261 63509
5 305 5435 0 1777797261 63786
4 330 3874 0 1777797261 64016
0 375 9517 0 1777797261 64804
2 299 7164 0 1777797261 70209
1 324 8340 0 1777797261 71324
3 350 7968 0 1777797261 71346
6 378 7861 0 1777797261 71371
3 351 4012 0 1777797261 75359
5 306 13765 0 1777797261 77552
4 331 13572 0 1777797261 77589
0 376 12807 0 1777797261 77613
2 300 7777 0 1777797261 77988
1 325 7725 0 1777797261 79052
6 379 7688 0 1777797261 79060
4 332 3826 0 1777797261 81417
0 377 4449 0 1777797261 82063
3 352 7242 0 1777797261 82604
2 301 5746 0 1777797261 83736
5 307 6185 0 1777797261 83741
0 378 6744 0 1777797261 88808
3 353 6257 0 1777797261 88862
4 333 7450 0 1777797261 88868
5 308 5883 0 1777797261 89630
2 302 6335 0 1777797261 90076
3 354 2703 0 1777797261 91572
4 334 3537 0 1777797261 92416
5 309 5565 0 1777797261 95197
2 303 5181 0 1777797261 95259
6 380 17732 0 1777797261 96808
1 326 19383 0 1777797261 98444
0 379 9668 0 1777797261 98479
3 355 6927 0 1777797261 98502
5 310 4303 0 1777797261 99508
2 304 7764 0 1777797261 103024
1 327 5730 0 1777797261 104182
3 356 5808 0 1777797261 104312
4 335 11907 0 1777797261 104331
6 381 7543 0 1777797261 104354
0 380 5887 0 1777797261 104367
5 311 6491 0 1777797261 106045
6 382 2362 0 1777797261 106718
2 305 4967 0 1777797261 107993
3 357 3674 0 1777797261 108007
0 381 4334 0 1777797261 108702
4 336 4427 0 1777797261 108768
1 328 5153 0 1777797261 109336
6 383 4662 0 1777797261 111384
5 312 8632 0 1777797261 114680
2 306 7877 0 1777797261 115886
3 358 7875 0 1777797261 115894
4 337 7134 0 1777797261 115903
0 382 7233 0 1777797261 115937
5 313 4060 0 1777797261 118742
0 383 4782 0 1777797261 120720
1 329 11575 0 1777797261 120916
6 384 9554 0 1777797261 120940
3 359 5429 0 1777797261 121342
4 338 5429 0 1777797261 121351
6 385 3007 0 1777797261 123948
5 314 5858 0 1777797261 124601
1 330 6675 0 1777797261 127593
3 360 6431 0 1777797261 127783
0 384 7852 0 1777797261 128574
2 307 12681 0 1777797261 128585
4 339 7242 0 1777797261 128619
5 315 4025 0 1777797261 128627
6 386 5007 0 1777797261 128957
3 361 4653 0 1777797261 132438
0 385 6860 0 1777797261 135446
1 331 7851 0 1777797261 135451
5 316 6802 0 1777797261 135456
6 387 6899 0 1777797261 135859
2 308 7560 0 1777797261 136161
4 340 7539 0 1777797261 136167
3 362 7414 0 1777797261 139854
0 386 5422 0 1777797261 140878
1 332 5483 0 1777797261 140950
5 317 5485 0 1777797261 140957
6 388 7630 0 1777797261 143490
0 387 2800 0 1777797261 143685
2 309 9608 0 1777797261 145776
5 318 4819 0 1777797261 145784
1 333 4935 0 1777797261 145893
3 363 6043 0 1777797261 145900
4 341 9731 0 1777797261 145905
2 310 3813 0 1777797261 149598
0 388 6338 0 1777797261 150024
6 389 7014 0 1777797261 150508
0 389 1578 0 1777797261 151604
3 364 5682 0 1777797261 151613
5 319 5823 0 1777797261 151617
2 311 3282 0 1777797261 152882
4 342 7254 0 1777797261 153196
6 390 5481 0 1777797261 155993
1 334 10180 0 1777797261 156086
3 365 7317 0 1777797261 158941
2 312 6273 0 1777797261 159160
5 320 9743 0 1777797261 161372
0 390 10733 0 1777797261 162350
0 391 1831 0 1777797261 164184
3 366 6439 0 1777797261 165383
4 343 12191 0 1777797261 165389
0 392 2070 0 1777797261 166258
6 391 10718 0 1777797261 166713
3 367 2460 0 1777797261 167851
0 393 2656 0 1777797261 168918
6 392 2503 0 1777797261 169218
1 335 16019 0 1777797261 172107
4 344 6699 0 1777797261 172115
0 394 5985 0 1777797261 174906
2 313 18404 0 1777797261 177566
6 393 8491 0 1777797261 177712
3 368 11893 0 1777797261 179752
1 336 8649 0 1777797261 180765
6 394 3088 0 1777797261 180801
0 395 8933 0 1777797261 183842
3 369 4098 0 1777797261 183852
4 345 13837 0 1777797261 185967
2 314 8489 0 1777797261 186060
6 395 5638 0 1777797261 186441
1 337 7281 0 1777797261 188049
6 396 4524 0 1777797261 190969
3 370 9003 0 1777797261 192866
5 321 32715 0 1777797261 194090
0 396 11030 0 1777797261 194884
6 397 4388 0 1777797261 195359
2 315 10361 0 1777797261 196423
3 371 3793 0 1777797261 196665
0 397 2238 0 1777797261 197126
5 322 4511 0 1777797261 198602
2 316 3579 0 1777797261 200005
0 398 2911 0 1777797261 200039
6 398 4725 0 1777797261 200086
5 323 1752 0 1777797261 200355
3 372 3714 0 1777797261 200380
1 338 14179 0 1777797261 202231
0 399 3953 0 1777797261 203993
3 373 3637 0 1777797261 204020
1 339 5733 0 1777797261 207965
6 399 7974 0 1777797261 208062
4 346 23879 0 1777797261 209848
5 324 11000 0 1777797261 211358
0 400 8880 0 1777797261 212878
1 340 4918 0 1777797261 212891
3 374 10081 0 1777797261 214103
3 375 2546 0 1777797261 216655
4 347 6968 0 1777797261 216857
5 325 6432 0 1777797261 217798
2 317 18690 0 1777797261 218697
0 401 7442 0 1777797261 220335
1 341 7855 0 1777797261 220759
6 400 13900 0 1777797261 221963
0 402 1958 0 1777797261 222295
2 318 5039 0 1777797261 223738
1 342 3488 0 1777797261 224249
4 348 7399 0 1777797261 224257
6 401 3452 0 1777797261 225420
5 326 7762 0 1777797261 225563
0 403 3702 0 1777797261 225999
1 343 1876 0 1777797261 226134
2 319 7128 0 1777797261 230868
4 349 7116 0 1777797261 231385
5 327 7140 0 1777797261 232706
0 404 10148 0 1777797261 236150
1 344 10055 0 1777797261 236190
6 402 11149 0 1777797261 236576
4 350 7578 0 1777797261 238964
2 320 8874 0 1777797261 239743
5 328 7460 0 1777797261 240166
0 405 7082 0 1777797261 243272
2 321 4199 0 1777797261 243943
4 351 5985 0 1777797261 244954
5 329 5792 0 1777797261 245959
1 345 11146 0 1777797261 247343
1 346 4103 0 1777797261 251449
0 406 9012 0 1777797261 252295
5 330 16293 0 1777797261 262256
0 407 10211 0 1777797261 262508
4 352 18435 0 1777797261 263390
1 347 12577 0 1777797261 264034
5 331 1795 0 1777797261 264053
3 376 48482 0 1777797261 265140
6 403 28570 0 1777797261 265147
3 377 2645 0 1777797261 267794
6 404 3974 0 1777797261 269143
0 408 6941 0 1777797261 269451
5 332 5838 0 1777797261 269906
4 353 7496 0 1777797261 270889
5 333 2583 0 1777797261 272495
1 348 9600 0 1777797261 273655
4 354 2779 0 1777797261 273670
0 409 4549 0 1777797261 274001
5 334 1549 0 1777797261 274050
6 405 5411 0 1777797261 274556
0 410 2130 0 1777797261 276134
5 335 2096 0 1777797261 276147
2 322 32752 0 1777797261 276699
4 355 3025 0 1777797261 276706
6 406 2169 0 1777797261 276729
3 378 11944 0 1777797261 279744
5 336 3606 0 1777797261 279774
1 349 6142 0 1777797261 279813
0 411 5549 0 1777797261 281697
5 337 3430 0 1777797261 283205
2 323 6569 0 1777797261 283276
1 350 4511 0 1777797261 284324
3 379 5975 0 1777797261 285720
5 338 3746 0 1777797261 286952
6 407 11404 0 1777797261 288134
5 339 3819 0 1777797261 290774
0 412 9276 0 1777797261 290976
2 324 10163 0 1777797261 293440
4 356 16741 0 1777797261 293456
5 340 2688 0 1777797261 293463
3 380 9858 0 1777797261 295584
6 408 7701 0 1777797261 295836
5 341 2815 0 1777797261 296304
1 351 12025 0 1777797261 296352
0 413 5550 0 1777797261 296528
1 352 1430 0 1777797261 297784
1 353 1359 0 1777797261 299146
6 409 3506 0 1777797261 299344
0 414 3494 0 1777797261 300023
2 325 6788 0 1777797261 300252
5 342 4065 0 1777797261 300371
6 410 2274 0 1777797261 301620
1 354 3118 0 1777797261 302266
5 343 4758 0 1777797261 305130
4 357 11738 0 1777797261 305219
0 415 8618 0 1777797261 308643
4 358 6090 0 1777797261 311310
3 381 15911 0 1777797261 311503
2 326 11314 0 1777797261 311568
0 416 2967 0 1777797261 311612
5 344 6498 0 1777797261 311630
6 411 10429 0 1777797261 312051
6 412 1410 0 1777797261 313462
6 413 1340 0 1777797261 314804
2 327 4928 0 1777797261 316498
1 355 15990 0 1777797261 318258
4 359 6957 0 1777797261 318271
6 414 3471 0 1777797261 318277
0 417 7209 0 1777797261 318822
5 345 7826 0 1777797261 319457
2 328 5604 0 1777797261 322105
6 415 3958 0 1777797261 322272
2 329 2225 0 1777797261 324332
6 416 2730 0 1777797261 325003
0 418 7944 0 1777797261 326768
2 330 2441 0 1777797261 326776
3 382 15278 0 1777797261 326782
4 360 8550 0 1777797261 326844
6 417 3005 0 1777797261 328021
1 356 10012 0 1777797261 328290
0 419 3424 0 1777797261 330207
5 346 10760 0 1777797261 330218
1 357 2559 0 1777797261 330851
0 420 1908 0 1777797261 332127
3 383 8176 0 1777797261 334978
0 421 2929 0 1777797261 335061
5 347 4952 0 1777797261 335182
4 361 9847 0 1777797261 336692
4 362 2060 0 1777797261 338755
1 358 9536 0 1777797261 340389
2 331 13611 0 1777797261 340405
6 418 12389 0 1777797261 340412
1 359 872 0 1777797261 341285
5 348 6165 0 1777797261 341349
2 332 1878 0 1777797261 342301
5 349 1525 0 1777797261 342877
5 350 1352 0 1777797261 344234
6 419 4980 0 1777797261 345410
3 384 10496 0 1777797261 345479
1 360 4403 0 1777797261 345690
2 333 4012 0 1777797261 346317
4 363 7848 0 1777797261 346608
1 361 1540 0 1777797261 347233
2 334 2743 0 1777797261 349062
1 362 4291 0 1777797261 351529
6 420 6140 0 1777797261 351556
2 335 5433 0 1777797261 354498
0 422 21970 0 1777797261 357033
3 385 19246 0 1777797261 364727
5 351 20506 0 1777797261 364742
2 336 12298 0 1777797261 366801
4 364 20335 0 1777797261 366946
2 337 3976 0 1777797261 370819
2 338 2528 0 1777797261 373353
5 352 8616 0 1777797261 373369
5 353 4159 0 1777797261 377540
2 339 4209 0 1777797261 377579
6 421 26310 0 1777797261 377884
1 363 26389 0 1777797261 377947
4 365 11012 0 1777797261 377960
1 364 1749 0 1777797261 379711
4 366 2060 0 1777797261 380037
5 354 3939 0 1777797261 381483
6 422 3620 0 1777797261 381506
1 365 1980 0 1777797261 381698
3 386 17913 0 1777797261 382657
2 340 5363 0 1777797261 382945
5 355 2033 0 1777797261 383541
2 341 1852 0 1777797261 384799
0 423 28087 0 1777797261 385132
0 424 2042 0 1777797261 387176
4 367 7509 0 1777797261 387576
0 425 1430 0 1777797261 388608
2 342 5659 0 1777797261 390460
4 368 2964 0 1777797261 390542
5 356 7037 0 1777797261 390580
2 343 1693 0 1777797261 392157
4 369 2314 0 1777797261 392857
1 366 11562 0 1777797261 393262
2 344 1533 0 1777797261 393697
5 357 3273 0 1777797261 393854
6 423 14218 0 1777797261 395745
1 367 3191 0 1777797261 396454
2 345 5835 0 1777797261 399536
4 370 6699 0 1777797261 399558
3 387 17282 0 1777797261 399946
5 358 6409 0 1777797261 400264
1 368 4253 0 1777797261 400712
6 424 5898 0 1777797261 401645
2 346 2899 0 1777797261 402458
0 426 15033 0 1777797261 403644
5 359 4764 0 1777797261 405029
6 425 3388 0 1777797261 405037
0 427 3661 0 1777797261 407320
1 369 6659 0 1777797261 407373
6 426 3013 0 1777797261 408062
5 360 3049 0 1777797261 408087
3 388 8599 0 1777797261 408549
0 428 3537 0 1777797261 410859
3 389 2320 0 1777797261 410871
5 361 3834 0 1777797261 411922
1 370 5032 0 1777797261 412406
2 347 10280 0 1777797261 412741
3 390 2741 0 1777797261 413625
1 371 1470 0 1777797261 413878
6 427 6934 0 1777797261 415000
0 429 5140 0 1777797261 416012
2 348 4224 0 1777797261 416968
1 372 4365 0 1777797261 418245
6 428 3327 0 1777797261 418333
5 362 8058 0 1777797261 419982
3 391 6390 0 1777797261 420017
4 371 22732 0 1777797261 422304
3 392 4527 0 1777797261 424545
0 430 8552 0 1777797261 424566
5 363 6352 0 1777797261 426336
2 349 10339 0 1777797261 427310
6 429 9510 0 1777797261 427845
3 393 3522 0 1777797261 428069
0 431 5271 0 1777797261 429838
4 372 8607 0 1777797261 430913
5 364 4663 0 1777797261 431007
5 365 3378 0 1777797261 434387
4 373 3679 0 1777797261 434599
3 394 8622 0 1777797261 436693
4 374 3676 0 1777797261 438276
6 430 10500 0 1777797261 438347
2 350 11364 0 1777797261 438676
2 351 2081 0 1777797261 440759
0 432 11020 0 1777797261 440860
3 395 5084 0 1777797261 441781
2 352 1351 0 1777797261 442118
0 433 1731 0 1777797261 442594
3 396 1729 0 1777797261 443512
6 431 5552 0 1777797261 443900
5 366 9542 0 1777797261 443931
1 373 27040 0 1777797261 445287
6 432 2915 0 1777797261 446818
0 434 4743 0 1777797261 447340
3 397 4951 0 1777797261 448465
6 433 3410 0 1777797261 450236
3 398 2013 0 1777797261 450480
2 353 8443 0 1777797261 450563
0 435 4291 0 1777797261 451633
4 375 13884 0 1777797261 452175
1 374 8581 0 1777797261 453871
5 367 11177 0 1777797261 455110
4 376 3042 0 1777797261 455218
2 354 5584 0 1777797261 456148
3 399 5672 0 1777797261 456156
6 434 6469 0 1777797261 456707
3 400 1680 0 1777797261 457856
4 377 2912 0 1777797261 458132
1 375 5729 0 1777797261 459603
2 355 3462 0 1777797261 459620
5 368 4511 0 1777797261 459627
3 401 3388 0 1777797261 461246
6 435 5288 0 1777797261 461996
0 436 10410 0 1777797261 462045
4 378 3960 0 1777797261 462093
5 369 4151 0 1777797261 463795
3 402 4640 0 1777797261 465888
4 379 4599 0 1777797261 466693
6 436 5465 0 1777797261 467463
1 376 8283 0 1777797261 467887
2 356 10885 0 1777797261 470514
3 403 4817 0 1777797261 470708
4 380 4023 0 1777797261 470718
6 437 5138 0 1777797261 472604
3 404 2356 0 1777797261 473077
4 381 4984 0 1777797261 475716
1 377 8986 0 1777797261 476876
5 370 13094 0 1777797261 476891
4 382 1822 0 1777797261 477540
3 405 5723 0 1777797261 478802
0 437 16775 0 1777797261 478822
2 357 8297 0 1777797261 478828
4 383 3013 0 1777797261 480554
6 438 8780 0 1777797261 481386
0 438 2711 0 1777797261 481540
6 439 1615 0 1777797261 483003
3 406 4286 0 1777797261 483091
4 384 3340 0 1777797261 483896
0 439 2697 0 1777797261 484240
2 358 7176 0 1777797261 486015
4 385 4577 0 1777797261 488475
6 440 8188 0 1777797261 491193
3 407 8295 0 1777797261 491387
0 440 7198 0 1777797261 491439
5 371 15142 0 1777797261 492048
3 408 14097 0 1777797261 505486
1 378 28797 0 1777797261 505689
2 359 19713 0 1777797261 505729
4 386 17312 0 1777797261 505791
5 372 13751 0 1777797261 505800
6 441 14745 0 1777797261 505940
0 441 14531 0 1777797261 505972
2 360 3433 0 1777797261 509201
5 373 4318 0 1777797261 510149
2 361 5111 0 1777797261 514315
5 374 4273 0 1777797261 514427
4 387 8878 0 1777797261 514680
0 442 8736 0 1777797261 514709
6 442 8951 0 1777797261 514892
1 379 10403 0 1777797261 516093
6 443 1349 0 1777797261 516244
0 443 3634 0 1777797261 518344
3 409 13417 0 1777797261 518904
4 388 5075 0 1777797261 519756
4 389 1931 0 1777797261 521690
1 380 6387 0 1777797261 522485
4 390 2499 0 1777797261 524191
5 375 10493 0 1777797261 524922
0 444 7229 0 1777797261 525575
5 376 4197 0 1777797261 529121
1 381 12076 0 1777797261 534568
2 362 20471 0 1777797261 534787
3 410 15888 0 1777797261 534794
4 391 10605 0 1777797261 534798
6 444 18558 0 1777797261 534803
5 377 8012 0 1777797261 537134
5 378 4720 0 1777797261 541862
0 445 19444 0 1777797261 545025
5 379 4865 0 1777797261 546730
0 446 7972 0 1777797261 553000
2 363 18208 0 1777797261 553011
3 411 19730 0 1777797261 554542
6 445 20454 0 1777797261 555279
5 380 9789 0 1777797261 556522
2 364 3726 0 1777797261 556761
2 365 2120 0 1777797261 558882
4 392 24070 0 1777797261 558890
6 446 3613 0 1777797261 558894
5 381 2802 0 1777797261 559326
1 382 24770 0 1777797261 559345
2 366 6286 0 1777797261 565181
5 382 6303 0 1777797261 565631
1 383 7152 0 1777797261 566498
5 383 892 0 1777797261 566525
6 447 7685 0 1777797261 566591
4 393 8375 0 1777797261 567277
2 367 4926 0 1777797261 570111
3 412 16269 0 1777797261 570813
6 448 5449 0 1777797261 572041
5 384 6107 0 1777797261 572633
2 368 3510 0 1777797261 573623
6 449 1922 0 1777797261 573965
1 384 10003 0 1777797261 576507
5 385 4967 0 1777797261 577602
3 413 7632 0 1777797261 578447
2 369 4944 0 1777797261 578570
4 394 11341 0 1777797261 578619
6 450 5569 0 1777797261 579537
0 447 27725 0 1777797261 580737
6 451 2380 0 1777797261 581919
4 395 4845 0 1777797261 583465
3 414 5701 0 1777797261 584151
0 448 4597 0 1777797261 585342
6 452 3437 0 1777797261 585358
2 370 10058 0 1777797261 588629
4 396 5217 0 1777797261 588683
5 386 11806 0 1777797261 589410
1 385 14608 0 1777797261 591117
5 387 1900 0 1777797261 591312
3 415 8610 0 1777797261 592764
6 453 7523 0 1777797261 592892
1 386 2415 0 1777797261 593539
2 371 4916 0 1777797261 593548
4 397 4870 0 1777797261 593554
6 454 2210 0 1777797261 595103
3 416 2666 0 1777797261 595437
2 372 2151 0 1777797261 595715
6 455 2092 0 1777797261 597198
0 449 13484 0 1777797261 598843
2 373 3274 0 1777797261 598993
3 417 3880 0 1777797261 599318
0 450 5069 0 1777797261 603914
4 398 11877 0 1777797261 605449
3 418 7384 0 1777797261 606704
1 387 13552 0 1777797261 607107
2 374 10389 0 1777797261 609383
6 456 14461 0 1777797261 611664
4 399 6384 0 1777797261 611836
3 419 6875 0 1777797261 613582
0 451 11075 0 1777797261 614992
5 388 23686 0 1777797261 614999
3 420 1792 0 1777797261 615376
0 452 1438 0 1777797261 616438
1 388 9398 0 1777797261 616507
3 421 1245 0 1777797261 616622
4 400 9664 0 1777797261 621502
5 389 7619 0 1777797261 622630
1 389 8076 0 1777797261 624585
3 422 8020 0 1777797261 624643
2 375 15285 0 1777797261 624670
5 390 2210 0 1777797261 624843
0 453 10317 0 1777797261 626757
4 401 5888 0 1777797261 627392
3 423 3535 0 1777797261 628180
2 376 3554 0 1777797261 628226
1 390 5297 0 1777797261 629884
5 391 5051 0 1777797261 629896
4 402 2546 0 1777797261 629944
2 377 3503 0 1777797261 631730
0 454 5439 0 1777797261 632206
4 403 2269 0 1777797261 632214
1 391 5269 0 1777797261 635166
2 378 4655 0 1777797261 636387
1 392 1996 0 1777797261 637164
2 379 3833 0 1777797261 640229
3 424 12310 0 1777797261 640494
4 404 9732 0 1777797261 641957
3 425 1713 0 1777797261 642210
4 405 1731 0 1777797261 643690
2 380 4215 0 1777797261 644447
4 406 1662 0 1777797261 645356
3 426 4653 0 1777797261 646865
6 457 37824 0 1777797261 649491
2 381 5109 0 1777797261 649558
3 427 2819 0 1777797261 649686
4 407 5428 0 1777797261 650786
5 392 20887 0 1777797261 650795
3 428 2127 0 1777797261 651814
0 455 21543 0 1777797261 653758
6 458 6473 0 1777797261 655966
4 408 5947 0 1777797261 656743
2 382 7252 0 1777797261 656811
3 429 5001 0 1777797261 656817
2 383 1534 0 1777797261 658352
4 409 1795 0 1777797261 658539
0 456 4746 0 1777797261 658555
3 430 2282 0 1777797261 659108
6 459 3512 0 1777797261 659483
4 410 3092 0 1777797261 661632
0 457 4992 0 1777797261 663548
3 431 4554 0 1777797261 663664
1 393 26602 0 1777797261 663768
5 393 12966 0 1777797261 663775
6 460 4550 0 1777797261 664035
4 411 3416 0 1777797261 665051
2 384 7321 0 1777797261 665675
3 432 3377 0 1777797261 667042
6 461 3034 0 1777797261 667070
4 412 2963 0 1777797261 668020
6 462 2998 0 1777797261 670071
4 413 3909 0 1777797261 671933
5 394 8163 0 1777797261 671947
6 463 2225 0 1777797261 672298
3 433 5511 0 1777797261 672555
3 434 2254 0 1777797261 674811
2 385 10746 0 1777797261 676423
4 414 4593 0 1777797261 676541
3 435 2758 0 1777797261 677572
4 415 1071 0 1777797261 677614
6 464 5909 0 1777797261 678208
2 386 3993 0 1777797261 680420
0 458 17701 0 1777797261 681252
5 395 10847 0 1777797261 682814
4 416 5602 0 1777797261 683217
0 459 2195 0 1777797261 683449
3 436 8860 0 1777797261 686433
2 387 6030 0 1777797261 686457
0 460 3869 0 1777797261 687320
4 417 6629 0 1777797261 689847
2 388 3471 0 1777797261 689929
0 461 3325 0 1777797261 690653
4 418 3066 0 1777797261 692915
1 394 29241 0 1777797261 693016
5 396 11714 0 1777797261 694529
3 437 8314 0 1777797261 694751
2 389 5006 0 1777797261 694936
0 462 5947 0 1777797261 696603
1 395 3618 0 1777797261 696636
4 419 3725 0 1777797261 696642
6 465 18439 0 1777797261 696649
5 397 5705 0 1777797261 700237
6 466 3627 0 1777797261 700322
3 438 5608 0 1777797261 700362
4 420 4063 0 1777797261 700747
0 463 7149 0 1777797261 703757
1 396 7119 0 1777797261 703769
5 398 5700 0 1777797261 705944
6 467 5874 0 1777797261 706198
3 439 5868 0 1777797261 706231
4 421 5700 0 1777797261 706448
2 390 11899 0 1777797261 706838
4 422 1592 0 1777797261 708042
2 391 2484 0 1777797261 709323
3 440 3108 0 1777797261 709341
6 468 3383 0 1777797261 709582
5 399 7411 0 1777797261 713364
0 464 9732 0 1777797261 713502
1 397 9737 0 1777797261 713518
3 441 5904 0 1777797261 715272
5 400 1908 0 1777797261 715278
2 392 7733 0 1777797261 717075
0 465 8962 0 1777797261 722465
2 393 6786 0 1777797261 723863
6 469 14337 0 1777797261 723920
2 394 1486 0 1777797261 725356
0 466 4331 0 1777797261 726800
2 395 3272 0 1777797261 728631
1 398 15233 0 1777797261 728752
0 467 2086 0 1777797261 728888
4 423 24795 0 1777797261 732839
6 470 9152 0 1777797261 733074
0 468 4677 0 1777797261 733567
6 471 4311 0 1777797261 737387
1 399 9666 0 1777797261 738420
2 396 10360 0 1777797261 738992
4 424 7034 0 1777797261 739875
2 397 2497 0 1777797261 741493
2 398 3110 0 1777797261 744607
6 472 7419 0 1777797261 744807
5 401 29601 0 1777797261 744889
4 425 6039 0 1777797261 745919
3 442 32213 0 1777797261 747492
1 400 9158 0 1777797261 747595
6 473 2816 0 1777797261 747625
2 399 3499 0 1777797261 748109
0 469 15881 0 1777797261 749449
4 426 3805 0 1777797261 749727
2 400 1918 0 1777797261 750029
5 402 5361 0 1777797261 750252
1 401 3389 0 1777797261 750986
6 474 5797 0 1777797261 753423
3 443 6567 0 1777797261 754061
0 470 6011 0 1777797261 755462
0 471 2470 0 1777797261 757934
3 444 5357 0 1777797261 759420
0 472 3530 0 1777797261 761467
5 403 11264 0 1777797261 761517
2 401 11701 0 1777797261 761733
6 475 10172 0 1777797261 763599
2 402 2728 0 1777797261 764462
0 473 3770 0 1777797261 765242
4 427 15524 0 1777797261 765252
6 476 1778 0 1777797261 765383
3 445 7437 0 1777797261 766861
2 403 3720 0 1777797261 768188
0 474 4475 0 1777797261 769729
6 477 4350 0 1777797261 769735
5 404 8624 0 1777797261 770143
6 478 1103 0 1777797261 770848
2 404 2677 0 1777797261 770867
6 479 3662 0 1777797261 774512
0 475 6018 0 1777797261 775754
6 480 3481 0 1777797261 777995
4 428 13441 0 1777797261 778705
0 476 4420 0 1777797261 780177
4 429 3214 0 1777797261 781921
6 481 3934 0 1777797261 781931
0 477 1936 0 1777797261 782114
3 446 15989 0 1777797261 782852
1 402 32269 0 1777797261 783257
5 405 15529 0 1777797261 785674
1 403 2602 0 1777797261 785911
0 478 3891 0 1777797261 786006
3 447 4004 0 1777797261 786861
4 430 5981 0 1777797261 787913
6 482 7090 0 1777797261 789033
1 404 3861 0 1777797261 789773
6 483 1974 0 1777797261 791010
2 405 20279 0 1777797261 791147
1 405 1428 0 1777797261 791206
0 479 5392 0 1777797261 791401
6 484 1413 0 1777797261 792429
0 480 3834 0 1777797261 795236
6 485 4673 0 1777797261 797104
2 406 7936 0 1777797261 799084
5 406 15008 0 1777797261 800689
5 407 1616 0 1777797261 802307
4 431 15169 0 1777797261 803088
2 407 5086 0 1777797261 804177
3 448 18687 0 1777797261 805550
6 486 8450 0 1777797261 805558
1 406 15873 0 1777797261 807080
4 432 5260 0 1777797261 808351
5 408 9535 0 1777797261 811845
6 487 6665 0 1777797261 812234
4 433 4642 0 1777797261 812995
2 408 9859 0 1777797261 814042
5 409 4443 0 1777797261 816298
6 488 4654 0 1777797261 816889
5 410 2243 0 1777797261 818542
1 407 13735 0 1777797261 820817
1 408 3208 0 1777797261 824028
5 411 8734 0 1777797261 827278
1 409 4226 0 1777797261 828256
5 412 991 0 1777797261 828274
0 481 33128 0 1777797261 828367
3 449 24306 0 1777797261 829865
2 409 17689 0 1777797261 831732
5 413 3488 0 1777797261 831763
4 434 18886 0 1777797261 831883
1 410 4227 0 1777797261 832486
0 482 4242 0 1777797261 832610
3 450 4909 0 1777797261 834776
4 435 2934 0 1777797261 834818
5 414 4743 0 1777797261 836507
0 483 6024 0 1777797261 838636
4 436 3981 0 1777797261 838800
1 411 6689 0 1777797261 839180
2 410 9413 0 1777797261 841152
5 415 4764 0 1777797261 841275
3 451 7256 0 1777797261 842040
0 484 5199 0 1777797261 843842
1 412 4893 0 1777797261 844074
2 411 3433 0 1777797261 844587
5 416 4312 0 1777797261 845588
1 413 1543 0 1777797261 845618
0 485 3211 0 1777797261 847056
2 412 2776 0 1777797261 847368
3 452 5484 0 1777797261 847525
5 417 2077 0 1777797261 847673
5 418 2783 0 1777797261 850458
0 486 4317 0 1777797261 851380
4 437 12594 0 1777797261 851395
1 414 5818 0 1777797261 851437
3 453 5560 0 1777797261 853086
5 419 3608 0 1777797261 854068
0 487 5347 0 1777797261 856743
1 415 6971 0 1777797261 858410
2 413 11961 0 1777797261 859332
3 454 6255 0 1777797261 859342
6 489 43803 0 1777797261 860695
5 420 7029 0 1777797261 861100
4 438 11359 0 1777797261 862777
3 455 3744 0 1777797261 863100
5 421 3254 0 1777797261 864355
6 490 3660 0 1777797261 864363
4 439 1845 0 1777797261 864624
4 440 2031 0 1777797261 866659
2 414 7435 0 1777797261 866778
6 491 4202 0 1777797261 868576
5 422 4826 0 1777797261 869190
0 488 15714 0 1777797261 872459
2 415 5688 0 1777797261 872467
3 456 9483 0 1777797261 872586
5 423 4612 0 1777797261 873807
0 489 1387 0 1777797261 873856
1 416 17906 0 1777797261 876318
4 441 9744 0 1777797261 876405
4 442 1976 0 1777797261 878382
2 416 6225 0 1777797261 878718
3 457 6405 0 1777797261 878993
0 490 7219 0 1777797261 881076
4 443 2700 0 1777797261 881084
3 458 2115 0 1777797261 881109
1 417 5275 0 1777797261 881599
2 417 2895 0 1777797261 881617
6 492 13436 0 1777797261 882018
4 444 5243 0 1777797261 886338
2 418 5019 0 1777797261 886637
5 424 12913 0 1777797261 886724
6 493 8023 0 1777797261 890042
6 494 1496 0 1777797261 891540
5 425 6449 0 1777797261 893174
1 418 14698 0 1777797261 896299
0 491 18665 0 1777797261 899751
3 459 18671 0 1777797261 899781
6 495 11683 0 1777797261 903228
6 496 2180 0 1777797261 905409
5 426 12251 0 1777797261 905431
4 445 20068 0 1777797261 906408
0 492 7884 0 1777797261 907640
6 497 2410 0 1777797261 907823
6 498 575 0 1777797261 908400
5 427 5730 0 1777797261 911163
6 499 3182 0 1777797261 911584
4 446 6109 0 1777797261 912519
1 419 17587 0 1777797261 913893
6 500 2315 0 1777797261 913901
3 460 14982 0 1777797261 914764
4 447 2248 0 1777797261 914770
5 428 3609 0 1777797261 914773
6 501 1576 0 1777797261 915485
5 429 1793 0 1777797261 916577
4 448 3689 0 1777797261 918468
2 419 32193 0 1777797261 918831
6 502 3537 0 1777797261 919024
1 420 6276 0 1777797261 920178
3 461 6023 0 1777797261 920796
5 430 4354 0 1777797261 920934
5 431 1335 0 1777797261 922271
6 503 3354 0 1777797261 922378
0 493 15073 0 1777797261 922715
3 462 3172 0 1777797261 923973
2 420 6305 0 1777797261 925139
4 449 6856 0 1777797261 925332
6 504 3042 0 1777797261 925421
0 494 4140 0 1777797261 926899
3 463 4252 0 1777797261 928227
4 450 3088 0 1777797261 928421
0 495 1773 0 1777797261 928675
2 421 3703 0 1777797261 928843
6 505 4643 0 1777797261 930065
4 451 3731 0 1777797261 932153
2 422 3730 0 1777797261 932575
0 496 4085 0 1777797261 932762
4 452 1428 0 1777797261 933583
0 497 2025 0 1777797261 934789
4 453 1913 0 1777797261 935498
3 464 8920 0 1777797261 937155
4 454 2055 0 1777797261 937556
1 421 18252 0 1777797261 938433
2 423 6201 0 1777797261 938781
0 498 5065 0 1777797261 939859
3 465 3644 0 1777797261 940801
4 455 4294 0 1777797261 941852
3 466 3254 0 1777797261 944057
1 422 5692 0 1777797261 944127
0 499 4522 0 1777797261 944383
4 456 3601 0 1777797261 945455
0 500 3250 0 1777797261 947636
1 423 4850 0 1777797261 948978
0 501 1478 0 1777797261 949116
5 432 27604 0 1777797261 949877
4 457 6145 0 1777797261 951611
0 502 5266 0 1777797261 954383
5 433 6079 0 1777797261 955961
0 503 2328 0 1777797261 956720
4 458 5119 0 1777797261 956734
2 424 19870 0 1777797261 958652
4 459 3926 0 1777797261 960673
2 425 2201 0 1777797261 960858
3 467 17737 0 1777797261 961797
6 506 31791 0 1777797261 961859
0 504 6040 0 1777797261 962775
1 424 15858 0 1777797261 964838
4 460 4170 0 1777797261 964845
0 505 2947 0 1777797261 965724
5 434 10627 0 1777797261 966590
3 468 5411 0 1777797261 967210
0 506 2003 0 1777797261 967733
4 461 5262 0 1777797261 970115
3 469 3428 0 1777797261 970641
1 425 8785 0 1777797261 973631
5 435 7044 0 1777797261 973640
0 507 5937 0 1777797261 973673
2 426 12817 0 1777797261 973677
4 462 6789 0 1777797261 976906
6 507 16166 0 1777797261 978026
2 427 6689 0 1777797261 980373
4 463 3530 0 1777797261 980438
6 508 2897 0 1777797261 980924
2 428 2265 0 1777797261 982640
1 426 9591 0 1777797261 983231
6 509 2671 0 1777797261 983597
0 508 10822 0 1777797261 984500
5 436 10852 0 1777797261 984508
4 464 4769 0 1777797261 985208
5 437 2034 0 1777797261 986553
6 510 2971 0 1777797261 986570
2 429 4221 0 1777797261 986863
0 509 3582 0 1777797261 988091
4 465 4527 0 1777797261 989737
0 510 2081 0 1777797261 990174
6 511 3659 0 1777797261 990241
5 438 4117 0 1777797261 990688
4 466 1065 0 1777797261 990804
6 512 6158 0 1777797261 996400
4 467 6291 0 1777797261 997096
5 439 6519 0 1777797261 997208
5 440 1634 0 1777797261 998843
3 470 28390 0 1777797261 999033
1 427 16150 0 1777797261 999384
0 511 9227 0 1777797261 999404
6 513 3403 0 1777797261 999805
3 471 2307 0 1777797262 1342
1 428 2223 0 1777797262 1610
4 468 6698 0 1777797262 3799
0 512 5051 0 1777797262 4457
0 513 1189 0 1777797262 5652
3 472 4644 0 1777797262 5989
1 429 5038 0 1777797262 6649
0 514 2814 0 1777797262 8470
4 469 5088 0 1777797262 8890
2 430 22189 0 1777797262 9055
3 473 3248 0 1777797262 9239
1 430 3131 0 1777797262 9782
6 514 11861 0 1777797262 11669
1 431 2201 0 1777797262 11986
1 432 717 0 1777797262 12704
5 441 13878 0 1777797262 12723
3 474 4152 0 1777797262 13392
5 442 3188 0 1777797262 15913
4 470 7039 0 1777797262 15930
1 433 3245 0 1777797262 15951
3 475 3229 0 1777797262 16623
0 515 8593 0 1777797262 17074
3 476 2316 0 1777797262 18950
6 515 8627 0 1777797262 20298
5 443 4575 0 1777797262 20490
2 431 12530 0 1777797262 21586
5 444 2817 0 1777797262 23309
1 434 8153 0 1777797262 24105
4 471 14556 0 1777797262 30487
0 516 13793 0 1777797262 30869
1 435 6930 0 1777797262 31037
6 516 10823 0 1777797262 31123
5 445 7828 0 1777797262 31140
3 477 12231 0 1777797262 31183
2 432 10145 0 1777797262 31733
6 517 6290 0 1777797262 37415
1 436 7770 0 1777797262 38809
3 478 7633 0 1777797262 38817
2 433 7311 0 1777797262 39045
4 472 8624 0 1777797262 39119
5 446 7984 0 1777797262 39125
0 517 8404 0 1777797262 39276
6 518 2804 0 1777797262 40228
1 437 3232 0 1777797262 42051
3 479 7573 0 1777797262 46403
5 447 7271 0 1777797262 46408
0 518 7799 0 1777797262 47076
2 434 8901 0 1777797262 47947
2 435 1709 0 1777797262 49658
3 480 4689 0 1777797262 51098
5 448 6879 0 1777797262 53295
3 481 4919 0 1777797262 56020
5 449 4009 0 1777797262 57384
2 436 8681 0 1777797262 58344
0 519 11554 0 1777797262 58634
5 450 3964 0 1777797262 61350
0 520 4306 0 1777797262 62942
1 438 20957 0 1777797262 63010
3 482 7016 0 1777797262 63041
0 521 2118 0 1777797262 65065
2 437 6728 0 1777797262 65074
1 439 3277 0 1777797262 66289
3 483 3899 0 1777797262 66941
4 473 28100 0 1777797262 67226
2 438 6525 0 1777797262 71610
1 440 8284 0 1777797262 74575
2 439 2971 0 1777797262 74584
2 440 4507 0 1777797262 79113
4 474 14068 0 1777797262 81295
1 441 16663 0 1777797262 91248
3 484 24391 0 1777797262 91338
6 519 51161 0 1777797262 91391
0 522 26902 0 1777797262 91977
1 442 12464 0 1777797262 103724
5 451 42388 0 1777797262 103740
0 523 14197 0 1777797262 106176
1 443 19003 0 1777797262 122744
4 475 41570 0 1777797262 122867
0 524 16749 0 1777797262 122928
2 441 45851 0 1777797262 124968
6 520 48014 0 1777797262 139407
1 444 22604 0 1777797262 145351
2 442 24278 0 1777797262 149251
5 452 48225 0 1777797262 151978
3 485 60967 0 1777797262 152307
6 521 13780 0 1777797262 153188
4 476 31505 0 1777797262 154374
3 486 2444 0 1777797262 154757
0 525 33486 0 1777797262 156416
2 443 10378 0 1777797262 159633
3 487 4912 0 1777797262 159671
4 477 6235 0 1777797262 160616
5 453 8647 0 1777797262 160626
6 522 7795 0 1777797262 160992
5 454 3240 0 1777797262 163880
0 526 7759 0 1777797262 164178
1 445 20009 0 1777797262 165365
4 478 6839 0 1777797262 167465
6 523 6642 0 1777797262 167636
3 488 9943 0 1777797262 169618
5 455 5920 0 1777797262 169804
2 444 10551 0 1777797262 170187
6 524 3420 0 1777797262 171058
1 446 6850 0 1777797262 172218
6 525 1826 0 1777797262 172892
3 489 4700 0 1777797262 174324
4 479 8805 0 1777797262 176273
5 456 6576 0 1777797262 176383
6 526 3774 0 1777797262 176668
2 445 12366 0 1777797262 182556
4 480 6400 0 1777797262 182675
6 527 6099 0 1777797262 182769
6 528 2401 0 1777797262 185171
5 457 9549 0 1777797262 185934
2 446 5490 0 1777797262 188049
4 481 7991 0 1777797262 190669
4 482 5050 0 1777797262 195720
6 529 11188 0 1777797262 196362
2 447 15730 0 1777797262 203784
3 490 29461 0 1777797262 203789
5 458 28182 0 1777797262 214118
6 530 18176 0 1777797262 214540
4 483 19283 0 1777797262 215005
3 491 19076 0 1777797262 222872
4 484 7927 0 1777797262 222935
5 459 8961 0 1777797262 223083
6 531 8675 0 1777797262 223216
4 485 3847 0 1777797262 226784
0 527 62918 0 1777797262 227098
6 532 3887 0 1777797262 227105
1 447 57252 0 1777797262 229473
6 533 3928 0 1777797262 231048
6 534 3265 0 1777797262 234315
6 535 3997 0 1777797262 238314
5 460 15721 0 1777797262 238805
3 492 16211 0 1777797262 239085
0 528 13847 0 1777797262 240953
2 448 37271 0 1777797262 241060
1 448 15523 0 1777797262 244997
6 536 9423 0 1777797262 247740
0 529 8426 0 1777797262 249382
3 493 10305 0 1777797262 249392
4 486 23480 0 1777797262 250273
1 449 9544 0 1777797262 254543
2 449 13490 0 1777797262 254552
5 461 15751 0 1777797262 254559
6 537 7487 0 1777797262 255229
0 530 6958 0 1777797262 256351
0 531 2407 0 1777797262 258760
1 450 10447 0 1777797262 265007
2 450 11366 0 1777797262 265951
4 487 15755 0 1777797262 266033
6 538 10807 0 1777797262 266039
1 451 7868 0 1777797262 272880
3 494 23621 0 1777797262 273024
1 452 5030 0 1777797262 277919
4 488 11906 0 1777797262 277946
5 462 23361 0 1777797262 277954
6 539 11925 0 1777797262 277970
0 532 23403 0 1777797262 282166
2 451 19897 0 1777797262 285851
4 489 9309 0 1777797262 287299
6 540 9292 0 1777797262 287304
5 463 10254 0 1777797262 288257
1 453 11158 0 1777797262 289129
3 495 17837 0 1777797262 290864
0 533 16053 0 1777797262 298221
1 454 9107 0 1777797262 298239
2 452 12391 0 1777797262 298245
3 496 7383 0 1777797262 298251
4 490 10953 0 1777797262 298257
5 464 10014 0 1777797262 298272
6 541 10977 0 1777797262 298287
2 453 9130 0 1777797262 307442
4 491 9067 0 1777797262 307447
0 534 17703 0 1777797262 315991
1 455 17695 0 1777797262 316000
3 497 17688 0 1777797262 316007
5 465 17622 0 1777797262 316014
6 542 17621 0 1777797262 316020
0 535 4240 0 1777797262 320261
2 454 12834 0 1777797262 320281
4 492 12913 0 1777797262 320367
1 456 5914 0 1777797262 321958
5 466 7144 0 1777797262 323204
6 543 7177 0 1777797262 323245
3 498 9682 0 1777797262 325735
2 455 9817 0 1777797262 330199
0 536 11712 0 1777797262 332080
1 457 8841 0 1777797262 332088
6 544 8567 0 1777797262 332093
5 467 9705 0 1777797262 332972
3 499 8797 0 1777797262 334534
0 537 7352 0 1777797262 339447
1 458 7280 0 1777797262 339456
2 456 9260 0 1777797262 339462
4 493 19086 0 1777797262 339478
6 545 7299 0 1777797262 339485
3 500 8096 0 1777797262 342632
5 468 9675 0 1777797262 342649
2 457 6261 0 1777797262 345787
4 494 6267 0 1777797262 345800
0 538 6861 0 1777797262 346347
1 459 6842 0 1777797262 346358
6 546 6816 0 1777797262 346364
3 501 8406 0 1777797262 351057
2 458 8364 0 1777797262 354166
4 495 8355 0 1777797262 354174
5 469 11520 0 1777797262 354182
1 460 9639 0 1777797262 356016
0 539 10777 0 1777797262 357143
6 547 10772 0 1777797262 357156
2 459 10099 0 1777797262 364283
4 496 10094 0 1777797262 364295
3 502 14778 0 1777797262 365841
5 470 11675 0 1777797262 365886
0 540 16299 0 1777797262 373457
1 461 17443 0 1777797262 373461
6 548 16287 0 1777797262 373464
2 460 12603 0 1777797262 376899
3 503 11062 0 1777797262 376907
4 497 12482 0 1777797262 376913
5 471 11034 0 1777797262 376921
0 541 6732 0 1777797262 380197
3 504 10435 0 1777797262 387368
2 461 13289 0 1777797262 390211
4 498 13276 0 1777797262 390217
5 472 13272 0 1777797262 390221
0 542 10046 0 1777797262 390245
6 549 16772 0 1777797262 390248
1 462 20190 0 1777797262 393663
0 543 6057 0 1777797262 396306
2 462 6093 0 1777797262 396315
3 505 8951 0 1777797262 396321
4 499 6117 0 1777797262 396347
5 473 15824 0 1777797262 406060
4 500 24775 0 1777797262 421161
0 544 25286 0 1777797262 421635
2 463 26501 0 1777797262 422861
0 545 7923 0 1777797262 429561
1 463 39418 0 1777797262 433082
3 506 36715 0 1777797262 433090
0 546 9671 0 1777797262 439236
2 464 16835 0 1777797262 439698
3 507 6606 0 1777797262 439704
1 464 12024 0 1777797262 445115
4 501 23955 0 1777797262 445124
5 474 39069 0 1777797262 445130
6 550 54883 0 1777797262 445136
0 547 7173 0 1777797262 446414
3 508 7977 0 1777797262 447692
0 548 2132 0 1777797262 448548
3 509 4648 0 1777797262 452343
2 465 12671 0 1777797262 452376
0 549 5538 0 1777797262 454088
1 465 8967 0 1777797262 454104
3 510 3757 0 1777797262 456109
2 466 6086 0 1777797262 458463
3 511 2360 0 1777797262 458471
1 466 7305 0 1777797262 461426
3 512 2973 0 1777797262 461456
2 467 5308 0 1777797262 463781
3 513 2333 0 1777797262 463790
4 502 18649 0 1777797262 463797
2 468 2048 0 1777797262 465847
6 551 20704 0 1777797262 465879
3 514 3062 0 1777797262 466869
4 503 3145 0 1777797262 466959
1 467 7417 0 1777797262 468846
3 515 1980 0 1777797262 468853
6 552 3904 0 1777797262 469784
3 516 2759 0 1777797262 471622
2 469 6530 0 1777797262 472385
3 517 2082 0 1777797262 473706
3 518 1875 0 1777797262 475583
2 470 3907 0 1777797262 476295
2 471 2868 0 1777797262 479165
3 519 4607 0 1777797262 480193
2 472 6710 0 1777797262 485877
3 520 5689 0 1777797262 485884
3 521 9488 0 1777797262 495380
0 550 41807 0 1777797262 495914
2 473 10688 0 1777797262 496573
0 551 7603 0 1777797262 503518
2 474 16801 0 1777797262 513376
3 522 18008 0 1777797262 513390
0 552 10811 0 1777797262 514332
6 553 46841 0 1777797262 516630
0 553 10770 0 1777797262 525104
3 523 11694 0 1777797262 525118
6 554 8490 0 1777797262 525125
0 554 6304 0 1777797262 531431
1 468 62585 0 1777797262 531439
2 475 18054 0 1777797262 531445
3 524 6285 0 1777797262 531450
4 504 64495 0 1777797262 531455
5 475 86305 0 1777797262 531460
6 555 6278 0 1777797262 531465
0 555 5886 0 1777797262 537352
2 476 5885 0 1777797262 537364
3 525 5885 0 1777797262 537370
4 505 6326 0 1777797262 537817
6 556 8440 0 1777797262 539942
1 469 10077 0 1777797262 541551
2 477 6401 0 1777797262 543827
3 526 6406 0 1777797262 543841
4 506 6028 0 1777797262 543848
0 556 6520 0 1777797262 543891
6 557 5653 0 1777797262 545597
3 527 3931 0 1777797262 547798
0 557 10566 0 1777797262 554459
2 478 10618 0 1777797262 554467
3 528 6821 0 1777797262 554620
6 558 9028 0 1777797262 554626
4 507 10775 0 1777797262 554649
0 558 4261 0 1777797262 558814
1 470 17268 0 1777797262 558822
2 479 4256 0 1777797262 558828
3 529 4206 0 1777797262 558833
4 508 4201 0 1777797262 558851
5 476 27366 0 1777797262 558862
6 559 4235 0 1777797262 558870
0 559 4574 0 1777797262 563445
1 471 4566 0 1777797262 563449
2 480 4560 0 1777797262 563452
3 530 4556 0 1777797262 563455
4 509 4537 0 1777797262 563459
5 477 4500 0 1777797262 563463
6 560 4303 0 1777797262 563466
6 561 2959 0 1777797262 566449
1 472 5498 0 1777797262 568970
4 510 5494 0 1777797262 568975
5 478 5494 0 1777797262 568979
6 562 3168 0 1777797262 569619
0 560 17400 0 1777797262 580866
1 473 11899 0 1777797262 580878
2 481 17410 0 1777797262 580885
3 531 17415 0 1777797262 580892
4 511 11911 0 1777797262 580898
5 479 11913 0 1777797262 580904
6 563 11288 0 1777797262 580909
4 512 4182 0 1777797262 585127
1 474 6554 0 1777797262 587477
2 482 6552 0 1777797262 587484
3 532 6552 0 1777797262 587490
6 564 6538 0 1777797262 587498
0 561 10679 0 1777797262 591589
3 533 4129 0 1777797262 591644
4 513 9711 0 1777797262 594841
5 480 13901 0 1777797262 594854
1 475 10032 0 1777797262 597531
2 483 10029 0 1777797262 597537
6 565 10020 0 1777797262 597542
0 562 8399 0 1777797262 599993
3 534 11610 0 1777797262 603255
4 514 12894 0 1777797262 607749
6 566 10192 0 1777797262 607755
0 563 8326 0 1777797262 608329
1 476 10808 0 1777797262 608351
5 481 13471 0 1777797262 608356
5 482 7929 0 1777797262 616294
2 484 22609 0 1777797262 620160
1 477 12937 0 1777797262 621298
4 515 15084 0 1777797262 622840
5 483 6559 0 1777797262 622854
6 567 15097 0 1777797262 622860
0 564 15972 0 1777797262 624328
3 535 21077 0 1777797262 624340
2 485 5297 0 1777797262 625463
5 484 6036 0 1777797262 628911
0 565 9298 0 1777797262 633639
2 486 8576 0 1777797262 634045
3 536 9691 0 1777797262 634048
4 516 11191 0 1777797262 634052
6 568 11172 0 1777797262 634055
5 485 5482 0 1777797262 634394
1 478 22146 0 1777797262 643446
3 537 9391 0 1777797262 643451
4 517 9390 0 1777797262 643455
2 487 12157 0 1777797262 646212
5 486 11823 0 1777797262 646217
6 569 12149 0 1777797262 646220
0 566 13661 0 1777797262 647301
3 538 7883 0 1777797262 651346
0 567 8598 0 1777797262 655900
4 518 13344 0 1777797262 656811
2 488 11359 0 1777797262 657579
1 479 16772 0 1777797262 660229
3 539 9066 0 1777797262 660413
3 540 3131 0 1777797262 663546
2 489 8353 0 1777797262 665933
3 541 7807 0 1777797262 671354
6 570 26733 0 1777797262 672973
3 542 7146 0 1777797262 678501
3 543 6599 0 1777797262 685102
5 487 44143 0 1777797262 690378
6 571 18893 0 1777797262 691870
3 544 7666 0 1777797262 692771
5 488 3461 0 1777797262 693840
3 545 5824 0 1777797262 698596
5 489 4759 0 1777797262 698600
6 572 6726 0 1777797262 698603
0 568 42727 0 1777797262 698629
1 480 38410 0 1777797262 698640
2 490 36858 0 1777797262 702792
3 546 10748 0 1777797262 709353
4 519 53058 0 1777797262 709870
2 491 8591 0 1777797262 711385
3 547 3323 0 1777797262 712677
1 481 14119 0 1777797262 712759
6 573 16618 0 1777797262 715232
3 548 3756 0 1777797262 716434
0 569 22016 0 1777797262 720646
2 492 9297 0 1777797262 720684
2 493 7861 0 1777797262 728546
3 549 12118 0 1777797262 728553
5 490 29948 0 1777797262 728557
5 491 24931 0 1777797262 753504
0 570 54995 0 1777797262 775644
1 482 62883 0 1777797262 775648
2 494 47095 0 1777797262 775652
3 550 47090 0 1777797262 775655
4 520 65789 0 1777797262 775659
5 492 22157 0 1777797262 775662
6 574 60432 0 1777797262 775666
6 575 11350 0 1777797262 787041
2 495 12513 0 1777797262 788188
1 483 12547 0 1777797262 788219
3 551 12547 0 1777797262 788226
4 521 12553 0 1777797262 788236
5 493 12598 0 1777797262 788285
0 571 12649 0 1777797262 788315
2 496 3966 0 1777797262 792159
6 576 7309 0 1777797262 794351
1 484 10419 0 1777797262 798706
4 522 10414 0 1777797262 798713
5 494 10412 0 1777797262 798716
0 572 12865 0 1777797262 801181
2 497 9020 0 1777797262 801185
3 552 12896 0 1777797262 801189
1 485 4155 0 1777797262 802871
5 495 4148 0 1777797262 802875
6 577 11632 0 1777797262 805984
0 573 9300 0 1777797262 810490
2 498 13826 0 1777797262 815020
3 553 13823 0 1777797262 815023
4 523 16303 0 1777797262 815027
1 486 19569 0 1777797262 822464
5 496 19596 0 1777797262 822498
0 574 13889 0 1777797262 824381
6 578 21325 0 1777797262 827310
2 499 16621 0 1777797262 831648
4 524 16617 0 1777797262 831653
5 497 9110 0 1777797262 831657
1 487 11617 0 1777797262 834116
3 554 19091 0 1777797262 834123
0 575 11819 0 1777797262 836202
6 579 8889 0 1777797262 836207
1 488 8032 0 1777797262 842155
2 500 10502 0 1777797262 842159
4 525 10500 0 1777797262 842163
5 498 10501 0 1777797262 842169
3 555 8633 0 1777797262 842764
0 576 17457 0 1777797262 853673
1 489 11512 0 1777797262 853681
2 501 11512 0 1777797262 853686
3 556 10926 0 1777797262 853691
4 526 11518 0 1777797262 853696
5 499 11517 0 1777797262 853700
6 580 17492 0 1777797262 853705
4 527 9545 0 1777797262 863271
5 500 9546 0 1777797262 863275
0 577 10028 0 1777797262 863733
2 502 10021 0 1777797262 863736
3 557 10020 0 1777797262 863740
6 581 10008 0 1777797262 863743
1 490 13203 0 1777797262 866914
3 558 11561 0 1777797262 875316
5 501 12040 0 1777797262 875321
4 528 12604 0 1777797262 875879
6 582 12143 0 1777797262 875903
0 578 14421 0 1777797262 878165
2 503 14417 0 1777797262 878168
1 491 12024 0 1777797262 878939
1 492 7885 0 1777797262 886825
4 529 10951 0 1777797262 886832
5 502 11509 0 1777797262 886836
6 583 10935 0 1777797262 886839
2 504 10834 0 1777797262 889007
3 559 14190 0 1777797262 889511
0 579 11355 0 1777797262 889524
1 493 6551 0 1777797262 893390
4 530 6548 0 1777797262 893395
5 503 6547 0 1777797262 893399
6 584 6546 0 1777797262 893403
2 505 7440 0 1777797262 896559
3 560 7051 0 1777797262 896563
4 531 6074 0 1777797262 899484
0 580 10213 0 1777797262 899737
2 506 3177 0 1777797262 899740
1 494 9089 0 1777797262 902492
6 585 10285 0 1777797262 903704
5 504 11799 0 1777797262 905214
4 532 6523 0 1777797262 906008
1 495 10643 0 1777797262 913141
2 507 13398 0 1777797262 913144
3 561 16579 0 1777797262 913148
6 586 9447 0 1777797262 913152
0 581 14787 0 1777797262 914529
4 533 8528 0 1777797262 914537
5 505 9619 0 1777797262 914834
6 587 7191 0 1777797262 920356
2 508 8254 0 1777797262 921411
1 496 8357 0 1777797262 921509
3 562 8418 0 1777797262 921578
0 582 11880 0 1777797262 926417
5 506 11591 0 1777797262 926425
1 497 6200 0 1777797262 927780
2 509 6370 0 1777797262 927785
4 534 13243 0 1777797262 927790
6 588 7436 0 1777797262 927793
0 583 12609 0 1777797262 939035
1 498 11248 0 1777797262 939041
2 510 11246 0 1777797262 939045
3 563 17459 0 1777797262 939049
4 535 11249 0 1777797262 939053
5 507 12615 0 1777797262 939056
6 589 11253 0 1777797262 939060
0 584 6920 0 1777797262 945980
1 499 6919 0 1777797262 945985
4 536 6910 0 1777797262 945988
5 508 6908 0 1777797262 945991
2 511 6946 0 1777797262 946016
3 564 6946 0 1777797262 946020
6 590 6934 0 1777797262 946022
0 585 11754 0 1777797262 957746
1 500 11758 0 1777797262 957757
2 512 11739 0 1777797262 957762
3 565 11741 0 1777797262 957768
4 537 11771 0 1777797262 957774
5 509 11895 0 1777797262 957902
6 591 11881 0 1777797262 957912
0 586 8671 0 1777797262 966585
1 501 8662 0 1777797262 966592
2 513 8661 0 1777797262 966598
3 566 8660 0 1777797262 966603
4 538 8659 0 1777797262 966609
5 510 8657 0 1777797262 966614
6 592 8657 0 1777797262 966620
1 502 4465 0 1777797262 971094
0 587 5458 0 1777797262 972080
2 514 7740 0 1777797262 974375
3 567 7770 0 1777797262 974411
4 539 8346 0 1777797262 974993
6 593 8339 0 1777797262 974999
1 503 6916 0 1777797262 978012
5 511 11665 0 1777797262 978318
2 515 6992 0 1777797262 981405
3 568 6989 0 1777797262 981420
4 540 6429 0 1777797262 981429
0 588 9385 0 1777797262 981467
6 594 6433 0 1777797262 981472
1 504 8406 0 1777797262 986421
5 512 11170 0 1777797262 989491
0 589 8166 0 1777797262 989639
2 516 8214 0 1777797262 989644
6 595 8167 0 1777797262 989648
3 569 8794 0 1777797262 990238
4 541 8789 0 1777797262 990242
0 590 8232 0 1777797262 997881
1 505 11467 0 1777797262 997889
3 570 7654 0 1777797262 997896
5 513 8480 0 1777797262 997971
6 596 8321 0 1777797262 997978
2 517 8701 0 1777797262 998354
4 542 8324 0 1777797262 998571
0 591 7279 0 1777797263 5258
1 506 7270 0 1777797263 5262
6 597 7247 0 1777797263 5266
2 518 7255 0 1777797263 5611
3 571 7835 0 1777797263 5836
4 543 7267 0 1777797263 5840
5 514 7833 0 1777797263 5843
0 592 6179 0 1777797263 11446
1 507 6180 0 1777797263 11452
6 598 7923 0 1777797263 13202
2 519 9334 0 1777797263 14947
3 572 9111 0 1777797263 14954
5 515 9109 0 1777797263 14962
4 544 9390 0 1777797263 15239
0 593 11273 0 1777797263 22726
1 508 11266 0 1777797263 22734
5 516 7757 0 1777797263 22737
6 599 9537 0 1777797263 22741
3 573 8151 0 1777797263 23124
4 545 7898 0 1777797263 23139
2 520 8303 0 1777797263 23266
6 600 2398 0 1777797263 25159
1 509 6040 0 1777797263 28790
0 594 6922 0 1777797263 29664
3 574 6532 0 1777797263 29672
5 517 6922 0 1777797263 29678
6 601 4524 0 1777797263 29685
4 546 10018 0 1777797263 33169
3 575 3804 0 1777797263 33501
6 602 7991 0 1777797263 37765
1 510 9171 0 1777797263 37964
0 595 8406 0 1777797263 38092
2 521 14831 0 1777797263 38098
4 547 5591 0 1777797263 38771
5 518 9059 0 1777797263 38778
3 576 7126 0 1777797263 40630
5 519 4068 0 1777797263 42856
6 603 5101 0 1777797263 42868
3 577 3457 0 1777797263 44089
1 511 8447 0 1777797263 46413
6 604 3540 0 1777797263 46423
0 596 8561 0 1777797263 46660
3 578 7073 0 1777797263 51164
5 520 8305 0 1777797263 51174
1 512 5846 0 1777797263 52270
0 597 7632 0 1777797263 54294
2 522 16194 0 1777797263 54304
6 605 8198 0 1777797263 54632
1 513 6443 0 1777797263 58715
3 579 7549 0 1777797263 58724
6 606 4106 0 1777797263 58740
4 548 20755 0 1777797263 59534
5 521 11230 0 1777797263 62425
3 580 4579 0 1777797263 63329
1 514 4773 0 1777797263 63514
6 607 4755 0 1777797263 63521
5 522 3665 0 1777797263 66117
4 549 7071 0 1777797263 66608
1 515 3524 0 1777797263 67045
3 581 4238 0 1777797263 67570
6 608 7360 0 1777797263 70890
4 550 4596 0 1777797263 71209
1 516 4574 0 1777797263 71621
4 551 1857 0 1777797263 73067
5 523 7957 0 1777797263 74086
1 517 9330 0 1777797263 80952
0 598 26949 0 1777797263 81254
2 523 28133 0 1777797263 82449
0 599 1644 0 1777797263 82900
1 518 6982 0 1777797263 87936
1 519 2510 0 1777797263 90448
5 524 22498 0 1777797263 96586
1 520 8312 0 1777797263 98762
5 525 2181 0 1777797263 98772
3 582 38045 0 1777797263 105618
5 526 6825 0 1777797263 105625
6 609 34740 0 1777797263 105632
0 600 31079 0 1777797263 113982
2 524 31556 0 1777797263 114007
4 552 40946 0 1777797263 114015
1 521 16773 0 1777797263 115547
5 527 9909 0 1777797263 115553
4 553 21131 0 1777797263 135170
5 528 19610 0 1777797263 135175
6 610 29519 0 1777797263 135179
3 583 30833 0 1777797263 136466
0 601 31721 0 1777797263 145737
1 522 30188 0 1777797263 145741
3 584 9276 0 1777797263 145745
2 525 35945 0 1777797263 149976
4 554 14814 0 1777797263 149994
5 529 14817 0 1777797263 150002
0 602 17122 0 1777797263 162868
1 523 17129 0 1777797263 162879
2 526 12883 0 1777797263 162887
3 585 17137 0 1777797263 162894
4 555 11872 0 1777797263 162898
5 530 11869 0 1777797263 162903
6 611 27719 0 1777797263 162908
2 527 3363 0 1777797263 166288
1 524 3623 0 1777797263 166543
0 603 8309 0 1777797263 171218
4 556 8297 0 1777797263 171233
5 531 8981 0 1777797263 171921
1 525 6287 0 1777797263 172833
6 612 10099 0 1777797263 173045
2 528 7001 0 1777797263 173292
3 586 10368 0 1777797263 173299
1 526 4912 0 1777797263 177746
2 529 4468 0 1777797263 177768
4 557 6496 0 1777797263 177775
3 587 5046 0 1777797263 178359
5 532 6444 0 1777797263 178367
6 613 5327 0 1777797263 178373
1 527 4785 0 1777797263 182561
4 558 4788 0 1777797263 182577
0 604 11918 0 1777797263 183152
2 530 10014 0 1777797263 187797
3 588 9439 0 1777797263 187813
1 528 6516 0 1777797263 189095
5 533 10726 0 1777797263 189109
6 614 12287 0 1777797263 190678
0 605 7547 0 1777797263 190702
4 559 8081 0 1777797263 190718
1 529 8860 0 1777797263 197970
2 531 11008 0 1777797263 198823
5 534 9732 0 1777797263 198850
3 589 12044 0 1777797263 199963
2 532 4536 0 1777797263 203388
4 560 13164 0 1777797263 203902
0 606 15743 0 1777797263 206462
3 590 6504 0 1777797263 206469
5 535 7591 0 1777797263 206476
6 615 15799 0 1777797263 206481
1 530 10705 0 1777797263 208677
0 607 2726 0 1777797263 209208
2 533 5311 0 1777797263 209214
4 561 5305 0 1777797263 209220
3 591 4020 0 1777797263 210512
5 536 4032 0 1777797263 210532
6 616 5505 0 1777797263 212012
4 562 6257 0 1777797263 215494
3 592 5644 0 1777797263 216177
5 537 6379 0 1777797263 216950
0 608 9299 0 1777797263 218520
2 534 9303 0 1777797263 218532
4 563 5245 0 1777797263 220741
6 617 8746 0 1777797263 220759
1 531 13083 0 1777797263 221762
5 538 5460 0 1777797263 222411
3 593 6614 0 1777797263 222793
0 609 10456 0 1777797263 228990
2 535 12139 0 1777797263 230684
1 532 10006 0 1777797263 231770
4 564 11021 0 1777797263 231781
6 618 11019 0 1777797263 231788
3 594 9709 0 1777797263 232504
5 539 11290 0 1777797263 233703
0 610 7087 0 1777797263 236079
2 536 5674 0 1777797263 236365
4 565 7113 0 1777797263 238914
6 619 8021 0 1777797263 239829
0 611 5043 0 1777797263 241132
1 533 9359 0 1777797263 241148
5 540 7450 0 1777797263 241155
2 537 8620 0 1777797263 244990
3 595 12500 0 1777797263 245006
6 620 5853 0 1777797263 245685
4 566 6798 0 1777797263 245717
0 612 6134 0 1777797263 247290
1 534 6923 0 1777797263 248087
2 538 8091 0 1777797263 253099
5 541 11839 0 1777797263 253128
0 613 9103 0 1777797263 256395
1 535 8314 0 1777797263 256404
3 596 11380 0 1777797263 256409
4 567 10704 0 1777797263 256423
6 621 10738 0 1777797263 256430
5 542 4789 0 1777797263 257942
2 539 7508 0 1777797263 260639
0 614 6331 0 1777797263 262762
1 536 6326 0 1777797263 262776
6 622 6303 0 1777797263 262785
3 597 6836 0 1777797263 263294
4 568 7009 0 1777797263 263484
2 540 4133 0 1777797263 264774
5 543 8486 0 1777797263 266430
0 615 8560 0 1777797263 271346
1 537 8574 0 1777797263 271373
2 541 6606 0 1777797263 271382
3 598 8092 0 1777797263 271388
5 544 4962 0 1777797263 271394
6 623 8592 0 1777797263 271398
4 569 7956 0 1777797263 271441
2 542 2295 0 1777797263 273708
0 616 3097 0 1777797263 274496
3 599 5338 0 1777797263 276757
4 570 5332 0 1777797263 276774
5 545 5355 0 1777797263 276780
6 624 5356 0 1777797263 276786
1 538 8010 0 1777797263 279418
2 543 5977 0 1777797263 279687
3 600 2908 0 1777797263 279695
0 617 6314 0 1777797263 280815
5 546 4489 0 1777797263 281324
4 571 4776 0 1777797263 281593
1 539 8540 0 1777797263 287966
2 544 8280 0 1777797263 287976
4 572 9144 0 1777797263 290739
6 625 13902 0 1777797263 290746
3 601 12875 0 1777797263 292582
5 547 11263 0 1777797263 292589
1 540 5014 0 1777797263 292992
2 545 5375 0 1777797263 293362
0 618 13174 0 1777797263 293991
5 548 3617 0 1777797263 296238
4 573 8523 0 1777797263 299271
4 574 3880 0 1777797263 303154
0 619 55254 0 1777797263 349247
2 546 55892 0 1777797263 349256
1 541 62296 0 1777797263 355290
3 602 62708 0 1777797263 355298
5 549 59065 0 1777797263 355305
6 626 64555 0 1777797263 355312
2 547 7293 0 1777797263 356560
0 620 8821 0 1777797263 358079
4 575 55003 0 1777797263 358160
3 603 5718 0 1777797263 361050
5 550 6161 0 1777797263 361561
0 621 11442 0 1777797263 369524
1 542 14261 0 1777797263 369574
2 548 13018 0 1777797263 369580
6 627 14151 0 1777797263 369587
5 551 8228 0 1777797263 369791
3 604 8949 0 1777797263 370001
0 622 4109 0 1777797263 373696
1 543 4561 0 1777797263 374156
4 576 17169 0 1777797263 375330
5 552 5547 0 1777797263 375340
0 623 4587 0 1777797263 378285
6 628 9178 0 1777797263 378786
2 549 9754 0 1777797263 379355
0 624 10546 0 1777797263 388833
1 544 14689 0 1777797263 388847
3 605 18851 0 1777797263 388854
5 553 13509 0 1777797263 388860
6 629 10079 0 1777797263 388866
1 545 6331 0 1777797263 395208
5 554 6326 0 1777797263 395217
3 606 6645 0 1777797263 395530
0 625 17318 0 1777797263 406185
3 607 10714 0 1777797263 406245
6 630 17342 0 1777797263 406252
5 555 11244 0 1777797263 406500
2 550 29598 0 1777797263 408955
0 626 6177 0 1777797263 412430
1 546 17220 0 1777797263 412438
6 631 6146 0 1777797263 412444
4 577 43645 0 1777797263 418986
5 556 17269 0 1777797263 423771
0 627 11984 0 1777797263 424429
1 547 11982 0 1777797263 424436
2 551 15486 0 1777797263 424443
3 608 18243 0 1777797263 424508
6 632 12069 0 1777797263 424531
4 578 9043 0 1777797263 428032
6 633 7041 0 1777797263 431605
0 628 13820 0 1777797263 438352
1 548 13835 0 1777797263 438377
2 552 13834 0 1777797263 438384
3 609 13832 0 1777797263 438389
5 557 14592 0 1777797263 438421
6 634 6818 0 1777797263 438428
1 549 5291 0 1777797263 443745
2 553 6376 0 1777797263 444838
6 635 8103 0 1777797263 446688
5 558 9085 0 1777797263 447653
1 550 8664 0 1777797263 452413
4 579 24642 0 1777797263 452681
3 610 14304 0 1777797263 452775
5 559 5320 0 1777797263 452975
1 551 1583 0 1777797263 454006
5 560 1524 0 1777797263 454500
5 561 3125 0 1777797263 457627
1 552 4556 0 1777797263 458565
5 562 3024 0 1777797263 460653
1 553 2106 0 1777797263 460673
1 554 4976 0 1777797263 465652
5 563 6095 0 1777797263 466751
0 629 29243 0 1777797263 467672
3 611 14906 0 1777797263 467682
3 612 2288 0 1777797263 469982
0 630 7707 0 1777797263 475391
1 555 9760 0 1777797263 475414
2 554 30632 0 1777797263 475472
4 580 22797 0 1777797263 475482
5 564 8735 0 1777797263 475488
6 636 28803 0 1777797263 475494
3 613 5666 0 1777797263 475653
1 556 2404 0 1777797263 477919
5 565 2372 0 1777797263 477943
0 631 2642 0 1777797263 478136
3 614 2495 0 1777797263 478150
0 632 1396 0 1777797263 479547
5 566 2497 0 1777797263 480493
0 633 2504 0 1777797263 482053
3 615 4073 0 1777797263 482286
3 616 4379 0 1777797263 486667
4 581 13854 0 1777797263 489390
2 555 15845 0 1777797263 491368
6 637 15897 0 1777797263 491507
6 638 1127 0 1777797263 492636
3 617 6766 0 1777797263 493437
2 556 4477 0 1777797263 495848
0 634 15484 0 1777797263 497539
6 639 4912 0 1777797263 497553
2 557 1937 0 1777797263 497788
4 582 9568 0 1777797263 498961
3 618 6014 0 1777797263 499453
1 557 21811 0 1777797263 499756
5 567 20129 0 1777797263 500624
3 619 11001 0 1777797263 510457
1 558 12070 0 1777797263 511829
6 640 14281 0 1777797263 511846
4 583 16071 0 1777797263 515034
1 559 5909 0 1777797263 517756
4 584 3480 0 1777797263 518516
1 560 2647 0 1777797263 520407
4 585 1903 0 1777797263 520421
6 641 10404 0 1777797263 522427
4 586 4185 0 1777797263 524624
2 558 27211 0 1777797263 525001
4 587 3675 0 1777797263 528302
2 559 6067 0 1777797263 531070
4 588 6004 0 1777797263 534310
3 620 24740 0 1777797263 535204
0 635 38606 0 1777797263 536160
5 568 37337 0 1777797263 537963
2 560 10842 0 1777797263 541915
3 621 8508 0 1777797263 543716
3 622 5120 0 1777797263 548838
4 589 14533 0 1777797263 548847
6 642 27261 0 1777797263 549690
3 623 5239 0 1777797263 554087
4 590 5237 0 1777797263 554096
5 569 20247 0 1777797263 558215
2 561 16442 0 1777797263 558361
5 570 1826 0 1777797263 560045
2 562 3870 0 1777797263 562235
3 624 10582 0 1777797263 564679
5 571 5514 0 1777797263 565561
3 625 5267 0 1777797263 569949
4 591 15856 0 1777797263 569965
1 561 51177 0 1777797263 571600
6 643 21922 0 1777797263 571614
0 636 36570 0 1777797263 572733
3 626 2781 0 1777797263 572747
5 572 7191 0 1777797263 572755
4 592 4368 0 1777797263 574352
3 627 2836 0 1777797263 575603
6 644 4005 0 1777797263 575633
1 562 6462 0 1777797263 578078
4 593 3754 0 1777797263 578110
5 573 5342 0 1777797263 578119
0 637 6106 0 1777797263 578862
3 628 3234 0 1777797263 578870
2 563 19039 0 1777797263 581278
0 638 3767 0 1777797263 582637
5 574 4972 0 1777797263 583147
2 564 3113 0 1777797263 584395
3 629 6300 0 1777797263 585186
1 563 8677 0 1777797263 586797
3 630 1938 0 1777797263 587127
5 575 4195 0 1777797263 587343
1 564 4619 0 1777797263 591419
5 576 4640 0 1777797263 591986
1 565 7708 0 1777797263 599134
2 565 14740 0 1777797263 599141
3 631 12019 0 1777797263 599148
4 594 20993 0 1777797263 599152
5 577 7168 0 1777797263 599158
6 645 23506 0 1777797263 599164
2 566 1838 0 1777797263 601013
1 566 2474 0 1777797263 601639
2 567 2923 0 1777797263 603939
6 646 4725 0 1777797263 603959
3 632 6207 0 1777797263 605389
5 578 6204 0 1777797263 605400
1 567 4356 0 1777797263 605999
4 595 7739 0 1777797263 606928
6 647 2951 0 1777797263 606934
3 633 7538 0 1777797263 612939
4 596 6043 0 1777797263 613017
0 639 34727 0 1777797263 617367
1 568 11372 0 1777797263 617375
2 568 13421 0 1777797263 617381
3 634 4446 0 1777797263 617395
5 579 11990 0 1777797263 617405
6 648 10427 0 1777797263 617412
4 597 5077 0 1777797263 618098
4 598 3883 0 1777797263 621984
1 569 7373 0 1777797263 624866
4 599 2917 0 1777797263 624905
6 649 8467 0 1777797263 626011
5 580 9218 0 1777797263 626755
1 570 3146 0 1777797263 628027
3 635 22321 0 1777797263 639851
2 569 22361 0 1777797263 639882
4 600 23831 0 1777797263 648738
1 571 21188 0 1777797263 649217
0 640 32798 0 1777797263 650211
6 650 24461 0 1777797263 650477
4 601 2274 0 1777797263 651014
1 572 4049 0 1777797263 653268
5 581 35537 0 1777797263 662295
3 636 22558 0 1777797263 662415
6 651 13115 0 1777797263 663593
2 570 24767 0 1777797263 664650
4 602 14072 0 1777797263 665088
1 573 12617 0 1777797263 665891
3 637 3502 0 1777797263 665919
5 582 5706 0 1777797263 668003
4 603 5070 0 1777797263 670162
0 641 21308 0 1777797263 671522
1 574 6090 0 1777797263 671986
4 604 3451 0 1777797263 673615
1 575 4216 0 1777797263 676209
4 605 3128 0 1777797263 676745
1 576 1029 0 1777797263 677241
5 583 9777 0 1777797263 677782
6 652 16629 0 1777797263 680228
0 642 11536 0 1777797263 683066
2 571 19005 0 1777797263 683657
3 638 19041 0 1777797263 684962
4 606 8708 0 1777797263 685457
2 572 4820 0 1777797263 688479
3 639 3524 0 1777797263 688488
1 577 11551 0 1777797263 688794
5 584 12758 0 1777797263 690545
4 607 5699 0 1777797263 691159
0 643 9739 0 1777797263 692812
4 608 5675 0 1777797263 696836
2 573 9632 0 1777797263 698121
0 644 6666 0 1777797263 699480
2 574 2588 0 1777797263 700711
4 609 3887 0 1777797263 700725
0 645 10990 0 1777797263 710473
2 575 13248 0 1777797263 713974
4 610 13245 0 1777797263 713981
0 646 4150 0 1777797263 714625
0 647 2346 0 1777797263 716975
0 648 1896 0 1777797263 718878
1 578 30088 0 1777797263 718885
2 576 4908 0 1777797263 718890
1 579 3681 0 1777797263 722581
5 585 32387 0 1777797263 722934
2 577 5153 0 1777797263 724059
3 640 35568 0 1777797263 724066
4 611 44814 0 1777797263 758804
6 653 79338 0 1777797263 759570
5 586 36810 0 1777797263 759748
3 641 36490 0 1777797263 760569
0 649 41699 0 1777797263 760590
4 612 4170 0 1777797263 762977
1 580 40609 0 1777797263 763191
4 613 2516 0 1777797263 765496
4 614 1650 0 1777797263 767148
1 581 4622 0 1777797263 767815
2 578 50053 0 1777797263 774121
3 642 13562 0 1777797263 774133
5 587 15915 0 1777797263 775665
0 650 18856 0 1777797263 779447
1 582 11638 0 1777797263 779455
3 643 5312 0 1777797263 779461
4 615 12324 0 1777797263 779476
6 654 19921 0 1777797263 779493
2 579 7223 0 1777797263 781357
5 588 6352 0 1777797263 782020
1 583 8482 0 1777797263 787987
4 616 8476 0 1777797263 787995
6 655 8511 0 1777797263 788036
0 651 10148 0 1777797263 789642
3 644 10137 0 1777797263 789649
2 580 10570 0 1777797263 791929
5 589 9917 0 1777797263 791939
1 584 8123 0 1777797263 796161
4 617 8116 0 1777797263 796165
6 656 8103 0 1777797263 796169
0 652 10577 0 1777797263 800227
2 581 8296 0 1777797263 800236
3 645 10581 0 1777797263 800243
5 590 8299 0 1777797263 800256
6 657 9095 0 1777797263 805275
1 585 9870 0 1777797263 806039
4 618 9885 0 1777797263 806060
0 653 9799 0 1777797263 810057
2 582 9806 0 1777797263 810076
5 591 9790 0 1777797263 810083
6 658 4812 0 1777797263 810089
3 646 10063 0 1777797263 810348
3 647 2985 0 1777797263 813335
0 654 6000 0 1777797263 816091
2 583 5988 0 1777797263 816098
1 586 11149 0 1777797263 817210
5 592 7098 0 1777797263 817219
6 659 7098 0 1777797263 817226
4 619 15448 0 1777797263 821521
0 655 9507 0 1777797263 825606
1 587 8385 0 1777797263 825612
2 584 9511 0 1777797263 825618
3 648 12285 0 1777797263 825622
4 620 4103 0 1777797263 825626
5 593 8281 0 1777797263 825631
6 660 8274 0 1777797263 825634
1 588 7448 0 1777797263 833089
0 656 8913 0 1777797263 834548
2 585 8919 0 1777797263 834564
4 621 8918 0 1777797263 834571
5 594 8930 0 1777797263 834587
6 661 8933 0 1777797263 834594
3 649 10876 0 1777797263 836525
1 589 4817 0 1777797263 837908
0 657 5431 0 1777797263 840026
2 586 5430 0 1777797263 840035
5 595 5890 0 1777797263 840629
4 622 8063 0 1777797263 842784
3 650 7228 0 1777797263 843954
6 662 9217 0 1777797263 843963
1 590 6208 0 1777797263 844118
0 658 8277 0 1777797263 848313
1 591 4203 0 1777797263 848321
2 587 8282 0 1777797263 848336
4 623 7633 0 1777797263 850419
5 596 11229 0 1777797263 851860
6 663 7934 0 1777797263 851907
2 588 6247 0 1777797263 854610
3 651 10655 0 1777797263 854619
0 659 7983 0 1777797263 856320
1 592 7979 0 1777797263 856327
5 597 6089 0 1777797263 857957
3 652 4509 0 1777797263 859146
0 660 5291 0 1777797263 861619
2 589 7008 0 1777797263 861628
1 593 10617 0 1777797263 866954
3 653 7808 0 1777797263 866960
5 598 9002 0 1777797263 866965
6 664 15061 0 1777797263 866970
0 661 5385 0 1777797263 867015
2 590 5373 0 1777797263 867021
1 594 4414 0 1777797263 871385
4 624 20969 0 1777797263 871394
6 665 4399 0 1777797263 871401
0 662 4718 0 1777797263 871740
3 654 4768 0 1777797263 871748
5 599 4760 0 1777797263 871752
2 591 9227 0 1777797263 876259
0 663 5202 0 1777797263 876954
6 666 5549 0 1777797263 876970
4 625 5633 0 1777797263 877046
3 655 6144 0 1777797263 877905
1 595 6775 0 1777797263 878177
1 596 4106 0 1777797263 882284
0 664 5885 0 1777797263 882857
6 667 5934 0 1777797263 882917
5 600 11622 0 1777797263 883387
3 656 7318 0 1777797263 885224
4 626 9339 0 1777797263 886387
1 597 6051 0 1777797263 888338
2 592 12571 0 1777797263 888840
0 665 6416 0 1777797263 889275
5 601 11737 0 1777797263 895125
2 593 6573 0 1777797263 895416
3 657 10198 0 1777797263 895424
4 627 9048 0 1777797263 895442
6 668 12573 0 1777797263 895491
1 598 8123 0 1777797263 896463
0 666 7704 0 1777797263 896980
2 594 5846 0 1777797263 901339
3 658 6712 0 1777797263 902229
5 602 7104 0 1777797263 902239
6 669 6679 0 1777797263 902266
0 667 6603 0 1777797263 903587
1 599 7323 0 1777797263 903787
1 600 1006 0 1777797263 904794
0 668 2606 0 1777797263 906198
1 601 1850 0 1777797263 906646
2 595 5679 0 1777797263 907020
0 669 4869 0 1777797263 911072
1 602 4430 0 1777797263 911079
5 603 8806 0 1777797263 911086
4 628 17076 0 1777797263 912623
3 659 11258 0 1777797263 913526
2 596 6832 0 1777797263 913854
3 660 1210 0 1777797263 914738
2 597 3027 0 1777797263 916884
6 670 14824 0 1777797263 917124
6 671 2806 0 1777797263 919933
2 598 6472 0 1777797263 923358
4 629 10742 0 1777797263 923367
5 604 13022 0 1777797263 924126
1 603 13821 0 1777797263 924918
4 630 3498 0 1777797263 926880
3 661 13202 0 1777797263 927943
2 599 5378 0 1777797263 928746
5 605 5262 0 1777797263 929392
2 600 1103 0 1777797263 929851
3 662 4344 0 1777797263 932292
5 606 3133 0 1777797263 932528
0 670 24994 0 1777797263 936082
2 601 6240 0 1777797263 936093
1 604 11612 0 1777797263 936533
0 671 2289 0 1777797263 938384
3 663 7622 0 1777797263 939915
0 672 20365 0 1777797263 958752
4 631 31879 0 1777797263 958763
2 602 23302 0 1777797263 959409
3 664 19502 0 1777797263 959419
6 672 40913 0 1777797263 960849
5 607 32977 0 1777797263 965507
5 608 733 0 1777797263 966242
1 605 30443 0 1777797263 966981
5 609 1057 0 1777797263 967303
1 606 2171 0 1777797263 969156
4 632 10964 0 1777797263 969743
0 673 11955 0 1777797263 970719
5 610 4233 0 1777797263 971541
5 611 50399 0 1777797264 21944
1 607 53657 0 1777797264 22815
3 665 63393 0 1777797264 22822
0 674 52296 0 1777797264 23018
6 673 62369 0 1777797264 23220
2 603 63957 0 1777797264 23377
1 608 3271 0 1777797264 26094
0 675 4181 0 1777797264 27202
3 666 4379 0 1777797264 27211
2 604 5214 0 1777797264 28593
5 612 6646 0 1777797264 28599
6 674 5392 0 1777797264 28613
0 676 3761 0 1777797264 30973
1 609 5466 0 1777797264 31563
2 605 3758 0 1777797264 32373
4 633 68464 0 1777797264 38210
6 675 9584 0 1777797264 38227
1 610 6697 0 1777797264 38261
5 613 9633 0 1777797264 38267
0 677 7313 0 1777797264 38289
2 606 6305 0 1777797264 38681
3 667 11464 0 1777797264 38686
0 678 8444 0 1777797264 46734
1 611 8498 0 1777797264 46766
2 607 8087 0 1777797264 46774
3 668 8085 0 1777797264 46780
5 614 8509 0 1777797264 46785
6 676 8596 0 1777797264 46841
4 634 8981 0 1777797264 47209
6 677 12282 0 1777797264 59195
0 679 15084 0 1777797264 61926
2 608 15087 0 1777797264 61946
3 669 15075 0 1777797264 61954
6 678 5961 0 1777797264 65158
3 670 4836 0 1777797264 66809
1 612 20054 0 1777797264 66905
5 615 20012 0 1777797264 66911
6 679 5781 0 1777797264 70941
0 680 9972 0 1777797264 71927
1 613 6657 0 1777797264 73569
5 616 6669 0 1777797264 73596
6 680 3239 0 1777797264 74182
2 609 12518 0 1777797264 74482
5 617 3110 0 1777797264 76717
6 681 2537 0 1777797264 76721
1 614 5157 0 1777797264 78754
0 681 13393 0 1777797264 85326
2 610 15636 0 1777797264 90119
5 618 13409 0 1777797264 90131
6 682 13411 0 1777797264 90139
0 682 9490 0 1777797264 94820
1 615 16095 0 1777797264 94851
4 635 47657 0 1777797264 94869
2 611 5330 0 1777797264 95471
5 619 5314 0 1777797264 95478
6 683 5343 0 1777797264 95514
3 671 28724 0 1777797264 95594
5 620 7848 0 1777797264 103396
0 683 9947 0 1777797264 104817
1 616 10326 0 1777797264 105214
3 672 9626 0 1777797264 105221
4 636 10375 0 1777797264 105271
6 684 9734 0 1777797264 105306
2 612 11784 0 1777797264 107299
0 684 6758 0 1777797264 111577
5 621 8289 0 1777797264 111688
1 617 7155 0 1777797264 112428
3 673 7437 0 1777797264 112719
6 685 7420 0 1777797264 112727
4 637 17608 0 1777797264 122898
0 685 13003 0 1777797264 124694
2 613 17401 0 1777797264 124703
3 674 11958 0 1777797264 124707
5 622 12689 0 1777797264 124711
6 686 11956 0 1777797264 124713
4 638 8138 0 1777797264 131041
1 618 25179 0 1777797264 137907
0 686 14397 0 1777797264 139111
2 614 14459 0 1777797264 139183
3 675 14479 0 1777797264 139209
4 639 8173 0 1777797264 139217
5 623 14846 0 1777797264 139581
6 687 18357 0 1777797264 143098
1 619 9534 0 1777797264 147458
4 640 8221 0 1777797264 147466
3 676 9308 0 1777797264 148547
2 615 9848 0 1777797264 149075
5 624 9499 0 1777797264 149082
0 687 12128 0 1777797264 151347
2 616 2449 0 1777797264 151532
4 641 5628 0 1777797264 153122
5 625 4041 0 1777797264 153141
3 677 6911 0 1777797264 155461
6 688 28076 0 1777797264 171178
2 617 20274 0 1777797264 171808
3 678 16352 0 1777797264 171814
5 626 19187 0 1777797264 172342
2 618 2398 0 1777797264 174214
0 688 23196 0 1777797264 174545
3 679 3175 0 1777797264 174998
5 627 3228 0 1777797264 175572
4 642 22593 0 1777797264 175735
3 680 1155 0 1777797264 176157
1 620 31041 0 1777797264 178509
2 619 4297 0 1777797264 178517
3 681 2363 0 1777797264 178522
4 643 2811 0 1777797264 178547
5 628 2976 0 1777797264 178556
3 682 2170 0 1777797264 180742
2 620 3463 0 1777797264 182028
3 683 3047 0 1777797264 183795
1 621 7459 0 1777797264 186015
2 621 3990 0 1777797264 186022
2 622 1593 0 1777797264 187627
2 623 1899 0 1777797264 189528
2 624 1233 0 1777797264 190764
3 684 11360 0 1777797264 195165
5 629 17531 0 1777797264 196119
3 685 2049 0 1777797264 197216
2 625 9881 0 1777797264 200648
5 630 5775 0 1777797264 201898
2 626 5841 0 1777797264 206491
4 644 27918 0 1777797264 206498
5 631 4731 0 1777797264 206632
1 622 20978 0 1777797264 207002
3 686 9945 0 1777797264 207163
0 689 32740 0 1777797264 207288
0 690 4419 0 1777797264 211709
4 645 8856 0 1777797264 215363
3 687 8235 0 1777797264 215400
5 632 10611 0 1777797264 217245
1 623 10281 0 1777797264 217285
0 691 6747 0 1777797264 218458
3 688 4721 0 1777797264 220122
2 627 15142 0 1777797264 221641
3 689 5754 0 1777797264 225879
2 628 7229 0 1777797264 228874
4 646 13515 0 1777797264 228885
0 692 10555 0 1777797264 229015
4 647 884 0 1777797264 229779
3 690 4741 0 1777797264 230622
4 648 1097 0 1777797264 230878
0 693 2128 0 1777797264 231144
2 629 2447 0 1777797264 231333
5 633 15709 0 1777797264 232956
1 624 19150 0 1777797264 236437
3 691 6006 0 1777797264 236631
4 649 6332 0 1777797264 237213
4 650 814 0 1777797264 238029
6 689 67575 0 1777797264 238755
2 630 7747 0 1777797264 239082
5 634 6899 0 1777797264 239857
4 651 1846 0 1777797264 239877
0 694 9707 0 1777797264 240852
0 695 581 0 1777797264 241434
4 652 2276 0 1777797264 242154
0 696 1074 0 1777797264 242510
5 635 4715 0 1777797264 244575
3 692 9568 0 1777797264 246200
2 631 8787 0 1777797264 247871
1 625 16552 0 1777797264 252992
0 697 12387 0 1777797264 254900
4 653 12786 0 1777797264 254944
2 632 7907 0 1777797264 255780
3 693 9902 0 1777797264 256104
6 690 18953 0 1777797264 257712
5 636 14037 0 1777797264 258781
0 698 8783 0 1777797264 263684
1 626 12866 0 1777797264 265860
4 654 11120 0 1777797264 266067
6 691 108742 0 1777797264 366457
2 633 112132 0 1777797264 367918
3 694 112402 0 1777797264 368510
5 637 110188 0 1777797264 368975
1 627 104494 0 1777797264 370356
5 638 3215 0 1777797264 372194
3 695 4372 0 1777797264 372884
1 628 3382 0 1777797264 373745
3 696 2232 0 1777797264 375121
5 639 2995 0 1777797264 375205
1 629 1596 0 1777797264 375343
2 634 8495 0 1777797264 376421
5 640 4306 0 1777797264 379513
3 697 5119 0 1777797264 380242
5 641 9190 0 1777797264 388711
5 642 1754 0 1777797264 390467
6 692 24373 0 1777797264 390831
5 643 2256 0 1777797264 392727
2 635 19937 0 1777797264 396361
6 693 5537 0 1777797264 396371
2 636 3341 0 1777797264 399713
5 644 7424 0 1777797264 400159
2 637 6708 0 1777797264 406423
5 645 8110 0 1777797264 408272
6 694 11940 0 1777797264 408322
2 638 6816 0 1777797264 413242
3 698 33400 0 1777797264 413647
1 630 38312 0 1777797264 413665
0 699 151257 0 1777797264 414943
4 655 148908 0 1777797264 414977
3 699 16124 0 1777797264 429773
6 695 21458 0 1777797264 429782
5 646 21539 0 1777797264 429813
1 631 17356 0 1777797264 431022
6 696 4938 0 1777797264 434730
5 647 16751 0 1777797264 446565
3 700 18170 0 1777797264 447953
5 648 1426 0 1777797264 447993
5 649 5191 0 1777797264 453185
5 650 5247 0 1777797264 458435
3 701 12785 0 1777797264 460742
5 651 2923 0 1777797264 461359
5 652 9125 0 1777797264 470486
6 697 37455 0 1777797264 472190
5 653 2002 0 1777797264 472517
0 700 61126 0 1777797264 476127
5 654 6097 0 1777797264 478615
2 639 69271 0 1777797264 482518
3 702 22420 0 1777797264 483164
0 701 7787 0 1777797264 483916
5 655 5485 0 1777797264 484102
6 698 12432 0 1777797264 484624
5 656 2831 0 1777797264 486936
2 640 8016 0 1777797264 490536
0 702 7832 0 1777797264 491750
2 641 1729 0 1777797264 492267
5 657 5336 0 1777797264 492274
1 632 61346 0 1777797264 492372
1 633 2427 0 1777797264 494800
2 642 2537 0 1777797264 494812
6 699 10361 0 1777797264 494990
0 703 5417 0 1777797264 497176
5 658 4903 0 1777797264 497189
3 703 15353 0 1777797264 498521
2 643 6002 0 1777797264 500829
4 656 86054 0 1777797264 501073
1 634 7406 0 1777797264 502220
6 700 8882 0 1777797264 503874
3 704 8830 0 1777797264 507354
1 635 6531 0 1777797264 508754
6 701 5174 0 1777797264 509050
4 657 8625 0 1777797264 509700
6 702 878 0 1777797264 509931
1 636 1345 0 1777797264 510102
2 644 9357 0 1777797264 510189
3 705 5458 0 1777797264 512813
6 703 5182 0 1777797264 515117
1 637 6378 0 1777797264 516482
4 658 8115 0 1777797264 517817
5 659 23624 0 1777797264 520832
3 706 8243 0 1777797264 521059
3 707 3480 0 1777797264 524541
0 704 27404 0 1777797264 524594
1 638 10124 0 1777797264 526608
2 645 16427 0 1777797264 526617
5 660 5789 0 1777797264 526624
6 704 11512 0 1777797264 526630
4 659 8866 0 1777797264 526687
3 708 6232 0 1777797264 530775
6 705 4504 0 1777797264 531177
0 705 11565 0 1777797264 536160
2 646 9532 0 1777797264 536190
5 661 9528 0 1777797264 536194
6 706 5672 0 1777797264 536851
1 639 10413 0 1777797264 537044
3 709 6796 0 1777797264 537572
6 707 4123 0 1777797264 540979
0 706 7466 0 1777797264 543632
5 662 7442 0 1777797264 543643
3 710 6976 0 1777797264 544553
2 647 8395 0 1777797264 544590
6 708 3621 0 1777797264 544603
1 640 7594 0 1777797264 544641
4 660 20467 0 1777797264 547156
5 663 9820 0 1777797264 553473
0 707 9875 0 1777797264 553519
1 641 8888 0 1777797264 553530
3 711 8978 0 1777797264 553537
6 709 8922 0 1777797264 553546
2 648 9580 0 1777797264 554184
4 661 10523 0 1777797264 557681
5 664 4255 0 1777797264 557737
0 708 10792 0 1777797264 564339
6 710 10790 0 1777797264 564373
1 642 11583 0 1777797264 565139
5 665 8126 0 1777797264 565864
2 649 11939 0 1777797264 566125
4 662 8487 0 1777797264 566169
3 712 12654 0 1777797264 566226
6 711 6042 0 1777797264 570445
0 709 7372 0 1777797264 571746
2 650 5648 0 1777797264 571775
5 666 5999 0 1777797264 571865
1 643 6990 0 1777797264 572133
4 663 6045 0 1777797264 572215
3 713 6654 0 1777797264 572926
2 651 2642 0 1777797264 574419
0 710 6952 0 1777797264 578700
4 664 6867 0 1777797264 579083
1 644 7381 0 1777797264 579516
5 667 7655 0 1777797264 579522
6 712 9130 0 1777797264 579578
3 714 7094 0 1777797264 580021
2 652 6883 0 1777797264 581304
5 668 7525 0 1777797264 587064
3 715 7184 0 1777797264 587206
2 653 6759 0 1777797264 588067
1 645 8573 0 1777797264 588096
4 665 9847 0 1777797264 588931
6 713 12031 0 1777797264 591611
0 711 12925 0 1777797264 591633
5 669 4584 0 1777797264 591650
5 670 3730 0 1777797264 595381
1 646 7434 0 1777797264 595531
2 654 7552 0 1777797264 595624
0 712 4921 0 1777797264 596555
4 666 8384 0 1777797264 597319
3 716 10977 0 1777797264 598185
2 655 2763 0 1777797264 598389
4 667 1104 0 1777797264 598426
3 717 3952 0 1777797264 602139
1 647 6721 0 1777797264 602253
2 656 4903 0 1777797264 603293
0 713 6753 0 1777797264 603312
5 671 7935 0 1777797264 603324
3 718 2533 0 1777797264 604675
4 668 6294 0 1777797264 604721
1 648 4552 0 1777797264 606808
6 714 17942 0 1777797264 609555
0 714 6573 0 1777797264 609885
1 649 3148 0 1777797264 609958
4 669 5397 0 1777797264 610119
5 672 7368 0 1777797264 610694
2 657 9220 0 1777797264 612516
1 650 2635 0 1777797264 612594
0 715 2865 0 1777797264 612751
3 719 11121 0 1777797264 615798
5 673 5639 0 1777797264 616335
4 670 6242 0 1777797264 616362
6 715 6806 0 1777797264 616370
0 716 5371 0 1777797264 618125
2 658 10413 0 1777797264 622932
6 716 6996 0 1777797264 623376
3 720 8446 0 1777797264 624250
4 671 7885 0 1777797264 624256
5 674 10165 0 1777797264 626501
1 651 14416 0 1777797264 627012
2 659 4120 0 1777797264 627061
3 721 4755 0 1777797264 629012
6 717 5707 0 1777797264 629085
4 672 5580 0 1777797264 629846
5 675 24136 0 1777797264 650641
1 652 23685 0 1777797264 650698
6 718 21616 0 1777797264 650703
3 722 22234 0 1777797264 651249
0 717 34073 0 1777797264 652201
3 723 2310 0 1777797264 653560
2 660 27692 0 1777797264 654755
5 676 6018 0 1777797264 656661
0 718 9439 0 1777797264 661642
5 677 4998 0 1777797264 661661
4 673 34008 0 1777797264 663856
4 674 1059 0 1777797264 664917
4 675 3363 0 1777797264 668282
2 661 15465 0 1777797264 670223
6 719 19566 0 1777797264 670278
3 724 17573 0 1777797264 671135
5 678 11687 0 1777797264 673349
0 719 13182 0 1777797264 674826
4 676 6880 0 1777797264 675164
2 662 6869 0 1777797264 677095
1 653 27587 0 1777797264 678292
3 725 12400 0 1777797264 683537
4 677 8729 0 1777797264 683895
2 663 6889 0 1777797264 683991
1 654 9866 0 1777797264 688164
0 720 13484 0 1777797264 688311
2 664 6164 0 1777797264 690157
4 678 6480 0 1777797264 690377
5 679 20297 0 1777797264 693647
4 679 4008 0 1777797264 694388
2 665 7372 0 1777797264 697535
4 680 3150 0 1777797264 697544
0 721 9308 0 1777797264 697621
3 726 14088 0 1777797264 697627
5 680 4250 0 1777797264 697899
1 655 13551 0 1777797264 701717
5 681 3952 0 1777797264 701852
2 666 5287 0 1777797264 702832
4 681 5710 0 1777797264 703273
5 682 2840 0 1777797264 704694
4 682 3694 0 1777797264 706972
2 667 4334 0 1777797264 707168
5 683 5887 0 1777797264 710583
0 722 13153 0 1777797264 710781
2 668 4796 0 1777797264 711965
4 683 5096 0 1777797264 712070
5 684 5144 0 1777797264 715732
2 669 4542 0 1777797264 716510
4 684 4717 0 1777797264 716788
4 685 2416 0 1777797264 719205
6 720 49213 0 1777797264 719492
1 656 20164 0 1777797264 721883
3 727 24330 0 1777797264 721967
0 723 12382 0 1777797264 723165
4 686 4020 0 1777797264 723233
5 685 7610 0 1777797264 723343
2 670 7978 0 1777797264 724490
4 687 3106 0 1777797264 726340
5 686 4648 0 1777797264 727992
6 721 8509 0 1777797264 728003
4 688 1763 0 1777797264 728105
3 728 6153 0 1777797264 728122
2 671 3665 0 1777797264 728157
0 724 8652 0 1777797264 731823
2 672 4549 0 1777797264 732708
4 689 4612 0 1777797264 732718
6 722 5407 0 1777797264 733420
5 687 7491 0 1777797264 735495
2 673 6194 0 1777797264 738913
4 690 6734 0 1777797264 739463
6 723 6820 0 1777797264 740241
6 724 2303 0 1777797264 742550
1 657 23300 0 1777797264 745190
6 725 2645 0 1777797264 745213
4 691 6406 0 1777797264 745871
2 674 7013 0 1777797264 745985
4 692 4307 0 1777797264 750180
6 726 4958 0 1777797264 750187
0 725 19838 0 1777797264 751665
6 727 3879 0 1777797264 754088
0 726 5191 0 1777797264 756863
3 729 29175 0 1777797264 757298
5 688 24352 0 1777797264 759848
1 658 14803 0 1777797264 760017
6 728 5931 0 1777797264 760027
4 693 12151 0 1777797264 762339
5 689 3748 0 1777797264 763599
6 729 4298 0 1777797264 764336
4 694 3664 0 1777797264 766005
5 690 3522 0 1777797264 767123
4 695 4121 0 1777797264 770128
5 691 3008 0 1777797264 770136
1 659 10728 0 1777797264 770756
0 727 13910 0 1777797264 770774
2 675 25198 0 1777797264 771186
3 730 15154 0 1777797264 772453
5 692 4235 0 1777797264 774383
2 676 6760 0 1777797264 777951
5 693 5137 0 1777797264 779522
6 730 15227 0 1777797264 779564
1 660 8823 0 1777797264 779581
4 696 9467 0 1777797264 779604
5 694 2955 0 1777797264 782479
5 695 3728 0 1777797264 786209
4 697 7439 0 1777797264 787044
2 677 10656 0 1777797264 788612
4 698 3982 0 1777797264 791031
3 731 18612 0 1777797264 791067
6 731 13067 0 1777797264 792632
2 678 4492 0 1777797264 793106
4 699 4428 0 1777797264 795462
1 661 19525 0 1777797264 799107
6 732 6480 0 1777797264 799117
4 700 4026 0 1777797264 799490
0 728 28732 0 1777797264 799508
5 696 14100 0 1777797264 800311
2 679 9228 0 1777797264 802336
3 732 12174 0 1777797264 803242
1 662 5728 0 1777797264 804846
2 680 3708 0 1777797264 806048
3 733 2853 0 1777797264 806098
0 729 6767 0 1777797264 806276
6 733 8776 0 1777797264 807902
3 734 2001 0 1777797264 808100
3 735 4000 0 1777797264 812101
1 663 7276 0 1777797264 812124
5 697 12547 0 1777797264 812860
4 701 13404 0 1777797264 812896
0 730 6888 0 1777797264 813165
0 731 7329 0 1777797264 820496
4 702 7630 0 1777797264 820527
1 664 8760 0 1777797264 820885
6 734 12988 0 1777797264 820892
2 681 14900 0 1777797264 820951
3 736 8852 0 1777797264 820956
3 737 2016 0 1777797264 822979
5 698 10684 0 1777797264 823547
0 732 5351 0 1777797264 825880
1 665 7112 0 1777797264 828005
4 703 7474 0 1777797264 828014
2 682 7089 0 1777797264 828046
3 738 5073 0 1777797264 828054
6 735 7163 0 1777797264 828063
0 733 6592 0 1777797264 832474
4 704 4455 0 1777797264 832480
3 739 4738 0 1777797264 832813
5 699 9298 0 1777797264 832846
2 683 6163 0 1777797264 834228
4 705 2008 0 1777797264 834497
0 734 3062 0 1777797264 835543
0 735 19721 0 1777797264 855266
4 706 20777 0 1777797264 855275
1 666 27285 0 1777797264 855300
2 684 21076 0 1777797264 855306
3 740 22497 0 1777797264 855312
6 736 27644 0 1777797264 855728
5 700 23519 0 1777797264 856366
3 741 2757 0 1777797264 858084
1 667 3306 0 1777797264 858619
6 737 4416 0 1777797264 860148
3 742 2580 0 1777797264 860666
0 736 5492 0 1777797264 860767
2 685 6522 0 1777797264 861843
5 701 5485 0 1777797264 861853
1 668 5875 0 1777797264 864498
4 707 9549 0 1777797264 864834
6 738 4691 0 1777797264 864842
3 743 4211 0 1777797264 864879
0 737 5114 0 1777797264 865883
5 702 9241 0 1777797264 871114
2 686 9309 0 1777797264 871163
3 744 6331 0 1777797264 871211
1 669 8721 0 1777797264 873221
4 708 8695 0 1777797264 873538
2 687 4953 0 1777797264 876117
6 739 11361 0 1777797264 876214
0 738 10475 0 1777797264 876360
3 745 6632 0 1777797264 877844
4 709 4704 0 1777797264 878244
2 688 2552 0 1777797264 878671
1 670 6124 0 1777797264 879347
2 689 1115 0 1777797264 879791
2 690 3104 0 1777797264 882899
3 746 5067 0 1777797264 882916
0 739 7515 0 1777797264 883876
4 710 6687 0 1777797264 884933
1 671 5739 0 1777797264 885091
5 703 14280 0 1777797264 885395
6 740 11666 0 1777797264 887882
3 747 6045 0 1777797264 888962
0 740 5241 0 1777797264 889119
5 704 4251 0 1777797264 889649
4 711 5453 0 1777797264 890388
2 691 8093 0 1777797264 890994
1 672 9835 0 1777797264 894927
6 741 7045 0 1777797264 894935
5 705 5398 0 1777797264 895051
3 748 6138 0 1777797264 895102
4 712 4717 0 1777797264 895108
2 692 4331 0 1777797264 895329
0 741 6485 0 1777797264 895605
2 693 1545 0 1777797264 896908
1 673 2007 0 1777797264 896943
5 706 4034 0 1777797264 899086
3 749 4335 0 1777797264 899444
0 742 4405 0 1777797264 900013
4 713 5451 0 1777797264 900568
5 707 1758 0 1777797264 900852
3 750 1437 0 1777797264 900883
0 743 1830 0 1777797264 901845
2 694 5127 0 1777797264 902037
5 708 1427 0 1777797264 902281
0 744 1753 0 1777797264 903600
5 709 1615 0 1777797264 903899
4 714 3601 0 1777797264 904171
2 695 2630 0 1777797264 904669
1 674 7743 0 1777797264 904687
3 751 4455 0 1777797264 905340
1 675 1598 0 1777797264 906286
0 745 2814 0 1777797264 906417
3 752 1775 0 1777797264 907117
2 696 3362 0 1777797264 908034
0 746 3022 0 1777797264 909442
5 710 6347 0 1777797264 910247
6 742 17516 0 1777797264 912467
0 747 3172 0 1777797264 912617
1 676 6335 0 1777797264 912623
4 715 8884 0 1777797264 913058
3 753 6314 0 1777797264 913433
2 697 5680 0 1777797264 913721
4 716 2198 0 1777797264 915259
3 754 2434 0 1777797264 915871
1 677 4490 0 1777797264 917121
6 743 4828 0 1777797264 917300
0 748 6194 0 1777797264 918818
5 711 8756 0 1777797264 919008
4 717 6493 0 1777797264 921754
0 749 3158 0 1777797264 921979
3 755 6617 0 1777797264 922491
6 744 6994 0 1777797264 924296
3 756 3597 0 1777797264 926092
0 750 4918 0 1777797264 926898
6 745 3453 0 1777797264 927753
1 678 13368 0 1777797264 930495
0 751 4066 0 1777797264 930967
3 757 5881 0 1777797264 931976
6 746 5868 0 1777797264 933623
6 747 2700 0 1777797264 936327
0 752 5515 0 1777797264 936484
2 698 23637 0 1777797264 937361
4 718 15928 0 1777797264 937685
1 679 7274 0 1777797264 937771
3 758 6144 0 1777797264 938122
5 712 19193 0 1777797264 938204
0 753 3944 0 1777797264 940430
6 748 4419 0 1777797264 940752
3 759 2938 0 1777797264 941063
0 754 1223 0 1777797264 941655
2 699 5333 0 1777797264 942698
3 760 1656 0 1777797264 942720
4 719 6173 0 1777797264 943860
0 755 2232 0 1777797264 943890
6 749 4745 0 1777797264 945501
1 680 8064 0 1777797264 945837
5 713 7636 0 1777797264 945843
2 700 5419 0 1777797264 948121
6 750 2641 0 1777797264 948145
3 761 5522 0 1777797264 948243
0 756 4393 0 1777797264 948284
4 720 4878 0 1777797264 948746
0 757 1610 0 1777797264 949895
0 758 2124 0 1777797264 952023
6 751 4662 0 1777797264 952807
6 752 2181 0 1777797264 954990
0 759 3587 0 1777797264 955615
1 681 10753 0 1777797264 956597
0 760 1638 0 1777797264 957256
6 753 3896 0 1777797264 958888
1 682 2681 0 1777797264 959280
2 701 17109 0 1777797264 965233
1 683 5966 0 1777797264 965250
0 761 8007 0 1777797264 965268
5 714 19420 0 1777797264 965275
3 762 17609 0 1777797264 965853
6 754 7630 0 1777797264 966520
3 763 3099 0 1777797264 968954
6 755 3171 0 1777797264 969693
3 764 1399 0 1777797264 970355
6 756 1309 0 1777797264 971005
0 762 5761 0 1777797264 971037
5 715 6786 0 1777797264 972071
3 765 2651 0 1777797264 973008
1 684 9106 0 1777797264 974357
2 702 9576 0 1777797264 974811
5 716 6601 0 1777797264 978674
3 766 5738 0 1777797264 978747
6 757 7837 0 1777797264 978846
1 685 4938 0 1777797264 979298
2 703 4500 0 1777797264 979313
0 763 8300 0 1777797264 979338
2 704 2708 0 1777797264 982032
3 767 3764 0 1777797264 982512
5 717 4358 0 1777797264 983033
1 686 5540 0 1777797264 984854
2 705 2828 0 1777797264 984868
5 718 4742 0 1777797264 987777
3 768 6477 0 1777797264 988991
1 687 4731 0 1777797264 989601
5 719 3668 0 1777797264 991446
2 706 8337 0 1777797264 993222
6 758 14381 0 1777797264 993230
4 721 44982 0 1777797264 993733
0 764 15396 0 1777797264 994734
2 707 3247 0 1777797264 996479
1 688 7274 0 1777797264 996877
6 759 3791 0 1777797264 997032
3 769 8473 0 1777797264 997466
5 720 7847 0 1777797264 999297
2 708 3102 0 1777797264 999583
6 760 3101 0 1777797265 134
2 709 3013 0 1777797265 2598
6 761 2722 0 1777797265 2858
6 762 1987 0 1777797265 4851
2 710 2945 0 1777797265 5547
6 763 1565 0 1777797265 6421
2 711 2921 0 1777797265 8471
6 764 2565 0 1777797265 8988
4 722 17540 0 1777797265 11274
1 689 14876 0 1777797265 11754
2 712 3720 0 1777797265 12194
6 765 3382 0 1777797265 12374
3 770 17115 0 1777797265 14584
2 713 2523 0 1777797265 14720
4 723 4950 0 1777797265 16226
1 690 4694 0 1777797265 16450
3 771 3421 0 1777797265 18063
2 714 3674 0 1777797265 18395
6 766 6283 0 1777797265 18659
2 715 652 0 1777797265 19050
6 767 941 0 1777797265 19604
2 716 844 0 1777797265 19898
3 772 6165 0 1777797265 24230
6 768 4826 0 1777797265 24437
1 691 8825 0 1777797265 25278
2 717 5470 0 1777797265 25371
4 724 9176 0 1777797265 25404
5 721 27018 0 1777797265 26317
6 769 2247 0 1777797265 26686
1 692 2318 0 1777797265 27602
5 722 1501 0 1777797265 27819
3 773 3653 0 1777797265 27885
4 725 3709 0 1777797265 29115
6 770 4601 0 1777797265 31289
2 718 6385 0 1777797265 31757
4 726 2711 0 1777797265 31829
3 774 5072 0 1777797265 32959
5 723 8804 0 1777797265 36625
6 771 5390 0 1777797265 36681
1 693 9363 0 1777797265 36980
2 719 5283 0 1777797265 37042
4 727 5944 0 1777797265 37775
3 775 5952 0 1777797265 38913
6 772 3761 0 1777797265 40443
3 776 1774 0 1777797265 40689
2 720 4532 0 1777797265 41575
5 724 6428 0 1777797265 43055
3 777 3105 0 1777797265 43796
1 694 6902 0 1777797265 43885
2 721 2348 0 1777797265 43925
6 773 5103 0 1777797265 45548
3 778 2886 0 1777797265 46684
2 722 4006 0 1777797265 47935
6 774 2592 0 1777797265 48142
6 775 1942 0 1777797265 50085
2 723 2613 0 1777797265 50549
3 779 3944 0 1777797265 50633
2 724 1616 0 1777797265 52167
5 725 11588 0 1777797265 54646
1 695 11509 0 1777797265 55396
5 726 1548 0 1777797265 56197
1 696 1015 0 1777797265 56413
5 727 1181 0 1777797265 57381
1 697 1197 0 1777797265 57612
4 728 20733 0 1777797265 58513
5 728 3505 0 1777797265 60888
1 698 3303 0 1777797265 60917
4 729 2420 0 1777797265 60936
0 765 67836 0 1777797265 62574
6 776 14202 0 1777797265 64290
0 766 1984 0 1777797265 64560
4 730 4988 0 1777797265 65938
5 729 5082 0 1777797265 65972
6 777 1923 0 1777797265 66214
0 767 1681 0 1777797265 66243
1 699 5314 0 1777797265 66252
3 780 16533 0 1777797265 67167
6 778 1738 0 1777797265 67954
0 768 3373 0 1777797265 69626
6 779 3968 0 1777797265 71924
5 730 6087 0 1777797265 72061
4 731 6804 0 1777797265 72744
1 700 7563 0 1777797265 73828
4 732 2294 0 1777797265 75041
4 733 1140 0 1777797265 76183
6 780 4867 0 1777797265 76792
5 731 4767 0 1777797265 76829
1 701 4787 0 1777797265 78616
4 734 2486 0 1777797265 78671
5 732 4536 0 1777797265 81367
3 781 14579 0 1777797265 81750
0 769 13255 0 1777797265 82888
2 725 34270 0 1777797265 86440
5 733 5076 0 1777797265 86445
3 782 5123 0 1777797265 86874
1 702 9393 0 1777797265 88016
4 735 9373 0 1777797265 88054
3 783 3923 0 1777797265 90799
4 736 3040 0 1777797265 91096
6 781 17835 0 1777797265 94629
5 734 8564 0 1777797265 95017
1 703 8012 0 1777797265 96031
3 784 5955 0 1777797265 96756
4 737 6207 0 1777797265 97305
0 770 15719 0 1777797265 98609
3 785 3279 0 1777797265 100037
1 704 5084 0 1777797265 101117
6 782 6631 0 1777797265 101262
6 783 882 0 1777797265 102146
6 784 1689 0 1777797265 103836
6 785 1347 0 1777797265 105186
6 786 1391 0 1777797265 106580
0 771 9239 0 1777797265 107854
0 772 1973 0 1777797265 109830
6 787 4523 0 1777797265 111122
0 773 2177 0 1777797265 112013
6 788 2604 0 1777797265 113728
2 726 29097 0 1777797265 115542
3 786 15511 0 1777797265 115554
6 789 2499 0 1777797265 116228
0 774 8543 0 1777797265 120559
4 738 25351 0 1777797265 122662
3 787 7557 0 1777797265 123144
2 727 8165 0 1777797265 123721
6 790 7844 0 1777797265 124072
6 791 1235 0 1777797265 125309
3 788 4151 0 1777797265 127301
0 775 6903 0 1777797265 127465
0 776 2530 0 1777797265 129998
5 735 34992 0 1777797265 130010
4 739 7375 0 1777797265 130042
2 728 7326 0 1777797265 131059
6 792 9664 0 1777797265 134974
2 729 8112 0 1777797265 139173
3 789 11884 0 1777797265 139187
6 793 4479 0 1777797265 139455
0 777 10105 0 1777797265 140117
0 778 5224 0 1777797265 145343
2 730 6287 0 1777797265 145475
6 794 6377 0 1777797265 145835
5 736 16250 0 1777797265 146273
3 790 8147 0 1777797265 147351
6 795 2122 0 1777797265 147958
1 705 48239 0 1777797265 149361
0 779 4067 0 1777797265 149415
6 796 2551 0 1777797265 150511
3 791 4741 0 1777797265 152094
5 737 5841 0 1777797265 152117
2 731 8206 0 1777797265 153683
1 706 4423 0 1777797265 153787
4 740 26103 0 1777797265 156146
3 792 5301 0 1777797265 157465
2 732 3853 0 1777797265 157545
0 780 8173 0 1777797265 157589
5 738 5604 0 1777797265 157778
6 797 8247 0 1777797265 158764
5 739 6465 0 1777797265 164245
2 733 8755 0 1777797265 166301
4 741 10158 0 1777797265 166312
1 707 16229 0 1777797265 170017
0 781 12456 0 1777797265 170047
3 793 12762 0 1777797265 170229
6 798 11579 0 1777797265 170350
0 782 6316 0 1777797265 176364
5 740 15630 0 1777797265 179877
6 799 9633 0 1777797265 179984
4 742 13724 0 1777797265 180048
3 794 10492 0 1777797265 180722
2 734 14436 0 1777797265 180749
0 783 5360 0 1777797265 181728
1 708 16395 0 1777797265 186419
4 743 6756 0 1777797265 186805
3 795 6168 0 1777797265 186892
6 800 6925 0 1777797265 186910
5 741 7067 0 1777797265 186947
0 784 8199 0 1777797265 189933
2 735 9565 0 1777797265 190315
3 796 5177 0 1777797265 192070
4 744 5328 0 1777797265 192135
6 801 7761 0 1777797265 194672
5 742 7910 0 1777797265 194859
4 745 3167 0 1777797265 195303
1 709 9434 0 1777797265 195855
3 797 5409 0 1777797265 197485
6 802 2837 0 1777797265 197517
5 743 4157 0 1777797265 199019
4 746 7898 0 1777797265 203203
5 744 4213 0 1777797265 203234
6 803 5903 0 1777797265 203422
3 798 6341 0 1777797265 203832
0 785 13929 0 1777797265 203864
1 710 9367 0 1777797265 205226
0 786 2802 0 1777797265 206668
6 804 3390 0 1777797265 206812
3 799 4899 0 1777797265 208737
4 747 7112 0 1777797265 210317
5 745 8018 0 1777797265 211252
1 711 7266 0 1777797265 212497
3 800 5061 0 1777797265 213801
0 787 7198 0 1777797265 213868
4 748 3967 0 1777797265 214294
2 736 24650 0 1777797265 214967
2 737 4535 0 1777797265 219504
5 746 9001 0 1777797265 220255
6 805 13586 0 1777797265 220400
0 788 6556 0 1777797265 220425
3 801 7982 0 1777797265 221785
4 749 7524 0 1777797265 221819
2 738 3152 0 1777797265 222658
6 806 2264 0 1777797265 222665
1 712 10186 0 1777797265 222690
0 789 2732 0 1777797265 223158
6 807 2240 0 1777797265 224915
1 713 6256 0 1777797265 228948
3 802 7248 0 1777797265 229035
5 747 8821 0 1777797265 229077
4 750 7384 0 1777797265 229204
2 739 6843 0 1777797265 229509
0 790 6366 0 1777797265 229526
4 751 2936 0 1777797265 232142
1 714 3662 0 1777797265 232612
3 803 4462 0 1777797265 233499
0 791 4673 0 1777797265 234200
2 740 4699 0 1777797265 234209
5 748 6513 0 1777797265 235592
6 808 13575 0 1777797265 238492
5 749 3633 0 1777797265 239227
1 715 7024 0 1777797265 239638
4 752 8820 0 1777797265 240964
0 792 7264 0 1777797265 241474
3 804 8501 0 1777797265 242004
1 716 6079 0 1777797265 245719
4 753 4931 0 1777797265 245896
0 793 4676 0 1777797265 246153
2 741 11938 0 1777797265 246159
3 805 4409 0 1777797265 246415
5 750 7861 0 1777797265 247093
6 809 9683 0 1777797265 248178
1 717 2740 0 1777797265 248467
0 794 3344 0 1777797265 249505
2 742 4465 0 1777797265 250633
3 806 4223 0 1777797265 250640
2 743 3046 0 1777797265 253687
1 718 5483 0 1777797265 253953
4 754 9621 0 1777797265 255518
1 719 4006 0 1777797265 257974
4 755 2855 0 1777797265 258375
6 810 10332 0 1777797265 258512
3 807 11255 0 1777797265 261902
5 751 14818 0 1777797265 261912
4 756 4093 0 1777797265 262473
6 811 4604 0 1777797265 263117
1 720 6257 0 1777797265 264235
5 752 3360 0 1777797265 265285
2 744 15171 0 1777797265 268859
4 757 7372 0 1777797265 269848
5 753 4571 0 1777797265 269858
1 721 6926 0 1777797265 271169
6 812 8442 0 1777797265 271561
5 754 4015 0 1777797265 273898
0 795 24647 0 1777797265 274154
2 745 5299 0 1777797265 274160
5 755 1294 0 1777797265 275194
0 796 1089 0 1777797265 275250
2 746 1189 0 1777797265 275361
4 758 5509 0 1777797265 275368
3 808 15645 0 1777797265 277558
4 759 3229 0 1777797265 278608
2 747 10262 0 1777797265 285631
0 797 10593 0 1777797265 285844
5 756 10655 0 1777797265 285851
1 722 14724 0 1777797265 285901
3 809 9728 0 1777797265 287293
4 760 8846 0 1777797265 287456
6 813 16914 0 1777797265 288476
4 761 3821 0 1777797265 291278
3 810 10241 0 1777797265 297537
0 798 11876 0 1777797265 297728
4 762 6479 0 1777797265 297759
5 757 12488 0 1777797265 298349
6 814 9873 0 1777797265 298355
5 758 3472 0 1777797265 301828
2 748 17148 0 1777797265 302781
0 799 8801 0 1777797265 306531
0 800 1641 0 1777797265 308174
5 759 6444 0 1777797265 308275
2 749 6815 0 1777797265 309598
3 811 12314 0 1777797265 309853
5 760 3117 0 1777797265 311393
0 801 3300 0 1777797265 311477
6 815 15744 0 1777797265 314109
3 812 5872 0 1777797265 315726
5 761 4849 0 1777797265 316244
0 802 4941 0 1777797265 316419
5 762 2705 0 1777797265 318950
3 813 5955 0 1777797265 321682
5 763 2911 0 1777797265 321863
5 764 808 0 1777797265 322672
0 803 6375 0 1777797265 322796
4 763 26121 0 1777797265 323936
2 750 15418 0 1777797265 325018
5 765 2876 0 1777797265 325550
2 751 4052 0 1777797265 329073
5 766 4615 0 1777797265 330168
3 814 8574 0 1777797265 330258
0 804 9126 0 1777797265 331923
1 723 46724 0 1777797265 332626
3 815 2872 0 1777797265 333130
2 752 9557 0 1777797265 338631
6 816 25131 0 1777797265 339242
5 767 10054 0 1777797265 340227
3 816 9741 0 1777797265 342874
5 768 8070 0 1777797265 348303
4 764 24780 0 1777797265 348718
3 817 5874 0 1777797265 348749
5 769 6278 0 1777797265 354583
4 765 5876 0 1777797265 354596
1 724 23118 0 1777797265 355745
3 818 7022 0 1777797265 355772
5 770 1399 0 1777797265 355983
5 771 8369 0 1777797265 364354
6 817 26344 0 1777797265 365588
5 772 4207 0 1777797265 368564
0 805 37877 0 1777797265 369803
3 819 14217 0 1777797265 370164
3 820 891 0 1777797265 371058
4 766 16880 0 1777797265 371477
3 821 2249 0 1777797265 373315
4 767 2062 0 1777797265 373551
2 753 35045 0 1777797265 373678
0 806 4553 0 1777797265 374359
3 822 2614 0 1777797265 375931
6 818 10608 0 1777797265 376199
4 768 6053 0 1777797265 379606
5 773 11051 0 1777797265 379617
5 774 1103 0 1777797265 380731
0 807 6499 0 1777797265 380860
3 823 5002 0 1777797265 380940
5 775 1571 0 1777797265 382303
4 769 3080 0 1777797265 382699
0 808 7014 0 1777797265 387876
6 819 11713 0 1777797265 387918
4 770 5404 0 1777797265 388106
5 776 8861 0 1777797265 391169
2 754 17635 0 1777797265 391315
3 824 10437 0 1777797265 391378
4 771 3774 0 1777797265 391881
4 772 5994 0 1777797265 397877
3 825 7531 0 1777797265 398910
4 773 1123 0 1777797265 399003
2 755 8793 0 1777797265 400109
1 725 46740 0 1777797265 402513
0 809 14657 0 1777797265 402535
4 774 3568 0 1777797265 402575
5 777 11705 0 1777797265 402887
6 820 16223 0 1777797265 404143
3 826 5251 0 1777797265 404163
5 778 3986 0 1777797265 406875
4 775 5273 0 1777797265 407849
5 779 1607 0 1777797265 408485
4 776 1598 0 1777797265 409449
5 780 2090 0 1777797265 410577
0 810 8092 0 1777797265 410627
3 827 7821 0 1777797265 411987
2 756 12263 0 1777797265 412375
1 726 10340 0 1777797265 412858
6 821 8721 0 1777797265 412866
4 777 3705 0 1777797265 413160
4 778 2431 0 1777797265 415593
5 781 5017 0 1777797265 415599
0 811 5041 0 1777797265 415671
1 727 2871 0 1777797265 415739
2 757 4459 0 1777797265 416837
3 828 6385 0 1777797265 418373
5 782 2769 0 1777797265 418378
0 812 2750 0 1777797265 418423
6 822 8916 0 1777797265 421793
4 779 7453 0 1777797265 423053
6 823 5650 0 1777797265 427447
1 728 15556 0 1777797265 431296
0 813 13633 0 1777797265 432056
5 783 13725 0 1777797265 432111
6 824 4812 0 1777797265 432261
4 780 9876 0 1777797265 432932
2 758 17787 0 1777797265 434626
3 829 17298 0 1777797265 435676
5 784 4509 0 1777797265 436622
1 729 9179 0 1777797265 440483
5 785 3883 0 1777797265 440506
3 830 4854 0 1777797265 440535
2 759 6751 0 1777797265 441379
1 730 3224 0 1777797265 443731
0 814 11729 0 1777797265 443786
5 786 4742 0 1777797265 445259
6 825 16281 0 1777797265 448543
4 781 16107 0 1777797265 449044
0 815 5894 0 1777797265 449682
6 826 2096 0 1777797265 450641
1 731 9146 0 1777797265 452886
0 816 4816 0 1777797265 454504
1 732 1988 0 1777797265 454877
2 760 13511 0 1777797265 454893
3 831 14574 0 1777797265 455110
4 782 7270 0 1777797265 456318
1 733 2675 0 1777797265 457554
6 827 8869 0 1777797265 459511
2 761 6705 0 1777797265 461599
0 817 7350 0 1777797265 461856
2 762 1838 0 1777797265 463439
0 818 1976 0 1777797265 463835
2 763 609 0 1777797265 464050
2 764 994 0 1777797265 465045
3 832 10995 0 1777797265 466107
2 765 1202 0 1777797265 466250
1 734 8709 0 1777797265 466266
5 787 21260 0 1777797265 466521
6 828 8835 0 1777797265 468353
5 788 3197 0 1777797265 469722
2 766 3793 0 1777797265 470044
1 735 5430 0 1777797265 471697
2 767 3623 0 1777797265 473671
2 768 1911 0 1777797265 475584
1 736 4353 0 1777797265 476052
6 829 7960 0 1777797265 476316
5 789 7643 0 1777797265 477367
6 830 2094 0 1777797265 478411
2 769 9416 0 1777797265 485003
5 790 7655 0 1777797265 485024
3 833 19498 0 1777797265 485607
0 819 21790 0 1777797265 485675
1 737 9692 0 1777797265 485746
6 831 7604 0 1777797265 486017
2 770 1941 0 1777797265 486967
4 783 31331 0 1777797265 487650
3 834 2173 0 1777797265 487782
1 738 2066 0 1777797265 487813
0 820 6086 0 1777797265 491763
5 791 6956 0 1777797265 492003
6 832 7909 0 1777797265 493927
6 833 2765 0 1777797265 496693
5 792 4867 0 1777797265 496871
2 771 10558 0 1777797265 497527
1 739 9750 0 1777797265 497565
2 772 1171 0 1777797265 498700
0 821 7777 0 1777797265 499542
1 740 3060 0 1777797265 500627
5 793 4419 0 1777797265 501291
6 834 6046 0 1777797265 502746
2 773 6243 0 1777797265 504946
6 835 2353 0 1777797265 505101
1 741 5292 0 1777797265 505921
6 836 907 0 1777797265 506010
5 794 7086 0 1777797265 508379
2 774 5335 0 1777797265 510286
6 837 4882 0 1777797265 510893
1 742 5284 0 1777797265 511209
2 775 3300 0 1777797265 513587
3 835 29445 0 1777797265 517229
0 822 19845 0 1777797265 519390
1 743 8825 0 1777797265 520035
2 776 8170 0 1777797265 521761
3 836 4546 0 1777797265 521777
0 823 2738 0 1777797265 522130
6 838 11488 0 1777797265 522385
6 839 1621 0 1777797265 524008
2 777 2556 0 1777797265 524334
3 837 2794 0 1777797265 524582
1 744 4815 0 1777797265 524854
0 824 2870 0 1777797265 525001
1 745 5239 0 1777797265 530095
4 784 43058 0 1777797265 530714
2 778 7689 0 1777797265 532024
3 838 8138 0 1777797265 532724
2 779 1232 0 1777797265 533258
0 825 8553 0 1777797265 533564
3 839 3069 0 1777797265 535795
1 746 6550 0 1777797265 536646
5 795 28324 0 1777797265 536705
2 780 6087 0 1777797265 539362
5 796 2893 0 1777797265 539602
6 840 16505 0 1777797265 540514
4 785 9950 0 1777797265 540666
1 747 4117 0 1777797265 540765
0 826 7816 0 1777797265 541382
5 797 1925 0 1777797265 541529
2 781 2935 0 1777797265 542299
3 840 6877 0 1777797265 542674
6 841 2744 0 1777797265 543260
5 798 2085 0 1777797265 543615
4 786 4301 0 1777797265 544969
0 827 4481 0 1777797265 545867
1 748 6897 0 1777797265 547664
2 782 6477 0 1777797265 548788
3 841 6906 0 1777797265 549581
1 749 2344 0 1777797265 550016
4 787 5789 0 1777797265 550760
2 783 2195 0 1777797265 550985
0 828 6088 0 1777797265 551957
1 750 3201 0 1777797265 553219
2 784 2767 0 1777797265 553754
3 842 5681 0 1777797265 555268
4 788 4980 0 1777797265 555744
1 751 4466 0 1777797265 557687
0 829 6023 0 1777797265 557983
2 785 4750 0 1777797265 558507
6 842 16953 0 1777797265 560215
6 843 1581 0 1777797265 561798
5 799 20001 0 1777797265 563617
6 844 1925 0 1777797265 563725
0 830 7111 0 1777797265 565097
4 789 14745 0 1777797265 570493
6 845 6772 0 1777797265 570498
5 800 8304 0 1777797265 571923
0 831 7350 0 1777797265 572454
6 846 1960 0 1777797265 572465
3 843 18804 0 1777797265 574073
6 847 4578 0 1777797265 577064
1 752 20520 0 1777797265 578209
5 801 7009 0 1777797265 578944
2 786 20715 0 1777797265 579226
1 753 1727 0 1777797265 579939
6 848 3047 0 1777797265 580113
2 787 1035 0 1777797265 580264
4 790 10941 0 1777797265 581440
5 802 2500 0 1777797265 581446
2 788 2565 0 1777797265 582830
0 832 10439 0 1777797265 582906
6 849 3163 0 1777797265 583277
1 754 3597 0 1777797265 583538
4 791 5233 0 1777797265 586680
0 833 4808 0 1777797265 587715
3 844 15717 0 1777797265 589793
5 803 9913 0 1777797265 591369
1 755 8076 0 1777797265 591617
2 789 9307 0 1777797265 592144
3 845 2356 0 1777797265 592151
0 834 6842 0 1777797265 594563
5 804 3203 0 1777797265 594574
4 792 9028 0 1777797265 595711
3 846 3630 0 1777797265 595792
1 756 6217 0 1777797265 597837
2 790 5694 0 1777797265 597846
0 835 3371 0 1777797265 597946
4 793 2299 0 1777797265 598012
2 791 2109 0 1777797265 600023
0 836 2745 0 1777797265 600692
4 794 3541 0 1777797265 601556
1 757 3703 0 1777797265 601601
1 758 2927 0 1777797265 604531
0 837 3870 0 1777797265 604565
4 795 3307 0 1777797265 604868
4 796 2978 0 1777797265 607848
4 797 1470 0 1777797265 609324
5 805 15808 0 1777797265 610407
0 838 6043 0 1777797265 610609
4 798 1404 0 1777797265 610731
4 799 2561 0 1777797265 613293
0 839 3756 0 1777797265 614367
5 806 4075 0 1777797265 614484
4 800 1981 0 1777797265 615281
3 847 19637 0 1777797265 615431
6 850 33460 0 1777797265 616738
4 801 2542 0 1777797265 617829
0 840 3765 0 1777797265 618134
5 807 3658 0 1777797265 618143
0 841 2563 0 1777797265 620707
5 808 2561 0 1777797265 620717
4 802 3923 0 1777797265 621756
6 851 6042 0 1777797265 622782
5 809 2328 0 1777797265 623054
6 852 1354 0 1777797265 624137
3 848 10291 0 1777797265 625724
5 810 2781 0 1777797265 625836
1 759 21832 0 1777797265 626372
4 803 4618 0 1777797265 626376
2 792 28647 0 1777797265 628674
0 842 8136 0 1777797265 628854
0 843 3537 0 1777797265 632393
3 849 8494 0 1777797265 634224
5 811 8392 0 1777797265 634229
0 844 6354 0 1777797265 638755
0 845 893 0 1777797265 639653
0 846 1809 0 1777797265 641466
0 847 2856 0 1777797265 644329
1 760 28673 0 1777797265 655050
4 804 28676 0 1777797265 655058
6 853 30926 0 1777797265 655066
3 850 20875 0 1777797265 655104
2 793 26555 0 1777797265 655231
5 812 20998 0 1777797265 655237
0 848 12276 0 1777797265 656607
4 805 3299 0 1777797265 658378
0 849 1803 0 1777797265 658413
2 794 3181 0 1777797265 658420
1 761 3749 0 1777797265 658816
2 795 2917 0 1777797265 661348
6 854 6274 0 1777797265 661362
5 813 6311 0 1777797265 661558
3 851 6934 0 1777797265 662039
1 762 3614 0 1777797265 662435
4 806 4077 0 1777797265 662462
2 796 1454 0 1777797265 662817
1 763 3892 0 1777797265 666329
2 797 3691 0 1777797265 666510
4 807 7407 0 1777797265 669870
5 814 8316 0 1777797265 669877
6 855 8537 0 1777797265 669929
3 852 11879 0 1777797265 673920
2 798 7967 0 1777797265 674478
6 856 4619 0 1777797265 674549
5 815 6511 0 1777797265 676405
4 808 6593 0 1777797265 676471
1 764 11314 0 1777797265 677645
3 853 4300 0 1777797265 678222
6 857 6430 0 1777797265 680981
2 799 6610 0 1777797265 681092
0 850 22819 0 1777797265 681239
4 809 9078 0 1777797265 685550
1 765 7932 0 1777797265 685579
3 854 7391 0 1777797265 685618
5 816 11443 0 1777797265 687850
2 800 8250 0 1777797265 689343
6 858 12592 0 1777797265 693576
3 855 8678 0 1777797265 694297
4 810 10829 0 1777797265 696381
2 801 7073 0 1777797265 696417
5 817 8586 0 1777797265 696439
1 766 12751 0 1777797265 698331
3 856 6743 0 1777797265 701042
6 859 10508 0 1777797265 704088
4 811 7903 0 1777797265 704291
5 818 7855 0 1777797265 704295
2 802 13693 0 1777797265 710111
6 860 6042 0 1777797265 710134
3 857 9514 0 1777797265 710557
4 812 6790 0 1777797265 711085
1 767 19319 0 1777797265 717653
5 819 13424 0 1777797265 717723
2 803 10906 0 1777797265 721020
3 858 10466 0 1777797265 721024
6 861 10893 0 1777797265 721028
0 851 40191 0 1777797265 721432
4 813 10351 0 1777797265 721436
5 820 8761 0 1777797265 726487
0 852 5753 0 1777797265 727189
2 804 6176 0 1777797265 727204
3 859 15040 0 1777797265 736075
4 814 14655 0 1777797265 736095
1 768 20526 0 1777797265 738190
6 862 17159 0 1777797265 738198
2 805 11330 0 1777797265 738548
5 821 12064 0 1777797265 738558
0 853 15205 0 1777797265 742411
3 860 6536 0 1777797265 742632
4 815 6529 0 1777797265 742636
6 863 8332 0 1777797265 746537
2 806 15476 0 1777797265 754035
1 769 16316 0 1777797265 754514
5 822 15972 0 1777797265 754543
2 807 7239 0 1777797265 761275
6 864 14738 0 1777797265 761279
4 816 22275 0 1777797265 764917
3 861 22716 0 1777797265 765352
0 854 22956 0 1777797265 765368
1 770 15733 0 1777797265 770250
5 823 18240 0 1777797265 772784
6 865 13336 0 1777797265 774621
2 808 14496 0 1777797265 775777
1 771 6476 0 1777797265 776727
3 862 14062 0 1777797265 779417
2 809 3751 0 1777797265 779529
6 866 6759 0 1777797265 781382
3 863 2146 0 1777797265 781573
6 867 3077 0 1777797265 784500
3 864 3902 0 1777797265 785476
4 817 21451 0 1777797265 786378
1 772 10175 0 1777797265 786904
4 818 2257 0 1777797265 788638
3 865 3187 0 1777797265 788668
3 866 2002 0 1777797265 790671
4 819 2120 0 1777797265 790760
0 855 25571 0 1777797265 790939
6 868 7532 0 1777797265 792035
5 824 20749 0 1777797265 793535
4 820 4438 0 1777797265 795200
1 773 8521 0 1777797265 795427
6 869 3725 0 1777797265 795762
1 774 5058 0 1777797265 800486
4 821 10969 0 1777797265 806171
3 867 15536 0 1777797265 806209
6 870 10453 0 1777797265 806217
0 856 15804 0 1777797265 806744
2 810 27281 0 1777797265 806811
5 825 13282 0 1777797265 806819
1 775 6627 0 1777797265 807115
1 776 3650 0 1777797265 810766
3 868 4915 0 1777797265 811133
6 871 4913 0 1777797265 811141
1 777 5554 0 1777797265 816325
4 822 10155 0 1777797265 816334
6 872 5709 0 1777797265 816861
3 869 7860 0 1777797265 819002
4 823 3575 0 1777797265 819922
5 826 14160 0 1777797265 820989
6 873 7606 0 1777797265 824468
3 870 11409 0 1777797265 830416
6 874 6793 0 1777797265 831263
3 871 3437 0 1777797265 833858
1 778 19501 0 1777797265 835836
3 872 4486 0 1777797265 838347
6 875 7207 0 1777797265 838473
1 779 3639 0 1777797265 839481
6 876 4504 0 1777797265 842979
3 873 4778 0 1777797265 843137
1 780 3731 0 1777797265 843214
5 827 23733 0 1777797265 844726
1 781 3021 0 1777797265 846237
5 828 4820 0 1777797265 849548
0 857 43480 0 1777797265 850227
2 811 43520 0 1777797265 850341
6 877 11971 0 1777797265 854953
1 782 9355 0 1777797265 855594
1 783 1334 0 1777797265 856930
5 829 9065 0 1777797265 858615
2 812 8667 0 1777797265 859009
1 784 2396 0 1777797265 859328
3 874 16348 0 1777797265 859488
0 858 9423 0 1777797265 859655
4 824 39747 0 1777797265 859672
1 785 2196 0 1777797265 861528
3 875 3853 0 1777797265 863343
6 878 14061 0 1777797265 869016
3 876 7374 0 1777797265 870719
4 825 12547 0 1777797265 872220
3 877 4998 0 1777797265 875719
3 878 2402 0 1777797265 878127
4 826 7776 0 1777797265 880007
3 879 2468 0 1777797265 880598
5 830 22399 0 1777797265 881017
6 879 13395 0 1777797265 882415
5 831 1532 0 1777797265 882551
3 880 2167 0 1777797265 882766
2 813 24163 0 1777797265 883173
1 786 24007 0 1777797265 885537
4 827 9281 0 1777797265 889291
1 787 5090 0 1777797265 890629
5 832 8280 0 1777797265 890833
0 859 34611 0 1777797265 894267
1 788 3653 0 1777797265 894286
6 880 11877 0 1777797265 894293
4 828 22954 0 1777797265 912249
1 789 18067 0 1777797265 912361
6 881 18132 0 1777797265 912438
3 881 32007 0 1777797265 914775
0 860 20614 0 1777797265 914883
5 833 24112 0 1777797265 914947
2 814 31812 0 1777797265 914986
0 861 5851 0 1777797265 920735
2 815 5751 0 1777797265 920739
3 882 5967 0 1777797265 920744
5 834 5799 0 1777797265 920748
1 790 10352 0 1777797265 922714
4 829 11102 0 1777797265 923354
0 862 8173 0 1777797265 928923
3 883 8171 0 1777797265 928932
1 791 7934 0 1777797265 930650
4 830 7313 0 1777797265 930669
3 884 2814 0 1777797265 931764
4 831 4693 0 1777797265 935363
2 816 15364 0 1777797265 936119
0 863 7701 0 1777797265 936634
1 792 6068 0 1777797265 936720
5 835 15973 0 1777797265 936739
4 832 3094 0 1777797265 938459
3 885 7048 0 1777797265 938814
6 882 33852 0 1777797265 946292
0 864 9769 0 1777797265 946413
4 833 8080 0 1777797265 946542
3 886 7767 0 1777797265 946582
5 836 9844 0 1777797265 946589
1 793 10228 0 1777797265 946968
2 817 11014 0 1777797265 947134
2 818 2539 0 1777797265 949675
1 794 5948 0 1777797265 952918
4 834 7643 0 1777797265 954210
0 865 8308 0 1777797265 954723
6 883 8480 0 1777797265 954775
5 837 9078 0 1777797265 955681
2 819 6056 0 1777797265 955733
1 795 7530 0 1777797265 960449
3 887 13867 0 1777797265 960457
5 838 5377 0 1777797265 961060
6 884 6289 0 1777797265 961065
0 866 7175 0 1777797265 961900
4 835 7762 0 1777797265 961974
2 820 6369 0 1777797265 962104
3 888 2181 0 1777797265 962650
5 839 3894 0 1777797265 964959
6 885 3962 0 1777797265 965034
1 796 4594 0 1777797265 965053
0 867 5505 0 1777797265 967407
2 821 5305 0 1777797265 967410
4 836 6633 0 1777797265 968609
3 889 6214 0 1777797265 968865
6 886 4337 0 1777797265 969374
0 868 3995 0 1777797265 971406
2 822 4029 0 1777797265 971444
5 840 6490 0 1777797265 971451
1 797 6433 0 1777797265 971487
3 890 5371 0 1777797265 974237
6 887 7633 0 1777797265 977013
1 798 5562 0 1777797265 977052
5 841 5651 0 1777797265 977116
2 823 6084 0 1777797265 977537
4 837 8873 0 1777797265 977554
0 869 6711 0 1777797265 978126
5 842 5310 0 1777797265 982427
1 799 9232 0 1777797265 986286
2 824 8755 0 1777797265 986293
3 891 12056 0 1777797265 986300
4 838 8753 0 1777797265 986308
6 888 10297 0 1777797265 987311
0 870 9243 0 1777797265 987372
1 800 4889 0 1777797265 991198
2 825 5690 0 1777797265 992007
3 892 5955 0 1777797265 992278
4 839 5968 0 1777797265 992296
6 889 7850 0 1777797265 995166
0 871 7830 0 1777797265 995203
1 801 4528 0 1777797265 995728
5 843 13665 0 1777797265 996094
4 840 9961 0 1777797266 2259
5 844 6506 0 1777797266 2602
1 802 7242 0 1777797266 2972
3 893 11452 0 1777797266 3732
0 872 8592 0 1777797266 3796
2 826 12351 0 1777797266 4360
6 890 9232 0 1777797266 4401
1 803 5144 0 1777797266 8118
5 845 6080 0 1777797266 8685
0 873 10465 0 1777797266 14263
4 841 12019 0 1777797266 14279
2 827 9956 0 1777797266 14317
6 891 10414 0 1777797266 14816
5 846 6742 0 1777797266 15429
1 804 7351 0 1777797266 15471
3 894 12159 0 1777797266 15893
5 847 5961 0 1777797266 21392
6 892 6585 0 1777797266 21402
4 842 8042 0 1777797266 22338
3 895 6537 0 1777797266 22431
1 805 7223 0 1777797266 22695
2 828 8403 0 1777797266 22721
0 874 8600 0 1777797266 22881
1 806 6241 0 1777797266 28937
0 875 6071 0 1777797266 28955
5 848 7557 0 1777797266 28960
3 896 6711 0 1777797266 29144
4 843 6811 0 1777797266 29151
6 893 7843 0 1777797266 29259
2 829 6561 0 1777797266 29284
6 894 3119 0 1777797266 32380
0 876 3643 0 1777797266 32604
2 830 3672 0 1777797266 32958
1 807 4765 0 1777797266 33704
4 844 8733 0 1777797266 37895
6 895 6958 0 1777797266 39341
3 897 10507 0 1777797266 39659
1 808 7002 0 1777797266 40709
0 877 8775 0 1777797266 41380
3 898 3922 0 1777797266 43583
2 831 10743 0 1777797266 43702
0 878 3821 0 1777797266 45206
4 845 7813 0 1777797266 45713
6 896 6934 0 1777797266 46277
1 809 6825 0 1777797266 47538
3 899 6551 0 1777797266 50137
5 849 24283 0 1777797266 53257
3 900 5108 0 1777797266 55251
5 850 2680 0 1777797266 55939
1 810 12918 0 1777797266 60462
5 851 31622 0 1777797266 87563
1 811 28946 0 1777797266 89414
4 846 45381 0 1777797266 91097
5 852 8707 0 1777797266 96272
1 812 7140 0 1777797266 96556
3 901 41305 0 1777797266 96562
2 832 52929 0 1777797266 96646
0 879 52072 0 1777797266 97282
1 813 2983 0 1777797266 99546
6 897 60353 0 1777797266 106636
2 833 10254 0 1777797266 106901
0 880 12360 0 1777797266 109647
5 853 14923 0 1777797266 111196
4 847 22844 0 1777797266 113943
3 902 17411 0 1777797266 113982
6 898 10075 0 1777797266 116713
1 814 22994 0 1777797266 122542
0 881 12928 0 1777797266 122577
2 834 15706 0 1777797266 122608
4 848 9108 0 1777797266 123057
3 903 9286 0 1777797266 123269
0 882 6318 0 1777797266 128897
5 854 17702 0 1777797266 128903
2 835 9581 0 1777797266 132190
6 899 15480 0 1777797266 132195
4 849 16275 0 1777797266 139334
3 904 17286 0 1777797266 140556
1 815 20370 0 1777797266 142915
1 816 12816 0 1777797266 155734
0 883 27263 0 1777797266 156167
2 836 23977 0 1777797266 156173
4 850 16844 0 1777797266 156181
6 900 23984 0 1777797266 156186
3 905 15947 0 1777797266 156508
5 855 27601 0 1777797266 156514
1 817 2329 0 1777797266 158064
0 884 18239 0 1777797266 174425
2 837 18256 0 1777797266 174451
4 851 18248 0 1777797266 174466
6 901 18247 0 1777797266 174472
3 906 19075 0 1777797266 175589
1 818 23000 0 1777797266 181065
5 856 24549 0 1777797266 181072
4 852 16214 0 1777797266 190709
0 885 16661 0 1777797266 191133
2 838 16655 0 1777797266 191141
6 902 16645 0 1777797266 191148
3 907 26847 0 1777797266 202437
1 819 30558 0 1777797266 211630
5 857 30552 0 1777797266 211635
0 886 24279 0 1777797266 215428
2 839 24278 0 1777797266 215438
4 853 24728 0 1777797266 215445
6 903 30161 0 1777797266 221351
3 908 22796 0 1777797266 225235
1 820 13866 0 1777797266 225501
5 858 13864 0 1777797266 225504
2 840 16326 0 1777797266 231785
0 887 16667 0 1777797266 232113
4 854 16651 0 1777797266 232117
6 904 12216 0 1777797266 233623
1 821 20638 0 1777797266 246143
5 859 20638 0 1777797266 246148
3 909 26028 0 1777797266 251265
2 841 24618 0 1777797266 256404
0 888 28176 0 1777797266 260293
4 855 28884 0 1777797266 261007
6 905 31314 0 1777797266 264943
1 822 29820 0 1777797266 275969
3 910 24706 0 1777797266 275974
5 860 29823 0 1777797266 275978
2 842 28330 0 1777797266 284737
0 889 26714 0 1777797266 287008
4 856 26009 0 1777797266 287018
6 906 22083 0 1777797266 287027
1 823 16504 0 1777797266 292484
3 911 16507 0 1777797266 292491
5 861 16507 0 1777797266 292496
0 890 20487 0 1777797266 307515
2 843 22780 0 1777797266 307522
4 857 20476 0 1777797266 307528
6 907 20468 0 1777797266 307532
1 824 15778 0 1777797266 308275
3 912 14229 0 1777797266 308296
5 862 15112 0 1777797266 309205
0 891 14209 0 1777797266 321743
1 825 13455 0 1777797266 321752
2 844 14218 0 1777797266 321760
3 913 13444 0 1777797266 321767
4 858 14226 0 1777797266 321773
5 863 12573 0 1777797266 321780
6 908 14235 0 1777797266 321788
0 892 5984 0 1777797266 327774
1 826 6036 0 1777797266 327834
2 845 6085 0 1777797266 327890
0 893 16541 0 1777797266 344432
1 827 16523 0 1777797266 344437
2 846 16517 0 1777797266 344440
3 914 22634 0 1777797266 344444
4 859 22631 0 1777797266 344447
5 864 22629 0 1777797266 344451
6 909 22625 0 1777797266 344454
0 894 19223 0 1777797266 363678
1 828 19224 0 1777797266 363684
2 847 19224 0 1777797266 363689
3 915 19222 0 1777797266 363692
4 860 19222 0 1777797266 363696
5 865 19217 0 1777797266 363700
6 910 19216 0 1777797266 363704
0 895 29613 0 1777797266 393317
1 829 29611 0 1777797266 393322
2 848 29611 0 1777797266 393327
3 916 29611 0 1777797266 393331
5 866 29609 0 1777797266 393336
6 911 29610 0 1777797266 393341
4 861 38018 0 1777797266 401742
1 830 14931 0 1777797266 408283
2 849 14933 0 1777797266 408290
3 917 14930 0 1777797266 408293
5 867 14930 0 1777797266 408298
6 912 14928 0 1777797266 408302
0 896 29073 0 1777797266 422415
4 862 20682 0 1777797266 422434
1 831 15608 0 1777797266 423911
2 850 15617 0 1777797266 423929
3 918 15628 0 1777797266 423944
0 897 13417 0 1777797266 435853
4 863 13409 0 1777797266 435865
5 868 27553 0 1777797266 435874
6 913 27556 0 1777797266 435882
2 851 14372 0 1777797266 438329
3 919 14377 0 1777797266 438341
0 898 16980 0 1777797266 452863
1 832 28947 0 1777797266 452892
5 869 16472 0 1777797266 453009
6 914 16575 0 1777797266 453119
4 864 16663 0 1777797266 453189
1 833 4995 0 1777797266 458144
2 852 19812 0 1777797266 458154
3 920 19808 0 1777797266 458162
4 865 4978 0 1777797266 458168
6 915 5006 0 1777797266 458175
0 899 9282 0 1777797266 462403
5 870 9253 0 1777797266 462413
1 834 8309 0 1777797266 466485
2 853 8308 0 1777797266 466494
3 921 8306 0 1777797266 466500
6 916 8300 0 1777797266 466507
0 900 8419 0 1777797266 470833
4 866 12638 0 1777797266 470838
5 871 10900 0 1777797266 473326
2 854 9267 0 1777797266 475791
1 835 13270 0 1777797266 479778
3 922 13238 0 1777797266 479782
6 917 11990 0 1777797266 479785
4 867 12628 0 1777797266 483474
0 901 16660 0 1777797266 487499
2 855 11714 0 1777797266 487506
5 872 14251 0 1777797266 487579
0 902 7949 0 1777797266 495529
1 836 15755 0 1777797266 495540
2 856 7957 0 1777797266 495547
3 923 15763 0 1777797266 495553
4 868 12083 0 1777797266 495559
5 873 7966 0 1777797266 495564
6 918 15777 0 1777797266 495571
2 857 7534 0 1777797266 503123
4 869 7626 0 1777797266 503230
5 874 7633 0 1777797266 503244
0 903 18516 0 1777797266 514087
3 924 18513 0 1777797266 514109
6 919 18500 0 1777797266 514117
1 837 28640 0 1777797266 524221
2 858 20992 0 1777797266 524238
4 870 20979 0 1777797266 524246
5 875 20978 0 1777797266 524254
6 920 10128 0 1777797266 524260
3 925 10306 0 1777797266 524433
0 904 11026 0 1777797266 525143
1 838 5362 0 1777797266 529623
2 859 5366 0 1777797266 529648
4 871 7929 0 1777797266 532219
5 876 7929 0 1777797266 532228
1 839 5897 0 1777797266 535549
6 921 11269 0 1777797266 535576
2 860 8639 0 1777797266 538312
3 926 26758 0 1777797266 551194
0 905 34232 0 1777797266 559377
4 872 27112 0 1777797266 559387
5 877 27116 0 1777797266 559403
6 922 27984 0 1777797266 563850
1 840 29534 0 1777797266 565147
1 841 7785 0 1777797266 572938
4 873 13544 0 1777797266 572959
1 842 5470 0 1777797266 578431
5 878 19038 0 1777797266 578469
6 923 14624 0 1777797266 578477
1 843 12509 0 1777797266 590987
6 924 12473 0 1777797266 590993
4 874 19791 0 1777797266 592767
2 861 56177 0 1777797266 594493
0 906 36845 0 1777797266 596249
5 879 18013 0 1777797266 596513
6 925 6368 0 1777797266 597372
0 907 2840 0 1777797266 599090
2 862 8946 0 1777797266 603442
6 926 6076 0 1777797266 603449
1 844 12743 0 1777797266 603737
0 908 4790 0 1777797266 603882
4 875 14635 0 1777797266 607403
2 863 3969 0 1777797266 607419
5 880 10910 0 1777797266 607424
0 909 5035 0 1777797266 608918
6 927 18723 0 1777797266 622184
1 845 20075 0 1777797266 623813
1 846 4586 0 1777797266 628402
6 928 6219 0 1777797266 628408
6 929 3284 0 1777797266 631700
4 876 24308 0 1777797266 631713
1 847 4243 0 1777797266 632652
6 930 2548 0 1777797266 634250
6 931 1343 0 1777797266 635594
4 877 6586 0 1777797266 638299
1 848 7464 0 1777797266 640118
0 910 32228 0 1777797266 641147
3 927 92025 0 1777797266 643224
2 864 37331 0 1777797266 644755
1 849 6975 0 1777797266 647098
6 932 11522 0 1777797266 647118
3 928 7000 0 1777797266 650227
4 878 19755 0 1777797266 658056
0 911 18343 0 1777797266 659493
2 865 14750 0 1777797266 659507
1 850 15334 0 1777797266 662454
3 929 12233 0 1777797266 662461
5 881 55038 0 1777797266 662468
6 933 15333 0 1777797266 662475
4 879 7876 0 1777797266 665934
0 912 8771 0 1777797266 668280
2 866 8759 0 1777797266 668288
1 851 10700 0 1777797266 673176
2 867 4885 0 1777797266 673180
3 930 10240 0 1777797266 673184
6 934 10232 0 1777797266 673187
4 880 13706 0 1777797266 679644
0 913 14675 0 1777797266 682963
1 852 9781 0 1777797266 682969
3 931 9776 0 1777797266 682973
2 868 15255 0 1777797266 688448
5 882 25508 0 1777797266 688458
6 935 15260 0 1777797266 688462
0 914 9853 0 1777797266 692827
1 853 9925 0 1777797266 692906
4 881 13272 0 1777797266 692918
2 869 12996 0 1777797266 701459
3 932 25479 0 1777797266 708465
5 883 20001 0 1777797266 708473
6 936 19999 0 1777797266 708476
1 854 15569 0 1777797266 708498
4 882 15568 0 1777797266 708502
0 915 25114 0 1777797266 718033
2 870 16581 0 1777797266 718043
1 855 22865 0 1777797266 731367
3 933 22895 0 1777797266 731372
4 883 22811 0 1777797266 731376
5 884 22897 0 1777797266 731380
6 937 22895 0 1777797266 731383
0 916 18161 0 1777797266 736205
2 871 18153 0 1777797266 736209
1 856 26503 0 1777797266 757898
3 934 26456 0 1777797266 757903
5 885 26422 0 1777797266 757909
0 917 26134 0 1777797266 762344
4 884 30866 0 1777797266 762348
6 938 30861 0 1777797266 762351
2 872 31383 0 1777797266 767598
3 935 12122 0 1777797266 770038
5 886 14403 0 1777797266 772324
1 857 15284 0 1777797266 773193
6 939 10836 0 1777797266 773196
0 918 22116 0 1777797266 784468
0 919 20299 0 1777797266 804772
3 936 45703 0 1777797266 815743
6 940 45017 0 1777797266 818219
5 887 50599 0 1777797266 822925
4 885 70485 0 1777797266 832841
1 858 65620 0 1777797266 838817
2 873 74962 0 1777797266 842563
1 859 9180 0 1777797266 848004
4 886 30976 0 1777797266 863820
0 920 59548 0 1777797266 864323
4 887 6991 0 1777797266 870814
5 888 47892 0 1777797266 870819
1 860 24403 0 1777797266 872408
2 874 38225 0 1777797266 880793
0 921 21645 0 1777797266 885970
6 941 71138 0 1777797266 889360
3 937 80246 0 1777797266 895990
5 889 36668 0 1777797266 907496
0 922 24283 0 1777797266 910255
1 861 37852 0 1777797266 910267
2 875 29480 0 1777797266 910276
3 938 14293 0 1777797266 910284
4 888 39473 0 1777797266 910292
6 942 20938 0 1777797266 910300
5 890 6532 0 1777797266 914034
0 923 8261 0 1777797266 918562
2 876 8212 0 1777797266 918571
3 939 8211 0 1777797266 918577
4 889 10603 0 1777797266 920975
6 943 12076 0 1777797266 922453
3 940 7885 0 1777797266 928878
4 890 7912 0 1777797266 928910
5 891 14873 0 1777797266 928915
1 862 18613 0 1777797266 928935
0 924 8394 0 1777797266 929370
2 877 9158 0 1777797266 930143
1 863 8884 0 1777797266 937821
5 892 8909 0 1777797266 937835
3 941 8950 0 1777797266 937866
6 944 22302 0 1777797266 944758
3 942 10256 0 1777797266 948124
4 891 19276 0 1777797266 948198
0 925 20986 0 1777797266 950358
1 864 12527 0 1777797266 950363
5 893 12518 0 1777797266 950367
2 878 26041 0 1777797266 956186
4 892 7999 0 1777797266 956207
6 945 11454 0 1777797266 956214
5 894 5888 0 1777797266 956265
0 926 6378 0 1777797266 956745
1 865 14301 0 1777797266 964674
6 946 8454 0 1777797266 964705
2 879 10628 0 1777797266 966844
3 943 18650 0 1777797266 966848
4 893 10621 0 1777797266 966851
0 927 12440 0 1777797266 969187
5 895 13031 0 1777797266 969299
1 866 9438 0 1777797266 974145
6 947 9313 0 1777797266 974154
2 880 8614 0 1777797266 975466
5 896 5886 0 1777797266 975494
0 928 9217 0 1777797266 978519
3 944 11677 0 1777797266 978533
4 894 11680 0 1777797266 978540
1 867 6115 0 1777797266 980269
6 948 6121 0 1777797266 980284
5 897 6195 0 1777797266 981704
2 881 6235 0 1777797266 981730
3 945 6424 0 1777797266 984980
4 895 6418 0 1777797266 984989
0 929 7207 0 1777797266 985748
1 868 6633 0 1777797266 986918
6 949 7133 0 1777797266 987431
2 882 9022 0 1777797266 990753
3 946 5772 0 1777797266 990762
4 896 5760 0 1777797266 990767
5 898 9064 0 1777797266 990770
1 869 7577 0 1777797266 994498
0 930 8897 0 1777797266 994647
6 950 7221 0 1777797266 994654
5 899 6958 0 1777797266 997745
1 870 6698 0 1777797267 1200
3 947 11281 0 1777797267 2057
4 897 11281 0 1777797267 2062
0 931 13078 0 1777797267 7733
2 883 16970 0 1777797267 7741
3 948 6860 0 1777797267 8923
6 951 15740 0 1777797267 10445
1 871 9623 0 1777797267 10825
4 898 9759 0 1777797267 11827
5 900 15723 0 1777797267 13471
2 884 8024 0 1777797267 15776
3 949 6856 0 1777797267 15780
0 932 8372 0 1777797267 16113
6 952 5671 0 1777797267 16117
1 872 11339 0 1777797267 22172
4 899 10348 0 1777797267 22176
5 901 8708 0 1777797267 22180
5 902 8396 0 1777797267 30589
2 885 18437 0 1777797267 34219
3 950 23608 0 1777797267 39394
6 953 23280 0 1777797267 39402
0 933 30671 0 1777797267 46788
1 873 24615 0 1777797267 46795
2 886 12581 0 1777797267 46801
3 951 7403 0 1777797267 46806
4 900 24626 0 1777797267 46812
5 903 16226 0 1777797267 46817
6 954 9320 0 1777797267 48732
1 874 7992 0 1777797267 54827
2 887 7986 0 1777797267 54837
4 901 7980 0 1777797267 54844
0 934 10801 0 1777797267 57619
3 952 10787 0 1777797267 57644
5 904 10783 0 1777797267 57653
6 955 8920 0 1777797267 57660
1 875 7058 0 1777797267 61904
4 902 7036 0 1777797267 61909
3 953 13384 0 1777797267 71063
6 956 13373 0 1777797267 71073
0 935 19430 0 1777797267 77091
2 888 22233 0 1777797267 77099
2 889 3317 0 1777797267 80447
3 954 9381 0 1777797267 80455
6 957 11705 0 1777797267 82795
1 876 25808 0 1777797267 87717
4 903 25928 0 1777797267 87843
5 905 30326 0 1777797267 88017
0 936 14587 0 1777797267 91688
2 890 11238 0 1777797267 91694
3 955 11222 0 1777797267 91703
6 958 14255 0 1777797267 97053
3 956 12098 0 1777797267 103827
6 959 6779 0 1777797267 103834
4 904 18989 0 1777797267 107025
5 906 18987 0 1777797267 107033
2 891 15345 0 1777797267 107059
1 877 20772 0 1777797267 108791
2 892 7926 0 1777797267 114986
4 905 13337 0 1777797267 120371
1 878 16240 0 1777797267 125032
2 893 10055 0 1777797267 125046
5 907 18010 0 1777797267 125052
6 960 21214 0 1777797267 125057
0 937 36740 0 1777797267 128444
0 938 10236 0 1777797267 138686
1 879 13638 0 1777797267 138696
5 908 13634 0 1777797267 138703
0 939 9684 0 1777797267 148388
1 880 9692 0 1777797267 148406
5 909 9700 0 1777797267 148421
2 894 31702 0 1777797267 156766
3 957 52954 0 1777797267 156789
4 906 36422 0 1777797267 156797
6 961 31730 0 1777797267 156803
4 907 9422 0 1777797267 166279
0 940 18669 0 1777797267 167091
5 910 18780 0 1777797267 167227
4 908 4122 0 1777797267 170403
2 895 18219 0 1777797267 175024
5 911 7801 0 1777797267 175030
0 941 10949 0 1777797267 178056
6 962 21196 0 1777797267 178061
1 881 40541 0 1777797267 188979
3 958 32148 0 1777797267 188996
4 909 18597 0 1777797267 189003
5 912 15435 0 1777797267 190475
0 942 16804 0 1777797267 194911
6 963 16815 0 1777797267 194930
3 959 8129 0 1777797267 197153
5 913 8537 0 1777797267 199014
4 910 12637 0 1777797267 201680
5 914 2680 0 1777797267 201700
0 943 12372 0 1777797267 207326
3 960 10179 0 1777797267 207334
6 964 12355 0 1777797267 207343
2 896 33827 0 1777797267 208858
4 911 9487 0 1777797267 211190
1 882 23542 0 1777797267 212547
5 915 14346 0 1777797267 216081
1 883 7370 0 1777797267 219921
4 912 8735 0 1777797267 219930
5 916 4244 0 1777797267 220328
6 965 14500 0 1777797267 221876
0 944 15415 0 1777797267 222758
3 961 17909 0 1777797267 225276
4 913 9756 0 1777797267 229724
5 917 9909 0 1777797267 230240
3 962 7194 0 1777797267 232474
0 945 13018 0 1777797267 235778
6 966 15208 0 1777797267 237086
1 884 19944 0 1777797267 239875
3 963 8924 0 1777797267 241401
3 964 12817 0 1777797267 254221
2 897 47185 0 1777797267 256044
5 918 25805 0 1777797267 256049
1 885 20375 0 1777797267 260254
0 946 28964 0 1777797267 264752
6 967 27673 0 1777797267 264761
4 914 36560 0 1777797267 266287
5 919 16245 0 1777797267 272300
6 968 13735 0 1777797267 278510
1 886 20488 0 1777797267 280746
3 965 26675 0 1777797267 280897
2 898 31477 0 1777797267 287526
4 915 21245 0 1777797267 287536
1 887 8090 0 1777797267 288838
3 966 7963 0 1777797267 288861
6 969 11987 0 1777797267 290499
4 916 3711 0 1777797267 291262
1 888 2505 0 1777797267 291345
6 970 4638 0 1777797267 295139
2 899 10556 0 1777797267 298093
1 889 6997 0 1777797267 298343
6 971 6508 0 1777797267 301649
3 967 13751 0 1777797267 302613
4 917 11372 0 1777797267 302636
5 920 30361 0 1777797267 302663
6 972 2284 0 1777797267 303935
5 921 1930 0 1777797267 304616
5 922 755 0 1777797267 305379
5 923 1252 0 1777797267 306639
2 900 9678 0 1777797267 307777
5 924 1143 0 1777797267 307784
0 947 43743 0 1777797267 308506
6 973 4577 0 1777797267 308514
5 925 825 0 1777797267 308620
2 901 6043 0 1777797267 313828
3 968 11171 0 1777797267 313838
4 918 11163 0 1777797267 313843
6 974 5325 0 1777797267 313850
0 948 9061 0 1777797267 317576
4 919 10209 0 1777797267 324083
6 975 10231 0 1777797267 324112
2 902 16230 0 1777797267 330081
3 969 16231 0 1777797267 330098
5 926 21484 0 1777797267 330105
0 949 25651 0 1777797267 343230
1 890 46192 0 1777797267 344537
4 920 20429 0 1777797267 344543
6 976 20426 0 1777797267 344549
2 903 15000 0 1777797267 345106
3 970 15608 0 1777797267 345773
6 977 6117 0 1777797267 350697
1 891 20563 0 1777797267 365113
2 904 26931 0 1777797267 372042
3 971 26294 0 1777797267 372071
4 921 27508 0 1777797267 372081
6 978 21439 0 1777797267 372139
0 950 30312 0 1777797267 373547
5 927 43378 0 1777797267 373554
4 922 5155 0 1777797267 377311
1 892 12776 0 1777797267 377895
2 905 7754 0 1777797267 379896
5 928 6359 0 1777797267 379931
6 979 9054 0 1777797267 381217
5 929 5673 0 1777797267 385607
6 980 5298 0 1777797267 386517
2 906 7711 0 1777797267 387616
2 907 2096 0 1777797267 389714
0 951 16435 0 1777797267 389990
1 893 12773 0 1777797267 390671
5 930 8234 0 1777797267 393844
6 981 8733 0 1777797267 395252
4 923 18527 0 1777797267 395843
0 952 19745 0 1777797267 409738
2 908 20065 0 1777797267 409784
3 972 37642 0 1777797267 409791
6 982 14560 0 1777797267 409815
4 924 14525 0 1777797267 410370
1 894 22104 0 1777797267 412778
5 931 18970 0 1777797267 412823
3 973 6996 0 1777797267 416837
0 953 7048 0 1777797267 416865
5 932 7076 0 1777797267 419911
6 983 13493 0 1777797267 423342
4 925 14230 0 1777797267 424606
2 909 16325 0 1777797267 426159
3 974 10091 0 1777797267 426935
5 933 8373 0 1777797267 428289
5 934 7619 0 1777797267 435909
3 975 11287 0 1777797267 438222
5 935 8953 0 1777797267 444864
0 954 72078 0 1777797267 488944
1 895 76131 0 1777797267 488955
3 976 51342 0 1777797267 489570
5 936 45854 0 1777797267 490719
6 984 68582 0 1777797267 491928
4 926 75506 0 1777797267 500115
6 985 8191 0 1777797267 500120
5 937 12931 0 1777797267 503651
6 986 6998 0 1777797267 507128
0 955 21125 0 1777797267 510081
5 938 9231 0 1777797267 512884
2 910 88136 0 1777797267 514299
1 896 44316 0 1777797267 533285
3 977 43718 0 1777797267 533289
6 987 26181 0 1777797267 533311
0 956 24809 0 1777797267 534923
4 927 34810 0 1777797267 534930
2 911 24293 0 1777797267 538593
5 939 30726 0 1777797267 543615
2 912 6417 0 1777797267 545012
1 897 11734 0 1777797267 545024
6 988 14583 0 1777797267 547894
0 957 12986 0 1777797267 547917
3 978 14877 0 1777797267 548174
1 898 10391 0 1777797267 555417
2 913 10421 0 1777797267 555433
3 979 7266 0 1777797267 555440
4 928 20508 0 1777797267 555446
2 914 3126 0 1777797267 558590
4 929 3122 0 1777797267 558600
3 980 3692 0 1777797267 559163
4 930 3453 0 1777797267 562068
2 915 3868 0 1777797267 562469
3 981 3760 0 1777797267 562928
5 940 21640 0 1777797267 565256
2 916 4586 0 1777797267 567058
4 931 4992 0 1777797267 567062
3 982 6515 0 1777797267 569445
6 989 41867 0 1777797267 589764
3 983 20428 0 1777797267 589874
5 941 24582 0 1777797267 589880
5 942 9310 0 1777797267 599198
1 899 45057 0 1777797267 600504
3 984 16214 0 1777797267 606094
5 943 10748 0 1777797267 609948
3 985 6886 0 1777797267 612982
6 990 23781 0 1777797267 613551
1 900 15143 0 1777797267 615648
4 932 48576 0 1777797267 615668
6 991 9306 0 1777797267 622858
5 944 13351 0 1777797267 623302
3 986 14860 0 1777797267 627844
4 933 24435 0 1777797267 640104
6 992 18245 0 1777797267 641107
1 901 30171 0 1777797267 645822
4 934 6709 0 1777797267 646815
5 945 23517 0 1777797267 646819
5 946 4218 0 1777797267 651043
6 993 10655 0 1777797267 651763
4 935 5249 0 1777797267 652069
3 987 25814 0 1777797267 653659
2 917 89060 0 1777797267 656122
1 902 13563 0 1777797267 659387
2 918 6480 0 1777797267 662603
5 947 14116 0 1777797267 665161
6 994 13488 0 1777797267 665252
1 903 6197 0 1777797267 665586
2 919 8824 0 1777797267 671428
3 988 17775 0 1777797267 671435
2 920 1180 0 1777797267 672616
6 995 7651 0 1777797267 672910
2 921 873 0 1777797267 673492
2 922 1048 0 1777797267 674542
5 948 10550 0 1777797267 675712
0 958 133644 0 1777797267 681562
3 989 10124 0 1777797267 681569
4 936 29505 0 1777797267 681576
2 923 7468 0 1777797267 682017
3 990 1447 0 1777797267 683034
4 937 1441 0 1777797267 683043
6 996 14774 0 1777797267 687688
5 949 12552 0 1777797267 688267
4 938 7216 0 1777797267 690272
2 924 8513 0 1777797267 690531
3 991 9769 0 1777797267 692813
2 925 3496 0 1777797267 694030
5 950 5766 0 1777797267 694036
3 992 2254 0 1777797267 695069
6 997 7386 0 1777797267 695079
2 926 3601 0 1777797267 697639
1 904 32478 0 1777797267 698065
5 951 4665 0 1777797267 698713
3 993 4524 0 1777797267 699604
4 939 12207 0 1777797267 702481
6 998 9755 0 1777797267 704845
0 959 24578 0 1777797267 706155
3 994 6551 0 1777797267 706160
1 905 8139 0 1777797267 706206
5 952 7635 0 1777797267 706350
4 940 5246 0 1777797267 707729
2 927 11302 0 1777797267 708943
1 906 4123 0 1777797267 710331
1 907 5926 0 1777797267 716260
3 995 10925 0 1777797267 717092
4 941 11895 0 1777797267 719625
6 999 14781 0 1777797267 719630
2 928 10709 0 1777797267 719653
2 929 5226 0 1777797267 724879
1 908 9557 0 1777797267 725818
4 942 15476 0 1777797267 735107
1 909 9316 0 1777797267 735136
6 1000 15498 0 1777797267 735139
3 996 35472 0 1777797267 752566
1 910 20253 0 1777797267 755394
1 911 8953 0 1777797267 764348
3 997 16775 0 1777797267 769342
5 953 63202 0 1777797267 769553
6 1001 34468 0 1777797267 769613
1 912 13628 0 1777797267 777977
3 998 8638 0 1777797267 777982
4 943 42878 0 1777797267 777986
0 960 72526 0 1777797267 778687
6 1002 13940 0 1777797267 783553
0 961 12614 0 1777797267 791303
1 913 13856 0 1777797267 791842
2 930 66963 0 1777797267 791848
3 999 13859 0 1777797267 791851
4 944 13859 0 1777797267 791856
5 954 22306 0 1777797267 791859
6 1003 9346 0 1777797267 792903
1 914 11308 0 1777797267 803175
3 1000 21628 0 1777797267 814511
6 1004 21610 0 1777797267 814515
1 915 11629 0 1777797267 814812
5 955 21925 0 1777797267 814817
0 962 23549 0 1777797267 815409
2 931 22543 0 1777797267 815415
4 945 26056 0 1777797267 818944
6 1005 7010 0 1777797267 821531
3 1001 7536 0 1777797267 822051
1 916 7507 0 1777797267 822324
0 963 9858 0 1777797267 825274
2 932 9858 0 1777797267 825282
4 946 6352 0 1777797267 825302
5 956 10486 0 1777797267 825309
6 1006 4969 0 1777797267 826529
1 917 5865 0 1777797267 828193
2 933 5495 0 1777797267 830823
3 1002 8779 0 1777797267 830831
4 947 5489 0 1777797267 830834
5 957 11180 0 1777797267 836572
0 964 17488 0 1777797267 842798
1 918 14611 0 1777797267 842805
2 934 11976 0 1777797267 842811
3 1003 11973 0 1777797267 842816
4 948 11974 0 1777797267 842822
6 1007 16296 0 1777797267 842829
5 958 7406 0 1777797267 843980
0 965 3586 0 1777797267 846415
2 935 4299 0 1777797267 847169
1 919 4851 0 1777797267 847705
4 949 11096 0 1777797267 854041
5 959 10532 0 1777797267 854513
0 966 8178 0 1777797267 854595
1 920 6893 0 1777797267 854600
2 936 11003 0 1777797267 858177
6 1008 15232 0 1777797267 858184
3 1004 17898 0 1777797267 860834
1 921 7273 0 1777797267 861879
0 967 10267 0 1777797267 864868
1 922 2996 0 1777797267 864877
2 937 6698 0 1777797267 864883
4 950 10370 0 1777797267 864889
5 960 10317 0 1777797267 864895
6 1009 7467 0 1777797267 865662
0 968 5638 0 1777797267 870533
5 961 5611 0 1777797267 870544
3 1005 10961 0 1777797267 871798
4 951 7468 0 1777797267 872392
6 1010 6732 0 1777797267 872398
1 923 9071 0 1777797267 873979
0 969 6432 0 1777797267 876977
5 962 6425 0 1777797267 876984
1 924 4271 0 1777797267 878254
4 952 5866 0 1777797267 878265
6 1011 5899 0 1777797267 878311
3 1006 6717 0 1777797267 878518
2 938 14905 0 1777797267 879821
4 953 3355 0 1777797267 881643
5 963 5094 0 1777797267 882091
1 925 3847 0 1777797267 882113
3 1007 3879 0 1777797267 882399
0 970 6141 0 1777797267 883126
6 1012 9745 0 1777797267 888057
1 926 6087 0 1777797267 888201
4 954 6560 0 1777797267 888205
5 964 6443 0 1777797267 888537
3 1008 6269 0 1777797267 888670
0 971 7649 0 1777797267 890778
1 927 2582 0 1777797267 890787
6 1013 2740 0 1777797267 890799
3 1009 4010 0 1777797267 892682
5 965 4164 0 1777797267 892702
1 928 3079 0 1777797267 893891
2 939 14708 0 1777797267 894533
0 972 6304 0 1777797267 897104
4 955 8899 0 1777797267 897111
5 966 4402 0 1777797267 897115
6 1014 6298 0 1777797267 897118
3 1010 4959 0 1777797267 897663
1 929 7868 0 1777797267 901762
0 973 8169 0 1777797267 905287
4 956 8165 0 1777797267 905292
3 1011 9376 0 1777797267 907043
1 930 12986 0 1777797267 914750
2 940 20219 0 1777797267 914754
6 1015 17620 0 1777797267 914758
0 974 13610 0 1777797267 918902
3 1012 11863 0 1777797267 918908
5 967 21779 0 1777797267 918912
4 957 15114 0 1777797267 920412
6 1016 9938 0 1777797267 924706
0 975 10367 0 1777797267 929280
1 931 14528 0 1777797267 929287
3 1013 10373 0 1777797267 929294
4 958 8920 0 1777797267 929333
5 968 10414 0 1777797267 929340
0 976 3827 0 1777797267 933168
5 969 3850 0 1777797267 933220
1 932 6527 0 1777797267 935876
6 1017 11476 0 1777797267 936188
4 959 7547 0 1777797267 936910
2 941 23308 0 1777797267 938072
5 970 5067 0 1777797267 938298
0 977 5826 0 1777797267 939048
1 933 4167 0 1777797267 940044
0 978 2413 0 1777797267 941472
0 979 4704 0 1777797267 946179
1 934 6140 0 1777797267 946186
5 971 7892 0 1777797267 946192
6 1018 10008 0 1777797267 946198
4 960 11265 0 1777797267 948182
0 980 2630 0 1777797267 948828
6 1019 3239 0 1777797267 949463
0 981 6587 0 1777797267 955417
5 972 9220 0 1777797267 955436
3 1014 27294 0 1777797267 956651
6 1020 7886 0 1777797267 957350
4 961 10780 0 1777797267 958965
1 935 13678 0 1777797267 959886
0 982 5401 0 1777797267 960838
3 1015 4856 0 1777797267 961509
0 983 2722 0 1777797267 963562
3 1016 2071 0 1777797267 963583
3 1017 3554 0 1777797267 967138
0 984 4457 0 1777797267 968021
0 985 6636 0 1777797267 974659
2 942 36593 0 1777797267 974667
3 1018 7534 0 1777797267 974675
4 962 15881 0 1777797267 974849
6 1021 22360 0 1777797267 979712
5 973 24851 0 1777797267 980297
4 963 6761 0 1777797267 981611
0 986 7395 0 1777797267 982071
1 936 22519 0 1777797267 982410
0 987 3905 0 1777797267 985981
1 937 4565 0 1777797267 986977
6 1022 10594 0 1777797267 990308
5 974 11356 0 1777797267 991657
3 1019 17030 0 1777797267 991755
1 938 8624 0 1777797267 995606
4 964 14058 0 1777797267 995671
4 965 2445 0 1777797267 998159
6 1023 8420 0 1777797267 998735
5 975 7209 0 1777797267 998912
6 1024 2764 0 1777797268 1505
4 966 3537 0 1777797268 1699
5 976 2794 0 1777797268 1707
2 943 29990 0 1777797268 4679
6 1025 3664 0 1777797268 5178
3 1020 13431 0 1777797268 5199
3 1021 1563 0 1777797268 6763
5 977 5049 0 1777797268 6768
6 1026 2698 0 1777797268 7879
1 939 18435 0 1777797268 14107
2 944 9429 0 1777797268 14114
4 967 12411 0 1777797268 14120
5 978 7345 0 1777797268 14125
6 1027 6249 0 1777797268 14130
0 988 29387 0 1777797268 15378
3 1022 8617 0 1777797268 15386
2 945 2123 0 1777797268 16263
0 989 4771 0 1777797268 20159
2 946 3941 0 1777797268 20206
1 940 6934 0 1777797268 21066
2 947 3603 0 1777797268 23812
0 990 5436 0 1777797268 25604
1 941 5269 0 1777797268 26337
2 948 4983 0 1777797268 28799
0 991 3631 0 1777797268 29237
3 1023 13781 0 1777797268 29243
2 949 1666 0 1777797268 30467
2 950 2490 0 1777797268 32961
0 992 8717 0 1777797268 37961
3 1024 8717 0 1777797268 37969
4 968 23827 0 1777797268 37975
6 1028 23819 0 1777797268 37981
2 951 6004 0 1777797268 38968
0 993 3301 0 1777797268 41284
5 979 27425 0 1777797268 41579
1 942 16015 0 1777797268 42355
2 952 4877 0 1777797268 43849
2 953 1568 0 1777797268 45418
6 1029 7385 0 1777797268 45428
0 994 5099 0 1777797268 46387
6 1030 3402 0 1777797268 48851
0 995 5527 0 1777797268 51916
1 943 9567 0 1777797268 51925
4 969 13895 0 1777797268 51931
2 954 10583 0 1777797268 56012
6 1031 7334 0 1777797268 56187
0 996 6234 0 1777797268 58165
1 944 8530 0 1777797268 60487
2 955 4481 0 1777797268 60495
0 997 3628 0 1777797268 61796
4 970 12307 0 1777797268 64280
6 1032 8482 0 1777797268 64670
5 980 23328 0 1777797268 64908
0 998 8741 0 1777797268 70539
2 956 10039 0 1777797268 70545
4 971 6292 0 1777797268 70574
5 981 5669 0 1777797268 70580
5 982 3650 0 1777797268 74239
4 972 3780 0 1777797268 74361
0 999 7063 0 1777797268 77609
2 957 7059 0 1777797268 77616
1 945 19252 0 1777797268 79749
6 1033 15615 0 1777797268 80287
2 958 5379 0 1777797268 83011
0 1000 7421 0 1777797268 85040
1 946 8127 0 1777797268 87878
4 973 13522 0 1777797268 87885
5 983 13645 0 1777797268 87891
6 1034 7606 0 1777797268 87896
2 959 5074 0 1777797268 88087
3 1025 50129 0 1777797268 88157
3 1026 1653 0 1777797268 89811
2 960 2197 0 1777797268 90287
0 1001 9946 0 1777797268 94987
2 961 4706 0 1777797268 94995
3 1027 5189 0 1777797268 95001
2 962 4352 0 1777797268 99382
3 1028 4697 0 1777797268 99738
1 947 12457 0 1777797268 100353
0 1002 6934 0 1777797268 101936
4 974 14057 0 1777797268 101963
5 984 15886 0 1777797268 103801
2 963 5273 0 1777797268 104657
0 1003 3458 0 1777797268 105423
2 964 1920 0 1777797268 106581
6 1035 19507 0 1777797268 107432
0 1004 2760 0 1777797268 108186
1 948 8058 0 1777797268 108413
0 1005 5037 0 1777797268 113225
4 975 11257 0 1777797268 113230
5 985 9433 0 1777797268 113237
6 1036 5810 0 1777797268 113243
2 965 7241 0 1777797268 113826
2 966 1799 0 1777797268 115627
2 967 1256 0 1777797268 116885
5 986 5615 0 1777797268 118886
0 1006 9131 0 1777797268 122375
2 968 5494 0 1777797268 122382
4 976 9166 0 1777797268 122430
6 1037 13722 0 1777797268 126999
3 1029 27852 0 1777797268 127593
2 969 7730 0 1777797268 130128
2 970 2404 0 1777797268 132538
5 987 14714 0 1777797268 133603
0 1007 12397 0 1777797268 134782
4 977 12925 0 1777797268 135356
2 971 3358 0 1777797268 135898
4 978 1238 0 1777797268 136598
2 972 2768 0 1777797268 138671
5 988 5073 0 1777797268 138678
0 1008 4324 0 1777797268 139108
3 1030 13580 0 1777797268 141177
6 1038 15395 0 1777797268 142396
0 1009 4146 0 1777797268 143256
4 979 8644 0 1777797268 145245
0 1010 3678 0 1777797268 146936
2 973 11806 0 1777797268 150485
3 1031 9652 0 1777797268 150834
4 980 5784 0 1777797268 151035
6 1039 8898 0 1777797268 151297
2 974 5523 0 1777797268 156011
5 989 18032 0 1777797268 156721
4 981 6782 0 1777797268 157818
3 1032 8293 0 1777797268 159129
6 1040 8501 0 1777797268 159799
2 975 6597 0 1777797268 162610
4 982 4862 0 1777797268 162682
6 1041 2897 0 1777797268 162699
3 1033 4082 0 1777797268 163214
5 990 6500 0 1777797268 163224
1 949 57988 0 1777797268 166403
2 976 4004 0 1777797268 166704
0 1011 20002 0 1777797268 166940
3 1034 3720 0 1777797268 166945
5 991 5772 0 1777797268 169009
2 977 12530 0 1777797268 179236
4 983 16534 0 1777797268 179245
6 1042 16533 0 1777797268 179251
0 1012 16613 0 1777797268 183561
1 950 17159 0 1777797268 183572
5 992 14567 0 1777797268 183579
2 978 8286 0 1777797268 187538
4 984 8285 0 1777797268 187547
6 1043 9376 0 1777797268 188645
3 1035 22683 0 1777797268 189639
3 1036 3003 0 1777797268 192646
2 979 6420 0 1777797268 193969
4 985 9084 0 1777797268 196644
5 993 13023 0 1777797268 196654
0 1013 15226 0 1777797268 198806
2 980 7680 0 1777797268 201650
5 994 4982 0 1777797268 201660
3 1037 11151 0 1777797268 203800
2 981 10323 0 1777797268 211984
5 995 10312 0 1777797268 211991
6 1044 23349 0 1777797268 211995
1 951 29207 0 1777797268 212798
0 1014 14395 0 1777797268 213206
4 986 16558 0 1777797268 213213
3 1038 10636 0 1777797268 214438
2 982 5335 0 1777797268 217332
5 996 5335 0 1777797268 217339
0 1015 14208 0 1777797268 227422
1 952 14629 0 1777797268 227431
2 983 10096 0 1777797268 227437
3 1039 13000 0 1777797268 227443
5 997 10060 0 1777797268 227451
4 987 17767 0 1777797268 230990
6 1045 18996 0 1777797268 231006
5 998 5500 0 1777797268 233021
2 984 8340 0 1777797268 235841
0 1016 9105 0 1777797268 236558
1 953 11357 0 1777797268 238830
4 988 8563 0 1777797268 239571
0 1017 3739 0 1777797268 240299
5 999 7402 0 1777797268 240425
4 989 2324 0 1777797268 241899
2 985 7204 0 1777797268 243048
5 1000 4232 0 1777797268 244658
4 990 7673 0 1777797268 249574
0 1018 14161 0 1777797268 254465
1 954 15641 0 1777797268 254473
6 1046 23451 0 1777797268 254477
3 1040 27221 0 1777797268 254736
5 1001 10076 0 1777797268 254742
2 986 13778 0 1777797268 256828
0 1019 3585 0 1777797268 258063
1 955 3579 0 1777797268 258068
2 987 6767 0 1777797268 263598
3 1041 8917 0 1777797268 263660
4 991 14091 0 1777797268 263667
5 1002 8919 0 1777797268 263676
0 1020 8182 0 1777797268 266252
1 956 8203 0 1777797268 266281
6 1047 11796 0 1777797268 266291
0 1021 5784 0 1777797268 272076
1 957 5778 0 1777797268 272086
2 988 8416 0 1777797268 272093
5 1003 8398 0 1777797268 272100
6 1048 9438 0 1777797268 275817
2 989 7085 0 1777797268 279206
3 1042 15526 0 1777797268 279214
4 992 15525 0 1777797268 279220
0 1022 11476 0 1777797268 283578
5 1004 11597 0 1777797268 283725
1 958 19522 0 1777797268 291636
0 1023 15117 0 1777797268 298844
1 959 7211 0 1777797268 298849
2 990 19632 0 1777797268 298853
3 1043 19617 0 1777797268 298857
4 993 19608 0 1777797268 298862
5 1005 14812 0 1777797268 298867
6 1049 23052 0 1777797268 298871
3 1044 7419 0 1777797268 306307
0 1024 16740 0 1777797268 315612
1 960 16742 0 1777797268 315619
2 991 16743 0 1777797268 315625
3 1045 9316 0 1777797268 315630
4 994 16773 0 1777797268 315665
6 1050 16770 0 1777797268 315674
5 1006 18714 0 1777797268 317613
1 961 7641 0 1777797268 323326
6 1051 7615 0 1777797268 323335
1 962 7527 0 1777797268 330863
2 992 15178 0 1777797268 330871
6 1052 7524 0 1777797268 330877
3 1046 21438 0 1777797268 337140
0 1025 23235 0 1777797268 338910
4 995 33776 0 1777797268 349486
3 1047 15086 0 1777797268 352229
5 1007 34627 0 1777797268 352242
0 1026 18119 0 1777797268 357030
3 1048 4795 0 1777797268 357038
5 1008 4820 0 1777797268 357080
4 996 9324 0 1777797268 358812
6 1053 31277 0 1777797268 362177
4 997 12466 0 1777797268 371286
0 1027 15229 0 1777797268 372310
3 1049 15225 0 1777797268 372318
5 1009 15215 0 1777797268 372327
6 1054 11001 0 1777797268 373184
4 998 7628 0 1777797268 378917
3 1050 7241 0 1777797268 379603
3 1051 7394 0 1777797268 387001
6 1055 15737 0 1777797268 388925
1 963 58564 0 1777797268 389443
3 1052 2601 0 1777797268 389606
3 1053 2071 0 1777797268 391679
2 993 62382 0 1777797268 393275
3 1054 1610 0 1777797268 393292
2 994 3055 0 1777797268 396349
5 1010 23985 0 1777797268 396357
3 1055 3080 0 1777797268 396421
1 964 10214 0 1777797268 399658
0 1028 29060 0 1777797268 401388
3 1056 4970 0 1777797268 401393
6 1056 12470 0 1777797268 401398
2 995 6474 0 1777797268 402832
1 965 3430 0 1777797268 403147
4 999 24731 0 1777797268 403652
5 1011 9632 0 1777797268 405999
0 1029 6422 0 1777797268 407820
6 1057 11382 0 1777797268 412793
3 1057 11417 0 1777797268 412822
4 1000 10103 0 1777797268 413757
5 1012 8465 0 1777797268 414470
1 966 18558 0 1777797268 421708
2 996 18882 0 1777797268 421716
4 1001 7964 0 1777797268 421722
6 1058 8929 0 1777797268 421729
0 1030 14608 0 1777797268 422444
3 1058 9631 0 1777797268 422454
5 1013 7989 0 1777797268 422460
1 967 8492 0 1777797268 430221
4 1002 8480 0 1777797268 430226
0 1031 9906 0 1777797268 432367
3 1059 9872 0 1777797268 432375
6 1059 14814 0 1777797268 436566
1 968 7410 0 1777797268 437637
2 997 15906 0 1777797268 437645
4 1003 7418 0 1777797268 437651
5 1014 15144 0 1777797268 437657
0 1032 7417 0 1777797268 439793
3 1060 10292 0 1777797268 442684
6 1060 6130 0 1777797268 442698
0 1033 25054 0 1777797268 464849
1 969 27212 0 1777797268 464870
2 998 27233 0 1777797268 464900
3 1061 22210 0 1777797268 464909
4 1004 27243 0 1777797268 464917
5 1015 27308 0 1777797268 464989
6 1061 26460 0 1777797268 469171
3 1062 16841 0 1777797268 481869
1 970 20808 0 1777797268 485820
2 999 20809 0 1777797268 485830
4 1005 20800 0 1777797268 485834
0 1034 38098 0 1777797268 503088
5 1016 38061 0 1777797268 503101
6 1062 75410 0 1777797268 544582
0 1035 55589 0 1777797268 558690
2 1000 72851 0 1777797268 558695
4 1006 72847 0 1777797268 558698
1 971 83431 0 1777797268 569268
3 1063 87406 0 1777797268 569282
5 1017 66172 0 1777797268 569289
0 1036 33235 0 1777797268 591935
2 1001 33280 0 1777797268 591985
4 1007 33284 0 1777797268 591992
1 972 22802 0 1777797268 592092
6 1063 47515 0 1777797268 592099
5 1018 24034 0 1777797268 593350
1 973 19706 0 1777797268 611806
2 1002 19812 0 1777797268 611815
3 1064 42513 0 1777797268 611822
0 1037 23580 0 1777797268 615574
4 1008 23511 0 1777797268 615583
1 974 17968 0 1777797268 629790
6 1064 37670 0 1777797268 629800
0 1038 21890 0 1777797268 637474
2 1003 25651 0 1777797268 637482
3 1065 25600 0 1777797268 637488
4 1009 21900 0 1777797268 637496
5 1019 44151 0 1777797268 637502
1 975 14276 0 1777797268 644077
6 1065 14268 0 1777797268 644088
2 1004 10147 0 1777797268 647661
4 1010 10138 0 1777797268 647668
3 1066 10493 0 1777797268 648015
5 1020 11324 0 1777797268 648862
0 1039 19706 0 1777797268 657209
4 1011 33836 0 1777797268 681516
0 1040 24340 0 1777797268 681555
1 976 38033 0 1777797268 682121
3 1067 34107 0 1777797268 682125
2 1005 48081 0 1777797268 695750
5 1021 46897 0 1777797268 695760
6 1066 51672 0 1777797268 695767
3 1068 18371 0 1777797268 700503
5 1022 4734 0 1777797268 700513
4 1012 23407 0 1777797268 704933
4 1013 4908 0 1777797268 709843
5 1023 9325 0 1777797268 709853
6 1067 14073 0 1777797268 709860
3 1069 14421 0 1777797268 714936
6 1068 7662 0 1777797268 717542
0 1041 39370 0 1777797268 720926
5 1024 11093 0 1777797268 720965
1 977 44419 0 1777797268 726544
4 1014 17267 0 1777797268 727128
2 1006 31672 0 1777797268 727440
5 1025 12955 0 1777797268 733933
0 1042 13842 0 1777797268 734808
4 1015 9070 0 1777797268 736200
0 1043 6617 0 1777797268 741427
0 1044 2401 0 1777797268 743845
4 1016 7659 0 1777797268 743862
3 1070 33234 0 1777797268 748175
1 978 21686 0 1777797268 748232
2 1007 22048 0 1777797268 749491
4 1017 9414 0 1777797268 753288
0 1045 16519 0 1777797268 760383
3 1071 15375 0 1777797268 763556
5 1026 29912 0 1777797268 763846
0 1046 4547 0 1777797268 764933
4 1018 26061 0 1777797268 779351
6 1069 61816 0 1777797268 779360
2 1008 30280 0 1777797268 779774
1 979 34100 0 1777797268 782334
0 1047 19301 0 1777797268 784237
3 1072 20686 0 1777797268 784247
5 1027 20403 0 1777797268 784251
4 1019 12095 0 1777797268 791456
6 1070 17728 0 1777797268 797100
2 1009 19988 0 1777797268 799766
4 1020 11735 0 1777797268 803202
5 1028 21313 0 1777797268 805584
1 980 24346 0 1777797268 806686
6 1071 9616 0 1777797268 806718
3 1073 39066 0 1777797268 823331
0 1048 44609 0 1777797268 828860
1 981 22176 0 1777797268 828869
4 1021 25670 0 1777797268 828874
6 1072 22162 0 1777797268 828881
5 1029 23332 0 1777797268 828924
2 1010 29172 0 1777797268 828940
3 1074 9818 0 1777797268 833185
1 982 7378 0 1777797268 836271
0 1049 9017 0 1777797268 837900
2 1011 12922 0 1777797268 841863
4 1022 12971 0 1777797268 841872
6 1073 12982 0 1777797268 841891
5 1030 14815 0 1777797268 843740
2 1012 4314 0 1777797268 846207
4 1023 4802 0 1777797268 846705
1 983 15429 0 1777797268 851708
3 1075 18533 0 1777797268 851719
0 1050 15350 0 1777797268 853255
4 1024 11005 0 1777797268 857711
2 1013 13305 0 1777797268 859517
5 1031 15792 0 1777797268 859535
3 1076 13237 0 1777797268 864967
5 1032 6209 0 1777797268 865756
2 1014 11120 0 1777797268 870656
5 1033 4916 0 1777797268 870675
1 984 20957 0 1777797268 872679
5 1034 2154 0 1777797268 872844
4 1025 15539 0 1777797268 873252
0 1051 21235 0 1777797268 874499
3 1077 9537 0 1777797268 874506
1 985 3541 0 1777797268 876226
2 1015 5564 0 1777797268 876240
3 1078 2696 0 1777797268 877214
5 1035 4384 0 1777797268 877229
5 1036 5862 0 1777797268 883105
3 1079 12916 0 1777797268 890147
5 1037 8528 0 1777797268 891635
2 1016 16693 0 1777797268 892955
0 1052 30723 0 1777797268 905231
1 986 28997 0 1777797268 905239
2 1017 14083 0 1777797268 907041
4 1026 33797 0 1777797268 907051
3 1080 17899 0 1777797268 908053
5 1038 16418 0 1777797268 908058
6 1074 66153 0 1777797268 908063
0 1053 5604 0 1777797268 910845
0 1054 10885 0 1777797268 921736
1 987 16493 0 1777797268 921745
2 1018 14699 0 1777797268 921751
3 1081 13693 0 1777797268 921757
4 1027 14712 0 1777797268 921775
5 1039 13741 0 1777797268 921812
6 1075 13743 0 1777797268 921820
0 1055 9313 0 1777797268 931134
1 988 9319 0 1777797268 931152
2 1019 9850 0 1777797268 931692
4 1028 9835 0 1777797268 931702
5 1040 11698 0 1777797268 933579
6 1076 11697 0 1777797268 933585
0 1056 9049 0 1777797268 940204
3 1082 18370 0 1777797268 940222
1 989 16290 0 1777797268 947492
2 1020 15793 0 1777797268 947497
4 1029 15786 0 1777797268 947501
5 1041 13919 0 1777797268 947505
6 1077 13912 0 1777797268 947509
3 1083 14203 0 1777797268 954438
0 1057 14803 0 1777797268 955027
6 1078 14728 0 1777797268 962263
1 990 18762 0 1777797268 966272
4 1030 18752 0 1777797268 966276
5 1042 18750 0 1777797268 966279
2 1021 21495 0 1777797268 969011
0 1058 23598 0 1777797268 978628
3 1084 24195 0 1777797268 978635
6 1079 21365 0 1777797268 983639
2 1022 22772 0 1777797268 991785
5 1043 25511 0 1777797268 991800
1 991 32266 0 1777797268 998546
4 1031 32271 0 1777797268 998556
0 1059 25162 0 1777797269 3798
2 1023 12006 0 1777797269 3807
3 1085 25173 0 1777797269 3814
5 1044 12009 0 1777797269 3821
6 1080 20177 0 1777797269 3827
4 1032 21351 0 1777797269 19920
0 1060 18644 0 1777797269 22473
1 992 23930 0 1777797269 22487
3 1086 23781 0 1777797269 27628
2 1024 61866 0 1777797269 65705
3 1087 38094 0 1777797269 65724
4 1033 45816 0 1777797269 65738
5 1045 61906 0 1777797269 65762
6 1081 61896 0 1777797269 65771
1 993 44580 0 1777797269 67092
0 1061 48966 0 1777797269 71455
2 1025 5690 0 1777797269 71462
0 1062 7742 0 1777797269 79207
2 1026 7768 0 1777797269 79241
5 1046 13446 0 1777797269 79255
3 1088 15478 0 1777797269 81270
4 1034 15477 0 1777797269 81278
6 1082 15469 0 1777797269 81285
4 1035 4245 0 1777797269 85542
6 1083 4348 0 1777797269 85653
5 1047 13395 0 1777797269 92683
0 1063 17065 0 1777797269 96321
2 1027 24541 0 1777797269 103819
5 1048 39656 0 1777797269 132343
3 1089 169716 0 1777797269 251002
1 994 190158 0 1777797269 257257
4 1036 171876 0 1777797269 257422
6 1084 171775 0 1777797269 257429
3 1090 9808 0 1777797269 260811
0 1064 167310 0 1777797269 263633
0 1065 9838 0 1777797269 273472
6 1085 15983 0 1777797269 273481
1 995 20070 0 1777797269 277500
3 1091 41951 0 1777797269 302764
4 1037 45300 0 1777797269 302775
2 1028 209998 0 1777797269 313827
5 1049 181484 0 1777797269 313839
1 996 39077 0 1777797269 316578
3 1092 13864 0 1777797269 316641
4 1038 13856 0 1777797269 316659
0 1066 46490 0 1777797269 319972
6 1086 46476 0 1777797269 319980
0 1067 49955 0 1777797269 370019
1 997 53435 0 1777797269 370022
2 1029 56185 0 1777797269 370025
3 1093 53386 0 1777797269 370028
4 1039 53371 0 1777797269 370031
5 1050 56178 0 1777797269 370034
6 1087 49960 0 1777797269 370036
6 1088 18030 0 1777797269 388092
0 1068 22262 0 1777797269 392299
1 998 22277 0 1777797269 392319
4 1040 22274 0 1777797269 392327
0 1069 21722 0 1777797269 414050
4 1041 23319 0 1777797269 415723
1 999 27380 0 1777797269 419777
2 1030 51129 0 1777797269 421176
5 1051 53779 0 1777797269 423836
3 1094 68616 0 1777797269 438666
4 1042 41611 0 1777797269 457337
1 1000 37579 0 1777797269 457362
5 1052 33526 0 1777797269 457366
3 1095 18716 0 1777797269 457384
0 1070 55964 0 1777797269 470023
2 1031 48849 0 1777797269 470030
3 1096 57022 0 1777797269 514407
5 1053 57040 0 1777797269 514414
1 1001 57074 0 1777797269 514440
2 1032 44543 0 1777797269 514584
3 1097 17772 0 1777797269 532187
4 1043 74851 0 1777797269 532195
0 1071 62391 0 1777797269 532422
6 1089 144331 0 1777797269 532425
1 1002 27547 0 1777797269 541988
2 1033 27412 0 1777797269 541997
5 1054 27578 0 1777797269 542001
3 1098 17001 0 1777797269 549197
0 1072 27836 0 1777797269 560262
2 1034 18264 0 1777797269 560274
3 1099 11082 0 1777797269 560280
4 1044 28083 0 1777797269 560287
6 1090 27863 0 1777797269 560293
1 1003 21381 0 1777797269 563382
5 1055 21375 0 1777797269 563389
2 1035 11692 0 1777797269 572000
4 1045 11706 0 1777797269 572027
1 1004 11297 0 1777797269 574686
3 1100 14377 0 1777797269 574691
6 1091 14249 0 1777797269 574696
0 1073 17856 0 1777797269 578150
5 1056 14756 0 1777797269 578153
2 1036 8370 0 1777797269 580399
4 1046 8365 0 1777797269 580417
1 1005 13061 0 1777797269 587758
3 1101 13068 0 1777797269 587770
6 1092 16626 0 1777797269 591334
4 1047 16986 0 1777797269 597416
0 1074 19389 0 1777797269 597542
2 1037 17131 0 1777797269 597549
1 1006 10676 0 1777797269 598448
2 1038 6104 0 1777797269 603662
3 1102 15869 0 1777797269 603674
5 1057 25533 0 1777797269 603691
6 1093 12391 0 1777797269 603729
1 1007 7870 0 1777797269 606323
4 1048 8914 0 1777797269 606333
0 1075 10116 0 1777797269 607666
3 1103 3933 0 1777797269 607682
2 1039 4773 0 1777797269 608504
5 1058 5278 0 1777797269 609057
6 1094 9415 0 1777797269 613300
0 1076 5906 0 1777797269 613590
1 1008 7440 0 1777797269 613774
4 1049 7435 0 1777797269 613782
6 1095 3302 0 1777797269 616604
1 1009 10441 0 1777797269 624224
2 1040 15778 0 1777797269 624284
0 1077 10727 0 1777797269 624318
5 1059 15266 0 1777797269 624324
3 1104 22285 0 1777797269 629978
4 1050 16313 0 1777797269 630115
6 1096 13518 0 1777797269 630124
0 1078 8736 0 1777797269 633061
1 1010 8784 0 1777797269 633070
2 1041 8776 0 1777797269 633076
5 1060 8749 0 1777797269 633084
4 1051 6713 0 1777797269 636850
6 1097 7105 0 1777797269 637250
1 1011 11534 0 1777797269 644630
5 1061 11522 0 1777797269 644640
2 1042 13905 0 1777797269 647008
3 1105 16891 0 1777797269 647016
4 1052 9792 0 1777797269 647046
6 1098 9768 0 1777797269 647053
0 1079 21769 0 1777797269 654854
5 1062 10172 0 1777797269 654864
6 1099 9646 0 1777797269 656709
5 1063 3828 0 1777797269 658709
6 1100 5403 0 1777797269 662115
0 1080 8485 0 1777797269 663350
5 1064 12499 0 1777797269 671210
6 1101 10887 0 1777797269 673005
0 1081 10377 0 1777797269 673730
3 1106 26865 0 1777797269 673892
6 1102 2337 0 1777797269 675345
6 1103 5469 0 1777797269 680821
5 1065 13357 0 1777797269 684569
0 1082 16549 0 1777797269 690285
6 1104 9781 0 1777797269 690604
2 1043 52928 0 1777797269 699946
1 1012 55939 0 1777797269 700580
4 1053 54778 0 1777797269 701832
2 1044 9765 0 1777797269 709715
4 1054 14771 0 1777797269 716607
2 1045 6970 0 1777797269 716688
1 1013 18636 0 1777797269 719220
2 1046 11684 0 1777797269 728374
1 1014 28325 0 1777797269 747551
2 1047 20671 0 1777797269 749048
1 1015 12545 0 1777797269 760102
2 1048 11056 0 1777797269 760107
3 1107 86219 0 1777797269 760112
3 1108 6742 0 1777797269 766869
2 1049 27189 0 1777797269 787312
3 1109 20453 0 1777797269 787325
5 1066 102754 0 1777797269 787331
3 1110 45790 0 1777797269 833136
5 1067 45938 0 1777797269 833290
4 1055 116880 0 1777797269 833489
1 1016 77586 0 1777797269 837699
2 1050 59843 0 1777797269 847176
4 1056 31172 0 1777797269 864662
1 1017 29843 0 1777797269 867546
5 1068 44276 0 1777797269 877570
0 1083 195170 0 1777797269 885457
3 1111 88087 0 1777797269 921265
6 1105 230668 0 1777797269 921274
0 1084 36203 0 1777797269 921662
1 1018 54119 0 1777797269 921668
2 1051 74503 0 1777797269 921680
4 1057 57021 0 1777797269 921685
5 1069 44122 0 1777797269 921696
0 1085 12624 0 1777797269 934322
1 1019 12639 0 1777797269 934342
3 1112 13076 0 1777797269 934351
6 1106 13136 0 1777797269 934421
2 1052 27260 0 1777797269 948969
0 1086 29570 0 1777797269 963992
3 1113 29551 0 1777797269 963999
4 1058 42275 0 1777797269 964003
5 1070 42256 0 1777797269 964007
6 1107 31759 0 1777797269 966215
1 1020 33391 0 1777797269 967824
2 1053 38373 0 1777797269 987344
3 1114 23333 0 1777797269 987349
5 1071 23327 0 1777797269 987353
1 1021 32763 0 1777797270 588
0 1087 38076 0 1777797270 2083
6 1108 38361 0 1777797270 4578
0 1088 20028 0 1777797270 22112
1 1022 22468 0 1777797270 23057
3 1115 35707 0 1777797270 23066
2 1054 62868 0 1777797270 50221
4 1059 86211 0 1777797270 50232
5 1072 62877 0 1777797270 50241
1 1023 41164 0 1777797270 64231
3 1116 41173 0 1777797270 64256
6 1109 59847 0 1777797270 64427
0 1089 59751 0 1777797270 81866
1 1024 23677 0 1777797270 87914
4 1060 56075 0 1777797270 106331
5 1073 59289 0 1777797270 109554
6 1110 45142 0 1777797270 109570
0 1090 33267 0 1777797270 115137
1 1025 27220 0 1777797270 115145
2 1055 64909 0 1777797270 115151
3 1117 50900 0 1777797270 115157
5 1074 15469 0 1777797270 125055
6 1111 15481 0 1777797270 125073
1 1026 15941 0 1777797270 131110
2 1056 15958 0 1777797270 131137
3 1118 15960 0 1777797270 131146
1 1027 9026 0 1777797270 140174
2 1057 9019 0 1777797270 140197
3 1119 9011 0 1777797270 140204
4 1061 30676 0 1777797270 140247
5 1075 15159 0 1777797270 140259
6 1112 15096 0 1777797270 140266
0 1091 34902 0 1777797270 150060
3 1120 9800 0 1777797270 150082
4 1062 9717 0 1777797270 150089
1 1028 39436 0 1777797270 179703
2 1058 39443 0 1777797270 179718
5 1076 39346 0 1777797270 179725
6 1113 39336 0 1777797270 179730
0 1092 37157 0 1777797270 187247
2 1059 23881 0 1777797270 203620
3 1121 52019 0 1777797270 203651
4 1063 52016 0 1777797270 203660
5 1077 23923 0 1777797270 203667
1 1029 36119 0 1777797270 215850
6 1114 36110 0 1777797270 215860
0 1093 42973 0 1777797270 230222
5 1078 38032 0 1777797270 241802
1 1030 25964 0 1777797270 241825
2 1060 38161 0 1777797270 241829
3 1122 38127 0 1777797270 241834
4 1064 38083 0 1777797270 241838
6 1115 59769 0 1777797270 275640
0 1094 73922 0 1777797270 304147
2 1061 210877 0 1777797270 452721
3 1123 210946 0 1777797270 452795
5 1079 210997 0 1777797270 452801
0 1095 149440 0 1777797270 453594
1 1031 211764 0 1777797270 453602
4 1065 211754 0 1777797270 453607
6 1116 177991 0 1777797270 453633
2 1062 11803 0 1777797270 464533
5 1080 16372 0 1777797270 469186
5 1081 54502 0 1777797270 523698
1 1032 76673 0 1777797270 530316
2 1063 66016 0 1777797270 530553
3 1124 77755 0 1777797270 530557
6 1117 77043 0 1777797270 530700
4 1066 77533 0 1777797270 531182
0 1096 77900 0 1777797270 531534
5 1082 7840 0 1777797270 531540
0 1097 17162 0 1777797270 548703
1 1033 18390 0 1777797270 548708
3 1125 18146 0 1777797270 548712
4 1067 17532 0 1777797270 548716
6 1118 18018 0 1777797270 548720
5 1083 32664 0 1777797270 564211
2 1064 33669 0 1777797270 564228
0 1098 33709 0 1777797270 582430
3 1126 33705 0 1777797270 582437
4 1068 33702 0 1777797270 582441
6 1119 33703 0 1777797270 582446
1 1034 42431 0 1777797270 591157
2 1065 26938 0 1777797270 591166
5 1084 26960 0 1777797270 591173
0 1099 30370 0 1777797270 612817
3 1127 30376 0 1777797270 612830
6 1120 30376 0 1777797270 612839
4 1069 30463 0 1777797270 612921
5 1085 21715 0 1777797270 612928
2 1066 25498 0 1777797270 616705
5 1086 3780 0 1777797270 616717
3 1128 4982 0 1777797270 617869
6 1121 4975 0 1777797270 617875
0 1100 6305 0 1777797270 619145
4 1070 6386 0 1777797270 619315
1 1035 32086 0 1777797270 623260
2 1067 13200 0 1777797270 629919
5 1087 13194 0 1777797270 629926
3 1129 22289 0 1777797270 640165
0 1101 20891 0 1777797270 640208
4 1071 20876 0 1777797270 640216
1 1036 16982 0 1777797270 640245
5 1088 10638 0 1777797270 640570
6 1122 22692 0 1777797270 640575
2 1068 19343 0 1777797270 649269
3 1130 15083 0 1777797270 655259
2 1069 10116 0 1777797270 659386
1 1037 20245 0 1777797270 660491
4 1072 20277 0 1777797270 660503
6 1123 23302 0 1777797270 663883
0 1102 40385 0 1777797270 680601
1 1038 31201 0 1777797270 691706
3 1131 36463 0 1777797270 691728
4 1073 31199 0 1777797270 691755
5 1089 51187 0 1777797270 691762
6 1124 27882 0 1777797270 691767
6 1125 18683 0 1777797270 710480
3 1132 54599 0 1777797270 746377
3 1133 31831 0 1777797270 778209
4 1074 86494 0 1777797270 778279
0 1103 104698 0 1777797270 785301
1 1039 93542 0 1777797270 785310
5 1090 93526 0 1777797270 785317
2 1070 160077 0 1777797270 819466
6 1126 112376 0 1777797270 822867
3 1134 55758 0 1777797270 833978
0 1104 50754 0 1777797270 836071
2 1071 17217 0 1777797270 836685
5 1091 51360 0 1777797270 836691
6 1127 13828 0 1777797270 836697
3 1135 10528 0 1777797270 844512
2 1072 15773 0 1777797270 852472
3 1136 7964 0 1777797270 852479
5 1092 15770 0 1777797270 852485
1 1040 70814 0 1777797270 856138
6 1128 19420 0 1777797270 856144
2 1073 7594 0 1777797270 860080
3 1137 7590 0 1777797270 860085
5 1093 7586 0 1777797270 860089
0 1105 28515 0 1777797270 864589
4 1075 86319 0 1777797270 864600
6 1129 11422 0 1777797270 867572
1 1041 13582 0 1777797270 869726
3 1138 9634 0 1777797270 869730
2 1074 9760 0 1777797270 869850
5 1094 11580 0 1777797270 871977
0 1106 9091 0 1777797270 873692
4 1076 9083 0 1777797270 873696
6 1130 10845 0 1777797270 878418
1 1042 11877 0 1777797270 881608
6 1131 8568 0 1777797270 886988
0 1107 20104 0 1777797270 893801
6 1132 9121 0 1777797270 896111
1 1043 16403 0 1777797270 898021
1 1044 2754 0 1777797270 900777
0 1108 20737 0 1777797270 914540
1 1045 13765 0 1777797270 914545
2 1075 44698 0 1777797270 914549
4 1077 40793 0 1777797270 914552
5 1095 42601 0 1777797270 914581
3 1139 45930 0 1777797270 915769
3 1140 7769 0 1777797270 923539
0 1109 9425 0 1777797270 923978
4 1078 23888 0 1777797270 938458
2 1076 33963 0 1777797270 948529
4 1079 10102 0 1777797270 948561
6 1133 52454 0 1777797270 948569
5 1096 35610 0 1777797270 950192
4 1080 8325 0 1777797270 956895
1 1046 44122 0 1777797270 958682
2 1077 12825 0 1777797270 961358
4 1081 4469 0 1777797270 961366
2 1078 4851 0 1777797270 966218
4 1082 7288 0 1777797270 968664
2 1079 7202 0 1777797270 973424
4 1083 6092 0 1777797270 974758
5 1097 31668 0 1777797270 981864
1 1047 27595 0 1777797270 986281
2 1080 19838 0 1777797270 993264
0 1110 78102 0 1777797271 2082
5 1098 24672 0 1777797271 6540
0 1111 12885 0 1777797271 14976
1 1048 28698 0 1777797271 14982
4 1084 40227 0 1777797271 14986
2 1081 23652 0 1777797271 16920
5 1099 16016 0 1777797271 22566
0 1112 24883 0 1777797271 39870
3 1141 116339 0 1777797271 39886
4 1085 24888 0 1777797271 39892
1 1049 35906 0 1777797271 50903
2 1082 33994 0 1777797271 50916
5 1100 28357 0 1777797271 50925
6 1134 102350 0 1777797271 50931
0 1113 23492 0 1777797271 63384
3 1142 23490 0 1777797271 63399
4 1086 23491 0 1777797271 63406
0 1114 15059 0 1777797271 78467
1 1050 27545 0 1777797271 78478
4 1087 15048 0 1777797271 78485
2 1083 29690 0 1777797271 80634
3 1143 17223 0 1777797271 80652
5 1101 29705 0 1777797271 80657
6 1135 38802 0 1777797271 89762
0 1115 19540 0 1777797271 98026
0 1116 19843 0 1777797271 117872
1 1051 39284 0 1777797271 117890
2 1084 37237 0 1777797271 117895
3 1144 37231 0 1777797271 117900
4 1088 39289 0 1777797271 117905
5 1102 37237 0 1777797271 117911
1 1052 8183 0 1777797271 126106
2 1085 8236 0 1777797271 126163
3 1145 8238 0 1777797271 126172
5 1103 8232 0 1777797271 126176
6 1136 36413 0 1777797271 126181
4 1089 11264 0 1777797271 129204
0 1117 15147 0 1777797271 133058
1 1053 18520 0 1777797271 144702
5 1104 18510 0 1777797271 144708
6 1137 18510 0 1777797271 144712
2 1086 23111 0 1777797271 149299
3 1146 23110 0 1777797271 149304
0 1118 17528 0 1777797271 150592
4 1090 21396 0 1777797271 150602
3 1147 5198 0 1777797271 154510
6 1138 11685 0 1777797271 156858
2 1087 11109 0 1777797271 160413
6 1139 4865 0 1777797271 161727
0 1119 15787 0 1777797271 166390
1 1054 23652 0 1777797271 168389
3 1148 14070 0 1777797271 168587
1 1055 19912 0 1777797271 188302
4 1091 40005 0 1777797271 190618
0 1120 24381 0 1777797271 190773
3 1149 22915 0 1777797271 191505
0 1121 3415 0 1777797271 194190
1 1056 7048 0 1777797271 195365
0 1122 17680 0 1777797271 211924
1 1057 28137 0 1777797271 223507
3 1150 32002 0 1777797271 223512
6 1140 61789 0 1777797271 223518
3 1151 15791 0 1777797271 239317
1 1058 45172 0 1777797271 268690
2 1088 108283 0 1777797271 268699
5 1105 123859 0 1777797271 269028
4 1092 88790 0 1777797271 279420
0 1123 68812 0 1777797271 280744
3 1152 41427 0 1777797271 280749
6 1141 57221 0 1777797271 280752
1 1059 21079 0 1777797271 289779
2 1089 21057 0 1777797271 289783
5 1106 20758 0 1777797271 289787
4 1093 20577 0 1777797271 299998
6 1142 27871 0 1777797271 308635
0 1124 31337 0 1777797271 312090
3 1153 40468 0 1777797271 321226
5 1107 31432 0 1777797271 321230
2 1090 34897 0 1777797271 324690
1 1060 35795 0 1777797271 325582
4 1094 28564 0 1777797271 328567
0 1125 24803 0 1777797271 336903
5 1108 16011 0 1777797271 337247
6 1143 33502 0 1777797271 342144
3 1154 25758 0 1777797271 346989
2 1091 23980 0 1777797271 348671
1 1061 35443 0 1777797271 361027
5 1109 23778 0 1777797271 361038
4 1095 40368 0 1777797271 368940
3 1155 27931 0 1777797271 374969
6 1144 32825 0 1777797271 374974
2 1092 38489 0 1777797271 387163
0 1126 61602 0 1777797271 398850
1 1062 39684 0 1777797271 400722
5 1110 39681 0 1777797271 400730
4 1096 37843 0 1777797271 406790
4 1097 1914 0 1777797271 408709
1 1063 11139 0 1777797271 411871
4 1098 4118 0 1777797271 412829
4 1099 4080 0 1777797271 416915
3 1156 49554 0 1777797271 424529
6 1145 49499 0 1777797271 424532
4 1100 15008 0 1777797271 431930
6 1146 7958 0 1777797271 432497
3 1157 16082 0 1777797271 440616
1 1064 28780 0 1777797271 440655
4 1101 8730 0 1777797271 440663
5 1111 39931 0 1777797271 440670
3 1158 2601 0 1777797271 443224
4 1102 7903 0 1777797271 448584
6 1147 22144 0 1777797271 454642
4 1103 8639 0 1777797271 457225
4 1104 2553 0 1777797271 459779
0 1127 70509 0 1777797271 469364
0 1128 13411 0 1777797271 482818
0 1129 18154 0 1777797271 500973
2 1093 113812 0 1777797271 500999
6 1148 49793 0 1777797271 504438
0 1130 6270 0 1777797271 507249
4 1105 48250 0 1777797271 508030
6 1149 6220 0 1777797271 510661
1 1065 79373 0 1777797271 520044
4 1106 15691 0 1777797271 523722
3 1159 91854 0 1777797271 535080
0 1131 33450 0 1777797271 540702
1 1066 20673 0 1777797271 540721
5 1112 100049 0 1777797271 540738
6 1150 31172 0 1777797271 541834
2 1094 40984 0 1777797271 541983
4 1107 18261 0 1777797271 541986
3 1160 12282 0 1777797271 547366
1 1067 17569 0 1777797271 559528
4 1108 17540 0 1777797271 559532
5 1113 17568 0 1777797271 559535
0 1132 22024 0 1777797271 563860
2 1095 21885 0 1777797271 563872
3 1161 16512 0 1777797271 563879
5 1114 9135 0 1777797271 568680
1 1068 12410 0 1777797271 571946
4 1109 12414 0 1777797271 571956
1 1069 10542 0 1777797271 582498
2 1096 18619 0 1777797271 582509
3 1162 18618 0 1777797271 582516
5 1115 13840 0 1777797271 582523
6 1151 40559 0 1777797271 582531
4 1110 16739 0 1777797271 588706
0 1133 25183 0 1777797271 589063
1 1070 22189 0 1777797271 604722
0 1134 18399 0 1777797271 607464
4 1111 18763 0 1777797271 607470
3 1163 25066 0 1777797271 607616
5 1116 25071 0 1777797271 607629
2 1097 27408 0 1777797271 609950
6 1152 27390 0 1777797271 609955
1 1071 8668 0 1777797271 613391
0 1135 11986 0 1777797271 619457
4 1112 14617 0 1777797271 622096
2 1098 14910 0 1777797271 624865
5 1117 17228 0 1777797271 624872
6 1153 17795 0 1777797271 627755
1 1072 16428 0 1777797271 629822
3 1164 22201 0 1777797271 629831
0 1136 11641 0 1777797271 631103
4 1113 9003 0 1777797271 631110
2 1099 14204 0 1777797271 639077
5 1118 14252 0 1777797271 639133
6 1154 11377 0 1777797271 639139
3 1165 14524 0 1777797271 644366
4 1114 13264 0 1777797271 644386
1 1073 19139 0 1777797271 648971
0 1137 18791 0 1777797271 649902
3 1166 8840 0 1777797271 653231
1 1074 4277 0 1777797271 653250
0 1138 8184 0 1777797271 658087
6 1155 23654 0 1777797271 662811
1 1075 10756 0 1777797271 664008
5 1119 25340 0 1777797271 664490
0 1139 11949 0 1777797271 670037
2 1100 31041 0 1777797271 670181
4 1115 25746 0 1777797271 670184
3 1167 18628 0 1777797271 671861
5 1120 11676 0 1777797271 676167
2 1101 8614 0 1777797271 678799
0 1140 9595 0 1777797271 679634
6 1156 17874 0 1777797271 680686
4 1116 20295 0 1777797271 690485
6 1157 10442 0 1777797271 691130
0 1141 11634 0 1777797271 691270
1 1076 27265 0 1777797271 691273
5 1121 15109 0 1777797271 691277
2 1102 12496 0 1777797271 691296
2 1103 8392 0 1777797271 699688
5 1122 8405 0 1777797271 699692
4 1117 9223 0 1777797271 699709
6 1158 8583 0 1777797271 699713
0 1142 10769 0 1777797271 702046
1 1077 10768 0 1777797271 702051
5 1123 9429 0 1777797271 709128
2 1104 11611 0 1777797271 711304
3 1168 40294 0 1777797271 712157
5 1124 6188 0 1777797271 715317
3 1169 3991 0 1777797271 716149
0 1143 19635 0 1777797271 721686
6 1159 21975 0 1777797271 721692
1 1078 19654 0 1777797271 721711
2 1105 10861 0 1777797271 722167
5 1125 11820 0 1777797271 727138
6 1160 7828 0 1777797271 729529
0 1144 7986 0 1777797271 729679
2 1106 8577 0 1777797271 730744
1 1079 10573 0 1777797271 732284
3 1170 25556 0 1777797271 741706
1 1080 12149 0 1777797271 744434
3 1171 4393 0 1777797271 746101
0 1145 19258 0 1777797271 748939
0 1146 4400 0 1777797271 753340
4 1118 53634 0 1777797271 753347
5 1126 26229 0 1777797271 753369
1 1081 9352 0 1777797271 753787
3 1172 7689 0 1777797271 753791
6 1161 28185 0 1777797271 757715
3 1173 10822 0 1777797271 764619
1 1082 15018 0 1777797271 768810
0 1147 16412 0 1777797271 769760
3 1174 6471 0 1777797271 771092
4 1119 18225 0 1777797271 771579
1 1083 9049 0 1777797271 777860
3 1175 6780 0 1777797271 777873
3 1176 4351 0 1777797271 782238
1 1084 7463 0 1777797271 785337
4 1120 17123 0 1777797271 788703
0 1148 35853 0 1777797271 805614
1 1085 20291 0 1777797271 805629
3 1177 23398 0 1777797271 805639
6 1162 53728 0 1777797271 811444
1 1086 18741 0 1777797271 824434
0 1149 20329 0 1777797271 825969
5 1127 75166 0 1777797271 828536
3 1178 30721 0 1777797271 836424
2 1107 110161 0 1777797271 840907
0 1150 23149 0 1777797271 849119
1 1087 27180 0 1777797271 851617
3 1179 15864 0 1777797271 852294
6 1163 44495 0 1777797271 855951
0 1151 14961 0 1777797271 864082
2 1108 23183 0 1777797271 864091
3 1180 11798 0 1777797271 864094
5 1128 35557 0 1777797271 864098
1 1088 12509 0 1777797271 864128
6 1164 14275 0 1777797271 870229
4 1121 82146 0 1777797271 870855
1 1089 10028 0 1777797271 874157
2 1109 10857 0 1777797271 874964
4 1122 5257 0 1777797271 876113
6 1165 6424 0 1777797271 876655
6 1166 1548 0 1777797271 878204
3 1181 18904 0 1777797271 883016
0 1152 18937 0 1777797271 883035
4 1123 9981 0 1777797271 886096
1 1090 13339 0 1777797271 887522
6 1167 15289 0 1777797271 893494
0 1153 17229 0 1777797271 900264
1 1091 12746 0 1777797271 900269
6 1168 9687 0 1777797271 903182
3 1182 23242 0 1777797271 906261
5 1129 42148 0 1777797271 906265
4 1124 22021 0 1777797271 908119
0 1154 21920 0 1777797271 922190
3 1183 15929 0 1777797271 922195
0 1155 4315 0 1777797271 926510
1 1092 26242 0 1777797271 926519
4 1125 18399 0 1777797271 926539
5 1130 20297 0 1777797271 926567
6 1169 23393 0 1777797271 926577
2 1110 53915 0 1777797271 928881
3 1184 9115 0 1777797271 931315
1 1093 9612 0 1777797271 936213
5 1131 9584 0 1777797271 936218
6 1170 9580 0 1777797271 936222
0 1156 11365 0 1777797271 937942
3 1185 6631 0 1777797271 937948
2 1111 15788 0 1777797271 944677
0 1157 8785 0 1777797271 946733
5 1132 12578 0 1777797271 948809
4 1126 22565 0 1777797271 949189
1 1094 17794 0 1777797271 954017
3 1186 16115 0 1777797271 954070
4 1127 4895 0 1777797271 954085
6 1171 17855 0 1777797271 954093
0 1158 11570 0 1777797271 960381
1 1095 6305 0 1777797271 960399
2 1112 15788 0 1777797271 960467
6 1172 6334 0 1777797271 960476
0 1159 4319 0 1777797271 964797
2 1113 4304 0 1777797271 964812
3 1187 10697 0 1777797271 964820
4 1128 10692 0 1777797271 964826
6 1173 4316 0 1777797271 964832
1 1096 5269 0 1777797271 965767
5 1133 21702 0 1777797271 970526
6 1174 7935 0 1777797271 973038
1 1097 8438 0 1777797271 974206
2 1114 9131 0 1777797271 974216
6 1175 2719 0 1777797271 975761
1 1098 3125 0 1777797271 977342
4 1129 12427 0 1777797271 977524
5 1134 7429 0 1777797271 977957
6 1176 3640 0 1777797271 979403
1 1099 2153 0 1777797271 979504
0 1160 17729 0 1777797271 982562
1 1100 3084 0 1777797271 982589
3 1188 17503 0 1777797271 982595
2 1115 14979 0 1777797271 989205
6 1177 9805 0 1777797271 989210
0 1161 16185 0 1777797271 998780
3 1189 16174 0 1777797271 998784
6 1178 10144 0 1777797271 999363
2 1116 12121 0 1777797272 1332
5 1135 23376 0 1777797272 1339
1 1101 20345 0 1777797272 2949
4 1130 25429 0 1777797272 2954
0 1162 7588 0 1777797272 6372
3 1190 7586 0 1777797272 6376
2 1117 7829 0 1777797272 9169
4 1131 6358 0 1777797272 9319
6 1179 9961 0 1777797272 9324
1 1102 9508 0 1777797272 12462
3 1191 6088 0 1777797272 12470
5 1136 11129 0 1777797272 12477
0 1163 7063 0 1777797272 13441
4 1132 10932 0 1777797272 20263
6 1180 11006 0 1777797272 20341
0 1164 11620 0 1777797272 25063
1 1103 12594 0 1777797272 25073
2 1118 15755 0 1777797272 25079
3 1192 12593 0 1777797272 25087
5 1137 12590 0 1777797272 25093
6 1181 10981 0 1777797272 31353
2 1119 10279 0 1777797272 35396
0 1165 11951 0 1777797272 37045
3 1193 12433 0 1777797272 37619
1 1104 15964 0 1777797272 41071
2 1120 10970 0 1777797272 46368
5 1138 21181 0 1777797272 46375
0 1166 9845 0 1777797272 46895
3 1194 9280 0 1777797272 46902
6 1182 15550 0 1777797272 46909
0 1167 7764 0 1777797272 54674
3 1195 7767 0 1777797272 54684
4 1133 34346 0 1777797272 54690
6 1183 7771 0 1777797272 54696
2 1121 9084 0 1777797272 55476
1 1105 22834 0 1777797272 63907
5 1139 17480 0 1777797272 63915
5 1140 3490 0 1777797272 67417
6 1184 12659 0 1777797272 67431
0 1168 16742 0 1777797272 71439
1 1106 7531 0 1777797272 71447
3 1196 16745 0 1777797272 71453
4 1134 17637 0 1777797272 72360
0 1169 3483 0 1777797272 74938
1 1107 5009 0 1777797272 76475
3 1197 4941 0 1777797272 76482
6 1185 11054 0 1777797272 78530
4 1135 9780 0 1777797272 82144
0 1170 17661 0 1777797272 92602
1 1108 24669 0 1777797272 101152
2 1122 45683 0 1777797272 101161
3 1198 24659 0 1777797272 101165
5 1141 33738 0 1777797272 101170
4 1136 22615 0 1777797272 104761
0 1171 17630 0 1777797272 110233
6 1186 31724 0 1777797272 110260
1 1109 15061 0 1777797272 116232
4 1137 12797 0 1777797272 117730
0 1172 15106 0 1777797272 125367
1 1110 9141 0 1777797272 125377
6 1187 13698 0 1777797272 125427
2 1123 27595 0 1777797272 128773
4 1138 11044 0 1777797272 128787
1 1111 13508 0 1777797272 138950
3 1199 41758 0 1777797272 142943
4 1139 26357 0 1777797272 155157
6 1188 35659 0 1777797272 161109
5 1142 60597 0 1777797272 161784
3 1200 30187 0 1777797272 173131
4 1140 17974 0 1777797272 173134
1 1112 35351 0 1777797272 174312
6 1189 16555 0 1777797272 177666
1 1113 5309 0 1777797272 179622
4 1141 20753 0 1777797272 193893
2 1124 69606 0 1777797272 198394
2 1125 1107 0 1777797272 199503
1 1114 25248 0 1777797272 204872
2 1126 5871 0 1777797272 205376
3 1201 34354 0 1777797272 207488
1 1115 6046 0 1777797272 210919
1 1116 4128 0 1777797272 215049
6 1190 37450 0 1777797272 215119
0 1173 103226 0 1777797272 228654
4 1142 34766 0 1777797272 228660
3 1202 21355 0 1777797272 228845
2 1127 26655 0 1777797272 232031
6 1191 20002 0 1777797272 235127
0 1174 7208 0 1777797272 235868
5 1143 75237 0 1777797272 237022
3 1203 10991 0 1777797272 239837
2 1128 10022 0 1777797272 242054
4 1143 16697 0 1777797272 245366
3 1204 9047 0 1777797272 248885
4 1144 6641 0 1777797272 252009
3 1205 8747 0 1777797272 257640
3 1206 14248 0 1777797272 271891
4 1145 19888 0 1777797272 271898
5 1144 35496 0 1777797272 272519
0 1175 54408 0 1777797272 290277
4 1146 18375 0 1777797272 290281
6 1192 60271 0 1777797272 295400
0 1176 22501 0 1777797272 312783
6 1193 17363 0 1777797272 312794
1 1117 98236 0 1777797272 313356
3 1207 43499 0 1777797272 315399
2 1129 73914 0 1777797272 315969
6 1194 7600 0 1777797272 320410
1 1118 7093 0 1777797272 320451
6 1195 1909 0 1777797272 322330
6 1196 2133 0 1777797272 324465
2 1130 8863 0 1777797272 324836
6 1197 770 0 1777797272 325241
0 1177 15726 0 1777797272 328522
4 1147 38261 0 1777797272 328550
1 1119 12607 0 1777797272 333059
2 1131 16131 0 1777797272 340970
0 1178 17319 0 1777797272 345872
3 1208 30480 0 1777797272 345881
4 1148 17334 0 1777797272 345908
5 1145 73393 0 1777797272 345914
6 1198 20734 0 1777797272 345977
2 1132 8540 0 1777797272 349512
6 1199 8978 0 1777797272 354990
2 1133 24572 0 1777797272 374093
3 1209 28114 0 1777797272 374104
0 1179 33655 0 1777797272 379633
1 1120 46584 0 1777797272 379645
4 1149 33655 0 1777797272 379652
6 1200 25834 0 1777797272 380826
3 1210 15420 0 1777797272 389537
2 1134 21249 0 1777797272 395355
0 1180 17966 0 1777797272 397619
1 1121 29851 0 1777797272 409516
2 1135 14160 0 1777797272 409525
3 1211 19992 0 1777797272 409532
5 1146 63582 0 1777797272 409586
6 1201 28800 0 1777797272 409629
4 1150 30899 0 1777797272 410573
2 1136 4386 0 1777797272 414035
6 1202 4360 0 1777797272 414046
4 1151 3874 0 1777797272 414449
5 1147 4777 0 1777797272 414455
4 1152 12366 0 1777797272 426823
5 1148 16105 0 1777797272 430571
4 1153 4121 0 1777797272 430948
5 1149 2369 0 1777797272 432942
4 1154 8281 0 1777797272 439231
2 1137 25236 0 1777797272 439283
6 1203 25231 0 1777797272 439287
6 1204 4868 0 1777797272 444160
5 1150 12619 0 1777797272 445562
2 1138 6680 0 1777797272 445968
3 1212 53769 0 1777797272 463437
6 1205 19929 0 1777797272 464090
1 1122 56351 0 1777797272 465981
2 1139 21118 0 1777797272 467087
3 1213 4219 0 1777797272 467659
0 1181 72557 0 1777797272 470185
4 1155 30956 0 1777797272 470190
1 1123 11646 0 1777797272 477629
5 1151 33293 0 1777797272 478862
3 1214 12681 0 1777797272 480341
4 1156 10687 0 1777797272 480883
3 1215 3976 0 1777797272 484325
2 1140 21217 0 1777797272 488315
0 1182 19897 0 1777797272 490089
2 1141 3423 0 1777797272 491740
5 1152 13946 0 1777797272 492809
0 1183 4929 0 1777797272 495019
6 1206 32027 0 1777797272 496123
2 1142 9342 0 1777797272 501083
2 1143 5132 0 1777797272 506217
2 1144 2819 0 1777797272 509037
4 1157 29265 0 1777797272 510149
0 1184 17093 0 1777797272 512113
4 1158 1967 0 1777797272 512118
4 1159 3739 0 1777797272 515863
4 1160 2284 0 1777797272 518155
6 1207 23656 0 1777797272 519780
2 1145 14266 0 1777797272 523304
3 1216 39547 0 1777797272 523875
1 1124 53434 0 1777797272 531074
5 1153 38270 0 1777797272 531081
0 1185 18981 0 1777797272 531100
4 1161 12948 0 1777797272 531104
0 1186 4510 0 1777797272 535614
4 1162 4510 0 1777797272 535619
3 1217 21521 0 1777797272 545402
6 1208 25633 0 1777797272 545414
1 1125 17916 0 1777797272 548999
4 1163 13395 0 1777797272 549021
0 1187 15279 0 1777797272 550899
6 1209 8395 0 1777797272 553821
5 1154 25514 0 1777797272 556604
1 1126 8557 0 1777797272 557580
2 1146 36322 0 1777797272 559628
0 1188 9684 0 1777797272 560598
4 1164 13498 0 1777797272 562532
6 1210 8724 0 1777797272 562547
0 1189 5997 0 1777797272 566597
2 1147 6984 0 1777797272 566614
1 1127 10457 0 1777797272 568039
2 1148 3745 0 1777797272 570369
0 1190 5205 0 1777797272 571820
5 1155 15565 0 1777797272 572180
3 1218 31880 0 1777797272 577295
0 1191 6436 0 1777797272 578258
1 1128 10226 0 1777797272 578268
2 1149 7911 0 1777797272 578282
4 1165 15745 0 1777797272 578293
6 1211 16031 0 1777797272 578591
5 1156 7107 0 1777797272 579289
2 1150 2885 0 1777797272 581225
4 1166 6463 0 1777797272 584811
3 1219 12205 0 1777797272 589502
6 1212 10919 0 1777797272 589512
0 1192 17068 0 1777797272 595362
2 1151 14139 0 1777797272 595369
4 1167 10561 0 1777797272 595374
5 1157 16088 0 1777797272 595379
6 1213 7866 0 1777797272 597400
2 1152 8903 0 1777797272 604290
3 1220 14788 0 1777797272 604301
0 1193 11096 0 1777797272 606476
6 1214 9085 0 1777797272 606487
4 1168 12513 0 1777797272 607906
5 1158 12970 0 1777797272 608367
2 1153 7766 0 1777797272 612069
3 1221 9132 0 1777797272 613452
0 1194 17699 0 1777797272 624187
2 1154 12138 0 1777797272 624209
3 1222 10763 0 1777797272 624217
4 1169 16255 0 1777797272 624225
6 1215 17734 0 1777797272 624232
1 1129 51740 0 1777797272 630042
5 1159 21690 0 1777797272 630062
0 1195 12237 0 1777797272 636471
3 1223 12217 0 1777797272 636479
4 1170 12217 0 1777797272 636487
6 1216 12214 0 1777797272 636493
1 1130 9261 0 1777797272 639325
0 1196 5075 0 1777797272 641568
4 1171 5066 0 1777797272 641575
0 1197 12087 0 1777797272 653664
1 1131 14381 0 1777797272 653708
4 1172 12177 0 1777797272 653764
5 1160 23727 0 1777797272 653802
6 1217 17303 0 1777797272 653819
3 1224 17641 0 1777797272 654143
2 1155 32709 0 1777797272 656962
0 1198 13960 0 1777797272 667781
1 1132 13955 0 1777797272 667791
2 1156 10831 0 1777797272 667795
3 1225 13653 0 1777797272 667798
4 1173 13913 0 1777797272 667802
5 1161 13796 0 1777797272 667805
6 1218 13757 0 1777797272 667809
4 1174 13886 0 1777797272 681722
0 1199 14325 0 1777797272 682134
1 1133 18125 0 1777797272 685945
3 1226 23967 0 1777797272 691797
5 1162 23976 0 1777797272 691816
6 1219 23984 0 1777797272 691829
0 1200 17078 0 1777797272 699214
2 1157 31409 0 1777797272 699234
4 1175 17516 0 1777797272 699243
1 1134 22823 0 1777797272 708774
3 1227 16951 0 1777797272 708781
5 1163 16873 0 1777797272 709034
6 1220 16858 0 1777797272 709058
2 1158 26979 0 1777797272 726250
5 1164 17172 0 1777797272 726254
0 1201 31659 0 1777797272 730904
1 1135 21858 0 1777797272 730917
3 1228 21852 0 1777797272 730925
4 1176 31652 0 1777797272 730933
6 1221 21843 0 1777797272 730940
5 1165 22439 0 1777797272 748700
0 1202 34060 0 1777797272 765001
4 1177 34028 0 1777797272 765004
5 1166 16994 0 1777797272 765698
6 1222 41209 0 1777797272 772196
1 1136 41314 0 1777797272 772271
2 1159 48364 0 1777797272 774618
3 1229 56988 0 1777797272 787955
0 1203 28382 0 1777797272 793388
2 1160 18776 0 1777797272 793396
6 1223 26158 0 1777797272 798365
1 1137 26249 0 1777797272 798523
4 1178 38347 0 1777797272 803357
3 1230 19506 0 1777797272 807466
0 1204 14112 0 1777797272 807508
4 1179 5560 0 1777797272 808920
1 1138 14626 0 1777797272 813151
6 1224 14789 0 1777797272 813159
2 1161 21793 0 1777797272 815200
3 1231 7794 0 1777797272 815272
5 1167 49585 0 1777797272 815285
4 1180 6576 0 1777797272 815498
1 1139 7099 0 1777797272 820260
3 1232 5090 0 1777797272 820387
4 1181 6809 0 1777797272 822309
5 1168 8187 0 1777797272 823491
5 1169 2764 0 1777797272 826258
0 1205 21459 0 1777797272 828968
1 1140 11393 0 1777797272 831656
0 1206 8601 0 1777797272 837572
1 1141 7204 0 1777797272 838870
6 1225 25709 0 1777797272 838879
5 1170 19996 0 1777797272 846257
1 1142 10668 0 1777797272 849548
6 1226 10665 0 1777797272 849557
6 1227 10012 0 1777797272 859581
1 1143 19367 0 1777797272 868926
3 1233 48585 0 1777797272 868973
4 1182 46672 0 1777797272 868983
5 1171 22751 0 1777797272 869019
5 1172 8523 0 1777797272 877619
5 1173 19643 0 1777797272 897266
0 1207 80143 0 1777797272 917721
1 1144 48705 0 1777797272 917726
2 1162 102444 0 1777797272 917730
6 1228 61988 0 1777797272 921571
1 1145 11925 0 1777797272 929661
2 1163 15221 0 1777797272 932962
5 1174 35705 0 1777797272 932973
1 1146 10107 0 1777797272 939771
2 1164 9699 0 1777797272 942673
5 1175 9693 0 1777797272 942681
2 1165 3058 0 1777797272 945740
0 1208 44403 0 1777797272 962133
1 1147 22363 0 1777797272 962140
2 1166 16409 0 1777797272 962157
3 1234 93122 0 1777797272 962164
6 1229 40598 0 1777797272 962172
4 1183 93483 0 1777797272 962535
5 1176 21045 0 1777797272 963737
2 1167 7146 0 1777797272 969338
3 1235 9862 0 1777797272 972061
4 1184 9655 0 1777797272 972192
6 1230 10633 0 1777797272 972839
0 1209 17946 0 1777797272 980119
1 1148 17948 0 1777797272 980129
2 1168 10795 0 1777797272 980136
3 1236 8078 0 1777797272 980141
5 1177 16408 0 1777797272 980147
6 1231 8862 0 1777797272 981705
0 1210 3842 0 1777797272 983990
4 1185 11804 0 1777797272 983998
1 1149 10542 0 1777797272 990779
2 1169 10476 0 1777797272 990786
5 1178 10482 0 1777797272 990812
0 1211 16342 0 1777797273 341
3 1237 20035 0 1777797273 357
4 1186 16401 0 1777797273 410
6 1232 18874 0 1777797273 580
2 1170 16204 0 1777797273 7025
1 1150 25320 0 1777797273 16134
5 1179 25314 0 1777797273 16142
2 1171 11146 0 1777797273 18179
6 1233 17503 0 1777797273 18193
1 1151 3694 0 1777797273 19838
3 1238 19232 0 1777797273 19855
0 1212 30016 0 1777797273 30598
3 1239 10751 0 1777797273 30628
4 1187 29958 0 1777797273 30637
5 1180 14492 0 1777797273 30645
6 1234 12429 0 1777797273 30651
0 1213 3253 0 1777797273 33906
1 1152 14067 0 1777797273 33924
2 1172 15738 0 1777797273 33932
3 1240 3267 0 1777797273 33938
4 1188 3274 0 1777797273 33954
5 1181 3273 0 1777797273 33961
6 1235 3272 0 1777797273 33969
0 1214 8273 0 1777797273 42243
1 1153 8223 0 1777797273 42251
3 1241 8229 0 1777797273 42272
4 1189 8228 0 1777797273 42279
5 1182 8226 0 1777797273 42284
6 1236 8217 0 1777797273 42288
2 1173 12533 0 1777797273 46570
0 1215 7281 0 1777797273 49570
1 1154 7309 0 1777797273 49604
2 1174 11298 0 1777797273 57870
4 1190 15595 0 1777797273 57899
5 1183 15634 0 1777797273 57943
6 1237 15638 0 1777797273 57951
3 1242 19986 0 1777797273 62286
0 1216 17375 0 1777797273 66981
1 1155 17371 0 1777797273 66990
4 1191 9031 0 1777797273 67001
5 1184 9030 0 1777797273 67008
6 1238 9028 0 1777797273 67014
0 1217 11309 0 1777797273 78324
1 1156 11451 0 1777797273 78474
2 1175 20564 0 1777797273 78516
3 1243 16253 0 1777797273 78541
4 1192 11534 0 1777797273 78563
6 1239 11569 0 1777797273 78613
5 1185 16359 0 1777797273 83397
1 1157 10262 0 1777797273 88913
6 1240 10080 0 1777797273 88927
0 1218 13664 0 1777797273 92279
2 1176 13609 0 1777797273 92287
3 1244 13500 0 1777797273 92294
4 1193 13466 0 1777797273 92301
5 1186 8909 0 1777797273 92309
6 1241 10057 0 1777797273 99012
0 1219 8704 0 1777797273 101014
1 1158 12101 0 1777797273 101031
3 1245 8708 0 1777797273 101038
4 1194 8715 0 1777797273 101052
5 1187 8715 0 1777797273 101059
2 1177 12680 0 1777797273 105002
6 1242 9267 0 1777797273 108291
0 1220 18507 0 1777797273 119567
1 1159 18511 0 1777797273 119587
5 1188 18488 0 1777797273 119594
3 1246 18783 0 1777797273 119868
2 1178 17588 0 1777797273 122595
4 1195 22294 0 1777797273 123392
6 1243 15117 0 1777797273 123411
1 1160 9859 0 1777797273 129468
3 1247 9604 0 1777797273 129475
5 1189 9868 0 1777797273 129483
0 1221 16703 0 1777797273 136297
2 1179 13757 0 1777797273 136359
1 1161 6928 0 1777797273 136412
3 1248 6934 0 1777797273 136427
5 1190 8682 0 1777797273 138181
4 1196 15494 0 1777797273 138907
6 1244 15487 0 1777797273 138919
0 1222 13198 0 1777797273 149560
1 1162 13140 0 1777797273 149568
2 1180 13181 0 1777797273 149572
3 1249 13129 0 1777797273 149577
5 1191 11771 0 1777797273 149958
6 1245 11027 0 1777797273 149963
4 1197 12608 0 1777797273 151529
0 1223 6804 0 1777797273 156383
3 1250 7678 0 1777797273 157285
6 1246 7361 0 1777797273 157330
1 1163 10516 0 1777797273 160109
5 1192 12191 0 1777797273 162154
0 1224 23068 0 1777797273 179453
1 1164 19353 0 1777797273 179464
3 1251 22157 0 1777797273 179489
4 1198 27960 0 1777797273 179498
6 1247 22166 0 1777797273 179515
5 1193 17413 0 1777797273 179569
0 1225 10545 0 1777797273 190061
1 1165 10540 0 1777797273 190068
3 1252 10538 0 1777797273 190074
4 1199 10544 0 1777797273 190089
5 1194 10526 0 1777797273 190096
2 1181 44569 0 1777797273 194169
6 1248 14621 0 1777797273 194174
2 1182 125428 0 1777797273 319603
4 1200 166559 0 1777797273 356692
1 1166 169201 0 1777797273 359313
2 1183 50678 0 1777797273 370287
6 1249 180997 0 1777797273 375177
0 1226 205818 0 1777797273 395916
2 1184 25630 0 1777797273 395923
0 1227 10698 0 1777797273 406624
1 1167 49997 0 1777797273 409321
2 1185 13392 0 1777797273 409328
4 1201 52628 0 1777797273 409333
6 1250 34159 0 1777797273 409338
5 1195 220504 0 1777797273 410645
1 1168 8052 0 1777797273 417391
2 1186 9474 0 1777797273 418819
6 1251 9478 0 1777797273 418835
4 1202 10505 0 1777797273 419855
0 1228 18911 0 1777797273 425538
5 1196 15343 0 1777797273 425998
3 1253 238982 0 1777797273 429102
0 1229 4759 0 1777797273 430299
2 1187 11873 0 1777797273 430709
5 1197 6379 0 1777797273 432380
6 1252 13534 0 1777797273 432387
4 1203 13833 0 1777797273 433696
0 1230 14837 0 1777797273 445139
1 1169 27758 0 1777797273 445160
2 1188 14454 0 1777797273 445166
4 1204 11472 0 1777797273 445171
6 1253 12780 0 1777797273 445176
3 1254 16029 0 1777797273 445242
0 1231 13331 0 1777797273 458509
1 1170 13323 0 1777797273 458517
2 1189 13312 0 1777797273 458524
3 1255 13290 0 1777797273 458533
4 1205 13322 0 1777797273 458540
6 1254 13319 0 1777797273 458547
6 1255 3394 0 1777797273 462004
0 1232 4006 0 1777797273 462555
1 1171 7375 0 1777797273 465933
2 1190 7891 0 1777797273 466456
4 1206 8136 0 1777797273 466723
3 1256 8334 0 1777797273 466906
2 1191 3201 0 1777797273 469660
0 1233 8020 0 1777797273 470581
1 1172 4989 0 1777797273 470925
6 1256 9124 0 1777797273 471135
0 1234 4969 0 1777797273 475560
2 1192 6199 0 1777797273 475862
5 1198 43481 0 1777797273 475869
3 1257 9028 0 1777797273 475935
6 1257 13287 0 1777797273 484426
0 1235 14444 0 1777797273 490007
5 1199 14154 0 1777797273 490047
4 1207 49220 0 1777797273 515945
1 1173 67950 0 1777797273 538877
2 1193 63058 0 1777797273 538928
4 1208 26711 0 1777797273 542657
6 1258 60417 0 1777797273 544852
3 1258 72392 0 1777797273 548328
0 1236 68819 0 1777797273 558867
1 1174 20022 0 1777797273 558913
2 1194 19993 0 1777797273 558923
5 1200 68861 0 1777797273 558932
4 1209 24203 0 1777797273 566892
6 1259 29637 0 1777797273 574490
5 1201 16532 0 1777797273 575492
1 1175 24474 0 1777797273 583424
2 1195 24503 0 1777797273 583458
3 1259 35147 0 1777797273 583478
0 1237 36441 0 1777797273 595374
2 1196 11724 0 1777797273 595378
4 1210 28487 0 1777797273 595382
5 1202 19892 0 1777797273 595386
6 1260 20897 0 1777797273 595389
1 1176 18111 0 1777797273 601590
3 1260 24139 0 1777797273 607822
2 1197 20170 0 1777797273 615565
0 1238 20202 0 1777797273 615592
1 1177 25802 0 1777797273 627395
2 1198 11846 0 1777797273 627414
3 1261 19597 0 1777797273 627421
4 1211 32028 0 1777797273 627427
5 1203 32040 0 1777797273 627442
6 1261 32042 0 1777797273 627448
0 1239 22502 0 1777797273 638095
0 1240 5585 0 1777797273 643683
1 1178 16241 0 1777797273 643690
2 1199 16224 0 1777797273 643695
3 1262 16223 0 1777797273 643701
4 1212 16211 0 1777797273 643705
5 1204 16207 0 1777797273 643709
6 1262 16198 0 1777797273 643713
2 1200 8981 0 1777797273 652708
0 1241 9020 0 1777797273 652734
3 1263 9016 0 1777797273 652748
1 1179 9119 0 1777797273 652841
6 1263 28844 0 1777797273 672589
2 1201 22773 0 1777797273 675487
0 1242 22883 0 1777797273 675618
1 1180 32811 0 1777797273 685658
3 1264 32926 0 1777797273 685675
5 1205 41942 0 1777797273 685683
4 1213 45095 0 1777797273 688831
6 1264 16256 0 1777797273 688847
0 1243 18580 0 1777797273 694199
1 1181 8523 0 1777797273 694208
3 1265 8496 0 1777797273 694224
2 1202 22683 0 1777797273 698172
4 1214 9333 0 1777797273 698181
5 1206 12436 0 1777797273 698189
6 1265 10294 0 1777797273 699155
0 1244 5079 0 1777797273 699304
0 1245 4579 0 1777797273 703884
1 1182 9650 0 1777797273 703896
5 1207 5696 0 1777797273 703904
2 1203 6903 0 1777797273 705093
4 1215 10156 0 1777797273 708357
0 1246 4766 0 1777797273 708671
2 1204 6335 0 1777797273 711430
6 1266 12975 0 1777797273 712133
1 1183 8871 0 1777797273 712791
5 1208 12557 0 1777797273 716485
3 1266 22360 0 1777797273 716618
0 1247 13893 0 1777797273 722566
1 1184 9795 0 1777797273 722588
2 1205 11349 0 1777797273 722783
4 1216 19179 0 1777797273 727539
1 1185 15644 0 1777797273 738234
3 1267 21647 0 1777797273 738266
5 1209 21789 0 1777797273 738276
6 1267 26074 0 1777797273 738283
2 1206 17722 0 1777797273 740506
4 1217 12968 0 1777797273 740512
0 1248 19869 0 1777797273 742437
1 1186 6268 0 1777797273 744552
6 1268 7644 0 1777797273 745974
0 1249 11227 0 1777797273 753667
1 1187 9119 0 1777797273 753677
2 1207 13171 0 1777797273 753684
3 1268 15390 0 1777797273 753700
5 1210 17080 0 1777797273 755401
6 1269 10768 0 1777797273 756752
0 1250 9791 0 1777797273 763493
2 1208 9769 0 1777797273 763505
3 1269 9826 0 1777797273 763570
5 1211 12273 0 1777797273 767676
0 1251 6838 0 1777797273 770410
2 1209 6827 0 1777797273 770420
4 1218 29804 0 1777797273 770427
3 1270 7523 0 1777797273 771124
6 1270 15386 0 1777797273 772146
0 1252 3598 0 1777797273 774026
4 1219 3587 0 1777797273 774039
2 1210 4410 0 1777797273 774852
3 1271 4803 0 1777797273 775930
1 1188 32277 0 1777797273 786002
4 1220 18897 0 1777797273 792954
2 1211 28058 0 1777797273 802916
1 1189 28653 0 1777797273 814685
6 1271 51951 0 1777797273 824099
6 1272 16525 0 1777797273 840627
6 1273 3544 0 1777797273 844173
5 1212 78343 0 1777797273 846021
3 1272 73524 0 1777797273 849456
6 1274 5318 0 1777797273 849493
0 1253 82980 0 1777797273 857021
1 1190 42343 0 1777797273 857033
3 1273 7580 0 1777797273 857040
5 1213 11024 0 1777797273 857048
6 1275 7561 0 1777797273 857055
0 1254 4965 0 1777797273 862021
2 1212 64443 0 1777797273 867360
6 1276 10238 0 1777797273 867377
1 1191 10334 0 1777797273 867440
5 1214 10317 0 1777797273 867447
3 1274 10529 0 1777797273 867648
4 1221 74870 0 1777797273 867829
5 1215 1902 0 1777797273 869360
0 1255 7684 0 1777797273 869714
6 1277 2390 0 1777797273 869784
2 1213 2792 0 1777797273 870170
1 1192 2951 0 1777797273 870399
4 1222 4610 0 1777797273 872440
3 1275 5715 0 1777797273 873365
0 1256 11043 0 1777797273 880759
2 1214 16385 0 1777797273 886557
4 1223 14130 0 1777797273 886572
6 1278 16793 0 1777797273 886579
0 1257 6334 0 1777797273 887099
5 1216 17934 0 1777797273 887296
1 1193 18330 0 1777797273 888732
3 1276 15372 0 1777797273 888741
2 1215 4777 0 1777797273 891358
0 1258 5778 0 1777797273 892880
5 1217 5592 0 1777797273 892889
2 1216 4267 0 1777797273 895629
3 1277 6890 0 1777797273 895643
4 1224 10578 0 1777797273 897178
0 1259 4900 0 1777797273 897790
3 1278 3463 0 1777797273 899182
2 1217 3770 0 1777797273 899416
0 1260 7867 0 1777797273 905660
4 1225 8504 0 1777797273 905684
5 1218 12791 0 1777797273 905692
0 1261 5877 0 1777797273 911570
1 1194 22834 0 1777797273 911579
4 1226 4856 0 1777797273 911583
5 1219 4839 0 1777797273 911588
6 1279 24984 0 1777797273 911592
3 1279 13043 0 1777797273 912229
2 1218 13239 0 1777797273 912657
2 1219 5012 0 1777797273 917671
1 1195 10198 0 1777797273 921800
2 1220 8063 0 1777797273 925737
3 1280 13517 0 1777797273 925748
5 1220 14154 0 1777797273 925768
6 1280 14157 0 1777797273 925776
0 1262 16140 0 1777797273 927732
4 1227 16150 0 1777797273 927758
4 1228 3742 0 1777797273 931516
3 1281 6057 0 1777797273 931856
5 1221 6380 0 1777797273 932199
0 1263 9342 0 1777797273 937102
2 1221 14645 0 1777797273 940423
3 1282 8569 0 1777797273 940430
6 1281 14607 0 1777797273 940438
1 1196 19398 0 1777797273 941202
0 1264 7110 0 1777797273 944232
4 1229 12722 0 1777797273 944240
5 1222 12043 0 1777797273 944246
2 1222 6572 0 1777797273 947010
3 1283 7750 0 1777797273 948201
0 1265 4875 0 1777797273 949122
4 1230 4872 0 1777797273 949130
5 1223 4864 0 1777797273 949138
6 1282 11512 0 1777797273 951972
0 1266 4416 0 1777797273 953555
5 1224 4353 0 1777797273 953576
0 1267 2906 0 1777797273 956483
4 1231 7280 0 1777797273 956493
5 1225 2818 0 1777797273 956499
1 1197 16140 0 1777797273 957345
1 1198 2884 0 1777797273 960231
0 1268 8614 0 1777797273 965114
2 1223 18110 0 1777797273 965122
4 1232 8619 0 1777797273 965129
5 1226 8617 0 1777797273 965135
3 1284 21619 0 1777797273 969829
6 1283 17859 0 1777797273 969842
5 1227 10525 0 1777797273 975718
0 1269 11532 0 1777797273 976669
4 1233 12350 0 1777797273 977532
2 1224 16074 0 1777797273 981245
1 1199 21207 0 1777797273 981441
0 1270 11910 0 1777797273 988582
2 1225 7342 0 1777797273 988589
3 1285 18753 0 1777797273 988596
4 1234 11066 0 1777797273 988604
5 1228 12892 0 1777797273 988613
6 1284 18758 0 1777797273 988620
1 1200 9408 0 1777797273 990851
3 1286 49730 0 1777797274 38368
0 1271 53394 0 1777797274 42017
1 1201 51172 0 1777797274 42025
6 1285 53370 0 1777797274 42032
2 1226 58353 0 1777797274 46984
3 1287 9871 0 1777797274 48242
0 1272 7080 0 1777797274 49113
0 1273 5422 0 1777797274 54537
3 1288 6301 0 1777797274 54546
6 1286 13054 0 1777797274 55103
2 1227 10737 0 1777797274 57724
0 1274 8392 0 1777797274 62939
2 1228 5232 0 1777797274 62959
3 1289 8402 0 1777797274 62973
6 1287 9711 0 1777797274 64851
4 1235 76274 0 1777797274 64919
5 1229 76274 0 1777797274 64928
5 1230 2289 0 1777797274 67238
4 1236 4026 0 1777797274 68955
5 1231 2509 0 1777797274 69749
4 1237 1818 0 1777797274 70776
2 1229 11782 0 1777797274 74773
4 1238 4168 0 1777797274 74947
5 1232 5212 0 1777797274 74964
3 1290 16305 0 1777797274 79312
5 1233 4331 0 1777797274 79320
2 1230 5313 0 1777797274 80280
6 1288 17172 0 1777797274 82026
0 1275 34280 0 1777797274 97257
1 1202 55222 0 1777797274 97264
3 1291 17950 0 1777797274 97271
4 1239 22296 0 1777797274 97277
5 1234 17952 0 1777797274 97282
2 1231 17975 0 1777797274 98262
5 1235 5542 0 1777797274 102854
0 1276 8863 0 1777797274 106147
5 1236 5822 0 1777797274 108678
2 1232 12864 0 1777797274 111129
4 1240 13872 0 1777797274 111177
5 1237 5561 0 1777797274 114250
5 1238 5833 0 1777797274 120085
4 1241 10249 0 1777797274 121427
5 1239 1590 0 1777797274 121725
0 1277 15986 0 1777797274 122139
5 1240 956 0 1777797274 122683
2 1233 18212 0 1777797274 129343
4 1242 7922 0 1777797274 129352
0 1278 7473 0 1777797274 129613
1 1203 33792 0 1777797274 131084
5 1241 8787 0 1777797274 131473
1 1204 6975 0 1777797274 138062
2 1234 9649 0 1777797274 139003
3 1292 42050 0 1777797274 139348
6 1289 58969 0 1777797274 141002
4 1243 12163 0 1777797274 141525
3 1293 4701 0 1777797274 144053
0 1279 16311 0 1777797274 145925
2 1235 9352 0 1777797274 148357
4 1244 7087 0 1777797274 148617
6 1290 10092 0 1777797274 151097
3 1294 13313 0 1777797274 157368
5 1242 26012 0 1777797274 157487
4 1245 8890 0 1777797274 157509
2 1236 10078 0 1777797274 158441
3 1295 3577 0 1777797274 160949
4 1246 4110 0 1777797274 161621
5 1243 4149 0 1777797274 161638
6 1291 11329 0 1777797274 162428
4 1247 4481 0 1777797274 166121
5 1244 5009 0 1777797274 166658
2 1237 9951 0 1777797274 168395
0 1280 26265 0 1777797274 172192
1 1205 34136 0 1777797274 172201
3 1296 11256 0 1777797274 172207
5 1245 5550 0 1777797274 172212
6 1292 11986 0 1777797274 174416
4 1248 10856 0 1777797274 176979
1 1206 7524 0 1777797274 179755
3 1297 7534 0 1777797274 179773
5 1246 7535 0 1777797274 179781
0 1281 10340 0 1777797274 182553
5 1247 2735 0 1777797274 182565
0 1282 2818 0 1777797274 185384
1 1207 6105 0 1777797274 185887
5 1248 9219 0 1777797274 191799
1 1208 6318 0 1777797274 192207
2 1238 23816 0 1777797274 192214
3 1298 12419 0 1777797274 192220
6 1293 17800 0 1777797274 192225
4 1249 15914 0 1777797274 192895
0 1283 9038 0 1777797274 194425
5 1249 5079 0 1777797274 196881
3 1299 4828 0 1777797274 197067
1 1209 7192 0 1777797274 199418
6 1294 16715 0 1777797274 208960
0 1284 15328 0 1777797274 209760
2 1239 17545 0 1777797274 209780
3 1300 12721 0 1777797274 209789
4 1250 16899 0 1777797274 209795
5 1250 12918 0 1777797274 209800
1 1210 11908 0 1777797274 211330
2 1240 7927 0 1777797274 217740
3 1301 7926 0 1777797274 217746
4 1251 7932 0 1777797274 217759
5 1251 7931 0 1777797274 217765
0 1285 10161 0 1777797274 219962
1 1211 12898 0 1777797274 224231
4 1252 6456 0 1777797274 224238
6 1295 15275 0 1777797274 224244
3 1302 8677 0 1777797274 226452
5 1252 8854 0 1777797274 226673
0 1286 15281 0 1777797274 235249
4 1253 10987 0 1777797274 235256
6 1296 11194 0 1777797274 235471
0 1287 3658 0 1777797274 238915
4 1254 3660 0 1777797274 238926
6 1297 4749 0 1777797274 240222
5 1253 13869 0 1777797274 240545
6 1298 1110 0 1777797274 241334
4 1255 4832 0 1777797274 243774
6 1299 3815 0 1777797274 245152
0 1288 7040 0 1777797274 245967
4 1256 2712 0 1777797274 246489
6 1300 1550 0 1777797274 246711
4 1257 1167 0 1777797274 247657
0 1289 7332 0 1777797274 253301
2 1241 35548 0 1777797274 253314
4 1258 7320 0 1777797274 254979
6 1301 8278 0 1777797274 254990
2 1242 2458 0 1777797274 255790
0 1290 7055 0 1777797274 260371
1 1212 36171 0 1777797274 260417
2 1243 4632 0 1777797274 260426
4 1259 5442 0 1777797274 260433
6 1302 7008 0 1777797274 262010
4 1260 5634 0 1777797274 266102
6 1303 4438 0 1777797274 266450
0 1291 13515 0 1777797274 273949
2 1244 13509 0 1777797274 273962
4 1261 7867 0 1777797274 273971
0 1292 6457 0 1777797274 280429
2 1245 6452 0 1777797274 280435
3 1303 53986 0 1777797274 280440
4 1262 6455 0 1777797274 280445
5 1254 39893 0 1777797274 280450
6 1304 13972 0 1777797274 280454
1 1213 24110 0 1777797274 284555
4 1263 10397 0 1777797274 290932
0 1293 11039 0 1777797274 291494
1 1214 6942 0 1777797274 291503
2 1246 11055 0 1777797274 291518
3 1304 16072 0 1777797274 296549
5 1255 16012 0 1777797274 296556
6 1305 16011 0 1777797274 296562
4 1264 9375 0 1777797274 300310
2 1247 10761 0 1777797274 302309
1 1215 12608 0 1777797274 304140
0 1294 15144 0 1777797274 306663
6 1306 10094 0 1777797274 306680
3 1305 11056 0 1777797274 307620
5 1256 11058 0 1777797274 307632
1 1216 11083 0 1777797274 315225
2 1248 12920 0 1777797274 315233
4 1265 16558 0 1777797274 316869
6 1307 10222 0 1777797274 316921
0 1295 10257 0 1777797274 316938
1 1217 12689 0 1777797274 327923
2 1249 12695 0 1777797274 327940
3 1306 20323 0 1777797274 327956
0 1296 11956 0 1777797274 328895
4 1266 12028 0 1777797274 328904
5 1257 21260 0 1777797274 328911
6 1308 11994 0 1777797274 328917
3 1307 4878 0 1777797274 332861
1 1218 11185 0 1777797274 339143
6 1309 10215 0 1777797274 339155
0 1297 11957 0 1777797274 340875
4 1267 11956 0 1777797274 340884
5 1258 11974 0 1777797274 340908
2 1250 12996 0 1777797274 340971
3 1308 8114 0 1777797274 340977
5 1259 6482 0 1777797274 347438
6 1310 8287 0 1777797274 347456
0 1298 8375 0 1777797274 349284
1 1219 10137 0 1777797274 349292
3 1309 12764 0 1777797274 353749
4 1268 12824 0 1777797274 353758
2 1251 14625 0 1777797274 355604
5 1260 8158 0 1777797274 355615
6 1311 8154 0 1777797274 355623
0 1299 6931 0 1777797274 356223
3 1310 4181 0 1777797274 357940
1 1220 9525 0 1777797274 358823
2 1252 6486 0 1777797274 362110
4 1269 8349 0 1777797274 362119
5 1261 6538 0 1777797274 362180
6 1312 6537 0 1777797274 362187
0 1300 9447 0 1777797274 365672
3 1311 7738 0 1777797274 365679
2 1253 7036 0 1777797274 369224
5 1262 7028 0 1777797274 369235
1 1221 10465 0 1777797274 369291
4 1270 7101 0 1777797274 369299
0 1301 5900 0 1777797274 371580
1 1222 9165 0 1777797274 378465
2 1254 9237 0 1777797274 378473
3 1312 12789 0 1777797274 378477
4 1271 9166 0 1777797274 378481
5 1263 9224 0 1777797274 378486
6 1313 16277 0 1777797274 378490
0 1302 10529 0 1777797274 382118
1 1223 7746 0 1777797274 386237
2 1255 7767 0 1777797274 386263
3 1313 7772 0 1777797274 386272
4 1272 11779 0 1777797274 390284
5 1264 12629 0 1777797274 391138
6 1314 12631 0 1777797274 391148
0 1303 14597 0 1777797274 396719
1 1224 10461 0 1777797274 396735
3 1314 10426 0 1777797274 396743
6 1315 5589 0 1777797274 396749
2 1256 11852 0 1777797274 398157
4 1273 7878 0 1777797274 398165
5 1265 8136 0 1777797274 399286
0 1304 12193 0 1777797274 408943
1 1225 12179 0 1777797274 408948
2 1257 10785 0 1777797274 408952
4 1274 10777 0 1777797274 408956
5 1266 9672 0 1777797274 408960
6 1316 12179 0 1777797274 408963
3 1315 13533 0 1777797274 410310
5 1267 2434 0 1777797274 411416
0 1305 13241 0 1777797274 422204
1 1226 13253 0 1777797274 422221
2 1258 13256 0 1777797274 422228
4 1275 13266 0 1777797274 422242
6 1317 13264 0 1777797274 422249
3 1316 20840 0 1777797274 431153
1 1227 15384 0 1777797274 437657
0 1306 16945 0 1777797274 439194
5 1268 27786 0 1777797274 439210
1 1228 21347 0 1777797274 459014
0 1307 40977 0 1777797274 480188
2 1259 57947 0 1777797274 480229
4 1276 59287 0 1777797274 481682
5 1269 72088 0 1777797274 511323
6 1318 118841 0 1777797274 541258
6 1319 17676 0 1777797274 558945
0 1308 100082 0 1777797274 580313
2 1260 100057 0 1777797274 580322
3 1317 149174 0 1777797274 580328
1 1229 123059 0 1777797274 582077
0 1309 9490 0 1777797274 589819
2 1261 9528 0 1777797274 589869
4 1277 108194 0 1777797274 589878
5 1270 80669 0 1777797274 591996
3 1318 80047 0 1777797274 660397
5 1271 68405 0 1777797274 660405
1 1230 79673 0 1777797274 661757
6 1320 102803 0 1777797274 661763
0 1310 72096 0 1777797274 661975
2 1262 72099 0 1777797274 661986
4 1278 72155 0 1777797274 662049
3 1319 11194 0 1777797274 671601
5 1272 11202 0 1777797274 671626
6 1321 16997 0 1777797274 678769
0 1311 17149 0 1777797274 679199
2 1263 17139 0 1777797274 679211
4 1279 17134 0 1777797274 679217
1 1231 17640 0 1777797274 679404
5 1273 10257 0 1777797274 681898
3 1320 11222 0 1777797274 682850
0 1312 16316 0 1777797274 695535
1 1232 16138 0 1777797274 695544
2 1264 16318 0 1777797274 695551
3 1321 12704 0 1777797274 695558
4 1280 16321 0 1777797274 695564
5 1274 13670 0 1777797274 695570
6 1322 18840 0 1777797274 697615
1 1233 10651 0 1777797274 706235
2 1265 10651 0 1777797274 706244
5 1275 10638 0 1777797274 706253
4 1281 14841 0 1777797274 710448
6 1323 12851 0 1777797274 710469
0 1313 17138 0 1777797274 712710
3 1322 17813 0 1777797274 713413
2 1266 17408 0 1777797274 723674
3 1323 10268 0 1777797274 723683
5 1276 17414 0 1777797274 723689
6 1324 13202 0 1777797274 723695
1 1234 23113 0 1777797274 729367
4 1282 18906 0 1777797274 729376
0 1314 17765 0 1777797274 730481
5 1277 6773 0 1777797274 730497
6 1325 6771 0 1777797274 730504
2 1267 14094 0 1777797274 737789
1 1235 10519 0 1777797274 739896
4 1283 10510 0 1777797274 739902
3 1324 24257 0 1777797274 747961
6 1326 17588 0 1777797274 748118
2 1268 17853 0 1777797274 755645
4 1284 15743 0 1777797274 755653
5 1278 25138 0 1777797274 755660
0 1315 27732 0 1777797274 758238
1 1236 18346 0 1777797274 758249
6 1327 10124 0 1777797274 758255
2 1269 9624 0 1777797274 765285
0 1316 12950 0 1777797274 771206
1 1237 12948 0 1777797274 771216
4 1285 15548 0 1777797274 771221
6 1328 12951 0 1777797274 771227
3 1325 31047 0 1777797274 779167
6 1329 10501 0 1777797274 781754
4 1286 24238 0 1777797274 795484
2 1270 32390 0 1777797274 797683
6 1330 16719 0 1777797274 798476
1 1238 28783 0 1777797274 800024
0 1317 34812 0 1777797274 806040
3 1326 26895 0 1777797274 806063
5 1279 50426 0 1777797274 806107
6 1331 10195 0 1777797274 808672
1 1239 9321 0 1777797274 809348
4 1287 13870 0 1777797274 809355
3 1327 5240 0 1777797274 811324
3 1328 2571 0 1777797274 813902
0 1318 7954 0 1777797274 814019
3 1329 7325 0 1777797274 821231
0 1319 8196 0 1777797274 822217
1 1240 12931 0 1777797274 822287
6 1332 19938 0 1777797274 828612
6 1333 2079 0 1777797274 830693
6 1334 7622 0 1777797274 838320
3 1330 27436 0 1777797274 848670
5 1280 42569 0 1777797274 848677
6 1335 10361 0 1777797274 848683
6 1336 6765 0 1777797274 855515
5 1281 7237 0 1777797274 855966
3 1331 11695 0 1777797274 860380
5 1282 6534 0 1777797274 862502
5 1283 14672 0 1777797274 877177
6 1337 22531 0 1777797274 878053
4 1288 71624 0 1777797274 880990
3 1332 27700 0 1777797274 888093
4 1289 7129 0 1777797274 888124
6 1338 10080 0 1777797274 888135
6 1339 4391 0 1777797274 892615
3 1333 6245 0 1777797274 894381
3 1334 1393 0 1777797274 895778
6 1340 5717 0 1777797274 898335
5 1284 21839 0 1777797274 899018
0 1320 77270 0 1777797274 899558
1 1241 84049 0 1777797274 906387
5 1285 7375 0 1777797274 906396
6 1341 8065 0 1777797274 906405
0 1321 7671 0 1777797274 907232
2 1271 109564 0 1777797274 907249
3 1335 11475 0 1777797274 907256
4 1290 19081 0 1777797274 907270
0 1322 8756 0 1777797274 916028
1 1242 9640 0 1777797274 916046
2 1272 8771 0 1777797274 916053
4 1291 8755 0 1777797274 916061
5 1286 9647 0 1777797274 916066
3 1336 11109 0 1777797274 918407
6 1342 11986 0 1777797274 918414
0 1323 7162 0 1777797274 923230
1 1243 7169 0 1777797274 923259
2 1273 7168 0 1777797274 923266
5 1287 7163 0 1777797274 923286
6 1343 4870 0 1777797274 923293
3 1337 10196 0 1777797274 928611
0 1324 7340 0 1777797274 930634
1 1244 7339 0 1777797274 930645
5 1288 7452 0 1777797274 930772
2 1274 9064 0 1777797274 932377
6 1344 9068 0 1777797274 932396
1 1245 9774 0 1777797274 940429
2 1275 8041 0 1777797274 940438
3 1338 11832 0 1777797274 940445
4 1292 24338 0 1777797274 940452
5 1289 9685 0 1777797274 940458
0 1325 9872 0 1777797274 940517
6 1345 8090 0 1777797274 940523
0 1326 25488 0 1777797274 966012
1 1246 25558 0 1777797274 966018
3 1339 25537 0 1777797274 966022
0 1327 8991 0 1777797274 975013
1 1247 9020 0 1777797274 975051
2 1276 34579 0 1777797274 975055
3 1340 9023 0 1777797274 975060
4 1293 34570 0 1777797274 975064
5 1290 34570 0 1777797274 975072
6 1346 34541 0 1777797274 975075
4 1294 7458 0 1777797274 982554
1 1248 7725 0 1777797274 982807
6 1347 7708 0 1777797274 982814
3 1341 7837 0 1777797274 982928
5 1291 8070 0 1777797274 983171
2 1277 14801 0 1777797274 989888
4 1295 7819 0 1777797274 990375
1 1249 7678 0 1777797274 990493
3 1342 7878 0 1777797274 990807
1 1250 7144 0 1777797274 997639
4 1296 7279 0 1777797274 997657
0 1328 22658 0 1777797274 997733
3 1343 7684 0 1777797274 998493
2 1278 8980 0 1777797274 998871
6 1348 16063 0 1777797274 998891
0 1329 3425 0 1777797275 1160
1 1251 3512 0 1777797275 1170
4 1297 3496 0 1777797275 1174
5 1292 18006 0 1777797275 1179
1 1252 8078 0 1777797275 9269
2 1279 10547 0 1777797275 9419
3 1344 10933 0 1777797275 9428
6 1349 10545 0 1777797275 9437
0 1330 9959 0 1777797275 11139
5 1293 16257 0 1777797275 17459
2 1280 11965 0 1777797275 21418
4 1298 20235 0 1777797275 21433
6 1350 11961 0 1777797275 21440
1 1253 14583 0 1777797275 24021
3 1345 14558 0 1777797275 24029
0 1331 14597 0 1777797275 25738
5 1294 8283 0 1777797275 25747
1 1254 5417 0 1777797275 29448
2 1281 8330 0 1777797275 29772
3 1346 6873 0 1777797275 30922
0 1332 5670 0 1777797275 31418
1 1255 3398 0 1777797275 32848
6 1351 11475 0 1777797275 33060
2 1282 3798 0 1777797275 33571
0 1333 7513 0 1777797275 38933
1 1256 6091 0 1777797275 38941
5 1295 13188 0 1777797275 38947
4 1299 18423 0 1777797275 39906
4 1300 3155 0 1777797275 43062
0 1334 9297 0 1777797275 48245
1 1257 9300 0 1777797275 48263
3 1347 17352 0 1777797275 48278
4 1301 5738 0 1777797275 48802
1 1258 5162 0 1777797275 53454
5 1296 14502 0 1777797275 53472
0 1335 5935 0 1777797275 54214
4 1302 5420 0 1777797275 54224
3 1348 6411 0 1777797275 54717
1 1259 4080 0 1777797275 57554
1 1260 4840 0 1777797275 62398
3 1349 7686 0 1777797275 62405
4 1303 8334 0 1777797275 62579
4 1304 2010 0 1777797275 64592
0 1336 12345 0 1777797275 66571
4 1305 5928 0 1777797275 70523
4 1306 1773 0 1777797275 72302
4 1307 2369 0 1777797275 74678
4 1308 3896 0 1777797275 78579
1 1261 24826 0 1777797275 87232
3 1350 24815 0 1777797275 87241
5 1297 33757 0 1777797275 87246
1 1262 1394 0 1777797275 88641
3 1351 2672 0 1777797275 89930
1 1263 1867 0 1777797275 90511
3 1352 3441 0 1777797275 93375
1 1264 3420 0 1777797275 93935
5 1298 7571 0 1777797275 94836
2 1283 65264 0 1777797275 98839
2 1284 1273 0 1777797275 100114
5 1299 8838 0 1777797275 103676
0 1337 39985 0 1777797275 106559
4 1309 29842 0 1777797275 108423
2 1285 12544 0 1777797275 112660
4 1310 5744 0 1777797275 114169
0 1338 20431 0 1777797275 126994
2 1286 14344 0 1777797275 127006
6 1352 94030 0 1777797275 127093
1 1265 34170 0 1777797275 128107
3 1353 34736 0 1777797275 128113
4 1311 13956 0 1777797275 128127
5 1300 24456 0 1777797275 128134
1 1266 18218 0 1777797275 146353
2 1287 19299 0 1777797275 146405
0 1339 19819 0 1777797275 146914
6 1353 19828 0 1777797275 146943
5 1301 18781 0 1777797275 146962
3 1354 18831 0 1777797275 146976
4 1312 19659 0 1777797275 147828
0 1340 13138 0 1777797275 160053
1 1267 13651 0 1777797275 160059
3 1355 13089 0 1777797275 160066
6 1354 13127 0 1777797275 160072
2 1288 14034 0 1777797275 160471
4 1313 12666 0 1777797275 160495
5 1302 16109 0 1777797275 163073
0 1341 5599 0 1777797275 165671
6 1355 5587 0 1777797275 165680
0 1342 7974 0 1777797275 173655
1 1268 13581 0 1777797275 173663
2 1289 13196 0 1777797275 173669
3 1356 13586 0 1777797275 173675
4 1314 13184 0 1777797275 173681
5 1303 15176 0 1777797275 178251
6 1356 12570 0 1777797275 178262
0 1343 14448 0 1777797275 188131
1 1269 14476 0 1777797275 188167
2 1290 14480 0 1777797275 188177
3 1357 14482 0 1777797275 188185
4 1315 14483 0 1777797275 188193
5 1304 17238 0 1777797275 195501
6 1357 17230 0 1777797275 195506
0 1344 18258 0 1777797275 206453
1 1270 18245 0 1777797275 206472
2 1291 18238 0 1777797275 206479
3 1358 18229 0 1777797275 206486
4 1316 18227 0 1777797275 206492
5 1305 10991 0 1777797275 206498
6 1358 11161 0 1777797275 206674
2 1292 11616 0 1777797275 218251
4 1317 11610 0 1777797275 218261
5 1306 11605 0 1777797275 218266
1 1271 14416 0 1777797275 221035
6 1359 14377 0 1777797275 221053
0 1345 17112 0 1777797275 223661
3 1359 17035 0 1777797275 223678
0 1346 16150 0 1777797275 239829
1 1272 18780 0 1777797275 239834
2 1293 21571 0 1777797275 239837
3 1360 16137 0 1777797275 239841
4 1318 21567 0 1777797275 239844
5 1307 21563 0 1777797275 239847
6 1360 24588 0 1777797275 245804
0 1347 9420 0 1777797275 249268
1 1273 9423 0 1777797275 249276
2 1294 9426 0 1777797275 249283
4 1319 9425 0 1777797275 249290
5 1308 9429 0 1777797275 249298
3 1361 11494 0 1777797275 251355
0 1348 8995 0 1777797275 258294
2 1295 8981 0 1777797275 258314
4 1320 8982 0 1777797275 258322
6 1361 12521 0 1777797275 258328
3 1362 11747 0 1777797275 263112
1 1274 15638 0 1777797275 264961
5 1309 15621 0 1777797275 264978
4 1321 6606 0 1777797275 265014
0 1349 15979 0 1777797275 274308
2 1296 15915 0 1777797275 274313
4 1322 9301 0 1777797275 274316
5 1310 9325 0 1777797275 274320
6 1362 15894 0 1777797275 274324
3 1363 12693 0 1777797275 275810
1 1275 11755 0 1777797275 276734
6 1363 4216 0 1777797275 278560
4 1323 15585 0 1777797275 289919
1 1276 19909 0 1777797275 296648
2 1297 22348 0 1777797275 296678
3 1364 20876 0 1777797275 296688
0 1350 23001 0 1777797275 297325
4 1324 9743 0 1777797275 299675
5 1311 25442 0 1777797275 299781
1 1277 17264 0 1777797275 313953
2 1298 18929 0 1777797275 315632
3 1365 19094 0 1777797275 315814
1 1278 15179 0 1777797275 329138
2 1299 13508 0 1777797275 329145
3 1366 13334 0 1777797275 329150
5 1312 29350 0 1777797275 329155
6 1364 50598 0 1777797275 329160
4 1325 31177 0 1777797275 330960
5 1313 14463 0 1777797275 343645
0 1351 51712 0 1777797275 349039
1 1279 19885 0 1777797275 349045
3 1367 20199 0 1777797275 349377
5 1314 10328 0 1777797275 353976
6 1365 31152 0 1777797275 360342
5 1315 29381 0 1777797275 383380
2 1300 60993 0 1777797275 390163
4 1326 59219 0 1777797275 390187
5 1316 6814 0 1777797275 390208
6 1366 29862 0 1777797275 390216
5 1317 25722 0 1777797275 416060
2 1301 26232 0 1777797275 416449
1 1280 67524 0 1777797275 416580
3 1368 67219 0 1777797275 416600
4 1327 26371 0 1777797275 416607
6 1367 26258 0 1777797275 416614
0 1352 67621 0 1777797275 416667
2 1302 7681 0 1777797275 424215
6 1368 11752 0 1777797275 428403
0 1353 17307 0 1777797275 433975
3 1369 17361 0 1777797275 433993
4 1328 17359 0 1777797275 434000
1 1281 19580 0 1777797275 436195
6 1369 7799 0 1777797275 436204
3 1370 7990 0 1777797275 442002
6 1370 6134 0 1777797275 442350
0 1354 11399 0 1777797275 445401
5 1318 30127 0 1777797275 446195
1 1282 10022 0 1777797275 446228
0 1355 2188 0 1777797275 447593
2 1303 23411 0 1777797275 447629
6 1371 5452 0 1777797275 447807
0 1356 3286 0 1777797275 450885
1 1283 4680 0 1777797275 450910
4 1329 16898 0 1777797275 450919
6 1372 3128 0 1777797275 450937
6 1373 13558 0 1777797275 464552
6 1374 7562 0 1777797275 472118
2 1304 27304 0 1777797275 474934
5 1319 28740 0 1777797275 474941
6 1375 5854 0 1777797275 477976
6 1376 3364 0 1777797275 481342
6 1377 7683 0 1777797275 489027
2 1305 14384 0 1777797275 489327
5 1320 14383 0 1777797275 489336
6 1378 9187 0 1777797275 498219
2 1306 15573 0 1777797275 504910
4 1330 53971 0 1777797275 504947
3 1371 71208 0 1777797275 513213
0 1357 63512 0 1777797275 514451
1 1284 63493 0 1777797275 514458
5 1321 25562 0 1777797275 514909
6 1379 19583 0 1777797275 517805
1 1285 7950 0 1777797275 522421
3 1372 12242 0 1777797275 525457
4 1331 20542 0 1777797275 525490
3 1373 4584 0 1777797275 530078
2 1307 26752 0 1777797275 531671
5 1322 17812 0 1777797275 532723
0 1358 18718 0 1777797275 533178
1 1286 20628 0 1777797275 543051
0 1359 23957 0 1777797275 557139
2 1308 25470 0 1777797275 557147
3 1374 27072 0 1777797275 557154
4 1332 33359 0 1777797275 558868
0 1360 4569 0 1777797275 561725
5 1323 29011 0 1777797275 561737
3 1375 8184 0 1777797275 565379
4 1333 6516 0 1777797275 565392
2 1309 11650 0 1777797275 568823
3 1376 14486 0 1777797275 579879
4 1334 17660 0 1777797275 583072
2 1310 21634 0 1777797275 590461
3 1377 10544 0 1777797275 590471
4 1335 7404 0 1777797275 590479
5 1324 28733 0 1777797275 590486
6 1380 72684 0 1777797275 590492
1 1287 56675 0 1777797275 599731
2 1311 25817 0 1777797275 616310
4 1336 25782 0 1777797275 616318
5 1325 25772 0 1777797275 616323
1 1288 42834 0 1777797275 642573
4 1337 28208 0 1777797275 644541
5 1326 28206 0 1777797275 644546
6 1381 53982 0 1777797275 644551
0 1361 94754 0 1777797275 656492
2 1312 40179 0 1777797275 656502
3 1378 113590 0 1777797275 704117
4 1338 59567 0 1777797275 704126
6 1382 59563 0 1777797275 704131
2 1313 48068 0 1777797275 704585
0 1362 49346 0 1777797275 705850
1 1289 61306 0 1777797275 705857
5 1327 61306 0 1777797275 705869
0 1363 19806 0 1777797275 725677
2 1314 21103 0 1777797275 725690
4 1339 23492 0 1777797275 727639
6 1383 26552 0 1777797275 730708
5 1328 25440 0 1777797275 731328
3 1379 29945 0 1777797275 734077
6 1384 10909 0 1777797275 741626
4 1340 15904 0 1777797275 743552
4 1341 1856 0 1777797275 745414
6 1385 6651 0 1777797275 748281
2 1315 30063 0 1777797275 755772
3 1380 21698 0 1777797275 755780
1 1290 50573 0 1777797275 756453
0 1364 33433 0 1777797275 759124
4 1342 65528 0 1777797275 810949
1 1291 64435 0 1777797275 820894
2 1316 65129 0 1777797275 820910
3 1381 65124 0 1777797275 820917
5 1329 89594 0 1777797275 820924
4 1343 11563 0 1777797275 822515
6 1386 74243 0 1777797275 822527
0 1365 68367 0 1777797275 827494
1 1292 6577 0 1777797275 827502
2 1317 6571 0 1777797275 827509
3 1382 6566 0 1777797275 827514
5 1330 6564 0 1777797275 827521
1 1293 8633 0 1777797275 836176
2 1318 8634 0 1777797275 836184
4 1344 13661 0 1777797275 836189
6 1387 13651 0 1777797275 836195
0 1366 11929 0 1777797275 839450
2 1319 8634 0 1777797275 844838
3 1383 17310 0 1777797275 844866
5 1331 17311 0 1777797275 844874
0 1367 19986 0 1777797275 859438
1 1294 23281 0 1777797275 859477
2 1320 14609 0 1777797275 859484
3 1384 14550 0 1777797275 859491
4 1345 23286 0 1777797275 859496
5 1332 14545 0 1777797275 859502
6 1388 23292 0 1777797275 859545
0 1368 21023 0 1777797275 880570
1 1295 21011 0 1777797275 880578
2 1321 21009 0 1777797275 880584
3 1385 22035 0 1777797275 881616
4 1346 22056 0 1777797275 881645
5 1333 22535 0 1777797275 882866
6 1389 22506 0 1777797275 882873
0 1369 22110 0 1777797275 903756
2 1322 22097 0 1777797275 903766
6 1390 33150 0 1777797275 916039
1 1296 54599 0 1777797275 936263
3 1386 54594 0 1777797275 936271
5 1334 65342 0 1777797275 948216
2 1323 45845 0 1777797275 949623
4 1347 67950 0 1777797275 949634
6 1391 33602 0 1777797275 949643
1 1297 39015 0 1777797275 975287
3 1387 39014 0 1777797275 975296
6 1392 26093 0 1777797275 975773
0 1370 74958 0 1777797275 978725
6 1393 5448 0 1777797275 981223
1 1298 14580 0 1777797275 989877
2 1324 40246 0 1777797275 989890
3 1388 14587 0 1777797275 989894
5 1335 41674 0 1777797275 989899
4 1348 47349 0 1777797275 997017
2 1325 17357 0 1777797276 7272
5 1336 17353 0 1777797276 7281
4 1349 15154 0 1777797276 12173
6 1394 32636 0 1777797276 13865
0 1371 35958 0 1777797276 14691
1 1299 26894 0 1777797276 16794
0 1372 9541 0 1777797276 24240
5 1337 23374 0 1777797276 30665
4 1350 19483 0 1777797276 31666
6 1395 18065 0 1777797276 31934
0 1373 13936 0 1777797276 38180
3 1389 49742 0 1777797276 39665
5 1338 13356 0 1777797276 44031
4 1351 13902 0 1777797276 45571
0 1374 8861 0 1777797276 47052
1 1300 31783 0 1777797276 48584
6 1396 17053 0 1777797276 48989
2 1326 43492 0 1777797276 50775
0 1375 12014 0 1777797276 59071
1 1301 15272 0 1777797276 63859
2 1327 13100 0 1777797276 63878
3 1390 24218 0 1777797276 63886
4 1352 18330 0 1777797276 63904
5 1339 19880 0 1777797276 63914
6 1397 16409 0 1777797276 65402
3 1391 10003 0 1777797276 73945
4 1353 10004 0 1777797276 73953
0 1376 15289 0 1777797276 74362
6 1398 11221 0 1777797276 76626
5 1340 13807 0 1777797276 77773
1 1302 16233 0 1777797276 80148
2 1328 16263 0 1777797276 80196
3 1392 13375 0 1777797276 87329
5 1341 9564 0 1777797276 87340
6 1399 10719 0 1777797276 87347
4 1354 14327 0 1777797276 88290
0 1377 14539 0 1777797276 88904
1 1303 11617 0 1777797276 91774
3 1393 5664 0 1777797276 93012
0 1378 10547 0 1777797276 99457
6 1400 12918 0 1777797276 100282
2 1329 23846 0 1777797276 104044
1 1304 16093 0 1777797276 107874
0 1379 9433 0 1777797276 108895
6 1401 9902 0 1777797276 110185
5 1342 24363 0 1777797276 111719
3 1394 20484 0 1777797276 113502
4 1355 25840 0 1777797276 114200
0 1380 15655 0 1777797276 124553
2 1330 20515 0 1777797276 124562
5 1343 12841 0 1777797276 124568
6 1402 14383 0 1777797276 124575
1 1305 17466 0 1777797276 125345
4 1356 14837 0 1777797276 129040
0 1381 15646 0 1777797276 140221
2 1331 15638 0 1777797276 140233
5 1344 15644 0 1777797276 140249
6 1403 15709 0 1777797276 140319
1 1306 15858 0 1777797276 141204
5 1345 7837 0 1777797276 148178
6 1404 7869 0 1777797276 148226
1 1307 8031 0 1777797276 149237
4 1357 20504 0 1777797276 149547
0 1382 24278 0 1777797276 164599
2 1332 24276 0 1777797276 164609
3 1395 51310 0 1777797276 164818
1 1308 22479 0 1777797276 171719
4 1358 22187 0 1777797276 171738
5 1346 33963 0 1777797276 182191
0 1383 18801 0 1777797276 183624
3 1396 24572 0 1777797276 189421
4 1359 17672 0 1777797276 189433
2 1333 131534 0 1777797276 296374
0 1384 268039 0 1777797276 451668
2 1334 181674 0 1777797276 478055
3 1397 288638 0 1777797276 478072
4 1360 288631 0 1777797276 478080
0 1385 57842 0 1777797276 509513
6 1405 362852 0 1777797276 511267
0 1386 15759 0 1777797276 525275
1 1309 353546 0 1777797276 525285
2 1335 47207 0 1777797276 525289
4 1361 47178 0 1777797276 525293
5 1347 343105 0 1777797276 525299
6 1406 14031 0 1777797276 525302
0 1387 6860 0 1777797276 532163
1 1310 6860 0 1777797276 532171
0 1388 3341 0 1777797276 535513
0 1389 4859 0 1777797276 540374
1 1311 8464 0 1777797276 540644
2 1336 19429 0 1777797276 544746
0 1390 6933 0 1777797276 547316
1 1312 6679 0 1777797276 547324
2 1337 4265 0 1777797276 549013
0 1391 7369 0 1777797276 554695
1 1313 7370 0 1777797276 554706
2 1338 6549 0 1777797276 555564
3 1398 89977 0 1777797276 568082
5 1348 47297 0 1777797276 572622
6 1407 53036 0 1777797276 578368
3 1399 12605 0 1777797276 580691
0 1392 26398 0 1777797276 581106
0 1393 1447 0 1777797276 582556
5 1349 10102 0 1777797276 582728
0 1394 1690 0 1777797276 584248
0 1395 1085 0 1777797276 585335
0 1396 1205 0 1777797276 586542
0 1397 1295 0 1777797276 587842
1 1314 38925 0 1777797276 593663
3 1400 12976 0 1777797276 593670
2 1339 38397 0 1777797276 593964
6 1408 15599 0 1777797276 593970
5 1350 11287 0 1777797276 594017
4 1362 69995 0 1777797276 595317
0 1398 17267 0 1777797276 605116
5 1351 11114 0 1777797276 605132
2 1340 11786 0 1777797276 605757
6 1409 11801 0 1777797276 605783
1 1315 12133 0 1777797276 605806
3 1401 12154 0 1777797276 605837
4 1363 11187 0 1777797276 606507
5 1352 8097 0 1777797276 613253
1 1316 7980 0 1777797276 613787
2 1341 8307 0 1777797276 614091
6 1410 8319 0 1777797276 614111
0 1399 10812 0 1777797276 615945
3 1402 10116 0 1777797276 615954
1 1317 9999 0 1777797276 623787
2 1342 9704 0 1777797276 623796
4 1364 17294 0 1777797276 623802
0 1400 10473 0 1777797276 626431
6 1411 12706 0 1777797276 626818
3 1403 11459 0 1777797276 627426
1 1318 5142 0 1777797276 628946
1 1319 4023 0 1777797276 632971
0 1401 7166 0 1777797276 633600
2 1343 10671 0 1777797276 634485
3 1404 7470 0 1777797276 634898
4 1365 13082 0 1777797276 636904
3 1405 5943 0 1777797276 640843
2 1344 16519 0 1777797276 651006
3 1406 10165 0 1777797276 651012
4 1366 14113 0 1777797276 651019
0 1402 32927 0 1777797276 666531
1 1320 33562 0 1777797276 666535
2 1345 15520 0 1777797276 666539
3 1407 15518 0 1777797276 666543
4 1367 15516 0 1777797276 666546
5 1353 53289 0 1777797276 666550
6 1412 39733 0 1777797276 666553
2 1346 4382 0 1777797276 670946
3 1408 4408 0 1777797276 670975
0 1403 4485 0 1777797276 671038
5 1354 5103 0 1777797276 671680
0 1404 4478 0 1777797276 675517
5 1355 4859 0 1777797276 676544
0 1405 3304 0 1777797276 678826
1 1321 12282 0 1777797276 678842
3 1409 7847 0 1777797276 678848
0 1406 3568 0 1777797276 682417
1 1322 3579 0 1777797276 682443
3 1410 3849 0 1777797276 682722
5 1356 6185 0 1777797276 682731
1 1323 3380 0 1777797276 686125
2 1347 15156 0 1777797276 686133
3 1411 3388 0 1777797276 686137
4 1368 19568 0 1777797276 686140
5 1357 3388 0 1777797276 686144
2 1348 3712 0 1777797276 689864
3 1412 3713 0 1777797276 689870
4 1369 4730 0 1777797276 690891
2 1349 2547 0 1777797276 692418
2 1350 1336 0 1777797276 693758
3 1413 3885 0 1777797276 693767
2 1351 4271 0 1777797276 698039
3 1414 5648 0 1777797276 699425
2 1352 2812 0 1777797276 700855
3 1415 1449 0 1777797276 700877
0 1407 20610 0 1777797276 703342
6 1413 37463 0 1777797276 704044
1 1324 18850 0 1777797276 704995
4 1370 15433 0 1777797276 706326
3 1416 5759 0 1777797276 706675
2 1353 6099 0 1777797276 706978
2 1354 1410 0 1777797276 708390
2 1355 2293 0 1777797276 710686
3 1417 5210 0 1777797276 711889
2 1356 1223 0 1777797276 711912
0 1408 13194 0 1777797276 716538
0 1409 2065 0 1777797276 718609
0 1410 972 0 1777797276 719584
0 1411 3341 0 1777797276 722928
2 1357 12950 0 1777797276 724863
4 1371 20708 0 1777797276 727040
0 1412 6564 0 1777797276 729495
1 1325 28212 0 1777797276 733211
4 1372 9388 0 1777797276 736430
5 1358 50895 0 1777797276 737060
2 1358 19497 0 1777797276 744363
3 1418 32484 0 1777797276 744375
4 1373 9941 0 1777797276 746375
2 1359 5343 0 1777797276 749720
3 1419 6233 0 1777797276 750621
6 1414 46638 0 1777797276 750683
1 1326 19656 0 1777797276 752877
5 1359 15946 0 1777797276 753008
2 1360 8330 0 1777797276 758052
6 1415 8804 0 1777797276 759523
3 1420 21394 0 1777797276 772080
0 1413 43799 0 1777797276 773296
5 1360 20452 0 1777797276 773461
3 1421 6091 0 1777797276 778173
4 1374 31805 0 1777797276 778190
5 1361 4733 0 1777797276 778196
6 1416 18678 0 1777797276 778202
0 1414 7125 0 1777797276 780423
1 1327 32882 0 1777797276 785762
2 1361 28891 0 1777797276 786946
3 1422 8751 0 1777797276 786954
4 1375 8732 0 1777797276 786960
5 1362 9292 0 1777797276 787530
6 1417 9236 0 1777797276 787569
0 1415 11298 0 1777797276 791728
1 1328 6001 0 1777797276 791767
3 1423 6285 0 1777797276 793880
5 1363 6270 0 1777797276 793888
6 1418 6267 0 1777797276 793893
2 1362 9139 0 1777797276 796710
0 1416 9770 0 1777797276 801539
1 1329 9780 0 1777797276 801558
3 1424 7672 0 1777797276 801566
5 1364 7667 0 1777797276 801572
2 1363 12439 0 1777797276 809160
4 1376 21566 0 1777797276 809171
5 1365 7441 0 1777797276 809177
6 1419 15412 0 1777797276 809324
0 1417 12978 0 1777797276 814551
1 1330 12990 0 1777797276 814571
3 1425 12991 0 1777797276 814579
4 1377 8351 0 1777797276 817689
5 1366 8353 0 1777797276 817699
0 1418 10068 0 1777797276 824648
1 1331 10052 0 1777797276 824653
2 1364 15333 0 1777797276 824658
3 1426 10052 0 1777797276 824662
5 1367 6946 0 1777797276 824666
6 1420 15287 0 1777797276 824671
4 1378 13404 0 1777797276 831104
0 1419 18314 0 1777797276 842985
1 1332 18470 0 1777797276 843147
2 1365 18487 0 1777797276 843172
3 1427 18501 0 1777797276 843191
5 1368 18504 0 1777797276 843199
6 1421 18506 0 1777797276 843205
3 1428 6131 0 1777797276 849368
6 1422 6122 0 1777797276 849378
0 1420 12330 0 1777797276 855536
1 1333 12370 0 1777797276 855591
2 1366 12375 0 1777797276 855604
4 1379 24505 0 1777797276 855612
5 1369 12422 0 1777797276 855669
3 1429 14826 0 1777797276 864204
4 1380 8564 0 1777797276 864213
5 1370 8546 0 1777797276 864217
0 1421 10344 0 1777797276 865958
6 1423 16618 0 1777797276 866003
1 1334 10422 0 1777797276 866050
2 1367 20623 0 1777797276 876261
3 1430 12052 0 1777797276 876270
4 1381 12046 0 1777797276 876274
1 1335 10887 0 1777797276 876938
0 1422 11245 0 1777797276 877250
5 1371 13020 0 1777797276 877256
6 1424 11244 0 1777797276 877269
2 1368 6913 0 1777797276 883188
4 1382 6913 0 1777797276 883207
3 1431 11455 0 1777797276 887743
5 1372 11207 0 1777797276 888487
6 1425 11199 0 1777797276 888496
0 1423 19518 0 1777797276 896789
3 1432 9061 0 1777797276 896808
4 1383 13589 0 1777797276 896816
2 1369 15041 0 1777797276 898249
6 1426 9749 0 1777797276 898259
5 1373 11416 0 1777797276 899913
1 1336 25278 0 1777797276 902220
3 1433 9473 0 1777797276 906324
4 1384 9532 0 1777797276 906393
5 1374 47299 0 1777797276 947214
0 1424 51183 0 1777797276 948001
2 1370 49749 0 1777797276 948009
1 1337 46167 0 1777797276 948391
6 1427 50129 0 1777797276 948398
6 1428 2675 0 1777797276 951081
2 1371 6480 0 1777797276 954504
6 1429 3440 0 1777797276 954524
0 1425 16272 0 1777797276 964282
1 1338 15914 0 1777797276 964313
4 1385 57908 0 1777797276 964323
6 1430 9767 0 1777797276 964331
0 1426 9910 0 1777797276 974242
1 1339 17465 0 1777797276 981807
3 1434 75454 0 1777797276 981848
6 1431 17517 0 1777797276 981918
4 1386 17658 0 1777797276 982008
5 1375 34793 0 1777797276 982015
2 1372 28777 0 1777797276 983302
6 1432 9011 0 1777797276 990995
2 1373 9159 0 1777797276 992465
4 1387 13864 0 1777797276 995881
1 1340 17747 0 1777797276 999666
5 1376 17651 0 1777797276 999675
2 1374 9674 0 1777797277 2148
4 1388 8825 0 1777797277 4716
6 1433 13733 0 1777797277 4730
2 1375 6099 0 1777797277 8253
4 1389 8518 0 1777797277 13249
6 1434 8490 0 1777797277 13258
1 1341 18192 0 1777797277 17868
5 1377 18192 0 1777797277 17878
0 1427 49877 0 1777797277 24122
1 1342 6263 0 1777797277 24142
2 1376 15905 0 1777797277 24164
5 1378 6208 0 1777797277 24172
6 1435 10912 0 1777797277 24179
4 1390 16446 0 1777797277 29705
1 1343 6439 0 1777797277 30652
0 1428 8564 0 1777797277 32743
3 1435 50773 0 1777797277 32747
5 1379 8515 0 1777797277 32750
2 1377 12263 0 1777797277 36484
6 1436 12248 0 1777797277 36492
0 1429 7295 0 1777797277 40046
1 1344 9410 0 1777797277 40064
3 1436 7326 0 1777797277 40082
4 1391 10391 0 1777797277 40098
5 1380 7345 0 1777797277 40105
6 1437 6939 0 1777797277 43451
0 1430 12804 0 1777797277 52910
3 1437 12847 0 1777797277 52990
4 1392 12846 0 1777797277 52997
5 1381 12839 0 1777797277 53003
6 1438 9555 0 1777797277 53008
1 1345 15021 0 1777797277 55149
0 1431 9837 0 1777797277 62846
2 1378 26362 0 1777797277 62854
3 1438 9839 0 1777797277 62870
4 1393 9862 0 1777797277 62908
5 1382 9893 0 1777797277 62958
6 1439 9878 0 1777797277 62967
1 1346 21350 0 1777797277 76502
2 1379 13540 0 1777797277 76517
3 1439 13544 0 1777797277 76529
4 1394 13546 0 1777797277 76538
6 1440 13518 0 1777797277 76548
0 1432 14829 0 1777797277 77796
5 1383 14803 0 1777797277 77801
1 1347 15546 0 1777797277 92095
2 1380 15543 0 1777797277 92109
3 1440 15538 0 1777797277 92114
4 1395 15532 0 1777797277 92118
5 1384 14315 0 1777797277 92122
6 1441 15530 0 1777797277 92125
0 1433 16855 0 1777797277 94656
4 1396 11261 0 1777797277 103412
5 1385 11268 0 1777797277 103423
6 1442 12167 0 1777797277 104326
1 1348 12822 0 1777797277 104948
0 1434 16435 0 1777797277 111095
2 1381 18977 0 1777797277 111116
3 1441 18980 0 1777797277 111125
5 1386 7630 0 1777797277 111131
6 1443 6810 0 1777797277 111138
1 1349 6346 0 1777797277 111296
4 1397 8619 0 1777797277 112043
1 1350 4578 0 1777797277 115876
6 1444 4607 0 1777797277 115885
5 1387 5090 0 1777797277 116301
2 1382 5878 0 1777797277 117035
3 1442 5879 0 1777797277 117044
4 1398 7810 0 1777797277 119856
0 1435 10350 0 1777797277 121490
1 1351 12203 0 1777797277 128089
3 1443 11048 0 1777797277 128104
6 1445 12215 0 1777797277 128112
2 1383 11245 0 1777797277 128290
5 1388 12011 0 1777797277 128313
0 1436 16846 0 1777797277 138338
2 1384 10074 0 1777797277 138365
4 1399 18515 0 1777797277 138373
5 1389 10075 0 1777797277 138389
1 1352 11176 0 1777797277 139289
3 1444 11175 0 1777797277 139297
6 1446 11799 0 1777797277 140036
0 1437 8538 0 1777797277 146929
4 1400 8742 0 1777797277 147234
1 1353 7991 0 1777797277 147289
5 1390 10612 0 1777797277 149114
0 1438 6573 0 1777797277 153503
1 1354 6216 0 1777797277 153507
2 1385 15107 0 1777797277 153511
3 1445 14209 0 1777797277 153515
6 1447 13483 0 1777797277 153521
2 1386 3419 0 1777797277 156953
3 1446 3907 0 1777797277 157446
1 1355 8259 0 1777797277 161788
5 1391 12678 0 1777797277 161799
6 1448 8260 0 1777797277 161806
2 1387 5241 0 1777797277 162203
3 1447 8679 0 1777797277 166127
0 1439 17245 0 1777797277 170767
1 1356 8970 0 1777797277 170777
2 1388 8580 0 1777797277 170784
4 1401 23555 0 1777797277 170791
5 1392 8963 0 1777797277 170797
6 1449 9001 0 1777797277 170858
2 1389 5415 0 1777797277 176304
3 1448 10183 0 1777797277 176312
5 1393 5415 0 1777797277 176319
6 1450 5414 0 1777797277 176326
1 1357 5981 0 1777797277 176862
3 1449 2875 0 1777797277 179211
5 1394 3930 0 1777797277 180271
2 1390 4976 0 1777797277 181303
3 1450 6823 0 1777797277 186036
6 1451 9698 0 1777797277 186047
4 1402 17887 0 1777797277 188784
6 1452 2888 0 1777797277 188953
6 1453 6691 0 1777797277 195646
3 1451 11460 0 1777797277 197509
6 1454 4638 0 1777797277 200290
3 1452 14415 0 1777797277 211927
4 1403 23155 0 1777797277 211941
6 1455 11656 0 1777797277 211948
0 1440 43396 0 1777797277 214255
3 1453 4051 0 1777797277 216000
6 1456 4039 0 1777797277 216011
6 1457 8147 0 1777797277 224188
3 1454 14648 0 1777797277 230660
6 1458 6747 0 1777797277 230946
6 1459 13959 0 1777797277 244906
6 1460 18219 0 1777797277 263280
6 1461 14455 0 1777797277 277739
4 1404 70042 0 1777797277 282006
2 1391 101109 0 1777797277 282415
6 1462 5185 0 1777797277 282928
6 1463 10037 0 1777797277 292967
0 1441 82247 0 1777797277 296507
3 1455 65841 0 1777797277 296511
5 1395 116240 0 1777797277 296514
4 1405 16574 0 1777797277 298582
3 1456 5987 0 1777797277 302508
2 1392 20277 0 1777797277 302696
5 1396 6321 0 1777797277 302846
1 1358 126669 0 1777797277 303533
6 1464 11349 0 1777797277 304319
2 1393 7167 0 1777797277 309864
5 1397 7022 0 1777797277 309870
3 1457 8505 0 1777797277 311015
4 1406 12445 0 1777797277 311030
6 1465 6725 0 1777797277 311045
1 1359 8977 0 1777797277 312511
0 1442 18177 0 1777797277 314693
2 1394 6536 0 1777797277 316407
3 1458 5388 0 1777797277 316435
5 1398 6593 0 1777797277 316473
6 1466 7249 0 1777797277 318339
1 1360 7250 0 1777797277 319763
0 1443 5725 0 1777797277 320423
5 1399 3942 0 1777797277 320433
2 1395 6196 0 1777797277 322671
4 1407 12797 0 1777797277 323877
2 1396 7620 0 1777797277 330293
3 1459 13815 0 1777797277 330301
4 1408 6430 0 1777797277 330309
5 1400 9870 0 1777797277 330315
6 1467 11980 0 1777797277 330321
0 1444 12916 0 1777797277 333350
4 1409 5740 0 1777797277 336078
0 1445 3738 0 1777797277 337092
3 1460 6881 0 1777797277 337212
6 1468 8003 0 1777797277 338355
4 1410 3949 0 1777797277 340029
0 1446 8086 0 1777797277 345181
2 1397 14888 0 1777797277 345210
5 1401 14899 0 1777797277 345244
4 1411 6157 0 1777797277 346188
0 1447 1527 0 1777797277 346773
2 1398 1515 0 1777797277 346780
0 1448 4314 0 1777797277 351097
3 1461 13891 0 1777797277 351105
4 1412 4920 0 1777797277 351112
0 1449 4477 0 1777797277 355590
3 1462 4406 0 1777797277 355599
4 1413 4399 0 1777797277 355606
6 1469 18400 0 1777797277 356759
3 1463 5851 0 1777797277 361472
4 1414 5860 0 1777797277 361487
0 1450 10557 0 1777797277 366164
6 1470 9410 0 1777797277 366171
3 1464 5871 0 1777797277 367359
5 1402 23049 0 1777797277 368322
0 1451 2971 0 1777797277 369144
6 1471 5425 0 1777797277 371611
4 1415 10714 0 1777797277 372212
3 1465 7366 0 1777797277 374729
5 1403 6421 0 1777797277 374745
6 1472 3139 0 1777797277 374752
0 1452 8884 0 1777797277 378029
4 1416 5843 0 1777797277 378057
3 1466 5685 0 1777797277 380439
4 1417 3451 0 1777797277 381528
5 1404 11673 0 1777797277 386442
0 1453 8600 0 1777797277 386658
4 1418 8461 0 1777797277 390001
0 1454 5411 0 1777797277 392072
5 1405 7737 0 1777797277 394182
4 1419 7684 0 1777797277 397688
6 1473 23456 0 1777797277 398232
4 1420 3927 0 1777797277 401618
2 1399 57751 0 1777797277 404586
6 1474 7071 0 1777797277 405305
5 1406 11236 0 1777797277 405420
1 1361 85944 0 1777797277 405711
0 1455 16980 0 1777797277 409055
4 1421 7444 0 1777797277 409064
2 1400 9375 0 1777797277 413963
3 1467 33529 0 1777797277 413970
1 1362 8854 0 1777797277 414567
5 1407 9153 0 1777797277 414575
1 1363 2076 0 1777797277 416652
3 1468 2685 0 1777797277 416666
2 1401 4721 0 1777797277 418692
4 1422 9621 0 1777797277 418700
1 1364 2901 0 1777797277 419569
5 1408 6612 0 1777797277 421197
3 1469 5217 0 1777797277 421905
0 1456 13750 0 1777797277 422816
1 1365 3263 0 1777797277 422838
4 1423 4380 0 1777797277 423090
5 1409 2639 0 1777797277 423839
2 1402 5756 0 1777797277 424457
1 1366 6415 0 1777797277 429276
4 1424 6201 0 1777797277 429293
5 1410 5400 0 1777797277 429301
6 1475 23998 0 1777797277 429307
3 1470 8496 0 1777797277 430404
2 1403 6556 0 1777797277 431016
0 1457 10215 0 1777797277 433055
5 1411 6116 0 1777797277 435460
1 1367 8889 0 1777797277 438197
2 1404 7233 0 1777797277 438253
6 1476 8931 0 1777797277 438283
3 1471 9037 0 1777797277 439445
2 1405 3132 0 1777797277 441437
3 1472 13108 0 1777797277 452555
4 1425 23230 0 1777797277 452563
5 1412 17100 0 1777797277 452569
6 1477 14262 0 1777797277 452575
4 1426 1547 0 1777797277 454155
4 1427 894 0 1777797277 455052
0 1458 22423 0 1777797277 455480
1 1368 17552 0 1777797277 455837
6 1478 3623 0 1777797277 456263
3 1473 4574 0 1777797277 457150
0 1459 2032 0 1777797277 457516
4 1428 2947 0 1777797277 458001
1 1369 2920 0 1777797277 458759
3 1474 2351 0 1777797277 459505
6 1479 3370 0 1777797277 459636
2 1406 19259 0 1777797277 460699
5 1413 8673 0 1777797277 461288
0 1460 4925 0 1777797277 462443
0 1461 864 0 1777797277 463314
5 1414 2062 0 1777797277 463353
0 1462 3564 0 1777797277 466919
5 1415 3691 0 1777797277 467055
6 1480 8559 0 1777797277 468196
1 1370 15886 0 1777797277 474647
3 1475 15157 0 1777797277 474663
4 1429 16706 0 1777797277 474720
5 1416 8733 0 1777797277 475789
0 1463 9336 0 1777797277 476257
2 1407 15571 0 1777797277 476272
2 1408 8012 0 1777797277 484296
1 1371 10521 0 1777797277 485186
3 1476 12327 0 1777797277 487005
5 1417 13203 0 1777797277 488997
4 1430 14662 0 1777797277 489383
0 1464 14699 0 1777797277 490973
0 1465 4398 0 1777797277 495374
4 1431 6593 0 1777797277 495979
3 1477 10077 0 1777797277 497085
0 1466 2473 0 1777797277 497856
0 1467 761 0 1777797277 498619
3 1478 3403 0 1777797277 500490
5 1418 13578 0 1777797277 502579
4 1432 8378 0 1777797277 504360
1 1372 19849 0 1777797277 505039
0 1468 8396 0 1777797277 507017
3 1479 8018 0 1777797277 508510
0 1469 2439 0 1777797277 509458
1 1373 6031 0 1777797277 511072
5 1419 9852 0 1777797277 512432
3 1480 4995 0 1777797277 513508
0 1470 5772 0 1777797277 515235
2 1409 31202 0 1777797277 515500
3 1481 2874 0 1777797277 516384
1 1374 8462 0 1777797277 519538
6 1481 51757 0 1777797277 519957
5 1420 7666 0 1777797277 520100
1 1375 2289 0 1777797277 521832
1 1376 964 0 1777797277 522803
0 1471 9453 0 1777797277 524691
1 1377 2021 0 1777797277 524827
5 1421 5465 0 1777797277 525567
0 1472 4098 0 1777797277 528792
6 1482 10098 0 1777797277 530058
1 1378 8589 0 1777797277 533418
3 1482 20565 0 1777797277 536952
6 1483 7281 0 1777797277 537341
0 1473 9394 0 1777797277 538187
1 1379 7421 0 1777797277 540842
5 1422 16644 0 1777797277 542213
5 1423 724 0 1777797277 542939
5 1424 1259 0 1777797277 544199
5 1425 955 0 1777797277 545156
3 1483 9191 0 1777797277 546150
0 1474 9004 0 1777797277 547193
6 1484 12255 0 1777797277 549598
0 1475 2805 0 1777797277 550000
5 1426 10970 0 1777797277 556128
0 1476 6159 0 1777797277 556162
5 1427 2022 0 1777797277 558153
2 1410 45192 0 1777797277 560693
0 1477 5925 0 1777797277 562088
2 1411 1727 0 1777797277 562423
2 1412 1714 0 1777797277 564140
0 1478 2631 0 1777797277 564721
1 1380 30961 0 1777797277 571807
2 1413 7706 0 1777797277 571849
0 1479 7345 0 1777797277 572069
6 1485 22475 0 1777797277 572075
3 1484 26478 0 1777797277 572630
5 1428 14774 0 1777797277 572929
4 1433 69240 0 1777797277 573602
6 1486 3005 0 1777797277 575102
4 1434 2245 0 1777797277 575849
3 1485 7638 0 1777797277 580270
5 1429 8320 0 1777797277 581253
0 1480 11398 0 1777797277 583474
5 1430 2928 0 1777797277 584184
2 1414 12362 0 1777797277 584212
3 1486 3947 0 1777797277 584219
3 1487 3943 0 1777797277 588173
5 1431 4024 0 1777797277 588214
2 1415 4162 0 1777797277 588382
3 1488 5757 0 1777797277 593933
5 1432 5735 0 1777797277 593950
4 1435 18523 0 1777797277 594374
1 1381 24317 0 1777797277 596128
0 1481 13697 0 1777797277 597174
5 1433 3702 0 1777797277 597665
2 1416 9487 0 1777797277 597870
3 1489 4511 0 1777797277 598462
0 1482 3987 0 1777797277 601163
2 1417 4073 0 1777797277 601945
5 1434 6447 0 1777797277 604114
3 1490 7634 0 1777797277 606098
3 1491 5826 0 1777797277 611926
0 1483 10964 0 1777797277 612131
4 1436 18196 0 1777797277 612574
5 1435 10405 0 1777797277 614586
3 1492 6504 0 1777797277 618438
5 1436 3868 0 1777797277 618456
0 1484 6365 0 1777797277 618498
1 1382 26328 0 1777797277 622458
6 1487 48807 0 1777797277 623911
0 1485 7821 0 1777797277 626321
6 1488 3153 0 1777797277 627067
2 1418 25611 0 1777797277 627558
3 1493 12089 0 1777797277 630546
2 1419 4772 0 1777797277 632332
2 1420 2404 0 1777797277 634739
4 1437 22173 0 1777797277 634750
0 1486 8710 0 1777797277 635034
5 1437 19592 0 1777797277 638063
1 1383 18627 0 1777797277 641088
0 1487 6729 0 1777797277 641764
2 1421 7240 0 1777797277 641991
2 1422 2600 0 1777797277 644594
2 1423 2233 0 1777797277 646829
6 1489 20514 0 1777797277 647583
2 1424 2350 0 1777797277 649181
5 1438 12008 0 1777797277 650074
2 1425 1846 0 1777797277 651029
0 1488 10220 0 1777797277 651986
5 1439 5726 0 1777797277 655805
0 1489 4558 0 1777797277 656546
6 1490 10219 0 1777797277 657805
2 1426 10005 0 1777797277 661037
1 1384 20111 0 1777797277 661206
0 1490 4672 0 1777797277 661225
6 1491 5282 0 1777797277 663093
4 1438 29261 0 1777797277 664027
1 1385 4845 0 1777797277 666053
2 1427 5072 0 1777797277 666112
4 1439 2207 0 1777797277 666236
0 1491 5867 0 1777797277 667093
6 1492 4124 0 1777797277 667225
0 1492 2826 0 1777797277 669923
6 1493 2811 0 1777797277 670039
6 1494 5169 0 1777797277 675209
1 1386 9697 0 1777797277 675752
4 1440 9639 0 1777797277 675876
3 1494 45717 0 1777797277 676265
5 1440 20780 0 1777797277 676591
2 1428 12384 0 1777797277 678497
2 1429 2011 0 1777797277 680510
6 1495 5299 0 1777797277 680516
5 1441 3951 0 1777797277 680543
4 1441 7101 0 1777797277 682979
5 1442 2721 0 1777797277 683265
2 1430 3474 0 1777797277 683997
3 1495 8296 0 1777797277 684563
1 1387 10496 0 1777797277 686252
5 1443 4693 0 1777797277 687959
0 1493 18806 0 1777797277 688732
2 1431 5896 0 1777797277 689894
3 1496 6995 0 1777797277 691564
0 1494 4907 0 1777797277 693645
3 1497 3540 0 1777797277 695110
2 1432 5280 0 1777797277 695180
3 1498 1419 0 1777797277 696534
4 1442 14807 0 1777797277 697794
6 1496 17326 0 1777797277 697856
5 1444 9969 0 1777797277 697935
3 1499 3163 0 1777797277 699699
4 1443 1939 0 1777797277 699735
0 1495 8391 0 1777797277 702046
2 1433 7240 0 1777797277 702422
1 1388 19118 0 1777797277 705375
6 1497 7563 0 1777797277 705421
0 1496 4292 0 1777797277 706340
2 1434 5398 0 1777797277 707822
4 1444 8110 0 1777797277 707847
3 1500 10662 0 1777797277 710363
0 1497 4040 0 1777797277 710385
5 1445 15165 0 1777797277 713102
1 1389 7757 0 1777797277 713143
2 1435 6173 0 1777797277 714021
4 1445 6432 0 1777797277 714297
6 1498 12618 0 1777797277 718042
0 1498 8588 0 1777797277 718973
1 1390 7715 0 1777797277 720859
3 1501 10506 0 1777797277 720870
5 1446 9473 0 1777797277 722577
1 1391 6864 0 1777797277 727735
6 1499 9697 0 1777797277 727745
5 1447 7829 0 1777797277 730408
6 1500 5060 0 1777797277 732819
0 1499 14084 0 1777797277 733062
4 1446 22943 0 1777797277 737242
0 1500 5931 0 1777797277 738994
5 1448 8603 0 1777797277 739013
3 1502 18520 0 1777797277 739404
6 1501 6584 0 1777797277 739410
1 1392 12731 0 1777797277 740477
4 1447 3381 0 1777797277 740626
6 1502 4006 0 1777797277 743425
4 1448 3224 0 1777797277 743851
3 1503 5183 0 1777797277 744594
6 1503 2135 0 1777797277 745562
6 1504 4684 0 1777797277 750248
3 1504 6547 0 1777797277 751147
4 1449 7741 0 1777797277 751595
0 1501 13114 0 1777797277 752129
5 1449 13790 0 1777797277 752830
1 1393 12815 0 1777797277 753300
1 1394 3867 0 1777797277 757170
2 1436 43502 0 1777797277 757524
4 1450 5966 0 1777797277 757563
6 1505 8076 0 1777797277 758326
6 1506 3485 0 1777797277 761813
1 1395 4720 0 1777797277 761892
0 1502 9852 0 1777797277 761984
3 1505 12091 0 1777797277 763244
3 1506 2639 0 1777797277 765885
3 1507 6089 0 1777797277 771976
2 1437 14953 0 1777797277 772479
0 1503 10670 0 1777797277 772657
0 1504 5833 0 1777797277 778492
6 1507 16696 0 1777797277 778511
2 1438 6079 0 1777797277 778560
4 1451 21029 0 1777797277 778593
1 1396 17377 0 1777797277 779272
3 1508 7572 0 1777797277 779551
1 1397 2273 0 1777797277 781549
3 1509 2352 0 1777797277 781904
2 1439 5749 0 1777797277 784311
5 1450 31552 0 1777797277 784386
0 1505 5933 0 1777797277 784427
1 1398 5463 0 1777797277 787014
3 1510 5129 0 1777797277 787035
6 1508 10332 0 1777797277 788845
2 1440 6089 0 1777797277 790402
5 1451 9072 0 1777797277 793459
2 1441 3186 0 1777797277 793590
6 1509 6541 0 1777797277 795388
1 1399 9999 0 1777797277 797035
4 1452 20644 0 1777797277 799305
2 1442 5737 0 1777797277 799328
0 1506 20576 0 1777797277 805004
2 1443 6140 0 1777797277 805470
5 1452 12591 0 1777797277 806052
4 1453 6826 0 1777797277 806134
6 1510 11732 0 1777797277 807128
1 1400 11116 0 1777797277 808153
3 1511 24954 0 1777797277 812001
4 1454 6261 0 1777797277 812396
5 1453 6435 0 1777797277 812488
1 1401 12882 0 1777797277 821037
2 1444 15574 0 1777797277 821045
3 1512 9047 0 1777797277 821051
4 1455 8659 0 1777797277 821057
5 1454 8573 0 1777797277 821062
6 1511 13936 0 1777797277 821067
0 1507 18561 0 1777797277 823569
1 1402 7131 0 1777797277 828200
5 1455 7095 0 1777797277 828217
6 1512 7713 0 1777797277 828853
2 1445 8272 0 1777797277 829350
5 1456 4330 0 1777797277 832596
1 1403 4759 0 1777797277 832977
6 1513 6299 0 1777797277 835154
0 1508 14577 0 1777797277 838148
3 1513 18103 0 1777797277 839189
1 1404 7041 0 1777797277 840021
2 1446 11198 0 1777797277 840550
4 1456 19454 0 1777797277 840557
5 1457 7973 0 1777797277 840570
0 1509 3936 0 1777797277 842087
1 1405 6100 0 1777797277 846124
3 1514 6951 0 1777797277 846142
6 1514 10994 0 1777797277 846150
0 1510 7237 0 1777797277 849327
2 1447 8765 0 1777797277 849336
4 1457 8761 0 1777797277 849342
5 1458 8752 0 1777797277 849347
1 1406 9247 0 1777797277 855398
3 1515 9243 0 1777797277 855411
4 1458 6046 0 1777797277 855419
5 1459 6040 0 1777797277 855425
6 1515 9252 0 1777797277 855432
0 1511 8523 0 1777797277 857871
2 1448 8838 0 1777797277 858203
6 1516 2940 0 1777797277 858426
1 1407 5774 0 1777797277 861207
3 1516 6775 0 1777797277 862216
5 1460 8573 0 1777797277 864053
4 1459 9555 0 1777797277 865023
0 1512 13162 0 1777797277 871036
1 1408 9844 0 1777797277 871060
2 1449 12864 0 1777797277 871068
3 1517 8857 0 1777797277 871075
5 1461 7027 0 1777797277 871082
6 1517 12672 0 1777797277 871100
4 1460 9256 0 1777797277 874283
2 1450 3303 0 1777797277 874434
0 1513 3537 0 1777797277 874639
3 1518 3509 0 1777797277 874646
5 1462 3496 0 1777797277 874653
6 1518 5367 0 1777797277 876532
1 1409 9452 0 1777797277 880574
5 1463 5894 0 1777797277 880583
0 1514 7192 0 1777797277 881846
2 1451 7423 0 1777797277 881859
3 1519 7188 0 1777797277 881865
6 1519 5330 0 1777797277 881871
1 1410 1994 0 1777797277 882579
2 1452 5436 0 1777797277 887331
4 1461 13061 0 1777797277 887346
5 1464 6758 0 1777797277 887353
0 1515 5883 0 1777797277 887755
1 1411 8157 0 1777797277 890739
3 1520 8839 0 1777797277 890745
6 1520 8837 0 1777797277 890751
0 1516 8400 0 1777797277 896158
2 1453 8812 0 1777797277 896166
4 1462 12253 0 1777797277 899623
5 1465 12241 0 1777797277 899631
0 1517 5510 0 1777797277 901677
1 1412 10933 0 1777797277 901685
3 1521 10928 0 1777797277 901688
6 1521 10925 0 1777797277 901692
2 1454 9520 0 1777797277 905698
0 1518 6501 0 1777797277 908195
4 1463 8654 0 1777797277 908286
1 1413 12367 0 1777797277 914066
3 1522 12371 0 1777797277 914075
5 1466 14439 0 1777797277 914081
6 1522 12379 0 1777797277 914088
2 1455 9372 0 1777797277 915072
4 1464 14078 0 1777797277 922375
0 1519 14995 0 1777797277 923282
1 1414 9201 0 1777797277 923289
2 1456 8225 0 1777797277 923298
5 1467 9198 0 1777797277 923304
6 1523 9096 0 1777797277 923310
3 1523 11970 0 1777797277 926068
4 1465 3716 0 1777797277 926094
1 1415 8647 0 1777797277 931970
2 1457 8652 0 1777797277 931982
6 1524 8644 0 1777797277 931989
0 1520 11223 0 1777797277 934535
3 1524 8451 0 1777797277 934547
4 1466 8439 0 1777797277 934554
5 1468 12826 0 1777797277 936165
1 1416 7512 0 1777797277 939502
6 1525 7503 0 1777797277 939511
5 1469 3320 0 1777797277 939579
0 1521 4187 0 1777797277 940362
3 1525 4191 0 1777797277 940427
2 1458 14780 0 1777797277 946781
4 1467 10656 0 1777797277 946904
0 1522 6995 0 1777797277 947423
1 1417 7915 0 1777797277 947427
3 1526 6992 0 1777797277 947431
6 1526 7887 0 1777797277 947434
5 1470 14132 0 1777797277 953712
4 1468 8150 0 1777797277 955056
0 1523 9079 0 1777797277 956514
1 1418 9080 0 1777797277 956522
2 1459 9743 0 1777797277 956528
6 1527 9142 0 1777797277 956594
3 1527 9284 0 1777797277 956731
1 1419 5126 0 1777797277 961746
0 1524 5805 0 1777797277 962401
4 1469 8343 0 1777797277 963407
6 1528 6702 0 1777797277 963415
5 1471 10270 0 1777797277 963992
3 1528 9782 0 1777797277 966514
2 1460 12465 0 1777797277 969148
0 1525 11552 0 1777797277 973955
1 1420 12216 0 1777797277 973964
4 1470 10564 0 1777797277 973980
5 1472 9994 0 1777797277 973988
6 1529 10569 0 1777797277 973995
3 1529 11110 0 1777797277 977627
2 1461 9108 0 1777797277 978262
0 1526 13918 0 1777797277 987913
1 1421 13917 0 1777797277 987923
3 1530 10300 0 1777797277 987930
4 1471 13911 0 1777797277 987938
5 1473 13905 0 1777797277 987943
6 1530 13953 0 1777797277 987997
0 1527 8173 0 1777797277 996172
2 1462 17913 0 1777797277 996181
4 1472 8167 0 1777797277 996196
5 1474 8166 0 1777797277 996203
3 1531 9536 0 1777797277 997557
1 1422 10161 0 1777797277 998173
0 1528 9091 0 1777797278 5295
1 1423 7138 0 1777797278 5314
3 1532 7761 0 1777797278 5320
4 1473 9100 0 1777797278 5327
5 1475 9094 0 1777797278 5334
6 1531 17296 0 1777797278 5340
2 1463 13023 0 1777797278 9243
1 1424 7177 0 1777797278 12538
3 1533 7186 0 1777797278 12555
5 1476 7183 0 1777797278 12572
6 1532 7196 0 1777797278 12591
0 1529 9266 0 1777797278 14607
2 1464 5369 0 1777797278 14615
4 1474 9239 0 1777797278 14621
0 1530 6949 0 1777797278 21571
1 1425 8987 0 1777797278 21579
3 1534 8932 0 1777797278 21586
6 1533 8860 0 1777797278 21595
2 1465 10141 0 1777797278 24772
5 1477 12051 0 1777797278 24776
4 1475 10299 0 1777797278 24938
0 1531 6432 0 1777797278 28029
1 1426 6433 0 1777797278 28037
3 1535 6409 0 1777797278 28044
6 1534 6406 0 1777797278 28051
4 1476 6389 0 1777797278 31328
3 1536 4667 0 1777797278 32739
6 1535 5254 0 1777797278 33334
0 1532 5830 0 1777797278 33882
1 1427 10809 0 1777797278 38874
1 1428 4276 0 1777797278 43155
2 1466 19175 0 1777797278 43951
5 1478 19189 0 1777797278 43971
0 1533 10933 0 1777797278 44820
6 1536 11737 0 1777797278 45082
1 1429 7232 0 1777797278 50390
4 1477 19118 0 1777797278 50448
6 1537 8235 0 1777797278 53320
2 1467 11151 0 1777797278 55123
3 1537 22402 0 1777797278 55144
5 1479 11157 0 1777797278 55159
0 1534 23730 0 1777797278 68553
1 1430 18109 0 1777797278 68558
2 1468 13402 0 1777797278 68562
3 1538 13376 0 1777797278 68565
5 1480 13371 0 1777797278 68569
6 1538 15245 0 1777797278 68573
0 1535 13781 0 1777797278 82354
1 1431 13784 0 1777797278 82363
2 1469 13786 0 1777797278 82369
5 1481 13791 0 1777797278 82382
3 1539 14750 0 1777797278 83337
6 1539 16350 0 1777797278 84945
2 1470 6462 0 1777797278 88872
1 1432 8508 0 1777797278 90909
4 1478 41389 0 1777797278 91852
5 1482 9444 0 1777797278 91861
0 1536 9819 0 1777797278 92203
0 1537 5314 0 1777797278 97520
1 1433 6609 0 1777797278 97527
3 1540 14191 0 1777797278 97531
4 1479 8303 0 1777797278 100165
1 1434 5300 0 1777797278 102838
2 1471 13977 0 1777797278 102853
4 1480 5002 0 1777797278 105171
1 1435 5762 0 1777797278 108618
6 1540 23885 0 1777797278 108832
1 1436 2291 0 1777797278 110911
3 1541 14895 0 1777797278 112440
1 1437 2194 0 1777797278 113107
2 1472 10244 0 1777797278 113114
4 1481 9853 0 1777797278 115027
1 1438 3013 0 1777797278 116129
4 1482 1309 0 1777797278 116338
4 1483 938 0 1777797278 117278
4 1484 1357 0 1777797278 118637
3 1542 7256 0 1777797278 119698
4 1485 2098 0 1777797278 120739
4 1486 1996 0 1777797278 122737
2 1473 11615 0 1777797278 124745
4 1487 2014 0 1777797278 124754
2 1474 1860 0 1777797278 126616
1 1439 11085 0 1777797278 127216
4 1488 2603 0 1777797278 127369
0 1538 38532 0 1777797278 136063
1 1440 8849 0 1777797278 136068
2 1475 9454 0 1777797278 136072
3 1543 16364 0 1777797278 136075
4 1489 8778 0 1777797278 136148
5 1483 44279 0 1777797278 136151
6 1541 27321 0 1777797278 136155
4 1490 4737 0 1777797278 140913
2 1476 5384 0 1777797278 141550
1 1441 6547 0 1777797278 142710
4 1491 4339 0 1777797278 145258
1 1442 6794 0 1777797278 149511
2 1477 7967 0 1777797278 149520
5 1484 13346 0 1777797278 149527
4 1492 4631 0 1777797278 149899
3 1544 17253 0 1777797278 153423
5 1485 5546 0 1777797278 155097
2 1478 5572 0 1777797278 155115
4 1493 7419 0 1777797278 157319
6 1542 21168 0 1777797278 157353
2 1479 2672 0 1777797278 157788
5 1486 4138 0 1777797278 159237
1 1443 10143 0 1777797278 159671
3 1545 7083 0 1777797278 160508
2 1480 4927 0 1777797278 162717
3 1546 6876 0 1777797278 167387
2 1481 7449 0 1777797278 170170
4 1494 13708 0 1777797278 171030
5 1487 11798 0 1777797278 171038
3 1547 4766 0 1777797278 172158
6 1543 15312 0 1777797278 172667
2 1482 4080 0 1777797278 174253
3 1548 2240 0 1777797278 174401
2 1483 2328 0 1777797278 176584
3 1549 3632 0 1777797278 178035
4 1495 7007 0 1777797278 178046
5 1488 7004 0 1777797278 178053
0 1539 43155 0 1777797278 179310
2 1484 5113 0 1777797278 181699
2 1485 2792 0 1777797278 184495
3 1550 6463 0 1777797278 184517
2 1486 1752 0 1777797278 186271
2 1487 3049 0 1777797278 189326
0 1540 10857 0 1777797278 190171
2 1488 1620 0 1777797278 190949
5 1489 13973 0 1777797278 192051
2 1489 1250 0 1777797278 192202
2 1490 3174 0 1777797278 195379
2 1491 2064 0 1777797278 197447
5 1490 5882 0 1777797278 197936
0 1541 8899 0 1777797278 199073
1 1444 39970 0 1777797278 199646
2 1492 2493 0 1777797278 199943
1 1445 3290 0 1777797278 202939
2 1493 3004 0 1777797278 202948
4 1496 24908 0 1777797278 202976
5 1491 6264 0 1777797278 204204
6 1544 31540 0 1777797278 204211
1 1446 3581 0 1777797278 206559
6 1545 2382 0 1777797278 206612
2 1494 6579 0 1777797278 209567
3 1551 25043 0 1777797278 209576
2 1495 3712 0 1777797278 213289
1 1447 6754 0 1777797278 213367
2 1496 2831 0 1777797278 216123
2 1497 1779 0 1777797278 217904
1 1448 6075 0 1777797278 219444
3 1552 12596 0 1777797278 222183
4 1497 19196 0 1777797278 222192
6 1546 15575 0 1777797278 222198
1 1449 6867 0 1777797278 226314
2 1498 8425 0 1777797278 226332
3 1553 4154 0 1777797278 226353
2 1499 2460 0 1777797278 228831
3 1554 2459 0 1777797278 228839
6 1547 8298 0 1777797278 230515
3 1555 2658 0 1777797278 231510
1 1450 5926 0 1777797278 232281
2 1500 3626 0 1777797278 232466
6 1548 2725 0 1777797278 233241
2 1501 3247 0 1777797278 235714
3 1556 6712 0 1777797278 238224
2 1502 3065 0 1777797278 238782
2 1503 1555 0 1777797278 240339
2 1504 627 0 1777797278 240969
3 1557 3971 0 1777797278 242197
2 1505 4428 0 1777797278 245399
3 1558 3206 0 1777797278 245406
6 1549 14320 0 1777797278 247567
6 1550 3057 0 1777797278 250634
4 1498 28573 0 1777797278 250783
6 1551 1979 0 1777797278 252616
5 1492 48764 0 1777797278 252977
6 1552 1477 0 1777797278 254099
4 1499 3621 0 1777797278 254406
4 1500 2390 0 1777797278 256799
2 1506 16109 0 1777797278 261516
4 1501 4749 0 1777797278 261552
1 1451 29665 0 1777797278 261951
6 1553 8424 0 1777797278 262526
3 1559 19162 0 1777797278 264588
2 1507 5449 0 1777797278 266968
1 1452 7171 0 1777797278 269124
2 1508 5646 0 1777797278 272616
3 1560 8718 0 1777797278 273309
5 1493 21119 0 1777797278 274099
2 1509 2702 0 1777797278 275320
3 1561 2498 0 1777797278 275809
2 1510 3972 0 1777797278 279295
3 1562 3492 0 1777797278 279303
6 1554 16792 0 1777797278 279320
4 1502 17976 0 1777797278 279529
1 1453 12612 0 1777797278 281738
5 1494 7654 0 1777797278 281755
6 1555 2942 0 1777797278 282323
2 1511 9473 0 1777797278 288794
3 1563 9469 0 1777797278 288803
5 1495 7038 0 1777797278 288810
4 1503 13496 0 1777797278 293026
6 1556 10712 0 1777797278 293039
1 1454 13149 0 1777797278 294905
2 1512 6102 0 1777797278 294913
1 1455 10266 0 1777797278 305181
2 1513 10264 0 1777797278 305188
4 1504 12160 0 1777797278 305200
5 1496 16376 0 1777797278 305207
6 1557 12151 0 1777797278 305218
1 1456 7736 0 1777797278 312955
4 1505 7720 0 1777797278 312973
6 1558 7715 0 1777797278 312982
0 1542 117904 0 1777797278 316979
1 1457 4044 0 1777797278 317027
2 1514 11790 0 1777797278 317035
5 1497 11781 0 1777797278 317041
0 1543 6418 0 1777797278 323460
1 1458 6426 0 1777797278 323476
2 1515 6426 0 1777797278 323482
4 1506 10494 0 1777797278 323490
6 1559 10488 0 1777797278 323497
0 1544 6442 0 1777797278 329941
1 1459 6429 0 1777797278 329947
2 1516 6409 0 1777797278 329955
4 1507 6405 0 1777797278 329960
5 1498 12895 0 1777797278 329966
6 1560 7685 0 1777797278 331256
3 1564 45853 0 1777797278 334677
1 1460 5325 0 1777797278 335314
2 1517 5329 0 1777797278 335325
6 1561 6399 0 1777797278 337659
0 1545 9556 0 1777797278 339523
4 1508 9557 0 1777797278 339560
5 1499 9552 0 1777797278 339568
2 1518 6900 0 1777797278 342247
6 1562 4746 0 1777797278 342407
1 1461 7267 0 1777797278 342593
0 1546 8799 0 1777797278 348369
4 1509 8788 0 1777797278 348377
5 1500 8779 0 1777797278 348383
6 1563 5979 0 1777797278 348389
2 1519 7810 0 1777797278 350060
1 1462 10582 0 1777797278 353180
0 1547 6823 0 1777797278 355213
2 1520 5157 0 1777797278 355220
5 1501 6813 0 1777797278 355226
1 1463 5714 0 1777797278 358898
4 1510 10522 0 1777797278 358924
6 1564 10511 0 1777797278 358932
0 1548 7423 0 1777797278 362650
5 1502 9604 0 1777797278 364846
1 1464 6535 0 1777797278 365468
6 1565 6590 0 1777797278 365555
4 1511 6665 0 1777797278 365620
2 1521 10953 0 1777797278 366189
4 1512 5749 0 1777797278 371371
2 1522 5262 0 1777797278 371453
0 1549 11840 0 1777797278 374495
2 1523 3047 0 1777797278 374503
3 1565 39866 0 1777797278 374547
6 1566 10813 0 1777797278 376381
2 1524 3484 0 1777797278 378046
5 1503 13226 0 1777797278 378075
4 1513 10547 0 1777797278 381921
0 1550 10008 0 1777797278 384557
1 1465 19018 0 1777797278 384575
3 1566 10013 0 1777797278 384582
6 1567 8206 0 1777797278 384589
2 1525 9371 0 1777797278 387449
0 1551 6051 0 1777797278 390641
1 1466 6064 0 1777797278 390686
3 1567 6055 0 1777797278 390695
4 1514 8777 0 1777797278 390701
5 1504 12634 0 1777797278 390721
6 1568 6079 0 1777797278 390728
2 1526 5011 0 1777797278 392468
5 1505 4095 0 1777797278 394958
3 1568 10812 0 1777797278 401633
6 1569 10745 0 1777797278 401642
1 1467 11069 0 1777797278 401831
0 1552 11140 0 1777797278 401869
2 1527 9776 0 1777797278 402247
4 1515 11414 0 1777797278 402253
5 1506 9164 0 1777797278 404126
5 1507 2856 0 1777797278 406985
6 1570 6706 0 1777797278 408359
0 1553 10305 0 1777797278 412175
3 1569 10635 0 1777797278 412278
2 1528 10083 0 1777797278 412337
4 1516 10002 0 1777797278 412343
6 1571 5258 0 1777797278 413624
5 1508 6883 0 1777797278 413889
4 1517 2334 0 1777797278 414696
1 1468 19088 0 1777797278 420920
2 1529 8585 0 1777797278 420929
5 1509 7056 0 1777797278 420946
0 1554 9770 0 1777797278 422050
4 1518 7362 0 1777797278 422060
3 1570 11910 0 1777797278 424209
1 1469 5502 0 1777797278 426450
3 1571 2588 0 1777797278 426800
5 1510 5987 0 1777797278 426963
2 1530 6181 0 1777797278 427141
4 1519 5515 0 1777797278 427587
0 1555 6928 0 1777797278 428989
6 1572 15369 0 1777797278 428996
1 1470 13990 0 1777797278 440443
2 1531 13309 0 1777797278 440452
3 1572 13657 0 1777797278 440459
4 1520 12876 0 1777797278 440465
0 1556 12346 0 1777797278 441344
5 1511 14388 0 1777797278 441354
6 1573 12354 0 1777797278 441361
0 1557 4348 0 1777797278 445711
1 1471 5252 0 1777797278 445718
2 1532 6444 0 1777797278 446922
5 1512 7026 0 1777797278 448401
2 1533 2171 0 1777797278 449097
0 1558 3741 0 1777797278 449460
4 1521 8956 0 1777797278 449480
6 1574 8952 0 1777797278 450336
1 1472 5640 0 1777797278 451370
3 1573 11521 0 1777797278 452006
2 1534 4324 0 1777797278 453425
4 1522 5197 0 1777797278 454678
0 1559 6009 0 1777797278 455473
6 1575 5605 0 1777797278 455944
3 1574 4665 0 1777797278 456674
1 1473 6368 0 1777797278 457740
2 1535 5075 0 1777797278 458502
0 1560 3958 0 1777797278 459433
4 1523 5628 0 1777797278 460308
5 1513 12507 0 1777797278 460911
6 1576 5551 0 1777797278 461496
4 1524 2540 0 1777797278 462851
0 1561 5341 0 1777797278 464777
5 1514 4065 0 1777797278 464979
6 1577 3804 0 1777797278 465332
6 1578 1450 0 1777797278 466785
4 1525 4790 0 1777797278 467643
0 1562 3387 0 1777797278 468167
1 1474 10744 0 1777797278 468486
2 1536 12023 0 1777797278 470528
6 1579 4301 0 1777797278 471173
4 1526 3940 0 1777797278 471642
0 1563 7055 0 1777797278 475225
1 1475 11517 0 1777797278 480005
2 1537 9483 0 1777797278 480013
3 1575 23345 0 1777797278 480020
5 1515 15047 0 1777797278 480028
6 1580 8860 0 1777797278 480035
4 1527 11036 0 1777797278 482681
1 1476 3651 0 1777797278 483686
4 1528 2230 0 1777797278 484916
6 1581 4853 0 1777797278 484931
0 1564 10985 0 1777797278 486212
3 1576 6497 0 1777797278 486556
6 1582 3765 0 1777797278 488727
0 1565 2916 0 1777797278 489130
2 1538 9284 0 1777797278 489332
1 1477 7065 0 1777797278 490754
3 1577 4268 0 1777797278 490831
3 1578 7372 0 1777797278 498205
0 1566 9092 0 1777797278 498224
6 1583 9773 0 1777797278 498503
2 1539 10328 0 1777797278 499662
0 1567 1944 0 1777797278 500169
4 1529 15543 0 1777797278 500476
3 1579 5929 0 1777797278 504136
1 1478 15054 0 1777797278 505810
4 1530 8154 0 1777797278 508632
5 1516 28573 0 1777797278 508641
2 1540 11990 0 1777797278 511655
4 1531 3606 0 1777797278 512248
0 1568 12415 0 1777797278 512587
6 1584 14114 0 1777797278 512619
1 1479 7533 0 1777797278 513379
4 1532 3725 0 1777797278 515976
5 1517 7344 0 1777797278 515996
5 1518 1730 0 1777797278 517727
1 1480 5985 0 1777797278 519367
5 1519 4297 0 1777797278 522028
1 1481 3504 0 1777797278 522874
4 1533 8266 0 1777797278 524244
1 1482 4164 0 1777797278 527040
0 1569 17875 0 1777797278 530496
0 1570 2571 0 1777797278 533069
6 1585 20520 0 1777797278 533150
2 1541 25029 0 1777797278 536687
0 1571 7459 0 1777797278 540532
6 1586 7703 0 1777797278 540855
5 1520 18848 0 1777797278 540878
4 1534 19087 0 1777797278 543334
1 1483 17381 0 1777797278 544424
5 1521 4692 0 1777797278 545571
0 1572 7630 0 1777797278 548164
6 1587 7344 0 1777797278 548202
5 1522 3242 0 1777797278 548815
2 1542 17390 0 1777797278 554080
6 1588 5899 0 1777797278 554112
0 1573 6490 0 1777797278 554693
5 1523 5882 0 1777797278 554701
1 1484 10926 0 1777797278 555354
1 1485 3640 0 1777797278 558996
0 1574 7034 0 1777797278 561736
5 1524 7032 0 1777797278 561744
6 1589 7637 0 1777797278 561752
1 1486 3053 0 1777797278 562051
2 1543 7977 0 1777797278 562060
6 1590 1710 0 1777797278 563482
5 1525 1795 0 1777797278 563558
1 1487 1550 0 1777797278 563611
2 1544 2201 0 1777797278 564275
0 1575 3229 0 1777797278 564983
1 1488 2751 0 1777797278 566364
2 1545 2095 0 1777797278 566371
5 1526 2818 0 1777797278 566377
0 1576 1914 0 1777797278 566899
6 1591 4328 0 1777797278 567811
0 1577 2491 0 1777797278 569394
6 1592 2468 0 1777797278 570283
0 1578 1435 0 1777797278 570832
2 1546 4443 0 1777797278 570839
5 1527 4842 0 1777797278 571247
6 1593 2325 0 1777797278 572614
4 1535 29573 0 1777797278 572909
0 1579 3005 0 1777797278 573845
1 1489 7478 0 1777797278 573856
6 1594 1247 0 1777797278 573863
5 1528 2884 0 1777797278 574135
4 1536 2809 0 1777797278 575720
2 1547 6098 0 1777797278 576946
0 1580 3170 0 1777797278 577034
6 1595 3448 0 1777797278 577331
1 1490 3921 0 1777797278 577795
4 1537 2755 0 1777797278 578477
0 1581 2153 0 1777797278 579189
1 1491 1747 0 1777797278 579543
6 1596 2244 0 1777797278 579577
6 1597 5225 0 1777797278 584804
0 1582 6221 0 1777797278 585412
0 1583 3551 0 1777797278 588968
6 1598 5331 0 1777797278 590137
0 1584 4428 0 1777797278 593399
6 1599 6183 0 1777797278 596323
0 1585 3475 0 1777797278 596882
1 1492 17445 0 1777797278 596990
4 1538 20407 0 1777797278 598891
3 1580 95333 0 1777797278 599478
5 1529 27018 0 1777797278 601155
4 1539 2897 0 1777797278 601791
2 1548 26046 0 1777797278 602999
2 1549 5605 0 1777797278 608608
4 1540 7028 0 1777797278 608839
5 1530 10111 0 1777797278 611269
5 1531 1681 0 1777797278 612952
0 1586 16170 0 1777797278 613054
1 1493 19953 0 1777797278 616944
6 1600 21440 0 1777797278 617766
3 1581 18405 0 1777797278 617885
3 1582 3189 0 1777797278 621075
0 1587 9048 0 1777797278 622104
3 1583 4598 0 1777797278 625675
6 1601 7936 0 1777797278 625704
0 1588 4110 0 1777797278 626221
5 1532 13394 0 1777797278 626349
4 1541 20799 0 1777797278 629640
2 1550 21123 0 1777797278 629737
0 1589 3950 0 1777797278 630175
1 1494 15894 0 1777797278 632844
0 1590 8481 0 1777797278 638658
2 1551 11218 0 1777797278 640957
4 1542 14274 0 1777797278 643974
0 1591 10390 0 1777797278 649054
4 1543 5156 0 1777797278 649132
6 1602 24630 0 1777797278 650336
0 1592 5010 0 1777797278 654066
6 1603 3801 0 1777797278 654141
2 1552 13206 0 1777797278 654165
5 1533 27823 0 1777797278 654173
1 1495 23523 0 1777797278 656369
2 1553 4722 0 1777797278 658896
5 1534 5607 0 1777797278 659792
6 1604 7788 0 1777797278 661930
0 1593 10109 0 1777797278 664189
2 1554 6578 0 1777797278 665479
1 1496 12030 0 1777797278 668402
6 1605 7959 0 1777797278 669893
1 1497 2504 0 1777797278 670909
2 1555 6686 0 1777797278 672167
1 1498 7169 0 1777797278 678101
0 1594 14653 0 1777797278 678847
2 1556 8052 0 1777797278 680222
6 1606 10354 0 1777797278 680253
4 1544 32013 0 1777797278 681147
0 1595 8481 0 1777797278 687334
1 1499 10109 0 1777797278 688214
0 1596 2421 0 1777797278 689758
4 1545 10216 0 1777797278 691365
5 1535 32611 0 1777797278 692408
4 1546 4520 0 1777797278 695891
3 1584 70232 0 1777797278 695910
6 1607 16362 0 1777797278 696616
3 1585 1862 0 1777797278 697774
6 1608 1365 0 1777797278 697984
0 1597 8722 0 1777797278 698482
0 1598 1104 0 1777797278 699589
5 1536 7917 0 1777797278 700328
6 1609 2498 0 1777797278 700483
3 1586 5046 0 1777797278 702822
1 1500 16399 0 1777797278 704615
0 1599 6369 0 1777797278 705962
0 1600 862 0 1777797278 706827
1 1501 4192 0 1777797278 708809
3 1587 6007 0 1777797278 708835
0 1601 2828 0 1777797278 709657
0 1602 2864 0 1777797278 712528
6 1610 13061 0 1777797278 713547
0 1603 5974 0 1777797278 718504
6 1611 4969 0 1777797278 718518
1 1502 10981 0 1777797278 719818
0 1604 3109 0 1777797278 721628
0 1605 2942 0 1777797278 724576
6 1612 6151 0 1777797278 724684
6 1613 1094 0 1777797278 725780
5 1537 25567 0 1777797278 725902
1 1503 6936 0 1777797278 726758
0 1606 3561 0 1777797278 728139
2 1557 48683 0 1777797278 728911
0 1607 858 0 1777797278 729000
5 1538 8902 0 1777797278 734805
0 1608 5975 0 1777797278 734977
6 1614 9907 0 1777797278 735689
1 1504 10228 0 1777797278 736989
4 1547 42912 0 1777797278 738805
6 1615 3117 0 1777797278 738814
5 1539 4552 0 1777797278 739359
0 1609 5499 0 1777797278 740477
1 1505 4752 0 1777797278 741744
0 1610 1394 0 1777797278 741876
2 1558 14825 0 1777797278 743738
1 1506 2329 0 1777797278 744075
6 1616 7403 0 1777797278 746229
0 1611 5310 0 1777797278 747188
1 1507 4014 0 1777797278 748091
4 1548 12159 0 1777797278 750974
4 1549 4997 0 1777797278 755975
0 1612 8894 0 1777797278 756085
1 1508 8000 0 1777797278 756092
3 1588 49582 0 1777797278 758429
1 1509 3501 0 1777797278 759604
0 1613 5491 0 1777797278 761584
4 1550 7365 0 1777797278 763347
2 1559 22646 0 1777797278 766387
1 1510 7275 0 1777797278 766881
3 1589 8892 0 1777797278 767323
3 1590 2783 0 1777797278 770108
0 1614 8692 0 1777797278 770279
6 1617 24140 0 1777797278 770372
4 1551 8181 0 1777797278 771532
5 1540 32285 0 1777797278 771646
2 1560 5700 0 1777797278 772090
1 1511 5910 0 1777797278 772793
6 1618 7166 0 1777797278 777540
5 1541 7300 0 1777797278 778948
3 1591 8856 0 1777797278 778971
4 1552 7438 0 1777797278 778979
2 1561 7041 0 1777797278 779133
1 1512 6932 0 1777797278 779728
0 1615 9849 0 1777797278 780131
5 1542 3129 0 1777797278 782079
1 1513 3314 0 1777797278 783045
2 1562 9592 0 1777797278 788727
6 1619 11280 0 1777797278 788829
5 1543 6914 0 1777797278 788994
1 1514 7030 0 1777797278 790078
3 1592 11386 0 1777797278 790366
0 1616 10547 0 1777797278 790681
4 1553 12547 0 1777797278 791536
5 1544 5986 0 1777797278 794982
0 1617 4813 0 1777797278 795495
1 1515 5419 0 1777797278 795506
3 1593 7211 0 1777797278 797580
6 1620 9012 0 1777797278 797842
1 1516 4495 0 1777797278 800012
5 1545 6656 0 1777797278 801640
2 1563 13023 0 1777797278 801753
0 1618 6398 0 1777797278 801905
3 1594 4891 0 1777797278 802481
6 1621 6266 0 1777797278 804110
1 1517 4935 0 1777797278 804950
5 1546 3353 0 1777797278 804996
2 1564 5967 0 1777797278 807721
5 1547 2916 0 1777797278 807914
1 1518 5299 0 1777797278 810251
6 1622 6233 0 1777797278 810346
3 1595 7998 0 1777797278 810482
4 1554 19427 0 1777797278 810968
4 1555 1909 0 1777797278 812878
3 1596 4546 0 1777797278 815029
0 1619 13465 0 1777797278 815371
4 1556 2506 0 1777797278 815386
5 1548 7512 0 1777797278 815494
6 1623 9890 0 1777797278 820238
1 1519 9999 0 1777797278 820256
2 1565 12790 0 1777797278 820513
3 1597 6124 0 1777797278 821155
0 1620 6364 0 1777797278 821751
5 1549 6265 0 1777797278 821761
4 1557 11976 0 1777797278 827373
2 1566 7899 0 1777797278 828413
6 1624 8178 0 1777797278 828418
1 1520 8627 0 1777797278 828884
3 1598 7944 0 1777797278 829100
1 1521 4071 0 1777797278 832961
5 1550 11911 0 1777797278 833695
0 1621 12774 0 1777797278 834536
0 1622 4335 0 1777797278 838873
4 1558 11515 0 1777797278 838890
2 1567 10704 0 1777797278 839123
6 1625 10775 0 1777797278 839201
0 1623 3492 0 1777797278 842384
1 1522 12727 0 1777797278 845690
6 1626 6994 0 1777797278 846197
5 1551 12862 0 1777797278 846560
2 1568 7456 0 1777797278 846581
3 1599 17571 0 1777797278 846673
4 1559 15298 0 1777797278 854206
2 1569 7723 0 1777797278 854305
1 1523 8761 0 1777797278 854453
0 1624 12154 0 1777797278 854540
6 1627 8450 0 1777797278 854652
3 1600 8035 0 1777797278 854710
3 1601 5447 0 1777797278 860158
0 1625 6196 0 1777797278 860737
5 1552 14218 0 1777797278 860781
2 1570 6610 0 1777797278 860916
1 1524 11555 0 1777797278 866009
6 1628 11420 0 1777797278 866074
4 1560 12307 0 1777797278 866518
0 1626 8358 0 1777797278 869098
2 1571 8591 0 1777797278 869509
6 1629 5688 0 1777797278 871763
3 1602 11821 0 1777797278 871981
1 1525 6043 0 1777797278 872055
4 1561 5540 0 1777797278 872061
5 1553 13078 0 1777797278 873860
3 1603 2296 0 1777797278 874279
0 1627 5557 0 1777797278 874662
2 1572 8736 0 1777797278 878254
5 1554 4672 0 1777797278 878534
0 1628 4214 0 1777797278 878878
6 1630 9817 0 1777797278 881590
1 1526 9851 0 1777797278 881913
0 1629 3646 0 1777797278 882526
0 1630 3004 0 1777797278 885535
2 1573 7472 0 1777797278 885730
1 1527 3986 0 1777797278 885900
4 1562 14936 0 1777797278 887016
6 1631 5432 0 1777797278 887024
2 1574 2795 0 1777797278 888525
3 1604 14688 0 1777797278 888972
0 1631 3569 0 1777797278 889110
4 1563 3005 0 1777797278 890030
6 1632 3049 0 1777797278 890090
1 1528 4938 0 1777797278 890839
3 1605 4272 0 1777797278 893246
6 1633 4410 0 1777797278 894502
0 1632 8313 0 1777797278 897425
3 1606 8511 0 1777797278 901760
4 1564 11801 0 1777797278 901833
2 1575 13530 0 1777797278 902057
5 1555 24706 0 1777797278 903241
3 1607 1857 0 1777797278 903619
0 1633 8174 0 1777797278 905603
5 1556 4563 0 1777797278 907811
1 1529 21407 0 1777797278 912250
0 1634 7074 0 1777797278 912681
4 1565 11188 0 1777797278 913023
5 1557 5571 0 1777797278 913384
3 1608 11199 0 1777797278 914820
5 1558 4239 0 1777797278 917625
0 1635 8425 0 1777797278 921108
1 1530 11631 0 1777797278 923884
6 1634 29908 0 1777797278 924412
3 1609 10767 0 1777797278 925590
5 1559 9645 0 1777797278 927276
0 1636 8551 0 1777797278 929661
3 1610 5098 0 1777797278 930690
0 1637 1343 0 1777797278 931011
3 1611 931 0 1777797278 931624
5 1560 4353 0 1777797278 931631
5 1561 1635 0 1777797278 933280
0 1638 3567 0 1777797278 934580
4 1566 23082 0 1777797278 936108
0 1639 3526 0 1777797278 938112
4 1567 2075 0 1777797278 938185
4 1568 1010 0 1777797278 939197
6 1635 18100 0 1777797278 942515
6 1636 2048 0 1777797278 944567
3 1612 15861 0 1777797278 947493
4 1569 8924 0 1777797278 948124
3 1613 1540 0 1777797278 949038
4 1570 4251 0 1777797278 952380
4 1571 1570 0 1777797278 953954
0 1640 17296 0 1777797278 955413
0 1641 1856 0 1777797278 957272
4 1572 3328 0 1777797278 957285
4 1573 1889 0 1777797278 959186
4 1574 933 0 1777797278 960123
6 1637 16129 0 1777797278 960699
4 1575 2768 0 1777797278 962894
1 1531 39782 0 1777797278 963668
3 1614 14650 0 1777797278 963691
6 1638 3243 0 1777797278 963944
2 1576 62457 0 1777797278 964522
0 1642 9363 0 1777797278 966649
5 1562 38134 0 1777797278 971416
4 1576 8630 0 1777797278 971529
5 1563 2791 0 1777797278 974218
3 1615 13180 0 1777797278 976873
5 1564 5479 0 1777797278 979759
4 1577 9325 0 1777797278 980856
0 1643 14458 0 1777797278 981109
3 1616 6428 0 1777797278 983303
6 1639 19372 0 1777797278 983318
2 1577 18942 0 1777797278 983466
2 1578 5096 0 1777797278 988563
2 1579 5884 0 1777797278 994448
0 1644 13360 0 1777797278 994471
6 1640 11665 0 1777797278 994997
2 1580 2839 0 1777797278 997290
5 1565 17732 0 1777797278 997493
4 1578 17845 0 1777797278 998704
3 1617 15960 0 1777797278 999281
6 1641 4339 0 1777797278 999343
2 1581 3259 0 1777797279 553
5 1566 4524 0 1777797279 2019
0 1645 7981 0 1777797279 2454
3 1618 5731 0 1777797279 5013
4 1579 6314 0 1777797279 5021
5 1567 3312 0 1777797279 5334
0 1646 2917 0 1777797279 5373
4 1580 4784 0 1777797279 9816
1 1532 46438 0 1777797279 10110
1 1533 2546 0 1777797279 12658
2 1582 16065 0 1777797279 16621
1 1534 5490 0 1777797279 18151
3 1619 13553 0 1777797279 18575
0 1647 13293 0 1777797279 18668
4 1581 11542 0 1777797279 21360
0 1648 2874 0 1777797279 21545
6 1642 22842 0 1777797279 22186
3 1620 3770 0 1777797279 22349
2 1583 13511 0 1777797279 30135
6 1643 7961 0 1777797279 30150
0 1649 10924 0 1777797279 32471
4 1582 11119 0 1777797279 32481
3 1621 10506 0 1777797279 32856
1 1535 14752 0 1777797279 32906
5 1568 30804 0 1777797279 36140
0 1650 6453 0 1777797279 38936
4 1583 9109 0 1777797279 41610
2 1584 11481 0 1777797279 41632
6 1644 14269 0 1777797279 44435
1 1536 12547 0 1777797279 45454
3 1622 15106 0 1777797279 47964
0 1651 9109 0 1777797279 48051
5 1569 12042 0 1777797279 48191
6 1645 4142 0 1777797279 48598
4 1584 7405 0 1777797279 49017
2 1585 12230 0 1777797279 53863
5 1570 6781 0 1777797279 54973
1 1537 9770 0 1777797279 55226
0 1652 7201 0 1777797279 55253
4 1585 13383 0 1777797279 62404
3 1623 15692 0 1777797279 63661
5 1571 8778 0 1777797279 63753
6 1646 15292 0 1777797279 63891
1 1538 8684 0 1777797279 63912
0 1653 9111 0 1777797279 64365
2 1586 16502 0 1777797279 70375
4 1586 8121 0 1777797279 70531
6 1647 6645 0 1777797279 70538
3 1624 6927 0 1777797279 70590
1 1539 6940 0 1777797279 70855
5 1572 7111 0 1777797279 70865
0 1654 6530 0 1777797279 70896
5 1573 5064 0 1777797279 75944
0 1655 5406 0 1777797279 76304
4 1587 8344 0 1777797279 78883
3 1625 8474 0 1777797279 79066
6 1648 8907 0 1777797279 79456
2 1587 9131 0 1777797279 79516
1 1540 10272 0 1777797279 81138
5 1574 5597 0 1777797279 81542
3 1626 6141 0 1777797279 85208
6 1649 5950 0 1777797279 85408
2 1588 6647 0 1777797279 86164
0 1656 10822 0 1777797279 87133
4 1588 8283 0 1777797279 87174
1 1541 14089 0 1777797279 95230
0 1657 8136 0 1777797279 95274
4 1589 8105 0 1777797279 95281
5 1575 14064 0 1777797279 95610
3 1627 10654 0 1777797279 95866
2 1589 9751 0 1777797279 95917
6 1650 10513 0 1777797279 95922
3 1628 5313 0 1777797279 101180
0 1658 8731 0 1777797279 104013
5 1576 8413 0 1777797279 104026
4 1590 9344 0 1777797279 104640
6 1651 8719 0 1777797279 104648
2 1590 9557 0 1777797279 105479
3 1629 9303 0 1777797279 110485
0 1659 7718 0 1777797279 111745
2 1591 6269 0 1777797279 111754
1 1542 16624 0 1777797279 111864
4 1591 7304 0 1777797279 111953
5 1577 7919 0 1777797279 111972
6 1652 8014 0 1777797279 112673
2 1592 2982 0 1777797279 114759
5 1578 5653 0 1777797279 117626
6 1653 4959 0 1777797279 117634
1 1543 7282 0 1777797279 119147
4 1592 7200 0 1777797279 119154
3 1630 9679 0 1777797279 120167
0 1660 8473 0 1777797279 120228
5 1579 6907 0 1777797279 124543
6 1654 7305 0 1777797279 124951
2 1593 10660 0 1777797279 125421
0 1661 5221 0 1777797279 125450
1 1544 10568 0 1777797279 129724
4 1593 11452 0 1777797279 130615
0 1662 7517 0 1777797279 132968
2 1594 10645 0 1777797279 136068
3 1631 15918 0 1777797279 136087
5 1580 11547 0 1777797279 136094
6 1655 11147 0 1777797279 136099
1 1545 6711 0 1777797279 136437
4 1594 9217 0 1777797279 139835
0 1663 8097 0 1777797279 141068
2 1595 10518 0 1777797279 146618
4 1595 6933 0 1777797279 146769
6 1656 11882 0 1777797279 148020
3 1632 11991 0 1777797279 148101
5 1581 12016 0 1777797279 148135
1 1546 11727 0 1777797279 148165
0 1664 10753 0 1777797279 151824
1 1547 6189 0 1777797279 154356
2 1596 8423 0 1777797279 155051
4 1596 9597 0 1777797279 156368
6 1657 9609 0 1777797279 157631
0 1665 6390 0 1777797279 158280
5 1582 13194 0 1777797279 161331
2 1597 6491 0 1777797279 161545
3 1633 13965 0 1777797279 162067
0 1666 6374 0 1777797279 164656
1 1548 10316 0 1777797279 164674
6 1658 8092 0 1777797279 165726
2 1598 10562 0 1777797279 172108
1 1549 8712 0 1777797279 173397
6 1659 7819 0 1777797279 173546
2 1599 2544 0 1777797279 174654
1 1550 3486 0 1777797279 176887
0 1667 12641 0 1777797279 177317
6 1660 5418 0 1777797279 178966
4 1597 25021 0 1777797279 181391
3 1634 20019 0 1777797279 182091
2 1600 7720 0 1777797279 182377
0 1668 5254 0 1777797279 182573
5 1583 21255 0 1777797279 182588
0 1669 7398 0 1777797279 189972
3 1635 8046 0 1777797279 190140
6 1661 14013 0 1777797279 192983
5 1584 10726 0 1777797279 193315
0 1670 8386 0 1777797279 198361
3 1636 8243 0 1777797279 198384
6 1662 6698 0 1777797279 199683
6 1663 2088 0 1777797279 201773
5 1585 8481 0 1777797279 201797
2 1601 20311 0 1777797279 202690
3 1637 4429 0 1777797279 202835
3 1638 1556 0 1777797279 204394
0 1671 15451 0 1777797279 213836
2 1602 11148 0 1777797279 213840
4 1598 32452 0 1777797279 213845
5 1586 12051 0 1777797279 213850
6 1664 12077 0 1777797279 213854
3 1639 9949 0 1777797279 214348
6 1665 2810 0 1777797279 216685
0 1672 3087 0 1777797279 216941
4 1599 3757 0 1777797279 217625
4 1600 1854 0 1777797279 219483
2 1603 6701 0 1777797279 220562
2 1604 1689 0 1777797279 222253
0 1673 6994 0 1777797279 223937
6 1666 7258 0 1777797279 223945
4 1601 5313 0 1777797279 224800
2 1605 2669 0 1777797279 224925
0 1674 4230 0 1777797279 228176
3 1640 14372 0 1777797279 228721
5 1587 16688 0 1777797279 230561
0 1675 2677 0 1777797279 230859
2 1606 7325 0 1777797279 232251
3 1641 3602 0 1777797279 232325
3 1642 2155 0 1777797279 234482
0 1676 4507 0 1777797279 235370
0 1677 1733 0 1777797279 237104
6 1667 13966 0 1777797279 237922
4 1602 13140 0 1777797279 237946
3 1643 3750 0 1777797279 238234
5 1588 7782 0 1777797279 238346
4 1603 905 0 1777797279 238852
0 1678 2361 0 1777797279 239476
6 1668 2738 0 1777797279 240662
4 1604 1837 0 1777797279 240691
3 1644 2756 0 1777797279 240992
6 1669 3412 0 1777797279 244081
4 1605 3653 0 1777797279 244345
5 1589 6941 0 1777797279 245289
1 1551 68846 0 1777797279 245742
5 1590 926 0 1777797279 246226
0 1679 6786 0 1777797279 246264
6 1670 3203 0 1777797279 247288
3 1645 7929 0 1777797279 248922
0 1680 5205 0 1777797279 251471
0 1681 1443 0 1777797279 252916
0 1682 1342 0 1777797279 254266
4 1606 9927 0 1777797279 254274
6 1671 7381 0 1777797279 254670
3 1646 6642 0 1777797279 255570
1 1552 12310 0 1777797279 258054
3 1647 2492 0 1777797279 258065
4 1607 3834 0 1777797279 258123
5 1591 13844 0 1777797279 260074
6 1672 6027 0 1777797279 260700
0 1683 7549 0 1777797279 261824
2 1607 31127 0 1777797279 263383
5 1592 3525 0 1777797279 263600
1 1553 6430 0 1777797279 264496
4 1608 7416 0 1777797279 265540
0 1684 5619 0 1777797279 267445
2 1608 4948 0 1777797279 268340
6 1673 9240 0 1777797279 269945
0 1685 3583 0 1777797279 271031
3 1648 12971 0 1777797279 271048
0 1686 1945 0 1777797279 272995
2 1609 5160 0 1777797279 273502
4 1609 7986 0 1777797279 273528
3 1649 7004 0 1777797279 278072
6 1674 8222 0 1777797279 278172
2 1610 5064 0 1777797279 278568
0 1687 5622 0 1777797279 278619
4 1610 6929 0 1777797279 280458
6 1675 2682 0 1777797279 280857
3 1650 4632 0 1777797279 282715
2 1611 4663 0 1777797279 283233
0 1688 4662 0 1777797279 283282
6 1676 2476 0 1777797279 283336
1 1554 19799 0 1777797279 284302
3 1651 5903 0 1777797279 288628
0 1689 5507 0 1777797279 288790
4 1611 8685 0 1777797279 289145
6 1677 5849 0 1777797279 289186
5 1593 25734 0 1777797279 289336
2 1612 6409 0 1777797279 289644
1 1555 6428 0 1777797279 290735
0 1690 7345 0 1777797279 296136
3 1652 8420 0 1777797279 297053
2 1613 8708 0 1777797279 298357
1 1556 8435 0 1777797279 299173
5 1594 10864 0 1777797279 300202
0 1691 6397 0 1777797279 302537
6 1678 15065 0 1777797279 304252
4 1612 16625 0 1777797279 305779
3 1653 10376 0 1777797279 307431
5 1595 10929 0 1777797279 311134
2 1614 12800 0 1777797279 311159
1 1557 12030 0 1777797279 311205
6 1679 7007 0 1777797279 311266
0 1692 8948 0 1777797279 311488
6 1680 3316 0 1777797279 314584
0 1693 4485 0 1777797279 315975
0 1694 5834 0 1777797279 321811
3 1654 14412 0 1777797279 321846
1 1558 10867 0 1777797279 322074
6 1681 8321 0 1777797279 322907
2 1615 16854 0 1777797279 328015
5 1596 16889 0 1777797279 328029
0 1695 8098 0 1777797279 329912
1 1559 7855 0 1777797279 329930
3 1655 8704 0 1777797279 330552
6 1682 8281 0 1777797279 331192
2 1616 3232 0 1777797279 331262
5 1597 6804 0 1777797279 334851
3 1656 4314 0 1777797279 334868
0 1696 5520 0 1777797279 335451
1 1560 10319 0 1777797279 340258
0 1697 4829 0 1777797279 340282
6 1683 10039 0 1777797279 341235
3 1657 10126 0 1777797279 344995
5 1598 11886 0 1777797279 346738
0 1698 6542 0 1777797279 346825
1 1561 8657 0 1777797279 348917
3 1658 9287 0 1777797279 354284
4 1613 50301 0 1777797279 356122
6 1684 15375 0 1777797279 356612
2 1617 32010 0 1777797279 363274
5 1599 17564 0 1777797279 364304
4 1614 8227 0 1777797279 364353
1 1562 15507 0 1777797279 364428
6 1685 8751 0 1777797279 365365
3 1659 11653 0 1777797279 365939
0 1699 20060 0 1777797279 366887
0 1700 8166 0 1777797279 375055
2 1618 12033 0 1777797279 375309
3 1660 9374 0 1777797279 375317
4 1615 10993 0 1777797279 375347
5 1600 11045 0 1777797279 375351
6 1686 9986 0 1777797279 375355
1 1563 14305 0 1777797279 378734
4 1616 5379 0 1777797279 380745
0 1701 11429 0 1777797279 386487
4 1617 5829 0 1777797279 386578
3 1661 14361 0 1777797279 389723
1 1564 11928 0 1777797279 390669
6 1687 17061 0 1777797279 392436
4 1618 5942 0 1777797279 392522
1 1565 5426 0 1777797279 396098
3 1662 7305 0 1777797279 397031
6 1688 7239 0 1777797279 399683
5 1601 26589 0 1777797279 401960
1 1566 6387 0 1777797279 402488
4 1619 13481 0 1777797279 406006
0 1702 24364 0 1777797279 410854
3 1663 15140 0 1777797279 412173
6 1689 12495 0 1777797279 412180
5 1602 13172 0 1777797279 415138
5 1603 3625 0 1777797279 418767
1 1567 16981 0 1777797279 419477
5 1604 1249 0 1777797279 420028
4 1620 15415 0 1777797279 421424
2 1619 46335 0 1777797279 421690
1 1568 6007 0 1777797279 425486
6 1690 13766 0 1777797279 425957
4 1621 5403 0 1777797279 426834
5 1605 8474 0 1777797279 428508
2 1620 9827 0 1777797279 431519
4 1622 4716 0 1777797279 431553
1 1569 6099 0 1777797279 431587
3 1664 19413 0 1777797279 431594
5 1606 3550 0 1777797279 432061
6 1691 7165 0 1777797279 433124
6 1692 1448 0 1777797279 434573
4 1623 4846 0 1777797279 436411
6 1693 3509 0 1777797279 438084
4 1624 1889 0 1777797279 438301
4 1625 1398 0 1777797279 439700
1 1570 8242 0 1777797279 439837
6 1694 2141 0 1777797279 440231
4 1626 3994 0 1777797279 443696
6 1695 3900 0 1777797279 444132
5 1607 12646 0 1777797279 444709
0 1703 34243 0 1777797279 445100
6 1696 2963 0 1777797279 447100
0 1704 2964 0 1777797279 448068
6 1697 1553 0 1777797279 448654
4 1627 5920 0 1777797279 449618
3 1665 18784 0 1777797279 450388
2 1621 19443 0 1777797279 450997
6 1698 5548 0 1777797279 454204
6 1699 1067 0 1777797279 455273
4 1628 5842 0 1777797279 455466
6 1700 1421 0 1777797279 456698
4 1629 3835 0 1777797279 459304
6 1701 2614 0 1777797279 459314
0 1705 11636 0 1777797279 459706
2 1622 9340 0 1777797279 460340
6 1702 2978 0 1777797279 462311
4 1630 6012 0 1777797279 465327
1 1571 25993 0 1777797279 465831
6 1703 6750 0 1777797279 469064
6 1704 1750 0 1777797279 470822
0 1706 13545 0 1777797279 473254
5 1608 28927 0 1777797279 473639
2 1623 13458 0 1777797279 473803
6 1705 3797 0 1777797279 474622
1 1572 9783 0 1777797279 475616
5 1609 2486 0 1777797279 476129
6 1706 2478 0 1777797279 477104
0 1707 4131 0 1777797279 477389
4 1631 13604 0 1777797279 478934
2 1624 5163 0 1777797279 478967
6 1707 3168 0 1777797279 480274
4 1632 3469 0 1777797279 482405
4 1633 3866 0 1777797279 486278
2 1625 7507 0 1777797279 486475
0 1708 11333 0 1777797279 488724
4 1634 2744 0 1777797279 489025
6 1708 10089 0 1777797279 490370
4 1635 8282 0 1777797279 497309
3 1666 48300 0 1777797279 498691
6 1709 8798 0 1777797279 499172
4 1636 2107 0 1777797279 499420
0 1709 11025 0 1777797279 499755
4 1637 4837 0 1777797279 504260
6 1710 5476 0 1777797279 504650
0 1710 6475 0 1777797279 506231
6 1711 2218 0 1777797279 506869
0 1711 2409 0 1777797279 508642
6 1712 2993 0 1777797279 509863
2 1626 25790 0 1777797279 512267
6 1713 5056 0 1777797279 514920
1 1573 50244 0 1777797279 525862
5 1610 49778 0 1777797279 525909
0 1712 17382 0 1777797279 526028
6 1714 11109 0 1777797279 526036
4 1638 27107 0 1777797279 531369
2 1627 19608 0 1777797279 531878
6 1715 6041 0 1777797279 532087
0 1713 6066 0 1777797279 532102
0 1714 1478 0 1777797279 533581
2 1628 8832 0 1777797279 540713
4 1639 9379 0 1777797279 540752
6 1716 8672 0 1777797279 540761
4 1640 5632 0 1777797279 546408
0 1715 12869 0 1777797279 546456
1 1574 20728 0 1777797279 546593
6 1717 6417 0 1777797279 547202
3 1667 53480 0 1777797279 552234
2 1629 11524 0 1777797279 552286
5 1611 26384 0 1777797279 552294
6 1718 7937 0 1777797279 555141
4 1641 9311 0 1777797279 555722
1 1575 9282 0 1777797279 555878
3 1668 7001 0 1777797279 559256
2 1630 11098 0 1777797279 563394
5 1612 12479 0 1777797279 564785
0 1716 18424 0 1777797279 564882
6 1719 9781 0 1777797279 564925
4 1642 9631 0 1777797279 565374
2 1631 8998 0 1777797279 572395
1 1576 17946 0 1777797279 573825
3 1669 14578 0 1777797279 573837
6 1720 11581 0 1777797279 576507
5 1613 16566 0 1777797279 581353
4 1643 16208 0 1777797279 581586
2 1632 9632 0 1777797279 582035
1 1577 8622 0 1777797279 582460
0 1717 17920 0 1777797279 582804
6 1721 6308 0 1777797279 582823
4 1644 4995 0 1777797279 586583
3 1670 13585 0 1777797279 587455
5 1614 6889 0 1777797279 588245
1 1578 6595 0 1777797279 589059
4 1645 4311 0 1777797279 590906
6 1722 8102 0 1777797279 590926
0 1718 10280 0 1777797279 593086
2 1633 11058 0 1777797279 593095
3 1671 5643 0 1777797279 593100
5 1615 6786 0 1777797279 595033
6 1723 4162 0 1777797279 595090
4 1646 4839 0 1777797279 595747
0 1719 5453 0 1777797279 598554
1 1579 14979 0 1777797279 604040
5 1616 9021 0 1777797279 604056
6 1724 8972 0 1777797279 604063
3 1672 12753 0 1777797279 605871
4 1647 10546 0 1777797279 606296
2 1634 13203 0 1777797279 606315
0 1720 10149 0 1777797279 608706
3 1673 3450 0 1777797279 609323
0 1721 7688 0 1777797279 616396
5 1617 12322 0 1777797279 616405
6 1725 12325 0 1777797279 616427
3 1674 9829 0 1777797279 619154
4 1648 12861 0 1777797279 619159
1 1580 15913 0 1777797279 619978
2 1635 18757 0 1777797279 625073
0 1722 19970 0 1777797279 636398
4 1649 18507 0 1777797279 637673
5 1618 21240 0 1777797279 637678
6 1726 24250 0 1777797279 640702
3 1675 21778 0 1777797279 640938
2 1636 18055 0 1777797279 643133
5 1619 5454 0 1777797279 643140
1 1581 25749 0 1777797279 645729
4 1650 8328 0 1777797279 646007
0 1723 9995 0 1777797279 646395
4 1651 7568 0 1777797279 653577
6 1727 12891 0 1777797279 653594
2 1637 15304 0 1777797279 658444
5 1620 15802 0 1777797279 658949
3 1676 19495 0 1777797279 660434
1 1582 15577 0 1777797279 661315
0 1724 18779 0 1777797279 665175
1 1583 3891 0 1777797279 665206
2 1638 7178 0 1777797279 665638
3 1677 13499 0 1777797279 673934
2 1639 10047 0 1777797279 675687
1 1584 12224 0 1777797279 677444
4 1652 23955 0 1777797279 677534
6 1728 24614 0 1777797279 678210
3 1678 4598 0 1777797279 678534
3 1679 3067 0 1777797279 681614
5 1621 22673 0 1777797279 681622
1 1585 5896 0 1777797279 683343
6 1729 5139 0 1777797279 683354
4 1653 5957 0 1777797279 683492
5 1622 4765 0 1777797279 686399
2 1640 13712 0 1777797279 689402
4 1654 5931 0 1777797279 689424
0 1725 24294 0 1777797279 689502
3 1680 8269 0 1777797279 689892
5 1623 3635 0 1777797279 690042
5 1624 3705 0 1777797279 693748
2 1641 5720 0 1777797279 695146
2 1642 2109 0 1777797279 697259
0 1726 7776 0 1777797279 697279
3 1681 7629 0 1777797279 697523
5 1625 3971 0 1777797279 697721
1 1586 19073 0 1777797279 702428
4 1655 13004 0 1777797279 702452
6 1730 19216 0 1777797279 702584
2 1643 5722 0 1777797279 702984
5 1626 5271 0 1777797279 702993
0 1727 6172 0 1777797279 703452
1 1587 3557 0 1777797279 706010
1 1588 976 0 1777797279 707039
4 1656 4721 0 1777797279 707201
3 1682 9864 0 1777797279 707389
2 1644 5124 0 1777797279 708119
1 1589 1797 0 1777797279 708841
6 1731 8568 0 1777797279 711153
5 1627 9114 0 1777797279 712118
0 1728 9364 0 1777797279 712818
4 1657 5622 0 1777797279 712825
1 1590 6920 0 1777797279 715766
6 1732 4982 0 1777797279 716137
4 1658 4148 0 1777797279 716984
5 1628 11998 0 1777797279 724117
6 1733 8923 0 1777797279 725063
1 1591 9423 0 1777797279 725191
1 1592 2477 0 1777797279 727669
0 1729 17630 0 1777797279 730457
3 1683 23171 0 1777797279 730562
1 1593 3548 0 1777797279 731222
1 1594 7211 0 1777797279 738437
2 1645 37035 0 1777797279 745173
3 1684 14617 0 1777797279 745180
1 1595 7425 0 1777797279 745867
1 1596 3992 0 1777797279 749864
3 1685 11546 0 1777797279 756740
3 1686 1622 0 1777797279 758367
1 1597 8838 0 1777797279 758706
2 1646 14400 0 1777797279 759581
0 1730 29269 0 1777797279 759728
3 1687 3574 0 1777797279 761943
2 1647 2825 0 1777797279 762408
1 1598 4020 0 1777797279 762729
6 1734 38954 0 1777797279 764018
3 1688 2556 0 1777797279 764501
0 1731 5018 0 1777797279 764748
1 1599 2470 0 1777797279 765201
2 1648 4751 0 1777797279 767161
0 1732 2657 0 1777797279 767406
1 1600 2225 0 1777797279 767429
6 1735 4719 0 1777797279 768741
6 1736 1708 0 1777797279 770450
2 1649 3433 0 1777797279 770598
3 1689 9806 0 1777797279 774309
1 1601 8599 0 1777797279 776028
4 1659 59092 0 1777797279 776079
0 1733 9294 0 1777797279 776702
5 1629 56798 0 1777797279 780917
6 1737 12330 0 1777797279 782782
2 1650 17646 0 1777797279 788245
3 1690 13987 0 1777797279 788303
1 1602 12418 0 1777797279 788450
6 1738 5979 0 1777797279 788767
0 1734 12975 0 1777797279 789680
6 1739 1145 0 1777797279 789913
5 1630 9417 0 1777797279 790335
0 1735 2003 0 1777797279 791685
6 1740 3223 0 1777797279 793138
0 1736 3386 0 1777797279 795074
0 1737 654 0 1777797279 795730
2 1651 7590 0 1777797279 795838
4 1660 20674 0 1777797279 796754
0 1738 1941 0 1777797279 797673
4 1661 4262 0 1777797279 801017
5 1631 13729 0 1777797279 804065
3 1691 16553 0 1777797279 804858
4 1662 5723 0 1777797279 806741
0 1739 9185 0 1777797279 806861
1 1603 19576 0 1777797279 808027
3 1692 3670 0 1777797279 808530
2 1652 12710 0 1777797279 808550
0 1740 5311 0 1777797279 812173
4 1663 5991 0 1777797279 812736
3 1693 5225 0 1777797279 813757
6 1741 21080 0 1777797279 814222
6 1742 990 0 1777797279 815214
1 1604 7493 0 1777797279 815522
5 1632 11619 0 1777797279 815696
6 1743 2167 0 1777797279 817383
5 1633 2106 0 1777797279 817804
6 1744 2349 0 1777797279 819737
1 1605 5817 0 1777797279 821341
3 1694 11098 0 1777797279 824856
0 1741 13868 0 1777797279 826043
5 1634 11131 0 1777797279 828939
1 1606 7654 0 1777797279 829000
3 1695 5830 0 1777797279 830694
5 1635 2870 0 1777797279 831811
4 1664 19230 0 1777797279 831968
0 1742 6595 0 1777797279 832641
6 1745 13827 0 1777797279 833565
0 1743 4910 0 1777797279 837555
5 1636 5818 0 1777797279 837635
4 1665 6342 0 1777797279 838313
6 1746 6345 0 1777797279 839911
3 1696 11262 0 1777797279 841959
6 1747 2296 0 1777797279 842209
1 1607 13329 0 1777797279 842330
5 1637 6067 0 1777797279 843721
0 1744 6629 0 1777797279 844265
5 1638 1989 0 1777797279 845715
0 1745 2992 0 1777797279 847259
3 1697 7508 0 1777797279 849469
1 1608 7211 0 1777797279 849542
5 1639 4773 0 1777797279 850492
4 1666 13760 0 1777797279 852075
0 1746 5014 0 1777797279 852276
6 1748 11081 0 1777797279 853295
1 1609 5682 0 1777797279 855227
5 1640 6018 0 1777797279 856512
0 1747 5317 0 1777797279 857594
3 1698 8317 0 1777797279 857791
6 1749 4669 0 1777797279 857967
1 1610 4314 0 1777797279 859544
0 1748 2520 0 1777797279 860117
0 1749 1150 0 1777797279 861270
5 1641 6041 0 1777797279 862562
6 1750 6060 0 1777797279 864028
0 1750 3825 0 1777797279 865097
3 1699 8732 0 1777797279 866524
1 1611 7027 0 1777797279 866578
0 1751 3587 0 1777797279 868685
6 1751 5624 0 1777797279 869656
0 1752 3438 0 1777797279 872126
0 1753 1479 0 1777797279 873614
0 1754 2328 0 1777797279 875946
6 1752 7630 0 1777797279 877294
6 1753 1312 0 1777797279 878608
0 1755 3649 0 1777797279 879597
3 1700 13381 0 1777797279 879908
1 1612 14172 0 1777797279 880753
2 1653 72213 0 1777797279 880764
5 1642 18217 0 1777797279 880781
3 1701 3730 0 1777797279 883640
5 1643 3051 0 1777797279 883871
1 1613 3109 0 1777797279 883892
0 1756 4480 0 1777797279 884079
0 1757 1588 0 1777797279 885669
3 1702 3233 0 1777797279 886883
6 1754 8508 0 1777797279 887177
4 1667 35115 0 1777797279 887197
0 1758 1783 0 1777797279 887461
4 1668 1152 0 1777797279 888350
5 1644 4601 0 1777797279 888473
6 1755 1615 0 1777797279 888794
0 1759 2947 0 1777797279 890410
0 1760 1743 0 1777797279 892155
3 1703 5384 0 1777797279 892270
6 1756 3699 0 1777797279 892495
0 1761 2096 0 1777797279 894258
4 1669 6034 0 1777797279 894386
3 1704 2143 0 1777797279 894415
1 1614 10543 0 1777797279 894436
6 1757 4680 0 1777797279 897178
2 1654 16831 0 1777797279 897636
5 1645 10561 0 1777797279 899036
6 1758 2605 0 1777797279 899785
0 1762 5979 0 1777797279 900247
1 1615 5890 0 1777797279 900328
6 1759 1975 0 1777797279 901763
1 1616 3750 0 1777797279 904080
3 1705 11724 0 1777797279 906141
5 1646 7120 0 1777797279 906158
0 1763 6174 0 1777797279 906423
6 1760 5074 0 1777797279 906841
5 1647 3614 0 1777797279 909782
3 1706 6980 0 1777797279 913139
6 1761 6318 0 1777797279 913160
2 1655 16431 0 1777797279 914070
0 1764 7706 0 1777797279 914131
1 1617 10070 0 1777797279 914157
4 1670 20924 0 1777797279 915311
0 1765 5969 0 1777797279 920127
3 1707 7000 0 1777797279 920144
5 1648 10391 0 1777797279 920174
1 1618 6375 0 1777797279 920544
6 1762 7389 0 1777797279 920550
0 1766 6441 0 1777797279 926586
4 1671 11279 0 1777797279 926594
5 1649 6426 0 1777797279 926601
3 1708 7195 0 1777797279 927355
2 1656 13340 0 1777797279 927412
1 1619 7957 0 1777797279 928507
6 1763 8002 0 1777797279 928560
0 1767 2909 0 1777797279 929510
2 1657 8241 0 1777797279 935654
4 1672 9067 0 1777797279 935678
3 1709 8516 0 1777797279 935872
0 1768 6612 0 1777797279 936127
6 1764 7647 0 1777797279 936208
5 1650 10008 0 1777797279 936626
1 1620 8133 0 1777797279 936642
6 1765 2720 0 1777797279 938930
2 1658 3703 0 1777797279 939360
3 1710 3496 0 1777797279 939369
4 1673 3696 0 1777797279 939375
1 1621 10799 0 1777797279 947443
5 1651 11294 0 1777797279 947921
6 1766 9042 0 1777797279 947974
0 1769 11861 0 1777797279 947990
3 1711 8613 0 1777797279 948005
4 1674 8699 0 1777797279 948099
2 1659 15273 0 1777797279 954649
5 1652 6811 0 1777797279 954733
0 1770 6822 0 1777797279 954813
4 1675 7057 0 1777797279 955158
6 1767 8027 0 1777797279 956002
1 1622 8629 0 1777797279 956074
6 1768 5300 0 1777797279 961305
3 1712 13377 0 1777797279 961383
1 1623 5635 0 1777797279 961710
5 1653 8566 0 1777797279 963301
4 1676 8165 0 1777797279 963324
0 1771 8575 0 1777797279 963390
2 1660 12585 0 1777797279 967251
3 1713 6358 0 1777797279 967742
6 1769 6538 0 1777797279 967846
4 1677 5089 0 1777797279 968414
1 1624 10070 0 1777797279 971782
6 1770 4289 0 1777797279 972136
2 1661 5189 0 1777797279 972451
5 1654 10200 0 1777797279 973503
4 1678 10740 0 1777797279 979155
1 1625 7417 0 1777797279 979212
0 1772 15905 0 1777797279 979296
2 1662 7413 0 1777797279 979866
3 1714 12211 0 1777797279 979954
6 1771 8509 0 1777797279 980646
0 1773 8032 0 1777797279 987329
3 1715 7381 0 1777797279 987337
1 1626 8151 0 1777797279 987365
4 1679 9230 0 1777797279 988387
6 1772 7748 0 1777797279 988395
6 1773 6752 0 1777797279 995155
4 1680 7415 0 1777797279 995811
1 1627 8514 0 1777797279 995880
0 1774 9154 0 1777797279 996492
3 1716 9152 0 1777797279 996501
5 1655 27590 0 1777797280 1099
2 1663 21293 0 1777797280 1164
0 1775 6470 0 1777797280 2973
6 1774 8064 0 1777797280 3222
3 1717 7614 0 1777797280 4125
4 1681 8444 0 1777797280 4257
1 1628 9479 0 1777797280 5360
6 1775 9669 0 1777797280 12893
2 1664 11735 0 1777797280 12909
1 1629 7699 0 1777797280 13061
0 1776 10141 0 1777797280 13116
4 1682 9226 0 1777797280 13495
3 1718 9389 0 1777797280 13517
5 1656 12421 0 1777797280 13524
0 1777 7502 0 1777797280 20619
4 1683 7147 0 1777797280 20643
6 1776 7814 0 1777797280 20708
5 1657 7506 0 1777797280 21040
3 1719 10044 0 1777797280 23569
2 1665 10736 0 1777797280 23647
1 1630 10723 0 1777797280 23785
0 1778 3581 0 1777797280 24202
4 1684 7013 0 1777797280 27657
5 1658 6624 0 1777797280 27679
6 1777 8274 0 1777797280 28983
0 1779 4794 0 1777797280 28997
1 1631 6882 0 1777797280 30669
6 1778 3011 0 1777797280 31995
3 1720 8920 0 1777797280 32493
1 1632 2960 0 1777797280 33635
3 1721 2293 0 1777797280 34791
6 1779 3653 0 1777797280 35650
2 1666 13548 0 1777797280 37196
0 1780 10237 0 1777797280 39234
5 1659 11862 0 1777797280 39570
4 1685 12870 0 1777797280 40550
6 1780 5348 0 1777797280 41000
4 1686 7266 0 1777797280 47821
0 1781 8880 0 1777797280 48117
1 1633 14485 0 1777797280 48123
3 1722 13290 0 1777797280 48139
2 1667 11474 0 1777797280 48676
6 1781 8622 0 1777797280 49626
2 1668 5131 0 1777797280 53809
3 1723 5647 0 1777797280 53816
1 1634 5764 0 1777797280 53925
0 1782 6930 0 1777797280 55070
4 1687 7778 0 1777797280 55609
6 1782 6190 0 1777797280 55819
0 1783 2131 0 1777797280 57206
6 1783 1996 0 1777797280 57817
4 1688 2802 0 1777797280 58413
6 1784 4553 0 1777797280 62373
3 1724 8586 0 1777797280 62415
5 1660 22905 0 1777797280 62476
1 1635 8580 0 1777797280 62506
4 1689 4107 0 1777797280 62522
0 1784 5498 0 1777797280 62706
6 1785 7620 0 1777797280 69995
6 1786 1713 0 1777797280 71712
4 1690 9214 0 1777797280 71738
6 1787 1356 0 1777797280 73073
6 1788 1528 0 1777797280 74604
5 1661 12792 0 1777797280 75270
4 1691 4394 0 1777797280 76134
1 1636 14848 0 1777797280 77355
3 1725 15552 0 1777797280 77968
5 1662 3799 0 1777797280 79071
1 1637 2641 0 1777797280 79998
2 1669 28211 0 1777797280 82028
1 1638 5314 0 1777797280 85316
6 1789 10726 0 1777797280 85332
3 1726 7619 0 1777797280 85589
4 1692 11247 0 1777797280 87382
0 1785 26036 0 1777797280 88743
2 1670 7476 0 1777797280 89509
1 1639 5471 0 1777797280 90804
6 1790 5542 0 1777797280 90894
2 1671 3263 0 1777797280 92828
3 1727 8141 0 1777797280 93731
1 1640 4585 0 1777797280 95393
0 1786 6842 0 1777797280 95588
4 1693 10719 0 1777797280 98103
6 1791 9399 0 1777797280 100295
2 1672 9540 0 1777797280 102371
3 1728 8652 0 1777797280 102385
1 1641 7109 0 1777797280 102505
6 1792 3233 0 1777797280 103530
6 1793 2080 0 1777797280 105613
0 1787 14553 0 1777797280 110145
5 1663 31189 0 1777797280 110262
6 1794 4652 0 1777797280 110268
4 1694 12551 0 1777797280 110657
2 1673 9799 0 1777797280 112186
6 1795 2507 0 1777797280 112784
0 1788 4474 0 1777797280 114621
2 1674 3615 0 1777797280 115803
6 1796 3027 0 1777797280 115814
4 1695 6049 0 1777797280 116709
6 1797 2988 0 1777797280 118817
3 1729 19779 0 1777797280 122189
1 1642 20239 0 1777797280 122745
0 1789 8177 0 1777797280 122802
6 1798 6689 0 1777797280 125508
5 1664 16721 0 1777797280 126991
6 1799 2502 0 1777797280 128013
2 1675 12217 0 1777797280 128031
6 1800 1634 0 1777797280 129650
5 1665 3253 0 1777797280 130246
1 1643 33024 0 1777797280 155771
3 1730 33584 0 1777797280 155777
2 1676 27947 0 1777797280 155980
4 1696 39311 0 1777797280 156023
0 1790 33410 0 1777797280 156214
2 1677 2801 0 1777797280 158783
4 1697 2768 0 1777797280 158793
6 1801 32441 0 1777797280 162093
0 1791 5922 0 1777797280 162140
1 1644 7185 0 1777797280 162964
3 1731 7874 0 1777797280 163660
2 1678 8296 0 1777797280 167090
5 1666 36963 0 1777797280 167211
1 1645 4286 0 1777797280 167252
0 1792 8050 0 1777797280 170191
3 1732 6679 0 1777797280 170343
4 1698 11607 0 1777797280 170413
6 1802 8416 0 1777797280 170519
2 1679 5474 0 1777797280 172567
6 1803 7614 0 1777797280 178134
2 1680 5639 0 1777797280 178208
3 1733 8163 0 1777797280 178513
4 1699 8883 0 1777797280 179297
5 1667 12212 0 1777797280 179425
1 1646 12572 0 1777797280 179826
0 1793 9870 0 1777797280 180065
6 1804 4746 0 1777797280 182882
2 1681 10140 0 1777797280 188350
4 1700 9071 0 1777797280 188369
3 1734 12021 0 1777797280 190535
1 1647 10777 0 1777797280 190606
6 1805 9898 0 1777797280 192785
0 1794 12740 0 1777797280 192807
5 1668 13387 0 1777797280 192813
4 1701 5981 0 1777797280 194351
2 1682 10510 0 1777797280 198862
6 1806 6085 0 1777797280 198872
1 1648 9252 0 1777797280 199859
0 1795 7135 0 1777797280 199949
3 1735 9418 0 1777797280 199955
4 1702 8334 0 1777797280 202693
2 1683 6999 0 1777797280 205872
6 1807 6993 0 1777797280 205878
4 1703 4572 0 1777797280 207268
5 1669 14683 0 1777797280 207507
5 1670 4032 0 1777797280 211542
4 1704 5022 0 1777797280 212294
3 1736 12476 0 1777797280 212441
2 1684 6611 0 1777797280 212490
1 1649 12593 0 1777797280 212518
3 1737 3247 0 1777797280 215689
5 1671 4162 0 1777797280 215707
0 1796 16156 0 1777797280 216112
4 1705 3828 0 1777797280 216124
6 1808 10274 0 1777797280 216161
1 1650 8198 0 1777797280 220717
0 1797 5629 0 1777797280 221755
4 1706 5629 0 1777797280 221774
6 1809 5861 0 1777797280 222024
5 1672 6341 0 1777797280 222050
2 1685 9700 0 1777797280 222192
2 1686 6900 0 1777797280 229095
4 1707 7328 0 1777797280 229103
5 1673 8707 0 1777797280 230758
6 1810 8883 0 1777797280 230909
0 1798 10037 0 1777797280 231793
3 1738 16160 0 1777797280 231851
1 1651 11304 0 1777797280 232023
4 1708 4253 0 1777797280 233366
2 1687 7084 0 1777797280 236189
3 1739 5425 0 1777797280 237277
5 1674 6599 0 1777797280 237359
0 1799 6143 0 1777797280 237937
6 1811 7404 0 1777797280 238314
0 1800 2543 0 1777797280 240482
4 1709 11484 0 1777797280 244851
0 1801 4656 0 1777797280 245140
6 1812 7127 0 1777797280 245444
2 1688 9542 0 1777797280 245733
5 1675 8899 0 1777797280 246259
3 1740 9141 0 1777797280 246420
1 1652 14799 0 1777797280 246824
4 1710 3173 0 1777797280 248028
2 1689 7445 0 1777797280 253181
6 1813 7742 0 1777797280 253188
1 1653 7789 0 1777797280 254615
3 1741 8236 0 1777797280 254658
5 1676 8403 0 1777797280 254663
0 1802 10028 0 1777797280 255169
0 1803 2993 0 1777797280 258164
2 1690 4996 0 1777797280 258185
2 1691 4064 0 1777797280 262262
6 1814 9073 0 1777797280 262269
5 1677 7692 0 1777797280 262364
1 1654 8051 0 1777797280 262670
0 1804 4590 0 1777797280 262776
3 1742 8496 0 1777797280 263159
4 1711 16736 0 1777797280 264768
6 1815 3327 0 1777797280 265607
2 1692 6374 0 1777797280 268644
0 1805 5900 0 1777797280 268677
6 1816 4638 0 1777797280 270248
5 1678 8275 0 1777797280 270650
1 1655 10867 0 1777797280 273540
2 1693 5041 0 1777797280 273690
4 1712 9051 0 1777797280 273820
3 1743 10842 0 1777797280 274002
6 1817 4611 0 1777797280 274860
2 1694 4067 0 1777797280 277759
0 1806 9443 0 1777797280 278121
5 1679 7476 0 1777797280 278127
4 1713 6870 0 1777797280 280693
3 1744 6820 0 1777797280 280824
1 1656 10483 0 1777797280 284032
2 1695 7245 0 1777797280 285008
3 1745 4434 0 1777797280 285259
6 1818 12190 0 1777797280 287053
4 1714 6407 0 1777797280 287106
1 1657 4781 0 1777797280 288816
2 1696 5391 0 1777797280 290402
0 1807 12348 0 1777797280 290476
4 1715 3394 0 1777797280 290501
5 1680 12362 0 1777797280 290529
3 1746 6293 0 1777797280 291554
0 1808 4173 0 1777797280 294650
2 1697 4276 0 1777797280 294685
1 1658 6232 0 1777797280 295050
4 1716 4582 0 1777797280 295084
1 1659 1908 0 1777797280 296960
4 1717 2694 0 1777797280 297780
4 1718 951 0 1777797280 298733
4 1719 4316 0 1777797280 303052
0 1809 8418 0 1777797280 303077
2 1698 8488 0 1777797280 303175
5 1681 13306 0 1777797280 303837
3 1747 13391 0 1777797280 304948
1 1660 9260 0 1777797280 306223
0 1810 4471 0 1777797280 307549
6 1819 20683 0 1777797280 307739
4 1720 4739 0 1777797280 307793
3 1748 3056 0 1777797280 308008
2 1699 5952 0 1777797280 309135
5 1682 6022 0 1777797280 309862
4 1721 2392 0 1777797280 310187
3 1749 3773 0 1777797280 311782
6 1820 4274 0 1777797280 312015
0 1811 4473 0 1777797280 312031
2 1700 2946 0 1777797280 312083
3 1750 4432 0 1777797280 316215
2 1701 5910 0 1777797280 317994
4 1722 8909 0 1777797280 319100
1 1661 14299 0 1777797280 320524
0 1812 10080 0 1777797280 322112
2 1702 5904 0 1777797280 323900
4 1723 5843 0 1777797280 324945
5 1683 15556 0 1777797280 325420
2 1703 1643 0 1777797280 325545
0 1813 5010 0 1777797280 327128
2 1704 2951 0 1777797280 328497
0 1814 1845 0 1777797280 328976
0 1815 1624 0 1777797280 330604
5 1684 5239 0 1777797280 330660
2 1705 2763 0 1777797280 331262
4 1724 6705 0 1777797280 331653
3 1751 17567 0 1777797280 333785
6 1821 22265 0 1777797280 334281
2 1706 3539 0 1777797280 334803
2 1707 2664 0 1777797280 337471
6 1822 3868 0 1777797280 338152
1 1662 18441 0 1777797280 338966
2 1708 2904 0 1777797280 340378
1 1663 1734 0 1777797280 340702
6 1823 4719 0 1777797280 342872
3 1752 10850 0 1777797280 344685
2 1709 5687 0 1777797280 346067
2 1710 1552 0 1777797280 347622
5 1685 17134 0 1777797280 347797
2 1711 1494 0 1777797280 349118
2 1712 1183 0 1777797280 350304
6 1824 9726 0 1777797280 352599
2 1713 6726 0 1777797280 357032
2 1714 2067 0 1777797280 359103
2 1715 1921 0 1777797280 361028
6 1825 9490 0 1777797280 362093
1 1664 22423 0 1777797280 363128
2 1716 10654 0 1777797280 371684
3 1753 27005 0 1777797280 371692
4 1725 40648 0 1777797280 372304
0 1816 42221 0 1777797280 372830
1 1665 10676 0 1777797280 373806
6 1826 12144 0 1777797280 374239
0 1817 3129 0 1777797280 375964
2 1717 6132 0 1777797280 377825
6 1827 5077 0 1777797280 379318
0 1818 4305 0 1777797280 380271
2 1718 2987 0 1777797280 380814
2 1719 1186 0 1777797280 382002
1 1666 9881 0 1777797280 383691
2 1720 1744 0 1777797280 383748
6 1828 4713 0 1777797280 384032
4 1726 12580 0 1777797280 384886
2 1721 3840 0 1777797280 387590
1 1667 4690 0 1777797280 388386
6 1829 5964 0 1777797280 389997
1 1668 3340 0 1777797280 391728
3 1754 20293 0 1777797280 391996
2 1722 4999 0 1777797280 392594
2 1723 1545 0 1777797280 394144
2 1724 1703 0 1777797280 395851
1 1669 4140 0 1777797280 395870
3 1755 4692 0 1777797280 396690
0 1819 17464 0 1777797280 397739
1 1670 2341 0 1777797280 398213
4 1727 13334 0 1777797280 398222
1 1671 2673 0 1777797280 400896
6 1830 10997 0 1777797280 401004
3 1756 4611 0 1777797280 401307
2 1725 6586 0 1777797280 402439
6 1831 2166 0 1777797280 403172
3 1757 2861 0 1777797280 404172
2 1726 1756 0 1777797280 404198
4 1728 8814 0 1777797280 407046
0 1820 11081 0 1777797280 408826
3 1758 6480 0 1777797280 410655
4 1729 4358 0 1777797280 411418
6 1832 8619 0 1777797280 411797
1 1672 13159 0 1777797280 414057
0 1821 5863 0 1777797280 414694
3 1759 4549 0 1777797280 415208
4 1730 3960 0 1777797280 415380
6 1833 3914 0 1777797280 415713
1 1673 5193 0 1777797280 419252
0 1822 7439 0 1777797280 422135
4 1731 6762 0 1777797280 422143
3 1760 7322 0 1777797280 422535
6 1834 6861 0 1777797280 422576
3 1761 3309 0 1777797280 425846
0 1823 7201 0 1777797280 429345
4 1732 7236 0 1777797280 429389
6 1835 6834 0 1777797280 429411
1 1674 11437 0 1777797280 430693
2 1727 28515 0 1777797280 432713
3 1762 7263 0 1777797280 433112
4 1733 9374 0 1777797280 438765
0 1824 10711 0 1777797280 440061
5 1686 92272 0 1777797280 440070
1 1675 9412 0 1777797280 440107
6 1836 15938 0 1777797280 445350
2 1728 13118 0 1777797280 445834
3 1763 13430 0 1777797280 446545
2 1729 4969 0 1777797280 450808
5 1687 12024 0 1777797280 452109
6 1837 6759 0 1777797280 452115
1 1676 13224 0 1777797280 453332
4 1734 14587 0 1777797280 453356
1 1677 2272 0 1777797280 455630
5 1688 5372 0 1777797280 457488
6 1838 7160 0 1777797280 459285
2 1730 12708 0 1777797280 463519
1 1678 8045 0 1777797280 463679
3 1764 18182 0 1777797280 464732
4 1735 13742 0 1777797280 467125
3 1765 4209 0 1777797280 468947
6 1839 10528 0 1777797280 469816
3 1766 1862 0 1777797280 470812
2 1731 8101 0 1777797280 471623
6 1840 2941 0 1777797280 472760
6 1841 1255 0 1777797280 474018
3 1767 4409 0 1777797280 475222
6 1842 3338 0 1777797280 477361
5 1689 21745 0 1777797280 479235
4 1736 12225 0 1777797280 479353
1 1679 15689 0 1777797280 479369
0 1825 40360 0 1777797280 480431
6 1843 3722 0 1777797280 481087
3 1768 5984 0 1777797280 481211
4 1737 2143 0 1777797280 481498
3 1769 6404 0 1777797280 487617
6 1844 7707 0 1777797280 488798
3 1770 2349 0 1777797280 489973
0 1826 10463 0 1777797280 490899
4 1738 9949 0 1777797280 491449
6 1845 4384 0 1777797280 493187
3 1771 5267 0 1777797280 495242
3 1772 145638 0 1777797280 640885
6 1846 147704 0 1777797280 640893
0 1827 150318 0 1777797280 641223
1 1680 161861 0 1777797280 641231
5 1690 167977 0 1777797280 647219
4 1739 156105 0 1777797280 647557
2 1732 178201 0 1777797280 649832
6 1847 12274 0 1777797280 653175
3 1773 14153 0 1777797280 655047
5 1691 17486 0 1777797280 664708
6 1848 11573 0 1777797280 664750
1 1681 23927 0 1777797280 665177
4 1740 22199 0 1777797280 669758
0 1828 28547 0 1777797280 669779
5 1692 25297 0 1777797280 690015
5 1693 1806 0 1777797280 691824
1 1682 33443 0 1777797280 698624
1 1683 1283 0 1777797280 699910
1 1684 7359 0 1777797280 707272
1 1685 4017 0 1777797280 711292
6 1849 46642 0 1777797280 711394
5 1694 19659 0 1777797280 711485
1 1686 3294 0 1777797280 714594
1 1687 8994 0 1777797280 723592
1 1688 6217 0 1777797280 729811
0 1829 68540 0 1777797280 738320
6 1850 27206 0 1777797280 738602
3 1774 83594 0 1777797280 738643
4 1741 70696 0 1777797280 740456
2 1733 93745 0 1777797280 743685
0 1830 7381 0 1777797280 745704
3 1775 8562 0 1777797280 747207
3 1776 11376 0 1777797280 758590
0 1831 13033 0 1777797280 758739
5 1695 53374 0 1777797280 764861
0 1832 6436 0 1777797280 765176
3 1777 9998 0 1777797280 768592
1 1689 39834 0 1777797280 769647
1 1690 6456 0 1777797280 776109
4 1742 35657 0 1777797280 776118
6 1851 37653 0 1777797280 776256
5 1696 11435 0 1777797280 776299
0 1833 17846 0 1777797280 783024
3 1778 14435 0 1777797280 783031
2 1734 40090 0 1777797280 783779
0 1834 7659 0 1777797280 790691
4 1743 14573 0 1777797280 790701
1 1691 14610 0 1777797280 790729
5 1697 15632 0 1777797280 791932
6 1852 21399 0 1777797280 797656
0 1835 7343 0 1777797280 798045
3 1779 15011 0 1777797280 798052
4 1744 7773 0 1777797280 798484
2 1735 14886 0 1777797280 798667
1 1692 9023 0 1777797280 799754
2 1736 5544 0 1777797280 804213
6 1853 6580 0 1777797280 804238
3 1780 6865 0 1777797280 804926
0 1836 6971 0 1777797280 805024
4 1745 7387 0 1777797280 805874
5 1698 14068 0 1777797280 806001
0 1837 3161 0 1777797280 808186
6 1854 8087 0 1777797280 812326
3 1781 8961 0 1777797280 813888
4 1746 8027 0 1777797280 813903
2 1737 9731 0 1777797280 813948
0 1838 9091 0 1777797280 817278
5 1699 11411 0 1777797280 817414
1 1693 17878 0 1777797280 817637
6 1855 8234 0 1777797280 820568
3 1782 6710 0 1777797280 820614
4 1747 13272 0 1777797280 827201
2 1738 13466 0 1777797280 827415
5 1700 10551 0 1777797280 827966
0 1839 12651 0 1777797280 829931
6 1856 9372 0 1777797280 829942
1 1694 16982 0 1777797280 834620
4 1748 8670 0 1777797280 835874
2 1739 8491 0 1777797280 835908
3 1783 15301 0 1777797280 835916
0 1840 9946 0 1777797280 839889
5 1701 11928 0 1777797280 839896
6 1857 9942 0 1777797280 839901
2 1740 10052 0 1777797280 845969
3 1784 10085 0 1777797280 846013
1 1695 11483 0 1777797280 846105
4 1749 11947 0 1777797280 847829
5 1702 7954 0 1777797280 847865
0 1841 10702 0 1777797280 850603
6 1858 10696 0 1777797280 850612
3 1785 8809 0 1777797280 854825
1 1696 8980 0 1777797280 855087
4 1750 7868 0 1777797280 855704
2 1741 10163 0 1777797280 856134
5 1703 9218 0 1777797280 857084
2 1742 6116 0 1777797280 862255
3 1786 7475 0 1777797280 862305
6 1859 11762 0 1777797280 862392
4 1751 7928 0 1777797280 863636
1 1697 10173 0 1777797280 865261
5 1704 8677 0 1777797280 865767
3 1787 3710 0 1777797280 866016
6 1860 7620 0 1777797280 870013
0 1842 19438 0 1777797280 870051
4 1752 7712 0 1777797280 871350
2 1743 9838 0 1777797280 872095
3 1788 7999 0 1777797280 874018
5 1705 8567 0 1777797280 874336
0 1843 6404 0 1777797280 876457
1 1698 11680 0 1777797280 876944
6 1861 6953 0 1777797280 876970
2 1744 6891 0 1777797280 878988
3 1789 4979 0 1777797280 878999
4 1753 7650 0 1777797280 879002
0 1844 6940 0 1777797280 883429
5 1706 9124 0 1777797280 883462
4 1754 5075 0 1777797280 884104
3 1790 8492 0 1777797280 887508
2 1745 8989 0 1777797280 887992
4 1755 6079 0 1777797280 890185
6 1862 13222 0 1777797280 890193
1 1699 15250 0 1777797280 892198
3 1791 4694 0 1777797280 892209
5 1707 8834 0 1777797280 892297
2 1746 4580 0 1777797280 892574
3 1792 4001 0 1777797280 896222
6 1863 8987 0 1777797280 899191
5 1708 7031 0 1777797280 899329
4 1756 9151 0 1777797280 899345
3 1793 4120 0 1777797280 900348
4 1757 4460 0 1777797280 903806
1 1700 11721 0 1777797280 903931
2 1747 14818 0 1777797280 907395
5 1709 8281 0 1777797280 907611
2 1748 4264 0 1777797280 911663
3 1794 12508 0 1777797280 912859
6 1864 13820 0 1777797280 913013
0 1845 29822 0 1777797280 913257
4 1758 9830 0 1777797280 913644
4 1759 1473 0 1777797280 915119
6 1865 3450 0 1777797280 916466
0 1846 3250 0 1777797280 916509
3 1795 3937 0 1777797280 916800
2 1749 6057 0 1777797280 917723
4 1760 2669 0 1777797280 917792
5 1710 14113 0 1777797280 921778
0 1847 8965 0 1777797280 925476
4 1761 10043 0 1777797280 927837
6 1866 11377 0 1777797280 927844
2 1750 10717 0 1777797280 928443
1 1701 24673 0 1777797280 928606
3 1796 12316 0 1777797280 929118
5 1711 10753 0 1777797280 932534
6 1867 9833 0 1777797280 937689
0 1848 15719 0 1777797280 941198
4 1762 13444 0 1777797280 941290
5 1712 9568 0 1777797280 942105
6 1868 4524 0 1777797280 942215
5 1713 5516 0 1777797280 947631
1 1702 19073 0 1777797280 947683
2 1751 25039 0 1777797280 953485
5 1714 5869 0 1777797280 953510
0 1849 14482 0 1777797280 955683
4 1763 16042 0 1777797280 957334
3 1797 28269 0 1777797280 957389
5 1715 7251 0 1777797280 960776
6 1869 18567 0 1777797280 960783
2 1752 11805 0 1777797280 965317
3 1798 14688 0 1777797280 972079
6 1870 11336 0 1777797280 972128
0 1850 16500 0 1777797280 972186
5 1716 11963 0 1777797280 972747
1 1703 25565 0 1777797280 973250
4 1764 16237 0 1777797280 973577
1 1704 1129 0 1777797280 974380
4 1765 3285 0 1777797280 976864
5 1717 4132 0 1777797280 976884
1 1705 2987 0 1777797280 977371
1 1706 868 0 1777797280 978242
2 1753 13957 0 1777797280 979278
1 1707 2986 0 1777797280 981233
2 1754 4005 0 1777797280 983286
5 1718 9010 0 1777797280 985912
0 1851 13769 0 1777797280 985956
3 1799 14026 0 1777797280 986107
2 1755 5024 0 1777797280 988316
5 1719 4146 0 1777797280 990062
2 1756 4870 0 1777797280 993202
5 1720 3147 0 1777797280 993211
3 1800 8681 0 1777797280 994790
6 1871 23081 0 1777797280 995210
2 1757 7147 0 1777797281 359
6 1872 6662 0 1777797281 1874
0 1852 18243 0 1777797281 4202
1 1708 23023 0 1777797281 4258
5 1721 11042 0 1777797281 4265
4 1766 27700 0 1777797281 4585
3 1801 9807 0 1777797281 4599
3 1802 6666 0 1777797281 11267
0 1853 7097 0 1777797281 11325
2 1758 11040 0 1777797281 11402
5 1722 7783 0 1777797281 12071
4 1767 8232 0 1777797281 12819
6 1873 11152 0 1777797281 13028
1 1709 9085 0 1777797281 13351
4 1768 726 0 1777797281 13547
6 1874 683 0 1777797281 13713
1 1710 1579 0 1777797281 14934
6 1875 1908 0 1777797281 15623
4 1769 2337 0 1777797281 15886
1 1711 1054 0 1777797281 15994
0 1854 5464 0 1777797281 16790
5 1723 4970 0 1777797281 17042
0 1855 1190 0 1777797281 17984
6 1876 2369 0 1777797281 17995
5 1724 2008 0 1777797281 19053
0 1856 1516 0 1777797281 19512
6 1877 3302 0 1777797281 21309
5 1725 2978 0 1777797281 22032
0 1857 3249 0 1777797281 22764
3 1803 11649 0 1777797281 22918
1 1712 7466 0 1777797281 23462
5 1726 2858 0 1777797281 24892
1 1713 1702 0 1777797281 25167
0 1858 3432 0 1777797281 26199
2 1759 14933 0 1777797281 26336
4 1770 11658 0 1777797281 27547
1 1714 3114 0 1777797281 28283
5 1727 3462 0 1777797281 28359
4 1771 2857 0 1777797281 30408
2 1760 6989 0 1777797281 33326
4 1772 3186 0 1777797281 33596
0 1859 9408 0 1777797281 35614
1 1715 7442 0 1777797281 35727
6 1878 15327 0 1777797281 36639
5 1728 8841 0 1777797281 37201
4 1773 3898 0 1777797281 37495
2 1761 4496 0 1777797281 37832
5 1729 4421 0 1777797281 41624
5 1730 3210 0 1777797281 44836
4 1774 7433 0 1777797281 44932
1 1716 10140 0 1777797281 45869
2 1762 8408 0 1777797281 46243
0 1860 11267 0 1777797281 46886
6 1879 14203 0 1777797281 50845
4 1775 6059 0 1777797281 50992
1 1717 7089 0 1777797281 52965
6 1880 2472 0 1777797281 53321
5 1731 8852 0 1777797281 53690
1 1718 1157 0 1777797281 54125
0 1861 7488 0 1777797281 54376
5 1732 1389 0 1777797281 55082
1 1719 2464 0 1777797281 56591
4 1776 8057 0 1777797281 59051
5 1733 11299 0 1777797281 66382
1 1720 11022 0 1777797281 67639
6 1881 14532 0 1777797281 67856
4 1777 10115 0 1777797281 69168
3 1804 47327 0 1777797281 70246
2 1763 27196 0 1777797281 73443
0 1862 19638 0 1777797281 74015
4 1778 6163 0 1777797281 75332
6 1882 8235 0 1777797281 76093
2 1764 5164 0 1777797281 78611
0 1863 4742 0 1777797281 78760
0 1864 2038 0 1777797281 80799
5 1734 14572 0 1777797281 80956
3 1805 11187 0 1777797281 81440
1 1721 13821 0 1777797281 81462
2 1765 2951 0 1777797281 81565
4 1779 6393 0 1777797281 81728
2 1766 5203 0 1777797281 86769
1 1722 6481 0 1777797281 87945
4 1780 8286 0 1777797281 90015
5 1735 9042 0 1777797281 90052
0 1865 9983 0 1777797281 90784
2 1767 5120 0 1777797281 91892
1 1723 4139 0 1777797281 92086
5 1736 5920 0 1777797281 95974
6 1883 19817 0 1777797281 95990
0 1866 5239 0 1777797281 96026
1 1724 4203 0 1777797281 96290
2 1768 4631 0 1777797281 96528
3 1806 23184 0 1777797281 104627
4 1781 14644 0 1777797281 104663
2 1769 8476 0 1777797281 105005
0 1867 10699 0 1777797281 106727
0 1868 2149 0 1777797281 108883
2 1770 11235 0 1777797281 116242
3 1807 12048 0 1777797281 116677
0 1869 9263 0 1777797281 118151
1 1725 22306 0 1777797281 118598
4 1782 14344 0 1777797281 119009
3 1808 6406 0 1777797281 123085
6 1884 28624 0 1777797281 124631
4 1783 6110 0 1777797281 125122
5 1737 31421 0 1777797281 127412
0 1870 10006 0 1777797281 128159
1 1726 9855 0 1777797281 128457
4 1784 4081 0 1777797281 129205
2 1771 14523 0 1777797281 130768
5 1738 4809 0 1777797281 132224
4 1785 3210 0 1777797281 132418
0 1871 5410 0 1777797281 133572
5 1739 5373 0 1777797281 137599
1 1727 11298 0 1777797281 139757
0 1872 7206 0 1777797281 140782
0 1873 3199 0 1777797281 143986
6 1885 19362 0 1777797281 143995
5 1740 8872 0 1777797281 146477
4 1786 14594 0 1777797281 147014
5 1741 1553 0 1777797281 148036
0 1874 5397 0 1777797281 149393
5 1742 3355 0 1777797281 151394
5 1743 753 0 1777797281 152150
0 1875 5606 0 1777797281 155003
4 1787 12713 0 1777797281 159732
5 1744 7678 0 1777797281 159831
1 1728 20865 0 1777797281 160625
5 1745 3587 0 1777797281 163419
1 1729 2853 0 1777797281 163480
6 1886 20919 0 1777797281 164925
1 1730 2110 0 1777797281 165593
5 1746 6759 0 1777797281 170181
6 1887 7096 0 1777797281 172026
1 1731 7162 0 1777797281 172757
5 1747 5321 0 1777797281 175506
1 1732 3169 0 1777797281 175928
0 1876 22922 0 1777797281 177927
1 1733 4542 0 1777797281 180472
5 1748 5060 0 1777797281 180568
4 1788 22175 0 1777797281 181916
6 1888 16043 0 1777797281 188072
2 1772 57506 0 1777797281 188276
0 1877 10569 0 1777797281 188498
5 1749 7935 0 1777797281 188505
5 1750 2527 0 1777797281 191047
3 1809 70541 0 1777797281 193631
0 1878 5180 0 1777797281 193686
2 1773 5416 0 1777797281 193693
5 1751 3645 0 1777797281 194694
4 1789 13011 0 1777797281 194929
0 1879 3616 0 1777797281 197310
1 1734 18655 0 1777797281 199130
5 1752 4595 0 1777797281 199295
5 1753 2007 0 1777797281 201304
2 1774 8321 0 1777797281 202028
5 1754 2833 0 1777797281 204152
1 1735 5725 0 1777797281 204857
4 1790 10835 0 1777797281 205765
0 1880 10159 0 1777797281 207475
5 1755 3324 0 1777797281 207480
2 1775 9928 0 1777797281 211959
0 1881 4496 0 1777797281 211977
1 1736 7130 0 1777797281 211991
4 1791 6515 0 1777797281 212282
5 1756 6511 0 1777797281 214001
1 1737 3434 0 1777797281 215427
4 1792 3744 0 1777797281 216028
4 1793 3250 0 1777797281 219280
3 1810 28282 0 1777797281 221918
1 1738 7712 0 1777797281 223142
5 1757 15539 0 1777797281 229543
0 1882 23815 0 1777797281 235793
5 1758 6258 0 1777797281 235803
3 1811 16446 0 1777797281 238366
3 1812 1314 0 1777797281 239690
0 1883 4195 0 1777797281 239999
3 1813 18115 0 1777797281 257809
5 1759 22051 0 1777797281 257866
0 1884 17954 0 1777797281 257955
4 1794 39416 0 1777797281 258698
1 1739 37336 0 1777797281 260487
0 1885 3358 0 1777797281 261315
2 1776 50280 0 1777797281 262241
1 1740 3414 0 1777797281 263903
1 1741 854 0 1777797281 264759
0 1886 6294 0 1777797281 267616
6 1889 83629 0 1777797281 271712
0 1887 9335 0 1777797281 276953
4 1795 18906 0 1777797281 277606
1 1742 13398 0 1777797281 278161
2 1777 15930 0 1777797281 278173
5 1760 20358 0 1777797281 278226
3 1814 21326 0 1777797281 279147
1 1743 2283 0 1777797281 280467
1 1744 1998 0 1777797281 282468
5 1761 5452 0 1777797281 283680
1 1745 1434 0 1777797281 283905
1 1746 3571 0 1777797281 287478
5 1762 4562 0 1777797281 288244
3 1815 9454 0 1777797281 288603
4 1796 11656 0 1777797281 289264
2 1778 18539 0 1777797281 296746
5 1763 8816 0 1777797281 297061
4 1797 7812 0 1777797281 297078
3 1816 8488 0 1777797281 297092
0 1888 20146 0 1777797281 297109
5 1764 4190 0 1777797281 301252
3 1817 6664 0 1777797281 303757
0 1889 6943 0 1777797281 304053
4 1798 7185 0 1777797281 304264
2 1779 10958 0 1777797281 307707
6 1890 36241 0 1777797281 307955
5 1765 7671 0 1777797281 308927
6 1891 4571 0 1777797281 312528
5 1766 3677 0 1777797281 312605
5 1767 2349 0 1777797281 314956
6 1892 3835 0 1777797281 316365
5 1768 7129 0 1777797281 322088
4 1799 17876 0 1777797281 322143
2 1780 15213 0 1777797281 322922
6 1893 7337 0 1777797281 323706
4 1800 1870 0 1777797281 324014
0 1890 21091 0 1777797281 325148
5 1769 4034 0 1777797281 326127
6 1894 2486 0 1777797281 326194
4 1801 2806 0 1777797281 326824
2 1781 4280 0 1777797281 327204
6 1895 4090 0 1777797281 330285
0 1891 5472 0 1777797281 330623
5 1770 4927 0 1777797281 331060
1 1747 44618 0 1777797281 332191
5 1771 1519 0 1777797281 332581
0 1892 3742 0 1777797281 334368
4 1802 7553 0 1777797281 334381
5 1772 3314 0 1777797281 335897
1 1748 4060 0 1777797281 336253
1 1749 2368 0 1777797281 338625
5 1773 2735 0 1777797281 338634
6 1896 9512 0 1777797281 339799
6 1897 1096 0 1777797281 340901
0 1893 7026 0 1777797281 341409
3 1818 37744 0 1777797281 341503
5 1774 2946 0 1777797281 341597
5 1775 2762 0 1777797281 344360
6 1898 4349 0 1777797281 345252
5 1776 2715 0 1777797281 347080
0 1894 5865 0 1777797281 347275
1 1750 9719 0 1777797281 348354
2 1782 21554 0 1777797281 348760
4 1803 16498 0 1777797281 350895
1 1751 2570 0 1777797281 350927
5 1777 4819 0 1777797281 351903
2 1783 3297 0 1777797281 352059
6 1899 7759 0 1777797281 353013
5 1778 2745 0 1777797281 354655
4 1804 4521 0 1777797281 355421
4 1805 2714 0 1777797281 358140
5 1779 3489 0 1777797281 358149
5 1780 2142 0 1777797281 360303
6 1900 9505 0 1777797281 362525
1 1752 11848 0 1777797281 362777
5 1781 2879 0 1777797281 363184
5 1782 1259 0 1777797281 364445
1 1753 3475 0 1777797281 366254
5 1783 1877 0 1777797281 366324
4 1806 10375 0 1777797281 368525
6 1901 6009 0 1777797281 368537
1 1754 2307 0 1777797281 368565
6 1902 1319 0 1777797281 369869
1 1755 2505 0 1777797281 371071
6 1903 1787 0 1777797281 371662
1 1756 1412 0 1777797281 372485
5 1784 6520 0 1777797281 372846
6 1904 1965 0 1777797281 373630
5 1785 1003 0 1777797281 373851
1 1757 2588 0 1777797281 375076
5 1786 2218 0 1777797281 376071
0 1895 29425 0 1777797281 376703
2 1784 26989 0 1777797281 379050
0 1896 3882 0 1777797281 380590
3 1819 39095 0 1777797281 380599
5 1787 4530 0 1777797281 380605
6 1905 6978 0 1777797281 380610
4 1807 12284 0 1777797281 380822
1 1758 7814 0 1777797281 382897
6 1906 2622 0 1777797281 383259
1 1759 776 0 1777797281 383676
1 1760 2331 0 1777797281 386009
1 1761 1390 0 1777797281 387404
5 1788 6992 0 1777797281 387621
3 1820 9464 0 1777797281 390084
6 1907 6831 0 1777797281 390092
5 1789 3471 0 1777797281 391094
2 1785 13055 0 1777797281 392109
0 1897 11624 0 1777797281 392235
5 1790 1277 0 1777797281 392374
0 1898 1842 0 1777797281 394078
4 1808 16346 0 1777797281 397170
4 1809 1078 0 1777797281 398250
3 1821 9628 0 1777797281 399721
0 1899 5957 0 1777797281 400038
4 1810 4238 0 1777797281 402490
6 1908 12416 0 1777797281 402521
1 1762 16957 0 1777797281 404363
0 1900 4409 0 1777797281 404449
2 1786 13302 0 1777797281 405415
3 1822 6610 0 1777797281 406335
5 1791 13979 0 1777797281 406354
0 1901 4256 0 1777797281 408706
1 1763 8059 0 1777797281 412425
2 1787 7337 0 1777797281 412755
4 1811 10514 0 1777797281 413007
6 1909 10492 0 1777797281 413015
0 1902 4323 0 1777797281 413038
5 1792 8950 0 1777797281 415316
0 1903 3759 0 1777797281 416798
4 1812 3848 0 1777797281 416864
3 1823 12945 0 1777797281 419300
6 1910 6291 0 1777797281 419316
0 1904 3557 0 1777797281 420357
2 1788 7684 0 1777797281 420440
1 1764 8358 0 1777797281 420790
2 1789 3298 0 1777797281 423739
6 1911 4645 0 1777797281 423981
4 1813 7397 0 1777797281 424262
0 1905 4959 0 1777797281 425318
1 1765 4565 0 1777797281 425356
3 1824 6260 0 1777797281 425577
4 1814 2200 0 1777797281 426516
6 1912 4445 0 1777797281 428429
2 1790 5350 0 1777797281 429092
6 1913 1042 0 1777797281 429473
3 1825 5475 0 1777797281 431055
5 1793 17443 0 1777797281 432763
2 1791 3770 0 1777797281 432866
6 1914 4912 0 1777797281 434387
1 1766 11632 0 1777797281 436999
0 1906 13565 0 1777797281 438922
2 1792 7119 0 1777797281 439987
3 1826 10655 0 1777797281 441712
4 1815 19378 0 1777797281 445912
6 1915 11539 0 1777797281 445928
1 1767 8986 0 1777797281 445989
2 1793 6843 0 1777797281 446832
1 1768 2958 0 1777797281 448948
4 1816 3106 0 1777797281 449035
3 1827 8833 0 1777797281 450548
1 1769 1722 0 1777797281 450672
4 1817 2158 0 1777797281 451194
6 1916 5360 0 1777797281 451336
0 1907 15421 0 1777797281 454349
6 1917 3474 0 1777797281 454811
4 1818 5361 0 1777797281 456559
1 1770 6116 0 1777797281 456790
3 1828 6436 0 1777797281 456986
6 1918 2207 0 1777797281 457019
0 1908 4030 0 1777797281 458380
4 1819 2979 0 1777797281 459540
2 1794 13387 0 1777797281 460223
5 1794 28400 0 1777797281 461165
6 1919 4914 0 1777797281 461934
6 1920 4238 0 1777797281 466177
1 1771 15281 0 1777797281 472074
4 1820 12539 0 1777797281 472082
2 1795 12546 0 1777797281 472771
3 1829 15801 0 1777797281 472789
5 1795 11634 0 1777797281 472805
6 1921 10016 0 1777797281 476201
0 1909 17920 0 1777797281 476303
4 1821 5193 0 1777797281 477288
6 1922 2854 0 1777797281 479057
2 1796 6308 0 1777797281 479081
1 1772 7272 0 1777797281 479355
6 1923 2013 0 1777797281 481074
1 1773 1743 0 1777797281 481101
4 1822 4905 0 1777797281 482194
2 1797 3751 0 1777797281 482833
5 1796 11890 0 1777797281 484696
1 1774 3669 0 1777797281 484772
6 1924 3713 0 1777797281 484790
0 1910 9625 0 1777797281 485930
2 1798 4012 0 1777797281 486847
0 1911 1634 0 1777797281 487590
0 1912 1823 0 1777797281 489419
1 1775 4764 0 1777797281 489538
3 1830 16876 0 1777797281 489667
0 1913 1729 0 1777797281 491150
2 1799 4311 0 1777797281 491168
1 1776 4586 0 1777797281 494126
4 1823 15017 0 1777797281 497213
6 1925 12432 0 1777797281 497223
1 1777 3208 0 1777797281 497337
3 1831 10602 0 1777797281 500271
1 1778 3133 0 1777797281 500471
5 1797 16699 0 1777797281 501400
1 1779 2888 0 1777797281 503362
5 1798 4087 0 1777797281 505490
5 1799 2359 0 1777797281 507851
1 1780 5089 0 1777797281 508456
4 1824 14433 0 1777797281 511657
0 1914 20509 0 1777797281 511679
6 1926 15573 0 1777797281 512817
1 1781 4557 0 1777797281 513015
3 1832 14543 0 1777797281 514816
6 1927 2081 0 1777797281 514899
1 1782 3441 0 1777797281 516458
2 1800 27266 0 1777797281 518458
1 1783 3949 0 1777797281 520409
0 1915 11670 0 1777797281 523350
5 1800 16767 0 1777797281 524620
3 1833 10406 0 1777797281 525225
6 1928 11296 0 1777797281 526196
0 1916 2942 0 1777797281 526294
1 1784 6825 0 1777797281 527237
4 1825 16787 0 1777797281 528447
2 1801 10299 0 1777797281 528759
3 1834 3601 0 1777797281 528827
1 1785 4934 0 1777797281 532172
5 1801 8210 0 1777797281 532833
2 1802 4185 0 1777797281 532945
0 1917 7305 0 1777797281 533602
1 1786 8892 0 1777797281 541066
3 1835 12242 0 1777797281 541072
1 1787 3693 0 1777797281 544765
4 1826 16317 0 1777797281 544772
5 1802 13343 0 1777797281 546180
2 1803 17047 0 1777797281 549995
1 1788 5254 0 1777797281 550026
4 1827 5708 0 1777797281 550487
3 1836 11532 0 1777797281 552611
5 1803 6457 0 1777797281 552639
1 1789 2903 0 1777797281 552930
2 1804 4107 0 1777797281 554106
0 1918 43130 0 1777797281 576734
5 1804 24113 0 1777797281 576753
1 1790 23929 0 1777797281 576862
4 1828 26814 0 1777797281 577305
2 1805 23432 0 1777797281 577543
6 1929 52683 0 1777797281 578881
5 1805 4724 0 1777797281 581478
2 1806 6083 0 1777797281 583628
5 1806 2503 0 1777797281 583983
5 1807 1494 0 1777797281 585479
1 1791 10420 0 1777797281 587283
2 1807 3691 0 1777797281 587326
5 1808 3390 0 1777797281 588871
1 1792 2772 0 1777797281 590057
5 1809 2497 0 1777797281 591371
2 1808 5698 0 1777797281 593025
3 1837 41722 0 1777797281 594336
2 1809 2498 0 1777797281 595527
5 1810 4166 0 1777797281 595540
6 1930 19633 0 1777797281 598521
1 1793 12677 0 1777797281 602736
1 1794 823 0 1777797281 603561
5 1811 10963 0 1777797281 606644
6 1931 11413 0 1777797281 609939
1 1795 8402 0 1777797281 611965
6 1932 2034 0 1777797281 611976
3 1838 17668 0 1777797281 612006
4 1829 35979 0 1777797281 613286
6 1933 1396 0 1777797281 613381
3 1839 2089 0 1777797281 614096
5 1812 9257 0 1777797281 615904
3 1840 1863 0 1777797281 615960
6 1934 2794 0 1777797281 616176
4 1830 7133 0 1777797281 620439
3 1841 4532 0 1777797281 620493
1 1796 10076 0 1777797281 622052
4 1831 3358 0 1777797281 623803
1 1797 5480 0 1777797281 627535
4 1832 4713 0 1777797281 628519
1 1798 1717 0 1777797281 629255
1 1799 2204 0 1777797281 631462
1 1800 1644 0 1777797281 633108
3 1842 17803 0 1777797281 638299
1 1801 6566 0 1777797281 639677
1 1802 1460 0 1777797281 641140
4 1833 13016 0 1777797281 641541
3 1843 3383 0 1777797281 641684
4 1834 1521 0 1777797281 643066
1 1803 3543 0 1777797281 644686
4 1835 1627 0 1777797281 644695
3 1844 5864 0 1777797281 647551
1 1804 2873 0 1777797281 647569
4 1836 3601 0 1777797281 648315
1 1805 6733 0 1777797281 654303
3 1845 7848 0 1777797281 655402
4 1837 7127 0 1777797281 655446
0 1919 79880 0 1777797281 656616
1 1806 4092 0 1777797281 658402
0 1920 1823 0 1777797281 658442
4 1838 4246 0 1777797281 659693
6 1935 43641 0 1777797281 659818
4 1839 4678 0 1777797281 664381
6 1936 4706 0 1777797281 664525
1 1807 7026 0 1777797281 665430
0 1921 8404 0 1777797281 666848
2 1810 71524 0 1777797281 667196
6 1937 3138 0 1777797281 667665
2 1811 2241 0 1777797281 669442
6 1938 1785 0 1777797281 669452
1 1808 4401 0 1777797281 669835
6 1939 2775 0 1777797281 672238
2 1812 3555 0 1777797281 673008
4 1840 11464 0 1777797281 675847
1 1809 6549 0 1777797281 676386
6 1940 7038 0 1777797281 679278
3 1846 27805 0 1777797281 683220
6 1941 8038 0 1777797281 687320
3 1847 4589 0 1777797281 687811
4 1841 13466 0 1777797281 689316
1 1810 14852 0 1777797281 691239
3 1848 6386 0 1777797281 694204
4 1842 5817 0 1777797281 695137
0 1922 28859 0 1777797281 695710
2 1813 25744 0 1777797281 698754
3 1849 6627 0 1777797281 700833
2 1814 2987 0 1777797281 701747
0 1923 6061 0 1777797281 701776
0 1924 3548 0 1777797281 705325
0 1925 1757 0 1777797281 707087
1 1811 16550 0 1777797281 707798
3 1850 7113 0 1777797281 707948
3 1851 3213 0 1777797281 711163
6 1942 24410 0 1777797281 711732
1 1812 3954 0 1777797281 711757
3 1852 3590 0 1777797281 714756
5 1813 99052 0 1777797281 714958
0 1926 8117 0 1777797281 715207
5 1814 1131 0 1777797281 716090
1 1813 7181 0 1777797281 718939
5 1815 2871 0 1777797281 718964
6 1943 7604 0 1777797281 719339
1 1814 3769 0 1777797281 722734
5 1816 3761 0 1777797281 722758
5 1817 3008 0 1777797281 725768
5 1818 1154 0 1777797281 726924
2 1815 26815 0 1777797281 728567
5 1819 4366 0 1777797281 731292
4 1843 37255 0 1777797281 732394
6 1944 13483 0 1777797281 732824
1 1815 10992 0 1777797281 733732
4 1844 2650 0 1777797281 735046
1 1816 1769 0 1777797281 735503
4 1845 1434 0 1777797281 736482
1 1817 2862 0 1777797281 738368
5 1820 9249 0 1777797281 740543
5 1821 2849 0 1777797281 743397
0 1927 29368 0 1777797281 744578
6 1945 11796 0 1777797281 744622
3 1853 29988 0 1777797281 744751
4 1846 9677 0 1777797281 746163
1 1818 8063 0 1777797281 746433
0 1928 2439 0 1777797281 747019
4 1847 1220 0 1777797281 747388
6 1946 3386 0 1777797281 748010
5 1822 4691 0 1777797281 748096
3 1854 3981 0 1777797281 748733
0 1929 2815 0 1777797281 749837
0 1930 2812 0 1777797281 752652
4 1848 5272 0 1777797281 752661
5 1823 4572 0 1777797281 752669
1 1819 7623 0 1777797281 754059
2 1816 25738 0 1777797281 754309
2 1817 2379 0 1777797281 756691
4 1849 5145 0 1777797281 757835
5 1824 5142 0 1777797281 757841
1 1820 5491 0 1777797281 759553
6 1947 12276 0 1777797281 760288
3 1855 12424 0 1777797281 761159
2 1818 6473 0 1777797281 763166
6 1948 3111 0 1777797281 763400
0 1931 11139 0 1777797281 763810
3 1856 3125 0 1777797281 764288
0 1932 6800 0 1777797281 770617
3 1857 6334 0 1777797281 770624
4 1850 13078 0 1777797281 770920
5 1825 13075 0 1777797281 770926
1 1821 12028 0 1777797281 771586
6 1949 8355 0 1777797281 771758
1 1822 1752 0 1777797281 773340
6 1950 2373 0 1777797281 774132
3 1858 7639 0 1777797281 778276
1 1823 6267 0 1777797281 779613
4 1851 10217 0 1777797281 781259
0 1933 11527 0 1777797281 782152
1 1824 3205 0 1777797281 782821
6 1951 13349 0 1777797281 787488
3 1859 18025 0 1777797281 796308
0 1934 14441 0 1777797281 796595
2 1819 37081 0 1777797281 800252
1 1825 17453 0 1777797281 800277
4 1852 19241 0 1777797281 800505
6 1952 14195 0 1777797281 801685
0 1935 5554 0 1777797281 802151
5 1826 32480 0 1777797281 803535
6 1953 2091 0 1777797281 803778
4 1853 3452 0 1777797281 803959
3 1860 8537 0 1777797281 804847
0 1936 4017 0 1777797281 806171
1 1826 6129 0 1777797281 806407
4 1854 4416 0 1777797281 808377
5 1827 8098 0 1777797281 811638
1 1827 6046 0 1777797281 812455
6 1954 10282 0 1777797281 814062
1 1828 2222 0 1777797281 814679
5 1828 4260 0 1777797281 815900
1 1829 4084 0 1777797281 818765
5 1829 4537 0 1777797281 820440
1 1830 3722 0 1777797281 822489
5 1830 3064 0 1777797281 823508
1 1831 4180 0 1777797281 826671
1 1832 5207 0 1777797281 831891
6 1955 19315 0 1777797281 833380
1 1833 1661 0 1777797281 833555
6 1956 3962 0 1777797281 837350
1 1834 4140 0 1777797281 837699
6 1957 2705 0 1777797281 840057
0 1937 33939 0 1777797281 840113
1 1835 4393 0 1777797281 842095
0 1938 6305 0 1777797281 846419
1 1836 7424 0 1777797281 849521
3 1861 44679 0 1777797281 849531
0 1939 3887 0 1777797281 850308
6 1958 11477 0 1777797281 851536
1 1837 3942 0 1777797281 853474
1 1838 2836 0 1777797281 856313
0 1940 6585 0 1777797281 856895
2 1820 57736 0 1777797281 857990
6 1959 6736 0 1777797281 858276
6 1960 862 0 1777797281 859139
1 1839 3045 0 1777797281 859360
4 1855 51491 0 1777797281 859871
2 1821 2443 0 1777797281 860435
3 1862 10916 0 1777797281 860460
1 1840 3725 0 1777797281 863087
5 1831 41195 0 1777797281 864708
3 1863 4390 0 1777797281 864851
6 1961 5764 0 1777797281 864905
3 1864 1834 0 1777797281 866687
5 1832 4042 0 1777797281 868757
4 1856 9924 0 1777797281 869798
6 1962 6269 0 1777797281 871175
4 1857 2507 0 1777797281 872306
2 1822 12033 0 1777797281 872471
6 1963 1697 0 1777797281 872875
3 1865 10178 0 1777797281 876870
4 1858 4571 0 1777797281 876879
0 1941 21000 0 1777797281 877897
2 1823 5792 0 1777797281 878415
5 1833 9664 0 1777797281 878425
5 1834 1807 0 1777797281 880248
0 1942 3868 0 1777797281 881768
0 1943 5254 0 1777797281 887028
1 1841 23942 0 1777797281 887035
2 1824 8615 0 1777797281 887041
3 1866 10166 0 1777797281 887046
4 1859 10163 0 1777797281 887052
6 1964 14654 0 1777797281 887530
5 1835 7569 0 1777797281 887819
3 1867 4845 0 1777797281 891923
0 1944 5669 0 1777797281 892723
3 1868 3527 0 1777797281 895453
4 1860 9162 0 1777797281 896274
5 1836 9022 0 1777797281 896844
0 1945 4976 0 1777797281 897701
6 1965 11495 0 1777797281 899028
5 1837 2961 0 1777797281 899807
5 1838 2410 0 1777797281 902225
2 1825 23471 0 1777797281 910541
0 1946 12877 0 1777797281 910580
5 1839 8357 0 1777797281 910589
4 1861 14350 0 1777797281 910628
6 1966 11605 0 1777797281 910635
1 1842 25768 0 1777797281 912831
3 1869 17384 0 1777797281 912842
2 1826 6116 0 1777797281 916660
5 1840 6164 0 1777797281 916768
3 1870 4748 0 1777797281 917598
1 1843 10521 0 1777797281 923364
6 1967 12721 0 1777797281 923370
3 1871 5790 0 1777797281 923390
4 1862 12758 0 1777797281 923394
5 1841 6628 0 1777797281 923397
1 1844 3287 0 1777797281 926659
5 1842 6519 0 1777797281 929927
0 1947 21933 0 1777797281 932523
4 1863 10482 0 1777797281 933886
6 1968 12825 0 1777797281 936201
0 1948 4534 0 1777797281 937061
1 1845 11243 0 1777797281 937905
3 1872 15298 0 1777797281 938696
0 1949 2810 0 1777797281 939874
1 1846 2094 0 1777797281 940002
3 1873 2441 0 1777797281 941140
1 1847 1173 0 1777797281 941175
4 1864 8015 0 1777797281 941903
6 1969 6863 0 1777797281 943073
3 1874 2078 0 1777797281 943220
1 1848 2566 0 1777797281 943743
0 1950 4791 0 1777797281 944667
4 1865 2793 0 1777797281 944698
3 1875 1802 0 1777797281 945024
1 1849 1392 0 1777797281 945137
2 1827 32647 0 1777797281 949311
4 1866 6910 0 1777797281 951611
5 1843 24943 0 1777797281 954882
2 1828 6649 0 1777797281 955962
3 1876 10945 0 1777797281 955970
6 1970 17137 0 1777797281 960212
0 1951 15680 0 1777797281 960350
5 1844 5713 0 1777797281 960597
4 1867 9005 0 1777797281 960622
3 1877 6499 0 1777797281 962482
1 1850 17497 0 1777797281 962687
2 1829 8847 0 1777797281 964818
5 1845 4338 0 1777797281 964936
4 1868 5743 0 1777797281 966366
5 1846 4420 0 1777797281 969357
4 1869 5994 0 1777797281 972364
6 1971 12290 0 1777797281 972504
5 1847 3612 0 1777797281 972976
2 1830 8227 0 1777797281 973048
1 1851 11781 0 1777797281 974470
4 1870 3157 0 1777797281 975572
5 1848 3116 0 1777797281 976096
6 1972 3807 0 1777797281 976312
4 1871 2567 0 1777797281 978144
2 1831 5193 0 1777797281 978244
0 1952 19631 0 1777797281 979982
6 1973 3903 0 1777797281 980217
0 1953 2050 0 1777797281 982035
0 1954 784 0 1777797281 982822
6 1974 3473 0 1777797281 983692
5 1849 10735 0 1777797281 986833
2 1832 9252 0 1777797281 987498
4 1872 9358 0 1777797281 987505
1 1852 21273 0 1777797281 995746
4 1873 8257 0 1777797281 995771
5 1850 9962 0 1777797281 996797
3 1878 34337 0 1777797281 996821
2 1833 10417 0 1777797281 997924
0 1955 16207 0 1777797281 999031
4 1874 5953 0 1777797282 1725
2 1834 4082 0 1777797282 2007
4 1875 3879 0 1777797282 5606
2 1835 5166 0 1777797282 7174
4 1876 2333 0 1777797282 7941
5 1851 12003 0 1777797282 8803
0 1956 9905 0 1777797282 8939
4 1877 1773 0 1777797282 9715
6 1975 26701 0 1777797282 10395
3 1879 16149 0 1777797282 12972
0 1957 5553 0 1777797282 14493
4 1878 5458 0 1777797282 15174
0 1958 2239 0 1777797282 16735
4 1879 3497 0 1777797282 18676
0 1959 3160 0 1777797282 19901
3 1880 9083 0 1777797282 22058
6 1976 12549 0 1777797282 22950
3 1881 4376 0 1777797282 26442
4 1880 7876 0 1777797282 26554
6 1977 4217 0 1777797282 27171
4 1881 1379 0 1777797282 27934
0 1960 10038 0 1777797282 29946
2 1836 22792 0 1777797282 29969
1 1853 34270 0 1777797282 30018
4 1882 2773 0 1777797282 30710
4 1883 2586 0 1777797282 33302
0 1961 6643 0 1777797282 36591
4 1884 4422 0 1777797282 37728
3 1882 12869 0 1777797282 39313
0 1962 2851 0 1777797282 39443
6 1978 12719 0 1777797282 39891
1 1854 11494 0 1777797282 41514
1 1855 2232 0 1777797282 43749
4 1885 6034 0 1777797282 43763
5 1852 34974 0 1777797282 43779
2 1837 13846 0 1777797282 43816
0 1963 7800 0 1777797282 47245
2 1838 5724 0 1777797282 49541
3 1883 10349 0 1777797282 49667
5 1853 5872 0 1777797282 49673
6 1979 10471 0 1777797282 50364
2 1839 2084 0 1777797282 51627
4 1886 7980 0 1777797282 51772
0 1964 7587 0 1777797282 54835
4 1887 4186 0 1777797282 55961
0 1965 2041 0 1777797282 56879
4 1888 2224 0 1777797282 58188
0 1966 1647 0 1777797282 58528
6 1980 8952 0 1777797282 59322
3 1884 11068 0 1777797282 60742
4 1889 3878 0 1777797282 62072
0 1967 5175 0 1777797282 63706
6 1981 5607 0 1777797282 64930
5 1854 17105 0 1777797282 66789
3 1885 6153 0 1777797282 66897
6 1982 2303 0 1777797282 67239
1 1856 23481 0 1777797282 67261
4 1890 6648 0 1777797282 68723
0 1968 6765 0 1777797282 70473
4 1891 2372 0 1777797282 71097
1 1857 4078 0 1777797282 71340
1 1858 4945 0 1777797282 76288
4 1892 5228 0 1777797282 76327
0 1969 8801 0 1777797282 79275
4 1893 5586 0 1777797282 81937
1 1859 6409 0 1777797282 82738
0 1970 6702 0 1777797282 85980
4 1894 5023 0 1777797282 86962
6 1983 20455 0 1777797282 87697
0 1971 1754 0 1777797282 87736
4 1895 1030 0 1777797282 87994
4 1896 1990 0 1777797282 89986
4 1897 1693 0 1777797282 91681
6 1984 5552 0 1777797282 93255
1 1860 14370 0 1777797282 97110
4 1898 6560 0 1777797282 98246
1 1861 1419 0 1777797282 98531
1 1862 1786 0 1777797282 100319
0 1972 12886 0 1777797282 100623
4 1899 2566 0 1777797282 100818
2 1840 51368 0 1777797282 102997
4 1900 2465 0 1777797282 103284
6 1985 11335 0 1777797282 104593
3 1886 37971 0 1777797282 104870
2 1841 3269 0 1777797282 106272
3 1887 1830 0 1777797282 106702
6 1986 3020 0 1777797282 107615
4 1901 4392 0 1777797282 107679
1 1863 8193 0 1777797282 108515
6 1987 3515 0 1777797282 111136
2 1842 4883 0 1777797282 111158
3 1888 7204 0 1777797282 113908
4 1902 6268 0 1777797282 113948
5 1855 47157 0 1777797282 113955
0 1973 13393 0 1777797282 114017
0 1974 1690 0 1777797282 115708
4 1903 5843 0 1777797282 119799
2 1843 8677 0 1777797282 119902
1 1864 11404 0 1777797282 119921
6 1988 9621 0 1777797282 120759
3 1889 7640 0 1777797282 121559
3 1890 3979 0 1777797282 125539
4 1904 5748 0 1777797282 125549
6 1989 4950 0 1777797282 125714
4 1905 2933 0 1777797282 128502
6 1990 2797 0 1777797282 128512
3 1891 2990 0 1777797282 128540
0 1975 15167 0 1777797282 130877
6 1991 2364 0 1777797282 130887
4 1906 2502 0 1777797282 131015
3 1892 2567 0 1777797282 131108
0 1976 2018 0 1777797282 132907
4 1907 3634 0 1777797282 134650
6 1992 5395 0 1777797282 136300
3 1893 5413 0 1777797282 136523
4 1908 3643 0 1777797282 138295
0 1977 5573 0 1777797282 138482
3 1894 3285 0 1777797282 139809
6 1993 4832 0 1777797282 141135
2 1844 21323 0 1777797282 141226
4 1909 4012 0 1777797282 142310
3 1895 4869 0 1777797282 144685
6 1994 4192 0 1777797282 145329
3 1896 2018 0 1777797282 146705
4 1910 4502 0 1777797282 146815
6 1995 1727 0 1777797282 147063
4 1911 1687 0 1777797282 148504
0 1978 10943 0 1777797282 149426
1 1865 30153 0 1777797282 150075
3 1897 3938 0 1777797282 150645
6 1996 4462 0 1777797282 151527
0 1979 2696 0 1777797282 152126
3 1898 3812 0 1777797282 154459
6 1997 2937 0 1777797282 154467
2 1845 16151 0 1777797282 157378
1 1866 10267 0 1777797282 160344
4 1912 12059 0 1777797282 160566
5 1856 46949 0 1777797282 160915
3 1899 7682 0 1777797282 162149
1 1867 2477 0 1777797282 162825
6 1998 8376 0 1777797282 162856
5 1857 3564 0 1777797282 164481
2 1846 7267 0 1777797282 164648
4 1913 4780 0 1777797282 165347
0 1980 17774 0 1777797282 169902
2 1847 13353 0 1777797282 178003
4 1914 12663 0 1777797282 178012
1 1868 15234 0 1777797282 178061
5 1858 13622 0 1777797282 178105
0 1981 12078 0 1777797282 181987
3 1900 20703 0 1777797282 182854
2 1848 7376 0 1777797282 185391
6 1999 24227 0 1777797282 187084
4 1915 13678 0 1777797282 191702
3 1901 9015 0 1777797282 191870
0 1982 9946 0 1777797282 191934
6 2000 12909 0 1777797282 200001
3 1902 9560 0 1777797282 201431
5 1859 26478 0 1777797282 204584
0 1983 16628 0 1777797282 208563
1 1869 30701 0 1777797282 208763
3 1903 7340 0 1777797282 208780
2 1849 25130 0 1777797282 210527
5 1860 7238 0 1777797282 211823
4 1916 20840 0 1777797282 212545
3 1904 4833 0 1777797282 213614
0 1984 5503 0 1777797282 214068
1 1870 5697 0 1777797282 214461
6 2001 15664 0 1777797282 215675
2 1850 5405 0 1777797282 215940
4 1917 3699 0 1777797282 216246
5 1861 4430 0 1777797282 216254
0 1985 2816 0 1777797282 216889
3 1905 4492 0 1777797282 218115
1 1871 4157 0 1777797282 218621
1 1872 2259 0 1777797282 220882
3 1906 3709 0 1777797282 221826
6 2002 7034 0 1777797282 222714
5 1862 6842 0 1777797282 223107
0 1986 7343 0 1777797282 224234
6 2003 2451 0 1777797282 225168
3 1907 3800 0 1777797282 225638
0 1987 1862 0 1777797282 226104
5 1863 3439 0 1777797282 226547
1 1873 5889 0 1777797282 226776
3 1908 2940 0 1777797282 228581
1 1874 2915 0 1777797282 229693
6 2004 5261 0 1777797282 230435
1 1875 1406 0 1777797282 231103
1 1876 652 0 1777797282 231758
0 1988 5797 0 1777797282 231904
1 1877 3767 0 1777797282 235527
0 1989 3760 0 1777797282 235666
2 1851 20767 0 1777797282 236709
1 1878 1411 0 1777797282 236944
3 1909 8849 0 1777797282 237433
4 1918 21315 0 1777797282 237570
5 1864 12232 0 1777797282 238782
2 1852 2094 0 1777797282 238807
4 1919 2130 0 1777797282 239702
4 1920 911 0 1777797282 240615
4 1921 906 0 1777797282 241523
0 1990 7351 0 1777797282 243019
2 1853 4444 0 1777797282 243252
1 1879 7820 0 1777797282 244767
1 1880 2187 0 1777797282 246957
3 1910 9539 0 1777797282 246973
5 1865 8538 0 1777797282 247324
0 1991 4799 0 1777797282 247822
1 1881 2024 0 1777797282 248999
3 1911 3914 0 1777797282 250899
0 1992 3943 0 1777797282 251767
5 1866 5242 0 1777797282 252568
4 1922 13224 0 1777797282 254749
4 1923 2541 0 1777797282 257293
5 1867 4774 0 1777797282 257347
3 1912 6934 0 1777797282 257836
6 2005 27663 0 1777797282 258103
4 1924 3248 0 1777797282 260543
0 1993 10128 0 1777797282 261898
4 1925 1517 0 1777797282 262062
4 1926 3375 0 1777797282 265439
2 1854 24457 0 1777797282 267710
3 1913 13214 0 1777797282 271052
6 2006 12904 0 1777797282 271059
1 1882 23798 0 1777797282 272799
5 1868 16825 0 1777797282 274174
6 2007 3308 0 1777797282 274378
0 1994 12552 0 1777797282 274452
2 1855 9147 0 1777797282 276863
4 1927 11847 0 1777797282 277288
3 1914 6286 0 1777797282 277346
1 1883 6119 0 1777797282 278921
5 1869 6704 0 1777797282 280887
1 1884 2190 0 1777797282 281115
1 1885 1424 0 1777797282 282541
3 1915 5473 0 1777797282 282820
6 2008 8904 0 1777797282 283283
1 1886 793 0 1777797282 283336
3 1916 4669 0 1777797282 287491
2 1856 12506 0 1777797282 289372
4 1928 12194 0 1777797282 289484
6 2009 6258 0 1777797282 289543
1 1887 6225 0 1777797282 289562
0 1995 20588 0 1777797282 295042
5 1870 15906 0 1777797282 296795
1 1888 8457 0 1777797282 298020
3 1917 10537 0 1777797282 298030
6 2010 8784 0 1777797282 298329
3 1918 1422 0 1777797282 299463
1 1889 1452 0 1777797282 299483
6 2011 3320 0 1777797282 301650
5 1871 7069 0 1777797282 303866
0 1996 8873 0 1777797282 303917
1 1890 4636 0 1777797282 304120
0 1997 4089 0 1777797282 308008
3 1919 9149 0 1777797282 308614
1 1891 7913 0 1777797282 312035
4 1929 22808 0 1777797282 312295
6 2012 10746 0 1777797282 312400
0 1998 4581 0 1777797282 312592
4 1930 3168 0 1777797282 315465
0 1999 4308 0 1777797282 316902
4 1931 3870 0 1777797282 319339
2 1857 31498 0 1777797282 320880
5 1872 17424 0 1777797282 321296
5 1873 2260 0 1777797282 323559
3 1920 16181 0 1777797282 324798
0 2000 8194 0 1777797282 325102
2 1858 8754 0 1777797282 329636
4 1932 10908 0 1777797282 330251
0 2001 7215 0 1777797282 332319
6 2013 25548 0 1777797282 337951
1 1892 26135 0 1777797282 338175
4 1933 11143 0 1777797282 341399
0 2002 9355 0 1777797282 341676
2 1859 12449 0 1777797282 342087
0 2003 3783 0 1777797282 345462
6 2014 7520 0 1777797282 345474
0 2004 1206 0 1777797282 346681
0 2005 5694 0 1777797282 352379
6 2015 8903 0 1777797282 354390
1 1893 16532 0 1777797282 354709
3 1921 32010 0 1777797282 356811
1 1894 5234 0 1777797282 359947
3 1922 3403 0 1777797282 360222
6 2016 6567 0 1777797282 360960
5 1874 38037 0 1777797282 361598
4 1934 23060 0 1777797282 364462
3 1923 6803 0 1777797282 367026
4 1935 4069 0 1777797282 368540
1 1895 10645 0 1777797282 370595
6 2017 10177 0 1777797282 371140
1 1896 2655 0 1777797282 373253
6 2018 2688 0 1777797282 373830
1 1897 2777 0 1777797282 376033
6 2019 2369 0 1777797282 376201
0 2006 24371 0 1777797282 376770
3 1924 11568 0 1777797282 378597
4 1936 10806 0 1777797282 379348
4 1937 1227 0 1777797282 380577
0 2007 4743 0 1777797282 381519
6 2020 6263 0 1777797282 382468
4 1938 2124 0 1777797282 382703
1 1898 7547 0 1777797282 383582
4 1939 1944 0 1777797282 384648
2 1860 43538 0 1777797282 385627
0 2008 4620 0 1777797282 386146
4 1940 1907 0 1777797282 386558
2 1861 3635 0 1777797282 389268
6 2021 8310 0 1777797282 390781
4 1941 4471 0 1777797282 391034
0 2009 6745 0 1777797282 392897
2 1862 10896 0 1777797282 400168
4 1942 9774 0 1777797282 400810
0 2010 7919 0 1777797282 400827
5 1875 45210 0 1777797282 406815
0 2011 6073 0 1777797282 406901
1 1899 24368 0 1777797282 407954
6 2022 17337 0 1777797282 408122
4 1943 9841 0 1777797282 410653
2 1863 11025 0 1777797282 411197
5 1876 5363 0 1777797282 412181
3 1925 33599 0 1777797282 412203
0 2012 5348 0 1777797282 412252
4 1944 2548 0 1777797282 413215
1 1900 6010 0 1777797282 413967
2 1864 6949 0 1777797282 418147
5 1877 8560 0 1777797282 420743
1 1901 6814 0 1777797282 420784
6 2023 13451 0 1777797282 421575
0 2013 9346 0 1777797282 421600
3 1926 9389 0 1777797282 421607
4 1945 9447 0 1777797282 422664
2 1865 4591 0 1777797282 422743
0 2014 2543 0 1777797282 424152
5 1878 8759 0 1777797282 429513
4 1946 7083 0 1777797282 429749
6 2024 8330 0 1777797282 429907
2 1866 7370 0 1777797282 430118
3 1927 8575 0 1777797282 430192
0 2015 7339 0 1777797282 431496
5 1879 3510 0 1777797282 433025
3 1928 5764 0 1777797282 435957
0 2016 4492 0 1777797282 435990
4 1947 7987 0 1777797282 437737
2 1867 8492 0 1777797282 438611
6 2025 9663 0 1777797282 439571
0 2017 3924 0 1777797282 439990
5 1880 7805 0 1777797282 440832
2 1868 2805 0 1777797282 441421
3 1929 5770 0 1777797282 441731
4 1948 7298 0 1777797282 445036
6 2026 5504 0 1777797282 445080
1 1902 24312 0 1777797282 445097
0 2018 5716 0 1777797282 445708
5 1881 11145 0 1777797282 451980
0 2019 6295 0 1777797282 452006
3 1930 10292 0 1777797282 452026
6 2027 6992 0 1777797282 452073
1 1903 7418 0 1777797282 452516
2 1869 11112 0 1777797282 452535
4 1949 8136 0 1777797282 453174
3 1931 5766 0 1777797282 457793
5 1882 9422 0 1777797282 461405
0 2020 9818 0 1777797282 461825
1 1904 9555 0 1777797282 462073
6 2028 10838 0 1777797282 462912
6 2029 2937 0 1777797282 465852
5 1883 6120 0 1777797282 467539
1 1905 6633 0 1777797282 468708
0 2021 9579 0 1777797282 471407
6 2030 6728 0 1777797282 472585
1 1906 4442 0 1777797282 473153
5 1884 6347 0 1777797282 473889
4 1950 20819 0 1777797282 473995
2 1870 26508 0 1777797282 479044
3 1932 21287 0 1777797282 479082
4 1951 5927 0 1777797282 479924
1 1907 8358 0 1777797282 481514
3 1933 2864 0 1777797282 481947
0 2022 10564 0 1777797282 481974
5 1885 8277 0 1777797282 482168
2 1871 3729 0 1777797282 482778
0 2023 1486 0 1777797282 483461
4 1952 5513 0 1777797282 485439
6 2031 13456 0 1777797282 486042
1 1908 4555 0 1777797282 486071
3 1934 5526 0 1777797282 487476
0 2024 4407 0 1777797282 487873
4 1953 2431 0 1777797282 487878
1 1909 4767 0 1777797282 490841
6 2032 7464 0 1777797282 493508
1 1910 3933 0 1777797282 494776
0 2025 9044 0 1777797282 496922
4 1954 10013 0 1777797282 497899
5 1886 19625 0 1777797282 501794
0 2026 5241 0 1777797282 502174
3 1935 16756 0 1777797282 504234
4 1955 7283 0 1777797282 505184
6 2033 11781 0 1777797282 505293
2 1872 23962 0 1777797282 506743
0 2027 5019 0 1777797282 507195
1 1911 14876 0 1777797282 509655
2 1873 5096 0 1777797282 511842
6 2034 6751 0 1777797282 512045
4 1956 7881 0 1777797282 513072
0 2028 6210 0 1777797282 513407
5 1887 11634 0 1777797282 513432
0 2029 6331 0 1777797282 519742
2 1874 8311 0 1777797282 520157
1 1912 10865 0 1777797282 520523
4 1957 7543 0 1777797282 520620
6 2035 8579 0 1777797282 520626
5 1888 7217 0 1777797282 520650
1 1913 9110 0 1777797282 529636
3 1936 25405 0 1777797282 529643
6 2036 11351 0 1777797282 531986
4 1958 11432 0 1777797282 532058
0 2030 12441 0 1777797282 532184
2 1875 12091 0 1777797282 532252
1 1914 7639 0 1777797282 537284
4 1959 5305 0 1777797282 537365
0 2031 5591 0 1777797282 537787
3 1937 9164 0 1777797282 538817
2 1876 8204 0 1777797282 540458
6 2037 9252 0 1777797282 541246
0 2032 7096 0 1777797282 544890
6 2038 5200 0 1777797282 546449
0 2033 1804 0 1777797282 546696
3 1938 9112 0 1777797282 547935
5 1889 28414 0 1777797282 549065
1 1915 14417 0 1777797282 551704
3 1939 4269 0 1777797282 552206
0 2034 7235 0 1777797282 553933
4 1960 17587 0 1777797282 554953
6 2039 9558 0 1777797282 556012
5 1890 7227 0 1777797282 556296
3 1940 4576 0 1777797282 556787
4 1961 3790 0 1777797282 558745
6 2040 4517 0 1777797282 560536
5 1891 4316 0 1777797282 560613
1 1916 9041 0 1777797282 560751
3 1941 5915 0 1777797282 562703
6 2041 2167 0 1777797282 562714
3 1942 2097 0 1777797282 564812
5 1892 5125 0 1777797282 565739
4 1962 7948 0 1777797282 566695
3 1943 5911 0 1777797282 570726
4 1963 6377 0 1777797282 573074
6 2042 14686 0 1777797282 577412
3 1944 7846 0 1777797282 578576
4 1964 7238 0 1777797282 580316
5 1893 15079 0 1777797282 580820
2 1877 42419 0 1777797282 582880
5 1894 3159 0 1777797282 583981
0 2035 33138 0 1777797282 587073
6 2043 11680 0 1777797282 589100
5 1895 7363 0 1777797282 591346
3 1945 12823 0 1777797282 591403
0 2036 5396 0 1777797282 592471
4 1965 16562 0 1777797282 596883
5 1896 5655 0 1777797282 597005
2 1878 14155 0 1777797282 597038
2 1879 1347 0 1777797282 598386
4 1966 1507 0 1777797282 598393
2 1880 1174 0 1777797282 599569
5 1897 2952 0 1777797282 599959
4 1967 2021 0 1777797282 600425
2 1881 1907 0 1777797282 601478
4 1968 1072 0 1777797282 601498
2 1882 4070 0 1777797282 605551
3 1946 17801 0 1777797282 609206
2 1883 4018 0 1777797282 609614
0 2037 19277 0 1777797282 611750
1 1917 54083 0 1777797282 614835
0 2038 3710 0 1777797282 615466
0 2039 2928 0 1777797282 618397
2 1884 11292 0 1777797282 620908
4 1969 20598 0 1777797282 622097
0 2040 6125 0 1777797282 624525
5 1898 24663 0 1777797282 624625
3 1947 16150 0 1777797282 625361
1 1918 10949 0 1777797282 625796
5 1899 5963 0 1777797282 630589
0 2041 6241 0 1777797282 630775
2 1885 10430 0 1777797282 631343
4 1970 9322 0 1777797282 631429
6 2044 42403 0 1777797282 631506
1 1919 7054 0 1777797282 632853
4 1971 3427 0 1777797282 634857
4 1972 2696 0 1777797282 637556
5 1900 9601 0 1777797282 640193
4 1973 3760 0 1777797282 641324
5 1901 1584 0 1777797282 641779
1 1920 12519 0 1777797282 645373
3 1948 22900 0 1777797282 648265
5 1902 6549 0 1777797282 648332
6 2045 18142 0 1777797282 649649
3 1949 1641 0 1777797282 649908
0 2042 19209 0 1777797282 649986
1 1921 6377 0 1777797282 651755
5 1903 5882 0 1777797282 654215
3 1950 6828 0 1777797282 656739
6 2046 8429 0 1777797282 658085
0 2043 8593 0 1777797282 658580
1 1922 7830 0 1777797282 659588
5 1904 6111 0 1777797282 660328
3 1951 4126 0 1777797282 660867
4 1974 21139 0 1777797282 662465
1 1923 4127 0 1777797282 663718
6 2047 6918 0 1777797282 665014
5 1905 9546 0 1777797282 669878
3 1952 10496 0 1777797282 671366
6 2048 7939 0 1777797282 672957
3 1953 2482 0 1777797282 673851
0 2044 18287 0 1777797282 676869
2 1886 45531 0 1777797282 676877
6 2049 6823 0 1777797282 679783
2 1887 2923 0 1777797282 679812
4 1975 17527 0 1777797282 680000
0 2045 3742 0 1777797282 680621
5 1906 14343 0 1777797282 684225
2 1888 4775 0 1777797282 684588
0 2046 6082 0 1777797282 686709
2 1889 3192 0 1777797282 687782
1 1924 24281 0 1777797282 688001
0 2047 3313 0 1777797282 690025
4 1976 11608 0 1777797282 691610
1 1925 3800 0 1777797282 691803
0 2048 3392 0 1777797282 693421
6 2050 13928 0 1777797282 693715
3 1954 20080 0 1777797282 693932
5 1907 11431 0 1777797282 695659
1 1926 4219 0 1777797282 696024
4 1977 5674 0 1777797282 697286
1 1927 4011 0 1777797282 700037
2 1890 12258 0 1777797282 700044
3 1955 6398 0 1777797282 700331
6 2051 6979 0 1777797282 700695
0 2049 7913 0 1777797282 701336
4 1978 4640 0 1777797282 701929
0 2050 1468 0 1777797282 702807
1 1928 4261 0 1777797282 704307
3 1956 5105 0 1777797282 705438
1 1929 3119 0 1777797282 707428
4 1979 5894 0 1777797282 707825
6 2052 7718 0 1777797282 708416
3 1957 6127 0 1777797282 711570
0 2051 9596 0 1777797282 712405
6 2053 5032 0 1777797282 713450
0 2052 2617 0 1777797282 715025
1 1930 7612 0 1777797282 715043
4 1980 8229 0 1777797282 716056
3 1958 5912 0 1777797282 717485
2 1891 19546 0 1777797282 719601
2 1892 1853 0 1777797282 721458
0 2053 8204 0 1777797282 723231
2 1893 1780 0 1777797282 723240
3 1959 6675 0 1777797282 724161
0 2054 2564 0 1777797282 725807
6 2054 13360 0 1777797282 726812
0 2055 1883 0 1777797282 727693
2 1894 4667 0 1777797282 727943
3 1960 5179 0 1777797282 729344
0 2056 1934 0 1777797282 729630
5 1908 35692 0 1777797282 731354
6 2055 4548 0 1777797282 731363
6 2056 1448 0 1777797282 732823
2 1895 8366 0 1777797282 736311
1 1931 21597 0 1777797282 736641
4 1981 21434 0 1777797282 737493
0 2057 8378 0 1777797282 738010
4 1982 1224 0 1777797282 738723
0 2058 2712 0 1777797282 740724
1 1932 4764 0 1777797282 741408
5 1909 10765 0 1777797282 742129
1 1933 1626 0 1777797282 743037
3 1961 14211 0 1777797282 743564
1 1934 2818 0 1777797282 745857
2 1896 12709 0 1777797282 749024
5 1910 7140 0 1777797282 749270
0 2059 9692 0 1777797282 750419
1 1935 6724 0 1777797282 752583
2 1897 4796 0 1777797282 753822
6 2057 22354 0 1777797282 755179
0 2060 4817 0 1777797282 755244
4 1983 17866 0 1777797282 756594
1 1936 4318 0 1777797282 756905
5 1911 9107 0 1777797282 758379
1 1937 1838 0 1777797282 758745
1 1938 3629 0 1777797282 762376
0 2061 8440 0 1777797282 763685
6 2058 9177 0 1777797282 764358
5 1912 7079 0 1777797282 765460
6 2059 1340 0 1777797282 765704
6 2060 1485 0 1777797282 767191
1 1939 5999 0 1777797282 768381
1 1940 1609 0 1777797282 770056
2 1898 17715 0 1777797282 771541
0 2062 8566 0 1777797282 772260
6 2061 5263 0 1777797282 772458
2 1899 1580 0 1777797282 773126
3 1962 30409 0 1777797282 773975
1 1941 17840 0 1777797282 787900
4 1984 32447 0 1777797282 789044
3 1963 15101 0 1777797282 789077
5 1913 23635 0 1777797282 789098
0 2063 17376 0 1777797282 789639
2 1900 16801 0 1777797282 789931
1 1942 2303 0 1777797282 790213
2 1901 5294 0 1777797282 795229
6 2062 22995 0 1777797282 795457
0 2064 6200 0 1777797282 795841
5 1914 6761 0 1777797282 795860
3 1964 6796 0 1777797282 795875
4 1985 11123 0 1777797282 800169
1 1943 10063 0 1777797282 800279
6 2063 8369 0 1777797282 803827
0 2065 8009 0 1777797282 803852
3 1965 7984 0 1777797282 803860
5 1915 8005 0 1777797282 803866
2 1902 13874 0 1777797282 809105
1 1944 8887 0 1777797282 809167
4 1986 10041 0 1777797282 810213
6 2064 6504 0 1777797282 810333
5 1916 7913 0 1777797282 811796
0 2066 9395 0 1777797282 813262
3 1966 13695 0 1777797282 817571
6 2065 7261 0 1777797282 817596
5 1917 7847 0 1777797282 819645
4 1987 10008 0 1777797282 820229
0 2067 7153 0 1777797282 820418
3 1967 3377 0 1777797282 820975
6 2066 6387 0 1777797282 824005
2 1903 15402 0 1777797282 824509
4 1988 8775 0 1777797282 829009
3 1968 8137 0 1777797282 829114
0 2068 9219 0 1777797282 829638
1 1945 20499 0 1777797282 829668
5 1918 10129 0 1777797282 829776
2 1904 5290 0 1777797282 829802
6 2067 6308 0 1777797282 830316
4 1989 3666 0 1777797282 832677
5 1919 8315 0 1777797282 838093
2 1905 8451 0 1777797282 838254
3 1969 9144 0 1777797282 838260
4 1990 5587 0 1777797282 838266
6 2068 7956 0 1777797282 838273
1 1946 8897 0 1777797282 838566
0 2069 12303 0 1777797282 841943
6 2069 4105 0 1777797282 842405
5 1920 4831 0 1777797282 842925
0 2070 4904 0 1777797282 846859
2 1906 10674 0 1777797282 848947
1 1947 10470 0 1777797282 849038
6 2070 8972 0 1777797282 851379
3 1970 14768 0 1777797282 853052
4 1991 14787 0 1777797282 853079
5 1921 11486 0 1777797282 854413
0 2071 7707 0 1777797282 854568
1 1948 7657 0 1777797282 856706
4 1992 3728 0 1777797282 856829
6 2071 6421 0 1777797282 857811
3 1971 4756 0 1777797282 857836
0 2072 8774 0 1777797282 863344
5 1922 8941 0 1777797282 863356
1 1949 7431 0 1777797282 864147
3 1972 6334 0 1777797282 864171
4 1993 7565 0 1777797282 864395
6 2072 6596 0 1777797282 864412
2 1907 15776 0 1777797282 864727
0 2073 2660 0 1777797282 866017
5 1923 3264 0 1777797282 866633
3 1973 5249 0 1777797282 869421
6 2073 6805 0 1777797282 871217
4 1994 7288 0 1777797282 871684
1 1950 9818 0 1777797282 873967
0 2074 12092 0 1777797282 878117
2 1908 13391 0 1777797282 878121
5 1924 11490 0 1777797282 878125
3 1974 9848 0 1777797282 879271
6 2074 8897 0 1777797282 880121
4 1995 11670 0 1777797282 883364
2 1909 5263 0 1777797282 883395
1 1951 12512 0 1777797282 886489
6 2075 6372 0 1777797282 886495
5 1925 10420 0 1777797282 888557
4 1996 6897 0 1777797282 890264
0 2075 12407 0 1777797282 890532
3 1975 15823 0 1777797282 895096
2 1910 12203 0 1777797282 895599
6 2076 9136 0 1777797282 895640
5 1926 8035 0 1777797282 896594
1 1952 10819 0 1777797282 897314
0 2076 6844 0 1777797282 897379
6 2077 8198 0 1777797282 903839
2 1911 8399 0 1777797282 904002
3 1976 8910 0 1777797282 904008
5 1927 7417 0 1777797282 904012
4 1997 13771 0 1777797282 904039
0 2077 7793 0 1777797282 905174
3 1977 4554 0 1777797282 908575
1 1953 13408 0 1777797282 910724
3 1978 6048 0 1777797282 914625
5 1928 11221 0 1777797282 915249
6 2078 11952 0 1777797282 915796
0 2078 11184 0 1777797282 916360
1 1954 6553 0 1777797282 917279
4 1998 17202 0 1777797282 921242
6 2079 5535 0 1777797282 921337
5 1929 7978 0 1777797282 923229
1 1955 7774 0 1777797282 925055
3 1979 11738 0 1777797282 926371
5 1930 3141 0 1777797282 926376
0 2079 12498 0 1777797282 928862
6 2080 9242 0 1777797282 930580
4 1999 10100 0 1777797282 931350
2 1912 28125 0 1777797282 932138
2 1913 4705 0 1777797282 936846
1 1956 13743 0 1777797282 938803
2 1914 4162 0 1777797282 941012
6 2081 17327 0 1777797282 947911
2 1915 8722 0 1777797282 949738
1 1957 13682 0 1777797282 952487
5 1931 28565 0 1777797282 954947
1 1958 5595 0 1777797282 958137
5 1932 3201 0 1777797282 958150
3 1980 37853 0 1777797282 964229
6 2082 16392 0 1777797282 964308
1 1959 6231 0 1777797282 964382
5 1933 6857 0 1777797282 965020
2 1916 15465 0 1777797282 965206
5 1934 2838 0 1777797282 967866
6 2083 6752 0 1777797282 971062
2 1917 7360 0 1777797282 972569
1 1960 9075 0 1777797282 973459
6 2084 4904 0 1777797282 975971
1 1961 3831 0 1777797282 977293
2 1918 5899 0 1777797282 978475
0 2080 49641 0 1777797282 978509
1 1962 2946 0 1777797282 980242
5 1935 12543 0 1777797282 980412
4 2000 49224 0 1777797282 980576
0 2081 10320 0 1777797282 988830
6 2085 12970 0 1777797282 988946
1 1963 8742 0 1777797282 988986
4 2001 8429 0 1777797282 989007
5 1936 10948 0 1777797282 991362
2 1919 15018 0 1777797282 993502
1 1964 4866 0 1777797282 993854
6 2086 5253 0 1777797282 994201
0 2082 6538 0 1777797282 995372
6 2087 4432 0 1777797282 998636
0 2083 3698 0 1777797282 999082
1 1965 6475 0 1777797283 332
2 1920 8419 0 1777797283 1927
5 1937 12271 0 1777797283 3637
1 1966 7901 0 1777797283 8234
5 1938 4610 0 1777797283 8255
6 2088 9627 0 1777797283 8267
2 1921 7669 0 1777797283 9599
1 1967 6557 0 1777797283 14825
6 2089 6773 0 1777797283 15069
0 2084 21640 0 1777797283 20726
5 1939 12450 0 1777797283 20732
4 2002 36532 0 1777797283 25540
0 2085 10602 0 1777797283 31334
6 2090 16412 0 1777797283 31484
1 1968 17417 0 1777797283 32245
0 2086 5769 0 1777797283 37117
3 1981 72950 0 1777797283 37180
2 1922 27721 0 1777797283 37328
5 1940 17118 0 1777797283 37861
4 2003 13643 0 1777797283 39185
2 1923 2355 0 1777797283 39685
2 1924 1704 0 1777797283 41391
1 1969 14555 0 1777797283 46802
0 2087 9706 0 1777797283 46826
5 1941 8976 0 1777797283 46840
3 1982 10375 0 1777797283 47557
6 2091 17127 0 1777797283 48613
2 1925 7360 0 1777797283 48754
4 2004 9620 0 1777797283 48807
1 1970 7540 0 1777797283 54344
3 1983 6876 0 1777797283 54435
5 1942 7644 0 1777797283 54485
0 2088 8576 0 1777797283 55403
6 2092 6866 0 1777797283 55487
4 2005 9277 0 1777797283 58087
2 1926 9623 0 1777797283 58378
3 1984 4239 0 1777797283 58675
5 1943 4205 0 1777797283 58691
1 1971 4377 0 1777797283 58725
0 2089 7805 0 1777797283 63211
4 2006 5132 0 1777797283 63221
6 2093 11018 0 1777797283 66506
0 2090 8767 0 1777797283 71989
1 1972 13268 0 1777797283 71994
3 1985 15070 0 1777797283 73747
4 2007 10553 0 1777797283 73790
5 1944 15117 0 1777797283 73809
2 1927 15482 0 1777797283 73861
0 2091 10165 0 1777797283 82159
1 1973 10163 0 1777797283 82163
6 2094 15789 0 1777797283 82298
2 1928 19823 0 1777797283 93686
4 2008 20752 0 1777797283 94573
5 1945 20752 0 1777797283 94582
3 1986 20808 0 1777797283 94619
1 1974 22723 0 1777797283 104893
0 2092 22879 0 1777797283 105043
2 1929 11360 0 1777797283 105049
6 2095 23000 0 1777797283 105299
4 2009 10735 0 1777797283 105318
5 1946 11675 0 1777797283 106270
3 1987 15087 0 1777797283 109708
1 1975 7388 0 1777797283 112283
0 2093 8946 0 1777797283 113997
2 1930 12796 0 1777797283 117855
4 2010 12553 0 1777797283 117872
3 1988 8206 0 1777797283 117917
6 2096 12626 0 1777797283 117927
5 1947 11831 0 1777797283 118108
1 1976 6298 0 1777797283 118583
4 2011 6452 0 1777797283 124339
0 2094 10381 0 1777797283 124384
3 1989 8120 0 1777797283 126048
1 1977 7523 0 1777797283 126107
5 1948 8009 0 1777797283 126118
0 2095 5399 0 1777797283 129784
4 2012 11148 0 1777797283 135489
5 1949 9395 0 1777797283 135525
6 2097 17580 0 1777797283 135532
2 1931 17696 0 1777797283 135569
0 2096 8969 0 1777797283 138755
3 1990 12739 0 1777797283 138789
1 1978 18704 0 1777797283 144823
4 2013 9296 0 1777797283 144830
5 1950 9585 0 1777797283 145131
2 1932 12392 0 1777797283 147962
3 1991 9204 0 1777797283 147994
6 2098 13730 0 1777797283 149283
0 2097 10555 0 1777797283 149313
4 2014 4826 0 1777797283 149673
1 1979 8163 0 1777797283 152994
3 1992 6971 0 1777797283 154966
2 1933 7200 0 1777797283 155165
5 1951 10269 0 1777797283 155401
4 2015 11077 0 1777797283 160752
6 2099 11475 0 1777797283 160760
2 1934 5835 0 1777797283 161001
5 1952 5605 0 1777797283 161008
3 1993 6443 0 1777797283 161417
4 2016 4021 0 1777797283 164783
0 2098 15685 0 1777797283 165000
1 1980 13182 0 1777797283 166189
4 2017 2909 0 1777797283 167694
3 1994 7796 0 1777797283 169214
4 2018 3713 0 1777797283 171418
5 1953 10673 0 1777797283 171778
3 1995 3565 0 1777797283 172784
4 2019 1768 0 1777797283 173189
0 2099 8346 0 1777797283 173347
1 1981 12914 0 1777797283 179107
2 1935 18036 0 1777797283 179116
6 2100 18371 0 1777797283 179141
0 2100 8329 0 1777797283 181677
1 1982 4015 0 1777797283 183132
1 1983 1029 0 1777797283 184165
1 1984 2857 0 1777797283 187024
3 1996 14663 0 1777797283 187449
4 2020 15789 0 1777797283 188981
6 2101 10206 0 1777797283 189348
0 2101 10759 0 1777797283 192439
4 2021 3502 0 1777797283 192485
6 2102 4497 0 1777797283 193846
5 1954 22299 0 1777797283 194079
6 2103 3224 0 1777797283 197071
5 1955 3017 0 1777797283 197098
1 1985 11556 0 1777797283 198591
3 1997 11891 0 1777797283 199342
0 2102 6909 0 1777797283 199361
1 1986 1921 0 1777797283 200516
3 1998 1406 0 1777797283 200751
0 2103 1572 0 1777797283 200934
4 2022 11255 0 1777797283 203743
1 1987 3846 0 1777797283 204364
3 1999 4597 0 1777797283 205349
0 2104 7151 0 1777797283 208086
6 2104 11069 0 1777797283 208145
5 1956 12011 0 1777797283 209110
4 2023 5975 0 1777797283 209721
1 1988 6928 0 1777797283 211302
2 1936 32288 0 1777797283 211414
5 1957 3374 0 1777797283 212486
3 2000 8772 0 1777797283 214126
4 2024 5504 0 1777797283 215228
0 2105 7402 0 1777797283 215549
5 1958 4498 0 1777797283 216987
6 2105 9449 0 1777797283 217737
1 1989 6492 0 1777797283 217799
3 2001 3678 0 1777797283 217806
4 2025 3199 0 1777797283 218430
2 1937 12540 0 1777797283 223956
0 2106 8424 0 1777797283 223976
6 2106 6244 0 1777797283 223983
1 1990 7217 0 1777797283 225024
3 2002 7307 0 1777797283 225130
4 2026 6945 0 1777797283 225377
0 2107 5036 0 1777797283 229020
4 2027 5941 0 1777797283 231321
0 2108 4071 0 1777797283 233094
4 2028 3207 0 1777797283 234532
2 1938 10896 0 1777797283 234854
1 1991 10340 0 1777797283 235367
3 2003 10328 0 1777797283 235463
6 2107 11986 0 1777797283 235988
3 2004 1103 0 1777797283 236567
1 1992 2502 0 1777797283 237871
2 1939 3023 0 1777797283 237880
0 2109 7541 0 1777797283 240638
1 1993 6443 0 1777797283 244326
0 2110 5131 0 1777797283 245777
2 1940 9569 0 1777797283 247471
3 2005 11482 0 1777797283 248051
2 1941 1608 0 1777797283 249081
0 2111 4048 0 1777797283 249827
0 2112 2605 0 1777797283 252434
6 2108 16452 0 1777797283 252442
1 1994 8173 0 1777797283 252501
0 2113 2034 0 1777797283 254477
0 2114 1655 0 1777797283 256135
5 1959 39710 0 1777797283 256699
0 2115 2622 0 1777797283 258763
1 1995 12673 0 1777797283 265175
5 1960 8501 0 1777797283 265202
0 2116 7141 0 1777797283 265908
0 2117 1916 0 1777797283 267826
0 2118 2856 0 1777797283 270688
6 2109 21732 0 1777797283 274200
6 2110 2542 0 1777797283 276745
0 2119 6220 0 1777797283 276911
1 1996 13928 0 1777797283 279110
2 1942 32890 0 1777797283 281973
4 2029 47508 0 1777797283 282042
3 2006 34253 0 1777797283 282307
6 2111 5586 0 1777797283 282332
0 2120 7249 0 1777797283 284163
5 1961 18968 0 1777797283 284170
1 1997 6471 0 1777797283 285584
2 1943 6006 0 1777797283 287982
3 2007 5685 0 1777797283 287993
4 2030 7799 0 1777797283 289843
6 2112 11081 0 1777797283 293415
1 1998 7958 0 1777797283 293544
0 2121 9457 0 1777797283 293627
4 2031 6752 0 1777797283 296605
2 1944 13475 0 1777797283 301469
3 2008 13457 0 1777797283 301478
6 2113 8853 0 1777797283 302280
5 1962 18351 0 1777797283 302541
0 2122 11043 0 1777797283 304671
1 1999 11186 0 1777797283 304731
4 2032 8643 0 1777797283 305249
3 2009 11363 0 1777797283 312854
4 2033 7781 0 1777797283 313032
5 1963 10840 0 1777797283 313383
0 2123 14281 0 1777797283 318965
1 2000 14555 0 1777797283 319287
2 1945 18152 0 1777797283 319632
3 2010 6843 0 1777797283 319700
5 1964 6321 0 1777797283 319705
6 2114 19379 0 1777797283 321662
0 2124 5262 0 1777797283 324238
2 1946 4614 0 1777797283 324247
4 2034 11221 0 1777797283 324255
6 2115 6167 0 1777797283 327831
1 2001 9292 0 1777797283 328580
3 2011 11626 0 1777797283 331332
5 1965 11700 0 1777797283 331414
4 2035 11310 0 1777797283 335588
1 2002 7748 0 1777797283 336329
0 2125 12124 0 1777797283 336380
6 2116 10041 0 1777797283 337873
3 2012 8876 0 1777797283 340270
2 1947 16385 0 1777797283 340653
4 2036 6400 0 1777797283 341999
5 1966 10614 0 1777797283 342029
1 2003 8890 0 1777797283 345221
6 2117 8294 0 1777797283 346175
0 2126 10318 0 1777797283 346699
3 2013 7506 0 1777797283 347786
2 1948 7684 0 1777797283 348339
3 2014 9501 0 1777797283 357291
1 2004 12106 0 1777797283 357330
4 2037 15779 0 1777797283 357780
6 2118 11638 0 1777797283 357815
0 2127 11137 0 1777797283 357838
5 1967 15883 0 1777797283 357913
2 1949 12039 0 1777797283 360382
4 2038 15173 0 1777797283 372955
2 1950 12631 0 1777797283 373015
6 2119 15215 0 1777797283 373031
0 2128 15598 0 1777797283 373437
3 2015 16895 0 1777797283 374189
1 2005 22207 0 1777797283 379539
4 2039 6645 0 1777797283 379602
2 1951 7349 0 1777797283 380365
5 1968 23973 0 1777797283 381888
1 2006 5541 0 1777797283 385082
4 2040 5483 0 1777797283 385097
0 2129 11754 0 1777797283 385193
2 1952 5364 0 1777797283 385731
3 2016 11656 0 1777797283 385847
6 2120 13234 0 1777797283 386266
3 2017 6517 0 1777797283 392366
0 2130 7337 0 1777797283 392531
4 2041 10187 0 1777797283 395318
6 2121 9058 0 1777797283 395328
5 1969 14434 0 1777797283 396335
1 2007 11326 0 1777797283 396425
2 1953 10794 0 1777797283 396530
0 2131 6538 0 1777797283 399070
3 2018 11345 0 1777797283 403715
4 2042 9623 0 1777797283 404952
5 1970 8678 0 1777797283 405016
1 2008 8915 0 1777797283 405342
6 2122 10183 0 1777797283 405540
3 2019 1872 0 1777797283 405594
0 2132 8322 0 1777797283 407394
2 1954 10897 0 1777797283 407428
1 2009 2116 0 1777797283 407459
3 2020 2312 0 1777797283 407907
6 2123 2374 0 1777797283 407916
0 2133 3079 0 1777797283 410508
5 1971 5951 0 1777797283 410968
6 2124 4361 0 1777797283 412286
1 2010 5403 0 1777797283 412863
0 2134 4866 0 1777797283 415380
2 1955 8644 0 1777797283 416086
3 2021 12499 0 1777797283 420416
2 1956 7564 0 1777797283 423655
0 2135 8373 0 1777797283 423755
1 2011 11269 0 1777797283 424134
5 1972 13198 0 1777797283 424170
4 2043 19359 0 1777797283 424317
6 2125 12198 0 1777797283 424486
3 2022 6180 0 1777797283 426600
3 2023 1365 0 1777797283 427967
3 2024 1862 0 1777797283 429831
1 2012 6235 0 1777797283 430407
2 1957 10234 0 1777797283 433892
1 2013 6311 0 1777797283 436722
3 2025 7472 0 1777797283 437306
2 1958 4350 0 1777797283 438244
3 2026 942 0 1777797283 438254
4 2044 14411 0 1777797283 438730
1 2014 2172 0 1777797283 438900
0 2136 17559 0 1777797283 441316
3 2027 4776 0 1777797283 443043
2 1959 4935 0 1777797283 443190
1 2015 5535 0 1777797283 444437
2 1960 2508 0 1777797283 445700
2 1961 1150 0 1777797283 446853
1 2016 3160 0 1777797283 447604
0 2137 7510 0 1777797283 448828
3 2028 5788 0 1777797283 448837
4 2045 10126 0 1777797283 448858
4 2046 4455 0 1777797283 453345
3 2029 4649 0 1777797283 453526
2 1962 9231 0 1777797283 456087
4 2047 2957 0 1777797283 456305
6 2126 32319 0 1777797283 456806
1 2017 10493 0 1777797283 458102
3 2030 6495 0 1777797283 460023
2 1963 4472 0 1777797283 460563
4 2048 4601 0 1777797283 460908
6 2127 5373 0 1777797283 462182
2 1964 1993 0 1777797283 462560
1 2018 4786 0 1777797283 462891
3 2031 2975 0 1777797283 463001
6 2128 1108 0 1777797283 463292
4 2049 2976 0 1777797283 463885
1 2019 1612 0 1777797283 464506
0 2138 15940 0 1777797283 464799
1 2020 1112 0 1777797283 465622
1 2021 4101 0 1777797283 469727
0 2139 8009 0 1777797283 472810
5 1973 50081 0 1777797283 474274
5 1974 2152 0 1777797283 476429
1 2022 6824 0 1777797283 476558
4 2050 12892 0 1777797283 476778
1 2023 719 0 1777797283 477279
1 2024 876 0 1777797283 478157
5 1975 3202 0 1777797283 479633
3 2032 17799 0 1777797283 480802
3 2033 1017 0 1777797283 481820
4 2051 5411 0 1777797283 482190
2 1965 19774 0 1777797283 482337
1 2025 4195 0 1777797283 482355
3 2034 1059 0 1777797283 482881
6 2129 20126 0 1777797283 483421
3 2035 3935 0 1777797283 486820
2 1966 8901 0 1777797283 491239
1 2026 9415 0 1777797283 491771
5 1976 12997 0 1777797283 492634
1 2027 2512 0 1777797283 494349
2 1967 3936 0 1777797283 495180
2 1968 1625 0 1777797283 496814
3 2036 11690 0 1777797283 498516
6 2130 15387 0 1777797283 498810
0 2140 26776 0 1777797283 499589
6 2131 1472 0 1777797283 500284
0 2141 1572 0 1777797283 501163
3 2037 2871 0 1777797283 501390
4 2052 20475 0 1777797283 502668
3 2038 4257 0 1777797283 505649
4 2053 3119 0 1777797283 505791
6 2132 6376 0 1777797283 506664
0 2142 5894 0 1777797283 507064
6 2133 818 0 1777797283 507484
3 2039 2072 0 1777797283 507727
6 2134 2134 0 1777797283 509622
3 2040 3364 0 1777797283 511092
3 2041 1350 0 1777797283 512450
6 2135 4808 0 1777797283 514437
2 1969 18162 0 1777797283 514978
3 2042 3309 0 1777797283 515761
2 1970 1331 0 1777797283 516311
3 2043 1564 0 1777797283 517333
1 2028 25801 0 1777797283 520165
3 2044 2857 0 1777797283 520198
2 1971 6158 0 1777797283 522472
1 2029 4224 0 1777797283 524395
3 2045 5797 0 1777797283 525996
2 1972 5215 0 1777797283 527689
2 1973 1576 0 1777797283 529268
0 2143 22648 0 1777797283 529716
6 2136 16160 0 1777797283 530603
2 1974 1654 0 1777797283 530941
3 2046 5331 0 1777797283 531334
0 2144 1825 0 1777797283 531544
4 2054 25777 0 1777797283 531570
1 2030 11194 0 1777797283 535595
3 2047 5006 0 1777797283 536344
6 2137 5789 0 1777797283 536397
2 1975 5483 0 1777797283 536426
4 2055 4981 0 1777797283 536552
0 2145 5220 0 1777797283 536767
1 2031 2388 0 1777797283 537994
5 1977 45375 0 1777797283 538012
0 2146 2815 0 1777797283 539584
6 2138 5801 0 1777797283 542200
3 2048 5989 0 1777797283 542335
1 2032 5780 0 1777797283 543795
0 2147 6383 0 1777797283 545970
2 1976 9554 0 1777797283 545981
5 1978 8796 0 1777797283 546821
6 2139 4628 0 1777797283 546833
1 2033 9740 0 1777797283 553536
2 1977 7547 0 1777797283 553542
4 2056 16994 0 1777797283 553547
0 2148 7776 0 1777797283 553759
3 2049 11461 0 1777797283 553798
5 1979 7191 0 1777797283 554025
6 2140 8596 0 1777797283 555450
1 2034 3294 0 1777797283 556842
2 1978 3309 0 1777797283 556863
5 1980 3303 0 1777797283 557329
4 2057 4228 0 1777797283 557787
0 2149 11317 0 1777797283 565079
2 1979 8239 0 1777797283 565103
3 2050 11334 0 1777797283 565133
6 2141 12258 0 1777797283 567712
4 2058 11657 0 1777797283 569446
5 1981 12120 0 1777797283 569451
1 2035 15933 0 1777797283 572777
2 1980 7644 0 1777797283 572803
3 2051 8112 0 1777797283 573279
1 2036 2001 0 1777797283 574808
6 2142 13542 0 1777797283 581257
0 2150 16473 0 1777797283 581609
3 2052 9500 0 1777797283 582781
5 1982 13330 0 1777797283 582790
4 2059 13587 0 1777797283 583040
1 2037 8778 0 1777797283 583588
2 1981 10778 0 1777797283 583599
6 2143 4739 0 1777797283 586002
0 2151 10259 0 1777797283 591869
5 1983 9079 0 1777797283 591892
4 2060 9216 0 1777797283 592256
2 1982 13190 0 1777797283 596818
1 2038 17023 0 1777797283 600624
3 2053 17848 0 1777797283 600639
6 2144 14956 0 1777797283 600959
5 1984 9116 0 1777797283 601009
0 2152 9565 0 1777797283 601436
2 1983 9241 0 1777797283 606064
4 2061 13863 0 1777797283 606120
3 2054 7931 0 1777797283 608582
6 2145 11310 0 1777797283 612270
0 2153 11344 0 1777797283 612785
2 1984 9658 0 1777797283 615735
5 1985 14874 0 1777797283 615891
1 2039 15273 0 1777797283 615913
3 2055 7499 0 1777797283 616083
4 2062 10062 0 1777797283 616185
6 2146 12281 0 1777797283 624553
6 2147 5228 0 1777797283 629784
4 2063 14266 0 1777797283 630452
2 1985 14729 0 1777797283 630474
5 1986 14602 0 1777797283 630495
1 2040 14773 0 1777797283 630687
2 1986 6826 0 1777797283 637301
4 2064 6948 0 1777797283 637402
0 2154 25532 0 1777797283 638319
5 1987 7833 0 1777797283 638329
3 2056 22829 0 1777797283 638914
6 2148 9582 0 1777797283 639367
2 1987 4447 0 1777797283 641751
1 2041 17126 0 1777797283 647815
5 1988 9515 0 1777797283 647856
4 2065 10674 0 1777797283 648077
6 2149 10181 0 1777797283 649549
1 2042 4620 0 1777797283 652437
0 2155 15271 0 1777797283 653601
3 2057 14805 0 1777797283 653722
5 1989 6221 0 1777797283 654078
4 2066 11675 0 1777797283 659755
2 1988 18265 0 1777797283 660018
6 2150 13495 0 1777797283 663046
1 2043 13753 0 1777797283 666194
2 1989 8437 0 1777797283 668456
1 2044 4296 0 1777797283 670536
4 2067 11408 0 1777797283 671165
5 1990 17093 0 1777797283 671175
5 1991 5102 0 1777797283 676289
6 2151 13742 0 1777797283 676790
2 1990 9053 0 1777797283 677513
4 2068 6770 0 1777797283 677946
1 2045 8148 0 1777797283 678686
5 1992 2940 0 1777797283 679231
6 2152 4496 0 1777797283 681287
2 1991 4885 0 1777797283 682399
6 2153 4723 0 1777797283 686013
4 2069 10727 0 1777797283 688675
5 1993 16357 0 1777797283 695591
0 2156 42201 0 1777797283 695804
1 2046 17468 0 1777797283 696156
5 1994 2829 0 1777797283 698428
5 1995 1191 0 1777797283 699621
3 2058 48250 0 1777797283 701974
2 1992 24213 0 1777797283 706615
4 2070 19060 0 1777797283 707738
0 2157 12587 0 1777797283 708393
5 1996 16338 0 1777797283 715961
2 1993 14033 0 1777797283 720650
1 2047 24520 0 1777797283 720678
1 2048 5804 0 1777797283 726483
0 2158 19072 0 1777797283 727467
2 1994 9083 0 1777797283 729738
4 2071 22615 0 1777797283 730356
6 2154 44768 0 1777797283 730792
3 2059 30274 0 1777797283 732252
2 1995 5008 0 1777797283 734751
1 2049 10296 0 1777797283 736782
6 2155 6342 0 1777797283 737135
4 2072 9125 0 1777797283 739484
0 2159 13216 0 1777797283 740687
3 2060 8888 0 1777797283 741141
1 2050 4645 0 1777797283 741431
2 1996 8491 0 1777797283 743245
4 2073 6575 0 1777797283 746063
6 2156 11385 0 1777797283 748522
1 2051 8786 0 1777797283 750219
6 2157 1988 0 1777797283 750513
5 1997 34775 0 1777797283 750740
4 2074 7910 0 1777797283 753975
3 2061 13740 0 1777797283 754882
0 2160 15361 0 1777797283 756051
5 1998 8349 0 1777797283 759092
4 2075 7537 0 1777797283 761518
2 1997 18353 0 1777797283 761604
1 2052 12233 0 1777797283 762454
2 1998 943 0 1777797283 762549
3 2062 9358 0 1777797283 764242
6 2158 14869 0 1777797283 765384
4 2076 5173 0 1777797283 766693
5 1999 7799 0 1777797283 766892
2 1999 5188 0 1777797283 767739
1 2053 6299 0 1777797283 768755
3 2063 6945 0 1777797283 771194
4 2077 4682 0 1777797283 771377
2 2000 4055 0 1777797283 771795
0 2161 15775 0 1777797283 771827
6 2159 7757 0 1777797283 773145
5 2000 6336 0 1777797283 773229
4 2078 5039 0 1777797283 776419
5 2001 3987 0 1777797283 777218
6 2160 7819 0 1777797283 780965
1 2054 13777 0 1777797283 782534
4 2079 9663 0 1777797283 786085
0 2162 14282 0 1777797283 786111
2 2001 17266 0 1777797283 789063
3 2064 19104 0 1777797283 790300
5 2002 13099 0 1777797283 790320
1 2055 7885 0 1777797283 790421
6 2161 9494 0 1777797283 790461
4 2080 5437 0 1777797283 791527
6 2162 3023 0 1777797283 793485
1 2056 3285 0 1777797283 793708
6 2163 3952 0 1777797283 797440
3 2065 7180 0 1777797283 797482
5 2003 9064 0 1777797283 799385
1 2057 7343 0 1777797283 801054
2 2002 13043 0 1777797283 802108
3 2066 6359 0 1777797283 803843
4 2081 12383 0 1777797283 803912
6 2164 7734 0 1777797283 805182
3 2067 3738 0 1777797283 807589
4 2082 4440 0 1777797283 808353
1 2058 7746 0 1777797283 808821
2 2003 7407 0 1777797283 809517
6 2165 5230 0 1777797283 810418
3 2068 3997 0 1777797283 811588
5 2004 12616 0 1777797283 812003
0 2163 28342 0 1777797283 814454
1 2059 5643 0 1777797283 814469
2 2004 4957 0 1777797283 814476
3 2069 2933 0 1777797283 814524
6 2166 4107 0 1777797283 814531
5 2005 3444 0 1777797283 815448
4 2083 7846 0 1777797283 816203
3 2070 5669 0 1777797283 820200
0 2164 7567 0 1777797283 822044
5 2006 8919 0 1777797283 824373
0 2165 2837 0 1777797283 824883
1 2060 10892 0 1777797283 825387
3 2071 6468 0 1777797283 826672
5 2007 3532 0 1777797283 827909
4 2084 11752 0 1777797283 827957
1 2061 6870 0 1777797283 832259
4 2085 4322 0 1777797283 832280
0 2166 12661 0 1777797283 837546
2 2005 23109 0 1777797283 837612
5 2008 9710 0 1777797283 837620
1 2062 5559 0 1777797283 837820
3 2072 11469 0 1777797283 838149
6 2167 23808 0 1777797283 838348
4 2086 6441 0 1777797283 838722
3 2073 6848 0 1777797283 844999
0 2167 7836 0 1777797283 845394
6 2168 7053 0 1777797283 845403
5 2009 8417 0 1777797283 846048
2 2006 8445 0 1777797283 846067
4 2087 7591 0 1777797283 846315
1 2063 8951 0 1777797283 846772
1 2064 2821 0 1777797283 849596
5 2010 6334 0 1777797283 852384
4 2088 8878 0 1777797283 855195
2 2007 9673 0 1777797283 855741
0 2168 10392 0 1777797283 855796
6 2169 11042 0 1777797283 856454
3 2074 11602 0 1777797283 856602
5 2011 4831 0 1777797283 857223
1 2065 9735 0 1777797283 859830
3 2075 3378 0 1777797283 859981
1 2066 2469 0 1777797283 862302
0 2169 6853 0 1777797283 862650
3 2076 7296 0 1777797283 867280
1 2067 5249 0 1777797283 867553
2 2008 11911 0 1777797283 867654
4 2089 12463 0 1777797283 867660
5 2012 11818 0 1777797283 869042
6 2170 14303 0 1777797283 870758
0 2170 8896 0 1777797283 871548
2 2009 5361 0 1777797283 873022
5 2013 6135 0 1777797283 875181
1 2068 9519 0 1777797283 877074
6 2171 6396 0 1777797283 877158
3 2077 9895 0 1777797283 877177
2 2010 4650 0 1777797283 877674
4 2090 10468 0 1777797283 878138
0 2171 6645 0 1777797283 878195
5 2014 8319 0 1777797283 883511
3 2078 6376 0 1777797283 883554
1 2069 7454 0 1777797283 884530
6 2172 7491 0 1777797283 884650
0 2172 6502 0 1777797283 884698
4 2091 7247 0 1777797283 885390
2 2011 7745 0 1777797283 885420
3 2079 6006 0 1777797283 889562
1 2070 5099 0 1777797283 889631
5 2015 7957 0 1777797283 891470
4 2092 6233 0 1777797283 891627
0 2173 8792 0 1777797283 893491
2 2012 8093 0 1777797283 893514
1 2071 5322 0 1777797283 894954
1 2072 1748 0 1777797283 896704
3 2080 7793 0 1777797283 897359
5 2016 6060 0 1777797283 897532
0 2174 8979 0 1777797283 902473
4 2093 11706 0 1777797283 903335
2 2013 9838 0 1777797283 903353
6 2173 19460 0 1777797283 904111
5 2017 8666 0 1777797283 906200
1 2073 12792 0 1777797283 909500
3 2081 12241 0 1777797283 909602
0 2175 8874 0 1777797283 911349
6 2174 9358 0 1777797283 913471
4 2094 10499 0 1777797283 913835
0 2176 3016 0 1777797283 914368
1 2074 10796 0 1777797283 920298
0 2177 5947 0 1777797283 920320
3 2082 10992 0 1777797283 920595
6 2175 9016 0 1777797283 922492
2 2014 19481 0 1777797283 922835
4 2095 9007 0 1777797283 922844
1 2075 4977 0 1777797283 925278
0 2178 5352 0 1777797283 925673
4 2096 4040 0 1777797283 926901
6 2176 12221 0 1777797283 934721
3 2083 14346 0 1777797283 934942
1 2076 11296 0 1777797283 936576
2 2015 13740 0 1777797283 936585
1 2077 1024 0 1777797283 937610
3 2084 2798 0 1777797283 937741
2 2016 2998 0 1777797283 939602
1 2078 2358 0 1777797283 939972
0 2179 14971 0 1777797283 940646
3 2085 5887 0 1777797283 943630
4 2097 17030 0 1777797283 943933
1 2079 4346 0 1777797283 944320
2 2017 4988 0 1777797283 944592
1 2080 1756 0 1777797283 946079
2 2018 2139 0 1777797283 946734
4 2098 3083 0 1777797283 947018
5 2018 42187 0 1777797283 948390
2 2019 6825 0 1777797283 953561
3 2086 9932 0 1777797283 953568
1 2081 7523 0 1777797283 953604
4 2099 6782 0 1777797283 953801
5 2019 6396 0 1777797283 954789
2 2020 3079 0 1777797283 956649
0 2180 16468 0 1777797283 957117
1 2082 4819 0 1777797283 958424
6 2177 23833 0 1777797283 958556
3 2087 5426 0 1777797283 959016
3 2088 3220 0 1777797283 962241
1 2083 4294 0 1777797283 962727
2 2021 6089 0 1777797283 962740
4 2100 10587 0 1777797283 964389
3 2089 4090 0 1777797283 966337
4 2101 1950 0 1777797283 966345
1 2084 3907 0 1777797283 966649
6 2178 8099 0 1777797283 966656
3 2090 3107 0 1777797283 969453
6 2179 2816 0 1777797283 969482
4 2102 5884 0 1777797283 972239
0 2181 16512 0 1777797283 973631
6 2180 4906 0 1777797283 974429
2 2022 12321 0 1777797283 975073
0 2182 3412 0 1777797283 977046
4 2103 6033 0 1777797283 978276
6 2181 5981 0 1777797283 980412
1 2085 14755 0 1777797283 981413
5 2020 27422 0 1777797283 982223
2 2023 9092 0 1777797283 984167
4 2104 6167 0 1777797283 984444
6 2182 5520 0 1777797283 985940
3 2091 16684 0 1777797283 986167
2 2024 2559 0 1777797283 986732
1 2086 5365 0 1777797283 986784
3 2092 2119 0 1777797283 988289
1 2087 3421 0 1777797283 990207
2 2025 4193 0 1777797283 990928
3 2093 4221 0 1777797283 992513
1 2088 2936 0 1777797283 993146
2 2026 2760 0 1777797283 993690
4 2105 9381 0 1777797283 993828
6 2183 10335 0 1777797283 996279
3 2094 4106 0 1777797283 996621
2 2027 5042 0 1777797283 998736
0 2183 22685 0 1777797283 999735
6 2184 3770 0 1777797284 52
4 2106 7736 0 1777797284 1566
1 2089 9187 0 1777797284 2335
3 2095 6828 0 1777797284 3454
6 2185 5630 0 1777797284 5762
2 2028 8184 0 1777797284 6926
0 2184 7443 0 1777797284 7183
5 2021 25220 0 1777797284 7445
3 2096 4565 0 1777797284 8021
0 2185 1063 0 1777797284 8247
5 2022 960 0 1777797284 8408
5 2023 3138 0 1777797284 11548
0 2186 5124 0 1777797284 13374
1 2090 11306 0 1777797284 13645
4 2107 12081 0 1777797284 13654
5 2024 5434 0 1777797284 16984
6 2186 11227 0 1777797284 16991
2 2029 11306 0 1777797284 18234
4 2108 6198 0 1777797284 19865
0 2187 6848 0 1777797284 20224
3 2097 13187 0 1777797284 21213
2 2030 3421 0 1777797284 21659
1 2091 8048 0 1777797284 21703
4 2109 3213 0 1777797284 23082
5 2025 6752 0 1777797284 23745
6 2187 6919 0 1777797284 23923
5 2026 2774 0 1777797284 26521
0 2188 6389 0 1777797284 26617
1 2092 7044 0 1777797284 28750
1 2093 1625 0 1777797284 30377
3 2098 10643 0 1777797284 31861
5 2027 5539 0 1777797284 32062
0 2189 5801 0 1777797284 32420
3 2099 2046 0 1777797284 33910
1 2094 4657 0 1777797284 35037
0 2190 4928 0 1777797284 37352
4 2110 14873 0 1777797284 37957
6 2188 14714 0 1777797284 38640
3 2100 5256 0 1777797284 39168
2 2031 17733 0 1777797284 39394
1 2095 5232 0 1777797284 40271
6 2189 2094 0 1777797284 40736
6 2190 1776 0 1777797284 42518
5 2028 10516 0 1777797284 42580
2 2032 7016 0 1777797284 46412
0 2191 9085 0 1777797284 46440
1 2096 6173 0 1777797284 46447
3 2101 7332 0 1777797284 46502
4 2111 8549 0 1777797284 46509
0 2192 8657 0 1777797284 55106
2 2033 9745 0 1777797284 56161
6 2191 13851 0 1777797284 56375
1 2097 9921 0 1777797284 56394
0 2193 4615 0 1777797284 59723
4 2112 13229 0 1777797284 59746
3 2102 15721 0 1777797284 62231
1 2098 6053 0 1777797284 62448
2 2034 6390 0 1777797284 62558
6 2192 6397 0 1777797284 62774
3 2103 2224 0 1777797284 64460
1 2099 3202 0 1777797284 65652
2 2035 5414 0 1777797284 67973
4 2113 8217 0 1777797284 67984
3 2104 3575 0 1777797284 68037
1 2100 3049 0 1777797284 68707
0 2194 11909 0 1777797284 71657
6 2193 8946 0 1777797284 71722
5 2029 30754 0 1777797284 73335
4 2114 7194 0 1777797284 75189
3 2105 7215 0 1777797284 75254
1 2101 7414 0 1777797284 76126
2 2036 8294 0 1777797284 76280
0 2195 5569 0 1777797284 77236
4 2115 2636 0 1777797284 77827
0 2196 2114 0 1777797284 79351
1 2102 6819 0 1777797284 82951
4 2116 5661 0 1777797284 83494
0 2197 7977 0 1777797284 87330
1 2103 5962 0 1777797284 88918
6 2194 17339 0 1777797284 89063
2 2037 13465 0 1777797284 89746
5 2030 17229 0 1777797284 90569
4 2117 7461 0 1777797284 90956
4 2118 3100 0 1777797284 94058
5 2031 4290 0 1777797284 94862
1 2104 7524 0 1777797284 96445
0 2198 9275 0 1777797284 96612
0 2199 2230 0 1777797284 98845
1 2105 7060 0 1777797284 103513
3 2106 29794 0 1777797284 105050
2 2038 16343 0 1777797284 106095
0 2200 7979 0 1777797284 106826
6 2195 18450 0 1777797284 107516
3 2107 3233 0 1777797284 108286
6 2196 1611 0 1777797284 109130
6 2197 777 0 1777797284 109914
4 2119 22016 0 1777797284 116076
6 2198 7925 0 1777797284 117841
2 2039 14549 0 1777797284 120647
0 2201 14010 0 1777797284 120838
4 2120 5605 0 1777797284 121683
5 2032 26830 0 1777797284 121694
3 2108 15752 0 1777797284 124043
4 2121 2850 0 1777797284 124545
4 2122 7196 0 1777797284 131743
0 2202 10927 0 1777797284 131768
3 2109 7736 0 1777797284 131784
2 2040 11250 0 1777797284 131900
1 2106 28506 0 1777797284 132028
5 2033 11266 0 1777797284 132973
6 2199 15226 0 1777797284 133075
1 2107 3878 0 1777797284 135908
6 2200 3027 0 1777797284 136103
0 2203 5017 0 1777797284 136786
2 2041 6388 0 1777797284 138289
3 2110 7571 0 1777797284 139357
4 2123 7721 0 1777797284 139466
1 2108 8956 0 1777797284 144867
3 2111 8656 0 1777797284 148016
0 2204 11272 0 1777797284 148063
5 2034 15096 0 1777797284 148073
4 2124 8724 0 1777797284 148191
5 2035 3462 0 1777797284 151544
6 2201 16388 0 1777797284 152492
1 2109 8039 0 1777797284 152909
0 2205 6726 0 1777797284 154800
4 2125 13910 0 1777797284 162102
6 2202 9615 0 1777797284 162109
1 2110 10089 0 1777797284 163004
5 2036 11470 0 1777797284 163024
0 2206 8648 0 1777797284 163451
3 2112 15472 0 1777797284 163497
5 2037 6657 0 1777797284 169682
4 2126 13848 0 1777797284 175958
0 2207 13200 0 1777797284 176699
4 2127 5975 0 1777797284 181936
3 2113 20194 0 1777797284 183704
2 2042 49558 0 1777797284 187850
4 2128 5921 0 1777797284 187859
0 2208 11180 0 1777797284 187886
5 2038 18246 0 1777797284 187934
6 2203 26729 0 1777797284 188849
1 2111 26308 0 1777797284 189314
0 2209 6703 0 1777797284 194590
2 2043 7059 0 1777797284 194919
6 2204 8325 0 1777797284 197185
0 2210 5041 0 1777797284 199635
1 2112 10528 0 1777797284 199846
4 2129 12411 0 1777797284 200281
3 2114 17136 0 1777797284 200842
5 2039 13422 0 1777797284 201357
5 2040 1335 0 1777797284 202694
4 2130 6798 0 1777797284 207081
0 2211 8594 0 1777797284 208231
6 2205 11560 0 1777797284 208747
1 2113 8918 0 1777797284 208766
3 2115 11728 0 1777797284 212572
2 2044 17734 0 1777797284 212655
1 2114 5256 0 1777797284 214024
0 2212 5843 0 1777797284 214076
6 2206 5556 0 1777797284 214305
4 2131 7427 0 1777797284 214512
2 2045 2716 0 1777797284 215373
2 2046 2161 0 1777797284 217536
6 2207 3999 0 1777797284 218307
4 2132 6977 0 1777797284 221490
2 2047 4036 0 1777797284 221575
6 2208 3877 0 1777797284 222185
0 2213 8148 0 1777797284 222227
6 2209 1837 0 1777797284 224024
6 2210 5346 0 1777797284 229372
2 2048 7821 0 1777797284 229398
5 2041 26707 0 1777797284 229403
4 2133 8827 0 1777797284 230319
3 2116 19042 0 1777797284 231616
0 2214 9426 0 1777797284 231655
4 2134 1345 0 1777797284 231665
5 2042 2400 0 1777797284 231811
2 2049 3906 0 1777797284 233310
5 2043 1604 0 1777797284 233416
1 2115 20125 0 1777797284 234151
5 2044 5155 0 1777797284 238573
5 2045 1474 0 1777797284 240050
3 2117 8850 0 1777797284 240474
2 2050 7728 0 1777797284 241051
5 2046 2152 0 1777797284 242204
1 2116 9327 0 1777797284 243482
0 2215 11895 0 1777797284 243561
6 2211 15762 0 1777797284 245138
2 2051 4485 0 1777797284 245538
3 2118 5540 0 1777797284 246016
4 2135 15063 0 1777797284 246739
1 2117 3677 0 1777797284 247161
6 2212 2247 0 1777797284 247392
0 2216 5778 0 1777797284 249341
4 2136 3646 0 1777797284 250387
5 2047 11088 0 1777797284 253296
0 2217 5300 0 1777797284 254644
2 2052 9997 0 1777797284 255539
4 2137 5404 0 1777797284 255793
0 2218 2059 0 1777797284 256705
2 2053 1965 0 1777797284 257507
5 2048 6021 0 1777797284 259322
6 2213 11945 0 1777797284 259338
2 2054 1856 0 1777797284 259368
2 2055 2537 0 1777797284 261906
1 2118 16047 0 1777797284 263212
1 2119 1280 0 1777797284 264496
2 2056 3286 0 1777797284 265194
1 2120 927 0 1777797284 265426
2 2057 4582 0 1777797284 269778
0 2219 13884 0 1777797284 270591
4 2138 14802 0 1777797284 270597
1 2121 6375 0 1777797284 271803
6 2214 14478 0 1777797284 273828
3 2119 29560 0 1777797284 275579
6 2215 4565 0 1777797284 278396
1 2122 7961 0 1777797284 279766
5 2049 20609 0 1777797284 279949
0 2220 10968 0 1777797284 281566
3 2120 8009 0 1777797284 283590
6 2216 5499 0 1777797284 283899
1 2123 6615 0 1777797284 286383
2 2058 17671 0 1777797284 287453
0 2221 5966 0 1777797284 287537
5 2050 9390 0 1777797284 289341
3 2121 7393 0 1777797284 290985
6 2217 8384 0 1777797284 292285
2 2059 5794 0 1777797284 293259
6 2218 2223 0 1777797284 294510
5 2051 7183 0 1777797284 296528
0 2222 9257 0 1777797284 296796
6 2219 4347 0 1777797284 298864
1 2124 12573 0 1777797284 298958
0 2223 2229 0 1777797284 299026
5 2052 3471 0 1777797284 300001
6 2220 2976 0 1777797284 301848
0 2224 3410 0 1777797284 302437
1 2125 4129 0 1777797284 303089
6 2221 1390 0 1777797284 303248
5 2053 3461 0 1777797284 303464
4 2139 35084 0 1777797284 305689
6 2222 3167 0 1777797284 306416
0 2225 4608 0 1777797284 307050
5 2054 3598 0 1777797284 307064
1 2126 5203 0 1777797284 308298
6 2223 2300 0 1777797284 308718
4 2140 4901 0 1777797284 310592
0 2226 3622 0 1777797284 310687
2 2060 18043 0 1777797284 311306
1 2127 3848 0 1777797284 312151
5 2055 5172 0 1777797284 312249
6 2224 4739 0 1777797284 313462
1 2128 1480 0 1777797284 313635
5 2056 3316 0 1777797284 315566
4 2141 6702 0 1777797284 317300
1 2129 4924 0 1777797284 318560
6 2225 5512 0 1777797284 318979
0 2227 10803 0 1777797284 321492
4 2142 4730 0 1777797284 322033
2 2061 11673 0 1777797284 322983
5 2057 7536 0 1777797284 323104
1 2130 6918 0 1777797284 325484
6 2226 7783 0 1777797284 326807
1 2131 1413 0 1777797284 326900
3 2122 37633 0 1777797284 328621
5 2058 8416 0 1777797284 331522
1 2132 5332 0 1777797284 332234
0 2228 11627 0 1777797284 333121
5 2059 1701 0 1777797284 333227
1 2133 2424 0 1777797284 334661
6 2227 7977 0 1777797284 334794
5 2060 1958 0 1777797284 335186
0 2229 2500 0 1777797284 335624
0 2230 2055 0 1777797284 337683
1 2134 3680 0 1777797284 338344
6 2228 3753 0 1777797284 338549
1 2135 2445 0 1777797284 340792
6 2229 2589 0 1777797284 341139
5 2061 7568 0 1777797284 342757
0 2231 5122 0 1777797284 342809
4 2143 23081 0 1777797284 345116
1 2136 5830 0 1777797284 346624
6 2230 5495 0 1777797284 346636
5 2062 3935 0 1777797284 346694
3 2123 20509 0 1777797284 349133
5 2063 3662 0 1777797284 350358
5 2064 4075 0 1777797284 354435
1 2137 10527 0 1777797284 357164
6 2231 10811 0 1777797284 357473
6 2232 5145 0 1777797284 362621
1 2138 5726 0 1777797284 362896
1 2139 4483 0 1777797284 367381
4 2144 24057 0 1777797284 369176
2 2062 46991 0 1777797284 369976
3 2124 21158 0 1777797284 370297
0 2232 30617 0 1777797284 373429
1 2140 6398 0 1777797284 373783
3 2125 3465 0 1777797284 373789
6 2233 11170 0 1777797284 373794
5 2065 19392 0 1777797284 373829
3 2126 1029 0 1777797284 374832
5 2066 4368 0 1777797284 378198
1 2141 4954 0 1777797284 378749
2 2063 9441 0 1777797284 379419
0 2233 8020 0 1777797284 381459
1 2142 2818 0 1777797284 381569
4 2145 13344 0 1777797284 382522
0 2234 1799 0 1777797284 383262
2 2064 4413 0 1777797284 383834
1 2143 3226 0 1777797284 384797
4 2146 2281 0 1777797284 384806
1 2144 5798 0 1777797284 390604
2 2065 7866 0 1777797284 391702
5 2067 13522 0 1777797284 391722
1 2145 2641 0 1777797284 393248
4 2147 9738 0 1777797284 394561
2 2066 2935 0 1777797284 394658
3 2127 21452 0 1777797284 396287
0 2235 15185 0 1777797284 398450
1 2146 5218 0 1777797284 398469
5 2068 6758 0 1777797284 398494
2 2067 4617 0 1777797284 399277
0 2236 4832 0 1777797284 403301
6 2234 29818 0 1777797284 403628
4 2148 9528 0 1777797284 404092
3 2128 8984 0 1777797284 405279
5 2069 7768 0 1777797284 406263
6 2235 2831 0 1777797284 406462
2 2068 7697 0 1777797284 406978
1 2147 10411 0 1777797284 408892
0 2237 6494 0 1777797284 409798
4 2149 8962 0 1777797284 413057
3 2129 8920 0 1777797284 414204
1 2148 5741 0 1777797284 414637
6 2236 9354 0 1777797284 415818
5 2070 14010 0 1777797284 420276
0 2238 11340 0 1777797284 421140
0 2239 1454 0 1777797284 422597
6 2237 7230 0 1777797284 423051
0 2240 2635 0 1777797284 425236
3 2130 11036 0 1777797284 425244
4 2150 12191 0 1777797284 425250
4 2151 4295 0 1777797284 429573
5 2071 13008 0 1777797284 433290
1 2149 20765 0 1777797284 435405
2 2069 28484 0 1777797284 435464
4 2152 6736 0 1777797284 436312
3 2131 12297 0 1777797284 437558
6 2238 17358 0 1777797284 440412
1 2150 5616 0 1777797284 441024
4 2153 6512 0 1777797284 442837
3 2132 8278 0 1777797284 445840
2 2070 10436 0 1777797284 445900
6 2239 5552 0 1777797284 445967
1 2151 7351 0 1777797284 448380
4 2154 6181 0 1777797284 449022
4 2155 4054 0 1777797284 453078
1 2152 6848 0 1777797284 455234
0 2241 31975 0 1777797284 457226
4 2156 4645 0 1777797284 457728
1 2153 2504 0 1777797284 457740
0 2242 4678 0 1777797284 461906
5 2072 30429 0 1777797284 463722
1 2154 6937 0 1777797284 464677
4 2157 6952 0 1777797284 464681
5 2073 3170 0 1777797284 466893
3 2133 23200 0 1777797284 469070
4 2158 7108 0 1777797284 471796
6 2240 29309 0 1777797284 475282
1 2155 10638 0 1777797284 475319
5 2074 9587 0 1777797284 476481
6 2241 2782 0 1777797284 478073
3 2134 10445 0 1777797284 479517
5 2075 10221 0 1777797284 486703
0 2243 24884 0 1777797284 486791
3 2135 7288 0 1777797284 486806
6 2242 8816 0 1777797284 486890
1 2156 12107 0 1777797284 487428
4 2159 16966 0 1777797284 488763
0 2244 6769 0 1777797284 493560
4 2160 4924 0 1777797284 493688
2 2071 48693 0 1777797284 494594
4 2161 4668 0 1777797284 498357
2 2072 4022 0 1777797284 498617
4 2162 11894 0 1777797284 510253
4 2163 3565 0 1777797284 513822
5 2076 27132 0 1777797284 513837
2 2073 16108 0 1777797284 514750
4 2164 7333 0 1777797284 521171
1 2157 37896 0 1777797284 525325
1 2158 3312 0 1777797284 528639
3 2136 44021 0 1777797284 530827
1 2159 3422 0 1777797284 532062
3 2137 5657 0 1777797284 536486
5 2077 32975 0 1777797284 546831
2 2074 35094 0 1777797284 549845
3 2138 14125 0 1777797284 550613
5 2078 4211 0 1777797284 551044
6 2243 65016 0 1777797284 551907
0 2245 71702 0 1777797284 565265
4 2165 45742 0 1777797284 566918
4 2166 2206 0 1777797284 569127
3 2139 18692 0 1777797284 569308
0 2246 6269 0 1777797284 571538
3 2140 5438 0 1777797284 574748
4 2167 7440 0 1777797284 576569
3 2141 6080 0 1777797284 580837
4 2168 5813 0 1777797284 582385
5 2079 31353 0 1777797284 582399
0 2247 22820 0 1777797284 594365
3 2142 13536 0 1777797284 594382
0 2248 4100 0 1777797284 598484
5 2080 16792 0 1777797284 599202
3 2143 6760 0 1777797284 601174
4 2169 18853 0 1777797284 601253
6 2244 54285 0 1777797284 606195
3 2144 8698 0 1777797284 609876
4 2170 8641 0 1777797284 609896
0 2249 15143 0 1777797284 613632
6 2245 8344 0 1777797284 614547
6 2246 2372 0 1777797284 616922
3 2145 8274 0 1777797284 618171
4 2171 11832 0 1777797284 621743
5 2081 22753 0 1777797284 621961
3 2146 3902 0 1777797284 622081
3 2147 8405 0 1777797284 630488
4 2172 8945 0 1777797284 630698
1 2160 100128 0 1777797284 632192
4 2173 2691 0 1777797284 633391
6 2247 17374 0 1777797284 634298
3 2148 5204 0 1777797284 635702
6 2248 4687 0 1777797284 638992
1 2161 7292 0 1777797284 639492
1 2162 4776 0 1777797284 644273
3 2149 9883 0 1777797284 645592
6 2249 7162 0 1777797284 646158
4 2174 12799 0 1777797284 646192
3 2150 1984 0 1777797284 647579
5 2082 34134 0 1777797284 656100
6 2250 9950 0 1777797284 656113
1 2163 11892 0 1777797284 656169
0 2250 50535 0 1777797284 664176
2 2075 114346 0 1777797284 664194
3 2151 16647 0 1777797284 664232
4 2175 18046 0 1777797284 664239
1 2164 9736 0 1777797284 665906
6 2251 9773 0 1777797284 665913
2 2076 9872 0 1777797284 674082
0 2251 10266 0 1777797284 674461
5 2083 18354 0 1777797284 674468
3 2152 17107 0 1777797284 681347
6 2252 15445 0 1777797284 681368
4 2176 17182 0 1777797284 681431
1 2165 22450 0 1777797284 688365
2 2077 14305 0 1777797284 688389
4 2177 6964 0 1777797284 688396
5 2084 13919 0 1777797284 688400
3 2153 7442 0 1777797284 688811
0 2252 25903 0 1777797284 700372
6 2253 18985 0 1777797284 700381
3 2154 12674 0 1777797284 701487
4 2178 14747 0 1777797284 703162
2 2078 15971 0 1777797284 704380
1 2166 17880 0 1777797284 706281
0 2253 8683 0 1777797284 709065
5 2085 20660 0 1777797284 709082
3 2155 9959 0 1777797284 711450
4 2179 8294 0 1777797284 711459
6 2254 13207 0 1777797284 713607
1 2167 9957 0 1777797284 716241
0 2254 13573 0 1777797284 722656
5 2086 13563 0 1777797284 722672
4 2180 19177 0 1777797284 730657
6 2255 20373 0 1777797284 733983
1 2168 21357 0 1777797284 737601
3 2156 26383 0 1777797284 737843
2 2079 34695 0 1777797284 739078
5 2087 17681 0 1777797284 740371
0 2255 18480 0 1777797284 741153
4 2181 11878 0 1777797284 742543
6 2256 19392 0 1777797284 753377
2 2080 24911 0 1777797284 763991
3 2157 26275 0 1777797284 764120
1 2169 26821 0 1777797284 764426
0 2256 23380 0 1777797284 764541
5 2088 24174 0 1777797284 764547
4 2182 26070 0 1777797284 768622
6 2257 20033 0 1777797284 773424
3 2158 14154 0 1777797284 778275
2 2081 14307 0 1777797284 778299
0 2257 14177 0 1777797284 778725
5 2089 14546 0 1777797284 779113
1 2170 16691 0 1777797284 781120
0 2258 4413 0 1777797284 783141
4 2183 15306 0 1777797284 783930
6 2258 14877 0 1777797284 788303
0 2259 9566 0 1777797284 792717
4 2184 11141 0 1777797284 795075
4 2185 728 0 1777797284 795806
0 2260 3806 0 1777797284 796529
4 2186 2977 0 1777797284 798786
5 2090 19997 0 1777797284 799113
6 2259 12016 0 1777797284 800321
6 2260 1201 0 1777797284 801525
5 2091 3550 0 1777797284 802665
0 2261 6250 0 1777797284 802782
0 2262 2584 0 1777797284 805368
6 2261 4761 0 1777797284 806288
5 2092 5233 0 1777797284 807900
1 2171 27185 0 1777797284 808307
6 2262 4020 0 1777797284 810312
0 2263 7045 0 1777797284 812422
1 2172 4381 0 1777797284 812732
6 2263 5832 0 1777797284 816149
0 2264 3875 0 1777797284 816298
6 2264 6426 0 1777797284 822583
0 2265 6405 0 1777797284 822704
4 2187 23926 0 1777797284 822714
5 2093 15457 0 1777797284 823360
3 2159 45901 0 1777797284 824180
1 2173 11546 0 1777797284 824282
2 2082 46155 0 1777797284 824455
4 2188 5444 0 1777797284 828174
6 2265 5644 0 1777797284 828237
4 2189 1927 0 1777797284 830107
4 2190 2016 0 1777797284 832125
0 2266 9558 0 1777797284 832273
4 2191 4130 0 1777797284 836258
1 2174 13675 0 1777797284 837959
4 2192 2772 0 1777797284 839033
6 2266 10841 0 1777797284 839080
3 2160 14926 0 1777797284 839113
6 2267 2217 0 1777797284 841299
3 2161 3691 0 1777797284 842806
1 2175 5768 0 1777797284 843729
4 2193 5091 0 1777797284 844125
0 2267 11873 0 1777797284 844148
1 2176 3116 0 1777797284 846849
2 2083 24876 0 1777797284 849334
3 2162 6562 0 1777797284 849373
4 2194 6002 0 1777797284 850132
6 2268 10069 0 1777797284 851371
1 2177 5363 0 1777797284 852215
5 2094 30353 0 1777797284 853716
0 2268 10727 0 1777797284 854876
2 2084 6092 0 1777797284 855434
3 2163 7686 0 1777797284 857060
1 2178 6076 0 1777797284 858295
0 2269 4037 0 1777797284 858918
3 2164 2892 0 1777797284 859955
5 2095 6968 0 1777797284 860687
3 2165 2071 0 1777797284 862029
1 2179 3746 0 1777797284 862048
2 2085 7015 0 1777797284 862452
5 2096 3890 0 1777797284 864579
2 2086 3888 0 1777797284 866344
3 2166 4483 0 1777797284 866514
1 2180 4630 0 1777797284 866680
1 2181 1735 0 1777797284 868418
2 2087 2084 0 1777797284 868430
3 2167 2241 0 1777797284 868756
2 2088 2616 0 1777797284 871060
3 2168 3408 0 1777797284 872168
1 2182 4671 0 1777797284 873102
5 2097 10743 0 1777797284 875324
2 2089 6506 0 1777797284 877569
1 2183 4743 0 1777797284 877852
3 2169 5728 0 1777797284 877898
4 2195 30077 0 1777797284 880213
5 2098 4894 0 1777797284 880220
6 2269 29025 0 1777797284 880398
3 2170 5708 0 1777797284 883610
1 2184 5966 0 1777797284 883819
0 2270 25073 0 1777797284 883994
2 2090 7182 0 1777797284 884753
6 2270 5136 0 1777797284 885535
4 2196 6861 0 1777797284 887082
0 2271 3423 0 1777797284 887419
5 2099 7700 0 1777797284 887931
1 2185 5952 0 1777797284 889774
4 2197 4169 0 1777797284 891253
2 2091 7151 0 1777797284 891906
3 2171 8462 0 1777797284 892074
5 2100 5896 0 1777797284 893844
5 2101 2538 0 1777797284 896387
0 2272 10419 0 1777797284 897840
1 2186 8997 0 1777797284 898775
3 2172 6712 0 1777797284 898787
1 2187 2731 0 1777797284 901519
5 2102 6206 0 1777797284 902596
0 2273 4813 0 1777797284 902655
1 2188 1282 0 1777797284 902803
3 2173 4415 0 1777797284 903219
0 2274 3441 0 1777797284 906097
4 2198 14851 0 1777797284 906106
6 2271 22267 0 1777797284 907805
4 2199 3100 0 1777797284 909219
6 2272 3331 0 1777797284 911141
1 2189 10564 0 1777797284 913368
4 2200 4594 0 1777797284 913816
5 2103 11617 0 1777797284 914219
6 2273 4267 0 1777797284 915416
5 2104 6429 0 1777797284 920650
1 2190 7825 0 1777797284 921202
2 2092 30417 0 1777797284 922325
6 2274 7019 0 1777797284 922438
4 2201 10380 0 1777797284 924197
2 2093 2697 0 1777797284 925024
2 2094 3472 0 1777797284 928501
6 2275 6071 0 1777797284 928511
0 2275 22809 0 1777797284 928916
4 2202 6412 0 1777797284 930616
2 2095 2441 0 1777797284 930953
1 2191 9820 0 1777797284 931027
6 2276 5834 0 1777797284 934357
0 2276 5496 0 1777797284 934414
4 2203 4825 0 1777797284 935443
5 2105 15852 0 1777797284 936508
1 2192 7721 0 1777797284 938750
3 2174 35535 0 1777797284 938757
2 2096 7837 0 1777797284 938793
0 2277 6817 0 1777797284 941233
1 2193 2517 0 1777797284 941276
3 2175 7027 0 1777797284 945801
2 2097 7048 0 1777797284 945842
5 2106 9614 0 1777797284 946126
6 2277 12972 0 1777797284 947331
6 2278 1876 0 1777797284 949210
0 2278 8156 0 1777797284 949394
4 2204 14087 0 1777797284 949537
4 2205 1687 0 1777797284 951225
2 2098 5709 0 1777797284 951553
6 2279 2348 0 1777797284 951560
3 2176 7367 0 1777797284 953170
5 2107 8050 0 1777797284 954177
1 2194 14194 0 1777797284 955472
2 2099 5752 0 1777797284 957313
0 2279 9242 0 1777797284 958638
6 2280 8957 0 1777797284 960542
5 2108 6664 0 1777797284 960845
0 2280 2679 0 1777797284 961320
2 2100 6469 0 1777797284 963847
3 2177 12380 0 1777797284 965553
4 2206 14456 0 1777797284 965684
1 2195 11949 0 1777797284 967423
4 2207 2104 0 1777797284 967790
3 2178 4358 0 1777797284 969921
5 2109 9237 0 1777797284 970084
0 2281 9198 0 1777797284 970520
2 2101 9612 0 1777797284 973464
4 2208 8003 0 1777797284 975796
2 2102 4772 0 1777797284 978240
3 2179 9370 0 1777797284 979294
5 2110 9658 0 1777797284 979743
5 2111 2676 0 1777797284 982421
1 2196 15563 0 1777797284 982992
6 2281 24337 0 1777797284 984897
4 2209 12959 0 1777797284 988758
2 2103 10921 0 1777797284 989165
5 2112 6747 0 1777797284 989175
0 2282 18701 0 1777797284 989223
6 2282 7633 0 1777797284 992538
1 2197 10816 0 1777797284 993813
2 2104 7288 0 1777797284 996464
3 2180 17322 0 1777797284 996622
5 2113 8689 0 1777797284 997881
4 2210 10072 0 1777797284 998834
6 2283 6506 0 1777797284 999046
2 2105 3393 0 1777797284 999860
4 2211 3173 0 1777797285 2010
1 2198 13132 0 1777797285 6948
6 2284 7919 0 1777797285 6967
2 2106 7140 0 1777797285 7002
5 2114 9752 0 1777797285 7636
0 2283 18966 0 1777797285 8191
3 2181 11837 0 1777797285 8460
0 2284 2670 0 1777797285 10863
1 2199 4162 0 1777797285 11130
2 2107 5291 0 1777797285 12295
3 2182 3951 0 1777797285 12413
4 2212 12921 0 1777797285 14934
0 2285 6518 0 1777797285 17389
1 2200 7028 0 1777797285 18160
5 2115 16708 0 1777797285 24348
2 2108 12953 0 1777797285 25251
3 2183 12849 0 1777797285 25264
4 2213 10540 0 1777797285 25480
6 2285 18519 0 1777797285 25499
0 2286 13801 0 1777797285 31194
1 2201 13282 0 1777797285 31445
4 2214 6864 0 1777797285 32346
1 2202 1960 0 1777797285 33407
5 2116 10232 0 1777797285 34588
6 2286 9409 0 1777797285 34909
4 2215 7996 0 1777797285 40345
5 2117 5771 0 1777797285 40361
3 2184 15314 0 1777797285 40591
1 2203 7502 0 1777797285 40910
0 2287 9808 0 1777797285 41005
6 2287 6104 0 1777797285 41014
2 2109 18406 0 1777797285 43671
4 2216 3324 0 1777797285 43686
1 2204 6108 0 1777797285 47022
5 2118 6655 0 1777797285 47031
6 2288 6651 0 1777797285 47675
1 2205 5349 0 1777797285 52381
2 2110 8701 0 1777797285 52388
3 2185 11800 0 1777797285 52392
0 2288 13678 0 1777797285 54693
4 2217 11309 0 1777797285 55004
5 2119 8285 0 1777797285 55328
1 2206 6031 0 1777797285 58424
6 2289 10825 0 1777797285 58502
0 2289 3933 0 1777797285 58629
5 2120 3338 0 1777797285 58668
2 2111 8084 0 1777797285 60484
3 2186 8639 0 1777797285 61047
4 2218 6457 0 1777797285 61462
4 2219 2901 0 1777797285 64393
5 2121 6089 0 1777797285 64758
1 2207 8403 0 1777797285 66838
5 2122 3101 0 1777797285 67862
4 2220 6608 0 1777797285 71003
5 2123 3558 0 1777797285 71422
0 2290 15461 0 1777797285 74093
3 2187 13247 0 1777797285 74298
2 2112 13874 0 1777797285 74365
5 2124 4166 0 1777797285 75590
4 2221 7209 0 1777797285 78215
1 2208 11726 0 1777797285 78566
2 2113 4796 0 1777797285 79163
0 2291 6092 0 1777797285 80188
2 2114 1794 0 1777797285 80958
5 2125 6866 0 1777797285 82459
4 2222 5131 0 1777797285 83359
5 2126 2889 0 1777797285 85350
0 2292 6901 0 1777797285 87096
6 2290 30292 0 1777797285 88797
2 2115 7898 0 1777797285 88859
3 2188 14851 0 1777797285 89150
5 2127 4899 0 1777797285 90259
1 2209 14849 0 1777797285 93417
0 2293 6474 0 1777797285 93577
3 2189 5063 0 1777797285 94215
2 2116 5477 0 1777797285 94337
5 2128 7024 0 1777797285 97289
6 2291 8583 0 1777797285 97382
0 2294 7573 0 1777797285 101152
4 2223 17799 0 1777797285 101160
1 2210 10610 0 1777797285 104038
6 2292 6662 0 1777797285 104045
2 2117 10611 0 1777797285 104949
3 2190 11016 0 1777797285 105233
5 2129 9957 0 1777797285 107250
4 2224 6112 0 1777797285 107292
6 2293 7406 0 1777797285 111462
2 2118 6639 0 1777797285 111596
0 2295 11115 0 1777797285 112276
3 2191 7497 0 1777797285 112732
4 2225 5446 0 1777797285 112739
5 2130 5493 0 1777797285 112746
1 2211 9296 0 1777797285 113343
2 2119 5354 0 1777797285 116951
4 2226 6745 0 1777797285 119501
3 2192 6789 0 1777797285 119536
1 2212 11180 0 1777797285 124524
5 2131 11808 0 1777797285 124579
0 2296 12444 0 1777797285 124722
2 2120 10558 0 1777797285 127512
3 2193 9921 0 1777797285 129459
1 2213 9139 0 1777797285 133720
5 2132 11189 0 1777797285 135876
0 2297 11396 0 1777797285 136120
6 2294 24667 0 1777797285 136140
4 2227 18124 0 1777797285 137628
1 2214 13371 0 1777797285 147098
2 2121 19592 0 1777797285 147106
3 2194 17652 0 1777797285 147113
0 2298 11366 0 1777797285 147488
4 2228 9869 0 1777797285 147513
6 2295 12405 0 1777797285 148547
5 2133 12988 0 1777797285 148866
3 2195 7440 0 1777797285 154575
1 2215 7584 0 1777797285 154698
2 2122 7582 0 1777797285 154707
0 2299 7846 0 1777797285 155336
4 2229 7839 0 1777797285 155353
5 2134 13549 0 1777797285 162418
2 2123 7809 0 1777797285 162528
3 2196 8552 0 1777797285 163138
6 2296 14980 0 1777797285 163528
4 2230 8892 0 1777797285 164257
4 2231 2092 0 1777797285 166353
5 2135 4996 0 1777797285 167423
3 2197 8945 0 1777797285 172089
2 2124 10711 0 1777797285 173240
4 2232 6902 0 1777797285 173258
1 2216 22926 0 1777797285 177634
6 2297 14110 0 1777797285 177641
2 2125 5626 0 1777797285 178886
4 2233 5679 0 1777797285 178956
3 2198 8387 0 1777797285 180487
5 2136 13421 0 1777797285 180853
5 2137 1440 0 1777797285 182295
1 2217 5202 0 1777797285 182844
3 2199 3048 0 1777797285 183537
5 2138 3973 0 1777797285 186273
0 2300 35442 0 1777797285 190796
4 2234 11854 0 1777797285 190812
1 2218 11234 0 1777797285 194081
5 2139 8142 0 1777797285 194417
6 2298 17540 0 1777797285 195190
6 2299 3938 0 1777797285 199130
5 2140 10205 0 1777797285 204626
0 2301 14404 0 1777797285 205217
6 2300 6149 0 1777797285 205281
3 2200 22561 0 1777797285 206100
2 2126 27435 0 1777797285 206322
4 2235 17450 0 1777797285 208278
5 2141 7676 0 1777797285 212309
6 2301 7361 0 1777797285 212644
0 2302 10979 0 1777797285 216198
6 2302 3566 0 1777797285 216212
5 2142 6372 0 1777797285 218686
6 2303 2586 0 1777797285 218819
0 2303 5357 0 1777797285 221570
5 2143 2889 0 1777797285 221579
2 2127 16087 0 1777797285 222410
5 2144 1747 0 1777797285 223337
3 2201 22544 0 1777797285 228646
6 2304 9837 0 1777797285 228657
0 2304 7331 0 1777797285 228911
2 2128 7571 0 1777797285 229984
4 2236 22677 0 1777797285 230959
5 2145 7637 0 1777797285 230981
0 2305 4741 0 1777797285 233654
0 2306 4374 0 1777797285 238037
0 2307 9191 0 1777797285 247231
3 2202 18583 0 1777797285 247241
5 2146 16242 0 1777797285 247247
2 2129 17811 0 1777797285 247797
2 2130 1342 0 1777797285 249142
4 2237 18456 0 1777797285 249439
3 2203 6890 0 1777797285 254151
6 2305 27459 0 1777797285 256128
3 2204 2078 0 1777797285 256231
6 2306 1051 0 1777797285 257182
6 2307 685 0 1777797285 257869
2 2131 8884 0 1777797285 258028
5 2147 12775 0 1777797285 260045
2 2132 4348 0 1777797285 262378
6 2308 4514 0 1777797285 262386
5 2148 2833 0 1777797285 262880
0 2308 15654 0 1777797285 262902
0 2309 1961 0 1777797285 264864
6 2309 2479 0 1777797285 264874
2 2133 3534 0 1777797285 265920
4 2238 17765 0 1777797285 267207
2 2134 1903 0 1777797285 267827
5 2149 6182 0 1777797285 269065
2 2135 1536 0 1777797285 269364
6 2310 4856 0 1777797285 269742
5 2150 2661 0 1777797285 271737
6 2311 3711 0 1777797285 273454
2 2136 5766 0 1777797285 275131
6 2312 1683 0 1777797285 275139
2 2137 3965 0 1777797285 279104
2 2138 1557 0 1777797285 280664
0 2310 16209 0 1777797285 281085
5 2151 9572 0 1777797285 281311
2 2139 868 0 1777797285 281534
0 2311 1480 0 1777797285 282568
0 2312 4629 0 1777797285 287200
6 2313 12073 0 1777797285 287224
5 2152 6355 0 1777797285 287667
2 2140 6172 0 1777797285 287709
3 2205 32126 0 1777797285 288359
4 2239 21254 0 1777797285 288464
0 2313 2229 0 1777797285 289454
2 2141 1914 0 1777797285 289623
4 2240 1163 0 1777797285 289629
2 2142 899 0 1777797285 290529
4 2241 1036 0 1777797285 290677
0 2314 11284 0 1777797285 300740
1 2219 109505 0 1777797285 303588
2 2143 13066 0 1777797285 303597
3 2206 15255 0 1777797285 303619
5 2153 16078 0 1777797285 303748
6 2314 16488 0 1777797285 303770
4 2242 13623 0 1777797285 304302
2 2144 2870 0 1777797285 306476
2 2145 3907 0 1777797285 310386
6 2315 6685 0 1777797285 310470
0 2315 9986 0 1777797285 310729
5 2154 8863 0 1777797285 312634
2 2146 2405 0 1777797285 312878
0 2316 2400 0 1777797285 313131
4 2243 9385 0 1777797285 313696
1 2220 13371 0 1777797285 316968
5 2155 4348 0 1777797285 316984
3 2207 16947 0 1777797285 320567
6 2316 10375 0 1777797285 320871
4 2244 10470 0 1777797285 324172
0 2317 15073 0 1777797285 328206
2 2147 16026 0 1777797285 328905
0 2318 3439 0 1777797285 331648
4 2245 7656 0 1777797285 331831
6 2317 11274 0 1777797285 332148
2 2148 3641 0 1777797285 332548
0 2319 2563 0 1777797285 334214
6 2318 2165 0 1777797285 334316
3 2208 15954 0 1777797285 336530
1 2221 22703 0 1777797285 339688
3 2209 6413 0 1777797285 342948
5 2156 25972 0 1777797285 342968
3 2210 4186 0 1777797285 347155
5 2157 4124 0 1777797285 347165
1 2222 12111 0 1777797285 351801
3 2211 4643 0 1777797285 351809
5 2158 4638 0 1777797285 351814
0 2320 23694 0 1777797285 357910
3 2212 6088 0 1777797285 357915
5 2159 6085 0 1777797285 357919
6 2319 23606 0 1777797285 357923
2 2149 26718 0 1777797285 359268
1 2223 11861 0 1777797285 363676
4 2246 31850 0 1777797285 363683
4 2247 2342 0 1777797285 366034
0 2321 10580 0 1777797285 368503
3 2213 11396 0 1777797285 369326
5 2160 11676 0 1777797285 369611
6 2320 12706 0 1777797285 370645
5 2161 1754 0 1777797285 371367
5 2162 1792 0 1777797285 373161
3 2214 4304 0 1777797285 373640
1 2224 11325 0 1777797285 375009
5 2163 2284 0 1777797285 375449
5 2164 2130 0 1777797285 377581
3 2215 6303 0 1777797285 379945
1 2225 6134 0 1777797285 381146
0 2322 15127 0 1777797285 383635
5 2165 8957 0 1777797285 386540
6 2321 15959 0 1777797285 386610
2 2150 27845 0 1777797285 387116
6 2322 3649 0 1777797285 390261
5 2166 3758 0 1777797285 390300
0 2323 6715 0 1777797285 390356
2 2151 4467 0 1777797285 391585
2 2152 2359 0 1777797285 393948
5 2167 4317 0 1777797285 394618
0 2324 4349 0 1777797285 394707
3 2216 16237 0 1777797285 396185
5 2168 2389 0 1777797285 397012
2 2153 3422 0 1777797285 397375
0 2325 11593 0 1777797285 406301
5 2169 9294 0 1777797285 406308
6 2323 16047 0 1777797285 406313
3 2217 10399 0 1777797285 406586
4 2248 40570 0 1777797285 406606
2 2154 10248 0 1777797285 407625
5 2170 6956 0 1777797285 413297
6 2324 6951 0 1777797285 413303
2 2155 6824 0 1777797285 414454
0 2326 8585 0 1777797285 414900
4 2249 8293 0 1777797285 414907
0 2327 7935 0 1777797285 422843
2 2156 8408 0 1777797285 422865
3 2218 16265 0 1777797285 422872
4 2250 7962 0 1777797285 422879
5 2171 9582 0 1777797285 422886
6 2325 9569 0 1777797285 422892
3 2219 5982 0 1777797285 428893
5 2172 6046 0 1777797285 428979
6 2326 6055 0 1777797285 428995
0 2328 6980 0 1777797285 429873
4 2251 9429 0 1777797285 432348
2 2157 10070 0 1777797285 432973
4 2252 8641 0 1777797285 440991
0 2329 11138 0 1777797285 441013
2 2158 8129 0 1777797285 441105
6 2327 12104 0 1777797285 441111
5 2173 12404 0 1777797285 441400
0 2330 4602 0 1777797285 445617
3 2220 16733 0 1777797285 445629
6 2328 5629 0 1777797285 446749
2 2159 10982 0 1777797285 452094
4 2253 11156 0 1777797285 452150
5 2174 10794 0 1777797285 452195
6 2329 8420 0 1777797285 455178
0 2331 10133 0 1777797285 455764
1 2226 80959 0 1777797285 462112
2 2160 9980 0 1777797285 462133
3 2221 16498 0 1777797285 462142
5 2175 9953 0 1777797285 462149
6 2330 6968 0 1777797285 462156
4 2254 10048 0 1777797285 462220
1 2227 7318 0 1777797285 469475
0 2332 13812 0 1777797285 469578
4 2255 7382 0 1777797285 469603
2 2161 8768 0 1777797285 470945
5 2176 8760 0 1777797285 470956
6 2331 8758 0 1777797285 470962
4 2256 5006 0 1777797285 474610
3 2222 16582 0 1777797285 478771
1 2228 9309 0 1777797285 478789
4 2257 5306 0 1777797285 479918
6 2332 17866 0 1777797285 488863
5 2177 18138 0 1777797285 489119
2 2162 18610 0 1777797285 489573
3 2223 10904 0 1777797285 489677
0 2333 20595 0 1777797285 490175
1 2229 11392 0 1777797285 490182
5 2178 3278 0 1777797285 492398
4 2258 12520 0 1777797285 492443
1 2230 5486 0 1777797285 495677
6 2333 7132 0 1777797285 495997
1 2231 3396 0 1777797285 499076
0 2334 9348 0 1777797285 499531
2 2163 15680 0 1777797285 505255
1 2232 6718 0 1777797285 505796
3 2224 16168 0 1777797285 505846
0 2335 6370 0 1777797285 505904
5 2179 13915 0 1777797285 506315
6 2334 10340 0 1777797285 506340
1 2233 6325 0 1777797285 512123
3 2225 6286 0 1777797285 512134
6 2335 8493 0 1777797285 514834
2 2164 10353 0 1777797285 515657
3 2226 9984 0 1777797285 522131
5 2180 15819 0 1777797285 522138
6 2336 7789 0 1777797285 522635
1 2234 13573 0 1777797285 525709
4 2259 35092 0 1777797285 527536
4 2260 5455 0 1777797285 532994
2 2165 18220 0 1777797285 533880
6 2337 13507 0 1777797285 536144
1 2235 10568 0 1777797285 536289
0 2336 31064 0 1777797285 536969
5 2181 15677 0 1777797285 537834
3 2227 17518 0 1777797285 539657
1 2236 5594 0 1777797285 541885
5 2182 4073 0 1777797285 541909
3 2228 6314 0 1777797285 545973
0 2337 9484 0 1777797285 546459
2 2166 12733 0 1777797285 546617
4 2261 15187 0 1777797285 548185
5 2183 10388 0 1777797285 552298
6 2338 16156 0 1777797285 552306
1 2237 13961 0 1777797285 555850
0 2338 10606 0 1777797285 557072
2 2167 10484 0 1777797285 557103
4 2262 15041 0 1777797285 563229
5 2184 11112 0 1777797285 563420
3 2229 18023 0 1777797285 564001
6 2339 11691 0 1777797285 564009
4 2263 3823 0 1777797285 567054
5 2185 3641 0 1777797285 567062
0 2339 33350 0 1777797285 590424
1 2238 34573 0 1777797285 590433
2 2168 33951 0 1777797285 591055
3 2230 27054 0 1777797285 591065
2 2169 4046 0 1777797285 595112
3 2231 4638 0 1777797285 595715
4 2264 29093 0 1777797285 596156
0 2340 9446 0 1777797285 599881
1 2239 10689 0 1777797285 601135
4 2265 7471 0 1777797285 603630
6 2340 39764 0 1777797285 603785
3 2232 8269 0 1777797285 603987
5 2186 37448 0 1777797285 604527
4 2266 3012 0 1777797285 606644
0 2341 6840 0 1777797285 606738
2 2170 11876 0 1777797285 606990
4 2267 4528 0 1777797285 611176
5 2187 6653 0 1777797285 611183
1 2240 11167 0 1777797285 612304
6 2341 8792 0 1777797285 612579
2 2171 7339 0 1777797285 614331
0 2342 7625 0 1777797285 614364
4 2268 3185 0 1777797285 614369
5 2188 6385 0 1777797285 617580
2 2172 3614 0 1777797285 617950
1 2241 9079 0 1777797285 621388
0 2343 10267 0 1777797285 624638
4 2269 10289 0 1777797285 624666
5 2189 7994 0 1777797285 625576
6 2342 16334 0 1777797285 628914
0 2344 5333 0 1777797285 630001
2 2173 12087 0 1777797285 630038
5 2190 4616 0 1777797285 630194
4 2270 6300 0 1777797285 630994
5 2191 1960 0 1777797285 632155
1 2242 12036 0 1777797285 633438
4 2271 4345 0 1777797285 635344
2 2174 6315 0 1777797285 636355
5 2192 4236 0 1777797285 636393
1 2243 4408 0 1777797285 637868
3 2233 33919 0 1777797285 637908
3 2234 4550 0 1777797285 642460
4 2272 7143 0 1777797285 642490
2 2175 6588 0 1777797285 642947
1 2244 6430 0 1777797285 644307
5 2193 8910 0 1777797285 645305
2 2176 4854 0 1777797285 647807
1 2245 6422 0 1777797285 650731
3 2235 8290 0 1777797285 650758
5 2194 6006 0 1777797285 651320
2 2177 4185 0 1777797285 651995
6 2343 23159 0 1777797285 652077
0 2345 23226 0 1777797285 653234
0 2346 11784 0 1777797285 665038
1 2246 14308 0 1777797285 665047
4 2273 22560 0 1777797285 665051
5 2195 13735 0 1777797285 665056
6 2344 12981 0 1777797285 665060
2 2178 13570 0 1777797285 665566
3 2236 14815 0 1777797285 665574
2 2179 5549 0 1777797285 671124
4 2274 6058 0 1777797285 671134
5 2196 6359 0 1777797285 671440
6 2345 7133 0 1777797285 672220
0 2347 8728 0 1777797285 673788
1 2247 8745 0 1777797285 673816
0 2348 11613 0 1777797285 685431
2 2180 14304 0 1777797285 685439
3 2237 19831 0 1777797285 685445
5 2197 14011 0 1777797285 685452
6 2346 13234 0 1777797285 685458
1 2248 14447 0 1777797285 688284
4 2275 17150 0 1777797285 688295
0 2349 4418 0 1777797285 689877
6 2347 5060 0 1777797285 690548
2 2181 9416 0 1777797285 694882
5 2198 9426 0 1777797285 694905
1 2249 7240 0 1777797285 695536
0 2350 7187 0 1777797285 697066
1 2250 3905 0 1777797285 699443
6 2348 8900 0 1777797285 699451
3 2238 14085 0 1777797285 699558
1 2251 4189 0 1777797285 703641
3 2239 5536 0 1777797285 705097
2 2182 11366 0 1777797285 706274
4 2276 18077 0 1777797285 706394
6 2349 7774 0 1777797285 707306
2 2183 4306 0 1777797285 710588
4 2277 4281 0 1777797285 710676
1 2252 8914 0 1777797285 712559
3 2240 8377 0 1777797285 713476
5 2199 19440 0 1777797285 714357
0 2351 18277 0 1777797285 715345
1 2253 4121 0 1777797285 716685
1 2254 1691 0 1777797285 718379
3 2241 5929 0 1777797285 719407
5 2200 5992 0 1777797285 720351
2 2184 10854 0 1777797285 721532
2 2185 5115 0 1777797285 726650
2 2186 4017 0 1777797285 730669
5 2201 12430 0 1777797285 732788
1 2255 15224 0 1777797285 733607
0 2352 20681 0 1777797285 736029
3 2242 16632 0 1777797285 736043
5 2202 9433 0 1777797285 742225
1 2256 8765 0 1777797285 742375
2 2187 11879 0 1777797285 742551
6 2350 35318 0 1777797285 742628
3 2243 8079 0 1777797285 744138
3 2244 2505 0 1777797285 746647
1 2257 5525 0 1777797285 747903
6 2351 5308 0 1777797285 747937
5 2203 6197 0 1777797285 748431
3 2245 2314 0 1777797285 748962
4 2278 42203 0 1777797285 752891
1 2258 5123 0 1777797285 753031
5 2204 5217 0 1777797285 753651
4 2279 7756 0 1777797285 760648
3 2246 12223 0 1777797285 761187
1 2259 10833 0 1777797285 763866
5 2205 10718 0 1777797285 764370
3 2247 4722 0 1777797285 765911
4 2280 5722 0 1777797285 766379
2 2188 26388 0 1777797285 768941
5 2206 4578 0 1777797285 768950
1 2260 5381 0 1777797285 769250
0 2353 36829 0 1777797285 772873
2 2189 4818 0 1777797285 773769
6 2352 26337 0 1777797285 774276
6 2353 3206 0 1777797285 777484
2 2190 4060 0 1777797285 777830
0 2354 6189 0 1777797285 779094
2 2191 4648 0 1777797285 782483
0 2355 3405 0 1777797285 782506
1 2261 20706 0 1777797285 789958
5 2207 21017 0 1777797285 789980
6 2354 12510 0 1777797285 789997
3 2248 25560 0 1777797285 791473
0 2356 9078 0 1777797285 791585
2 2192 9335 0 1777797285 791820
1 2262 8927 0 1777797285 798926
2 2193 7110 0 1777797285 798932
4 2281 32566 0 1777797285 798947
3 2249 10363 0 1777797285 801838
6 2355 11822 0 1777797285 801866
0 2357 12463 0 1777797285 804050
5 2208 14188 0 1777797285 804216
3 2250 11371 0 1777797285 813211
4 2282 14247 0 1777797285 813218
2 2194 14701 0 1777797285 813658
5 2209 9448 0 1777797285 813665
1 2263 20242 0 1777797285 819190
4 2283 6145 0 1777797285 819381
5 2210 5727 0 1777797285 819416
3 2251 6309 0 1777797285 819528
0 2358 23177 0 1777797285 827230
2 2195 14804 0 1777797285 828470
6 2356 28153 0 1777797285 830020
1 2264 12432 0 1777797285 831632
4 2284 18450 0 1777797285 837835
3 2252 18357 0 1777797285 837886
2 2196 13228 0 1777797285 841700
5 2211 22302 0 1777797285 841719
0 2359 14538 0 1777797285 841771
6 2357 15820 0 1777797285 845842
4 2285 9081 0 1777797285 846925
0 2360 7144 0 1777797285 848916
2 2197 7360 0 1777797285 849081
3 2253 12516 0 1777797285 850403
6 2358 10071 0 1777797285 855917
5 2212 18389 0 1777797285 860134
4 2286 13349 0 1777797285 860281
0 2361 12100 0 1777797285 861018
2 2198 12725 0 1777797285 861807
1 2265 33632 0 1777797285 865271
3 2254 14997 0 1777797285 865415
0 2362 5381 0 1777797285 866400
5 2213 7404 0 1777797285 867549
6 2359 11647 0 1777797285 867565
2 2199 8256 0 1777797285 870064
4 2287 9803 0 1777797285 870085
1 2266 7069 0 1777797285 872351
5 2214 9274 0 1777797285 876841
6 2360 9413 0 1777797285 877002
3 2255 11690 0 1777797285 877108
2 2200 7074 0 1777797285 877160
4 2288 9133 0 1777797285 879227
0 2363 16341 0 1777797285 882747
6 2361 9236 0 1777797285 886239
3 2256 16235 0 1777797285 893345
4 2289 14123 0 1777797285 893352
2 2201 16355 0 1777797285 893525
6 2362 18069 0 1777797285 904313
1 2267 32397 0 1777797285 904759
1 2268 5771 0 1777797285 910532
5 2215 36636 0 1777797285 913482
1 2269 5382 0 1777797285 915917
4 2290 30828 0 1777797285 924194
6 2363 24071 0 1777797285 928386
5 2216 15403 0 1777797285 928888
1 2270 16150 0 1777797285 932079
3 2257 43169 0 1777797285 936521
1 2271 4698 0 1777797285 936779
5 2217 10766 0 1777797285 939655
2 2202 46557 0 1777797285 940083
4 2291 20866 0 1777797285 945067
2 2203 6207 0 1777797285 946293
3 2258 13846 0 1777797285 950368
1 2272 16161 0 1777797285 952941
4 2292 9355 0 1777797285 954423
5 2218 15223 0 1777797285 954880
1 2273 4835 0 1777797285 957779
6 2364 29999 0 1777797285 958390
3 2259 8532 0 1777797285 958904
6 2365 2844 0 1777797285 961236
5 2219 9815 0 1777797285 964700
2 2204 18437 0 1777797285 964731
4 2293 13541 0 1777797285 967968
1 2274 10238 0 1777797285 968019
3 2260 9081 0 1777797285 968027
2 2205 6115 0 1777797285 970848
4 2294 2880 0 1777797285 970857
1 2275 3053 0 1777797285 971081
3 2261 6460 0 1777797285 974497
3 2262 2438 0 1777797285 976940
5 2220 12243 0 1777797285 976949
2 2206 7425 0 1777797285 978283
4 2295 8012 0 1777797285 978881
4 2296 2704 0 1777797285 981587
3 2263 5147 0 1777797285 982097
6 2366 22262 0 1777797285 983500
5 2221 7257 0 1777797285 984217
2 2207 7991 0 1777797285 986276
0 2364 105186 0 1777797285 987935
1 2276 16872 0 1777797285 987955
3 2264 5862 0 1777797285 987961
4 2297 9585 0 1777797285 991174
3 2265 3760 0 1777797285 991730
1 2277 5184 0 1777797285 993146
6 2367 10164 0 1777797285 993669
3 2266 15338 0 1777797286 7071
5 2222 23015 0 1777797286 7236
4 2298 16578 0 1777797286 7754
6 2368 18252 0 1777797286 11924
2 2208 25721 0 1777797286 12003
0 2365 24628 0 1777797286 12565
1 2278 19993 0 1777797286 13142
5 2223 9005 0 1777797286 16243
2 2209 5114 0 1777797286 17119
6 2369 6965 0 1777797286 18893
0 2366 7845 0 1777797286 20412
4 2299 13459 0 1777797286 21217
3 2267 14797 0 1777797286 21870
4 2300 1774 0 1777797286 22995
3 2268 2047 0 1777797286 23921
6 2370 5069 0 1777797286 23965
4 2301 2330 0 1777797286 25330
6 2371 1762 0 1777797286 25729
5 2224 11156 0 1777797286 27401
2 2210 10407 0 1777797286 27532
4 2302 3687 0 1777797286 29019
0 2367 8981 0 1777797286 29397
1 2279 16887 0 1777797286 30031
5 2225 4297 0 1777797286 31701
1 2280 8969 0 1777797286 39004
4 2303 10014 0 1777797286 39035
3 2269 15148 0 1777797286 39071
0 2368 9814 0 1777797286 39213
2 2211 14251 0 1777797286 41784
5 2226 10102 0 1777797286 41806
6 2372 16330 0 1777797286 42062
1 2281 3089 0 1777797286 42096
4 2304 3140 0 1777797286 42177
1 2282 2000 0 1777797286 44097
4 2305 3797 0 1777797286 45975
6 2373 4173 0 1777797286 46236
5 2227 4663 0 1777797286 46470
2 2212 6087 0 1777797286 47873
6 2374 3262 0 1777797286 49500
4 2306 4001 0 1777797286 49981
3 2270 14061 0 1777797286 53134
4 2307 3495 0 1777797286 53478
5 2228 11173 0 1777797286 57645
4 2308 4338 0 1777797286 57818
2 2213 11192 0 1777797286 59069
5 2229 4146 0 1777797286 61793
1 2283 17731 0 1777797286 61831
6 2375 12377 0 1777797286 61881
3 2271 9955 0 1777797286 63092
3 2272 1088 0 1777797286 64182
5 2230 4016 0 1777797286 65815
4 2309 8823 0 1777797286 66642
3 2273 4272 0 1777797286 68459
1 2284 8754 0 1777797286 70586
6 2376 9328 0 1777797286 71211
3 2274 4815 0 1777797286 73279
2 2214 14583 0 1777797286 73654
4 2310 7018 0 1777797286 73662
5 2231 7858 0 1777797286 73677
3 2275 1482 0 1777797286 74764
4 2311 1547 0 1777797286 75243
2 2215 1595 0 1777797286 75274
0 2369 36660 0 1777797286 75874
3 2276 4665 0 1777797286 79432
5 2232 5765 0 1777797286 79479
4 2312 4787 0 1777797286 80032
6 2377 10576 0 1777797286 81788
1 2285 11898 0 1777797286 82487
4 2313 3458 0 1777797286 83494
4 2314 5848 0 1777797286 89344
1 2286 8197 0 1777797286 90688
3 2277 11303 0 1777797286 90738
6 2378 9172 0 1777797286 90962
5 2233 13832 0 1777797286 93312
3 2278 2702 0 1777797286 93441
1 2287 4190 0 1777797286 94880
3 2279 2485 0 1777797286 95928
5 2234 3352 0 1777797286 96666
3 2280 2209 0 1777797286 98139
4 2315 10776 0 1777797286 100122
0 2370 27696 0 1777797286 103572
6 2379 15184 0 1777797286 106148
3 2281 10661 0 1777797286 108802
4 2316 8968 0 1777797286 109093
0 2371 5921 0 1777797286 109502
3 2282 2786 0 1777797286 111591
0 2372 2265 0 1777797286 111770
4 2317 4552 0 1777797286 113649
3 2283 2609 0 1777797286 114202
2 2216 39719 0 1777797286 114995
4 2318 1587 0 1777797286 115239
1 2288 20455 0 1777797286 115340
2 2217 2217 0 1777797286 117213
3 2284 3201 0 1777797286 117405
4 2319 2965 0 1777797286 118206
3 2285 6897 0 1777797286 124304
3 2286 2695 0 1777797286 127003
4 2320 10737 0 1777797286 128948
5 2235 32965 0 1777797286 129633
4 2321 3309 0 1777797286 132259
3 2287 6183 0 1777797286 133188
4 2322 2108 0 1777797286 134371
5 2236 17388 0 1777797286 147024
1 2289 31894 0 1777797286 147235
6 2380 41098 0 1777797286 147254
0 2373 36344 0 1777797286 148116
2 2218 30946 0 1777797286 148161
4 2323 14319 0 1777797286 148691
2 2219 2340 0 1777797286 150502
2 2220 2384 0 1777797286 152889
0 2374 5449 0 1777797286 153567
4 2324 9730 0 1777797286 158424
3 2288 25257 0 1777797286 158448
5 2237 11493 0 1777797286 158582
0 2375 5300 0 1777797286 158870
2 2221 6049 0 1777797286 158946
6 2381 14429 0 1777797286 161684
4 2325 3301 0 1777797286 161728
3 2289 9206 0 1777797286 167655
0 2376 9469 0 1777797286 168341
2 2222 9461 0 1777797286 168408
6 2382 6881 0 1777797286 168570
5 2238 10592 0 1777797286 169176
0 2377 6357 0 1777797286 174704
4 2326 15007 0 1777797286 176737
1 2290 29558 0 1777797286 176794
2 2223 8407 0 1777797286 176817
3 2290 11406 0 1777797286 179063
5 2239 11655 0 1777797286 180849
0 2378 8287 0 1777797286 183001
1 2291 10561 0 1777797286 187389
2 2224 11156 0 1777797286 187983
6 2383 19435 0 1777797286 188006
4 2327 11568 0 1777797286 188313
5 2240 7508 0 1777797286 188358
0 2379 6136 0 1777797286 189140
3 2291 19283 0 1777797286 198349
