37 1 863812 0 1777797257 379059
37 2 9909 0 1777797257 388995
37 3 5486 0 1777797257 394483
37 4 2363 0 1777797257 396851
37 5 4771 0 1777797257 401630
37 6 1308 0 1777797257 402941
37 7 2743 0 1777797257 405692
37 8 2442 0 1777797257 408137
37 9 5939 0 1777797257 414080
37 10 8153 0 1777797257 422237
37 11 3857 0 1777797257 426102
37 12 13719 0 1777797257 439824
37 13 3993 0 1777797257 443824
37 14 5281 0 1777797257 449109
37 15 12031 0 1777797257 461145
37 16 15910 0 1777797257 477064
37 17 3774 0 1777797257 480847
37 18 4034 0 1777797257 484887
37 19 7296 0 1777797257 492188
37 20 2563 0 1777797257 494757
37 21 1913 0 1777797257 496675
37 22 1815 0 1777797257 498491
37 23 1277 0 1777797257 499774
37 24 3503 0 1777797257 503278
37 25 2994 0 1777797257 506282
37 26 4629 0 1777797257 510917
37 27 5472 0 1777797257 516390
37 28 6281 0 1777797257 522676
37 29 1013 0 1777797257 523698
37 30 3181 0 1777797257 526884
37 31 3024 0 1777797257 529911
37 32 7994 0 1777797257 537909
37 33 3406 0 1777797257 541323
37 34 4323 0 1777797257 545649
37 35 6134 0 1777797257 551786
37 36 26579 0 1777797257 578374
37 37 1873 0 1777797257 580251
37 38 1512 0 1777797257 581766
37 39 804 0 1777797257 582575
37 40 2782 0 1777797257 585359
37 41 7024 0 1777797257 592392
37 42 9039 0 1777797257 601432
37 43 3149 0 1777797257 604588
37 44 8939 0 1777797257 613534
37 45 996 0 1777797257 614532
37 46 817 0 1777797257 615352
37 47 702 0 1777797257 616056
37 48 1500 0 1777797257 617558
37 49 7477 0 1777797257 625040
37 50 3683 0 1777797257 628725
37 51 4392 0 1777797257 633120
37 52 4339 0 1777797257 637461
37 53 2810 0 1777797257 640274
37 54 9063 0 1777797257 649339
37 55 15911 0 1777797257 665252
37 56 31140 0 1777797257 696397
37 57 7097 0 1777797257 703497
37 58 15306 0 1777797257 718805
37 59 18685 0 1777797257 737493
32 1 1239056 0 1777797257 754187
37 60 16702 0 1777797257 754198
34 1 1241771 0 1777797257 756986
37 61 2821 0 1777797257 757034
32 2 9334 0 1777797257 763533
37 62 6643 0 1777797257 763678
34 2 10113 0 1777797257 767102
32 3 6723 0 1777797257 770261
34 3 7471 0 1777797257 774582
34 4 7866 0 1777797257 782461
32 4 13228 0 1777797257 783492
34 5 3462 0 1777797257 785926
32 5 2651 0 1777797257 786146
32 6 1063 0 1777797257 787212
34 6 1544 0 1777797257 787479
32 7 647 0 1777797257 787864
32 8 680 0 1777797257 788555
34 7 1109 0 1777797257 788590
32 9 863 0 1777797257 789422
32 10 3624 0 1777797257 793050
34 8 6752 0 1777797257 795344
34 9 1229 0 1777797257 796578
37 63 34285 0 1777797257 797965
34 10 1845 0 1777797257 798428
34 11 5639 0 1777797257 804071
32 11 11477 0 1777797257 804536
37 64 7995 0 1777797257 805962
37 65 1791 0 1777797257 807756
32 12 5847 0 1777797257 810386
34 12 6824 0 1777797257 810897
37 66 9577 0 1777797257 817335
34 13 6494 0 1777797257 817395
32 13 8527 0 1777797257 818917
37 67 2063 0 1777797257 819401
37 68 1909 0 1777797257 821314
32 14 3107 0 1777797257 822028
32 15 2895 0 1777797257 824927
34 14 8145 0 1777797257 825542
32 16 982 0 1777797257 825912
37 69 6410 0 1777797257 827726
34 15 4412 0 1777797257 829958
34 16 1146 0 1777797257 831107
37 70 12391 0 1777797257 840119
37 71 7346 0 1777797257 847467
34 17 30112 0 1777797257 861221
32 17 35510 0 1777797257 861424
37 72 16690 0 1777797257 864179
36 1 1351990 0 1777797257 867223
32 18 5931 0 1777797257 867356
34 18 9180 0 1777797257 870402
37 73 6234 0 1777797257 870415
34 19 1574 0 1777797257 871990
32 19 4948 0 1777797257 872306
34 20 1655 0 1777797257 873647
32 20 1461 0 1777797257 873770
37 74 5264 0 1777797257 875692
32 21 3889 0 1777797257 877662
34 21 6923 0 1777797257 880572
37 75 5633 0 1777797257 881330
32 22 7719 0 1777797257 885383
36 2 20942 0 1777797257 888169
36 3 4769 0 1777797257 892943
32 23 12386 0 1777797257 897771
37 76 16445 0 1777797257 897777
36 4 13277 0 1777797257 906222
32 24 9625 0 1777797257 907402
34 22 26860 0 1777797257 907435
37 77 12270 0 1777797257 910057
34 23 2751 0 1777797257 910188
34 24 2599 0 1777797257 912788
37 78 3061 0 1777797257 913121
37 79 5026 0 1777797257 918151
34 25 10735 0 1777797257 923525
36 5 18295 0 1777797257 924527
32 25 18951 0 1777797257 926359
36 6 10197 0 1777797257 934807
34 26 12534 0 1777797257 936062
32 26 11026 0 1777797257 937393
37 80 20081 0 1777797257 938234
35 1 1427504 0 1777797257 942729
34 27 7333 0 1777797257 943398
36 7 8948 0 1777797257 943757
32 27 11349 0 1777797257 948759
37 81 10543 0 1777797257 948780
36 8 11702 0 1777797257 955461
35 2 13907 0 1777797257 956720
35 3 5470 0 1777797257 962198
34 28 19631 0 1777797257 963034
36 9 7740 0 1777797257 963209
32 28 14513 0 1777797257 963294
37 82 15735 0 1777797257 964521
36 10 1372 0 1777797257 964582
34 29 4447 0 1777797257 967483
32 29 4934 0 1777797257 968231
35 4 13117 0 1777797257 975347
36 11 10778 0 1777797257 975361
37 83 10843 0 1777797257 975368
34 30 7934 0 1777797257 975419
33 1 1461251 0 1777797257 976459
37 84 3950 0 1777797257 979350
36 12 5640 0 1777797257 981031
32 30 16672 0 1777797257 984905
35 5 9539 0 1777797257 984908
33 2 10327 0 1777797257 986787
34 31 11804 0 1777797257 987224
37 85 8114 0 1777797257 987466
35 6 9476 0 1777797257 994390
32 31 9519 0 1777797257 994427
34 32 7201 0 1777797257 994431
36 13 13405 0 1777797257 994438
37 86 8239 0 1777797257 995706
33 3 9080 0 1777797257 995868
32 32 5341 0 1777797257 999780
36 14 5353 0 1777797257 999803
34 33 9139 0 1777797258 3583
37 87 8796 0 1777797258 4504
35 7 11475 0 1777797258 5889
36 15 6103 0 1777797258 5907
33 4 10067 0 1777797258 5937
36 16 5939 0 1777797258 11847
34 34 8293 0 1777797258 11877
37 88 7388 0 1777797258 11894
32 33 16782 0 1777797258 16565
35 8 10684 0 1777797258 16574
33 5 12483 0 1777797258 18423
36 17 6587 0 1777797258 18440
34 35 6618 0 1777797258 18496
37 89 8841 0 1777797258 20736
33 6 4780 0 1777797258 23221
34 36 6557 0 1777797258 25054
32 34 10719 0 1777797258 27294
33 7 6218 0 1777797258 29442
34 37 6620 0 1777797258 31677
36 18 13209 0 1777797258 31683
36 19 1318 0 1777797258 33012
37 90 12400 0 1777797258 33138
36 20 640 0 1777797258 33654
37 91 616 0 1777797258 33755
37 92 680 0 1777797258 34436
33 8 6271 0 1777797258 35718
37 93 1834 0 1777797258 36272
33 9 2586 0 1777797258 38307
35 9 23270 0 1777797258 39855
36 21 7934 0 1777797258 41591
34 38 10214 0 1777797258 41898
35 10 2054 0 1777797258 41912
37 94 6209 0 1777797258 42483
32 35 17616 0 1777797258 44912
36 22 4778 0 1777797258 46371
34 39 5497 0 1777797258 47396
35 11 5487 0 1777797258 47400
37 95 5985 0 1777797258 48471
35 12 2407 0 1777797258 49819
34 40 5954 0 1777797258 53356
37 96 5753 0 1777797258 54227
36 23 8025 0 1777797258 54399
37 97 953 0 1777797258 55182
36 24 1824 0 1777797258 56224
35 13 7638 0 1777797258 57459
34 41 5338 0 1777797258 58697
32 36 15260 0 1777797258 60173
35 14 3523 0 1777797258 60987
34 42 4871 0 1777797258 63571
37 98 8399 0 1777797258 63583
33 10 26553 0 1777797258 64862
36 25 8941 0 1777797258 65167
37 99 2703 0 1777797258 66300
35 15 5667 0 1777797258 66656
34 43 8280 0 1777797258 71865
35 16 8021 0 1777797258 74678
33 11 9881 0 1777797258 74745
32 37 17031 0 1777797258 77207
37 100 11133 0 1777797258 77436
34 44 6748 0 1777797258 78650
36 26 16372 0 1777797258 81541
32 38 8709 0 1777797258 85923
35 17 11256 0 1777797258 85936
37 101 8856 0 1777797258 86295
33 12 11566 0 1777797258 86313
36 27 5295 0 1777797258 86838
34 45 11284 0 1777797258 89938
32 39 4018 0 1777797258 89955
35 18 4084 0 1777797258 90037
32 40 5490 0 1777797258 95446
33 13 9354 0 1777797258 95668
34 46 14864 0 1777797258 104805
37 102 18585 0 1777797258 104883
36 28 19316 0 1777797258 106157
33 14 15746 0 1777797258 111415
34 47 6608 0 1777797258 111423
36 29 5270 0 1777797258 111429
35 19 21894 0 1777797258 111933
37 103 7055 0 1777797258 111940
32 41 18657 0 1777797258 114104
34 48 4744 0 1777797258 116181
36 30 4748 0 1777797258 116192
35 20 4757 0 1777797258 116698
36 31 2923 0 1777797258 119128
37 104 7203 0 1777797258 119154
34 49 4667 0 1777797258 120860
32 42 7676 0 1777797258 121787
33 15 12836 0 1777797258 124267
35 21 7575 0 1777797258 124277
33 16 4389 0 1777797258 128666
32 43 6929 0 1777797258 128717
35 22 4438 0 1777797258 128724
36 32 9574 0 1777797258 128729
34 50 8453 0 1777797258 129315
37 105 10414 0 1777797258 129592
32 44 5891 0 1777797258 134688
37 106 5100 0 1777797258 134694
33 17 7937 0 1777797258 136605
34 51 7813 0 1777797258 137131
36 33 9977 0 1777797258 138793
34 52 4525 0 1777797258 141659
32 45 22405 0 1777797258 157100
34 53 15443 0 1777797258 157108
37 107 22404 0 1777797258 157114
36 34 19123 0 1777797258 157918
33 18 23914 0 1777797258 160521
34 54 8232 0 1777797258 165359
35 23 36558 0 1777797258 165365
37 108 11403 0 1777797258 168537
32 46 11701 0 1777797258 168816
33 19 16521 0 1777797258 177047
36 35 19136 0 1777797258 177057
34 55 18064 0 1777797258 183430
35 24 18057 0 1777797258 183434
37 109 14893 0 1777797258 183438
32 47 20854 0 1777797258 189672
33 20 16448 0 1777797258 193508
34 56 10080 0 1777797258 193518
35 25 10082 0 1777797258 193524
33 21 11143 0 1777797258 204669
34 57 13219 0 1777797258 206768
35 26 13197 0 1777797258 206772
36 36 30168 0 1777797258 207254
32 48 17921 0 1777797258 207596
37 110 24155 0 1777797258 207602
33 22 7829 0 1777797258 212501
35 27 5826 0 1777797258 212603
32 49 10667 0 1777797258 218270
34 58 11512 0 1777797258 218285
36 37 11038 0 1777797258 218293
37 111 10688 0 1777797258 218299
33 23 7036 0 1777797258 219543
35 28 6945 0 1777797258 219550
32 50 8766 0 1777797258 227065
34 59 8765 0 1777797258 227079
35 29 7524 0 1777797258 227085
37 112 8762 0 1777797258 227092
36 38 10205 0 1777797258 228529
33 24 9371 0 1777797258 228922
32 51 10496 0 1777797258 237589
34 60 10487 0 1777797258 237597
36 39 9074 0 1777797258 237604
37 113 10482 0 1777797258 237610
35 30 14447 0 1777797258 241566
32 52 11281 0 1777797258 248892
33 25 20021 0 1777797258 248944
34 61 11336 0 1777797258 248959
36 40 11337 0 1777797258 248968
37 114 11335 0 1777797258 248974
35 31 8007 0 1777797258 249576
32 53 8948 0 1777797258 257923
33 26 8941 0 1777797258 257930
34 62 8931 0 1777797258 257935
36 41 8928 0 1777797258 257939
37 115 8924 0 1777797258 257943
35 32 9248 0 1777797258 258826
33 27 10990 0 1777797258 268942
34 63 10989 0 1777797258 268946
35 33 10124 0 1777797258 268951
36 42 10989 0 1777797258 268956
37 116 10983 0 1777797258 268959
32 54 11534 0 1777797258 269477
32 55 15063 0 1777797258 284542
33 28 15589 0 1777797258 284549
34 64 15587 0 1777797258 284554
35 34 15593 0 1777797258 284563
36 43 15594 0 1777797258 284569
37 117 15594 0 1777797258 284574
33 29 6526 0 1777797258 291126
34 65 6524 0 1777797258 291141
37 118 6510 0 1777797258 291148
32 56 12462 0 1777797258 297037
33 30 5909 0 1777797258 297059
35 35 12448 0 1777797258 297073
36 44 12447 0 1777797258 297079
37 119 6434 0 1777797258 297610
34 66 9227 0 1777797258 300395
36 45 5342 0 1777797258 302467
35 36 6109 0 1777797258 303217
32 57 7964 0 1777797258 305054
33 31 7963 0 1777797258 305063
37 120 7721 0 1777797258 305335
35 37 9812 0 1777797258 313031
34 67 14496 0 1777797258 314893
36 46 12443 0 1777797258 314912
37 121 9556 0 1777797258 314921
33 32 12329 0 1777797258 317685
32 58 13904 0 1777797258 319241
35 38 8289 0 1777797258 321321
37 122 7736 0 1777797258 322685
34 68 8114 0 1777797258 323036
33 33 14090 0 1777797258 331783
36 47 16868 0 1777797258 331807
37 123 10076 0 1777797258 332764
34 69 9829 0 1777797258 332867
35 39 11987 0 1777797258 333310
32 59 17035 0 1777797258 336278
36 48 5544 0 1777797258 337365
33 34 5580 0 1777797258 337389
34 70 4527 0 1777797258 337396
32 60 9136 0 1777797258 345416
35 40 12113 0 1777797258 345424
37 124 12664 0 1777797258 345429
33 35 11509 0 1777797258 348906
34 71 11514 0 1777797258 348920
36 49 11559 0 1777797258 348927
32 61 8245 0 1777797258 353675
35 41 8245 0 1777797258 353684
36 50 4736 0 1777797258 353690
37 125 8249 0 1777797258 353695
33 36 10001 0 1777797258 358929
34 72 9989 0 1777797258 358935
32 62 8336 0 1777797258 362032
35 42 8334 0 1777797258 362044
36 51 8367 0 1777797258 362084
37 126 8380 0 1777797258 362103
33 37 10645 0 1777797258 369582
36 52 7510 0 1777797258 369646
32 63 10278 0 1777797258 372383
35 43 10270 0 1777797258 372398
37 127 10251 0 1777797258 372405
33 38 4412 0 1777797258 374060
34 73 15182 0 1777797258 374123
36 53 4717 0 1777797258 374390
32 64 10401 0 1777797258 382807
33 39 8418 0 1777797258 382811
35 44 10386 0 1777797258 382816
36 54 8313 0 1777797258 382820
37 128 10386 0 1777797258 382824
34 74 13261 0 1777797258 387679
32 65 12513 0 1777797258 395337
35 45 12507 0 1777797258 395342
36 55 12506 0 1777797258 395346
37 129 12504 0 1777797258 395349
33 40 13279 0 1777797258 396109
37 130 3692 0 1777797258 399062
35 46 4939 0 1777797258 400294
34 75 13819 0 1777797258 401503
32 66 8759 0 1777797258 404110
37 131 5481 0 1777797258 404545
37 132 2158 0 1777797258 406704
32 67 5690 0 1777797258 409801
37 133 4250 0 1777797258 410957
35 47 11553 0 1777797258 411849
35 48 3658 0 1777797258 415510
37 134 6988 0 1777797258 417946
32 68 9132 0 1777797258 418937
33 41 27030 0 1777797258 423141
37 135 5208 0 1777797258 423156
35 49 10632 0 1777797258 426149
34 76 28405 0 1777797258 429910
36 56 34569 0 1777797258 429931
33 42 10023 0 1777797258 433180
37 136 10063 0 1777797258 433230
32 69 15167 0 1777797258 434106
35 50 7966 0 1777797258 434121
34 77 13208 0 1777797258 443140
36 57 13224 0 1777797258 443176
33 43 13242 0 1777797258 446429
33 44 2930 0 1777797258 449361
32 70 17568 0 1777797258 451690
34 78 11862 0 1777797258 455007
33 45 6501 0 1777797258 455865
32 71 9002 0 1777797258 460695
33 46 9370 0 1777797258 465238
37 137 32851 0 1777797258 466083
36 58 23456 0 1777797258 466633
34 79 11701 0 1777797258 466711
36 59 4340 0 1777797258 470976
33 47 6163 0 1777797258 471403
32 72 11040 0 1777797258 471737
34 80 9168 0 1777797258 475881
32 73 5749 0 1777797258 477488
34 81 2522 0 1777797258 478407
36 60 9269 0 1777797258 480266
33 48 9110 0 1777797258 480518
32 74 3755 0 1777797258 481246
32 75 3743 0 1777797258 484991
32 76 6919 0 1777797258 491911
34 82 26554 0 1777797258 504964
32 77 14362 0 1777797258 506275
35 51 72147 0 1777797258 506279
37 138 40198 0 1777797258 506285
36 61 26046 0 1777797258 506316
34 83 5830 0 1777797258 510800
37 139 4505 0 1777797258 510806
36 62 6486 0 1777797258 512802
33 49 33332 0 1777797258 513852
32 78 8356 0 1777797258 514641
36 63 3788 0 1777797258 516591
32 79 9604 0 1777797258 524245
33 50 10400 0 1777797258 524252
34 84 13452 0 1777797258 524258
35 52 17970 0 1777797258 524263
36 64 7688 0 1777797258 524280
33 51 5260 0 1777797258 529570
34 85 5243 0 1777797258 529575
37 140 18770 0 1777797258 529584
35 53 5883 0 1777797258 530224
32 80 6468 0 1777797258 530749
32 81 6608 0 1777797258 537360
33 52 7786 0 1777797258 537370
34 86 7784 0 1777797258 537374
35 54 7151 0 1777797258 537378
36 65 13032 0 1777797258 537381
37 141 7791 0 1777797258 537385
32 82 6101 0 1777797258 543487
37 142 6085 0 1777797258 543504
34 87 8218 0 1777797258 545624
35 55 8221 0 1777797258 545631
33 53 9237 0 1777797258 546633
34 88 4720 0 1777797258 550352
35 56 4737 0 1777797258 550377
32 83 10096 0 1777797258 553601
36 66 16195 0 1777797258 553609
37 143 10099 0 1777797258 553616
33 54 8324 0 1777797258 554963
34 89 4828 0 1777797258 555207
35 57 6622 0 1777797258 557030
37 144 4059 0 1777797258 557731
35 58 6174 0 1777797258 563213
33 55 8457 0 1777797258 563421
34 90 8217 0 1777797258 563427
36 67 9805 0 1777797258 563431
32 84 9843 0 1777797258 563460
37 145 8770 0 1777797258 566503
35 59 3411 0 1777797258 566625
36 68 8612 0 1777797258 572060
33 56 9515 0 1777797258 572947
37 146 9456 0 1777797258 575960
32 85 14421 0 1777797258 577882
35 60 13176 0 1777797258 579803
36 69 7757 0 1777797258 579819
33 57 7745 0 1777797258 580694
34 91 17369 0 1777797258 580809
32 86 3631 0 1777797258 581515
32 87 6648 0 1777797258 588164
33 58 8176 0 1777797258 588873
34 92 8303 0 1777797258 589113
35 61 9299 0 1777797258 589119
36 70 9978 0 1777797258 589852
37 147 13905 0 1777797258 589867
32 88 4866 0 1777797258 593032
33 59 6047 0 1777797258 594922
34 93 5813 0 1777797258 594933
36 71 8170 0 1777797258 598038
34 94 5285 0 1777797258 600268
37 148 10387 0 1777797258 600285
32 89 9810 0 1777797258 602851
33 60 7924 0 1777797258 602859
35 62 14268 0 1777797258 603396
36 72 6131 0 1777797258 604171
32 90 7766 0 1777797258 610627
33 61 7791 0 1777797258 610662
34 95 10384 0 1777797258 610670
35 63 7280 0 1777797258 610677
37 149 10388 0 1777797258 610685
36 73 6953 0 1777797258 611157
32 91 5014 0 1777797258 615700
33 62 9653 0 1777797258 620362
34 96 9651 0 1777797258 620370
35 64 9647 0 1777797258 620388
37 150 9644 0 1777797258 620395
36 74 10958 0 1777797258 622116
32 92 9678 0 1777797258 625380
37 151 4925 0 1777797258 625388
34 97 5500 0 1777797258 625950
32 93 6103 0 1777797258 631492
35 65 11041 0 1777797258 631498
36 75 10180 0 1777797258 632299
37 152 6904 0 1777797258 632306
34 98 11988 0 1777797258 637940
35 66 6427 0 1777797258 637947
36 76 5650 0 1777797258 637957
32 94 8501 0 1777797258 640001
33 63 19614 0 1777797258 640010
34 99 2658 0 1777797258 640616
37 153 8304 0 1777797258 640625
36 77 3002 0 1777797258 640998
35 67 7549 0 1777797258 645516
37 154 5909 0 1777797258 646548
32 95 6567 0 1777797258 646578
34 100 6339 0 1777797258 646965
33 64 8656 0 1777797258 648683
32 96 5085 0 1777797258 651666
34 101 4714 0 1777797258 651680
37 155 5133 0 1777797258 651687
36 78 11118 0 1777797258 652119
33 65 5475 0 1777797258 654160
37 156 2925 0 1777797258 654709
35 68 11293 0 1777797258 656812
34 102 5416 0 1777797258 657189
37 157 3112 0 1777797258 657822
34 103 2059 0 1777797258 659249
36 79 7629 0 1777797258 659749
35 69 3322 0 1777797258 660139
37 158 3747 0 1777797258 661574
34 104 3729 0 1777797258 662980
32 97 11954 0 1777797258 663642
34 105 1010 0 1777797258 663991
32 98 3179 0 1777797258 666825
35 70 7403 0 1777797258 667545
34 106 5214 0 1777797258 669208
36 80 9720 0 1777797258 669471
35 71 3078 0 1777797258 670627
36 81 1480 0 1777797258 670954
36 82 1851 0 1777797258 672807
36 83 1442 0 1777797258 674252
37 159 14250 0 1777797258 675826
34 107 7089 0 1777797258 676299
32 99 10295 0 1777797258 677124
36 84 2884 0 1777797258 677138
37 160 2737 0 1777797258 678565
32 100 2295 0 1777797258 679434
33 66 27897 0 1777797258 682060
32 101 5120 0 1777797258 684556
34 108 8953 0 1777797258 685254
37 161 8206 0 1777797258 686773
32 102 4861 0 1777797258 689421
33 67 8794 0 1777797258 690855
37 162 4082 0 1777797258 690865
34 109 6040 0 1777797258 691295
34 110 3327 0 1777797258 694624
37 163 3756 0 1777797258 694637
36 85 18312 0 1777797258 695463
37 164 4997 0 1777797258 699649
34 111 5833 0 1777797258 700471
32 103 13628 0 1777797258 703052
37 165 3684 0 1777797258 703337
33 68 16189 0 1777797258 707055
32 104 4041 0 1777797258 707095
34 112 7932 0 1777797258 708405
32 105 3439 0 1777797258 710535
36 86 16381 0 1777797258 711847
32 106 2261 0 1777797258 712798
32 107 1851 0 1777797258 714651
32 108 1499 0 1777797258 716152
32 109 552 0 1777797258 716706
36 87 6048 0 1777797258 717898
35 72 47635 0 1777797258 718264
32 110 3779 0 1777797258 720486
34 113 14018 0 1777797258 722427
37 166 19989 0 1777797258 723327
32 111 7032 0 1777797258 727521
36 88 9631 0 1777797258 727533
37 167 7322 0 1777797258 730653
34 114 10024 0 1777797258 732453
36 89 4911 0 1777797258 732459
33 69 29200 0 1777797258 736256
37 168 5666 0 1777797258 736321
32 112 18061 0 1777797258 745595
33 70 9276 0 1777797258 745599
34 115 13143 0 1777797258 745603
35 73 27340 0 1777797258 745607
36 90 13146 0 1777797258 745611
37 169 9282 0 1777797258 745616
33 71 5417 0 1777797258 751038
34 116 7675 0 1777797258 753301
37 170 8337 0 1777797258 753978
35 74 8644 0 1777797258 754274
32 113 9110 0 1777797258 754727
34 117 7798 0 1777797258 761101
37 171 7128 0 1777797258 761112
33 72 10100 0 1777797258 761140
36 91 16119 0 1777797258 761754
32 114 9597 0 1777797258 764326
33 73 5590 0 1777797258 766731
36 92 5050 0 1777797258 766805
37 172 7927 0 1777797258 769055
34 118 8399 0 1777797258 769512
35 75 20768 0 1777797258 775044
32 115 12958 0 1777797258 777294
37 173 8250 0 1777797258 777308
34 119 8320 0 1777797258 777835
33 74 12924 0 1777797258 779731
36 93 16519 0 1777797258 783337
35 76 11684 0 1777797258 786730
37 174 11077 0 1777797258 788398
32 116 17119 0 1777797258 794429
32 117 3366 0 1777797258 797797
32 118 3707 0 1777797258 801506
34 120 28232 0 1777797258 806071
34 121 5584 0 1777797258 811657
33 75 34068 0 1777797258 813801
37 175 25417 0 1777797258 813819
36 94 30836 0 1777797258 814175
32 119 13920 0 1777797258 815494
34 122 7771 0 1777797258 819431
37 176 7077 0 1777797258 820914
36 95 11828 0 1777797258 826005
33 76 13559 0 1777797258 827379
32 120 13868 0 1777797258 829368
34 123 19042 0 1777797258 838477
37 177 17564 0 1777797258 838481
32 121 27387 0 1777797258 856759
34 124 19381 0 1777797258 857863
36 96 35806 0 1777797258 861816
33 77 34448 0 1777797258 861829
32 122 5081 0 1777797258 861841
34 125 3981 0 1777797258 861845
32 123 2224 0 1777797258 864069
37 178 33447 0 1777797258 871935
33 78 11292 0 1777797258 873121
34 126 13473 0 1777797258 875322
32 124 13597 0 1777797258 877670
34 127 6974 0 1777797258 882297
32 125 5827 0 1777797258 883498
33 79 10380 0 1777797258 883502
35 77 96773 0 1777797258 883505
37 179 11571 0 1777797258 883508
36 97 22313 0 1777797258 884131
34 128 4084 0 1777797258 886384
35 78 6231 0 1777797258 889749
36 98 5615 0 1777797258 889753
37 180 10863 0 1777797258 894384
32 126 11857 0 1777797258 895366
37 181 1527 0 1777797258 895912
33 80 12625 0 1777797258 896138
35 79 9375 0 1777797258 899129
33 81 3426 0 1777797258 899566
37 182 6464 0 1777797258 902378
33 82 4915 0 1777797258 904486
35 80 5371 0 1777797258 904501
36 99 17197 0 1777797258 906956
33 83 4839 0 1777797258 909342
35 81 4831 0 1777797258 909351
32 127 14709 0 1777797258 910080
36 100 6300 0 1777797258 913259
34 129 28840 0 1777797258 915226
36 101 44818 0 1777797258 958079
32 128 52102 0 1777797258 962184
33 84 52852 0 1777797258 962204
34 130 46984 0 1777797258 962211
35 82 52855 0 1777797258 962217
36 102 4140 0 1777797258 962223
37 183 59851 0 1777797258 962230
33 85 5027 0 1777797258 967274
32 129 5157 0 1777797258 967388
37 184 5390 0 1777797258 967687
35 83 5601 0 1777797258 967864
34 131 6301 0 1777797258 968557
36 103 8813 0 1777797258 971102
33 86 9748 0 1777797258 977024
35 84 9207 0 1777797258 977073
37 185 9468 0 1777797258 977157
34 132 8742 0 1777797258 977302
32 130 11822 0 1777797258 979211
33 87 5234 0 1777797258 982393
37 186 5145 0 1777797258 982400
34 133 5120 0 1777797258 982424
36 104 13588 0 1777797258 984691
36 105 2796 0 1777797258 987489
32 131 8747 0 1777797258 987959
35 85 14333 0 1777797258 991535
37 187 9916 0 1777797258 992327
32 132 8613 0 1777797258 996574
34 134 15767 0 1777797258 998193
35 86 6881 0 1777797258 998418
36 106 12439 0 1777797258 999931
35 87 1723 0 1777797259 143
33 88 17792 0 1777797259 194
37 188 63933 0 1777797259 56266
32 133 60221 0 1777797259 56797
33 89 56607 0 1777797259 56803
34 135 58612 0 1777797259 56807
35 88 56667 0 1777797259 56811
36 107 56881 0 1777797259 56814
37 189 12577 0 1777797259 68851
35 89 16911 0 1777797259 73742
36 108 16922 0 1777797259 73758
32 134 24679 0 1777797259 81493
33 90 24681 0 1777797259 81502
34 136 24681 0 1777797259 81508
37 190 13780 0 1777797259 82638
35 90 9285 0 1777797259 83045
36 109 13917 0 1777797259 87698
33 91 6583 0 1777797259 88103
32 135 6911 0 1777797259 88421
34 137 6902 0 1777797259 88430
32 136 7644 0 1777797259 96075
33 92 7980 0 1777797259 96084
34 138 7638 0 1777797259 96088
35 91 13047 0 1777797259 96093
36 110 8397 0 1777797259 96097
37 191 13461 0 1777797259 96100
37 192 5798 0 1777797259 101927
32 137 8476 0 1777797259 104577
33 93 8479 0 1777797259 104589
34 139 8480 0 1777797259 104595
36 111 10196 0 1777797259 106320
35 92 16506 0 1777797259 112625
37 193 10704 0 1777797259 112633
32 138 12061 0 1777797259 116658
33 94 12053 0 1777797259 116668
34 140 12048 0 1777797259 116672
36 112 10354 0 1777797259 116676
35 93 9061 0 1777797259 121696
37 194 9060 0 1777797259 121704
32 139 12804 0 1777797259 129481
33 95 12814 0 1777797259 129504
34 141 12817 0 1777797259 129511
36 113 12820 0 1777797259 129518
32 140 5437 0 1777797259 134957
33 96 5435 0 1777797259 134967
35 94 13301 0 1777797259 135006
36 114 5467 0 1777797259 135015
37 195 13323 0 1777797259 135041
34 142 6734 0 1777797259 136275
33 97 9530 0 1777797259 144601
32 141 10988 0 1777797259 146030
34 143 9808 0 1777797259 146084
35 95 11010 0 1777797259 146090
36 115 11011 0 1777797259 146098
37 196 12174 0 1777797259 147268
34 144 9984 0 1777797259 156091
35 96 9968 0 1777797259 156097
36 116 9966 0 1777797259 156101
32 142 10682 0 1777797259 156781
33 98 12187 0 1777797259 156790
32 143 10872 0 1777797259 167663
33 99 10867 0 1777797259 167671
34 145 11575 0 1777797259 167677
35 97 11672 0 1777797259 167782
36 117 11708 0 1777797259 167823
37 197 20650 0 1777797259 167920
33 100 10258 0 1777797259 178226
35 98 10214 0 1777797259 178234
37 198 10000 0 1777797259 178256
34 146 12377 0 1777797259 180387
36 118 12367 0 1777797259 180395
32 144 12809 0 1777797259 180731
34 147 4925 0 1777797259 185323
37 199 7066 0 1777797259 185353
36 119 6783 0 1777797259 187190
35 99 15894 0 1777797259 194175
33 101 16409 0 1777797259 194678
34 148 14139 0 1777797259 199493
36 120 12303 0 1777797259 199502
37 200 14141 0 1777797259 199510
35 100 13278 0 1777797259 207455
37 201 7941 0 1777797259 207467
32 145 33105 0 1777797259 213837
33 102 19172 0 1777797259 213852
34 149 14349 0 1777797259 213860
36 121 14361 0 1777797259 213880
32 146 17947 0 1777797259 231830
33 103 17910 0 1777797259 231836
34 150 17876 0 1777797259 231842
32 147 8289 0 1777797259 240132
33 104 8286 0 1777797259 240139
34 151 8285 0 1777797259 240144
35 101 32701 0 1777797259 240169
36 122 26184 0 1777797259 240176
37 202 32698 0 1777797259 240182
32 148 5952 0 1777797259 246135
33 105 5948 0 1777797259 246142
34 152 5947 0 1777797259 246148
36 123 5966 0 1777797259 246181
37 203 5967 0 1777797259 246190
35 102 8833 0 1777797259 249041
32 149 10282 0 1777797259 256473
33 106 10258 0 1777797259 256482
34 153 10256 0 1777797259 256487
35 103 7458 0 1777797259 256502
36 124 10270 0 1777797259 256509
37 204 10269 0 1777797259 256515
33 107 9561 0 1777797259 266094
35 104 9551 0 1777797259 266102
36 125 9549 0 1777797259 266108
37 205 9548 0 1777797259 266113
32 150 11394 0 1777797259 267910
34 154 18092 0 1777797259 274634
32 151 10992 0 1777797259 278908
37 206 12852 0 1777797259 279016
33 108 15570 0 1777797259 281684
34 155 7062 0 1777797259 281698
36 126 15579 0 1777797259 281708
35 105 24776 0 1777797259 290898
36 127 9193 0 1777797259 290923
33 109 23638 0 1777797259 305347
32 152 31066 0 1777797259 309982
34 156 28277 0 1777797259 309999
37 207 30990 0 1777797259 310007
33 110 9853 0 1777797259 315202
35 106 24287 0 1777797259 315213
36 128 24266 0 1777797259 315218
32 153 5795 0 1777797259 315803
37 208 10533 0 1777797259 320610
34 157 18227 0 1777797259 328293
32 154 21290 0 1777797259 337095
33 111 21882 0 1777797259 337101
36 129 21870 0 1777797259 337109
37 209 16492 0 1777797259 337115
35 107 30902 0 1777797259 346135
36 130 18003 0 1777797259 355133
37 210 18009 0 1777797259 355148
35 108 9065 0 1777797259 355203
32 155 18642 0 1777797259 355757
33 112 19578 0 1777797259 356702
36 131 8762 0 1777797259 363912
32 156 8419 0 1777797259 364178
37 211 9369 0 1777797259 364551
34 158 39486 0 1777797259 367787
35 109 12589 0 1777797259 367794
33 113 11280 0 1777797259 367984
32 157 5072 0 1777797259 369254
37 212 8994 0 1777797259 373548
32 158 7483 0 1777797259 376739
34 159 10578 0 1777797259 378373
36 132 14472 0 1777797259 378385
32 159 5612 0 1777797259 382353
37 213 8814 0 1777797259 382364
33 114 22417 0 1777797259 390403
34 160 12036 0 1777797259 390422
35 110 22612 0 1777797259 390429
36 133 12041 0 1777797259 390435
32 160 13055 0 1777797259 395420
35 111 4975 0 1777797259 395428
36 134 4974 0 1777797259 395434
37 214 13116 0 1777797259 395535
36 135 2514 0 1777797259 398033
32 161 5505 0 1777797259 400941
35 112 5756 0 1777797259 401266
37 215 6913 0 1777797259 402450
36 136 8639 0 1777797259 406674
32 162 6106 0 1777797259 407053
36 137 1253 0 1777797259 407930
33 115 18808 0 1777797259 409244
32 163 3881 0 1777797259 410935
35 113 9652 0 1777797259 410943
36 138 4105 0 1777797259 412041
32 164 4020 0 1777797259 414965
36 139 5058 0 1777797259 417106
37 216 17351 0 1777797259 419805
35 114 11917 0 1777797259 422870
34 161 33757 0 1777797259 424203
37 217 4405 0 1777797259 424211
34 162 5737 0 1777797259 429949
37 218 6418 0 1777797259 430639
33 116 23066 0 1777797259 432313
36 140 15460 0 1777797259 432567
36 141 1676 0 1777797259 434245
33 117 2111 0 1777797259 434431
35 115 14245 0 1777797259 437179
33 118 3543 0 1777797259 437975
34 163 9688 0 1777797259 439644
36 142 5403 0 1777797259 439650
32 165 26193 0 1777797259 441162
32 166 1246 0 1777797259 442410
35 116 5250 0 1777797259 442431
32 167 2639 0 1777797259 445051
35 117 2629 0 1777797259 445061
34 164 6707 0 1777797259 446359
33 119 10676 0 1777797259 448652
34 165 4035 0 1777797259 450396
33 120 2810 0 1777797259 451464
37 219 21185 0 1777797259 451826
32 168 8288 0 1777797259 453351
35 118 8366 0 1777797259 453436
32 169 2097 0 1777797259 455453
37 220 3948 0 1777797259 455776
34 166 6538 0 1777797259 456942
32 170 1879 0 1777797259 457334
37 221 1682 0 1777797259 457459
36 143 18590 0 1777797259 458250
33 121 8574 0 1777797259 460040
35 119 8416 0 1777797259 461856
33 122 5245 0 1777797259 465288
35 120 3443 0 1777797259 465301
37 222 8994 0 1777797259 466454
36 144 8568 0 1777797259 466819
32 171 10057 0 1777797259 467393
35 121 2430 0 1777797259 467746
36 145 980 0 1777797259 467800
37 223 2950 0 1777797259 469406
36 146 3844 0 1777797259 471645
32 172 4726 0 1777797259 472142
32 173 1568 0 1777797259 473712
36 147 2071 0 1777797259 473719
35 122 8005 0 1777797259 475752
33 123 10647 0 1777797259 475950
37 224 7823 0 1777797259 477231
32 174 4004 0 1777797259 477724
36 148 4006 0 1777797259 477735
32 175 2678 0 1777797259 480415
33 124 4469 0 1777797259 480422
36 149 2680 0 1777797259 480428
32 176 5386 0 1777797259 485815
36 150 5374 0 1777797259 485822
33 125 8936 0 1777797259 489374
34 167 32437 0 1777797259 489382
35 123 13631 0 1777797259 489390
37 225 12389 0 1777797259 489622
36 151 5230 0 1777797259 491063
34 168 1918 0 1777797259 491319
32 177 6294 0 1777797259 492117
36 152 4494 0 1777797259 495559
37 226 5949 0 1777797259 495572
32 178 4235 0 1777797259 496356
35 124 7279 0 1777797259 496691
34 169 6734 0 1777797259 498054
33 126 9227 0 1777797259 498618
37 227 3534 0 1777797259 499117
32 179 6943 0 1777797259 503302
33 127 4695 0 1777797259 503315
35 125 6627 0 1777797259 503321
36 153 8784 0 1777797259 504357
35 126 1536 0 1777797259 504877
33 128 1586 0 1777797259 504919
34 170 8306 0 1777797259 506362
36 154 2663 0 1777797259 507022
37 228 9190 0 1777797259 508310
32 180 5228 0 1777797259 508550
33 129 4596 0 1777797259 509516
37 229 1461 0 1777797259 509772
32 181 2986 0 1777797259 511539
33 130 2073 0 1777797259 511592
36 155 5877 0 1777797259 512901
37 230 3171 0 1777797259 512946
35 127 11139 0 1777797259 516019
37 231 3022 0 1777797259 516027
33 131 4587 0 1777797259 516228
36 156 4998 0 1777797259 517948
33 132 2545 0 1777797259 518775
32 182 7463 0 1777797259 519057
32 183 2602 0 1777797259 521660
37 232 5639 0 1777797259 521677
33 133 3344 0 1777797259 522121
36 157 4180 0 1777797259 522129
32 184 8311 0 1777797259 529989
37 233 8297 0 1777797259 529993
33 134 8106 0 1777797259 530236
34 171 23880 0 1777797259 530244
35 128 14223 0 1777797259 530251
36 158 8239 0 1777797259 530389
33 135 10157 0 1777797259 540411
35 129 10259 0 1777797259 540612
34 172 10460 0 1777797259 540752
32 185 10950 0 1777797259 540943
36 159 10560 0 1777797259 540950
37 234 10955 0 1777797259 540953
34 173 13462 0 1777797259 554216
35 130 13658 0 1777797259 554278
37 235 13544 0 1777797259 554507
32 186 13799 0 1777797259 554753
33 136 14589 0 1777797259 555202
36 160 15270 0 1777797259 556229
32 187 7184 0 1777797259 561938
37 236 7480 0 1777797259 561989
35 131 8484 0 1777797259 562763
33 137 7640 0 1777797259 562843
34 174 10611 0 1777797259 564830
36 161 9466 0 1777797259 565699
37 237 10736 0 1777797259 572727
35 132 14701 0 1777797259 577466
34 175 12769 0 1777797259 577601
36 162 11969 0 1777797259 577677
32 188 16689 0 1777797259 578630
35 133 5476 0 1777797259 582945
36 163 5313 0 1777797259 582992
34 176 5719 0 1777797259 583322
37 238 10599 0 1777797259 583328
33 138 20558 0 1777797259 583403
35 134 10273 0 1777797259 593267
36 164 10332 0 1777797259 593336
34 177 10285 0 1777797259 593662
37 239 10282 0 1777797259 593669
33 139 10297 0 1777797259 593701
32 189 17302 0 1777797259 595933
35 135 3538 0 1777797259 596810
36 165 6312 0 1777797259 599649
34 178 6081 0 1777797259 599751
35 136 3704 0 1777797259 600519
37 240 6843 0 1777797259 600524
36 166 4187 0 1777797259 603839
32 190 8022 0 1777797259 603958
34 179 4892 0 1777797259 604645
37 241 4807 0 1777797259 605341
33 140 17848 0 1777797259 611551
35 137 11030 0 1777797259 611555
36 167 7968 0 1777797259 611808
34 180 7169 0 1777797259 611819
37 242 7647 0 1777797259 612992
32 191 10809 0 1777797259 614768
35 138 3934 0 1777797259 615494
33 141 10494 0 1777797259 622049
36 168 11865 0 1777797259 623674
37 243 11384 0 1777797259 624379
35 139 8981 0 1777797259 624476
34 181 12678 0 1777797259 624498
32 192 9739 0 1777797259 624515
36 169 4348 0 1777797259 628024
33 142 6466 0 1777797259 628518
35 140 4400 0 1777797259 628878
35 141 3696 0 1777797259 632578
36 170 4566 0 1777797259 632592
34 182 8125 0 1777797259 632624
37 244 8820 0 1777797259 633201
33 143 9380 0 1777797259 637900
32 193 13430 0 1777797259 637946
36 171 5959 0 1777797259 638565
34 183 6977 0 1777797259 639602
37 245 8944 0 1777797259 642147
35 142 9643 0 1777797259 642237
33 144 8116 0 1777797259 646017
34 184 7289 0 1777797259 646899
36 172 10848 0 1777797259 649415
32 194 11626 0 1777797259 649574
35 143 7677 0 1777797259 649917
33 145 7318 0 1777797259 653338
34 185 6446 0 1777797259 653347
37 246 11989 0 1777797259 654158
32 195 6147 0 1777797259 655723
37 247 3866 0 1777797259 658027
35 144 12633 0 1777797259 662553
36 173 13256 0 1777797259 662673
33 146 9541 0 1777797259 662890
37 248 5883 0 1777797259 663912
34 186 10597 0 1777797259 663960
32 196 8287 0 1777797259 664013
36 174 2444 0 1777797259 665118
37 249 4568 0 1777797259 668482
33 147 5682 0 1777797259 668573
35 145 6020 0 1777797259 668581
32 197 4873 0 1777797259 668887
36 175 5988 0 1777797259 671108
35 146 2594 0 1777797259 671184
35 147 2025 0 1777797259 673211
37 250 5361 0 1777797259 673845
37 251 1633 0 1777797259 675480
32 198 6612 0 1777797259 675502
35 148 2879 0 1777797259 676092
32 199 1147 0 1777797259 676651
36 176 5957 0 1777797259 677072
35 149 2371 0 1777797259 678467
34 187 15384 0 1777797259 679345
37 252 5263 0 1777797259 680747
37 253 1051 0 1777797259 681800
32 200 5882 0 1777797259 682536
35 150 4075 0 1777797259 682545
32 201 2040 0 1777797259 684586
35 151 2265 0 1777797259 684822
34 188 5978 0 1777797259 685325
32 202 2734 0 1777797259 687322
37 254 5543 0 1777797259 687344
35 152 4664 0 1777797259 689490
34 189 4304 0 1777797259 689633
32 203 2640 0 1777797259 689985
36 177 13524 0 1777797259 690597
37 255 5274 0 1777797259 692637
32 204 3671 0 1777797259 693658
34 190 6753 0 1777797259 696387
35 153 6903 0 1777797259 696400
37 256 3767 0 1777797259 696407
32 205 2951 0 1777797259 696614
35 154 1482 0 1777797259 697905
36 178 8159 0 1777797259 698757
33 148 33614 0 1777797259 702196
37 257 5768 0 1777797259 702202
32 206 5717 0 1777797259 702332
32 207 2314 0 1777797259 704646
35 155 6744 0 1777797259 704651
37 258 2447 0 1777797259 704655
34 191 11387 0 1777797259 707795
32 208 5562 0 1777797259 710217
34 192 4725 0 1777797259 712522
37 259 7923 0 1777797259 712590
35 156 8659 0 1777797259 713321
37 260 8243 0 1777797259 720835
32 209 16105 0 1777797259 726326
37 261 6609 0 1777797259 727446
35 157 14528 0 1777797259 727852
34 193 17482 0 1777797259 730006
32 210 10850 0 1777797259 737179
35 158 18190 0 1777797259 746046
36 179 49590 0 1777797259 748351
34 194 18469 0 1777797259 748477
32 211 26597 0 1777797259 763785
32 212 5254 0 1777797259 769041
33 149 83839 0 1777797259 786043
34 195 37571 0 1777797259 786051
36 180 37705 0 1777797259 786059
32 213 17047 0 1777797259 786091
35 159 42717 0 1777797259 788779
37 262 61367 0 1777797259 788819
32 214 8635 0 1777797259 794728
33 150 15504 0 1777797259 801565
34 196 15520 0 1777797259 801590
36 181 15522 0 1777797259 801598
32 215 20985 0 1777797259 815718
35 160 29833 0 1777797259 818620
37 263 29813 0 1777797259 818633
33 151 21229 0 1777797259 822894
34 197 21224 0 1777797259 822904
36 182 21222 0 1777797259 822911
37 264 8551 0 1777797259 827192
32 216 17280 0 1777797259 832999
35 161 14425 0 1777797259 833058
34 198 12274 0 1777797259 835196
33 152 12383 0 1777797259 835295
36 183 12424 0 1777797259 835354
37 265 12292 0 1777797259 839487
32 217 10691 0 1777797259 843698
35 162 12777 0 1777797259 845836
33 153 11269 0 1777797259 846566
36 184 11226 0 1777797259 846581
34 199 13583 0 1777797259 848786
37 266 10936 0 1777797259 850426
32 218 15963 0 1777797259 859666
37 267 9292 0 1777797259 859720
36 185 16104 0 1777797259 862685
33 154 16155 0 1777797259 862723
35 163 16896 0 1777797259 862739
34 200 14313 0 1777797259 863101
37 268 16367 0 1777797259 876088
36 186 17315 0 1777797259 880007
32 219 20369 0 1777797259 880050
35 164 17305 0 1777797259 880056
33 155 22259 0 1777797259 885000
34 201 23856 0 1777797259 886959
37 269 15026 0 1777797259 891117
35 165 13669 0 1777797259 893735
32 220 13745 0 1777797259 893802
33 156 9407 0 1777797259 894409
36 187 15817 0 1777797259 895833
34 202 24572 0 1777797259 911534
33 157 17221 0 1777797259 911635
36 188 15895 0 1777797259 911729
35 166 18007 0 1777797259 911745
37 270 20753 0 1777797259 911871
32 221 18172 0 1777797259 911976
35 167 8081 0 1777797259 919827
33 158 9032 0 1777797259 920669
37 271 10006 0 1777797259 921878
33 159 22992 0 1777797259 943666
34 203 32139 0 1777797259 943675
37 272 21802 0 1777797259 943682
35 168 23982 0 1777797259 943817
36 189 32105 0 1777797259 943837
32 222 34802 0 1777797259 946780
35 169 4003 0 1777797259 947822
37 273 4681 0 1777797259 948384
36 190 5801 0 1777797259 949638
34 204 13972 0 1777797259 957666
32 223 15928 0 1777797259 962712
32 224 4398 0 1777797259 967112
32 225 5161 0 1777797259 972277
36 191 23630 0 1777797259 973272
37 274 29158 0 1777797259 977545
33 160 34492 0 1777797259 978175
35 170 31430 0 1777797259 979254
34 205 30301 0 1777797259 987969
36 192 14711 0 1777797259 987987
33 161 12347 0 1777797259 990527
37 275 13299 0 1777797259 990851
34 206 5427 0 1777797259 993415
33 162 6570 0 1777797259 997100
36 193 11150 0 1777797259 999151
33 163 2312 0 1777797259 999415
35 171 20910 0 1777797260 166
36 194 5806 0 1777797260 4959
37 276 14208 0 1777797260 5061
33 164 7981 0 1777797260 7398
36 195 4699 0 1777797260 9660
34 207 21976 0 1777797260 15392
32 226 44744 0 1777797260 17025
36 196 9118 0 1777797260 18781
33 165 11554 0 1777797260 18954
34 208 4355 0 1777797260 19754
35 172 22046 0 1777797260 22215
32 227 6079 0 1777797260 23106
34 209 3385 0 1777797260 23141
37 277 18296 0 1777797260 23359
35 173 1306 0 1777797260 23525
34 210 1168 0 1777797260 24310
35 174 987 0 1777797260 24514
32 228 5054 0 1777797260 28164
34 211 3872 0 1777797260 28184
35 175 3677 0 1777797260 28192
36 197 9425 0 1777797260 28208
37 278 4852 0 1777797260 28213
34 212 3864 0 1777797260 32089
35 176 3883 0 1777797260 32114
36 198 3886 0 1777797260 32123
32 229 4425 0 1777797260 32639
33 166 13690 0 1777797260 32646
35 177 2129 0 1777797260 34265
36 199 3800 0 1777797260 35945
32 230 3588 0 1777797260 36235
37 279 8012 0 1777797260 36254
35 178 3594 0 1777797260 37861
32 231 3038 0 1777797260 39293
33 167 6981 0 1777797260 39637
35 179 2098 0 1777797260 39962
32 232 4418 0 1777797260 43713
37 280 10684 0 1777797260 46955
33 168 10702 0 1777797260 50342
37 281 3394 0 1777797260 50357
32 233 6700 0 1777797260 50416
37 282 4183 0 1777797260 54561
32 234 4586 0 1777797260 55003
36 200 19363 0 1777797260 55311
34 213 24762 0 1777797260 56886
32 235 3656 0 1777797260 58668
34 214 3403 0 1777797260 60292
32 236 1773 0 1777797260 60443
37 283 5898 0 1777797260 60461
32 237 2356 0 1777797260 62801
37 284 5538 0 1777797260 66000
36 201 10755 0 1777797260 66067
33 169 15945 0 1777797260 66303
34 215 6507 0 1777797260 66800
34 216 6248 0 1777797260 73050
37 285 7127 0 1777797260 73129
33 170 6881 0 1777797260 73185
32 238 11027 0 1777797260 73830
36 202 8767 0 1777797260 74835
33 171 1983 0 1777797260 75170
32 239 4478 0 1777797260 78309
35 180 39861 0 1777797260 79825
34 217 10802 0 1777797260 83854
32 240 7178 0 1777797260 85494
35 181 7855 0 1777797260 87682
35 182 9248 0 1777797260 96932
35 183 1397 0 1777797260 98333
32 241 13012 0 1777797260 98509
32 242 1092 0 1777797260 99602
34 218 16498 0 1777797260 100354
37 286 31526 0 1777797260 104657
35 184 6352 0 1777797260 104687
36 203 29866 0 1777797260 104761
32 243 5174 0 1777797260 104778
33 172 29676 0 1777797260 104848
34 219 4497 0 1777797260 104854
35 185 3805 0 1777797260 108493
35 186 1851 0 1777797260 110346
33 173 6040 0 1777797260 110896
34 220 6042 0 1777797260 110906
32 244 9630 0 1777797260 114410
36 204 9657 0 1777797260 114419
37 287 9814 0 1777797260 114473
37 288 939 0 1777797260 115413
34 221 4837 0 1777797260 115795
36 205 3202 0 1777797260 117634
32 245 3451 0 1777797260 117871
34 222 5250 0 1777797260 121047
35 187 11125 0 1777797260 121474
33 174 10759 0 1777797260 121666
35 188 1309 0 1777797260 122786
37 289 7625 0 1777797260 123041
32 246 5713 0 1777797260 123586
33 175 1928 0 1777797260 123596
36 206 5966 0 1777797260 123602
35 189 2533 0 1777797260 125322
32 247 3730 0 1777797260 127333
34 223 6291 0 1777797260 127340
37 290 4354 0 1777797260 127396
33 176 4130 0 1777797260 127742
35 190 2715 0 1777797260 128040
36 207 6900 0 1777797260 130521
35 191 4132 0 1777797260 132174
36 208 2842 0 1777797260 133366
35 192 3987 0 1777797260 136163
34 224 9575 0 1777797260 136925
33 177 12652 0 1777797260 140402
37 291 13906 0 1777797260 141303
34 225 4955 0 1777797260 141882
35 193 6802 0 1777797260 142967
36 209 10773 0 1777797260 144141
37 292 5284 0 1777797260 146589
34 226 7804 0 1777797260 149691
35 194 7140 0 1777797260 150117
33 178 11492 0 1777797260 151901
35 195 4452 0 1777797260 154571
37 293 7987 0 1777797260 154582
34 227 5380 0 1777797260 155073
36 210 11673 0 1777797260 155816
32 248 29975 0 1777797260 157317
37 294 3945 0 1777797260 158540
33 179 7216 0 1777797260 159119
32 249 4354 0 1777797260 161675
33 180 2674 0 1777797260 161794
37 295 5064 0 1777797260 163608
33 181 2020 0 1777797260 163816
36 211 8345 0 1777797260 164165
34 228 10264 0 1777797260 165341
35 196 10958 0 1777797260 165541
32 250 3881 0 1777797260 165558
36 212 4182 0 1777797260 168349
34 229 3543 0 1777797260 168886
35 197 4143 0 1777797260 169685
32 251 4301 0 1777797260 169860
37 296 6295 0 1777797260 169906
33 182 8186 0 1777797260 172003
33 183 3245 0 1777797260 175253
35 198 5577 0 1777797260 175264
36 213 6921 0 1777797260 175271
34 230 8052 0 1777797260 176948
32 252 8307 0 1777797260 178169
37 297 10247 0 1777797260 180186
36 214 6383 0 1777797260 181677
35 199 6409 0 1777797260 181695
37 298 4636 0 1777797260 184824
32 253 10265 0 1777797260 188436
33 184 13218 0 1777797260 188489
34 231 11547 0 1777797260 188498
36 215 6827 0 1777797260 188506
32 254 2059 0 1777797260 190524
33 185 2303 0 1777797260 190810
37 299 7843 0 1777797260 192671
32 255 2665 0 1777797260 193192
32 256 1850 0 1777797260 195046
36 216 6873 0 1777797260 195414
37 300 2818 0 1777797260 195492
33 186 6565 0 1777797260 197377
35 200 16003 0 1777797260 197699
35 201 2317 0 1777797260 200018
37 301 4913 0 1777797260 200406
32 257 5766 0 1777797260 200816
34 232 12595 0 1777797260 201126
36 217 6312 0 1777797260 201727
37 302 3246 0 1777797260 203653
33 187 6584 0 1777797260 203964
34 233 2857 0 1777797260 203984
32 258 5614 0 1777797260 206433
37 303 2929 0 1777797260 206588
33 188 4074 0 1777797260 208042
35 202 9593 0 1777797260 209613
34 234 5747 0 1777797260 209732
36 218 9658 0 1777797260 211387
37 304 5523 0 1777797260 212112
32 259 6581 0 1777797260 213017
32 260 6193 0 1777797260 219212
37 305 7192 0 1777797260 219306
32 261 1983 0 1777797260 221198
37 306 5008 0 1777797260 224315
33 189 16381 0 1777797260 224425
35 203 15343 0 1777797260 224958
32 262 5897 0 1777797260 227099
37 307 3613 0 1777797260 227933
35 204 4560 0 1777797260 229520
37 308 2265 0 1777797260 230200
32 263 4563 0 1777797260 231666
35 205 2311 0 1777797260 231833
36 219 20629 0 1777797260 232019
33 190 9150 0 1777797260 233576
37 309 3972 0 1777797260 234177
35 206 2525 0 1777797260 234421
32 264 3554 0 1777797260 235225
36 220 3288 0 1777797260 235312
33 191 7225 0 1777797260 240804
35 207 7689 0 1777797260 242111
37 310 8136 0 1777797260 242314
32 265 8492 0 1777797260 243718
36 221 8582 0 1777797260 243895
37 311 2406 0 1777797260 244721
36 222 2006 0 1777797260 245902
36 223 961 0 1777797260 246865
36 224 1088 0 1777797260 247956
37 312 4882 0 1777797260 249604
35 208 8161 0 1777797260 250273
36 225 5307 0 1777797260 253265
32 266 12347 0 1777797260 256068
33 192 16054 0 1777797260 256861
36 226 7073 0 1777797260 260341
32 267 5314 0 1777797260 261384
37 313 13721 0 1777797260 263328
32 268 2221 0 1777797260 263617
36 227 3529 0 1777797260 263871
35 209 14974 0 1777797260 265250
32 269 1858 0 1777797260 265476
33 193 9446 0 1777797260 266309
36 228 3609 0 1777797260 267481
33 194 2404 0 1777797260 268716
37 314 5395 0 1777797260 268727
32 270 5911 0 1777797260 271389
34 235 61663 0 1777797260 271396
33 195 2947 0 1777797260 271675
37 315 3881 0 1777797260 272623
35 210 11681 0 1777797260 276934
34 236 6035 0 1777797260 277442
36 229 9968 0 1777797260 277451
37 316 4984 0 1777797260 277611
33 196 10004 0 1777797260 281681
34 237 4244 0 1777797260 281696
35 211 4900 0 1777797260 281835
32 271 11926 0 1777797260 283324
37 317 8350 0 1777797260 285962
36 230 8552 0 1777797260 286014
33 197 4560 0 1777797260 286257
34 238 5347 0 1777797260 287061
35 212 8502 0 1777797260 290338
33 198 4226 0 1777797260 290484
36 231 4579 0 1777797260 290593
32 272 7772 0 1777797260 291101
34 239 4056 0 1777797260 291119
37 318 6210 0 1777797260 292180
32 273 2874 0 1777797260 293977
33 199 4097 0 1777797260 294582
35 213 5718 0 1777797260 296064
34 240 6343 0 1777797260 297463
32 274 3731 0 1777797260 297711
33 200 4912 0 1777797260 299499
37 319 8003 0 1777797260 300186
35 214 7348 0 1777797260 303414
33 201 5318 0 1777797260 304824
36 232 14288 0 1777797260 304882
35 215 1514 0 1777797260 304929
34 241 8320 0 1777797260 305785
35 216 865 0 1777797260 305796
35 217 1181 0 1777797260 306990
35 218 3017 0 1777797260 310009
36 233 5839 0 1777797260 310722
32 275 13035 0 1777797260 310747
33 202 7054 0 1777797260 311885
34 242 6102 0 1777797260 311900
35 219 5827 0 1777797260 315837
36 234 5118 0 1777797260 315849
37 320 15668 0 1777797260 315856
33 203 4802 0 1777797260 316704
32 276 6029 0 1777797260 316777
37 321 2069 0 1777797260 317947
35 220 3694 0 1777797260 319552
36 235 4837 0 1777797260 320708
35 221 4546 0 1777797260 324099
36 236 3787 0 1777797260 324497
34 243 17605 0 1777797260 329523
35 222 5425 0 1777797260 329529
36 237 7096 0 1777797260 331595
34 244 2306 0 1777797260 331837
35 223 2844 0 1777797260 332382
32 277 15816 0 1777797260 332595
32 278 3546 0 1777797260 336142
32 279 1496 0 1777797260 337641
36 238 7721 0 1777797260 339325
37 322 30062 0 1777797260 348012
34 245 16251 0 1777797260 348089
37 323 1141 0 1777797260 349155
34 246 2979 0 1777797260 351069
34 247 2803 0 1777797260 353874
37 324 5017 0 1777797260 354174
32 280 17348 0 1777797260 354990
33 204 38903 0 1777797260 355610
33 205 1073 0 1777797260 356696
33 206 1062 0 1777797260 357760
32 281 4704 0 1777797260 359700
33 207 1965 0 1777797260 359726
34 248 5954 0 1777797260 359830
34 249 2690 0 1777797260 362522
33 208 3408 0 1777797260 363135
32 282 3477 0 1777797260 363178
37 325 9009 0 1777797260 363184
32 283 743 0 1777797260 363928
32 284 1416 0 1777797260 365345
33 209 3073 0 1777797260 366210
34 250 3696 0 1777797260 366220
32 285 1018 0 1777797260 366365
37 326 3443 0 1777797260 366637
34 251 4516 0 1777797260 370754
33 210 7157 0 1777797260 373379
37 327 6789 0 1777797260 373428
35 224 45076 0 1777797260 377459
37 328 4055 0 1777797260 377484
36 239 38266 0 1777797260 377592
32 286 11948 0 1777797260 378315
34 252 7564 0 1777797260 378321
35 225 2890 0 1777797260 380376
34 253 2248 0 1777797260 380581
32 287 3217 0 1777797260 381540
34 254 2692 0 1777797260 383275
32 288 3048 0 1777797260 384590
35 226 7439 0 1777797260 387817
34 255 4687 0 1777797260 387964
34 256 1332 0 1777797260 389298
32 289 5549 0 1777797260 390140
35 227 2732 0 1777797260 390606
34 257 3592 0 1777797260 392893
33 211 20671 0 1777797260 394055
35 228 4180 0 1777797260 394787
33 212 1662 0 1777797260 395721
35 229 963 0 1777797260 395755
37 329 19041 0 1777797260 396545
33 213 3392 0 1777797260 399117
35 230 3426 0 1777797260 399182
32 290 9880 0 1777797260 400022
34 258 11055 0 1777797260 403951
37 330 7559 0 1777797260 404106
33 214 5614 0 1777797260 404733
35 231 5634 0 1777797260 404817
32 291 5092 0 1777797260 405116
37 331 1625 0 1777797260 405750
36 240 29849 0 1777797260 407443
34 259 3527 0 1777797260 407480
37 332 6050 0 1777797260 411801
33 215 7468 0 1777797260 412205
34 260 5625 0 1777797260 413107
36 241 8534 0 1777797260 415980
32 292 10897 0 1777797260 416014
37 333 6325 0 1777797260 418128
33 216 6294 0 1777797260 418500
34 261 5396 0 1777797260 418506
35 232 13694 0 1777797260 418512
32 293 6525 0 1777797260 422540
35 233 4432 0 1777797260 422964
36 242 7207 0 1777797260 423195
33 217 5360 0 1777797260 423873
34 262 5976 0 1777797260 424499
33 218 5064 0 1777797260 428939
32 294 6838 0 1777797260 429380
37 334 11257 0 1777797260 429387
36 243 7643 0 1777797260 430840
34 263 6373 0 1777797260 430874
35 234 8488 0 1777797260 431454
33 219 3553 0 1777797260 432495
34 264 5144 0 1777797260 436021
37 335 6642 0 1777797260 436041
36 244 5968 0 1777797260 436809
35 235 8213 0 1777797260 439668
33 220 7197 0 1777797260 439694
37 336 6569 0 1777797260 442629
34 265 6655 0 1777797260 442699
33 221 3574 0 1777797260 443270
32 295 14246 0 1777797260 443634
36 245 9083 0 1777797260 445893
34 266 5506 0 1777797260 448206
37 337 7308 0 1777797260 449939
33 222 10027 0 1777797260 453302
36 246 10909 0 1777797260 456805
37 338 6871 0 1777797260 456813
32 296 13652 0 1777797260 457289
35 236 17652 0 1777797260 457325
34 267 9147 0 1777797260 457355
33 223 4344 0 1777797260 457647
33 224 5890 0 1777797260 463538
34 268 6807 0 1777797260 464163
34 269 3858 0 1777797260 468025
33 225 5736 0 1777797260 469276
37 339 12470 0 1777797260 469300
35 237 12700 0 1777797260 470027
36 247 16732 0 1777797260 473546
34 270 6020 0 1777797260 474048
37 340 5359 0 1777797260 474660
33 226 5401 0 1777797260 474678
32 297 17521 0 1777797260 474811
32 298 3462 0 1777797260 478275
37 341 3621 0 1777797260 478284
35 238 8870 0 1777797260 478900
33 227 4475 0 1777797260 479154
34 271 5533 0 1777797260 479583
36 248 7445 0 1777797260 480994
37 342 4178 0 1777797260 482471
32 299 5131 0 1777797260 483416
33 228 7958 0 1777797260 487113
34 272 7548 0 1777797260 487134
35 239 9324 0 1777797260 488227
36 249 7238 0 1777797260 488234
32 300 5244 0 1777797260 488663
37 343 9482 0 1777797260 491958
32 301 6946 0 1777797260 495610
33 229 8611 0 1777797260 495728
35 240 7604 0 1777797260 495839
36 250 7702 0 1777797260 495945
34 273 10528 0 1777797260 497662
37 344 6251 0 1777797260 498211
35 241 2994 0 1777797260 498834
33 230 3735 0 1777797260 499464
32 302 6099 0 1777797260 501717
35 242 3117 0 1777797260 501953
36 251 7643 0 1777797260 503590
37 345 5893 0 1777797260 504106
34 274 6675 0 1777797260 504339
33 231 5851 0 1777797260 505320
32 303 4040 0 1777797260 505765
35 243 3837 0 1777797260 505791
37 346 4108 0 1777797260 508218
33 232 4842 0 1777797260 510164
34 275 6023 0 1777797260 510364
36 252 7075 0 1777797260 510666
32 304 6525 0 1777797260 512293
35 244 6822 0 1777797260 512615
37 347 8317 0 1777797260 516536
35 245 6960 0 1777797260 519577
33 233 9491 0 1777797260 519657
36 253 8994 0 1777797260 519662
32 305 7447 0 1777797260 519744
34 276 9573 0 1777797260 519939
36 254 1965 0 1777797260 521638
32 306 3256 0 1777797260 523001
33 234 3360 0 1777797260 523023
34 277 6386 0 1777797260 526327
35 246 7117 0 1777797260 526695
32 307 4478 0 1777797260 527481
37 348 11803 0 1777797260 528342
35 247 3783 0 1777797260 530482
32 308 3987 0 1777797260 531470
37 349 4085 0 1777797260 532428
32 309 5720 0 1777797260 537192
34 278 10999 0 1777797260 537328
35 248 7217 0 1777797260 537700
37 350 5614 0 1777797260 538044
32 310 3906 0 1777797260 541101
33 235 18092 0 1777797260 541116
34 279 4951 0 1777797260 542280
36 255 20727 0 1777797260 542366
35 249 5627 0 1777797260 543401
33 236 4060 0 1777797260 545177
37 351 8430 0 1777797260 546476
33 237 5066 0 1777797260 550246
35 250 7181 0 1777797260 550585
37 352 6120 0 1777797260 552598
33 238 3094 0 1777797260 553343
32 311 12794 0 1777797260 553897
36 256 12959 0 1777797260 555326
33 239 5254 0 1777797260 558599
32 312 6002 0 1777797260 559904
36 257 4617 0 1777797260 559944
37 353 8863 0 1777797260 561463
33 240 5508 0 1777797260 564111
36 258 5299 0 1777797260 565247
37 354 4479 0 1777797260 565947
35 251 16606 0 1777797260 567192
32 313 9756 0 1777797260 569662
35 252 2478 0 1777797260 569673
33 241 6279 0 1777797260 570392
34 280 29991 0 1777797260 572273
35 253 3848 0 1777797260 573532
36 259 8692 0 1777797260 573945
37 355 8520 0 1777797260 574473
34 281 6807 0 1777797260 579082
35 254 5550 0 1777797260 579090
37 356 4622 0 1777797260 579097
32 314 11971 0 1777797260 581644
34 282 7366 0 1777797260 586464
35 255 7399 0 1777797260 586508
33 242 16245 0 1777797260 586639
36 260 13330 0 1777797260 587276
32 315 7157 0 1777797260 588809
37 357 9738 0 1777797260 588856
34 283 5617 0 1777797260 592126
35 256 5717 0 1777797260 592237
37 358 5484 0 1777797260 594341
35 257 2513 0 1777797260 594752
35 258 1623 0 1777797260 596376
32 316 7652 0 1777797260 596468
37 359 2389 0 1777797260 596732
32 317 2150 0 1777797260 598621
37 360 2063 0 1777797260 598796
35 259 2462 0 1777797260 598840
34 284 6774 0 1777797260 598904
33 243 12385 0 1777797260 599025
36 261 12621 0 1777797260 599901
33 244 2660 0 1777797260 601686
35 260 3286 0 1777797260 602127
35 261 1073 0 1777797260 603204
37 361 5947 0 1777797260 604744
36 262 7023 0 1777797260 606928
32 318 8921 0 1777797260 607549
33 245 13817 0 1777797260 615505
37 362 11120 0 1777797260 615869
36 263 9057 0 1777797260 615992
35 262 13308 0 1777797260 616517
34 285 19655 0 1777797260 618560
36 264 3837 0 1777797260 619830
35 263 3472 0 1777797260 619995
34 286 10580 0 1777797260 629144
32 319 24853 0 1777797260 632404
33 246 16901 0 1777797260 632408
32 320 5166 0 1777797260 637575
33 247 10634 0 1777797260 643048
32 321 7640 0 1777797260 645217
34 287 16135 0 1777797260 645281
35 264 25287 0 1777797260 645284
36 265 28899 0 1777797260 648731
37 363 33190 0 1777797260 649060
34 288 4915 0 1777797260 650205
36 266 24352 0 1777797260 673084
32 322 28509 0 1777797260 673794
37 364 24889 0 1777797260 673949
36 267 1235 0 1777797260 674326
34 289 27735 0 1777797260 677942
36 268 3623 0 1777797260 677951
32 323 4184 0 1777797260 677981
33 248 36183 0 1777797260 679233
37 365 5299 0 1777797260 679249
36 269 2844 0 1777797260 680802
37 366 2307 0 1777797260 681571
36 270 2097 0 1777797260 682904
37 367 2594 0 1777797260 684169
37 368 4926 0 1777797260 689097
37 369 1926 0 1777797260 691025
34 290 13122 0 1777797260 691073
36 271 8319 0 1777797260 691225
36 272 4123 0 1777797260 695350
34 291 6681 0 1777797260 697757
36 273 3651 0 1777797260 699006
37 370 8018 0 1777797260 699045
37 371 1980 0 1777797260 701027
34 292 4430 0 1777797260 702188
36 274 7318 0 1777797260 706325
34 293 4244 0 1777797260 706434
37 372 7232 0 1777797260 708260
37 373 3451 0 1777797260 711713
36 275 5769 0 1777797260 712098
36 276 4811 0 1777797260 716911
37 374 7168 0 1777797260 718884
36 277 2379 0 1777797260 719292
37 375 1396 0 1777797260 720284
37 376 2425 0 1777797260 722714
36 278 3964 0 1777797260 723260
33 249 45290 0 1777797260 724540
33 250 1523 0 1777797260 726066
34 294 19783 0 1777797260 726218
32 324 49368 0 1777797260 727349
37 377 6396 0 1777797260 729113
35 265 84034 0 1777797260 729328
34 295 3145 0 1777797260 729364
36 279 8612 0 1777797260 731876
34 296 6455 0 1777797260 735820
37 378 6737 0 1777797260 735852
36 280 4309 0 1777797260 736186
33 251 10597 0 1777797260 736668
33 252 4192 0 1777797260 740863
36 281 5187 0 1777797260 741374
33 253 1441 0 1777797260 742307
34 297 7650 0 1777797260 743503
34 298 3589 0 1777797260 747095
37 379 11820 0 1777797260 747684
36 282 6591 0 1777797260 747967
33 254 6697 0 1777797260 749010
34 299 2085 0 1777797260 749243
35 266 20612 0 1777797260 749941
33 255 1859 0 1777797260 750875
36 283 3679 0 1777797260 751650
34 300 5746 0 1777797260 754990
37 380 7743 0 1777797260 755429
33 256 5144 0 1777797260 756026
34 301 1755 0 1777797260 756747
33 257 7414 0 1777797260 763444
37 381 13511 0 1777797260 768942
33 258 7011 0 1777797260 770458
35 267 20521 0 1777797260 770467
37 382 4254 0 1777797260 773198
37 383 2194 0 1777797260 775395
34 302 19685 0 1777797260 776436
34 303 1609 0 1777797260 778047
37 384 2657 0 1777797260 778056
33 259 9231 0 1777797260 779702
37 385 2825 0 1777797260 780893
34 304 5620 0 1777797260 783677
32 325 56772 0 1777797260 784123
36 284 32951 0 1777797260 784605
37 386 4711 0 1777797260 785606
34 305 2566 0 1777797260 786248
36 285 2276 0 1777797260 786882
34 306 2156 0 1777797260 788407
36 286 1670 0 1777797260 788556
37 387 6227 0 1777797260 791835
34 307 4385 0 1777797260 792794
37 388 2449 0 1777797260 794289
36 287 5760 0 1777797260 794318
32 326 10702 0 1777797260 794826
32 327 804 0 1777797260 795632
32 328 1795 0 1777797260 797429
33 260 19766 0 1777797260 799471
32 329 4396 0 1777797260 801827
35 268 34740 0 1777797260 805254
34 308 13450 0 1777797260 806246
32 330 7293 0 1777797260 809121
36 288 17547 0 1777797260 811867
35 269 6881 0 1777797260 812137
34 309 8507 0 1777797260 814757
36 289 3148 0 1777797260 815023
34 310 2197 0 1777797260 816956
35 270 6847 0 1777797260 818987
32 331 10068 0 1777797260 819191
37 389 26078 0 1777797260 820369
34 311 3443 0 1777797260 820401
36 290 5398 0 1777797260 820422
35 271 5128 0 1777797260 824116
37 390 3986 0 1777797260 824359
32 332 7644 0 1777797260 826838
37 391 3394 0 1777797260 827754
36 291 8245 0 1777797260 828668
35 272 5878 0 1777797260 829995
34 312 9863 0 1777797260 830266
33 261 33181 0 1777797260 832658
36 292 4925 0 1777797260 833594
37 392 5881 0 1777797260 833637
34 313 3432 0 1777797260 833699
35 273 3814 0 1777797260 833814
32 333 10481 0 1777797260 837320
36 293 3749 0 1777797260 837346
35 274 5167 0 1777797260 838982
37 393 5370 0 1777797260 839009
34 314 5518 0 1777797260 839219
33 262 8513 0 1777797260 841179
32 334 4031 0 1777797260 841356
35 275 4232 0 1777797260 843216
33 263 2092 0 1777797260 843273
34 315 5165 0 1777797260 844387
37 394 6302 0 1777797260 845313
36 294 9267 0 1777797260 846614
37 395 1723 0 1777797260 847038
33 264 4613 0 1777797260 847888
36 295 2376 0 1777797260 848992
37 396 5636 0 1777797260 852675
36 296 4771 0 1777797260 853765
35 276 11406 0 1777797260 854624
32 335 13495 0 1777797260 854853
33 265 6969 0 1777797260 854860
36 297 1094 0 1777797260 854866
34 316 11027 0 1777797260 855415
32 336 2303 0 1777797260 857170
37 397 4518 0 1777797260 857195
35 277 2599 0 1777797260 857225
33 266 2826 0 1777797260 857702
35 278 1896 0 1777797260 859122
37 398 2299 0 1777797260 859509
35 279 2924 0 1777797260 862049
33 267 6200 0 1777797260 863904
36 298 11084 0 1777797260 865967
35 280 4639 0 1777797260 866690
37 399 7197 0 1777797260 866711
32 337 9584 0 1777797260 866780
34 317 13953 0 1777797260 869371
36 299 3608 0 1777797260 869581
32 338 3259 0 1777797260 870040
37 400 3425 0 1777797260 870137
33 268 6274 0 1777797260 870180
32 339 1655 0 1777797260 871699
35 281 5165 0 1777797260 871857
33 269 4742 0 1777797260 874923
32 340 3265 0 1777797260 874966
37 401 6513 0 1777797260 876652
36 300 8433 0 1777797260 878015
34 318 9667 0 1777797260 879040
32 341 8451 0 1777797260 883418
33 270 8486 0 1777797260 883425
36 301 5412 0 1777797260 883428
37 402 7120 0 1777797260 883774
35 282 13728 0 1777797260 885587
34 319 6865 0 1777797260 885907
34 320 2656 0 1777797260 888564
32 342 5271 0 1777797260 888699
37 403 6627 0 1777797260 890403
37 404 2601 0 1777797260 893006
33 271 10116 0 1777797260 893549
34 321 9279 0 1777797260 897849
37 405 5985 0 1777797260 898993
32 343 10558 0 1777797260 899259
33 272 6596 0 1777797260 900147
37 406 1864 0 1777797260 900859
35 283 18327 0 1777797260 903921
33 273 3945 0 1777797260 904095
36 302 22439 0 1777797260 905877
32 344 6721 0 1777797260 905981
37 407 5770 0 1777797260 906631
35 284 3899 0 1777797260 907887
36 303 2052 0 1777797260 907930
37 408 2074 0 1777797260 908706
33 274 4665 0 1777797260 908761
34 322 13118 0 1777797260 910968
32 345 5069 0 1777797260 911061
37 409 4154 0 1777797260 912862
37 410 2820 0 1777797260 915686
35 285 8081 0 1777797260 915975
36 304 8634 0 1777797260 916566
37 411 1923 0 1777797260 917611
36 305 5122 0 1777797260 921689
37 412 4177 0 1777797260 921797
35 286 6571 0 1777797260 922547
37 413 2244 0 1777797260 924042
36 306 4101 0 1777797260 925792
37 414 3213 0 1777797260 927258
34 323 16679 0 1777797260 927648
33 275 20668 0 1777797260 929430
32 346 18481 0 1777797260 929543
35 287 7411 0 1777797260 929960
37 415 3377 0 1777797260 930637
37 416 1418 0 1777797260 932057
34 324 5558 0 1777797260 933209
35 288 3688 0 1777797260 933650
33 276 5545 0 1777797260 934977
36 307 11200 0 1777797260 936993
32 347 8786 0 1777797260 938330
36 308 2239 0 1777797260 939235
34 325 6650 0 1777797260 939864
35 289 6305 0 1777797260 939959
36 309 3659 0 1777797260 942897
32 348 4797 0 1777797260 943133
33 277 8243 0 1777797260 943225
34 326 4151 0 1777797260 944021
32 349 4320 0 1777797260 947455
32 350 1542 0 1777797260 948999
37 417 17771 0 1777797260 949830
34 327 6017 0 1777797260 950040
33 278 8319 0 1777797260 951545
32 351 5279 0 1777797260 954283
34 328 4770 0 1777797260 954812
37 418 7852 0 1777797260 957685
32 352 4203 0 1777797260 958491
33 279 7743 0 1777797260 959292
36 310 18347 0 1777797260 961249
32 353 3024 0 1777797260 961517
34 329 7073 0 1777797260 961886
33 280 3192 0 1777797260 962486
34 330 5135 0 1777797260 967023
32 354 7615 0 1777797260 969135
33 281 8657 0 1777797260 971145
32 355 2575 0 1777797260 971713
36 311 10481 0 1777797260 971731
32 356 1024 0 1777797260 972739
33 282 3067 0 1777797260 974216
32 357 1546 0 1777797260 974287
36 312 2628 0 1777797260 974360
33 283 2772 0 1777797260 976990
37 419 20006 0 1777797260 977692
36 313 4462 0 1777797260 978823
32 358 5404 0 1777797260 979692
36 314 956 0 1777797260 979781
36 315 1038 0 1777797260 980820
34 331 15447 0 1777797260 982473
32 359 4212 0 1777797260 983905
32 360 1269 0 1777797260 985176
32 361 2742 0 1777797260 987923
33 284 10957 0 1777797260 987949
34 332 6474 0 1777797260 988953
36 316 9476 0 1777797260 990298
32 362 2605 0 1777797260 990530
32 363 2242 0 1777797260 992775
36 317 6048 0 1777797260 996354
34 333 7728 0 1777797260 996685
33 285 9192 0 1777797260 997143
35 290 58649 0 1777797260 998609
33 286 1789 0 1777797260 998934
37 420 23815 0 1777797261 1513
35 291 3242 0 1777797261 1854
34 334 5809 0 1777797261 2496
32 364 11250 0 1777797261 4026
33 287 5253 0 1777797261 4189
36 318 8511 0 1777797261 4867
32 365 2239 0 1777797261 6267
36 319 1738 0 1777797261 6607
33 288 3032 0 1777797261 7223
32 366 1051 0 1777797261 7319
32 367 1473 0 1777797261 8794
37 421 9727 0 1777797261 11243
35 292 9422 0 1777797261 11279
36 320 5117 0 1777797261 11726
32 368 4193 0 1777797261 12989
37 422 1819 0 1777797261 13065
34 335 13146 0 1777797261 15646
35 293 4903 0 1777797261 16183
33 289 9982 0 1777797261 17208
33 290 1252 0 1777797261 18462
36 321 7320 0 1777797261 19049
37 423 10008 0 1777797261 23074
36 322 4799 0 1777797261 23850
32 369 10914 0 1777797261 23905
33 291 8244 0 1777797261 26708
34 336 11783 0 1777797261 27431
37 424 5082 0 1777797261 28157
32 370 4379 0 1777797261 28285
35 294 12104 0 1777797261 28291
36 323 6882 0 1777797261 30733
35 295 3544 0 1777797261 31845
32 371 3648 0 1777797261 31940
33 292 5236 0 1777797261 31946
37 425 5986 0 1777797261 34149
36 324 6995 0 1777797261 37730
32 372 5873 0 1777797261 37820
33 293 5904 0 1777797261 37862
35 296 6018 0 1777797261 37869
34 337 10632 0 1777797261 38064
37 426 7728 0 1777797261 41884
32 373 4084 0 1777797261 41905
33 294 4378 0 1777797261 42248
36 325 6586 0 1777797261 44319
34 338 6712 0 1777797261 44777
37 427 3960 0 1777797261 45846
35 297 8170 0 1777797261 46048
33 295 4209 0 1777797261 46459
32 374 5048 0 1777797261 46954
35 298 2875 0 1777797261 48924
33 296 2551 0 1777797261 49012
36 326 4929 0 1777797261 49250
34 339 4878 0 1777797261 49659
32 375 8111 0 1777797261 55123
33 297 6117 0 1777797261 55130
35 299 6210 0 1777797261 55137
36 327 5890 0 1777797261 55142
34 340 5590 0 1777797261 55251
37 428 9417 0 1777797261 55269
33 298 3196 0 1777797261 58347
32 376 3291 0 1777797261 58434
35 300 8313 0 1777797261 63470
34 341 8234 0 1777797261 63487
36 328 8599 0 1777797261 63764
33 299 5774 0 1777797261 64123
32 377 5974 0 1777797261 64409
37 429 9205 0 1777797261 64475
35 301 6712 0 1777797261 70184
34 342 7262 0 1777797261 70750
36 329 7588 0 1777797261 71354
32 378 10916 0 1777797261 75327
37 430 13167 0 1777797261 77644
33 300 13800 0 1777797261 77924
35 302 7745 0 1777797261 77933
36 330 7681 0 1777797261 79037
34 343 8303 0 1777797261 79054
32 379 4665 0 1777797261 79995
37 431 3492 0 1777797261 81138
32 380 8629 0 1777797261 88625
34 344 9768 0 1777797261 88823
36 331 10400 0 1777797261 89438
33 301 11564 0 1777797261 89498
32 381 2636 0 1777797261 91263
33 302 2083 0 1777797261 91583
36 332 5756 0 1777797261 95198
32 382 4012 0 1777797261 95276
34 345 6464 0 1777797261 95288
33 303 4878 0 1777797261 96462
35 303 20585 0 1777797261 98529
33 304 2418 0 1777797261 98882
34 346 3601 0 1777797261 98899
32 383 7593 0 1777797261 102882
37 432 23125 0 1777797261 104265
35 304 5793 0 1777797261 104324
36 333 9278 0 1777797261 104483
33 305 6251 0 1777797261 105135
34 347 7186 0 1777797261 106086
32 384 3862 0 1777797261 106748
36 334 3530 0 1777797261 108014
35 305 5023 0 1777797261 109348
32 385 4461 0 1777797261 111211
34 348 8475 0 1777797261 114563
32 386 3488 0 1777797261 114701
37 433 10449 0 1777797261 114716
36 335 10623 0 1777797261 118639
35 306 9361 0 1777797261 118711
33 306 13629 0 1777797261 118766
34 349 4218 0 1777797261 118783
37 434 4832 0 1777797261 119549
32 387 5968 0 1777797261 120671
35 307 2650 0 1777797261 121363
33 307 5033 0 1777797261 123801
37 435 5016 0 1777797261 124566
36 336 5946 0 1777797261 124586
34 350 6103 0 1777797261 124887
35 308 4926 0 1777797261 126291
32 388 5746 0 1777797261 126418
36 337 4370 0 1777797261 128958
33 308 8441 0 1777797261 132244
36 338 3407 0 1777797261 132367
34 351 7577 0 1777797261 132466
35 309 6293 0 1777797261 132586
37 436 10797 0 1777797261 135365
32 389 9454 0 1777797261 135873
34 352 6377 0 1777797261 138844
35 310 6273 0 1777797261 138860
33 309 7637 0 1777797261 139884
37 437 4522 0 1777797261 139892
36 339 8572 0 1777797261 140940
32 390 7571 0 1777797261 143444
34 353 4800 0 1777797261 143662
33 310 5900 0 1777797261 145793
35 311 7025 0 1777797261 145917
37 438 6022 0 1777797261 145924
36 340 5347 0 1777797261 146288
37 439 4092 0 1777797261 150025
33 311 8566 0 1777797261 154362
37 440 4351 0 1777797261 154378
32 391 10991 0 1777797261 154438
36 341 10984 0 1777797261 157273
36 342 1184 0 1777797261 158458
37 441 4604 0 1777797261 158995
34 354 16622 0 1777797261 160285
36 343 4125 0 1777797261 162588
32 392 9033 0 1777797261 163472
36 344 894 0 1777797261 163484
35 312 18260 0 1777797261 164185
33 312 10951 0 1777797261 165330
36 345 2077 0 1777797261 165572
34 355 5969 0 1777797261 166260
33 313 1381 0 1777797261 166713
37 442 8062 0 1777797261 167059
35 313 3163 0 1777797261 167351
36 346 2812 0 1777797261 168385
33 314 2215 0 1777797261 168930
32 393 7027 0 1777797261 170512
34 356 4260 0 1777797261 170522
32 394 4167 0 1777797261 174690
34 357 4162 0 1777797261 174698
37 443 10535 0 1777797261 177596
32 395 3078 0 1777797261 177778
33 315 9385 0 1777797261 178317
35 314 12321 0 1777797261 179675
32 396 2957 0 1777797261 180736
33 316 3320 0 1777797261 181640
35 315 2014 0 1777797261 181691
36 347 13469 0 1777797261 181856
32 397 3179 0 1777797261 183917
36 348 2612 0 1777797261 184470
35 316 3388 0 1777797261 185081
33 317 3605 0 1777797261 185250
34 358 11728 0 1777797261 186439
37 444 8851 0 1777797261 186448
33 318 4119 0 1777797261 189371
37 445 3226 0 1777797261 189685
32 398 5803 0 1777797261 189722
36 349 7166 0 1777797261 191637
37 446 2354 0 1777797261 192041
35 317 8761 0 1777797261 193843
32 399 4278 0 1777797261 194001
36 350 2431 0 1777797261 194137
34 359 8455 0 1777797261 194905
37 447 3333 0 1777797261 195376
33 319 7553 0 1777797261 196928
34 360 2029 0 1777797261 196935
35 318 3172 0 1777797261 197022
32 400 3747 0 1777797261 197750
36 351 3744 0 1777797261 197882
37 448 4539 0 1777797261 199916
32 401 4224 0 1777797261 201983
35 319 6368 0 1777797261 203392
36 352 6439 0 1777797261 204323
34 361 9721 0 1777797261 206667
33 320 11070 0 1777797261 208006
34 362 1441 0 1777797261 208110
34 363 1732 0 1777797261 209843
33 321 1855 0 1777797261 209863
36 353 5544 0 1777797261 209869
33 322 3009 0 1777797261 212878
37 449 14332 0 1777797261 214255
32 402 13365 0 1777797261 215354
36 354 5484 0 1777797261 215361
35 320 12166 0 1777797261 215560
34 364 6449 0 1777797261 216295
32 403 1568 0 1777797261 216930
37 450 2689 0 1777797261 216945
33 323 4912 0 1777797261 217798
36 355 2436 0 1777797261 217807
36 356 2369 0 1777797261 220189
37 451 4134 0 1777797261 221080
33 324 3496 0 1777797261 221304
34 365 5046 0 1777797261 221346
32 404 6844 0 1777797261 223775
35 321 9938 0 1777797261 225500
37 452 4496 0 1777797261 225578
36 357 5838 0 1777797261 226030
34 366 4776 0 1777797261 226123
32 405 7244 0 1777797261 231021
33 325 9718 0 1777797261 231024
37 453 5842 0 1777797261 231421
35 322 7217 0 1777797261 232719
36 358 10271 0 1777797261 236302
35 323 4745 0 1777797261 237465
32 406 7179 0 1777797261 238204
37 454 7305 0 1777797261 238727
34 367 15254 0 1777797261 241381
36 359 7260 0 1777797261 243563
37 455 5363 0 1777797261 244091
32 407 6705 0 1777797261 244910
34 368 3532 0 1777797261 244914
33 326 16297 0 1777797261 247327
34 369 3273 0 1777797261 248193
36 360 4640 0 1777797261 248204
33 327 1794 0 1777797261 249128
34 370 1360 0 1777797261 249565
32 408 5396 0 1777797261 250311
34 371 1963 0 1777797261 251530
36 361 4056 0 1777797261 252274
34 372 2445 0 1777797261 253977
33 328 4994 0 1777797261 254124
32 409 4869 0 1777797261 255182
35 324 17746 0 1777797261 255212
33 329 1104 0 1777797261 255230
37 456 18179 0 1777797261 262273
33 330 8120 0 1777797261 263351
34 373 9379 0 1777797261 263360
36 362 11778 0 1777797261 264054
35 325 11250 0 1777797261 266463
36 363 2907 0 1777797261 266962
34 374 4783 0 1777797261 268157
32 410 14802 0 1777797261 269990
35 326 4808 0 1777797261 271273
35 327 1257 0 1777797261 272534
34 375 5494 0 1777797261 273656
35 328 1391 0 1777797261 273927
32 411 4565 0 1777797261 274558
35 329 2220 0 1777797261 276148
34 376 2861 0 1777797261 276524
33 331 13206 0 1777797261 276568
36 364 9724 0 1777797261 276689
37 457 14762 0 1777797261 277036
32 412 5150 0 1777797261 279710
36 365 3110 0 1777797261 279800
33 332 4158 0 1777797261 280727
33 333 2599 0 1777797261 283328
34 377 7244 0 1777797261 283770
37 458 7266 0 1777797261 284303
37 459 6405 0 1777797261 290711
35 330 16065 0 1777797261 292215
36 366 13517 0 1777797261 293318
34 378 9571 0 1777797261 293342
32 413 16034 0 1777797261 295749
37 460 5110 0 1777797261 295822
33 334 13131 0 1777797261 296462
33 335 2632 0 1777797261 299095
32 414 4256 0 1777797261 300007
34 379 6723 0 1777797261 300065
35 331 8273 0 1777797261 300490
37 461 5595 0 1777797261 301418
32 415 2266 0 1777797261 302275
33 336 4215 0 1777797261 303318
32 416 3652 0 1777797261 305929
36 367 13367 0 1777797261 306691
37 462 5297 0 1777797261 306721
36 368 4622 0 1777797261 311318
32 417 5413 0 1777797261 311348
37 463 4798 0 1777797261 311520
34 380 11573 0 1777797261 311639
35 332 12875 0 1777797261 313368
34 381 4838 0 1777797261 316478
36 369 5172 0 1777797261 316492
35 333 3243 0 1777797261 316613
32 418 6909 0 1777797261 318258
37 464 7050 0 1777797261 318571
34 382 3800 0 1777797261 320293
35 334 5456 0 1777797261 322070
36 370 5584 0 1777797261 322092
32 419 5913 0 1777797261 324179
34 383 3894 0 1777797261 324193
37 465 5858 0 1777797261 324430
35 335 4662 0 1777797261 326755
32 420 2806 0 1777797261 327000
34 384 2874 0 1777797261 327079
36 371 5718 0 1777797261 327822
33 337 26018 0 1777797261 329338
35 336 3463 0 1777797261 330227
37 466 5966 0 1777797261 330397
33 338 5700 0 1777797261 335089
37 467 4831 0 1777797261 335230
34 385 8701 0 1777797261 335782
35 337 5834 0 1777797261 336063
32 421 10943 0 1777797261 337944
34 386 4510 0 1777797261 340294
37 468 6026 0 1777797261 341258
34 387 2000 0 1777797261 342302
33 339 7389 0 1777797261 342480
35 338 7803 0 1777797261 343868
37 469 2974 0 1777797261 344235
33 340 1779 0 1777797261 344260
32 422 7606 0 1777797261 345553
35 339 2539 0 1777797261 346416
33 341 5703 0 1777797261 349964
35 340 4092 0 1777797261 350509
33 342 14511 0 1777797261 364480
32 423 19100 0 1777797261 364656
34 388 22404 0 1777797261 364709
36 372 36928 0 1777797261 364752
37 470 20532 0 1777797261 364769
34 389 4627 0 1777797261 369338
37 471 7307 0 1777797261 372077
34 390 4701 0 1777797261 374041
34 391 3395 0 1777797261 377450
35 341 27055 0 1777797261 377566
33 343 13101 0 1777797261 377588
37 472 5785 0 1777797261 377870
35 342 2275 0 1777797261 379844
35 343 1816 0 1777797261 381661
36 373 17340 0 1777797261 382093
37 473 5337 0 1777797261 383209
33 344 6187 0 1777797261 383776
33 345 1146 0 1777797261 384924
36 374 4415 0 1777797261 386510
33 346 2052 0 1777797261 386978
37 474 5428 0 1777797261 388640
33 347 3554 0 1777797261 390536
33 348 2177 0 1777797261 392714
37 475 5055 0 1777797261 393697
36 375 7229 0 1777797261 393742
32 424 31335 0 1777797261 395993
33 349 6832 0 1777797261 399549
37 476 6267 0 1777797261 399968
35 344 18647 0 1777797261 400310
32 425 5940 0 1777797261 401935
35 345 4302 0 1777797261 404614
32 426 2692 0 1777797261 404630
37 477 5059 0 1777797261 405029
36 376 11310 0 1777797261 405053
32 427 2711 0 1777797261 407342
35 346 2787 0 1777797261 407403
37 478 3076 0 1777797261 408110
34 392 31055 0 1777797261 408514
35 347 1913 0 1777797261 409319
33 350 10715 0 1777797261 410266
32 428 3761 0 1777797261 411104
34 393 3256 0 1777797261 411775
37 479 3790 0 1777797261 411902
34 394 1588 0 1777797261 413366
32 429 2393 0 1777797261 413500
37 480 1798 0 1777797261 413702
35 348 6057 0 1777797261 415382
33 351 7946 0 1777797261 418214
32 430 4864 0 1777797261 418366
37 481 6290 0 1777797261 419993
34 395 8356 0 1777797261 421724
36 377 17126 0 1777797261 422180
33 352 6341 0 1777797261 424557
34 396 3051 0 1777797261 424777
37 482 6436 0 1777797261 426431
34 397 2507 0 1777797261 427293
35 349 12104 0 1777797261 427488
36 378 7328 0 1777797261 429509
32 431 11291 0 1777797261 429658
37 483 4543 0 1777797261 430975
33 353 6697 0 1777797261 431256
36 379 3847 0 1777797261 433362
37 484 2410 0 1777797261 433387
35 350 6032 0 1777797261 433522
32 432 3968 0 1777797261 433627
33 354 2817 0 1777797261 434074
34 398 9794 0 1777797261 437094
36 380 3737 0 1777797261 437101
33 355 4234 0 1777797261 438310
37 485 4950 0 1777797261 438339
34 399 4551 0 1777797261 441654
35 351 9963 0 1777797261 443486
34 400 1899 0 1777797261 443561
37 486 5228 0 1777797261 443568
32 433 11636 0 1777797261 445265
36 381 9700 0 1777797261 446818
34 401 6624 0 1777797261 450194
35 352 8153 0 1777797261 451645
37 487 8233 0 1777797261 451813
35 353 1264 0 1777797261 452911
37 488 1180 0 1777797261 452994
36 382 6201 0 1777797261 453026
34 402 3739 0 1777797261 453936
32 434 9858 0 1777797261 455125
33 356 16967 0 1777797261 455279
37 489 3199 0 1777797261 456196
35 354 3296 0 1777797261 456213
34 403 2314 0 1777797261 456253
33 357 2485 0 1777797261 457766
37 490 3352 0 1777797261 459550
34 404 3565 0 1777797261 459820
35 355 3752 0 1777797261 459967
32 435 5097 0 1777797261 460224
36 383 8021 0 1777797261 461049
33 358 4443 0 1777797261 462215
35 356 3647 0 1777797261 463616
33 359 1745 0 1777797261 463962
37 491 6134 0 1777797261 465687
34 405 5927 0 1777797261 465749
32 436 6374 0 1777797261 466599
34 406 3139 0 1777797261 468889
33 360 7032 0 1777797261 470996
35 357 7651 0 1777797261 471270
36 384 10405 0 1777797261 471460
34 407 2816 0 1777797261 471708
35 358 1241 0 1777797261 472512
36 385 1073 0 1777797261 472535
33 361 4696 0 1777797261 475693
37 492 10025 0 1777797261 475715
34 408 4068 0 1777797261 475779
36 386 4936 0 1777797261 477507
35 359 7673 0 1777797261 480216
36 387 2931 0 1777797261 480439
33 362 5037 0 1777797261 480733
34 409 5039 0 1777797261 480819
35 360 2404 0 1777797261 482622
36 388 3541 0 1777797261 483981
34 410 3207 0 1777797261 484028
33 363 3750 0 1777797261 484485
32 437 19259 0 1777797261 485863
35 361 4769 0 1777797261 487393
33 364 6573 0 1777797261 491070
35 362 3689 0 1777797261 491084
34 411 7568 0 1777797261 491598
37 493 16315 0 1777797261 492077
33 365 14163 0 1777797261 505248
36 389 21261 0 1777797261 505255
35 363 14244 0 1777797261 505341
34 412 13781 0 1777797261 505381
32 438 19812 0 1777797261 505677
37 494 13736 0 1777797261 505814
36 390 2890 0 1777797261 508180
37 495 4378 0 1777797261 510194
36 391 3279 0 1777797261 511461
32 439 8676 0 1777797261 514354
34 413 8999 0 1777797261 514382
37 496 4428 0 1777797261 514623
33 366 9522 0 1777797261 514778
35 364 10816 0 1777797261 516159
36 392 5435 0 1777797261 516898
33 367 3850 0 1777797261 518630
35 365 2602 0 1777797261 518763
37 497 6369 0 1777797261 520993
33 368 3937 0 1777797261 522568
32 440 9626 0 1777797261 523982
34 414 9634 0 1777797261 524018
35 366 6813 0 1777797261 525579
34 415 5318 0 1777797261 529337
32 441 10718 0 1777797261 534709
37 498 13721 0 1777797261 534716
33 369 12172 0 1777797261 534742
36 393 17849 0 1777797261 534749
35 367 11695 0 1777797261 537276
35 368 1305 0 1777797261 538583
32 442 4844 0 1777797261 539561
35 369 3171 0 1777797261 541756
34 416 13542 0 1777797261 542880
34 417 2057 0 1777797261 544940
32 443 9522 0 1777797261 549090
37 499 18500 0 1777797261 553225
33 370 19794 0 1777797261 554544
34 418 10361 0 1777797261 555310
36 394 20558 0 1777797261 555317
33 371 1896 0 1777797261 556442
37 500 3295 0 1777797261 556523
34 419 2979 0 1777797261 558298
36 395 6395 0 1777797261 561722
33 372 5289 0 1777797261 561737
35 370 20233 0 1777797261 561991
37 501 5474 0 1777797261 561998
34 420 6803 0 1777797261 565107
33 373 3430 0 1777797261 565170
36 396 3455 0 1777797261 565178
32 444 18182 0 1777797261 567273
37 502 5271 0 1777797261 567280
33 374 3196 0 1777797261 568375
34 421 4629 0 1777797261 569738
36 397 4561 0 1777797261 569749
35 371 9988 0 1777797261 571987
37 503 5128 0 1777797261 572418
33 375 4218 0 1777797261 572597
36 398 3275 0 1777797261 573044
34 422 3926 0 1777797261 573676
36 399 2824 0 1777797261 575870
33 376 3412 0 1777797261 576010
37 504 3650 0 1777797261 576071
35 372 4145 0 1777797261 576140
32 445 11326 0 1777797261 578607
34 423 4976 0 1777797261 578654
37 505 4754 0 1777797261 580827
33 377 5654 0 1777797261 581665
37 506 1089 0 1777797261 581917
32 446 4828 0 1777797261 583437
32 447 2614 0 1777797261 586054
36 400 10385 0 1777797261 586257
35 373 10878 0 1777797261 587020
37 507 5866 0 1777797261 587786
35 374 1601 0 1777797261 588627
36 401 2399 0 1777797261 588657
33 378 7002 0 1777797261 588672
37 508 1148 0 1777797261 588942
37 509 2198 0 1777797261 591143
36 402 2690 0 1777797261 591348
34 424 12708 0 1777797261 591363
34 425 1668 0 1777797261 593032
32 448 9804 0 1777797261 595860
37 510 6061 0 1777797261 597205
32 449 1373 0 1777797261 597235
33 379 8607 0 1777797261 597280
32 450 1549 0 1777797261 598786
34 426 7510 0 1777797261 600544
33 380 4508 0 1777797261 601791
35 375 13168 0 1777797261 601800
37 511 4615 0 1777797261 601824
32 451 5368 0 1777797261 604160
34 427 3636 0 1777797261 604186
37 512 2388 0 1777797261 604213
35 376 3246 0 1777797261 605060
36 403 13721 0 1777797261 605070
33 381 3299 0 1777797261 605100
33 382 757 0 1777797261 605858
37 513 2331 0 1777797261 606545
36 404 1648 0 1777797261 606733
32 452 2885 0 1777797261 607047
35 377 2637 0 1777797261 607708
33 383 3458 0 1777797261 609320
34 428 7480 0 1777797261 611667
37 514 5326 0 1777797261 611876
36 405 6814 0 1777797261 613548
32 453 7957 0 1777797261 615006
35 378 9197 0 1777797261 616907
34 429 5309 0 1777797261 616979
33 384 11847 0 1777797261 621173
36 406 7635 0 1777797261 621185
37 515 9316 0 1777797261 621194
32 454 8274 0 1777797261 623282
34 430 7371 0 1777797261 624353
36 407 3216 0 1777797261 624483
36 408 2381 0 1777797261 626866
34 431 3228 0 1777797261 627588
35 379 11271 0 1777797261 628180
37 516 7181 0 1777797261 628458
33 385 7419 0 1777797261 628614
37 517 1425 0 1777797261 629884
32 455 8361 0 1777797261 631685
33 386 3288 0 1777797261 631903
34 432 5282 0 1777797261 632872
35 380 6825 0 1777797261 635009
36 409 8286 0 1777797261 635153
33 387 4541 0 1777797261 636446
37 518 8307 0 1777797261 638197
36 410 5003 0 1777797261 640157
37 519 2358 0 1777797261 640557
35 381 5790 0 1777797261 640801
33 388 4374 0 1777797261 640821
34 433 11625 0 1777797261 644498
32 456 13473 0 1777797261 645168
37 520 4619 0 1777797261 645177
33 389 4705 0 1777797261 645527
36 411 7073 0 1777797261 647233
32 457 2668 0 1777797261 647846
33 390 2324 0 1777797261 647853
37 521 3005 0 1777797261 648195
32 458 1662 0 1777797261 649516
35 382 8847 0 1777797261 649651
37 522 1472 0 1777797261 649669
36 412 6429 0 1777797261 653663
35 383 5781 0 1777797261 655435
36 413 2520 0 1777797261 656185
33 391 9076 0 1777797261 656939
32 459 8003 0 1777797261 657522
35 384 2899 0 1777797261 658346
37 523 8688 0 1777797261 658358
33 392 1600 0 1777797261 658541
32 460 1874 0 1777797261 659398
36 414 5402 0 1777797261 661590
37 524 3496 0 1777797261 661864
35 385 3593 0 1777797261 661952
32 461 4547 0 1777797261 663948
37 525 3276 0 1777797261 665141
32 462 1704 0 1777797261 665654
33 393 7133 0 1777797261 665676
32 463 2150 0 1777797261 667806
37 526 3165 0 1777797261 668308
34 434 26152 0 1777797261 670653
32 464 4207 0 1777797261 672015
34 435 1402 0 1777797261 672060
37 527 3786 0 1777797261 672097
36 415 13221 0 1777797261 674816
34 436 2849 0 1777797261 674910
33 394 9304 0 1777797261 674982
32 465 3318 0 1777797261 675335
37 528 3259 0 1777797261 675358
36 416 1748 0 1777797261 676565
37 529 1874 0 1777797261 677250
32 466 3199 0 1777797261 678560
33 395 5430 0 1777797261 680420
34 437 5522 0 1777797261 680433
37 530 3184 0 1777797261 680439
36 417 6088 0 1777797261 682655
37 531 2338 0 1777797261 682797
33 396 2942 0 1777797261 683382
35 386 22678 0 1777797261 684633
33 397 1717 0 1777797261 685101
32 467 7051 0 1777797261 685613
37 532 3720 0 1777797261 686519
36 418 6266 0 1777797261 688929
33 398 5081 0 1777797261 690183
35 387 7064 0 1777797261 691704
33 399 3872 0 1777797261 694057
36 419 5257 0 1777797261 694189
32 468 11024 0 1777797261 696642
35 388 6154 0 1777797261 697863
32 469 1244 0 1777797261 697888
37 533 11374 0 1777797261 697895
34 438 19920 0 1777797261 700371
37 534 2684 0 1777797261 700590
32 470 4895 0 1777797261 702791
36 420 11754 0 1777797261 705944
33 400 12466 0 1777797261 706525
37 535 6071 0 1777797261 706662
32 471 3884 0 1777797261 706677
36 421 1794 0 1777797261 707747
37 536 2641 0 1777797261 709304
33 401 3184 0 1777797261 709710
35 389 14424 0 1777797261 712289
34 439 13073 0 1777797261 713446
32 472 6814 0 1777797261 713492
37 537 4200 0 1777797261 713510
34 440 2208 0 1777797261 715656
32 473 2788 0 1777797261 716282
35 390 6360 0 1777797261 718656
33 402 9121 0 1777797261 718833
37 538 5830 0 1777797261 719341
34 441 4614 0 1777797261 720273
37 539 2109 0 1777797261 721453
32 474 5247 0 1777797261 721534
33 403 3223 0 1777797261 722058
32 475 1186 0 1777797261 722721
37 540 2409 0 1777797261 723863
32 476 1368 0 1777797261 724091
34 442 3823 0 1777797261 724097
33 404 2652 0 1777797261 724712
35 391 7983 0 1777797261 726646
33 405 2233 0 1777797261 726947
34 443 4467 0 1777797261 728573
37 541 4880 0 1777797261 728748
33 406 1952 0 1777797261 728901
32 477 4948 0 1777797261 729046
36 422 22118 0 1777797261 729867
34 444 2528 0 1777797261 731109
35 392 4478 0 1777797261 731126
32 478 3722 0 1777797261 732769
33 407 3976 0 1777797261 732879
37 542 4173 0 1777797261 732922
36 423 3117 0 1777797261 732985
34 445 1904 0 1777797261 733031
35 393 3503 0 1777797261 734650
36 424 4329 0 1777797261 737316
33 408 6995 0 1777797261 739875
36 425 4355 0 1777797261 741673
32 479 11207 0 1777797261 743979
35 394 9831 0 1777797261 744483
34 446 11792 0 1777797261 744825
33 409 5012 0 1777797261 744893
36 426 4234 0 1777797261 745909
33 410 2747 0 1777797261 747641
34 447 4879 0 1777797261 749755
36 427 4995 0 1777797261 750906
36 428 2969 0 1777797261 753878
37 543 21055 0 1777797261 753979
34 448 4419 0 1777797261 754175
32 480 11335 0 1777797261 755319
36 429 2398 0 1777797261 756281
36 430 3607 0 1777797261 759889
33 411 13825 0 1777797261 761467
35 395 17504 0 1777797261 761989
36 431 2890 0 1777797261 762783
36 432 2541 0 1777797261 765326
36 433 1728 0 1777797261 767056
35 396 5296 0 1777797261 767287
33 412 5935 0 1777797261 767406
37 544 17250 0 1777797261 771231
34 449 17868 0 1777797261 772044
36 434 5312 0 1777797261 772369
37 545 1494 0 1777797261 772727
36 435 996 0 1777797261 773368
34 450 2311 0 1777797261 774357
37 546 2195 0 1777797261 774926
35 397 7846 0 1777797261 775134
36 436 2064 0 1777797261 775434
34 451 2331 0 1777797261 776693
37 547 1827 0 1777797261 776756
33 413 10413 0 1777797261 777820
37 548 1199 0 1777797261 777956
34 452 3413 0 1777797261 780111
36 437 4704 0 1777797261 780140
37 549 2423 0 1777797261 780380
35 398 5287 0 1777797261 780422
34 453 2328 0 1777797261 782441
36 438 2765 0 1777797261 782906
37 550 3555 0 1777797261 783938
34 454 3827 0 1777797261 786270
32 481 31420 0 1777797261 786741
35 399 6362 0 1777797261 786785
37 551 2866 0 1777797261 786805
36 439 5362 0 1777797261 788271
33 414 13506 0 1777797261 791328
37 552 4569 0 1777797261 791375
34 455 5317 0 1777797261 791589
36 440 4004 0 1777797261 792277
37 553 1435 0 1777797261 792812
36 441 3740 0 1777797261 796021
36 442 1078 0 1777797261 797103
35 400 10756 0 1777797261 797544
32 482 12644 0 1777797261 799392
36 443 2832 0 1777797261 799940
33 415 9349 0 1777797261 800679
36 444 1042 0 1777797261 800984
35 401 4629 0 1777797261 802174
36 445 3631 0 1777797261 804617
36 446 1472 0 1777797261 806094
37 554 15118 0 1777797261 807935
32 483 8829 0 1777797261 808223
33 416 7549 0 1777797261 808230
36 447 2525 0 1777797261 808621
34 456 17647 0 1777797261 809238
36 448 2392 0 1777797261 811015
35 402 10847 0 1777797261 813025
34 457 4278 0 1777797261 813521
33 417 5484 0 1777797261 813724
36 449 4226 0 1777797261 815246
32 484 7112 0 1777797261 815343
34 458 2889 0 1777797261 816412
33 418 5851 0 1777797261 819577
36 450 4510 0 1777797261 819758
35 403 7790 0 1777797261 820816
37 555 13045 0 1777797261 820982
36 451 2227 0 1777797261 821996
37 556 1465 0 1777797261 822449
36 452 1694 0 1777797261 823696
37 557 1697 0 1777797261 824149
37 558 1528 0 1777797261 825679
36 453 2070 0 1777797261 825772
33 419 8574 0 1777797261 828153
37 559 2609 0 1777797261 828289
35 404 9031 0 1777797261 829851
37 560 1612 0 1777797261 829902
33 420 1939 0 1777797261 830098
36 454 4513 0 1777797261 830287
35 405 2672 0 1777797261 832525
32 485 17394 0 1777797261 832739
32 486 2071 0 1777797261 834812
37 561 5382 0 1777797261 835285
36 455 5620 0 1777797261 835909
33 421 7124 0 1777797261 837223
35 406 6273 0 1777797261 838800
32 487 4335 0 1777797261 839150
37 562 5820 0 1777797261 841110
36 456 6315 0 1777797261 842226
37 563 3043 0 1777797261 844159
36 457 4893 0 1777797261 847121
34 459 30738 0 1777797261 847151
34 460 3017 0 1777797261 850170
35 407 14098 0 1777797261 852900
33 422 15705 0 1777797261 852930
34 461 3305 0 1777797261 853479
36 458 7004 0 1777797261 854127
32 488 16992 0 1777797261 856144
37 564 12040 0 1777797261 856200
37 565 4815 0 1777797261 861016
35 408 8237 0 1777797261 861144
36 459 7364 0 1777797261 861494
36 460 2861 0 1777797261 864356
37 566 3368 0 1777797261 864386
32 489 8953 0 1777797261 865105
35 409 5577 0 1777797261 866723
36 461 2493 0 1777797261 866852
32 490 3484 0 1777797261 868593
37 567 4219 0 1777797261 868606
33 423 16271 0 1777797261 869202
32 491 3843 0 1777797261 872450
35 410 6624 0 1777797261 873348
36 462 7589 0 1777797261 874442
37 568 6139 0 1777797261 874761
34 462 22231 0 1777797261 875712
34 463 1199 0 1777797261 876914
33 424 9057 0 1777797261 878261
34 464 1361 0 1777797261 878279
32 492 5842 0 1777797261 878294
34 465 1528 0 1777797261 879808
36 463 6611 0 1777797261 881055
37 569 7333 0 1777797261 882095
34 466 2798 0 1777797261 882653
32 493 4471 0 1777797261 882766
34 467 922 0 1777797261 883577
36 464 5357 0 1777797261 886414
35 411 13283 0 1777797261 886633
33 425 10352 0 1777797261 888615
34 468 5047 0 1777797261 888627
32 494 5886 0 1777797261 888654
37 570 6793 0 1777797261 888889
32 495 1580 0 1777797261 890235
32 496 1302 0 1777797261 891540
35 412 5740 0 1777797261 892375
36 465 14117 0 1777797261 900535
34 469 13737 0 1777797261 902376
36 466 3000 0 1777797261 903538
34 470 3085 0 1777797261 905463
35 413 13094 0 1777797261 905472
37 571 16589 0 1777797261 905479
36 467 2781 0 1777797261 906322
36 468 2646 0 1777797261 908971
34 471 5895 0 1777797261 911375
35 414 7092 0 1777797261 912581
36 469 4100 0 1777797261 913072
33 426 24505 0 1777797261 913133
36 470 1721 0 1777797261 914797
34 472 4454 0 1777797261 915830
36 471 1407 0 1777797261 916205
37 572 11334 0 1777797261 916833
34 473 2717 0 1777797261 918552
36 472 2596 0 1777797261 918803
35 415 6432 0 1777797261 919015
37 573 4265 0 1777797261 921101
35 416 2733 0 1777797261 921750
36 473 2964 0 1777797261 921768
37 574 2768 0 1777797261 923871
36 474 2277 0 1777797261 924046
34 474 7008 0 1777797261 925563
37 575 2225 0 1777797261 926097
36 475 2177 0 1777797261 926224
32 497 35447 0 1777797261 926991
33 427 15160 0 1777797261 928295
35 417 6708 0 1777797261 928460
36 476 2242 0 1777797261 928468
32 498 2815 0 1777797261 929808
36 477 4171 0 1777797261 932648
37 576 6860 0 1777797261 932958
32 499 3449 0 1777797261 933259
36 478 2608 0 1777797261 935257
32 500 4274 0 1777797261 937534
36 479 2283 0 1777797261 937542
34 475 13069 0 1777797261 938634
32 501 2215 0 1777797261 939759
33 428 11488 0 1777797261 939785
37 577 8624 0 1777797261 941584
36 480 5362 0 1777797261 942920
37 578 1871 0 1777797261 943458
32 502 3812 0 1777797261 943575
34 476 5557 0 1777797261 944193
33 429 7017 0 1777797261 946804
36 481 3891 0 1777797261 946813
36 482 2195 0 1777797261 949019
34 477 5063 0 1777797261 949258
36 483 4328 0 1777797261 953350
35 418 27679 0 1777797261 956147
33 430 10861 0 1777797261 957675
36 484 4334 0 1777797261 957687
37 579 15348 0 1777797261 958811
35 419 4663 0 1777797261 960812
34 478 11631 0 1777797261 960890
36 485 3238 0 1777797261 960943
37 580 2397 0 1777797261 961210
32 503 21239 0 1777797261 964816
33 431 7135 0 1777797261 964823
36 486 5646 0 1777797261 966590
35 420 6489 0 1777797261 967304
37 581 8865 0 1777797261 970077
34 479 9578 0 1777797261 970469
36 487 4418 0 1777797261 971014
37 582 3585 0 1777797261 973671
36 488 5922 0 1777797261 976939
35 421 10522 0 1777797261 977827
32 504 13645 0 1777797261 978469
34 480 8043 0 1777797261 978514
37 583 6868 0 1777797261 980540
33 432 15823 0 1777797261 980655
36 489 4769 0 1777797261 981713
36 490 2464 0 1777797261 984179
34 481 7739 0 1777797261 986254
36 491 3688 0 1777797261 987869
37 584 7474 0 1777797261 988016
35 422 11746 0 1777797261 989577
37 585 2283 0 1777797261 990301
36 492 3112 0 1777797261 990983
34 482 4853 0 1777797261 991109
32 505 17878 0 1777797261 996349
36 493 6113 0 1777797261 997098
36 494 1769 0 1777797261 998871
33 433 19148 0 1777797261 999805
36 495 2131 0 1777797262 1004
34 483 9988 0 1777797262 1099
35 423 11561 0 1777797262 1142
36 496 4305 0 1777797262 5312
34 484 7829 0 1777797262 8930
32 506 12667 0 1777797262 9018
37 586 18723 0 1777797262 9026
33 434 10389 0 1777797262 10198
36 497 6326 0 1777797262 11645
37 587 3069 0 1777797262 12104
35 424 11378 0 1777797262 12522
34 485 4175 0 1777797262 13107
33 435 5590 0 1777797262 15792
34 486 2694 0 1777797262 15805
35 425 3287 0 1777797262 15811
37 588 3742 0 1777797262 15847
36 498 4619 0 1777797262 16266
35 426 2213 0 1777797262 18044
37 589 4782 0 1777797262 20631
33 436 4965 0 1777797262 20778
34 487 5720 0 1777797262 21544
32 507 12662 0 1777797262 21689
35 427 4134 0 1777797262 22185
36 499 6105 0 1777797262 22372
37 590 2714 0 1777797262 23346
36 500 8322 0 1777797262 30697
35 428 8527 0 1777797262 30714
33 437 10137 0 1777797262 30917
32 508 9478 0 1777797262 31168
37 591 7830 0 1777797262 31177
34 488 10724 0 1777797262 32272
32 509 7617 0 1777797262 38796
33 438 7835 0 1777797262 38803
35 429 8500 0 1777797262 39215
34 489 7059 0 1777797262 39334
37 592 8341 0 1777797262 39529
36 501 9531 0 1777797262 40229
32 510 5062 0 1777797262 43866
33 439 7694 0 1777797262 46510
35 430 7297 0 1777797262 46513
36 502 6286 0 1777797262 46517
34 490 8370 0 1777797262 47705
34 491 2191 0 1777797262 49899
36 503 3759 0 1777797262 50286
33 440 4370 0 1777797262 50887
35 431 5891 0 1777797262 52414
32 511 9664 0 1777797262 53536
34 492 5417 0 1777797262 55318
35 432 4344 0 1777797262 56759
32 512 3797 0 1777797262 57336
34 493 6124 0 1777797262 61447
35 433 5165 0 1777797262 61930
37 593 24627 0 1777797262 64158
36 504 13911 0 1777797262 64199
32 513 7725 0 1777797262 65065
35 434 4313 0 1777797262 66244
37 594 2227 0 1777797262 66387
33 441 16368 0 1777797262 67256
36 505 3961 0 1777797262 68161
34 494 8266 0 1777797262 69715
37 595 6522 0 1777797262 72911
35 435 8311 0 1777797262 74557
37 596 2725 0 1777797262 75637
32 514 11879 0 1777797262 76948
33 442 14233 0 1777797262 81491
32 515 14699 0 1777797262 91651
36 506 23682 0 1777797262 91846
37 597 16219 0 1777797262 91859
35 436 17788 0 1777797262 92354
33 443 10884 0 1777797262 92377
33 444 6350 0 1777797262 98728
33 445 5038 0 1777797262 103769
35 437 11537 0 1777797262 103899
34 495 35021 0 1777797262 104742
37 598 20222 0 1777797262 112093
36 507 20750 0 1777797262 112610
32 516 31051 0 1777797262 122704
34 496 18120 0 1777797262 122869
33 446 35622 0 1777797262 139395
36 508 26788 0 1777797262 139404
37 599 27311 0 1777797262 139410
34 497 23919 0 1777797262 146790
32 517 24196 0 1777797262 146906
37 600 8279 0 1777797262 147706
37 601 2213 0 1777797262 149925
36 509 12535 0 1777797262 151955
32 518 8096 0 1777797262 155005
33 447 17695 0 1777797262 157106
36 510 5370 0 1777797262 157327
33 448 583 0 1777797262 157692
32 519 2872 0 1777797262 157879
37 602 11659 0 1777797262 161594
33 449 9727 0 1777797262 167422
32 520 9724 0 1777797262 167605
37 603 18220 0 1777797262 179818
36 511 25077 0 1777797262 182406
33 450 18685 0 1777797262 186111
35 438 84149 0 1777797262 188049
34 498 41307 0 1777797262 188104
32 521 21298 0 1777797262 188904
32 522 1289 0 1777797262 190196
36 512 8224 0 1777797262 190632
34 499 3711 0 1777797262 191816
33 451 9067 0 1777797262 195181
35 439 15693 0 1777797262 203748
35 440 10706 0 1777797262 214460
37 604 40673 0 1777797262 220497
35 441 6780 0 1777797262 221242
34 500 29987 0 1777797262 221806
36 513 31863 0 1777797262 222496
37 605 3707 0 1777797262 224205
36 514 4492 0 1777797262 226991
34 501 5480 0 1777797262 227289
33 452 32623 0 1777797262 227806
32 523 39207 0 1777797262 229408
33 453 2965 0 1777797262 230774
35 442 10404 0 1777797262 231648
33 454 2212 0 1777797262 232988
36 515 7165 0 1777797262 234159
32 524 9102 0 1777797262 238512
36 516 4891 0 1777797262 239053
37 606 14957 0 1777797262 239167
33 455 6719 0 1777797262 239710
34 502 12913 0 1777797262 240203
32 525 4907 0 1777797262 243422
34 503 3784 0 1777797262 243990
36 517 5944 0 1777797262 244999
37 607 8461 0 1777797262 247629
32 526 4240 0 1777797262 247664
33 456 7959 0 1777797262 247673
35 443 16024 0 1777797262 247679
34 504 4097 0 1777797262 248099
35 444 8390 0 1777797262 256087
34 505 8953 0 1777797262 257055
36 518 14126 0 1777797262 259127
32 527 11573 0 1777797262 259253
35 445 8304 0 1777797262 264394
34 506 8949 0 1777797262 266007
37 608 18375 0 1777797262 266014
32 528 7816 0 1777797262 267073
33 457 26364 0 1777797262 274053
37 609 8816 0 1777797262 274843
35 446 12681 0 1777797262 277085
36 519 17964 0 1777797262 277093
33 458 5080 0 1777797262 279136
37 610 6087 0 1777797262 280933
32 529 14506 0 1777797262 281585
33 459 8211 0 1777797262 287349
37 611 6416 0 1777797262 287354
32 530 6671 0 1777797262 288258
34 507 22247 0 1777797262 288262
35 447 11170 0 1777797262 288265
36 520 11153 0 1777797262 288268
32 531 6741 0 1777797262 295010
33 460 7722 0 1777797262 295076
34 508 6810 0 1777797262 295084
35 448 10408 0 1777797262 298686
36 521 10420 0 1777797262 298702
37 612 11351 0 1777797262 298710
32 532 11550 0 1777797262 306735
34 509 12135 0 1777797262 307453
35 449 8751 0 1777797262 307462
36 522 8747 0 1777797262 307470
32 533 9770 0 1777797262 316506
37 613 17782 0 1777797262 316512
33 461 24240 0 1777797262 319462
34 510 12008 0 1777797262 319479
35 450 12004 0 1777797262 319487
36 523 12002 0 1777797262 319493
32 534 13536 0 1777797262 330049
34 511 10434 0 1777797262 330061
36 524 12215 0 1777797262 331869
37 614 15373 0 1777797262 331894
35 451 13082 0 1777797262 332721
33 462 14955 0 1777797262 334450
32 535 9599 0 1777797262 339668
34 512 9585 0 1777797262 339675
36 525 7785 0 1777797262 339681
37 615 7768 0 1777797262 339687
33 463 7675 0 1777797262 342128
35 452 9416 0 1777797262 342139
32 536 8847 0 1777797262 348536
37 616 8838 0 1777797262 348547
34 513 11453 0 1777797262 351150
36 526 11458 0 1777797262 351160
33 464 11497 0 1777797262 353637
32 537 7468 0 1777797262 356017
34 514 4861 0 1777797262 356022
37 617 7452 0 1777797262 356026
33 465 6023 0 1777797262 359662
35 453 17510 0 1777797262 359672
36 527 8500 0 1777797262 359679
34 515 9930 0 1777797262 365965
32 538 15512 0 1777797262 371539
33 466 11863 0 1777797262 371543
37 618 15507 0 1777797262 371548
36 528 13794 0 1777797262 373495
35 454 15650 0 1777797262 375343
34 516 14094 0 1777797262 380060
35 455 4724 0 1777797262 380068
36 529 12612 0 1777797262 386108
37 619 14556 0 1777797262 386113
33 467 17753 0 1777797262 389306
32 539 22005 0 1777797262 393553
34 517 13487 0 1777797262 393557
35 456 13475 0 1777797262 393560
33 468 6722 0 1777797262 396034
36 530 9928 0 1777797262 396041
37 620 9926 0 1777797262 396045
34 518 18244 0 1777797262 411810
35 457 18661 0 1777797262 412232
33 469 25642 0 1777797262 421688
36 531 27515 0 1777797262 423569
34 519 16713 0 1777797262 428527
36 532 6857 0 1777797262 430428
32 540 41673 0 1777797262 435234
36 533 4852 0 1777797262 435282
32 541 4224 0 1777797262 439507
35 458 27283 0 1777797262 439515
36 534 4208 0 1777797262 439522
34 520 17434 0 1777797262 445964
36 535 6825 0 1777797262 446368
32 542 9101 0 1777797262 448624
36 536 3426 0 1777797262 449796
35 459 13043 0 1777797262 452577
32 543 5226 0 1777797262 453852
34 521 10114 0 1777797262 456081
36 537 7185 0 1777797262 456983
35 460 4786 0 1777797262 457365
34 522 2935 0 1777797262 459018
35 461 4128 0 1777797262 461494
35 462 2147 0 1777797262 463643
34 523 5608 0 1777797262 464627
35 463 2781 0 1777797262 466426
34 524 6690 0 1777797262 471319
37 621 76617 0 1777797262 472676
35 464 6325 0 1777797262 472753
35 465 5124 0 1777797262 477878
37 622 5213 0 1777797262 477890
37 623 1256 0 1777797262 479183
35 466 1770 0 1777797262 479661
33 470 58395 0 1777797262 480084
32 544 31629 0 1777797262 485488
33 471 5413 0 1777797262 485499
36 538 28562 0 1777797262 485549
37 624 6383 0 1777797262 485567
35 467 6592 0 1777797262 486257
37 625 1071 0 1777797262 486688
32 545 2292 0 1777797262 487861
33 472 2660 0 1777797262 488250
36 539 2656 0 1777797262 488264
32 546 7342 0 1777797262 495205
33 473 6951 0 1777797262 495215
36 540 6944 0 1777797262 495222
37 626 8540 0 1777797262 495231
32 547 2055 0 1777797262 497286
36 541 2044 0 1777797262 497295
36 542 706 0 1777797262 498033
32 548 1031 0 1777797262 498327
32 549 1907 0 1777797262 500235
37 627 6589 0 1777797262 501849
32 550 2153 0 1777797262 502390
35 468 17166 0 1777797262 503424
36 543 6720 0 1777797262 504755
32 551 2639 0 1777797262 505032
36 544 1250 0 1777797262 506006
32 552 2620 0 1777797262 507654
36 545 2582 0 1777797262 508591
36 546 1106 0 1777797262 509699
36 547 827 0 1777797262 510528
32 553 5806 0 1777797262 513463
35 469 10039 0 1777797262 513472
37 628 11625 0 1777797262 513477
33 474 20255 0 1777797262 515498
34 525 47469 0 1777797262 518792
33 475 3944 0 1777797262 519444
32 554 14958 0 1777797262 528436
33 476 9018 0 1777797262 528463
34 526 9765 0 1777797262 528559
35 470 15122 0 1777797262 528611
36 548 18165 0 1777797262 528697
37 629 15752 0 1777797262 529248
35 471 4389 0 1777797262 533571
32 555 6378 0 1777797262 535076
33 477 6328 0 1777797262 535085
34 527 5944 0 1777797262 535091
36 549 5897 0 1777797262 535098
37 630 5788 0 1777797262 535105
35 472 4067 0 1777797262 537646
32 556 6221 0 1777797262 541327
33 478 6065 0 1777797262 541333
34 528 6028 0 1777797262 541339
36 550 9280 0 1777797262 544609
35 473 7287 0 1777797262 544935
32 557 13152 0 1777797262 554492
33 479 13146 0 1777797262 554498
34 529 13145 0 1777797262 554504
35 474 9568 0 1777797262 554509
36 551 9903 0 1777797262 554514
37 631 19182 0 1777797262 554521
32 558 8550 0 1777797262 563072
33 480 8544 0 1777797262 563076
34 530 8541 0 1777797262 563081
35 475 8538 0 1777797262 563085
36 552 8314 0 1777797262 563090
37 632 8307 0 1777797262 563093
37 633 3361 0 1777797262 566484
32 559 13455 0 1777797262 576549
33 481 14215 0 1777797262 577317
35 476 14221 0 1777797262 577334
36 553 14222 0 1777797262 577341
37 634 10871 0 1777797262 577358
34 531 14383 0 1777797262 577491
36 554 4665 0 1777797262 582111
37 635 4659 0 1777797262 582119
32 560 4785 0 1777797262 582144
32 561 5405 0 1777797262 587550
33 482 10194 0 1777797262 587568
34 532 10082 0 1777797262 587575
36 555 5463 0 1777797262 587583
37 636 5460 0 1777797262 587589
35 477 17571 0 1777797262 594954
34 533 9977 0 1777797262 597583
36 556 9976 0 1777797262 597589
34 534 10335 0 1777797262 607925
37 637 20550 0 1777797262 608170
36 557 11702 0 1777797262 609300
32 562 26592 0 1777797262 614182
33 483 27671 0 1777797262 615270
35 478 21298 0 1777797262 616253
32 563 6514 0 1777797262 620697
34 535 12788 0 1777797262 620714
36 558 11421 0 1777797262 620722
37 638 12559 0 1777797262 620730
33 484 7648 0 1777797262 622920
35 479 7131 0 1777797262 623385
33 485 3066 0 1777797262 625990
37 639 7746 0 1777797262 628657
32 564 12880 0 1777797262 633611
35 480 10230 0 1777797262 633617
33 486 7894 0 1777797262 633890
36 559 13207 0 1777797262 634111
32 565 10978 0 1777797262 644595
34 536 23852 0 1777797262 644636
36 560 10530 0 1777797262 644642
37 640 15986 0 1777797262 644645
35 481 12563 0 1777797262 646188
33 487 13977 0 1777797262 647869
37 641 6624 0 1777797262 651283
33 488 11517 0 1777797262 659387
33 489 3110 0 1777797262 662499
32 566 18970 0 1777797262 663615
33 490 3425 0 1777797262 665926
34 537 21280 0 1777797262 665931
35 482 19745 0 1777797262 665934
33 491 5362 0 1777797262 671296
36 561 29908 0 1777797262 674564
33 492 6022 0 1777797262 677319
33 493 4005 0 1777797262 681327
33 494 3785 0 1777797262 685113
33 495 13564 0 1777797262 698679
35 483 32740 0 1777797262 698684
35 484 9051 0 1777797262 707742
34 538 50273 0 1777797262 716213
33 496 30301 0 1777797262 728986
32 567 89690 0 1777797262 753306
35 485 45568 0 1777797262 753312
36 562 78750 0 1777797262 753315
37 642 102032 0 1777797262 753318
33 497 29684 0 1777797262 758671
32 568 6767 0 1777797262 760087
36 563 10770 0 1777797262 764099
37 643 20902 0 1777797262 774234
32 569 15377 0 1777797262 775465
34 539 59274 0 1777797262 775489
35 486 22168 0 1777797262 775493
33 498 19381 0 1777797262 778054
36 564 13958 0 1777797262 778061
37 644 6408 0 1777797262 780644
32 570 12837 0 1777797262 788331
34 540 12837 0 1777797262 788335
35 487 12836 0 1777797262 788339
33 499 13319 0 1777797262 791380
37 645 10752 0 1777797262 791397
34 541 6023 0 1777797262 794367
32 571 10994 0 1777797262 799333
35 488 10990 0 1777797262 799339
33 500 11380 0 1777797262 802780
34 542 8416 0 1777797262 802784
36 565 24719 0 1777797262 802788
37 646 11376 0 1777797262 802792
32 572 6609 0 1777797262 805950
35 489 15817 0 1777797262 815163
34 543 14559 0 1777797262 817358
36 566 14561 0 1777797262 817364
37 647 14558 0 1777797262 817367
33 501 19958 0 1777797262 822750
32 573 18084 0 1777797262 824035
34 544 12810 0 1777797262 830177
35 490 16533 0 1777797262 831697
36 567 14327 0 1777797262 831701
37 648 14327 0 1777797262 831705
33 502 11680 0 1777797262 834432
32 574 11323 0 1777797262 835360
34 545 7902 0 1777797262 838080
36 568 10417 0 1777797262 842129
37 649 10418 0 1777797262 842133
35 491 10483 0 1777797262 842188
32 575 16981 0 1777797262 852446
33 503 18038 0 1777797262 852471
32 576 1387 0 1777797262 853860
34 546 15784 0 1777797262 853865
35 492 11635 0 1777797262 853868
36 569 11738 0 1777797262 853872
37 650 11736 0 1777797262 853875
33 504 4367 0 1777797262 856862
32 577 8514 0 1777797262 862390
34 547 8515 0 1777797262 862395
33 505 9556 0 1777797262 866426
36 570 12545 0 1777797262 866436
37 651 12544 0 1777797262 866439
32 578 7269 0 1777797262 869665
34 548 7265 0 1777797262 869670
35 493 15788 0 1777797262 869672
37 652 9404 0 1777797262 875858
33 506 11680 0 1777797262 878121
36 571 11675 0 1777797262 878124
32 579 16449 0 1777797262 886122
34 549 16461 0 1777797262 886141
35 494 16464 0 1777797262 886148
37 653 10331 0 1777797262 886195
36 572 9186 0 1777797262 887315
37 654 3779 0 1777797262 889976
33 507 13196 0 1777797262 891321
35 495 5146 0 1777797262 891325
32 580 7173 0 1777797262 893323
34 550 7159 0 1777797262 893328
36 573 6487 0 1777797262 893803
37 655 6557 0 1777797262 896534
32 581 5864 0 1777797262 899192
35 496 7867 0 1777797262 899198
33 508 8454 0 1777797262 899779
36 574 9011 0 1777797262 902814
37 656 6282 0 1777797262 902817
32 582 4189 0 1777797262 903387
35 497 4188 0 1777797262 903391
33 509 6996 0 1777797262 906775
32 583 7900 0 1777797262 911291
36 575 8477 0 1777797262 911295
37 657 8476 0 1777797262 911299
35 498 8411 0 1777797262 911808
33 510 7786 0 1777797262 914562
34 551 21232 0 1777797262 914568
32 584 3890 0 1777797262 915189
37 658 3884 0 1777797262 915192
36 576 4376 0 1777797262 915680
34 552 5701 0 1777797262 920276
35 499 8478 0 1777797262 920287
32 585 11500 0 1777797262 926692
33 511 12130 0 1777797262 926699
36 577 11040 0 1777797262 926721
37 659 11530 0 1777797262 926727
34 553 7647 0 1777797262 927936
32 586 11518 0 1777797262 938246
33 512 11527 0 1777797262 938263
34 554 10333 0 1777797262 938270
35 500 16847 0 1777797262 938767
36 578 12076 0 1777797262 938818
37 660 12092 0 1777797262 938840
36 579 6090 0 1777797262 945036
34 555 7094 0 1777797262 946031
35 501 7092 0 1777797262 946034
37 661 7086 0 1777797262 946037
32 587 16873 0 1777797262 955715
33 513 16861 0 1777797262 955786
36 580 10757 0 1777797262 955794
34 556 12194 0 1777797262 958232
35 502 12198 0 1777797262 958239
32 588 7174 0 1777797262 962969
33 514 7178 0 1777797262 962982
36 581 7176 0 1777797262 962989
37 662 16952 0 1777797262 962996
35 503 8455 0 1777797262 966709
32 589 6420 0 1777797262 969417
33 515 6414 0 1777797262 969422
36 582 6409 0 1777797262 969426
37 663 6406 0 1777797262 969430
33 516 5021 0 1777797262 974458
34 557 16223 0 1777797262 974464
32 590 5728 0 1777797262 975158
37 664 5718 0 1777797262 975167
35 504 11390 0 1777797262 978101
33 517 4000 0 1777797262 978465
36 583 9027 0 1777797262 978471
32 591 6310 0 1777797262 981478
33 518 3013 0 1777797262 981485
34 558 7013 0 1777797262 981490
36 584 3006 0 1777797262 981495
37 665 6327 0 1777797262 981502
35 505 11587 0 1777797262 989690
32 592 9085 0 1777797262 990587
33 519 12679 0 1777797262 994197
34 559 12681 0 1777797262 994204
36 585 12685 0 1777797262 994212
37 666 12687 0 1777797262 994218
32 593 7929 0 1777797262 998517
35 506 8830 0 1777797262 998521
37 667 4442 0 1777797262 998685
36 586 4681 0 1777797262 998917
34 560 9371 0 1777797263 3599
36 587 4702 0 1777797263 3621
33 520 11209 0 1777797263 5427
37 668 7404 0 1777797263 6091
32 594 9111 0 1777797263 7634
34 561 6283 0 1777797263 9888
35 507 11450 0 1777797263 9978
36 588 6431 0 1777797263 10052
33 521 9062 0 1777797263 14491
37 669 8414 0 1777797263 14507
32 595 7368 0 1777797263 15005
35 508 4755 0 1777797263 15011
36 589 5485 0 1777797263 15819
34 562 11079 0 1777797263 21133
32 596 8073 0 1777797263 23085
33 522 8581 0 1777797263 23089
35 509 8074 0 1777797263 23094
37 670 8572 0 1777797263 23099
36 590 7438 0 1777797263 23266
34 563 7278 0 1777797263 28421
36 591 9982 0 1777797263 33249
37 671 10143 0 1777797263 33258
34 564 9179 0 1777797263 37603
33 523 14544 0 1777797263 37650
32 597 15345 0 1777797263 38445
35 510 15345 0 1777797263 38454
36 592 5763 0 1777797263 39022
37 672 7321 0 1777797263 40590
35 511 5412 0 1777797263 44038
36 593 9107 0 1777797263 48131
37 673 7546 0 1777797263 48139
36 594 1773 0 1777797263 49912
37 674 1777 0 1777797263 49925
34 565 12723 0 1777797263 50335
35 512 12219 0 1777797263 56260
33 524 20912 0 1777797263 58563
32 598 19990 0 1777797263 58596
36 595 9298 0 1777797263 59224
35 513 4404 0 1777797263 60666
37 675 13595 0 1777797263 63545
36 596 6804 0 1777797263 66031
37 676 7706 0 1777797263 71252
33 525 14455 0 1777797263 73027
32 599 15425 0 1777797263 74023
36 597 8183 0 1777797263 74215
37 677 9750 0 1777797263 81004
33 526 8614 0 1777797263 81644
32 600 8084 0 1777797263 82112
32 601 5698 0 1777797263 87812
34 566 37482 0 1777797263 87819
35 514 27156 0 1777797263 87824
36 598 13614 0 1777797263 87830
37 678 6830 0 1777797263 87836
33 527 7457 0 1777797263 89106
35 515 5074 0 1777797263 92927
37 679 7231 0 1777797263 95097
36 599 16625 0 1777797263 104485
35 516 13033 0 1777797263 105963
34 567 26707 0 1777797263 114554
32 602 27743 0 1777797263 115580
33 528 26472 0 1777797263 115584
36 600 11099 0 1777797263 115587
35 517 13217 0 1777797263 119182
37 680 24128 0 1777797263 119233
34 568 21093 0 1777797263 135649
35 518 16949 0 1777797263 136133
35 519 9632 0 1777797263 145770
36 601 30177 0 1777797263 145775
32 603 34446 0 1777797263 150034
34 569 14397 0 1777797263 150048
37 681 30823 0 1777797263 150057
33 529 39834 0 1777797263 155428
35 520 9670 0 1777797263 155445
36 602 9672 0 1777797263 155453
32 604 13141 0 1777797263 163199
34 570 12284 0 1777797263 163204
35 521 7736 0 1777797263 163208
36 603 7732 0 1777797263 163213
37 682 12276 0 1777797263 163216
33 530 10782 0 1777797263 166236
32 605 7813 0 1777797263 171031
34 571 8229 0 1777797263 171451
35 522 8231 0 1777797263 171458
37 683 8246 0 1777797263 171481
36 604 8840 0 1777797263 172071
33 531 6831 0 1777797263 173076
35 523 6802 0 1777797263 178295
34 572 9746 0 1777797263 181229
36 605 9178 0 1777797263 181251
37 684 9715 0 1777797263 181257
32 606 16913 0 1777797263 187947
33 532 15434 0 1777797263 188512
35 524 10329 0 1777797263 188624
36 606 7790 0 1777797263 189068
34 573 8771 0 1777797263 190030
33 533 9174 0 1777797263 197688
36 607 8781 0 1777797263 197850
32 607 10480 0 1777797263 198430
34 574 8407 0 1777797263 198438
35 525 10298 0 1777797263 198923
37 685 17637 0 1777797263 198933
32 608 3784 0 1777797263 202223
34 575 7833 0 1777797263 206293
33 534 8731 0 1777797263 206421
35 526 9534 0 1777797263 208468
32 609 6913 0 1777797263 209138
37 686 10206 0 1777797263 209149
33 535 4053 0 1777797263 210477
34 576 4138 0 1777797263 210489
36 608 12643 0 1777797263 210495
35 527 6579 0 1777797263 215049
37 687 6976 0 1777797263 216148
32 610 7400 0 1777797263 216550
33 536 6624 0 1777797263 217120
35 528 3571 0 1777797263 218623
34 577 9983 0 1777797263 220495
36 609 10103 0 1777797263 220621
37 688 6604 0 1777797263 222753
32 611 11938 0 1777797263 228492
33 537 11385 0 1777797263 228507
34 578 8101 0 1777797263 228725
35 529 10147 0 1777797263 228773
36 610 11425 0 1777797263 232067
32 612 5609 0 1777797263 234119
34 579 5502 0 1777797263 234276
33 538 8432 0 1777797263 236965
35 530 8495 0 1777797263 237280
36 611 5233 0 1777797263 237301
37 689 14554 0 1777797263 237309
32 613 7033 0 1777797263 241311
37 690 5423 0 1777797263 242777
34 580 11619 0 1777797263 245935
35 531 8878 0 1777797263 246213
36 612 8874 0 1777797263 246219
33 539 8950 0 1777797263 246260
32 614 6022 0 1777797263 247336
37 691 4960 0 1777797263 247739
32 615 6607 0 1777797263 253944
36 613 7728 0 1777797263 253956
37 692 7462 0 1777797263 255203
33 540 9812 0 1777797263 256073
34 581 10143 0 1777797263 256080
35 532 9867 0 1777797263 256087
32 616 6249 0 1777797263 260206
34 582 6129 0 1777797263 262226
35 533 6139 0 1777797263 262242
36 614 8281 0 1777797263 262249
37 693 7049 0 1777797263 262255
32 617 3228 0 1777797263 263443
33 541 7362 0 1777797263 263450
35 534 8297 0 1777797263 270569
33 542 8013 0 1777797263 271474
34 583 9249 0 1777797263 271505
36 615 9238 0 1777797263 271516
37 694 9283 0 1777797263 271568
33 543 5349 0 1777797263 276919
35 535 6366 0 1777797263 276939
36 616 8061 0 1777797263 279652
37 695 8081 0 1777797263 279679
34 584 10417 0 1777797263 282000
33 544 5694 0 1777797263 282635
32 618 24197 0 1777797263 287648
35 536 10700 0 1777797263 287655
37 696 7983 0 1777797263 287663
34 585 8912 0 1777797263 290916
36 617 11271 0 1777797263 290924
37 697 5009 0 1777797263 292690
33 545 10325 0 1777797263 292963
35 537 6216 0 1777797263 293889
32 619 6832 0 1777797263 294496
35 538 4670 0 1777797263 298560
33 546 5972 0 1777797263 298937
33 547 49746 0 1777797263 348686
34 586 58381 0 1777797263 349307
35 539 50752 0 1777797263 349315
32 620 61485 0 1777797263 355989
36 618 65061 0 1777797263 355996
37 698 63311 0 1777797263 356003
35 540 7882 0 1777797263 357206
32 621 4377 0 1777797263 360380
36 619 4371 0 1777797263 360390
32 622 9124 0 1777797263 369515
33 548 20854 0 1777797263 369543
35 541 12343 0 1777797263 369552
36 620 9156 0 1777797263 369558
37 699 13538 0 1777797263 369565
32 623 4019 0 1777797263 373585
37 700 3995 0 1777797263 373614
34 587 27544 0 1777797263 376860
35 542 8044 0 1777797263 377646
32 624 5156 0 1777797263 378744
32 625 10307 0 1777797263 389054
33 549 19502 0 1777797263 389087
34 588 12232 0 1777797263 389094
35 543 11451 0 1777797263 389099
36 621 19495 0 1777797263 389105
37 701 15496 0 1777797263 389111
34 589 17270 0 1777797263 406396
35 544 17273 0 1777797263 406405
37 702 17219 0 1777797263 406411
33 550 17441 0 1777797263 406561
35 545 1424 0 1777797263 407845
35 546 948 0 1777797263 408795
33 551 9297 0 1777797263 415859
34 590 9462 0 1777797263 415874
37 703 9452 0 1777797263 415881
36 622 28674 0 1777797263 417858
32 626 29935 0 1777797263 419048
35 547 15943 0 1777797263 424740
32 627 9238 0 1777797263 428288
33 552 13419 0 1777797263 429301
34 591 15216 0 1777797263 431113
32 628 9904 0 1777797263 438195
33 553 8935 0 1777797263 438238
35 548 13503 0 1777797263 438245
36 623 20390 0 1777797263 438252
34 592 7927 0 1777797263 439042
37 704 23145 0 1777797263 439051
33 554 3228 0 1777797263 441492
37 705 2747 0 1777797263 441808
35 549 4893 0 1777797263 443164
33 555 3238 0 1777797263 444732
36 624 10851 0 1777797263 449130
35 550 6300 0 1777797263 449474
33 556 5002 0 1777797263 449736
32 629 14500 0 1777797263 452753
33 557 3897 0 1777797263 453636
33 558 765 0 1777797263 454404
33 559 2902 0 1777797263 457308
33 560 2402 0 1777797263 459714
36 625 12427 0 1777797263 461560
36 626 1921 0 1777797263 463484
33 561 4857 0 1777797263 464576
36 627 1650 0 1777797263 465136
32 630 14196 0 1777797263 466952
33 562 3132 0 1777797263 467712
33 563 1353 0 1777797263 469068
32 631 2256 0 1777797263 469211
36 628 4845 0 1777797263 469983
37 706 28794 0 1777797263 470605
32 632 6737 0 1777797263 475949
33 564 6945 0 1777797263 476017
35 551 26576 0 1777797263 476053
36 629 6133 0 1777797263 476127
37 707 5533 0 1777797263 476142
33 565 2897 0 1777797263 478974
32 633 3923 0 1777797263 479977
36 630 8516 0 1777797263 484659
33 566 7561 0 1777797263 486548
32 634 7037 0 1777797263 487017
35 552 12355 0 1777797263 488464
35 553 2058 0 1777797263 490526
33 567 4489 0 1777797263 491047
35 554 4618 0 1777797263 495146
32 635 8532 0 1777797263 495553
33 568 4512 0 1777797263 495562
33 569 2241 0 1777797263 497819
36 631 13634 0 1777797263 498296
37 708 23291 0 1777797263 499444
34 593 66733 0 1777797263 505785
35 555 10643 0 1777797263 505792
33 570 13508 0 1777797263 511330
35 556 5540 0 1777797263 511342
37 709 11901 0 1777797263 511349
37 710 2353 0 1777797263 513725
37 711 1576 0 1777797263 515304
33 571 4428 0 1777797263 515778
33 572 4301 0 1777797263 520080
36 632 22865 0 1777797263 521163
34 594 18294 0 1777797263 524087
32 636 28722 0 1777797263 524286
35 557 12953 0 1777797263 524317
33 573 7956 0 1777797263 528038
34 595 3957 0 1777797263 528046
36 633 6886 0 1777797263 528053
32 637 5136 0 1777797263 529426
37 712 14147 0 1777797263 529453
36 634 2570 0 1777797263 530636
33 574 4029 0 1777797263 532083
34 596 4297 0 1777797263 532358
35 558 14003 0 1777797263 538321
32 638 12187 0 1777797263 541641
36 635 12239 0 1777797263 542881
34 597 13226 0 1777797263 545648
37 713 16171 0 1777797263 545690
33 575 14188 0 1777797263 546274
32 639 6266 0 1777797263 547909
35 559 12619 0 1777797263 550945
32 640 6135 0 1777797263 554046
37 714 8365 0 1777797263 554066
33 576 10273 0 1777797263 556549
36 636 14350 0 1777797263 557235
34 598 13401 0 1777797263 559092
37 715 5230 0 1777797263 559315
36 637 3246 0 1777797263 560484
36 638 4532 0 1777797263 565018
37 716 7549 0 1777797263 566865
35 560 20552 0 1777797263 571504
33 577 19283 0 1777797263 575844
35 561 4346 0 1777797263 575852
34 599 19082 0 1777797263 578176
37 717 11324 0 1777797263 578191
37 718 7394 0 1777797263 585599
35 562 14248 0 1777797263 590130
37 719 6001 0 1777797263 591611
32 641 44870 0 1777797263 598937
33 578 23106 0 1777797263 598959
34 600 20773 0 1777797263 598966
35 563 8841 0 1777797263 598974
36 639 33959 0 1777797263 598981
37 720 7374 0 1777797263 598986
37 721 1212 0 1777797263 600244
35 564 4911 0 1777797263 603927
36 640 6419 0 1777797263 605444
34 601 6975 0 1777797263 605982
35 565 2687 0 1777797263 606621
37 722 7445 0 1777797263 607691
33 579 8896 0 1777797263 607896
37 723 6461 0 1777797263 614157
32 642 18346 0 1777797263 617333
33 580 9453 0 1777797263 617350
34 602 11390 0 1777797263 617375
35 566 10759 0 1777797263 617382
36 641 11944 0 1777797263 617389
37 724 3236 0 1777797263 617394
33 581 2424 0 1777797263 619831
33 582 3175 0 1777797263 623009
37 725 5873 0 1777797263 623320
35 567 6565 0 1777797263 623986
37 726 1989 0 1777797263 625312
33 583 2375 0 1777797263 625386
32 643 8811 0 1777797263 626206
33 584 4141 0 1777797263 629528
37 727 4715 0 1777797263 630030
35 568 7302 0 1777797263 631291
33 585 2726 0 1777797263 632257
32 644 6639 0 1777797263 632846
32 645 5205 0 1777797263 638053
33 586 5812 0 1777797263 638072
34 603 23371 0 1777797263 640786
34 604 848 0 1777797263 641640
32 646 7092 0 1777797263 645166
34 605 3557 0 1777797263 645202
33 587 7290 0 1777797263 645375
37 728 18780 0 1777797263 648813
33 588 3644 0 1777797263 649020
35 569 20508 0 1777797263 651801
33 589 4905 0 1777797263 653926
37 729 5237 0 1777797263 654051
34 606 17607 0 1777797263 662810
35 570 12776 0 1777797263 664579
36 642 47312 0 1777797263 664751
37 730 11066 0 1777797263 665119
33 590 16307 0 1777797263 670236
32 647 25359 0 1777797263 670530
37 731 6404 0 1777797263 671525
33 591 4070 0 1777797263 674307
37 732 4382 0 1777797263 675910
37 733 2398 0 1777797263 678315
36 643 14098 0 1777797263 678850
36 644 4353 0 1777797263 683206
33 592 9322 0 1777797263 683636
32 648 15382 0 1777797263 685914
35 571 22049 0 1777797263 686630
32 649 6696 0 1777797263 692616
37 734 14310 0 1777797263 692629
34 607 31948 0 1777797263 694760
35 572 15162 0 1777797263 701794
32 650 9912 0 1777797263 702543
32 651 8008 0 1777797263 710553
35 573 8766 0 1777797263 710562
32 652 3385 0 1777797263 713948
32 653 1733 0 1777797263 715682
33 593 32055 0 1777797263 715692
33 594 1547 0 1777797263 717251
32 654 3111 0 1777797263 718804
33 595 5273 0 1777797263 722526
32 655 40223 0 1777797263 759029
33 596 36506 0 1777797263 759038
35 574 48473 0 1777797263 759044
36 645 75842 0 1777797263 759050
37 735 66395 0 1777797263 759056
34 608 64770 0 1777797263 759532
33 597 2811 0 1777797263 762122
36 646 3355 0 1777797263 762694
33 598 963 0 1777797263 763090
33 599 923 0 1777797263 764015
33 600 978 0 1777797263 764996
33 601 1362 0 1777797263 766364
33 602 1179 0 1777797263 767545
33 603 1307 0 1777797263 768855
34 609 14686 0 1777797263 774220
37 736 16405 0 1777797263 775751
33 604 7336 0 1777797263 776198
35 575 16970 0 1777797263 776303
36 647 13639 0 1777797263 776336
32 656 21232 0 1777797263 780289
34 610 7082 0 1777797263 781304
37 737 5566 0 1777797263 781321
35 576 5642 0 1777797263 781994
33 605 6041 0 1777797263 782379
36 648 10546 0 1777797263 786906
32 657 7639 0 1777797263 787930
37 738 10195 0 1777797263 791527
32 658 8075 0 1777797263 796007
33 606 13632 0 1777797263 796013
34 611 14696 0 1777797263 796018
35 577 14056 0 1777797263 796051
36 649 9146 0 1777797263 796055
37 739 9751 0 1777797263 801282
33 607 9154 0 1777797263 805218
32 659 9519 0 1777797263 805575
35 578 10116 0 1777797263 806190
34 612 14094 0 1777797263 810163
33 608 5254 0 1777797263 810475
32 660 7561 0 1777797263 813139
36 650 17070 0 1777797263 813150
35 579 7137 0 1777797263 813329
33 609 6763 0 1777797263 817240
34 613 7092 0 1777797263 817257
37 740 15979 0 1777797263 817264
32 661 8262 0 1777797263 821413
36 651 8264 0 1777797263 821427
32 662 4294 0 1777797263 825722
33 610 8462 0 1777797263 825727
34 614 8450 0 1777797263 825731
35 580 12405 0 1777797263 825736
36 652 4281 0 1777797263 825740
37 741 9002 0 1777797263 826291
32 663 9030 0 1777797263 834770
33 611 9032 0 1777797263 834778
35 581 9029 0 1777797263 834784
36 653 9041 0 1777797263 834802
37 742 9527 0 1777797263 835821
34 615 13678 0 1777797263 839429
32 664 6033 0 1777797263 840836
33 612 6331 0 1777797263 841158
36 654 6338 0 1777797263 841181
35 582 6987 0 1777797263 841823
34 616 4414 0 1777797263 843849
37 743 8038 0 1777797263 843861
32 665 8262 0 1777797263 849444
33 613 9411 0 1777797263 850610
34 617 6755 0 1777797263 850617
36 655 9415 0 1777797263 850622
34 618 4065 0 1777797263 854697
35 583 12909 0 1777797263 854734
37 744 10911 0 1777797263 854788
32 666 6765 0 1777797263 856215
36 656 5637 0 1777797263 856277
33 614 6316 0 1777797263 856939
35 584 5347 0 1777797263 860146
37 745 5349 0 1777797263 860154
34 619 7598 0 1777797263 862387
32 667 6192 0 1777797263 862470
36 657 6181 0 1777797263 862476
33 615 9722 0 1777797263 866664
32 668 8939 0 1777797263 871416
33 616 4751 0 1777797263 871424
34 620 9038 0 1777797263 871431
35 585 11283 0 1777797263 871438
36 658 8953 0 1777797263 871444
37 746 11286 0 1777797263 871451
36 659 5735 0 1777797263 877215
37 747 6256 0 1777797263 877742
34 621 6520 0 1777797263 877985
33 617 6685 0 1777797263 878144
35 586 6677 0 1777797263 878149
37 748 5225 0 1777797263 882969
34 622 5440 0 1777797263 883427
35 587 5281 0 1777797263 883440
33 618 7284 0 1777797263 885434
36 660 8233 0 1777797263 885449
32 669 16572 0 1777797263 888023
37 749 5397 0 1777797263 888367
32 670 7310 0 1777797263 895335
34 623 11899 0 1777797263 895341
35 588 11740 0 1777797263 895356
33 619 10856 0 1777797263 896306
36 661 10855 0 1777797263 896314
37 750 8142 0 1777797263 896511
32 671 2468 0 1777797263 897825
33 620 5857 0 1777797263 902172
34 624 6811 0 1777797263 902178
35 589 6801 0 1777797263 902184
37 751 5715 0 1777797263 902227
32 672 13269 0 1777797263 911097
37 752 8889 0 1777797263 911117
34 625 9199 0 1777797263 911404
36 662 15581 0 1777797263 911913
34 626 4817 0 1777797263 916224
37 753 5117 0 1777797263 916246
32 673 5674 0 1777797263 916792
35 590 16226 0 1777797263 918437
33 621 17179 0 1777797263 919364
34 627 3762 0 1777797263 920010
37 754 4498 0 1777797263 920758
34 628 1969 0 1777797263 921981
37 755 1965 0 1777797263 922725
32 674 7838 0 1777797263 924634
37 756 4697 0 1777797263 927443
34 629 6442 0 1777797263 928425
32 675 5730 0 1777797263 930367
32 676 1106 0 1777797263 931476
34 630 3699 0 1777797263 932126
36 663 22975 0 1777797263 934890
37 757 7469 0 1777797263 934915
32 677 4664 0 1777797263 936143
36 664 2447 0 1777797263 937363
37 758 2433 0 1777797263 937371
32 678 3030 0 1777797263 939176
34 631 26676 0 1777797263 958803
35 591 40368 0 1777797263 958809
33 622 42574 0 1777797263 961941
37 759 24568 0 1777797263 961950
32 679 23831 0 1777797263 963011
33 623 3044 0 1777797263 964995
36 665 28931 0 1777797263 966303
36 666 1228 0 1777797263 967535
33 624 3705 0 1777797263 968703
34 632 64255 0 1777797264 23065
32 680 60341 0 1777797264 23357
33 625 54927 0 1777797264 23652
35 592 65820 0 1777797264 24648
36 667 57121 0 1777797264 24658
33 626 1797 0 1777797264 25451
32 681 2702 0 1777797264 26061
34 633 3092 0 1777797264 26160
37 760 66729 0 1777797264 28688
32 682 5345 0 1777797264 31410
34 634 5256 0 1777797264 31417
33 627 6235 0 1777797264 31689
36 668 7372 0 1777797264 32045
35 593 7686 0 1777797264 32345
32 683 7098 0 1777797264 38516
33 628 6832 0 1777797264 38522
36 669 6479 0 1777797264 38528
37 761 9893 0 1777797264 38583
34 635 7216 0 1777797264 38658
37 762 2229 0 1777797264 40874
32 684 8064 0 1777797264 46649
33 629 8041 0 1777797264 46655
34 636 8000 0 1777797264 46660
35 594 14298 0 1777797264 46666
36 670 8036 0 1777797264 46672
33 630 8006 0 1777797264 54693
34 637 7993 0 1777797264 54702
37 763 13833 0 1777797264 54709
32 685 11855 0 1777797264 58528
36 671 11783 0 1777797264 58538
35 595 15074 0 1777797264 61789
33 631 7608 0 1777797264 62318
32 686 6111 0 1777797264 64650
34 638 9945 0 1777797264 64666
37 764 10052 0 1777797264 64782
36 672 7310 0 1777797264 65860
35 596 6917 0 1777797264 68715
32 687 6207 0 1777797264 70991
33 632 8708 0 1777797264 71028
34 639 6175 0 1777797264 71035
37 765 6177 0 1777797264 71049
36 673 6539 0 1777797264 72404
32 688 8547 0 1777797264 79598
35 597 11660 0 1777797264 80378
33 633 14057 0 1777797264 85122
36 674 12784 0 1777797264 85189
34 640 19090 0 1777797264 90164
32 689 15360 0 1777797264 94961
34 641 4802 0 1777797264 94968
35 598 14590 0 1777797264 94973
36 675 9712 0 1777797264 94987
37 766 23916 0 1777797264 94996
33 634 10210 0 1777797264 95401
32 690 9888 0 1777797264 104884
36 676 9874 0 1777797264 104891
33 635 11036 0 1777797264 106440
34 642 11465 0 1777797264 106470
35 599 11474 0 1777797264 106486
37 767 11475 0 1777797264 106496
32 691 12812 0 1777797264 117704
35 600 11195 0 1777797264 117727
36 677 12846 0 1777797264 117746
33 636 16692 0 1777797264 123189
34 643 16674 0 1777797264 123196
37 768 16664 0 1777797264 123202
36 678 7226 0 1777797264 125042
32 692 13272 0 1777797264 131021
33 637 7830 0 1777797264 131032
34 644 7824 0 1777797264 131038
37 769 14118 0 1777797264 137338
35 601 21137 0 1777797264 138932
36 679 13897 0 1777797264 138947
34 645 8346 0 1777797264 139396
32 693 8373 0 1777797264 139411
33 638 8464 0 1777797264 139508
35 602 4886 0 1777797264 143835
37 770 6749 0 1777797264 144092
34 646 8640 0 1777797264 148038
33 639 9453 0 1777797264 148962
32 694 10387 0 1777797264 149799
36 680 10806 0 1777797264 149808
34 647 7372 0 1777797264 155412
37 771 11305 0 1777797264 155418
33 640 7333 0 1777797264 156299
33 641 14855 0 1777797264 171158
35 603 27075 0 1777797264 171170
34 648 16253 0 1777797264 171672
37 772 16605 0 1777797264 172033
34 649 2835 0 1777797264 174509
32 695 28569 0 1777797264 178378
37 773 6351 0 1777797264 178386
33 642 7283 0 1777797264 178455
35 604 8151 0 1777797264 179337
34 650 6271 0 1777797264 180782
36 681 30960 0 1777797264 180788
37 774 2383 0 1777797264 180797
37 775 2715 0 1777797264 183528
35 605 7117 0 1777797264 186455
35 606 2123 0 1777797264 188583
35 607 1830 0 1777797264 190414
34 651 10264 0 1777797264 191062
35 608 1249 0 1777797264 191665
35 609 2894 0 1777797264 194561
33 643 16674 0 1777797264 195131
36 682 14345 0 1777797264 195151
37 776 11629 0 1777797264 195161
34 652 9666 0 1777797264 200731
32 696 25945 0 1777797264 204331
36 683 9171 0 1777797264 204342
33 644 11207 0 1777797264 206370
34 653 5649 0 1777797264 206383
35 610 11827 0 1777797264 206389
34 654 10059 0 1777797264 216463
32 697 14209 0 1777797264 218553
37 777 26050 0 1777797264 221230
34 655 4938 0 1777797264 221403
36 684 18264 0 1777797264 222626
37 778 2077 0 1777797264 223309
32 698 4883 0 1777797264 223437
35 611 19165 0 1777797264 225578
34 656 4275 0 1777797264 225679
33 645 19837 0 1777797264 226227
37 779 3197 0 1777797264 226510
33 646 1833 0 1777797264 228064
35 612 3642 0 1777797264 229223
34 657 4321 0 1777797264 230001
33 647 3407 0 1777797264 231474
32 699 13095 0 1777797264 236534
35 613 7380 0 1777797264 236605
37 780 10515 0 1777797264 237028
35 614 2285 0 1777797264 238891
37 781 3311 0 1777797264 240340
37 782 1813 0 1777797264 242155
35 615 4055 0 1777797264 242948
35 616 4774 0 1777797264 247724
32 700 16353 0 1777797264 252890
34 658 24865 0 1777797264 254868
37 783 12821 0 1777797264 254979
35 617 9979 0 1777797264 257707
36 685 35106 0 1777797264 257736
33 648 26306 0 1777797264 257782
35 618 8132 0 1777797264 265870
33 649 107779 0 1777797264 365562
36 686 108376 0 1777797264 366125
37 784 111154 0 1777797264 366134
34 659 112190 0 1777797264 367064
32 701 118596 0 1777797264 371491
37 785 7615 0 1777797264 373761
32 702 4116 0 1777797264 375614
32 703 2431 0 1777797264 378047
32 704 1540 0 1777797264 379589
32 705 2570 0 1777797264 382160
36 687 16764 0 1777797264 382899
32 706 936 0 1777797264 383101
32 707 4332 0 1777797264 387435
32 708 2515 0 1777797264 389952
37 786 16227 0 1777797264 389989
36 688 8826 0 1777797264 391726
36 689 1126 0 1777797264 392854
32 709 2912 0 1777797264 392872
37 787 3992 0 1777797264 393982
34 660 27242 0 1777797264 394308
37 788 3552 0 1777797264 397536
34 661 3505 0 1777797264 397815
34 662 2559 0 1777797264 400377
32 710 9311 0 1777797264 402184
36 690 13094 0 1777797264 405951
32 711 5116 0 1777797264 407309
37 789 10729 0 1777797264 408267
32 712 4601 0 1777797264 411913
36 691 6304 0 1777797264 412260
34 663 13285 0 1777797264 413663
35 619 148187 0 1777797264 414106
37 790 6695 0 1777797264 414968
33 650 49497 0 1777797264 415068
32 713 16098 0 1777797264 428015
33 651 13012 0 1777797264 428081
37 791 13117 0 1777797264 428087
36 692 16038 0 1777797264 428300
34 664 14683 0 1777797264 428347
35 620 14990 0 1777797264 429097
33 652 3356 0 1777797264 431444
32 714 4247 0 1777797264 432272
36 693 3980 0 1777797264 432281
35 621 4225 0 1777797264 433324
36 694 4056 0 1777797264 436350
33 653 7068 0 1777797264 438514
36 695 4374 0 1777797264 440728
32 715 12801 0 1777797264 445084
32 716 2392 0 1777797264 447478
36 696 7336 0 1777797264 448067
32 717 1305 0 1777797264 448785
37 792 21495 0 1777797264 449592
35 622 16936 0 1777797264 450264
32 718 4369 0 1777797264 453156
36 697 5558 0 1777797264 453626
35 623 6836 0 1777797264 457106
32 719 5904 0 1777797264 459063
35 624 4131 0 1777797264 461239
36 698 12275 0 1777797264 465903
34 665 38367 0 1777797264 466716
36 699 1477 0 1777797264 467381
34 666 747 0 1777797264 467466
34 667 2026 0 1777797264 469494
32 720 11249 0 1777797264 470316
36 700 4320 0 1777797264 471704
32 721 3699 0 1777797264 474020
36 701 2581 0 1777797264 474287
35 625 14816 0 1777797264 476059
36 702 1964 0 1777797264 476253
34 668 9491 0 1777797264 478988
36 703 3990 0 1777797264 480245
37 793 31977 0 1777797264 481574
33 654 43700 0 1777797264 482218
36 704 1980 0 1777797264 482229
34 669 4208 0 1777797264 483198
36 705 6286 0 1777797264 488537
32 722 15905 0 1777797264 489927
37 794 8359 0 1777797264 489935
33 655 7872 0 1777797264 490102
35 626 16312 0 1777797264 492374
37 795 3069 0 1777797264 493024
34 670 15230 0 1777797264 498429
36 706 9898 0 1777797264 498436
37 796 5503 0 1777797264 498531
35 627 8113 0 1777797264 500490
33 656 10559 0 1777797264 500662
32 723 13798 0 1777797264 503735
36 707 5874 0 1777797264 504327
33 657 4612 0 1777797264 505277
32 724 2537 0 1777797264 506275
33 658 1900 0 1777797264 507181
32 725 1692 0 1777797264 507971
34 671 11205 0 1777797264 509642
35 628 10137 0 1777797264 510632
33 659 5215 0 1777797264 512398
37 797 13879 0 1777797264 512412
32 726 8631 0 1777797264 516605
35 629 6544 0 1777797264 517178
33 660 8480 0 1777797264 520893
34 672 14450 0 1777797264 524098
35 630 7472 0 1777797264 524652
32 727 10151 0 1777797264 526758
36 708 22444 0 1777797264 526774
34 673 3636 0 1777797264 527742
37 798 15329 0 1777797264 527754
34 674 3300 0 1777797264 531055
32 728 9382 0 1777797264 536158
37 799 8439 0 1777797264 536218
33 661 15402 0 1777797264 536298
34 675 5918 0 1777797264 536976
36 709 10342 0 1777797264 537138
33 662 2995 0 1777797264 539294
32 729 3799 0 1777797264 539965
37 800 4752 0 1777797264 540972
36 710 4269 0 1777797264 541409
32 730 3703 0 1777797264 543670
33 663 7846 0 1777797264 547143
32 731 4568 0 1777797264 548241
36 711 7191 0 1777797264 548601
35 631 26411 0 1777797264 551065
37 801 10097 0 1777797264 551075
34 676 14125 0 1777797264 551103
33 664 7672 0 1777797264 554817
34 677 6542 0 1777797264 557647
32 732 9452 0 1777797264 557695
36 712 9161 0 1777797264 557764
35 632 13263 0 1777797264 564339
37 802 14723 0 1777797264 565811
36 713 8381 0 1777797264 566147
34 678 8519 0 1777797264 566167
33 665 11362 0 1777797264 566181
32 733 9195 0 1777797264 566892
33 666 5496 0 1777797264 571678
35 633 7510 0 1777797264 571919
37 803 7231 0 1777797264 573043
34 679 6899 0 1777797264 573067
36 714 7100 0 1777797264 573248
32 734 7137 0 1777797264 574035
33 667 7217 0 1777797264 578904
35 634 7055 0 1777797264 578975
32 735 4977 0 1777797264 579013
37 804 6331 0 1777797264 579377
34 680 6530 0 1777797264 579598
36 715 6356 0 1777797264 579605
32 736 6052 0 1777797264 585067
34 681 7456 0 1777797264 587062
36 716 7478 0 1777797264 587104
35 635 8150 0 1777797264 587126
32 737 3172 0 1777797264 588241
37 805 8872 0 1777797264 588250
36 717 4444 0 1777797264 591549
32 738 3334 0 1777797264 591585
35 636 4539 0 1777797264 591666
33 668 13181 0 1777797264 592087
34 682 6296 0 1777797264 593360
32 739 1953 0 1777797264 593540
37 806 7325 0 1777797264 595587
36 718 4063 0 1777797264 595614
32 740 3048 0 1777797264 596589
34 683 5005 0 1777797264 598369
36 719 2797 0 1777797264 598412
35 637 8362 0 1777797264 600030
34 684 3716 0 1777797264 602087
32 741 5621 0 1777797264 602211
36 720 3803 0 1777797264 602217
37 807 7037 0 1777797264 602625
34 685 4172 0 1777797264 606261
36 721 7591 0 1777797264 609818
32 742 7643 0 1777797264 609861
33 669 17823 0 1777797264 609912
35 638 9869 0 1777797264 609918
37 808 7319 0 1777797264 609945
34 686 3701 0 1777797264 609965
34 687 5832 0 1777797264 615798
36 722 6609 0 1777797264 616428
33 670 6589 0 1777797264 616508
35 639 6708 0 1777797264 616638
32 743 6791 0 1777797264 616654
34 688 7444 0 1777797264 623248
32 744 8460 0 1777797264 625115
33 671 10077 0 1777797264 626587
35 640 9956 0 1777797264 626595
36 723 10172 0 1777797264 626603
37 809 16999 0 1777797264 626946
32 745 3486 0 1777797264 628604
36 724 24009 0 1777797264 650639
37 810 23776 0 1777797264 650724
34 689 27978 0 1777797264 651229
32 746 23632 0 1777797264 652238
33 672 26913 0 1777797264 653517
36 725 4115 0 1777797264 654755
32 747 2952 0 1777797264 655215
35 641 28765 0 1777797264 655389
36 726 1812 0 1777797264 656570
34 690 6630 0 1777797264 657862
36 727 1576 0 1777797264 658147
33 673 8128 0 1777797264 661647
32 748 6745 0 1777797264 661962
36 728 4546 0 1777797264 662696
33 674 1295 0 1777797264 662944
32 749 1012 0 1777797264 662975
32 750 714 0 1777797264 663690
34 691 6745 0 1777797264 664610
34 692 1444 0 1777797264 666056
33 675 3248 0 1777797264 666193
36 729 5564 0 1777797264 668261
32 751 6593 0 1777797264 670285
32 752 1841 0 1777797264 672128
33 676 5963 0 1777797264 672158
35 642 17910 0 1777797264 673300
35 643 1384 0 1777797264 674691
32 753 5109 0 1777797264 677242
35 644 3615 0 1777797264 678314
34 693 13544 0 1777797264 679602
32 754 2438 0 1777797264 679682
33 677 7529 0 1777797264 679688
35 645 3262 0 1777797264 681580
33 678 2151 0 1777797264 681849
32 755 2707 0 1777797264 682396
34 694 4276 0 1777797264 683887
35 646 2594 0 1777797264 684181
35 647 4107 0 1777797264 688290
34 695 6283 0 1777797264 690173
32 756 8747 0 1777797264 691150
33 679 9796 0 1777797264 691647
35 648 6103 0 1777797264 694394
32 757 6866 0 1777797264 698017
34 696 8242 0 1777797264 698418
36 730 30410 0 1777797264 698672
37 811 47965 0 1777797264 698690
35 649 7436 0 1777797264 701833
34 697 4408 0 1777797264 702827
35 650 1634 0 1777797264 703469
32 758 5518 0 1777797264 703536
34 698 4351 0 1777797264 707182
32 759 4809 0 1777797264 708346
36 731 9722 0 1777797264 708396
35 651 7181 0 1777797264 710653
37 812 11997 0 1777797264 710689
35 652 1956 0 1777797264 712610
33 680 21900 0 1777797264 713553
35 653 2118 0 1777797264 714730
33 681 3672 0 1777797264 717228
35 654 3741 0 1777797264 718476
32 760 10818 0 1777797264 719167
34 699 12309 0 1777797264 719494
33 682 4720 0 1777797264 721950
36 732 14960 0 1777797264 723357
32 761 5199 0 1777797264 724368
34 700 5439 0 1777797264 724934
37 813 15271 0 1777797264 725962
36 733 4646 0 1777797264 728004
35 655 9655 0 1777797264 728133
33 683 7319 0 1777797264 729271
34 701 6621 0 1777797264 731564
33 684 2306 0 1777797264 731631
35 656 3571 0 1777797264 731705
35 657 1099 0 1777797264 732806
32 762 8923 0 1777797264 733292
34 702 3895 0 1777797264 735466
35 658 2687 0 1777797264 735494
36 734 7523 0 1777797264 735531
37 814 9612 0 1777797264 735576
33 685 6362 0 1777797264 737994
32 763 6986 0 1777797264 740280
35 659 5173 0 1777797264 740681
34 703 5205 0 1777797264 740700
36 735 7963 0 1777797264 743495
32 764 5579 0 1777797264 745861
36 736 4096 0 1777797264 747593
35 660 7350 0 1777797264 748033
36 737 1768 0 1777797264 749363
36 738 1233 0 1777797264 750598
36 739 2332 0 1777797264 752935
37 815 20939 0 1777797264 756517
32 765 11057 0 1777797264 756924
36 740 4600 0 1777797264 757538
34 704 16856 0 1777797264 757557
32 766 5306 0 1777797264 762231
37 816 7012 0 1777797264 763538
36 741 6084 0 1777797264 763623
34 705 6652 0 1777797264 764210
33 686 30396 0 1777797264 768392
34 706 4193 0 1777797264 768404
33 687 2008 0 1777797264 770414
35 661 23151 0 1777797264 771186
36 742 9179 0 1777797264 772803
34 707 4403 0 1777797264 772821
32 767 10714 0 1777797264 772947
33 688 2984 0 1777797264 773400
35 662 2954 0 1777797264 774145
37 817 10612 0 1777797264 774152
33 689 3805 0 1777797264 777207
36 743 5204 0 1777797264 778009
32 768 6362 0 1777797264 779311
35 663 5171 0 1777797264 779324
34 708 6512 0 1777797264 779334
37 818 6249 0 1777797264 780413
36 744 5735 0 1777797264 783747
32 769 5343 0 1777797264 784655
35 664 6914 0 1777797264 786239
34 709 7738 0 1777797264 787073
37 819 6677 0 1777797264 787091
32 770 7978 0 1777797264 792637
33 690 15425 0 1777797264 792642
35 665 6407 0 1777797264 792648
36 745 8902 0 1777797264 792654
37 820 5959 0 1777797264 793057
37 821 2218 0 1777797264 795277
36 746 3564 0 1777797264 796236
35 666 3693 0 1777797264 796360
34 710 9876 0 1777797264 796968
37 822 4267 0 1777797264 799547
35 667 3436 0 1777797264 799797
33 691 7231 0 1777797264 799892
36 747 6263 0 1777797264 802501
32 771 10297 0 1777797264 802951
34 711 5991 0 1777797264 802960
32 772 3905 0 1777797264 806867
37 823 8325 0 1777797264 807873
34 712 5696 0 1777797264 808668
33 692 12278 0 1777797264 812171
37 824 4301 0 1777797264 812179
34 713 4155 0 1777797264 812825
36 748 10332 0 1777797264 812835
32 773 7572 0 1777797264 814442
35 668 20766 0 1777797264 820564
33 693 8511 0 1777797264 820691
36 749 7868 0 1777797264 820713
37 825 9066 0 1777797264 821253
34 714 10107 0 1777797264 822943
32 774 8532 0 1777797264 822978
33 694 4095 0 1777797264 824789
36 750 4518 0 1777797264 825233
35 669 7501 0 1777797264 828067
37 826 6822 0 1777797264 828076
34 715 5693 0 1777797264 828644
32 775 9449 0 1777797264 832429
35 670 4360 0 1777797264 832438
33 695 8006 0 1777797264 832802
37 827 6079 0 1777797264 834167
36 751 9193 0 1777797264 834429
33 696 3169 0 1777797264 835976
32 776 4259 0 1777797264 836697
35 671 19936 0 1777797264 852383
33 697 19369 0 1777797264 855348
36 752 20925 0 1777797264 855356
34 716 26832 0 1777797264 855479
32 777 19035 0 1777797264 855736
35 672 4097 0 1777797264 856488
37 828 22566 0 1777797264 856735
34 717 5160 0 1777797264 860640
35 673 4674 0 1777797264 861164
33 698 6486 0 1777797264 861843
37 829 7715 0 1777797264 864451
36 753 9630 0 1777797264 864995
32 778 9757 0 1777797264 865495
35 674 9848 0 1777797264 871014
32 779 6049 0 1777797264 871545
37 830 7463 0 1777797264 871923
34 718 11876 0 1777797264 872519
36 754 7980 0 1777797264 872976
33 699 14253 0 1777797264 876101
37 831 4189 0 1777797264 876113
36 755 3424 0 1777797264 876402
35 675 5785 0 1777797264 876801
34 719 6826 0 1777797264 879347
37 832 3231 0 1777797264 879357
32 780 7855 0 1777797264 879402
35 676 5749 0 1777797264 882554
33 700 7690 0 1777797264 883804
32 781 4656 0 1777797264 884060
34 720 5308 0 1777797264 884666
36 756 8350 0 1777797264 884754
37 833 5396 0 1777797264 884764
35 677 6461 0 1777797264 889018
32 782 4999 0 1777797264 889061
34 721 5077 0 1777797264 889748
36 757 5392 0 1777797264 890157
33 701 6375 0 1777797264 890182
35 678 6003 0 1777797264 895023
34 722 5290 0 1777797264 895040
37 834 10334 0 1777797264 895108
32 783 6233 0 1777797264 895295
36 758 5141 0 1777797264 895302
33 702 5404 0 1777797264 895587
37 835 1587 0 1777797264 896697
33 703 6022 0 1777797264 901612
37 836 4920 0 1777797264 901620
36 759 8636 0 1777797264 903948
35 679 11650 0 1777797264 906675
37 837 5066 0 1777797264 906698
36 760 4150 0 1777797264 908100
35 680 2467 0 1777797264 909147
34 723 15433 0 1777797264 910526
35 681 3334 0 1777797264 912482
36 761 4496 0 1777797264 912598
33 704 11008 0 1777797264 912629
32 784 21972 0 1777797264 917275
37 838 10840 0 1777797264 917539
36 762 5278 0 1777797264 917877
35 682 6283 0 1777797264 918768
34 724 9466 0 1777797264 919996
34 725 2795 0 1777797264 922793
34 726 1903 0 1777797264 924699
37 839 7297 0 1777797264 924838
36 763 7111 0 1777797264 924989
36 764 1910 0 1777797264 926901
36 765 1433 0 1777797264 928337
34 727 3850 0 1777797264 928552
32 785 11530 0 1777797264 928807
35 683 10446 0 1777797264 929221
32 786 943 0 1777797264 929753
32 787 801 0 1777797264 930556
33 705 18073 0 1777797264 930704
34 728 4470 0 1777797264 933024
37 840 8783 0 1777797264 933623
36 766 8398 0 1777797264 936773
37 841 3155 0 1777797264 936782
35 684 8528 0 1777797264 937751
34 729 5109 0 1777797264 938134
36 767 5915 0 1777797264 942698
35 685 7495 0 1777797264 945248
34 730 9810 0 1777797264 947946
36 768 5509 0 1777797264 948211
34 731 4733 0 1777797264 952682
36 769 5039 0 1777797264 953251
34 732 1074 0 1777797264 953758
36 770 1851 0 1777797264 955104
34 733 3121 0 1777797264 956882
32 788 26735 0 1777797264 957292
36 771 4499 0 1777797264 959605
34 734 3526 0 1777797264 960410
35 686 18330 0 1777797264 963580
33 706 34481 0 1777797264 965188
34 735 4782 0 1777797264 965194
37 842 28410 0 1777797264 965201
36 772 6148 0 1777797264 965755
36 773 3034 0 1777797264 968791
32 789 12723 0 1777797264 970017
36 774 1409 0 1777797264 970202
36 775 1270 0 1777797264 971473
35 687 14876 0 1777797264 978459
36 776 7131 0 1777797264 978606
37 843 13428 0 1777797264 978645
34 736 13491 0 1777797264 978701
33 707 14416 0 1777797264 979618
37 844 4124 0 1777797264 982770
37 845 4616 0 1777797264 987389
33 708 7982 0 1777797264 987603
34 737 11517 0 1777797264 990220
33 709 5699 0 1777797264 993303
34 738 3118 0 1777797264 993340
36 777 14739 0 1777797264 993346
32 790 24139 0 1777797264 994159
35 688 16098 0 1777797264 994558
34 739 3346 0 1777797264 996693
36 778 3344 0 1777797264 996700
34 740 1819 0 1777797264 998520
35 689 5366 0 1777797264 999929
35 690 5925 0 1777797265 5858
34 741 9942 0 1777797265 8464
33 710 15700 0 1777797265 9004
37 846 23240 0 1777797265 10631
35 691 5870 0 1777797265 11732
36 779 15503 0 1777797265 12215
33 711 4200 0 1777797265 13207
36 780 2998 0 1777797265 15215
32 791 21120 0 1777797265 15280
33 712 3253 0 1777797265 16464
35 692 5246 0 1777797265 16982
34 742 9488 0 1777797265 17957
33 713 5608 0 1777797265 22075
36 781 9067 0 1777797265 24284
35 693 7411 0 1777797265 24395
34 743 7753 0 1777797265 25712
37 847 15409 0 1777797265 26041
32 792 11137 0 1777797265 26419
34 744 2754 0 1777797265 28468
36 782 4190 0 1777797265 28477
34 745 1015 0 1777797265 29493
34 746 1030 0 1777797265 30525
33 714 8846 0 1777797265 30925
37 848 5242 0 1777797265 31285
35 694 6994 0 1777797265 31391
33 715 2226 0 1777797265 33154
35 695 4450 0 1777797265 35842
36 783 8853 0 1777797265 37342
33 716 4825 0 1777797265 37980
37 849 7593 0 1777797265 38880
34 747 9794 0 1777797265 40321
35 696 4638 0 1777797265 40482
36 784 5665 0 1777797265 43011
33 717 6840 0 1777797265 44821
34 748 4750 0 1777797265 45082
33 718 1522 0 1777797265 46346
34 749 2730 0 1777797265 47814
34 750 1397 0 1777797265 49215
32 793 23566 0 1777797265 49986
33 719 3981 0 1777797265 50330
34 751 3114 0 1777797265 52332
33 720 3651 0 1777797265 53983
35 697 13628 0 1777797265 54112
35 698 1694 0 1777797265 55808
36 785 12809 0 1777797265 55828
34 752 3863 0 1777797265 56197
36 786 1068 0 1777797265 56908
36 787 1309 0 1777797265 58220
36 788 615 0 1777797265 58837
37 850 21997 0 1777797265 60880
36 789 2150 0 1777797265 60988
33 721 8520 0 1777797265 62505
32 794 12533 0 1777797265 62524
36 790 3230 0 1777797265 64219
33 722 9402 0 1777797265 71909
35 699 16148 0 1777797265 71977
36 791 7894 0 1777797265 72115
36 792 1740 0 1777797265 73856
35 700 3070 0 1777797265 75048
33 723 4302 0 1777797265 76213
37 851 15390 0 1777797265 76319
33 724 1270 0 1777797265 77485
36 793 4831 0 1777797265 78689
35 701 3978 0 1777797265 79027
33 725 3994 0 1777797265 81481
37 852 6393 0 1777797265 82713
32 795 23890 0 1777797265 86415
34 753 30431 0 1777797265 86630
34 754 1997 0 1777797265 88629
36 794 11929 0 1777797265 90620
34 755 2274 0 1777797265 90907
37 853 11278 0 1777797265 93993
33 726 13477 0 1777797265 94960
35 702 16051 0 1777797265 95079
36 795 4463 0 1777797265 95085
37 854 1926 0 1777797265 95920
34 756 5412 0 1777797265 96320
34 757 3810 0 1777797265 100132
37 855 6038 0 1777797265 101971
32 796 17817 0 1777797265 104233
32 797 3624 0 1777797265 107870
34 758 10146 0 1777797265 110283
34 759 5175 0 1777797265 115461
33 727 20519 0 1777797265 115481
32 798 7620 0 1777797265 115493
37 856 13608 0 1777797265 115584
32 799 4868 0 1777797265 120362
33 728 6629 0 1777797265 122111
35 703 27047 0 1777797265 122133
36 796 27039 0 1777797265 122140
37 857 6575 0 1777797265 122159
35 704 2973 0 1777797265 125150
33 729 4652 0 1777797265 126813
34 760 11609 0 1777797265 127074
37 858 5352 0 1777797265 127546
32 800 7805 0 1777797265 128169
36 797 8831 0 1777797265 131017
33 730 6077 0 1777797265 132900
35 705 8752 0 1777797265 133909
32 801 6505 0 1777797265 134679
34 761 8281 0 1777797265 135357
37 859 8323 0 1777797265 135871
33 731 6285 0 1777797265 139191
37 860 3329 0 1777797265 139203
34 762 4082 0 1777797265 139443
36 798 9067 0 1777797265 140092
32 802 5452 0 1777797265 140136
35 706 7470 0 1777797265 141380
36 799 5328 0 1777797265 145423
32 803 5453 0 1777797265 145590
35 707 4265 0 1777797265 145646
37 861 6601 0 1777797265 145827
34 763 6546 0 1777797265 145991
37 862 2715 0 1777797265 148543
34 764 4664 0 1777797265 150657
37 863 3500 0 1777797265 152045
36 800 6666 0 1777797265 152090
33 732 14566 0 1777797265 153771
34 765 3652 0 1777797265 154311
32 804 8809 0 1777797265 154402
36 801 5404 0 1777797265 157495
37 864 5745 0 1777797265 157794
34 766 14165 0 1777797265 168479
36 802 10988 0 1777797265 168485
33 733 16326 0 1777797265 170099
37 865 12816 0 1777797265 170611
33 734 6837 0 1777797265 176937
37 866 7417 0 1777797265 178030
34 767 13445 0 1777797265 181931
37 867 4158 0 1777797265 182190
36 803 15347 0 1777797265 183841
33 735 7072 0 1777797265 184013
34 768 2126 0 1777797265 184062
35 708 38508 0 1777797265 184156
35 709 5704 0 1777797265 189861
36 804 6405 0 1777797265 190249
37 868 8157 0 1777797265 190349
33 736 6381 0 1777797265 190395
32 805 36007 0 1777797265 190410
33 737 4884 0 1777797265 195281
34 769 11303 0 1777797265 195366
36 805 5481 0 1777797265 195732
35 710 6175 0 1777797265 196041
32 806 7073 0 1777797265 197485
32 807 2033 0 1777797265 199524
33 738 7951 0 1777797265 203235
35 711 7198 0 1777797265 203241
34 770 8069 0 1777797265 203438
36 806 8210 0 1777797265 203945
36 807 1742 0 1777797265 205688
32 808 7540 0 1777797265 207066
34 771 3713 0 1777797265 207152
33 739 4530 0 1777797265 207771
36 808 4675 0 1777797265 210366
37 869 22147 0 1777797265 212497
34 772 6761 0 1777797265 213915
35 712 10680 0 1777797265 213932
32 809 7242 0 1777797265 214311
37 870 2312 0 1777797265 214815
32 810 6988 0 1777797265 221301
36 809 10944 0 1777797265 221311
37 871 6887 0 1777797265 221704
34 773 7931 0 1777797265 221847
33 740 14125 0 1777797265 221898
35 713 8703 0 1777797265 222636
32 811 7715 0 1777797265 229027
33 741 7119 0 1777797265 229041
36 810 7722 0 1777797265 229047
35 714 6547 0 1777797265 229185
34 774 7675 0 1777797265 229523
37 872 7824 0 1777797265 229530
37 873 3022 0 1777797265 232562
33 742 5647 0 1777797265 234711
35 715 5571 0 1777797265 234758
36 811 6129 0 1777797265 235202
34 775 6074 0 1777797265 235605
34 776 3649 0 1777797265 239255
35 716 4864 0 1777797265 239623
32 812 10647 0 1777797265 239695
33 743 6174 0 1777797265 240887
37 874 9005 0 1777797265 241572
36 812 6532 0 1777797265 241735
36 813 4429 0 1777797265 246166
33 744 5658 0 1777797265 246547
35 717 6894 0 1777797265 246572
37 875 5130 0 1777797265 246703
37 876 6357 0 1777797265 253061
33 745 6553 0 1777797265 253102
34 777 13855 0 1777797265 253111
35 718 6867 0 1777797265 253441
32 813 13892 0 1777797265 253589
36 814 9132 0 1777797265 255299
35 719 4075 0 1777797265 257519
37 877 4536 0 1777797265 257606
36 815 6626 0 1777797265 261927
37 878 4324 0 1777797265 261932
35 720 4897 0 1777797265 262423
32 814 10708 0 1777797265 264300
33 746 11195 0 1777797265 264307
34 778 11193 0 1777797265 264314
34 779 1137 0 1777797265 265471
32 815 1691 0 1777797265 266007
37 879 7823 0 1777797265 269763
36 816 7848 0 1777797265 269780
35 721 8886 0 1777797265 271312
34 780 6029 0 1777797265 271503
33 747 7223 0 1777797265 271548
32 816 5553 0 1777797265 271564
35 722 7353 0 1777797265 278668
36 817 8928 0 1777797265 278708
34 781 14110 0 1777797265 285615
33 748 14266 0 1777797265 285817
32 817 14268 0 1777797265 285833
37 880 16074 0 1777797265 285840
35 723 7570 0 1777797265 286239
36 818 7883 0 1777797265 286593
35 724 5409 0 1777797265 291650
36 819 5067 0 1777797265 291666
37 881 11633 0 1777797265 297483
34 782 12040 0 1777797265 297657
35 725 6014 0 1777797265 297666
33 749 11870 0 1777797265 297689
32 818 12830 0 1777797265 298671
33 750 4112 0 1777797265 301802
32 819 4082 0 1777797265 302759
37 882 5277 0 1777797265 302769
35 726 5446 0 1777797265 303121
34 783 7157 0 1777797265 304824
37 883 2051 0 1777797265 304834
35 727 2973 0 1777797265 306095
33 751 5412 0 1777797265 307216
37 884 3348 0 1777797265 308194
35 728 3310 0 1777797265 309409
36 820 17885 0 1777797265 309565
34 784 5038 0 1777797265 309874
37 885 3176 0 1777797265 311371
33 752 4768 0 1777797265 311986
32 820 9607 0 1777797265 312377
37 886 4219 0 1777797265 315594
35 729 6247 0 1777797265 315658
34 785 5811 0 1777797265 315686
33 753 4051 0 1777797265 316042
37 887 2082 0 1777797265 317681
33 754 2964 0 1777797265 319008
35 730 4112 0 1777797265 319770
32 821 7427 0 1777797265 319806
37 888 2277 0 1777797265 319965
34 786 4832 0 1777797265 320519
33 755 3645 0 1777797265 322655
32 822 4094 0 1777797265 323901
35 731 4449 0 1777797265 324223
37 889 4545 0 1777797265 324511
33 756 3225 0 1777797265 325883
32 823 5200 0 1777797265 329104
35 732 4884 0 1777797265 329109
37 890 4600 0 1777797265 329113
34 787 9412 0 1777797265 329937
33 757 4506 0 1777797265 330390
36 821 22673 0 1777797265 332239
32 824 9550 0 1777797265 338663
34 788 9344 0 1777797265 339287
35 733 10167 0 1777797265 339293
33 758 9849 0 1777797265 340240
37 891 11531 0 1777797265 340661
33 759 2590 0 1777797265 342832
33 760 5481 0 1777797265 348314
32 825 9787 0 1777797265 348452
35 734 9174 0 1777797265 348474
36 822 18811 0 1777797265 351054
37 892 10398 0 1777797265 351060
36 823 2196 0 1777797265 353256
35 735 5088 0 1777797265 353574
33 761 5643 0 1777797265 353959
32 826 6015 0 1777797265 354490
37 893 3529 0 1777797265 354599
37 894 1917 0 1777797265 356519
35 736 4207 0 1777797265 357782
32 827 5131 0 1777797265 359626
37 895 3635 0 1777797265 360156
35 737 3724 0 1777797265 361510
32 828 2716 0 1777797265 362344
37 896 2782 0 1777797265 362942
33 762 11494 0 1777797265 365454
34 789 29085 0 1777797265 368378
36 824 15126 0 1777797265 368389
37 897 5441 0 1777797265 368392
35 738 8307 0 1777797265 369820
32 829 8372 0 1777797265 370729
33 763 6020 0 1777797265 371477
37 898 3197 0 1777797265 371616
33 764 2066 0 1777797265 373547
34 790 5252 0 1777797265 373645
35 739 4525 0 1777797265 374346
32 830 5206 0 1777797265 375937
33 765 2398 0 1777797265 375946
34 791 4711 0 1777797265 378357
35 740 13423 0 1777797265 387771
33 766 11847 0 1777797265 387806
37 899 16306 0 1777797265 387924
32 831 12582 0 1777797265 388529
34 792 10177 0 1777797265 388537
36 825 20622 0 1777797265 389033
37 900 3391 0 1777797265 391317
34 793 2820 0 1777797265 391367
36 826 2861 0 1777797265 391898
32 832 7924 0 1777797265 396462
33 767 8664 0 1777797265 396472
34 794 6534 0 1777797265 397902
36 827 6081 0 1777797265 398026
32 833 1718 0 1777797265 398191
33 768 2329 0 1777797265 398827
36 828 4347 0 1777797265 402375
32 834 4353 0 1777797265 402545
33 769 3911 0 1777797265 402741
34 795 5344 0 1777797265 403248
37 901 13926 0 1777797265 405244
35 741 19631 0 1777797265 407411
32 835 5380 0 1777797265 407926
35 742 1085 0 1777797265 408500
32 836 2646 0 1777797265 410574
35 743 3449 0 1777797265 411951
33 770 9632 0 1777797265 412375
36 829 10332 0 1777797265 412709
34 796 10043 0 1777797265 413293
32 837 3635 0 1777797265 414213
37 902 9204 0 1777797265 414453
35 744 4582 0 1777797265 416535
34 797 3425 0 1777797265 416720
33 771 4467 0 1777797265 416845
33 772 1932 0 1777797265 418778
35 745 3455 0 1777797265 419992
33 773 1307 0 1777797265 420087
32 838 6640 0 1777797265 420855
36 830 16696 0 1777797265 429407
33 774 9357 0 1777797265 429445
34 798 12845 0 1777797265 429568
33 775 2304 0 1777797265 431751
32 839 10943 0 1777797265 431805
35 746 12078 0 1777797265 432072
34 799 3699 0 1777797265 433269
37 903 20217 0 1777797265 434672
32 840 5198 0 1777797265 437004
37 904 3172 0 1777797265 437846
32 841 1106 0 1777797265 438114
32 842 2699 0 1777797265 440814
33 776 9296 0 1777797265 441049
33 777 4203 0 1777797265 445253
35 747 13192 0 1777797265 445265
34 800 15231 0 1777797265 448502
36 831 19100 0 1777797265 448512
32 843 7783 0 1777797265 448599
33 778 5623 0 1777797265 450890
34 801 2536 0 1777797265 451049
35 748 7020 0 1777797265 452298
37 905 16688 0 1777797265 454538
35 749 5006 0 1777797265 457310
37 906 3875 0 1777797265 458414
34 802 9066 0 1777797265 460117
32 844 12994 0 1777797265 461594
36 832 13080 0 1777797265 461603
37 907 7787 0 1777797265 466207
33 779 17449 0 1777797265 468341
36 833 7775 0 1777797265 469393
34 803 9373 0 1777797265 469493
32 845 8116 0 1777797265 469720
37 908 6409 0 1777797265 472617
36 834 4029 0 1777797265 473426
32 846 4049 0 1777797265 473771
34 804 5081 0 1777797265 474575
32 847 1907 0 1777797265 475679
36 835 2775 0 1777797265 476207
37 909 5604 0 1777797265 478225
34 805 4792 0 1777797265 479370
35 750 23146 0 1777797265 480460
34 806 5927 0 1777797265 485303
37 910 7478 0 1777797265 485705
35 751 5336 0 1777797265 485798
33 780 19332 0 1777797265 487678
37 911 2713 0 1777797265 488420
32 848 13001 0 1777797265 488683
36 836 13073 0 1777797265 489282
34 807 6360 0 1777797265 491665
35 752 6088 0 1777797265 491887
32 849 4247 0 1777797265 492931
37 912 4599 0 1777797265 493021
36 837 4655 0 1777797265 493941
32 850 1135 0 1777797265 494071
34 808 3244 0 1777797265 494915
37 913 3670 0 1777797265 496693
36 838 2858 0 1777797265 496801
35 753 5574 0 1777797265 497462
32 851 3441 0 1777797265 497514
37 914 2783 0 1777797265 499484
32 852 3965 0 1777797265 501481
32 853 2530 0 1777797265 504013
37 915 4681 0 1777797265 504167
33 781 17322 0 1777797265 505001
36 839 8289 0 1777797265 505092
32 854 1964 0 1777797265 505980
37 916 4316 0 1777797265 508484
36 840 3426 0 1777797265 508519
33 782 3798 0 1777797265 508801
34 809 14324 0 1777797265 509241
34 810 1651 0 1777797265 510893
34 811 2307 0 1777797265 513204
36 841 5117 0 1777797265 513640
32 855 10340 0 1777797265 516322
36 842 3587 0 1777797265 517228
36 843 805 0 1777797265 518036
33 783 10749 0 1777797265 519554
37 917 11674 0 1777797265 520161
36 844 2333 0 1777797265 520375
37 918 2336 0 1777797265 522499
36 845 3576 0 1777797265 523953
35 754 26837 0 1777797265 524304
37 919 7385 0 1777797265 529886
34 812 17214 0 1777797265 530420
36 846 8037 0 1777797265 531998
34 813 2275 0 1777797265 532699
36 847 1314 0 1777797265 533314
34 814 912 0 1777797265 533614
32 856 17384 0 1777797265 533711
34 815 8190 0 1777797265 541806
35 755 17998 0 1777797265 542305
32 857 9629 0 1777797265 543342
34 816 2425 0 1777797265 544234
33 784 25283 0 1777797265 544839
32 858 1661 0 1777797265 545005
35 756 3083 0 1777797265 545390
34 817 1174 0 1777797265 545410
34 818 2253 0 1777797265 547664
36 848 14504 0 1777797265 547820
32 859 3139 0 1777797265 548145
35 757 4840 0 1777797265 550233
34 819 3088 0 1777797265 550760
32 860 3172 0 1777797265 551362
36 849 4167 0 1777797265 551988
37 920 22805 0 1777797265 552693
34 820 2455 0 1777797265 553219
32 861 2393 0 1777797265 553757
36 850 3778 0 1777797265 555767
37 921 3953 0 1777797265 556649
35 758 6432 0 1777797265 556667
34 821 3718 0 1777797265 556939
32 862 3579 0 1777797265 557340
34 822 4802 0 1777797265 561743
36 851 6442 0 1777797265 562211
32 863 6198 0 1777797265 563539
33 785 23233 0 1777797265 568075
35 759 13887 0 1777797265 570555
33 786 3343 0 1777797265 571422
37 922 15823 0 1777797265 572474
34 823 12347 0 1777797265 574092
32 864 12412 0 1777797265 575953
34 824 2040 0 1777797265 576134
35 760 9242 0 1777797265 579798
35 761 1520 0 1777797265 581320
37 923 9115 0 1777797265 581591
34 825 7067 0 1777797265 583202
37 924 2490 0 1777797265 584082
35 762 3617 0 1777797265 584940
35 763 1328 0 1777797265 586271
34 826 3561 0 1777797265 586765
32 865 12837 0 1777797265 588794
33 787 20761 0 1777797265 592185
32 866 6047 0 1777797265 594847
35 764 9363 0 1777797265 595637
34 827 12060 0 1777797265 598826
33 788 12354 0 1777797265 604541
35 765 9003 0 1777797265 604642
34 828 9089 0 1777797265 607918
36 852 49376 0 1777797265 611589
36 853 2109 0 1777797265 613701
32 867 20507 0 1777797265 615356
34 829 8744 0 1777797265 616665
33 789 15446 0 1777797265 619990
32 868 6066 0 1777797265 621424
36 854 8091 0 1777797265 621794
32 869 1920 0 1777797265 623349
32 870 1282 0 1777797265 624634
36 855 3006 0 1777797265 624802
37 925 44508 0 1777797265 628592
35 766 25417 0 1777797265 630062
35 767 13344 0 1777797265 643409
34 830 27630 0 1777797265 644299
36 856 20119 0 1777797265 644922
37 926 26421 0 1777797265 655016
32 871 30410 0 1777797265 655048
34 831 10756 0 1777797265 655056
36 857 10256 0 1777797265 655180
37 927 1621 0 1777797265 656641
36 858 6196 0 1777797265 661378
34 832 6583 0 1777797265 661649
37 928 5327 0 1777797265 661969
32 872 8063 0 1777797265 663120
34 833 6458 0 1777797265 668108
35 768 26379 0 1777797265 669791
36 859 8665 0 1777797265 670046
37 929 8100 0 1777797265 670072
32 873 10943 0 1777797265 674065
34 834 6439 0 1777797265 674550
33 790 54649 0 1777797265 674642
37 930 7738 0 1777797265 677811
32 874 4483 0 1777797265 678549
34 835 6582 0 1777797265 681134
37 931 3425 0 1777797265 681237
36 860 11424 0 1777797265 681471
35 769 13591 0 1777797265 683386
32 875 4976 0 1777797265 683527
33 791 13457 0 1777797265 688100
34 836 8139 0 1777797265 689275
35 770 6123 0 1777797265 689510
34 837 5013 0 1777797265 694289
37 932 13055 0 1777797265 694293
36 861 14988 0 1777797265 696461
33 792 10361 0 1777797265 698470
34 838 6732 0 1777797265 701026
37 933 7586 0 1777797265 701885
35 771 12440 0 1777797265 701954
32 876 20584 0 1777797265 704113
33 793 9641 0 1777797265 708114
37 934 6509 0 1777797265 708395
36 862 13705 0 1777797265 710167
34 839 9476 0 1777797265 710503
32 877 6426 0 1777797265 710540
35 772 8589 0 1777797265 710546
37 935 2669 0 1777797265 711065
36 863 7462 0 1777797265 717632
33 794 12916 0 1777797265 721037
34 840 10538 0 1777797265 721042
35 773 10491 0 1777797265 721046
32 878 10848 0 1777797265 721395
37 936 10333 0 1777797265 721400
35 774 14693 0 1777797265 735753
37 937 14405 0 1777797265 735809
32 879 14434 0 1777797265 735834
33 795 14950 0 1777797265 735997
34 841 15114 0 1777797265 736168
36 864 20453 0 1777797265 738114
33 796 6375 0 1777797265 742374
35 775 6569 0 1777797265 742379
37 938 6561 0 1777797265 742382
32 880 6813 0 1777797265 742647
34 842 18433 0 1777797265 754602
36 865 16460 0 1777797265 754608
33 797 16997 0 1777797265 759380
35 776 16995 0 1777797265 759386
32 881 16755 0 1777797265 759403
37 939 17011 0 1777797265 759406
36 866 10787 0 1777797265 765402
32 882 10860 0 1777797265 770267
35 777 13307 0 1777797265 772700
34 843 20027 0 1777797265 774637
33 798 15511 0 1777797265 774898
36 867 11308 0 1777797265 776711
35 778 5089 0 1777797265 777792
37 940 20043 0 1777797265 779454
36 868 3602 0 1777797265 780314
34 844 6742 0 1777797265 781380
36 869 3614 0 1777797265 783930
32 883 14357 0 1777797265 784625
37 941 5551 0 1777797265 785007
34 845 5568 0 1777797265 786981
33 799 13730 0 1777797265 788630
32 884 4688 0 1777797265 789314
33 800 1999 0 1777797265 790635
36 870 6713 0 1777797265 790647
37 942 5747 0 1777797265 790757
35 779 13155 0 1777797265 790953
34 846 4810 0 1777797265 791793
36 871 4533 0 1777797265 795195
32 885 6154 0 1777797265 795472
37 943 5829 0 1777797265 796587
33 801 6687 0 1777797265 797335
34 847 5547 0 1777797265 797344
35 780 9723 0 1777797265 800678
32 886 5247 0 1777797265 800721
36 872 11028 0 1777797265 806225
37 944 10240 0 1777797265 806829
33 802 11520 0 1777797265 808865
34 848 11527 0 1777797265 808882
32 887 8935 0 1777797265 809657
32 888 3149 0 1777797265 812811
35 781 12141 0 1777797265 812821
32 889 1292 0 1777797265 814115
36 873 8253 0 1777797265 814479
33 803 6044 0 1777797265 814911
34 849 6598 0 1777797265 815481
37 945 10012 0 1777797265 816843
34 850 3121 0 1777797265 818605
33 804 3726 0 1777797265 818639
32 890 7336 0 1777797265 821454
35 782 11426 0 1777797265 824257
32 891 2991 0 1777797265 824449
32 892 4317 0 1777797265 828768
32 893 2533 0 1777797265 831306
32 894 8525 0 1777797265 839833
32 895 3427 0 1777797265 843261
33 805 24858 0 1777797265 843498
34 851 24893 0 1777797265 843505
36 874 29774 0 1777797265 844256
34 852 1747 0 1777797265 845261
37 946 28425 0 1777797265 845271
33 806 2547 0 1777797265 846053
32 896 2843 0 1777797265 846106
34 853 1470 0 1777797265 846742
37 947 2071 0 1777797265 847357
34 854 1080 0 1777797265 847825
36 875 3649 0 1777797265 848065
32 897 3431 0 1777797265 849539
34 855 1723 0 1777797265 849550
36 876 1641 0 1777797265 849708
33 807 8242 0 1777797265 854298
36 877 6133 0 1777797265 855842
36 878 1139 0 1777797265 856983
37 948 10986 0 1777797265 858347
34 856 9652 0 1777797265 859217
36 879 2406 0 1777797265 859391
33 808 5193 0 1777797265 859493
35 783 37822 0 1777797265 862083
34 857 5231 0 1777797265 864450
36 880 5936 0 1777797265 865329
33 809 6520 0 1777797265 866015
34 858 2936 0 1777797265 867389
37 949 9112 0 1777797265 867461
36 881 2718 0 1777797265 868054
34 859 2029 0 1777797265 869463
32 898 20526 0 1777797265 870078
33 810 4485 0 1777797265 870501
36 882 2705 0 1777797265 870761
35 784 11410 0 1777797265 873496
37 950 6047 0 1777797265 873509
34 860 4230 0 1777797265 873697
32 899 6092 0 1777797265 876176
34 861 6263 0 1777797265 879961
35 785 6485 0 1777797265 879996
33 811 9534 0 1777797265 880039
36 883 9283 0 1777797265 880045
32 900 3890 0 1777797265 880069
37 951 7218 0 1777797265 880746
32 901 2373 0 1777797265 882443
35 786 3164 0 1777797265 883161
32 902 5280 0 1777797265 887725
33 812 7688 0 1777797265 887733
36 884 7974 0 1777797265 888028
36 885 2659 0 1777797265 890691
35 787 8090 0 1777797265 891254
36 886 19699 0 1777797265 910392
35 788 20302 0 1777797265 911558
32 903 24613 0 1777797265 912347
33 813 26909 0 1777797265 914652
37 952 33928 0 1777797265 914675
34 862 35275 0 1777797265 915238
36 887 4877 0 1777797265 915272
35 789 5476 0 1777797265 917035
37 953 6053 0 1777797265 920729
33 814 7574 0 1777797265 922231
36 888 8175 0 1777797265 923448
34 863 9345 0 1777797265 924586
35 790 7558 0 1777797265 924597
32 904 12289 0 1777797265 924637
37 954 8190 0 1777797265 928922
33 815 8239 0 1777797265 930476
36 889 7618 0 1777797265 931068
35 791 6485 0 1777797265 931106
37 955 6190 0 1777797265 935114
36 890 4212 0 1777797265 935282
32 905 10885 0 1777797265 935524
35 792 4986 0 1777797265 936093
33 816 6230 0 1777797265 936715
34 864 12124 0 1777797265 936723
37 956 3921 0 1777797265 939042
36 891 5553 0 1777797265 940838
35 793 4821 0 1777797265 940916
35 794 5002 0 1777797265 945919
32 906 10646 0 1777797265 946172
33 817 9467 0 1777797265 946191
36 892 5661 0 1777797265 946501
37 957 8464 0 1777797265 947508
34 865 12827 0 1777797265 949583
35 795 3682 0 1777797265 949604
32 907 6744 0 1777797265 952937
37 958 6331 0 1777797265 953843
33 818 8075 0 1777797265 954276
36 893 8262 0 1777797265 954764
34 866 10786 0 1777797265 960371
35 796 10837 0 1777797265 960442
32 908 8201 0 1777797265 961139
33 819 6877 0 1777797265 961154
37 959 7437 0 1777797265 961385
36 894 7246 0 1777797265 962012
35 797 2477 0 1777797265 962932
37 960 3624 0 1777797265 965011
32 909 3893 0 1777797265 965048
34 867 5023 0 1777797265 965467
36 895 6536 0 1777797265 968549
32 910 6357 0 1777797265 971406
37 961 6474 0 1777797265 971487
34 868 8786 0 1777797265 974254
35 798 13457 0 1777797265 976392
37 962 5494 0 1777797265 976983
33 820 15920 0 1777797265 977083
32 911 6018 0 1777797265 977433
36 896 8886 0 1777797265 977442
33 821 2817 0 1777797265 979902
34 869 5672 0 1777797265 979929
37 963 5266 0 1777797265 982254
35 799 5911 0 1777797265 982311
36 897 5053 0 1777797265 982504
34 870 2921 0 1777797265 982852
37 964 4134 0 1777797265 986390
33 822 6720 0 1777797265 986627
36 898 4819 0 1777797265 987324
32 912 10124 0 1777797265 987566
34 871 8314 0 1777797265 991168
37 965 5234 0 1777797265 991625
32 913 4395 0 1777797265 991963
36 899 4666 0 1777797265 991992
33 823 8548 0 1777797265 995179
34 872 4476 0 1777797265 995646
35 800 13382 0 1777797265 995694
37 966 4187 0 1777797265 995813
36 900 4938 0 1777797265 996932
32 914 6557 0 1777797265 998525
33 824 3355 0 1777797265 998536
36 901 1653 0 1777797265 998587
37 967 7243 0 1777797266 3058
34 873 7438 0 1777797266 3086
32 915 5285 0 1777797266 3822
36 902 6021 0 1777797266 4609
33 825 9695 0 1777797266 8258
36 903 3654 0 1777797266 8265
34 874 5611 0 1777797266 8716
37 968 5941 0 1777797266 9001
35 801 13324 0 1777797266 9019
32 916 10440 0 1777797266 14263
34 875 5904 0 1777797266 14621
35 802 5610 0 1777797266 14630
33 826 6403 0 1777797266 14668
36 904 6508 0 1777797266 14782
37 969 5905 0 1777797266 14908
32 917 7594 0 1777797266 21865
35 803 7733 0 1777797266 22372
33 827 8055 0 1777797266 22724
36 905 8121 0 1777797266 22904
34 876 8319 0 1777797266 22950
37 970 8094 0 1777797266 23003
33 828 6161 0 1777797266 28886
35 804 6543 0 1777797266 28917
32 918 7286 0 1777797266 29153
36 906 6280 0 1777797266 29186
34 877 6705 0 1777797266 29656
36 907 3213 0 1777797266 32400
37 971 9553 0 1777797266 32557
33 829 4408 0 1777797266 33301
37 972 2522 0 1777797266 35081
36 908 3270 0 1777797266 35671
33 830 5234 0 1777797266 38539
36 909 3023 0 1777797266 38699
32 919 9968 0 1777797266 39123
36 910 1657 0 1777797266 40357
37 973 8512 0 1777797266 43595
35 805 16194 0 1777797266 45112
34 878 15550 0 1777797266 45208
33 831 6969 0 1777797266 45510
37 974 6568 0 1777797266 50164
36 911 9822 0 1777797266 50181
34 879 9004 0 1777797266 54214
33 832 9030 0 1777797266 54543
36 912 6630 0 1777797266 56813
36 913 972 0 1777797266 57794
36 914 646 0 1777797266 58442
32 920 20279 0 1777797266 59404
36 915 2645 0 1777797266 61090
34 880 7607 0 1777797266 61828
35 806 42347 0 1777797266 87461
33 833 33869 0 1777797266 88415
36 916 27327 0 1777797266 88419
37 975 39226 0 1777797266 89392
32 921 30828 0 1777797266 90234
35 807 8749 0 1777797266 96213
32 922 6264 0 1777797266 96502
33 834 8088 0 1777797266 96508
37 976 7162 0 1777797266 96556
34 881 36550 0 1777797266 98383
36 917 9975 0 1777797266 98401
32 923 2802 0 1777797266 99311
33 835 2943 0 1777797266 99460
34 882 2622 0 1777797266 101006
35 808 11694 0 1777797266 107909
37 977 14651 0 1777797266 111208
36 918 16755 0 1777797266 115158
35 809 14585 0 1777797266 122495
33 836 23135 0 1777797266 122596
37 978 11392 0 1777797266 122603
37 979 7277 0 1777797266 129889
32 924 32903 0 1777797266 132216
33 837 9617 0 1777797266 132221
34 883 38203 0 1777797266 139213
35 810 20000 0 1777797266 142503
36 919 31475 0 1777797266 146638
36 920 9089 0 1777797266 155729
35 811 13435 0 1777797266 155943
33 838 23834 0 1777797266 156061
34 884 16856 0 1777797266 156071
37 980 26394 0 1777797266 156285
32 925 24316 0 1777797266 156537
35 812 5354 0 1777797266 161299
36 921 5583 0 1777797266 161313
33 839 17950 0 1777797266 174024
34 885 17963 0 1777797266 174047
37 981 17769 0 1777797266 174055
32 926 19064 0 1777797266 175603
34 886 11313 0 1777797266 185391
35 813 24082 0 1777797266 185396
36 922 24095 0 1777797266 185426
37 982 11344 0 1777797266 185429
33 840 16911 0 1777797266 190967
32 927 26783 0 1777797266 202388
34 887 26157 0 1777797266 211587
36 923 26149 0 1777797266 211591
37 983 26148 0 1777797266 211595
33 841 24277 0 1777797266 215248
35 814 29820 0 1777797266 215257
32 928 22594 0 1777797266 224984
33 842 16872 0 1777797266 232131
35 815 16873 0 1777797266 232145
36 924 20547 0 1777797266 232152
37 984 20547 0 1777797266 232157
34 888 23886 0 1777797266 235482
32 929 26188 0 1777797266 251175
36 925 24305 0 1777797266 256490
33 843 28836 0 1777797266 260994
35 816 28827 0 1777797266 261003
34 889 29385 0 1777797266 264869
37 985 32670 0 1777797266 264875
32 930 23984 0 1777797266 275163
36 926 24797 0 1777797266 281292
33 844 26117 0 1777797266 287121
34 890 22253 0 1777797266 287129
35 817 26111 0 1777797266 287134
32 931 17259 0 1777797266 292425
37 986 27564 0 1777797266 292449
32 932 14805 0 1777797266 307255
33 845 20134 0 1777797266 307269
34 891 20106 0 1777797266 307277
35 818 20105 0 1777797266 307285
36 927 25998 0 1777797266 307293
37 987 14840 0 1777797266 307299
32 933 8281 0 1777797266 315581
33 846 12939 0 1777797266 320256
34 892 12985 0 1777797266 320310
37 988 12975 0 1777797266 320321
35 819 14320 0 1777797266 321652
36 928 14322 0 1777797266 321662
32 934 12097 0 1777797266 327681
33 847 7374 0 1777797266 327696
34 893 7086 0 1777797266 327718
37 989 7069 0 1777797266 327728
32 935 16629 0 1777797266 344359
33 848 16626 0 1777797266 344365
34 894 16624 0 1777797266 344370
35 820 22711 0 1777797266 344375
36 929 22661 0 1777797266 344378
37 990 16628 0 1777797266 344382
33 849 19366 0 1777797266 363757
34 895 19366 0 1777797266 363762
35 821 19365 0 1777797266 363767
36 930 19364 0 1777797266 363770
37 991 19362 0 1777797266 363774
32 936 22093 0 1777797266 366476
35 822 19146 0 1777797266 382934
36 931 19148 0 1777797266 382941
37 992 19148 0 1777797266 382946
32 937 26969 0 1777797266 393450
33 850 29679 0 1777797266 393454
34 896 29674 0 1777797266 393458
35 823 25101 0 1777797266 408047
36 932 25098 0 1777797266 408053
37 993 25097 0 1777797266 408057
32 938 27099 0 1777797266 420558
33 851 27420 0 1777797266 420886
34 897 27456 0 1777797266 420925
35 824 16335 0 1777797266 424392
36 933 16331 0 1777797266 424397
37 994 16330 0 1777797266 424400
32 939 14961 0 1777797266 435888
33 852 14792 0 1777797266 435898
34 898 14780 0 1777797266 435905
37 995 11500 0 1777797266 435913
35 825 13709 0 1777797266 438110
36 934 13706 0 1777797266 438114
32 940 20524 0 1777797266 456438
33 853 19959 0 1777797266 456447
34 899 19955 0 1777797266 456454
37 996 19955 0 1777797266 456461
35 826 22635 0 1777797266 460750
36 935 22645 0 1777797266 460765
32 941 6950 0 1777797266 463411
33 854 6940 0 1777797266 463420
34 900 6938 0 1777797266 463427
35 827 9896 0 1777797266 470663
36 936 9887 0 1777797266 470671
37 997 14176 0 1777797266 470676
32 942 9518 0 1777797266 472946
33 855 9495 0 1777797266 472955
34 901 9457 0 1777797266 472961
35 828 9224 0 1777797266 479901
37 998 9212 0 1777797266 479904
32 943 10826 0 1777797266 483788
36 937 13116 0 1777797266 483803
33 856 14413 0 1777797266 487384
34 902 14418 0 1777797266 487398
32 944 6352 0 1777797266 490155
35 829 10262 0 1777797266 490167
36 938 6361 0 1777797266 490174
37 999 10271 0 1777797266 490181
33 857 9756 0 1777797266 497155
34 903 9754 0 1777797266 497168
37 1000 6945 0 1777797266 497177
35 830 7021 0 1777797266 497218
32 945 9468 0 1777797266 499650
36 939 9458 0 1777797266 499663
33 858 17123 0 1777797266 514301
36 940 14632 0 1777797266 514311
32 946 24822 0 1777797266 524486
33 859 10182 0 1777797266 524495
34 904 27305 0 1777797266 524500
35 831 27288 0 1777797266 524507
36 941 10198 0 1777797266 524536
37 1001 27342 0 1777797266 524544
35 832 13080 0 1777797266 537677
34 905 15092 0 1777797266 539667
37 1002 25122 0 1777797266 549754
33 860 35014 0 1777797266 559570
32 947 39179 0 1777797266 563724
36 942 39180 0 1777797266 563804
37 1003 19056 0 1777797266 568813
34 906 33360 0 1777797266 573034
37 1004 5685 0 1777797266 574503
35 833 41009 0 1777797266 578689
37 1005 4152 0 1777797266 578697
34 907 7432 0 1777797266 580469
35 834 3465 0 1777797266 582163
35 835 8827 0 1777797266 590994
33 861 32634 0 1777797266 592206
33 862 6674 0 1777797266 598882
34 908 18408 0 1777797266 598886
35 836 8146 0 1777797266 599142
37 1006 20612 0 1777797266 599394
37 1007 4088 0 1777797266 603482
33 863 5717 0 1777797266 604604
35 837 5983 0 1777797266 605126
37 1008 4708 0 1777797266 608191
32 948 47911 0 1777797266 611639
36 943 50174 0 1777797266 613981
32 949 29434 0 1777797266 641081
33 864 36486 0 1777797266 641091
32 950 2230 0 1777797266 643322
32 951 7187 0 1777797266 650511
33 865 9412 0 1777797266 650516
36 944 45597 0 1777797266 659581
37 1009 51396 0 1777797266 659588
32 952 11996 0 1777797266 662513
33 866 11997 0 1777797266 662519
34 909 63632 0 1777797266 662525
35 838 57399 0 1777797266 662530
36 945 8574 0 1777797266 668163
37 1010 8570 0 1777797266 668170
33 867 9450 0 1777797266 671990
32 953 10551 0 1777797266 673083
34 910 10542 0 1777797266 673088
35 839 10538 0 1777797266 673091
32 954 9759 0 1777797266 682851
33 868 10864 0 1777797266 682855
36 946 14720 0 1777797266 682890
37 1011 14732 0 1777797266 682910
34 911 15393 0 1777797266 688491
35 840 15392 0 1777797266 688495
32 955 10662 0 1777797266 693573
36 947 10623 0 1777797266 693580
33 869 12397 0 1777797266 695325
37 1012 16183 0 1777797266 699172
34 912 19152 0 1777797266 707648
35 841 20010 0 1777797266 708511
33 870 22790 0 1777797266 718122
36 948 22852 0 1777797266 718128
32 956 37925 0 1777797266 731506
35 842 22991 0 1777797266 731511
37 1013 28226 0 1777797266 731514
34 913 26420 0 1777797266 734932
33 871 18196 0 1777797266 736324
32 957 25791 0 1777797266 757306
34 914 22375 0 1777797266 757310
35 843 25793 0 1777797266 757313
36 949 39180 0 1777797266 757316
37 1014 25795 0 1777797266 757319
32 958 11744 0 1777797266 769064
33 872 32798 0 1777797266 769122
34 915 11808 0 1777797266 769133
35 844 11864 0 1777797266 769194
36 950 11881 0 1777797266 769215
37 1015 12112 0 1777797266 769450
36 951 26143 0 1777797266 795536
37 1016 48794 0 1777797266 818245
33 873 52303 0 1777797266 821593
32 959 55439 0 1777797266 824655
34 916 57848 0 1777797266 827168
35 845 68581 0 1777797266 837930
36 952 79054 0 1777797266 874595
33 874 57430 0 1777797266 879025
37 1017 60824 0 1777797266 879071
35 846 43333 0 1777797266 881271
34 917 69925 0 1777797266 897095
32 960 77578 0 1777797266 902234
37 1018 28371 0 1777797266 907473
33 875 31184 0 1777797266 910259
34 918 13145 0 1777797266 910265
35 847 28997 0 1777797266 910270
36 953 35678 0 1777797266 910275
32 961 11943 0 1777797266 914180
33 876 8367 0 1777797266 918642
35 848 8365 0 1777797266 918655
32 962 14675 0 1777797266 928858
33 877 10212 0 1777797266 928868
34 919 18590 0 1777797266 928874
36 954 18586 0 1777797266 928882
35 849 10702 0 1777797266 929367
37 1019 22154 0 1777797266 929628
32 963 8937 0 1777797266 937821
34 920 10129 0 1777797266 939031
32 964 6907 0 1777797266 944736
36 955 16176 0 1777797266 945501
33 878 27296 0 1777797266 956190
34 921 17169 0 1777797266 956201
35 850 27153 0 1777797266 956781
32 965 20916 0 1777797266 966418
34 922 10214 0 1777797266 966426
36 956 20922 0 1777797266 966432
35 851 9682 0 1777797266 966465
33 879 10675 0 1777797266 966877
37 1020 37248 0 1777797266 966883
34 923 3671 0 1777797266 970113
32 966 7670 0 1777797266 974103
35 852 7656 0 1777797266 974123
36 957 7682 0 1777797266 974131
33 880 10553 0 1777797266 977436
34 924 7337 0 1777797266 977453
35 853 6182 0 1777797266 980331
36 958 6181 0 1777797266 980338
32 967 7543 0 1777797266 981676
34 925 6657 0 1777797266 984123
37 1021 17247 0 1777797266 984136
33 881 8240 0 1777797266 985694
32 968 5301 0 1777797266 986979
33 882 4967 0 1777797266 990666
34 926 6538 0 1777797266 990675
35 854 10339 0 1777797266 990679
36 959 10329 0 1777797266 990684
32 969 7680 0 1777797266 994686
37 1022 10544 0 1777797266 994696
33 883 6966 0 1777797266 997651
34 927 8544 0 1777797266 999238
32 970 5630 0 1777797267 327
37 1023 7243 0 1777797267 1951
35 855 11306 0 1777797267 2004
36 960 11304 0 1777797267 2008
35 856 7039 0 1777797267 9048
36 961 8340 0 1777797267 10356
34 928 12333 0 1777797267 11574
32 971 11462 0 1777797267 11814
33 884 15743 0 1777797267 13397
37 1024 11453 0 1777797267 13404
35 857 7090 0 1777797267 16139
36 962 10402 0 1777797267 20759
33 885 9028 0 1777797267 22433
34 929 10861 0 1777797267 22436
32 972 11476 0 1777797267 23291
37 1025 9883 0 1777797267 23296
34 930 9348 0 1777797267 31791
32 973 15928 0 1777797267 39224
33 886 23794 0 1777797267 46231
34 931 14449 0 1777797267 46248
35 858 30131 0 1777797267 46271
36 963 25519 0 1777797267 46281
37 1026 22984 0 1777797267 46288
32 974 9873 0 1777797267 49102
35 859 2755 0 1777797267 49112
36 964 2750 0 1777797267 49118
32 975 5053 0 1777797267 54173
33 887 7891 0 1777797267 54180
34 932 7851 0 1777797267 54188
36 965 5057 0 1777797267 54194
35 860 8405 0 1777797267 57534
32 976 7697 0 1777797267 61891
33 888 7702 0 1777797267 61905
34 933 7701 0 1777797267 61912
36 966 7701 0 1777797267 61919
36 967 10779 0 1777797267 72730
32 977 15084 0 1777797267 77004
34 934 15074 0 1777797267 77014
33 889 25406 0 1777797267 87339
36 968 14609 0 1777797267 87347
35 861 31395 0 1777797267 88933
32 978 15326 0 1777797267 92343
34 935 18652 0 1777797267 95697
36 969 8348 0 1777797267 95706
32 979 12492 0 1777797267 104839
36 970 9124 0 1777797267 104847
37 1027 60978 0 1777797267 107354
33 890 23618 0 1777797267 110965
35 862 22044 0 1777797267 110980
36 971 11251 0 1777797267 116110
32 980 20250 0 1777797267 125098
35 863 14127 0 1777797267 125128
36 972 9020 0 1777797267 125133
37 1028 17781 0 1777797267 125138
37 1029 3888 0 1777797267 129043
36 973 8959 0 1777797267 134108
33 891 27442 0 1777797267 138423
35 864 13297 0 1777797267 138441
36 974 4345 0 1777797267 138459
37 1030 9422 0 1777797267 138467
32 981 22613 0 1777797267 147752
36 975 9275 0 1777797267 147760
33 892 10249 0 1777797267 148717
35 865 10248 0 1777797267 148726
37 1031 10241 0 1777797267 148733
34 936 62100 0 1777797267 157807
37 1032 12931 0 1777797267 161689
32 982 16361 0 1777797267 164123
37 1033 2441 0 1777797267 164133
33 893 16990 0 1777797267 165723
33 894 4438 0 1777797267 170164
35 866 21428 0 1777797267 170171
32 983 7810 0 1777797267 171944
37 1034 7810 0 1777797267 171958
34 937 20199 0 1777797267 178008
32 984 17379 0 1777797267 189338
33 895 19173 0 1777797267 189345
35 867 19169 0 1777797267 189351
37 1035 17387 0 1777797267 189357
36 976 42589 0 1777797267 190368
33 896 7133 0 1777797267 196499
34 938 18498 0 1777797267 196513
35 868 7583 0 1777797267 197009
32 985 12052 0 1777797267 201410
33 897 9115 0 1777797267 205630
34 939 10752 0 1777797267 207280
35 869 10276 0 1777797267 207287
37 1036 17859 0 1777797267 207293
33 898 4168 0 1777797267 209803
32 986 10338 0 1777797267 211757
35 870 13387 0 1777797267 220691
32 987 11815 0 1777797267 223577
34 940 16516 0 1777797267 223810
37 1037 18349 0 1777797267 225660
33 899 16503 0 1777797267 226310
34 941 4361 0 1777797267 228173
32 988 8475 0 1777797267 232054
35 871 11370 0 1777797267 232063
37 1038 6514 0 1777797267 232177
33 900 21766 0 1777797267 248078
37 1039 15904 0 1777797267 248083
34 942 25846 0 1777797267 254021
36 977 63661 0 1777797267 254031
32 989 28165 0 1777797267 260229
35 872 32075 0 1777797267 264232
32 990 10463 0 1777797267 270701
36 978 16693 0 1777797267 270735
33 901 22701 0 1777797267 270784
35 873 14060 0 1777797267 278294
33 902 9102 0 1777797267 279887
36 979 9488 0 1777797267 280253
34 943 26791 0 1777797267 280823
35 874 10473 0 1777797267 288769
36 980 10043 0 1777797267 290297
33 903 10662 0 1777797267 290551
36 981 4351 0 1777797267 294653
33 904 4385 0 1777797267 294937
34 944 14222 0 1777797267 295046
36 982 4419 0 1777797267 299080
37 1040 53442 0 1777797267 301532
33 905 7843 0 1777797267 302781
36 983 3709 0 1777797267 302794
32 991 32112 0 1777797267 302849
32 992 2933 0 1777797267 305783
32 993 822 0 1777797267 306608
34 945 12369 0 1777797267 307417
34 946 6258 0 1777797267 313678
32 994 7555 0 1777797267 314167
32 995 3830 0 1777797267 318051
33 906 21182 0 1777797267 323977
34 947 10300 0 1777797267 323987
35 875 35228 0 1777797267 324000
37 1041 22498 0 1777797267 324056
36 984 27588 0 1777797267 330394
32 996 26209 0 1777797267 344263
33 907 20209 0 1777797267 344273
34 948 20200 0 1777797267 344280
35 876 20200 0 1777797267 344287
37 1042 20195 0 1777797267 344293
36 985 16567 0 1777797267 346966
32 997 6188 0 1777797267 350482
36 986 6667 0 1777797267 353635
32 998 21548 0 1777797267 372036
34 949 27730 0 1777797267 372044
35 877 27737 0 1777797267 372057
36 987 18422 0 1777797267 372065
37 1043 27744 0 1777797267 372071
33 908 29390 0 1777797267 373697
37 1044 3707 0 1777797267 375827
32 999 4180 0 1777797267 376253
36 988 7824 0 1777797267 379937
33 909 8439 0 1777797267 382137
35 878 10671 0 1777797267 382776
34 950 11531 0 1777797267 383613
33 910 3801 0 1777797267 385941
37 1045 10569 0 1777797267 386398
36 989 7035 0 1777797267 386974
35 879 4384 0 1777797267 387162
36 990 4734 0 1777797267 391711
35 880 7888 0 1777797267 395053
37 1046 9586 0 1777797267 395987
34 951 13155 0 1777797267 396773
32 1000 32974 0 1777797267 409231
33 911 23317 0 1777797267 409262
34 952 12506 0 1777797267 409283
37 1047 14691 0 1777797267 410680
35 881 17664 0 1777797267 412722
36 991 22732 0 1777797267 414446
35 882 4156 0 1777797267 416880
37 1048 6202 0 1777797267 416885
32 1001 10658 0 1777797267 419944
33 912 14383 0 1777797267 423712
34 953 18995 0 1777797267 428336
34 954 12344 0 1777797267 440683
33 913 19774 0 1777797267 443490
34 955 5565 0 1777797267 446251
33 914 4040 0 1777797267 447532
35 883 72198 0 1777797267 489084
36 992 74641 0 1777797267 489089
37 1049 73701 0 1777797267 490598
32 1002 73902 0 1777797267 493847
37 1050 9531 0 1777797267 500131
32 1003 7661 0 1777797267 501510
32 1004 3808 0 1777797267 505320
32 1005 9004 0 1777797267 514326
36 993 25668 0 1777797267 514764
32 1006 19181 0 1777797267 533514
33 915 85985 0 1777797267 533518
34 956 87269 0 1777797267 533522
35 884 44436 0 1777797267 533526
36 994 18765 0 1777797267 533530
37 1051 33402 0 1777797267 533534
36 995 14326 0 1777797267 547964
35 885 22012 0 1777797267 555630
36 996 7676 0 1777797267 555642
37 1052 21997 0 1777797267 555649
34 957 23371 0 1777797267 556938
35 886 4349 0 1777797267 559999
34 958 4104 0 1777797267 561044
37 1053 7210 0 1777797267 562882
35 887 5326 0 1777797267 565330
36 997 9670 0 1777797267 565334
34 959 5995 0 1777797267 567041
34 960 5225 0 1777797267 572267
36 998 6933 0 1777797267 572275
37 1054 14905 0 1777797267 577789
32 1007 46263 0 1777797267 579799
37 1055 5315 0 1777797267 583112
32 1008 10057 0 1777797267 589858
34 961 17615 0 1777797267 589890
36 999 17616 0 1777797267 589900
37 1056 6795 0 1777797267 589908
33 916 57125 0 1777797267 590666
33 917 8848 0 1777797267 599515
34 962 13046 0 1777797267 602954
32 1009 18035 0 1777797267 607896
34 963 7964 0 1777797267 610921
35 888 47068 0 1777797267 612403
33 918 23370 0 1777797267 622886
32 1010 23831 0 1777797267 631740
33 919 13541 0 1777797267 636429
37 1057 46840 0 1777797267 636767
32 1011 13979 0 1777797267 645721
36 1000 56422 0 1777797267 646340
37 1058 9966 0 1777797267 646734
35 889 36808 0 1777797267 649212
32 1012 6857 0 1777797267 652583
37 1059 5853 0 1777797267 652588
35 890 3930 0 1777797267 653144
33 920 20979 0 1777797267 657409
36 1001 12030 0 1777797267 658371
34 964 48470 0 1777797267 659393
36 1002 3679 0 1777797267 662052
33 921 4677 0 1777797267 662087
37 1060 10889 0 1777797267 663483
35 891 12623 0 1777797267 665768
36 1003 8260 0 1777797267 670316
32 1013 18046 0 1777797267 670635
34 965 12006 0 1777797267 671404
35 892 8024 0 1777797267 673794
35 893 1359 0 1777797267 675155
37 1061 13985 0 1777797267 677476
35 894 6295 0 1777797267 681452
32 1014 10859 0 1777797267 681496
33 922 19872 0 1777797267 681961
34 966 10560 0 1777797267 681969
36 1004 11657 0 1777797267 681976
36 1005 7571 0 1777797267 689563
35 895 9405 0 1777797267 690866
36 1006 2029 0 1777797267 691597
35 896 1350 0 1777797267 692219
34 967 10723 0 1777797267 692708
35 897 2737 0 1777797267 694959
34 968 4916 0 1777797267 697674
33 923 16058 0 1777797267 698035
35 898 3083 0 1777797267 698044
37 1062 21763 0 1777797267 699244
32 1015 21804 0 1777797267 703302
36 1007 13271 0 1777797267 704870
32 1016 8853 0 1777797267 712161
34 969 18478 0 1777797267 716154
36 1008 14774 0 1777797267 719645
37 1063 20415 0 1777797267 719661
35 899 22479 0 1777797267 720535
32 1017 10975 0 1777797267 723138
37 1064 7350 0 1777797267 727021
33 924 37149 0 1777797267 735195
36 1009 18890 0 1777797267 738553
34 970 27547 0 1777797267 743706
37 1065 18808 0 1777797267 745830
36 1010 15580 0 1777797267 754136
33 925 23512 0 1777797267 758708
36 1011 4578 0 1777797267 758715
37 1066 12888 0 1777797267 758719
36 1012 10348 0 1777797267 769076
32 1018 45974 0 1777797267 769114
37 1067 11544 0 1777797267 770278
33 926 13480 0 1777797267 772199
36 1013 8349 0 1777797267 777427
37 1068 7166 0 1777797267 777445
34 971 34453 0 1777797267 778160
33 927 6468 0 1777797267 778670
32 1019 14591 0 1777797267 783706
33 928 12702 0 1777797267 791373
34 972 13224 0 1777797267 791386
35 900 70856 0 1777797267 791392
36 1014 13951 0 1777797267 791398
37 1069 13912 0 1777797267 791405
32 1020 10321 0 1777797267 794028
35 901 8804 0 1777797267 800242
37 1070 8579 0 1777797267 800256
33 929 10845 0 1777797267 802250
36 1015 10813 0 1777797267 802260
34 973 11676 0 1777797267 803105
35 902 13080 0 1777797267 813337
32 1021 20620 0 1777797267 814651
33 930 12416 0 1777797267 814677
34 974 12168 0 1777797267 815274
37 1071 15014 0 1777797267 815286
36 1016 13072 0 1777797267 815342
35 903 8288 0 1777797267 821628
32 1022 7277 0 1777797267 821956
33 931 7275 0 1777797267 821964
34 975 7360 0 1777797267 822647
36 1017 10458 0 1777797267 825801
37 1072 10509 0 1777797267 825808
33 932 6080 0 1777797267 828056
35 904 6434 0 1777797267 828065
32 1023 6339 0 1777797267 828305
34 976 9656 0 1777797267 832306
32 1024 8472 0 1777797267 836778
37 1073 10973 0 1777797267 836790
33 933 11623 0 1777797267 839690
35 905 11631 0 1777797267 839713
36 1018 13916 0 1777797267 839725
37 1074 2895 0 1777797267 839733
32 1025 6891 0 1777797267 843683
34 977 11380 0 1777797267 843691
35 906 3939 0 1777797267 843694
37 1075 4199 0 1777797267 843971
33 934 6600 0 1777797267 846335
36 1019 6580 0 1777797267 846344
35 907 10289 0 1777797267 853997
32 1026 11223 0 1777797267 854918
37 1076 11013 0 1777797267 854989
36 1020 12006 0 1777797267 858363
35 908 6890 0 1777797267 860889
34 978 18507 0 1777797267 862210
37 1077 7217 0 1777797267 862218
32 1027 7254 0 1777797267 862244
32 1028 4485 0 1777797267 866730
35 909 9075 0 1777797267 869967
36 1021 11609 0 1777797267 869974
33 935 25739 0 1777797267 872085
37 1078 9944 0 1777797267 872171
32 1029 7861 0 1777797267 874593
35 910 4630 0 1777797267 874605
33 936 4115 0 1777797267 876203
37 1079 5197 0 1777797267 877369
34 979 16359 0 1777797267 878578
36 1022 9483 0 1777797267 879469
32 1030 6981 0 1777797267 881587
37 1080 4763 0 1777797267 882135
33 937 6349 0 1777797267 882554
35 911 8300 0 1777797267 882922
32 1031 6289 0 1777797267 887878
35 912 4960 0 1777797267 887885
36 1023 8421 0 1777797267 887891
37 1081 5759 0 1777797267 887896
34 980 9605 0 1777797267 888184
33 938 6272 0 1777797267 888828
37 1082 3553 0 1777797267 891480
35 913 5782 0 1777797267 893689
37 1083 2425 0 1777797267 893908
32 1032 6363 0 1777797267 894261
32 1033 3192 0 1777797267 897455
34 981 9275 0 1777797267 897460
35 914 3772 0 1777797267 897463
37 1084 3557 0 1777797267 897467
36 1024 15941 0 1777797267 903856
35 915 7271 0 1777797267 904750
33 939 16715 0 1777797267 905545
36 1025 6400 0 1777797267 910259
37 1085 12783 0 1777797267 910267
34 982 17325 0 1777797267 914798
32 1034 21616 0 1777797267 919084
37 1086 11763 0 1777797267 922052
36 1026 12165 0 1777797267 922434
34 983 8568 0 1777797267 923367
33 940 20062 0 1777797267 925609
35 916 24557 0 1777797267 929308
37 1087 7269 0 1777797267 929323
32 1035 11041 0 1777797267 930126
32 1036 3035 0 1777797267 933162
37 1088 3837 0 1777797267 933170
35 917 4028 0 1777797267 933352
37 1089 4310 0 1777797267 937489
32 1037 4883 0 1777797267 938053
35 918 5930 0 1777797267 939327
37 1090 2519 0 1777797267 940012
32 1038 3656 0 1777797267 941712
37 1091 3256 0 1777797267 943270
32 1039 4572 0 1777797267 946286
37 1092 3678 0 1777797267 946955
35 919 8994 0 1777797267 948323
32 1040 3711 0 1777797267 949999
32 1041 5419 0 1777797267 955421
37 1093 8469 0 1777797267 955429
35 920 8375 0 1777797267 956700
32 1042 3040 0 1777797267 958469
35 921 2241 0 1777797267 958944
32 1043 2170 0 1777797267 960642
35 922 1720 0 1777797267 960668
32 1044 1672 0 1777797267 962318
35 923 3012 0 1777797267 963682
36 1027 41572 0 1777797267 964008
33 941 39012 0 1777797267 964623
34 984 41834 0 1777797267 965207
37 1094 9774 0 1777797267 965215
35 924 2409 0 1777797267 966093
34 985 1814 0 1777797267 967031
32 1045 5602 0 1777797267 967922
33 942 3308 0 1777797267 967937
35 925 2152 0 1777797267 968247
37 1095 4081 0 1777797267 969308
32 1046 6957 0 1777797267 974896
33 943 6969 0 1777797267 974927
34 986 7901 0 1777797267 974936
35 926 11023 0 1777797267 979272
36 1028 15275 0 1777797267 979285
33 944 7690 0 1777797267 982648
32 1047 11076 0 1777797267 986013
34 987 11075 0 1777797267 986046
35 927 7287 0 1777797267 986573
36 1029 7942 0 1777797267 987242
37 1096 21050 0 1777797267 990360
37 1097 4815 0 1777797267 995177
34 988 11179 0 1777797267 997251
35 928 10684 0 1777797267 997259
36 1030 10022 0 1777797267 997266
32 1048 12131 0 1777797267 998179
34 989 2703 0 1777797267 999971
34 990 5637 0 1777797268 5611
32 1049 16004 0 1777797268 14186
34 991 8586 0 1777797268 14202
36 1031 16894 0 1777797268 14209
33 945 32847 0 1777797268 15500
35 929 18204 0 1777797268 15507
35 930 5569 0 1777797268 21091
33 946 5792 0 1777797268 21301
36 1032 7379 0 1777797268 21688
36 1033 1108 0 1777797268 22797
35 931 3720 0 1777797268 24813
36 1034 3219 0 1777797268 26021
35 932 4088 0 1777797268 28906
36 1035 3248 0 1777797268 29271
35 933 3144 0 1777797268 32052
33 947 16828 0 1777797268 38131
35 934 6101 0 1777797268 38155
36 1036 8892 0 1777797268 38164
36 1037 2332 0 1777797268 40516
36 1038 1174 0 1777797268 41691
32 1050 27747 0 1777797268 41957
35 935 5101 0 1777797268 43277
32 1051 2177 0 1777797268 44137
33 948 7250 0 1777797268 45415
36 1039 4224 0 1777797268 45917
35 936 8943 0 1777797268 52226
37 1098 57201 0 1777797268 52380
36 1040 6928 0 1777797268 52849
33 949 7907 0 1777797268 53328
37 1099 2604 0 1777797268 54986
35 937 3697 0 1777797268 55925
36 1041 3096 0 1777797268 55947
37 1100 1636 0 1777797268 56625
37 1101 1476 0 1777797268 58102
35 938 4483 0 1777797268 60444
33 950 8305 0 1777797268 61635
36 1042 5663 0 1777797268 61649
37 1102 6490 0 1777797268 64604
34 992 56308 0 1777797268 70575
36 1043 9392 0 1777797268 71060
32 1052 33578 0 1777797268 77719
34 993 7147 0 1777797268 77726
35 939 17285 0 1777797268 77731
33 951 17924 0 1777797268 79574
36 1044 8521 0 1777797268 79583
37 1103 14985 0 1777797268 79590
32 1053 3759 0 1777797268 81491
37 1104 3055 0 1777797268 82696
36 1045 4321 0 1777797268 83924
33 952 5031 0 1777797268 84621
32 1054 4476 0 1777797268 85969
34 994 10127 0 1777797268 87867
37 1105 5404 0 1777797268 88102
32 1055 3174 0 1777797268 89145
36 1046 5734 0 1777797268 89659
37 1106 5275 0 1777797268 93378
34 995 6072 0 1777797268 93941
33 953 11487 0 1777797268 96113
37 1107 4159 0 1777797268 97545
37 1108 4316 0 1777797268 101864
33 954 5915 0 1777797268 102033
34 996 8969 0 1777797268 102912
33 955 3365 0 1777797268 105400
36 1047 17071 0 1777797268 106732
36 1048 1084 0 1777797268 107826
33 956 2625 0 1777797268 108028
32 1056 23969 0 1777797268 113115
33 957 5094 0 1777797268 113123
34 997 10211 0 1777797268 113130
36 1049 5307 0 1777797268 113136
35 940 36034 0 1777797268 113780
37 1109 11922 0 1777797268 113787
33 958 6017 0 1777797268 119208
36 1050 7830 0 1777797268 121037
35 941 8542 0 1777797268 122332
33 959 3529 0 1777797268 122740
32 1057 10165 0 1777797268 123302
34 998 10114 0 1777797268 123313
36 1051 4771 0 1777797268 125810
37 1110 15200 0 1777797268 129001
34 999 9597 0 1777797268 132924
33 960 11250 0 1777797268 133992
37 1111 6010 0 1777797268 135014
35 942 13811 0 1777797268 136162
36 1052 13375 0 1777797268 139187
33 961 5398 0 1777797268 139393
34 1000 7525 0 1777797268 140496
32 1058 19693 0 1777797268 143007
33 962 4343 0 1777797268 143738
33 963 6857 0 1777797268 150597
35 943 14722 0 1777797268 150888
37 1112 15881 0 1777797268 150896
35 944 3129 0 1777797268 154025
37 1113 3676 0 1777797268 154584
37 1114 2183 0 1777797268 156770
36 1053 18548 0 1777797268 157737
35 945 3926 0 1777797268 157953
32 1059 19672 0 1777797268 162681
37 1115 5918 0 1777797268 162689
35 946 5293 0 1777797268 163248
36 1054 6125 0 1777797268 163864
33 964 16045 0 1777797268 166644
37 1116 3954 0 1777797268 166653
35 947 6506 0 1777797268 169756
34 1001 36138 0 1777797268 176639
36 1055 12796 0 1777797268 176663
37 1117 10005 0 1777797268 176670
32 1060 20861 0 1777797268 183551
33 965 16907 0 1777797268 183561
35 948 13813 0 1777797268 183581
34 1002 10756 0 1777797268 187428
37 1118 10696 0 1777797268 187501
36 1056 11988 0 1777797268 188680
35 949 8917 0 1777797268 192520
34 1003 6279 0 1777797268 193781
37 1119 6254 0 1777797268 193789
33 966 13048 0 1777797268 196643
36 1057 10125 0 1777797268 198806
35 950 9359 0 1777797268 201881
37 1120 8087 0 1777797268 201888
32 1061 28022 0 1777797268 211605
33 967 14967 0 1777797268 211615
35 951 9732 0 1777797268 211621
37 1121 9737 0 1777797268 211637
34 1004 19638 0 1777797268 213428
36 1058 15186 0 1777797268 213997
37 1122 7662 0 1777797268 219374
35 952 9904 0 1777797268 221602
33 968 15582 0 1777797268 227244
37 1123 7903 0 1777797268 227297
35 953 7846 0 1777797268 229450
32 1062 19604 0 1777797268 231243
34 1005 17820 0 1777797268 231250
37 1124 4889 0 1777797268 232217
35 954 4871 0 1777797268 234324
33 969 11204 0 1777797268 238518
36 1059 24533 0 1777797268 238532
37 1125 6870 0 1777797268 239088
36 1060 2096 0 1777797268 240685
36 1061 1250 0 1777797268 241936
33 970 6199 0 1777797268 244732
36 1062 2830 0 1777797268 244768
35 955 11155 0 1777797268 245483
36 1063 2125 0 1777797268 246924
33 971 2204 0 1777797268 246974
36 1064 2681 0 1777797268 249608
32 1063 23181 0 1777797268 254432
34 1006 23209 0 1777797268 254470
35 956 9002 0 1777797268 254489
33 972 7810 0 1777797268 254785
37 1126 15899 0 1777797268 254988
32 1064 3555 0 1777797268 257996
34 1007 3539 0 1777797268 258010
35 957 3526 0 1777797268 258016
33 973 9293 0 1777797268 264080
36 1065 14494 0 1777797268 264103
37 1127 9121 0 1777797268 264111
35 958 8726 0 1777797268 266764
32 1065 13770 0 1777797268 271787
33 974 7685 0 1777797268 271797
36 1066 11231 0 1777797268 275351
34 1008 17755 0 1777797268 275783
33 975 7348 0 1777797268 279165
35 959 12416 0 1777797268 279181
37 1128 15060 0 1777797268 279188
32 1066 11790 0 1777797268 283589
32 1067 15330 0 1777797268 298922
33 976 19738 0 1777797268 298927
34 1009 23146 0 1777797268 298930
35 960 19699 0 1777797268 298934
36 1067 23584 0 1777797268 298936
37 1129 19696 0 1777797268 298939
33 977 16702 0 1777797268 315645
35 961 16702 0 1777797268 315653
36 1068 16705 0 1777797268 315660
32 1068 19040 0 1777797268 317980
34 1010 19041 0 1777797268 317989
37 1130 19037 0 1777797268 317995
33 978 7506 0 1777797268 323167
35 962 7505 0 1777797268 323185
36 1069 7501 0 1777797268 323192
34 1011 5596 0 1777797268 323603
37 1131 6583 0 1777797268 324599
33 979 7661 0 1777797268 330854
34 1012 7258 0 1777797268 330863
35 963 7658 0 1777797268 330869
36 1070 7655 0 1777797268 330875
37 1132 6280 0 1777797268 330881
33 980 7846 0 1777797268 338727
34 1013 7847 0 1777797268 338737
36 1071 7842 0 1777797268 338745
37 1133 7858 0 1777797268 338768
35 964 8720 0 1777797268 339617
33 981 4707 0 1777797268 343476
33 982 4661 0 1777797268 348140
35 965 8530 0 1777797268 348149
36 1072 9334 0 1777797268 348155
37 1134 9337 0 1777797268 348163
35 966 8336 0 1777797268 356512
33 983 8428 0 1777797268 356592
36 1073 8416 0 1777797268 356600
32 1069 39142 0 1777797268 357138
37 1135 9031 0 1777797268 357224
36 1074 3321 0 1777797268 359933
35 967 5918 0 1777797268 362447
33 984 7674 0 1777797268 364276
37 1136 8680 0 1777797268 365906
33 985 6907 0 1777797268 371191
35 968 8665 0 1777797268 371202
36 1075 11271 0 1777797268 371209
37 1137 5317 0 1777797268 371226
32 1070 15331 0 1777797268 372473
33 986 3737 0 1777797268 374964
37 1138 5333 0 1777797268 376623
33 987 3617 0 1777797268 378583
35 969 8974 0 1777797268 380237
32 1071 10295 0 1777797268 382770
35 970 4770 0 1777797268 385010
32 1072 4337 0 1777797268 387109
35 971 4385 0 1777797268 389397
33 988 11132 0 1777797268 389718
32 1073 3631 0 1777797268 390743
35 972 1401 0 1777797268 390802
35 973 2248 0 1777797268 393051
32 1074 5731 0 1777797268 396478
33 989 6766 0 1777797268 396486
35 974 3439 0 1777797268 396492
32 1075 4777 0 1777797268 401270
35 975 6199 0 1777797268 402708
33 990 6301 0 1777797268 402805
37 1139 26988 0 1777797268 403613
36 1076 34791 0 1777797268 406067
35 976 4442 0 1777797268 407159
34 1014 70462 0 1777797268 409277
33 991 10137 0 1777797268 412948
37 1140 10436 0 1777797268 414052
35 977 7391 0 1777797268 414552
32 1076 19703 0 1777797268 420979
36 1077 14920 0 1777797268 420989
37 1141 6998 0 1777797268 421052
33 992 9614 0 1777797268 422564
34 1015 13290 0 1777797268 422573
35 978 8025 0 1777797268 422578
32 1077 9106 0 1777797268 430096
33 993 7538 0 1777797268 430117
36 1078 11454 0 1777797268 432489
32 1078 6261 0 1777797268 436380
34 1016 13801 0 1777797268 436390
35 979 13799 0 1777797268 436395
37 1142 15348 0 1777797268 436402
33 994 7599 0 1777797268 437736
34 1017 2821 0 1777797268 439272
35 980 2792 0 1777797268 439279
37 1143 2786 0 1777797268 439284
32 1079 6377 0 1777797268 442780
36 1079 10295 0 1777797268 442785
32 1080 22154 0 1777797268 464940
33 995 27220 0 1777797268 464957
34 1018 25686 0 1777797268 464971
35 981 25687 0 1777797268 464981
37 1144 25688 0 1777797268 464988
36 1080 26340 0 1777797268 469131
34 1019 20855 0 1777797268 485863
35 982 20851 0 1777797268 485867
37 1145 24499 0 1777797268 489525
33 996 31341 0 1777797268 496343
35 983 33486 0 1777797268 519361
36 1081 50228 0 1777797268 519365
35 984 13621 0 1777797268 532988
34 1020 58405 0 1777797268 544273
37 1146 54808 0 1777797268 544335
32 1081 93281 0 1777797268 558270
36 1082 38906 0 1777797268 558278
33 997 72112 0 1777797268 568460
32 1082 33986 0 1777797268 592265
34 1021 47936 0 1777797268 592272
35 985 59285 0 1777797268 592279
36 1083 33998 0 1777797268 592285
37 1147 47890 0 1777797268 592291
33 998 24832 0 1777797268 593298
35 986 37316 0 1777797268 629644
36 1084 37327 0 1777797268 629660
37 1148 37328 0 1777797268 629667
32 1083 45102 0 1777797268 637394
33 999 44101 0 1777797268 637401
34 1022 45106 0 1777797268 637407
36 1085 7734 0 1777797268 637419
37 1149 7741 0 1777797268 637435
35 987 13478 0 1777797268 643146
37 1150 10574 0 1777797268 648064
32 1084 11384 0 1777797268 648820
33 1000 11384 0 1777797268 648830
34 1023 11383 0 1777797268 648836
36 1086 11360 0 1777797268 648842
32 1085 33431 0 1777797268 682274
33 1001 33438 0 1777797268 682293
35 988 39153 0 1777797268 682300
36 1087 33427 0 1777797268 682306
37 1151 34247 0 1777797268 682312
34 1024 46825 0 1777797268 695688
36 1088 17961 0 1777797268 700308
36 1089 3536 0 1777797268 703848
37 1152 21508 0 1777797268 703863
36 1090 3309 0 1777797268 707173
34 1025 14115 0 1777797268 709805
36 1091 2642 0 1777797268 709818
36 1092 1118 0 1777797268 710953
37 1153 7645 0 1777797268 711532
36 1093 1056 0 1777797268 712012
33 1002 29920 0 1777797268 712244
34 1026 10996 0 1777797268 720815
37 1154 9296 0 1777797268 720832
32 1086 39224 0 1777797268 721536
33 1003 9297 0 1777797268 721543
35 989 39216 0 1777797268 721548
35 990 11952 0 1777797268 733533
37 1155 12720 0 1777797268 733573
32 1087 12419 0 1777797268 733968
33 1004 13327 0 1777797268 734898
32 1088 2978 0 1777797268 736947
32 1089 4377 0 1777797268 741328
33 1005 6442 0 1777797268 741342
32 1090 2607 0 1777797268 743951
36 1094 36397 0 1777797268 748414
34 1027 32419 0 1777797268 753252
32 1091 13483 0 1777797268 757436
33 1006 23505 0 1777797268 764864
35 991 31296 0 1777797268 764870
37 1156 31846 0 1777797268 765443
32 1092 13019 0 1777797268 770458
36 1095 28489 0 1777797268 776906
34 1028 28249 0 1777797268 781503
35 992 16082 0 1777797268 781510
37 1157 16072 0 1777797268 781517
32 1093 11896 0 1777797268 782358
36 1096 20224 0 1777797268 797133
32 1094 16594 0 1777797268 798955
35 993 17435 0 1777797268 798963
34 1029 18201 0 1777797268 799719
33 1007 36962 0 1777797268 802377
36 1097 8412 0 1777797268 805548
32 1095 29805 0 1777797268 828768
36 1098 23233 0 1777797268 828783
37 1158 47254 0 1777797268 828789
34 1030 29104 0 1777797268 828831
33 1008 26893 0 1777797268 829281
35 994 30315 0 1777797268 829289
32 1096 12706 0 1777797268 841496
36 1099 12725 0 1777797268 841529
35 995 15765 0 1777797268 845065
37 1159 16261 0 1777797268 845074
33 1009 20385 0 1777797268 849675
34 1031 20871 0 1777797268 849703
37 1160 6588 0 1777797268 851673
32 1097 12929 0 1777797268 854459
34 1032 7847 0 1777797268 857565
35 996 12501 0 1777797268 857576
37 1161 9368 0 1777797268 861043
32 1098 10054 0 1777797268 864521
37 1162 4631 0 1777797268 865678
33 1010 16092 0 1777797268 865797
37 1163 2785 0 1777797268 868466
33 1011 3746 0 1777797268 869544
37 1164 3523 0 1777797268 871992
32 1099 8563 0 1777797268 873086
35 997 16938 0 1777797268 874528
33 1012 8539 0 1777797268 878085
35 998 4332 0 1777797268 878862
37 1165 6874 0 1777797268 878869
32 1100 6845 0 1777797268 879934
37 1166 5699 0 1777797268 884578
32 1101 6062 0 1777797268 885999
37 1167 5567 0 1777797268 890147
37 1168 2654 0 1777797268 892809
32 1102 7240 0 1777797268 893243
34 1033 47513 0 1777797268 905090
36 1100 63548 0 1777797268 905099
37 1169 12292 0 1777797268 905104
32 1103 13903 0 1777797268 907148
33 1013 29065 0 1777797268 907155
35 999 28301 0 1777797268 907171
37 1170 7194 0 1777797268 912318
33 1014 10463 0 1777797268 917645
35 1000 10549 0 1777797268 917738
32 1104 15497 0 1777797268 922669
33 1015 4937 0 1777797268 922680
34 1034 17582 0 1777797268 922687
35 1001 4930 0 1777797268 922693
36 1101 17582 0 1777797268 922699
37 1171 10377 0 1777797268 922704
33 1016 9018 0 1777797268 931737
34 1035 9018 0 1777797268 931747
37 1172 9520 0 1777797268 932268
32 1105 10900 0 1777797268 933605
35 1002 13124 0 1777797268 935859
36 1102 13126 0 1777797268 935867
32 1106 13136 0 1777797268 946743
33 1017 15009 0 1777797268 946757
34 1036 15007 0 1777797268 946765
35 1003 10903 0 1777797268 946771
36 1103 11016 0 1777797268 946894
37 1173 14646 0 1777797268 946916
32 1107 15345 0 1777797268 962263
33 1018 15335 0 1777797268 962281
34 1037 15326 0 1777797268 962289
35 1004 15335 0 1777797268 962307
37 1174 15299 0 1777797268 962317
36 1104 19799 0 1777797268 966778
32 1108 16940 0 1777797268 979258
37 1175 16910 0 1777797268 979266
35 1005 29415 0 1777797268 991762
36 1105 29199 0 1777797268 995982
33 1019 33744 0 1777797268 996076
34 1038 36069 0 1777797268 998409
32 1109 24527 0 1777797269 3794
37 1176 24542 0 1777797269 3820
33 1020 20927 0 1777797269 17005
35 1006 20966 0 1777797269 17012
36 1106 20960 0 1777797269 17022
32 1110 16010 0 1777797269 19831
34 1039 21439 0 1777797269 19853
37 1177 23968 0 1777797269 27798
36 1107 50083 0 1777797269 67121
33 1021 54882 0 1777797269 71904
34 1040 50948 0 1777797269 71913
32 1111 59801 0 1777797269 79656
33 1022 10076 0 1777797269 81991
34 1041 13434 0 1777797269 85364
32 1112 8741 0 1777797269 88400
33 1023 10639 0 1777797269 92632
37 1178 64876 0 1777797269 92679
32 1113 45194 0 1777797269 133596
33 1024 40922 0 1777797269 133602
34 1042 165844 0 1777797269 251211
33 1025 117942 0 1777797269 251556
35 1007 238485 0 1777797269 255517
37 1179 164372 0 1777797269 257068
33 1026 10832 0 1777797269 262390
34 1043 11195 0 1777797269 262408
33 1027 10799 0 1777797269 273207
36 1108 210433 0 1777797269 277556
37 1180 20488 0 1777797269 277559
32 1114 180415 0 1777797269 314018
34 1044 51629 0 1777797269 314044
35 1008 58534 0 1777797269 314053
37 1181 39736 0 1777797269 317302
33 1028 48818 0 1777797269 322039
34 1045 56012 0 1777797269 370076
35 1009 55998 0 1777797269 370092
37 1182 52797 0 1777797269 370100
33 1029 50828 0 1777797269 372873
36 1109 95329 0 1777797269 372888
32 1115 64372 0 1777797269 378426
37 1183 14468 0 1777797269 384814
36 1110 16017 0 1777797269 388918
37 1184 23766 0 1777797269 408587
36 1111 31215 0 1777797269 420136
34 1046 56384 0 1777797269 426527
32 1116 74735 0 1777797269 453165
33 1030 80289 0 1777797269 453178
37 1185 48824 0 1777797269 457416
33 1031 8774 0 1777797269 462078
35 1010 99816 0 1777797269 470155
32 1117 37246 0 1777797269 490426
34 1047 76785 0 1777797269 503317
36 1112 83207 0 1777797269 503352
37 1186 49827 0 1777797269 507245
32 1118 24028 0 1777797269 514457
35 1011 44307 0 1777797269 514463
37 1187 24841 0 1777797269 532089
33 1032 70045 0 1777797269 532128
34 1048 29115 0 1777797269 532469
36 1113 29079 0 1777797269 532472
33 1033 8102 0 1777797269 540231
35 1012 25784 0 1777797269 540254
32 1119 45349 0 1777797269 559814
33 1034 19563 0 1777797269 559818
35 1013 19551 0 1777797269 559822
37 1188 27728 0 1777797269 559826
34 1049 30958 0 1777797269 563430
36 1114 30976 0 1777797269 563453
33 1035 14794 0 1777797269 574626
36 1115 11163 0 1777797269 574630
37 1189 14790 0 1777797269 574634
35 1014 18246 0 1777797269 578084
32 1120 20499 0 1777797269 580326
34 1050 21733 0 1777797269 585187
36 1116 10749 0 1777797269 585390
37 1190 10773 0 1777797269 585420
33 1036 13157 0 1777797269 587792
32 1121 16840 0 1777797269 597176
35 1015 19103 0 1777797269 597188
33 1037 14981 0 1777797269 602776
34 1051 17364 0 1777797269 602786
36 1117 17320 0 1777797269 602792
37 1191 17342 0 1777797269 602827
32 1122 7526 0 1777797269 604716
35 1016 7531 0 1777797269 604735
34 1052 4665 0 1777797269 607504
37 1192 4614 0 1777797269 607512
36 1118 5792 0 1777797269 608649
33 1038 6242 0 1777797269 609070
32 1123 8704 0 1777797269 613440
37 1193 6231 0 1777797269 613754
35 1017 10061 0 1777797269 614807
33 1039 7433 0 1777797269 616505
34 1053 9009 0 1777797269 616522
36 1119 14281 0 1777797269 622932
37 1194 9187 0 1777797269 622942
33 1040 8971 0 1777797269 625495
35 1018 10696 0 1777797269 625505
32 1124 18805 0 1777797269 632248
34 1054 15741 0 1777797269 632275
36 1120 9341 0 1777797269 632284
37 1195 9347 0 1777797269 632308
33 1041 8690 0 1777797269 634196
35 1019 8861 0 1777797269 634695
34 1055 6370 0 1777797269 638698
32 1125 6951 0 1777797269 639260
36 1121 6944 0 1777797269 639282
37 1196 7273 0 1777797269 639667
32 1126 9820 0 1777797269 649104
33 1042 14914 0 1777797269 649112
35 1020 14422 0 1777797269 649121
36 1122 9829 0 1777797269 649126
37 1197 9809 0 1777797269 649477
34 1056 15934 0 1777797269 654640
35 1021 7982 0 1777797269 657122
37 1198 7770 0 1777797269 657248
32 1127 9249 0 1777797269 658375
33 1043 9258 0 1777797269 658392
34 1057 4449 0 1777797269 659092
33 1044 3615 0 1777797269 662043
32 1128 4994 0 1777797269 663387
34 1058 11972 0 1777797269 671069
35 1022 13952 0 1777797269 671076
37 1199 15732 0 1777797269 672982
33 1045 11999 0 1777797269 674046
32 1129 12335 0 1777797269 675724
34 1059 8023 0 1777797269 679100
37 1200 7245 0 1777797269 680235
32 1130 11224 0 1777797269 686950
33 1046 12907 0 1777797269 686955
34 1060 7857 0 1777797269 686959
36 1123 41800 0 1777797269 690947
35 1023 20713 0 1777797269 691817
37 1201 16157 0 1777797269 696395
32 1131 11904 0 1777797269 698864
37 1202 3022 0 1777797269 699419
36 1124 9028 0 1777797269 699978
32 1132 3026 0 1777797269 701897
33 1047 14935 0 1777797269 701901
37 1203 2483 0 1777797269 701905
35 1024 11193 0 1777797269 703012
32 1133 3273 0 1777797269 705261
37 1204 3834 0 1777797269 705836
32 1134 5853 0 1777797269 711116
33 1048 9271 0 1777797269 711268
37 1205 7056 0 1777797269 712893
33 1049 9935 0 1777797269 721203
35 1025 20822 0 1777797269 723836
35 1026 11544 0 1777797269 735390
36 1125 42104 0 1777797269 742085
35 1027 6882 0 1777797269 742276
33 1050 21244 0 1777797269 742490
33 1051 5540 0 1777797269 748032
36 1126 13888 0 1777797269 755974
33 1052 12031 0 1777797269 760066
35 1028 17793 0 1777797269 760073
33 1053 12542 0 1777797269 772625
35 1029 12540 0 1777797269 772636
37 1206 59809 0 1777797269 772704
32 1135 76398 0 1777797269 787515
33 1054 14885 0 1777797269 787522
37 1207 27397 0 1777797269 800132
35 1030 33424 0 1777797269 806073
37 1208 32940 0 1777797269 833074
33 1055 45563 0 1777797269 833096
32 1136 45963 0 1777797269 833486
36 1127 82829 0 1777797269 838804
35 1031 41076 0 1777797269 847152
36 1128 25061 0 1777797269 863869
34 1061 198388 0 1777797269 885360
35 1032 38212 0 1777797269 885365
33 1056 60799 0 1777797269 893896
33 1057 27757 0 1777797269 921663
35 1033 36300 0 1777797269 921674
37 1209 88606 0 1777797269 921682
32 1137 90324 0 1777797269 923811
34 1062 38454 0 1777797269 923821
36 1129 59957 0 1777797269 923830
33 1058 12694 0 1777797269 934378
37 1210 12685 0 1777797269 934386
35 1034 14882 0 1777797269 936576
33 1059 13251 0 1777797269 947638
37 1211 14207 0 1777797269 948612
34 1063 39620 0 1777797269 963464
35 1035 26887 0 1777797269 963471
36 1130 39623 0 1777797269 963476
32 1138 42262 0 1777797269 966093
35 1036 22446 0 1777797269 985935
37 1212 37318 0 1777797269 985943
33 1060 53349 0 1777797270 1965
34 1064 38496 0 1777797270 1973
36 1131 38485 0 1777797270 1979
32 1139 36283 0 1777797270 2379
36 1132 19231 0 1777797270 21225
37 1213 35308 0 1777797270 21260
35 1037 36919 0 1777797270 22863
34 1065 21234 0 1777797270 23222
33 1061 48284 0 1777797270 50263
35 1038 35747 0 1777797270 58617
34 1066 50762 0 1777797270 73985
36 1133 59998 0 1777797270 81260
33 1062 56082 0 1777797270 106348
34 1067 40832 0 1777797270 114820
35 1039 55874 0 1777797270 114833
36 1134 33576 0 1777797270 114839
32 1140 114570 0 1777797270 116950
33 1063 19978 0 1777797270 126328
37 1214 105055 0 1777797270 126345
33 1064 12131 0 1777797270 138478
34 1068 23789 0 1777797270 138629
36 1135 23778 0 1777797270 138640
37 1215 12221 0 1777797270 138651
32 1141 28287 0 1777797270 145244
33 1065 6630 0 1777797270 145282
34 1069 6587 0 1777797270 145293
35 1040 30446 0 1777797270 145300
37 1216 6579 0 1777797270 145308
32 1142 30654 0 1777797270 175963
33 1066 29327 0 1777797270 175974
36 1136 37264 0 1777797270 175983
34 1070 33949 0 1777797270 180661
35 1041 33947 0 1777797270 180669
37 1217 33940 0 1777797270 180673
32 1143 35059 0 1777797270 211044
34 1071 30377 0 1777797270 211051
35 1042 30380 0 1777797270 211058
36 1137 35060 0 1777797270 211064
37 1218 30391 0 1777797270 211073
33 1067 39755 0 1777797270 215751
35 1043 29070 0 1777797270 240163
36 1138 29094 0 1777797270 240193
32 1144 53068 0 1777797270 264143
33 1068 59535 0 1777797270 275296
34 1072 64220 0 1777797270 275304
37 1219 64206 0 1777797270 275311
36 1139 104892 0 1777797270 345086
35 1044 212861 0 1777797270 453030
34 1073 177752 0 1777797270 453075
33 1069 178389 0 1777797270 453701
36 1140 107357 0 1777797270 453708
32 1145 224557 0 1777797270 488706
36 1141 42116 0 1777797270 495842
36 1142 11476 0 1777797270 507320
32 1146 18745 0 1777797270 507462
36 1143 8575 0 1777797270 515897
35 1045 75838 0 1777797270 528870
32 1147 22784 0 1777797270 530248
33 1070 76551 0 1777797270 530260
36 1144 14368 0 1777797270 530268
34 1074 77629 0 1777797270 530705
37 1220 255832 0 1777797270 531164
34 1075 11730 0 1777797270 542441
32 1148 18500 0 1777797270 548769
33 1071 18492 0 1777797270 548774
36 1145 18495 0 1777797270 548784
37 1221 17622 0 1777797270 548788
35 1046 25943 0 1777797270 554817
34 1076 21836 0 1777797270 564278
36 1146 22027 0 1777797270 570828
32 1149 33430 0 1777797270 582219
33 1072 33429 0 1777797270 582225
34 1077 26717 0 1777797270 590996
35 1047 36181 0 1777797270 591000
36 1147 20173 0 1777797270 591003
37 1222 42201 0 1777797270 591007
32 1150 25613 0 1777797270 607839
33 1073 25615 0 1777797270 607848
36 1148 16837 0 1777797270 607853
33 1074 8419 0 1777797270 616286
34 1078 25291 0 1777797270 616298
35 1048 25293 0 1777797270 616305
36 1149 8447 0 1777797270 616320
37 1223 25308 0 1777797270 616329
32 1151 10832 0 1777797270 618686
33 1075 12989 0 1777797270 629318
35 1049 14868 0 1777797270 631231
36 1150 14860 0 1777797270 631238
34 1079 20185 0 1777797270 636539
37 1224 20168 0 1777797270 636554
32 1152 21860 0 1777797270 640553
33 1076 19904 0 1777797270 649224
35 1050 17992 0 1777797270 649231
34 1080 17789 0 1777797270 654394
33 1077 10871 0 1777797270 660103
32 1153 23116 0 1777797270 663670
35 1051 31307 0 1777797270 680554
36 1151 49306 0 1777797270 680559
32 1154 28153 0 1777797270 691825
33 1078 31729 0 1777797270 691834
34 1081 37443 0 1777797270 691841
37 1225 55229 0 1777797270 691848
34 1082 37342 0 1777797270 729214
37 1226 40795 0 1777797270 732675
37 1227 13313 0 1777797270 745992
34 1083 26579 0 1777797270 755796
34 1084 9170 0 1777797270 764970
32 1155 87254 0 1777797270 779103
35 1052 103026 0 1777797270 783585
37 1228 37652 0 1777797270 783646
33 1079 127493 0 1777797270 819357
34 1085 57758 0 1777797270 822730
36 1152 142181 0 1777797270 822745
37 1229 49614 0 1777797270 833261
35 1053 52502 0 1777797270 836101
33 1080 23455 0 1777797270 842815
34 1086 20077 0 1777797270 842824
36 1153 20064 0 1777797270 842832
32 1156 65396 0 1777797270 844501
37 1230 11252 0 1777797270 844516
33 1081 8633 0 1777797270 851466
37 1231 6938 0 1777797270 851474
36 1154 9581 0 1777797270 852439
32 1157 11394 0 1777797270 855911
34 1087 13074 0 1777797270 855924
35 1054 19827 0 1777797270 855932
37 1232 6753 0 1777797270 858239
33 1082 8736 0 1777797270 860211
36 1155 7774 0 1777797270 860215
35 1055 11135 0 1777797270 867087
32 1158 13226 0 1777797270 869158
37 1233 11537 0 1777797270 869785
33 1083 12063 0 1777797270 872278
34 1088 16899 0 1777797270 872844
32 1159 10504 0 1777797270 879663
35 1056 12578 0 1777797270 879666
32 1160 16021 0 1777797270 895688
33 1084 42458 0 1777797270 914737
34 1089 41911 0 1777797270 914755
36 1156 54550 0 1777797270 914771
37 1234 44983 0 1777797270 914778
32 1161 30620 0 1777797270 926318
36 1157 11526 0 1777797270 926327
37 1235 11521 0 1777797270 926332
37 1236 3388 0 1777797270 929735
32 1162 12028 0 1777797270 938360
35 1057 60093 0 1777797270 939765
33 1085 33822 0 1777797270 948601
37 1237 18864 0 1777797270 948609
32 1163 10509 0 1777797270 948871
35 1058 9111 0 1777797270 948878
33 1086 8434 0 1777797270 957044
35 1059 8179 0 1777797270 957077
36 1158 30745 0 1777797270 957086
37 1238 8470 0 1777797270 957093
33 1087 5507 0 1777797270 962602
37 1239 5491 0 1777797270 962615
33 1088 3675 0 1777797270 966291
33 1089 5264 0 1777797270 971556
37 1240 9195 0 1777797270 971827
33 1090 3745 0 1777797270 975303
37 1241 5744 0 1777797270 977576
32 1164 39940 0 1777797270 988819
33 1091 34968 0 1777797271 10273
37 1242 35586 0 1777797271 13164
32 1165 28750 0 1777797271 17571
34 1090 107032 0 1777797271 21825
33 1092 30076 0 1777797271 40355
35 1060 83254 0 1777797271 40362
36 1159 83250 0 1777797271 40367
37 1243 27199 0 1777797271 40372
32 1166 33418 0 1777797271 50991
34 1091 29182 0 1777797271 51011
33 1093 23716 0 1777797271 64088
35 1061 31150 0 1777797271 71531
37 1244 31156 0 1777797271 71549
34 1092 25902 0 1777797271 76948
32 1167 27994 0 1777797271 79006
32 1168 18966 0 1777797271 97978
35 1062 26443 0 1777797271 97993
36 1160 63837 0 1777797271 104224
32 1169 17030 0 1777797271 115025
33 1094 50941 0 1777797271 115032
34 1093 38068 0 1777797271 115041
35 1063 17039 0 1777797271 115046
37 1245 43478 0 1777797271 115052
36 1161 22307 0 1777797271 126535
37 1246 8569 0 1777797271 126553
35 1064 15381 0 1777797271 133359
32 1170 21323 0 1777797271 136376
33 1095 18418 0 1777797271 136382
34 1094 18415 0 1777797271 136386
35 1065 15999 0 1777797271 149362
36 1162 22830 0 1777797271 149367
37 1247 24006 0 1777797271 150560
33 1096 19787 0 1777797271 156183
34 1095 20504 0 1777797271 156905
36 1163 8666 0 1777797271 158043
36 1164 3040 0 1777797271 161086
36 1165 4315 0 1777797271 165404
33 1097 12956 0 1777797271 169143
33 1098 12370 0 1777797271 181514
33 1099 42084 0 1777797271 223602
34 1096 66700 0 1777797271 223607
35 1066 119633 0 1777797271 269001
32 1171 141693 0 1777797271 278080
34 1097 54502 0 1777797271 278123
37 1248 127569 0 1777797271 278130
36 1166 115261 0 1777797271 280666
33 1100 67345 0 1777797271 290952
34 1098 12824 0 1777797271 290956
35 1067 21957 0 1777797271 290960
37 1249 12853 0 1777797271 290994
32 1172 21924 0 1777797271 300015
36 1167 43417 0 1777797271 324084
32 1173 25616 0 1777797271 325634
33 1101 34645 0 1777797271 325639
34 1099 34642 0 1777797271 325642
35 1068 34641 0 1777797271 325646
37 1250 34640 0 1777797271 325650
36 1168 22985 0 1777797271 347081
32 1174 31191 0 1777797271 356841
34 1100 32972 0 1777797271 358633
35 1069 32975 0 1777797271 358639
33 1102 33005 0 1777797271 358660
37 1251 43208 0 1777797271 368877
36 1169 28035 0 1777797271 375117
32 1175 32044 0 1777797271 388892
33 1103 40154 0 1777797271 398815
34 1101 40193 0 1777797271 398833
35 1070 40193 0 1777797271 398841
37 1252 30840 0 1777797271 399718
34 1102 12831 0 1777797271 411698
37 1253 24693 0 1777797271 424413
34 1103 16739 0 1777797271 428446
34 1104 12233 0 1777797271 440682
35 1071 41809 0 1777797271 440686
37 1254 16277 0 1777797271 440691
37 1255 3154 0 1777797271 443878
36 1170 75016 0 1777797271 450134
34 1105 14786 0 1777797271 455477
37 1256 17609 0 1777797271 461502
32 1176 76616 0 1777797271 465509
32 1177 35592 0 1777797271 501102
36 1171 50971 0 1777797271 501106
33 1104 103620 0 1777797271 502463
32 1178 6381 0 1777797271 507488
33 1105 13327 0 1777797271 515792
32 1179 27750 0 1777797271 535239
33 1106 19450 0 1777797271 535252
34 1106 79780 0 1777797271 535258
36 1172 39663 0 1777797271 540774
37 1257 81913 0 1777797271 543415
32 1180 12074 0 1777797271 547333
35 1072 106641 0 1777797271 547340
34 1107 19833 0 1777797271 555108
33 1107 24377 0 1777797271 559646
32 1181 17243 0 1777797271 564584
34 1108 9482 0 1777797271 564592
35 1073 17252 0 1777797271 564599
37 1258 21188 0 1777797271 564605
33 1108 7320 0 1777797271 566967
36 1173 26201 0 1777797271 566977
34 1109 15598 0 1777797271 580213
33 1109 16783 0 1777797271 583761
32 1182 24061 0 1777797271 588667
35 1074 24047 0 1777797271 588672
37 1259 24043 0 1777797271 588676
36 1174 22650 0 1777797271 589639
33 1110 19884 0 1777797271 603647
32 1183 19361 0 1777797271 608038
34 1110 27587 0 1777797271 608044
35 1075 19365 0 1777797271 608048
37 1260 19365 0 1777797271 608054
36 1175 20687 0 1777797271 610334
33 1111 14909 0 1777797271 618559
34 1111 16621 0 1777797271 624683
35 1076 16633 0 1777797271 624700
32 1184 17877 0 1777797271 625932
36 1176 15609 0 1777797271 625945
33 1112 11212 0 1777797271 629782
37 1261 22956 0 1777797271 631026
32 1185 12830 0 1777797271 638777
34 1112 14109 0 1777797271 638810
35 1077 14101 0 1777797271 638821
36 1177 12871 0 1777797271 638836
37 1262 13316 0 1777797271 644344
33 1113 19152 0 1777797271 648937
35 1078 10979 0 1777797271 649839
37 1263 8912 0 1777797271 653257
34 1113 17926 0 1777797271 656777
33 1114 13697 0 1777797271 662636
32 1186 24613 0 1777797271 663450
37 1264 10931 0 1777797271 664189
35 1079 20116 0 1777797271 669957
36 1178 31054 0 1777797271 669962
37 1265 5828 0 1777797271 670018
32 1187 6739 0 1777797271 670191
33 1115 7558 0 1777797271 670195
37 1266 3460 0 1777797271 673479
36 1179 6074 0 1777797271 676045
33 1116 8574 0 1777797271 678775
32 1188 10468 0 1777797271 680664
35 1080 11756 0 1777797271 681718
36 1180 5675 0 1777797271 681724
37 1267 17028 0 1777797271 690508
32 1189 10570 0 1777797271 691234
36 1181 9508 0 1777797271 691238
34 1114 34568 0 1777797271 691347
35 1081 10109 0 1777797271 691834
36 1182 8380 0 1777797271 699653
32 1190 8427 0 1777797271 699666
37 1268 9162 0 1777797271 699671
35 1082 11886 0 1777797271 703722
34 1115 15915 0 1777797271 707264
37 1269 12478 0 1777797271 712154
36 1183 14507 0 1777797271 714162
32 1191 15520 0 1777797271 715191
36 1184 8890 0 1777797271 723057
37 1270 11204 0 1777797271 723358
33 1117 45380 0 1777797271 724157
37 1271 2478 0 1777797271 725836
36 1185 3207 0 1777797271 726266
32 1192 11295 0 1777797271 726488
36 1186 5185 0 1777797271 731453
37 1272 6404 0 1777797271 732241
32 1193 7415 0 1777797271 733905
33 1118 12686 0 1777797271 736844
34 1116 32288 0 1777797271 739553
34 1117 2870 0 1777797271 742424
34 1118 4562 0 1777797271 746987
36 1187 15811 0 1777797271 747265
34 1119 6312 0 1777797271 753300
32 1194 19444 0 1777797271 753350
35 1083 56639 0 1777797271 760363
32 1195 11332 0 1777797271 764682
33 1119 27837 0 1777797271 764685
34 1120 13883 0 1777797271 767218
33 1120 8542 0 1777797271 773236
35 1084 13027 0 1777797271 773391
34 1121 9675 0 1777797271 776894
34 1122 4991 0 1777797271 781891
35 1085 12028 0 1777797271 785420
33 1121 18433 0 1777797271 791672
36 1188 44417 0 1777797271 791682
32 1196 27290 0 1777797271 791976
32 1197 4521 0 1777797271 796501
37 1273 64362 0 1777797271 796604
32 1198 10200 0 1777797271 806807
33 1122 15131 0 1777797271 806814
34 1123 24925 0 1777797271 806818
35 1086 21400 0 1777797271 806821
36 1189 15130 0 1777797271 806825
37 1274 10200 0 1777797271 806829
33 1123 17632 0 1777797271 824470
34 1124 28444 0 1777797271 835288
36 1190 30858 0 1777797271 837711
32 1199 33958 0 1777797271 840788
34 1125 17034 0 1777797271 852332
36 1191 16101 0 1777797271 853815
33 1124 31507 0 1777797271 855978
32 1200 29374 0 1777797271 870168
35 1087 63329 0 1777797271 870177
36 1192 16364 0 1777797271 870181
34 1126 17878 0 1777797271 870211
34 1127 10168 0 1777797271 880379
35 1088 15843 0 1777797271 886036
37 1275 79928 0 1777797271 886785
32 1201 17994 0 1777797271 888175
37 1276 5691 0 1777797271 892477
32 1202 4675 0 1777797271 892851
34 1128 22847 0 1777797271 903227
36 1193 37278 0 1777797271 907476
33 1125 61096 0 1777797271 917075
34 1129 19295 0 1777797271 922523
36 1194 15048 0 1777797271 922530
34 1130 2665 0 1777797271 925195
35 1089 39168 0 1777797271 925205
36 1195 2673 0 1777797271 925212
37 1277 32754 0 1777797271 925233
33 1126 13258 0 1777797271 930337
34 1131 5987 0 1777797271 931221
37 1278 5969 0 1777797271 931225
36 1196 7763 0 1777797271 933011
32 1203 51692 0 1777797271 944545
36 1197 11546 0 1777797271 944558
37 1279 13332 0 1777797271 944563
33 1127 18183 0 1777797271 948523
34 1132 18269 0 1777797271 949494
33 1128 6295 0 1777797271 954823
34 1133 5344 0 1777797271 954840
37 1280 10270 0 1777797271 954851
34 1134 4091 0 1777797271 958955
35 1090 33725 0 1777797271 958966
36 1198 14397 0 1777797271 958973
37 1281 4098 0 1777797271 958979
34 1135 5998 0 1777797271 964978
37 1282 5584 0 1777797271 964986
33 1129 16399 0 1777797271 971251
34 1136 6269 0 1777797271 971256
35 1091 12226 0 1777797271 971260
36 1199 12153 0 1777797271 971265
37 1283 7905 0 1777797271 972901
33 1130 4114 0 1777797271 975379
34 1137 8782 0 1777797271 980055
37 1284 7151 0 1777797271 980061
34 1138 10424 0 1777797271 990485
33 1131 17958 0 1777797271 993347
37 1285 13287 0 1777797271 993355
35 1092 27816 0 1777797271 999094
36 1200 27813 0 1777797271 999098
34 1139 13070 0 1777797272 3557
35 1093 11342 0 1777797272 10442
36 1201 11343 0 1777797272 10447
33 1132 17112 0 1777797272 10467
37 1286 17113 0 1777797272 10476
34 1140 7929 0 1777797272 11487
32 1204 68847 0 1777797272 13411
34 1141 9067 0 1777797272 20557
35 1094 10168 0 1777797272 20616
32 1205 11922 0 1777797272 25335
33 1133 14876 0 1777797272 25343
37 1287 17100 0 1777797272 27577
34 1142 9035 0 1777797272 29652
35 1095 11092 0 1777797272 31725
32 1206 6956 0 1777797272 32300
34 1143 3835 0 1777797272 33494
32 1207 14039 0 1777797272 46343
34 1144 12852 0 1777797272 46351
36 1202 35928 0 1777797272 46383
33 1134 29493 0 1777797272 54863
32 1208 8919 0 1777797272 55304
34 1145 8912 0 1777797272 55310
36 1203 16721 0 1777797272 63128
35 1096 32048 0 1777797272 63776
37 1288 36215 0 1777797272 63795
34 1146 15790 0 1777797272 71111
36 1204 10175 0 1777797272 73305
37 1289 10333 0 1777797272 74140
36 1205 2314 0 1777797272 75623
34 1147 7442 0 1777797272 78556
36 1206 5784 0 1777797272 81413
32 1209 44565 0 1777797272 99877
33 1135 45031 0 1777797272 99896
34 1148 21346 0 1777797272 99906
36 1207 18499 0 1777797272 99914
37 1290 25779 0 1777797272 99921
33 1136 25743 0 1777797272 125690
34 1149 25766 0 1777797272 125721
36 1208 25772 0 1777797272 125734
37 1291 25771 0 1777797272 125741
35 1097 65044 0 1777797272 128840
32 1210 33676 0 1777797272 133598
35 1098 19385 0 1777797272 148229
34 1150 29662 0 1777797272 155418
36 1209 36735 0 1777797272 162499
35 1099 24653 0 1777797272 172888
37 1292 47125 0 1777797272 172896
34 1151 17508 0 1777797272 172928
33 1137 47198 0 1777797272 172940
32 1211 46833 0 1777797272 180435
37 1293 12220 0 1777797272 185134
34 1152 19434 0 1777797272 192363
32 1212 24823 0 1777797272 205260
34 1153 12903 0 1777797272 205267
37 1294 20255 0 1777797272 205390
32 1213 7538 0 1777797272 212812
36 1210 52609 0 1777797272 215146
34 1154 23350 0 1777797272 228625
37 1295 23240 0 1777797272 228630
33 1138 55802 0 1777797272 228743
35 1100 55852 0 1777797272 228749
32 1214 18850 0 1777797272 231664
37 1296 6518 0 1777797272 235154
33 1139 8201 0 1777797272 236950
36 1211 22887 0 1777797272 238035
37 1297 5557 0 1777797272 240712
34 1155 14650 0 1777797272 243280
35 1101 15616 0 1777797272 244371
32 1215 14725 0 1777797272 246391
37 1298 6577 0 1777797272 247290
37 1299 6569 0 1777797272 253860
32 1216 22554 0 1777797272 268954
37 1300 19771 0 1777797272 273632
33 1140 53117 0 1777797272 290071
35 1102 45706 0 1777797272 290079
36 1212 52047 0 1777797272 290084
37 1301 16455 0 1777797272 290088
37 1302 8229 0 1777797272 298339
37 1303 14842 0 1777797272 313183
33 1141 25122 0 1777797272 315210
36 1213 25145 0 1777797272 315249
32 1217 49347 0 1777797272 318303
33 1142 6371 0 1777797272 321622
32 1218 5407 0 1777797272 323716
33 1143 2839 0 1777797272 324465
33 1144 4292 0 1777797272 328763
35 1103 38675 0 1777797272 328773
36 1214 17675 0 1777797272 332943
35 1104 12111 0 1777797272 340895
32 1219 22349 0 1777797272 346067
36 1215 13129 0 1777797272 346075
35 1105 5926 0 1777797272 346828
34 1156 111430 0 1777797272 354712
37 1304 41567 0 1777797272 354752
36 1216 17924 0 1777797272 364008
37 1305 9236 0 1777797272 364019
34 1157 10384 0 1777797272 365137
32 1220 27889 0 1777797272 373966
35 1106 27152 0 1777797272 373981
34 1158 15824 0 1777797272 380962
36 1217 19809 0 1777797272 383829
37 1306 19806 0 1777797272 383842
34 1159 6805 0 1777797272 387769
36 1218 6071 0 1777797272 389914
32 1221 21432 0 1777797272 395415
33 1145 70192 0 1777797272 398967
34 1160 11975 0 1777797272 399746
36 1219 19852 0 1777797272 409769
35 1107 36534 0 1777797272 410530
32 1222 15641 0 1777797272 411058
34 1161 14318 0 1777797272 414068
36 1220 6522 0 1777797272 416293
35 1108 12644 0 1777797272 423178
37 1307 39328 0 1777797272 423184
35 1109 5003 0 1777797272 428187
37 1308 18968 0 1777797272 442163
32 1223 33107 0 1777797272 444169
34 1162 30103 0 1777797272 444173
36 1221 28764 0 1777797272 445061
34 1163 4797 0 1777797272 448977
35 1110 20792 0 1777797272 448981
32 1224 5372 0 1777797272 449546
34 1164 15150 0 1777797272 464132
36 1222 20361 0 1777797272 465423
37 1309 23522 0 1777797272 465687
32 1225 18159 0 1777797272 467706
36 1223 6488 0 1777797272 471927
37 1310 6244 0 1777797272 471932
32 1226 11108 0 1777797272 478816
34 1165 15275 0 1777797272 479409
35 1111 31599 0 1777797272 480587
35 1112 2348 0 1777797272 482936
34 1166 4835 0 1777797272 484245
32 1227 6063 0 1777797272 484882
33 1146 87391 0 1777797272 486360
33 1147 3661 0 1777797272 490024
32 1228 6123 0 1777797272 491006
34 1167 6763 0 1777797272 491010
34 1168 1389 0 1777797272 492404
33 1148 3296 0 1777797272 493321
32 1229 2878 0 1777797272 493888
37 1311 23321 0 1777797272 495262
32 1230 2225 0 1777797272 496114
35 1113 13182 0 1777797272 496119
35 1114 3925 0 1777797272 500050
32 1231 8199 0 1777797272 504319
34 1169 15078 0 1777797272 507489
35 1115 9379 0 1777797272 509431
32 1232 6020 0 1777797272 510340
37 1312 17447 0 1777797272 512709
32 1233 3149 0 1777797272 513490
34 1170 6109 0 1777797272 513600
32 1234 3730 0 1777797272 517222
32 1235 3400 0 1777797272 520623
37 1313 10869 0 1777797272 523579
33 1149 37868 0 1777797272 531190
34 1171 17592 0 1777797272 531193
36 1224 59263 0 1777797272 531196
32 1236 24905 0 1777797272 545530
33 1150 14365 0 1777797272 545561
35 1116 36136 0 1777797272 545569
36 1225 14371 0 1777797272 545575
37 1314 22001 0 1777797272 545581
33 1151 8369 0 1777797272 553968
34 1172 23423 0 1777797272 554624
37 1315 11033 0 1777797272 556681
32 1237 11724 0 1777797272 557306
35 1117 11706 0 1777797272 557313
34 1173 7803 0 1777797272 562429
33 1152 8483 0 1777797272 562453
33 1153 3961 0 1777797272 566415
35 1118 9109 0 1777797272 566434
37 1316 9959 0 1777797272 566695
33 1154 2903 0 1777797272 569338
36 1226 25011 0 1777797272 570651
37 1317 4678 0 1777797272 571375
34 1174 10162 0 1777797272 572595
35 1119 10926 0 1777797272 577375
37 1318 6002 0 1777797272 577382
33 1155 9307 0 1777797272 578653
32 1238 27415 0 1777797272 584730
33 1156 6090 0 1777797272 584745
34 1175 12153 0 1777797272 584751
36 1227 16655 0 1777797272 587309
35 1120 12042 0 1777797272 589425
32 1239 10486 0 1777797272 595239
33 1157 10479 0 1777797272 595247
34 1176 10493 0 1777797272 595268
37 1319 17874 0 1777797272 595274
33 1158 8999 0 1777797272 604280
34 1177 9019 0 1777797272 604306
35 1121 14896 0 1777797272 604330
36 1228 17020 0 1777797272 604338
37 1320 9052 0 1777797272 604345
32 1240 11192 0 1777797272 606466
33 1159 5887 0 1777797272 610233
37 1321 7530 0 1777797272 611986
35 1122 8198 0 1777797272 612635
36 1229 8205 0 1777797272 612656
34 1178 10674 0 1777797272 615037
32 1241 18091 0 1777797272 624558
33 1160 14331 0 1777797272 624567
34 1179 9530 0 1777797272 624574
35 1123 11922 0 1777797272 624580
37 1322 12598 0 1777797272 624586
36 1230 17272 0 1777797272 629946
33 1161 11668 0 1777797272 636267
34 1180 11668 0 1777797272 636276
37 1323 11660 0 1777797272 636299
33 1162 5211 0 1777797272 641511
34 1181 5219 0 1777797272 641533
36 1231 11594 0 1777797272 641542
32 1242 29896 0 1777797272 654483
33 1163 12960 0 1777797272 654503
34 1182 13025 0 1777797272 654583
35 1124 29976 0 1777797272 654602
36 1232 13060 0 1777797272 654640
37 1324 18405 0 1777797272 654728
32 1243 9823 0 1777797272 664552
33 1164 9661 0 1777797272 664569
34 1183 9644 0 1777797272 664577
35 1125 9637 0 1777797272 664583
36 1233 9746 0 1777797272 664702
37 1325 9748 0 1777797272 664713
32 1244 16774 0 1777797272 681489
33 1165 17535 0 1777797272 682262
34 1184 17516 0 1777797272 682266
35 1126 17509 0 1777797272 682270
36 1234 17518 0 1777797272 682295
37 1326 27078 0 1777797272 691865
34 1185 13744 0 1777797272 696026
32 1245 26432 0 1777797272 708703
33 1166 26434 0 1777797272 708712
35 1127 26436 0 1777797272 708723
36 1235 26436 0 1777797272 708731
37 1327 34363 0 1777797272 726231
32 1246 21819 0 1777797272 730551
33 1167 21820 0 1777797272 730563
34 1186 34475 0 1777797272 730569
37 1328 12936 0 1777797272 739167
34 1187 21480 0 1777797272 752072
36 1236 46160 0 1777797272 755524
32 1247 31769 0 1777797272 762339
33 1168 33598 0 1777797272 764182
34 1188 12139 0 1777797272 764212
36 1237 17790 0 1777797272 773378
37 1329 35122 0 1777797272 774316
32 1248 25666 0 1777797272 788009
34 1189 23719 0 1777797272 788019
35 1128 78666 0 1777797272 788024
36 1238 20015 0 1777797272 793394
34 1190 10352 0 1777797272 798386
35 1129 10381 0 1777797272 798422
37 1330 27450 0 1777797272 801768
32 1249 19516 0 1777797272 807542
37 1331 8256 0 1777797272 810029
34 1191 14860 0 1777797272 813284
35 1130 14854 0 1777797272 813293
36 1239 19906 0 1777797272 813302
37 1332 5178 0 1777797272 815209
32 1250 8856 0 1777797272 816400
34 1192 8365 0 1777797272 821668
37 1333 6494 0 1777797272 821712
33 1169 58413 0 1777797272 822667
33 1170 1594 0 1777797272 824264
33 1171 3103 0 1777797272 827372
34 1193 7694 0 1777797272 829364
34 1194 4275 0 1777797272 833642
32 1251 20338 0 1777797272 836744
36 1240 23511 0 1777797272 836834
35 1131 24572 0 1777797272 837886
36 1241 12826 0 1777797272 849748
33 1172 41961 0 1777797272 869336
34 1195 35695 0 1777797272 869346
32 1252 80825 0 1777797272 917662
33 1173 48319 0 1777797272 917667
35 1132 79782 0 1777797272 917671
36 1242 67924 0 1777797272 917675
37 1334 95966 0 1777797272 917679
34 1196 50787 0 1777797272 920156
32 1253 11764 0 1777797272 929443
34 1197 9289 0 1777797272 929452
35 1133 11771 0 1777797272 929461
36 1243 11772 0 1777797272 929468
37 1335 11774 0 1777797272 929475
32 1254 5272 0 1777797272 934748
33 1174 17070 0 1777797272 934756
35 1134 5310 0 1777797272 934816
35 1135 1785 0 1777797272 936693
36 1244 7555 0 1777797272 937070
33 1175 2894 0 1777797272 937793
35 1136 1265 0 1777797272 937960
35 1137 1088 0 1777797272 939050
36 1245 2728 0 1777797272 939800
35 1138 3688 0 1777797272 942740
36 1246 4455 0 1777797272 944257
33 1176 8852 0 1777797272 946647
35 1139 6821 0 1777797272 949563
36 1247 5482 0 1777797272 949740
33 1177 6923 0 1777797272 953574
32 1255 22147 0 1777797272 957033
37 1336 27500 0 1777797272 957046
34 1198 32649 0 1777797272 962136
35 1140 12577 0 1777797272 962144
36 1248 12408 0 1777797272 962150
33 1178 12733 0 1777797272 966311
32 1256 9588 0 1777797272 966635
35 1141 8797 0 1777797272 970958
32 1257 13715 0 1777797272 980353
34 1199 18211 0 1777797272 980362
35 1142 9407 0 1777797272 980369
36 1249 18206 0 1777797272 980376
32 1258 3726 0 1777797272 984103
32 1259 5860 0 1777797272 989966
33 1179 23679 0 1777797272 989999
34 1200 9618 0 1777797272 990021
35 1143 9630 0 1777797272 990043
36 1250 9634 0 1777797272 990053
32 1260 9729 0 1777797272 999783
35 1144 9724 0 1777797272 999811
36 1251 9727 0 1777797272 999820
33 1180 11276 0 1777797273 1347
34 1201 11272 0 1777797273 1351
35 1145 4242 0 1777797273 4075
37 1337 47031 0 1777797273 4093
36 1252 7613 0 1777797273 7538
32 1261 16854 0 1777797273 16676
34 1202 15327 0 1777797273 16684
35 1146 12600 0 1777797273 16709
36 1253 9203 0 1777797273 16743
33 1181 21095 0 1777797273 22447
32 1262 15308 0 1777797273 32054
33 1182 9630 0 1777797273 32079
34 1203 15176 0 1777797273 32087
35 1147 15172 0 1777797273 32093
36 1254 15170 0 1777797273 32099
37 1338 27988 0 1777797273 32116
32 1263 9084 0 1777797273 41202
33 1183 9085 0 1777797273 41233
34 1204 9090 0 1777797273 41248
35 1148 9085 0 1777797273 41257
36 1255 9084 0 1777797273 41264
37 1339 9078 0 1777797273 41271
32 1264 5539 0 1777797273 46811
33 1184 5533 0 1777797273 46821
35 1149 5522 0 1777797273 46827
36 1256 5520 0 1777797273 46834
37 1340 5503 0 1777797273 46840
34 1205 8540 0 1777797273 49837
33 1185 16014 0 1777797273 62865
34 1206 13037 0 1777797273 62876
35 1150 16015 0 1777797273 62883
36 1257 15970 0 1777797273 62890
37 1341 15968 0 1777797273 62897
32 1265 16139 0 1777797273 62980
32 1266 9833 0 1777797273 72815
33 1186 10078 0 1777797273 72976
35 1151 10069 0 1777797273 72986
36 1258 10067 0 1777797273 72993
37 1342 10068 0 1777797273 73001
34 1207 10201 0 1777797273 73111
32 1267 7906 0 1777797273 80908
33 1187 7869 0 1777797273 80925
34 1208 7821 0 1777797273 80933
35 1152 7881 0 1777797273 80948
37 1343 7873 0 1777797273 80956
36 1259 15956 0 1777797273 89031
32 1268 11564 0 1777797273 92521
33 1188 11556 0 1777797273 92529
35 1153 11542 0 1777797273 92537
37 1344 11541 0 1777797273 92544
32 1269 8961 0 1777797273 101516
33 1189 8958 0 1777797273 101523
35 1154 8926 0 1777797273 101528
36 1260 12499 0 1777797273 101532
37 1345 8926 0 1777797273 101536
34 1209 26629 0 1777797273 107611
33 1190 19034 0 1777797273 120582
36 1261 19033 0 1777797273 120593
37 1346 19031 0 1777797273 120597
32 1270 19082 0 1777797273 120618
35 1155 20966 0 1777797273 122519
32 1271 8796 0 1777797273 129414
34 1210 21808 0 1777797273 129422
32 1272 7056 0 1777797273 136481
33 1191 15892 0 1777797273 136490
34 1211 7057 0 1777797273 136496
35 1156 13982 0 1777797273 136503
36 1262 15905 0 1777797273 136510
37 1347 15965 0 1777797273 136575
32 1273 13005 0 1777797273 149581
33 1192 13006 0 1777797273 149592
34 1212 13003 0 1777797273 149596
35 1157 12877 0 1777797273 149601
36 1263 12865 0 1777797273 149607
37 1348 13170 0 1777797273 149972
32 1274 6588 0 1777797273 156196
34 1213 6618 0 1777797273 156241
35 1158 9263 0 1777797273 158890
33 1193 10397 0 1777797273 160012
37 1349 12133 0 1777797273 162106
32 1275 23114 0 1777797273 179324
34 1214 23090 0 1777797273 179332
35 1159 20444 0 1777797273 179339
36 1264 29729 0 1777797273 179362
32 1276 8731 0 1777797273 188095
37 1350 26146 0 1777797273 188255
32 1277 5165 0 1777797273 193423
34 1215 14052 0 1777797273 193428
35 1160 14047 0 1777797273 193432
36 1265 14041 0 1777797273 193435
37 1351 15891 0 1777797273 204171
33 1194 202422 0 1777797273 362442
32 1278 181515 0 1777797273 374951
36 1266 181517 0 1777797273 374967
36 1267 31604 0 1777797273 406602
32 1279 31663 0 1777797273 406632
33 1195 46877 0 1777797273 409326
35 1161 219446 0 1777797273 412891
37 1352 208654 0 1777797273 412899
35 1162 12465 0 1777797273 425365
32 1280 18778 0 1777797273 425411
33 1196 16091 0 1777797273 425418
37 1353 16153 0 1777797273 429064
36 1268 22586 0 1777797273 429197
35 1163 4135 0 1777797273 429511
32 1281 6898 0 1777797273 432317
32 1282 12902 0 1777797273 445230
36 1269 16047 0 1777797273 445245
32 1283 10064 0 1777797273 455310
33 1197 29974 0 1777797273 455423
32 1284 4006 0 1777797273 459431
33 1198 3986 0 1777797273 459438
36 1270 14182 0 1777797273 459447
32 1285 4746 0 1777797273 464194
36 1271 6370 0 1777797273 465840
33 1199 6624 0 1777797273 466085
32 1286 5598 0 1777797273 469794
32 1287 1229 0 1777797273 471025
32 1288 4446 0 1777797273 475473
37 1354 49312 0 1777797273 478378
32 1289 13215 0 1777797273 488690
36 1272 22861 0 1777797273 488703
33 1200 49703 0 1777797273 515790
35 1164 86281 0 1777797273 515795
37 1355 37407 0 1777797273 515800
33 1201 26861 0 1777797273 542661
34 1216 351401 0 1777797273 544844
37 1356 29038 0 1777797273 544849
36 1273 59645 0 1777797273 548371
32 1290 70064 0 1777797273 558769
35 1165 42975 0 1777797273 558781
33 1202 24843 0 1777797273 567506
34 1217 29568 0 1777797273 574418
37 1357 29572 0 1777797273 574427
36 1274 27130 0 1777797273 575503
32 1291 23779 0 1777797273 582561
32 1292 12654 0 1777797273 595223
33 1203 27747 0 1777797273 595259
34 1218 20842 0 1777797273 595270
35 1166 36480 0 1777797273 595275
37 1358 20825 0 1777797273 595278
36 1275 32289 0 1777797273 607794
32 1293 31276 0 1777797273 626555
33 1204 31293 0 1777797273 626582
34 1219 31304 0 1777797273 626599
35 1167 29377 0 1777797273 626607
37 1359 29375 0 1777797273 626615
36 1276 21567 0 1777797273 629363
32 1294 17038 0 1777797273 643653
33 1205 17041 0 1777797273 643676
34 1220 17047 0 1777797273 643701
35 1168 17041 0 1777797273 643709
36 1277 14349 0 1777797273 643714
37 1360 17044 0 1777797273 643720
32 1295 9060 0 1777797273 652780
34 1221 23431 0 1777797273 667166
36 1278 23446 0 1777797273 667192
35 1169 40516 0 1777797273 684257
36 1279 17093 0 1777797273 684299
32 1296 33294 0 1777797273 686075
37 1361 45081 0 1777797273 688831
35 1170 10809 0 1777797273 695109
32 1297 12050 0 1777797273 698127
33 1206 54426 0 1777797273 698155
37 1362 9322 0 1777797273 698162
36 1280 14702 0 1777797273 699049
35 1171 5159 0 1777797273 700277
36 1281 5085 0 1777797273 704137
34 1222 39773 0 1777797273 706967
37 1363 8788 0 1777797273 706977
35 1172 12308 0 1777797273 712590
33 1207 18176 0 1777797273 716347
34 1223 9422 0 1777797273 716400
37 1364 9431 0 1777797273 716419
32 1298 18274 0 1777797273 716437
36 1282 16802 0 1777797273 720942
37 1365 8495 0 1777797273 724916
33 1208 9093 0 1777797273 725461
35 1173 15660 0 1777797273 728253
32 1299 21963 0 1777797273 738401
35 1174 12467 0 1777797273 740724
37 1366 17460 0 1777797273 742378
33 1209 16935 0 1777797273 742401
36 1283 21694 0 1777797273 742647
32 1300 15377 0 1777797273 753781
36 1284 11142 0 1777797273 753790
33 1210 12787 0 1777797273 755190
35 1175 14479 0 1777797273 755205
34 1224 38864 0 1777797273 755266
36 1285 4282 0 1777797273 758082
32 1301 9973 0 1777797273 763764
34 1225 11648 0 1777797273 766917
37 1367 27901 0 1777797273 770281
35 1176 15997 0 1777797273 771220
32 1302 11085 0 1777797273 774852
37 1368 4961 0 1777797273 775252
34 1226 9587 0 1777797273 776510
32 1303 3914 0 1777797273 778772
36 1286 28219 0 1777797273 786303
34 1227 21832 0 1777797273 798346
36 1287 22217 0 1777797273 808523
33 1211 63137 0 1777797273 818344
37 1369 43170 0 1777797273 818424
34 1228 32193 0 1777797273 830545
37 1370 12142 0 1777797273 830568
35 1177 69189 0 1777797273 840411
36 1288 33514 0 1777797273 842049
35 1178 3737 0 1777797273 844152
36 1289 3675 0 1777797273 845730
32 1304 70658 0 1777797273 849432
32 1305 7714 0 1777797273 857161
33 1212 38820 0 1777797273 857169
35 1179 13077 0 1777797273 857237
36 1290 11511 0 1777797273 857244
37 1371 26683 0 1777797273 857251
34 1229 29953 0 1777797273 860504
32 1306 10158 0 1777797273 867411
36 1291 10284 0 1777797273 867564
33 1213 10475 0 1777797273 867741
33 1214 1666 0 1777797273 869408
36 1292 4449 0 1777797273 872016
32 1307 6466 0 1777797273 873879
34 1230 16152 0 1777797273 876659
35 1180 19397 0 1777797273 876670
37 1372 19382 0 1777797273 876702
33 1215 10652 0 1777797273 880063
36 1293 14743 0 1777797273 886760
37 1373 10065 0 1777797273 886768
35 1181 11366 0 1777797273 888052
34 1231 12547 0 1777797273 889218
32 1308 15682 0 1777797273 889564
34 1232 8033 0 1777797273 897254
32 1309 8104 0 1777797273 897671
32 1310 2006 0 1777797273 899681
33 1216 30496 0 1777797273 910563
34 1233 13314 0 1777797273 910571
35 1182 22524 0 1777797273 910578
36 1294 23828 0 1777797273 910597
37 1374 23828 0 1777797273 910606
32 1311 13232 0 1777797273 912915
36 1295 11096 0 1777797273 921733
33 1217 15620 0 1777797273 926227
35 1183 15607 0 1777797273 926235
37 1375 15621 0 1777797273 926266
34 1234 20622 0 1777797273 931242
33 1218 14090 0 1777797273 940357
34 1235 9131 0 1777797273 940381
36 1296 18652 0 1777797273 940389
37 1376 14118 0 1777797273 940403
35 1184 17836 0 1777797273 944113
37 1377 3684 0 1777797273 944122
34 1236 7998 0 1777797273 948419
36 1297 8004 0 1777797273 948434
33 1219 11936 0 1777797273 952341
34 1237 3915 0 1777797273 952350
34 1238 4431 0 1777797273 956841
37 1378 14818 0 1777797273 959008
34 1239 8523 0 1777797273 965367
32 1312 56981 0 1777797273 969898
36 1298 21462 0 1777797273 969909
35 1185 27825 0 1777797273 971948
34 1240 14005 0 1777797273 979375
34 1241 9136 0 1777797273 988516
35 1186 16574 0 1777797273 988527
37 1379 29522 0 1777797273 988534
33 1220 38553 0 1777797273 990904
36 1299 20996 0 1777797273 990919
32 1313 28994 0 1777797273 998904
33 1221 47374 0 1777797274 38295
34 1242 49776 0 1777797274 38311
35 1187 53738 0 1777797274 42284
32 1314 45245 0 1777797274 44160
36 1300 53950 0 1777797274 44880
35 1188 5623 0 1777797274 47908
34 1243 9805 0 1777797274 48137
35 1189 1582 0 1777797274 49495
37 1380 65617 0 1777797274 54170
32 1315 10176 0 1777797274 54340
34 1244 7333 0 1777797274 55473
33 1222 17827 0 1777797274 56140
33 1223 6904 0 1777797274 63047
34 1245 7578 0 1777797274 63053
36 1301 20146 0 1777797274 65029
33 1224 16098 0 1777797274 79153
34 1246 16095 0 1777797274 79170
36 1302 14146 0 1777797274 79177
32 1316 42219 0 1777797274 96621
35 1190 47132 0 1777797274 96631
33 1225 18256 0 1777797274 97434
34 1247 18253 0 1777797274 97442
36 1303 18275 0 1777797274 97473
37 1381 43300 0 1777797274 97481
32 1317 5513 0 1777797274 102145
35 1191 6772 0 1777797274 103413
33 1226 7779 0 1777797274 105261
32 1318 5867 0 1777797274 108022
33 1227 4916 0 1777797274 110187
34 1248 12705 0 1777797274 110195
35 1192 6783 0 1777797274 110203
33 1228 2429 0 1777797274 112634
35 1193 7157 0 1777797274 117378
33 1229 6963 0 1777797274 119601
33 1230 1603 0 1777797274 121208
35 1194 6768 0 1777797274 124152
33 1231 3524 0 1777797274 124734
34 1249 19069 0 1777797274 129283
35 1195 5137 0 1777797274 129291
36 1304 33034 0 1777797274 130535
32 1319 22706 0 1777797274 130730
35 1196 3843 0 1777797274 133146
36 1305 8258 0 1777797274 138800
34 1250 9675 0 1777797274 138967
32 1320 9133 0 1777797274 139865
37 1382 44048 0 1777797274 141557
35 1197 10890 0 1777797274 144040
36 1306 9584 0 1777797274 148386
33 1232 32830 0 1777797274 157569
34 1251 18607 0 1777797274 157575
35 1198 13546 0 1777797274 157590
36 1307 9208 0 1777797274 157596
37 1383 16043 0 1777797274 157602
34 1252 3085 0 1777797274 160698
33 1233 4536 0 1777797274 162138
34 1253 5335 0 1777797274 166041
36 1308 8423 0 1777797274 166049
37 1384 8421 0 1777797274 166055
33 1234 4811 0 1777797274 166952
35 1199 9762 0 1777797274 167382
37 1385 4792 0 1777797274 170866
33 1235 5461 0 1777797274 172418
35 1200 7169 0 1777797274 174553
36 1309 8493 0 1777797274 174559
37 1386 3690 0 1777797274 174565
34 1254 8821 0 1777797274 174877
33 1236 7509 0 1777797274 179930
37 1387 5641 0 1777797274 180240
35 1201 6392 0 1777797274 180958
36 1310 6624 0 1777797274 181199
37 1388 5580 0 1777797274 185821
33 1237 11719 0 1777797274 191652
35 1202 10698 0 1777797274 191660
36 1311 10465 0 1777797274 191666
32 1321 52337 0 1777797274 192205
34 1255 17263 0 1777797274 192211
37 1389 6391 0 1777797274 192216
35 1203 2801 0 1777797274 194477
32 1322 3320 0 1777797274 195536
37 1390 4238 0 1777797274 196466
33 1238 4985 0 1777797274 196652
32 1323 3896 0 1777797274 199435
37 1391 3472 0 1777797274 199944
33 1239 13302 0 1777797274 209955
34 1256 17742 0 1777797274 209964
35 1204 15503 0 1777797274 209983
36 1312 18308 0 1777797274 209991
37 1392 10051 0 1777797274 209997
32 1324 17965 0 1777797274 217402
33 1240 7412 0 1777797274 217410
34 1257 7408 0 1777797274 217416
35 1205 7399 0 1777797274 217425
36 1313 7404 0 1777797274 217439
37 1393 7465 0 1777797274 217506
34 1258 2530 0 1777797274 219996
33 1241 6987 0 1777797274 224438
35 1206 6972 0 1777797274 224446
36 1314 7343 0 1777797274 224831
32 1325 9043 0 1777797274 226483
33 1242 4314 0 1777797274 228761
33 1243 2008 0 1777797274 230772
33 1244 10307 0 1777797274 241084
32 1326 19180 0 1777797274 245665
32 1327 6978 0 1777797274 252645
33 1245 11579 0 1777797274 252667
37 1394 35168 0 1777797274 252676
32 1328 2653 0 1777797274 255330
34 1259 35339 0 1777797274 255337
32 1329 5369 0 1777797274 260707
34 1260 5368 0 1777797274 260715
37 1395 10977 0 1777797274 263684
32 1330 9927 0 1777797274 270643
34 1261 9936 0 1777797274 270660
37 1396 6988 0 1777797274 270676
37 1397 7356 0 1777797274 278070
33 1246 27367 0 1777797274 280065
34 1262 9378 0 1777797274 280081
35 1207 55622 0 1777797274 280087
36 1315 55302 0 1777797274 280135
32 1331 11347 0 1777797274 282025
33 1247 6337 0 1777797274 286426
34 1263 6334 0 1777797274 286438
35 1208 6330 0 1777797274 286444
37 1398 8385 0 1777797274 286462
36 1316 7292 0 1777797274 287429
32 1332 9491 0 1777797274 291519
33 1248 10445 0 1777797274 296908
34 1264 13818 0 1777797274 300350
37 1399 13810 0 1777797274 300365
32 1333 10264 0 1777797274 301785
36 1317 19188 0 1777797274 306619
35 1209 20324 0 1777797274 306870
33 1249 15866 0 1777797274 312776
34 1265 12453 0 1777797274 312819
37 1400 14667 0 1777797274 315042
35 1210 13659 0 1777797274 320530
32 1334 20515 0 1777797274 322302
33 1250 14888 0 1777797274 327708
36 1318 21102 0 1777797274 327725
34 1266 15925 0 1777797274 328755
37 1401 14041 0 1777797274 329095
32 1335 6997 0 1777797274 329304
35 1211 10815 0 1777797274 331353
34 1267 3847 0 1777797274 332604
32 1336 9887 0 1777797274 339192
36 1319 11462 0 1777797274 339197
37 1402 10103 0 1777797274 339200
33 1251 13113 0 1777797274 340839
34 1268 11619 0 1777797274 344226
35 1212 13105 0 1777797274 344467
36 1320 5272 0 1777797274 344479
32 1337 8993 0 1777797274 348194
37 1403 9001 0 1777797274 348213
33 1252 8473 0 1777797274 349314
32 1338 7905 0 1777797274 356119
34 1269 11647 0 1777797274 356126
35 1213 11640 0 1777797274 356132
36 1321 11642 0 1777797274 356140
37 1404 7905 0 1777797274 356146
33 1253 8593 0 1777797274 357911
37 1405 6413 0 1777797274 362587
33 1254 7159 0 1777797274 365075
32 1339 10894 0 1777797274 367041
34 1270 10909 0 1777797274 367063
35 1214 12454 0 1777797274 368614
36 1322 12530 0 1777797274 368697
37 1406 9316 0 1777797274 371907
32 1340 11042 0 1777797274 378107
33 1255 13047 0 1777797274 378124
34 1271 11041 0 1777797274 378130
35 1215 9452 0 1777797274 378150
36 1323 9450 0 1777797274 378158
37 1407 8494 0 1777797274 380404
32 1341 4529 0 1777797274 382689
33 1256 4507 0 1777797274 382700
36 1324 4472 0 1777797274 382707
34 1272 8619 0 1777797274 386839
35 1216 9979 0 1777797274 388209
37 1408 12249 0 1777797274 392664
34 1273 10047 0 1777797274 396895
33 1257 15480 0 1777797274 398201
35 1217 9995 0 1777797274 398208
32 1342 17173 0 1777797274 399881
36 1325 17163 0 1777797274 399892
32 1343 9004 0 1777797274 408897
33 1258 10692 0 1777797274 408901
36 1326 9002 0 1777797274 408906
37 1409 16240 0 1777797274 408910
35 1218 12207 0 1777797274 410426
32 1344 14291 0 1777797274 423202
33 1259 14293 0 1777797274 423211
36 1327 14294 0 1777797274 423217
37 1410 14297 0 1777797274 423226
34 1274 34117 0 1777797274 431014
33 1260 10860 0 1777797274 434103
32 1345 18765 0 1777797274 441992
33 1261 7913 0 1777797274 442020
35 1219 31539 0 1777797274 442030
36 1328 56830 0 1777797274 480079
33 1262 39714 0 1777797274 481766
37 1411 112719 0 1777797274 535976
32 1346 98747 0 1777797274 540779
34 1275 109792 0 1777797274 540810
37 1412 10330 0 1777797274 546315
34 1276 13309 0 1777797274 554120
32 1347 15444 0 1777797274 556227
35 1220 118033 0 1777797274 560099
37 1413 16899 0 1777797274 563222
34 1277 9650 0 1777797274 563772
32 1348 23907 0 1777797274 580140
34 1278 16381 0 1777797274 580156
35 1221 20058 0 1777797274 580164
36 1329 100089 0 1777797274 580170
35 1222 9449 0 1777797274 589641
36 1330 9459 0 1777797274 589659
37 1414 26442 0 1777797274 589666
33 1263 108115 0 1777797274 589882
32 1349 80584 0 1777797274 660757
34 1279 80582 0 1777797274 660767
35 1223 71106 0 1777797274 660773
36 1331 71112 0 1777797274 660798
33 1264 72243 0 1777797274 662126
37 1415 72438 0 1777797274 662133
32 1350 10884 0 1777797274 671683
34 1280 10879 0 1777797274 671692
35 1224 10878 0 1777797274 671699
36 1332 14441 0 1777797274 675269
33 1265 17235 0 1777797274 679369
37 1416 17229 0 1777797274 679378
35 1225 10094 0 1777797274 681834
34 1281 10417 0 1777797274 682144
32 1351 10904 0 1777797274 682604
32 1352 13331 0 1777797274 695939
33 1266 16569 0 1777797274 695948
34 1282 14042 0 1777797274 696189
35 1226 14361 0 1777797274 696199
37 1417 16815 0 1777797274 696205
36 1333 22266 0 1777797274 697538
32 1353 9955 0 1777797274 706162
37 1418 9950 0 1777797274 706193
33 1267 10204 0 1777797274 706425
34 1283 14497 0 1777797274 710725
35 1227 14508 0 1777797274 710743
36 1334 13971 0 1777797274 711516
33 1268 16825 0 1777797274 723251
34 1284 12517 0 1777797274 723261
35 1228 12529 0 1777797274 723285
36 1335 11773 0 1777797274 723293
37 1419 17105 0 1777797274 723300
32 1354 31600 0 1777797274 737768
33 1269 15135 0 1777797274 738437
34 1285 15138 0 1777797274 738452
36 1336 15127 0 1777797274 738457
37 1420 15125 0 1777797274 738462
35 1229 16433 0 1777797274 739755
34 1286 9522 0 1777797274 748002
33 1270 10978 0 1777797274 749451
36 1337 10974 0 1777797274 749459
37 1421 10982 0 1777797274 749471
32 1355 17213 0 1777797274 755676
35 1230 15926 0 1777797274 755684
34 1287 9993 0 1777797274 757998
37 1422 8492 0 1777797274 758009
32 1356 7060 0 1777797274 762746
33 1271 13310 0 1777797274 762783
35 1231 7087 0 1777797274 762791
36 1338 13295 0 1777797274 762797
33 1272 8822 0 1777797274 771643
37 1423 13615 0 1777797274 771650
36 1339 11444 0 1777797274 774623
35 1232 13123 0 1777797274 775952
33 1273 17006 0 1777797274 788657
36 1340 14037 0 1777797274 788664
32 1357 30607 0 1777797274 793405
34 1288 35405 0 1777797274 793415
35 1233 17460 0 1777797274 793418
33 1274 17980 0 1777797274 806646
37 1424 34997 0 1777797274 806656
32 1358 15179 0 1777797274 808598
36 1341 20158 0 1777797274 808831
34 1289 15910 0 1777797274 809337
33 1275 4669 0 1777797274 811326
37 1425 5045 0 1777797274 811738
32 1359 3340 0 1777797274 811945
37 1426 1569 0 1777797274 813309
32 1360 1995 0 1777797274 813943
33 1276 4651 0 1777797274 815982
37 1427 3083 0 1777797274 816394
32 1361 2818 0 1777797274 816763
33 1277 2610 0 1777797274 818596
36 1342 9811 0 1777797274 818644
34 1290 11837 0 1777797274 821176
32 1362 5435 0 1777797274 822200
37 1428 5827 0 1777797274 822224
33 1278 4432 0 1777797274 823077
32 1363 3105 0 1777797274 825331
33 1279 2260 0 1777797274 825339
37 1429 4854 0 1777797274 827090
33 1280 2022 0 1777797274 827373
35 1234 33970 0 1777797274 827403
32 1364 2759 0 1777797274 828099
33 1281 1786 0 1777797274 829190
32 1365 2155 0 1777797274 830256
37 1430 4731 0 1777797274 831823
33 1282 8130 0 1777797274 837322
34 1291 16161 0 1777797274 837340
35 1235 9898 0 1777797274 837347
37 1431 5530 0 1777797274 837355
33 1283 2028 0 1777797274 839384
36 1343 21409 0 1777797274 840151
33 1284 6385 0 1777797274 845774
34 1292 8414 0 1777797274 845790
36 1344 5601 0 1777797274 845819
37 1432 8413 0 1777797274 845829
33 1285 4031 0 1777797274 849862
35 1236 12501 0 1777797274 849885
36 1345 4040 0 1777797274 849895
37 1433 4038 0 1777797274 849902
32 1366 23148 0 1777797274 853407
33 1286 10576 0 1777797274 860479
34 1293 14654 0 1777797274 860500
32 1367 8526 0 1777797274 861942
33 1287 2294 0 1777797274 862796
32 1368 3842 0 1777797274 865788
32 1369 2252 0 1777797274 868042
34 1294 9150 0 1777797274 869664
33 1288 9234 0 1777797274 872032
32 1370 7085 0 1777797274 875136
35 1237 27223 0 1777797274 877183
33 1289 5845 0 1777797274 877887
34 1295 8244 0 1777797274 877915
32 1371 3895 0 1777797274 879043
32 1372 3195 0 1777797274 882245
34 1296 10167 0 1777797274 888094
35 1238 10925 0 1777797274 888110
37 1434 38136 0 1777797274 888120
36 1346 39576 0 1777797274 889550
37 1435 6132 0 1777797274 894286
32 1373 13900 0 1777797274 896151
37 1436 5160 0 1777797274 899455
32 1374 10175 0 1777797274 906331
34 1297 18218 0 1777797274 906339
33 1290 34503 0 1777797274 912420
36 1347 22886 0 1777797274 912439
37 1437 12987 0 1777797274 912447
34 1298 6139 0 1777797274 912492
35 1239 24352 0 1777797274 912497
32 1375 12040 0 1777797274 918381
33 1291 5941 0 1777797274 918388
35 1240 5889 0 1777797274 918395
36 1348 5937 0 1777797274 918403
37 1438 5934 0 1777797274 918409
34 1299 10936 0 1777797274 923434
32 1376 9185 0 1777797274 927595
33 1292 9185 0 1777797274 927605
35 1241 9153 0 1777797274 927611
37 1439 9147 0 1777797274 927618
34 1300 5969 0 1777797274 929406
36 1349 12243 0 1777797274 930707
32 1377 12545 0 1777797274 940173
33 1293 12592 0 1777797274 940239
34 1301 10859 0 1777797274 940268
35 1242 12621 0 1777797274 940278
36 1350 9577 0 1777797274 940285
37 1440 12628 0 1777797274 940293
32 1378 24110 0 1777797274 964404
33 1294 24117 0 1777797274 964449
35 1243 24106 0 1777797274 964459
34 1302 24990 0 1777797274 965334
36 1351 24987 0 1777797274 965351
32 1379 10668 0 1777797274 975128
34 1303 9780 0 1777797274 975132
35 1244 10637 0 1777797274 975135
36 1352 9774 0 1777797274 975139
37 1441 34771 0 1777797274 975144
33 1295 11836 0 1777797274 976326
35 1245 4109 0 1777797274 979263
32 1380 7337 0 1777797274 982481
34 1304 7349 0 1777797274 982498
36 1353 7346 0 1777797274 982505
37 1442 7349 0 1777797274 982512
33 1296 14104 0 1777797274 990431
34 1305 7907 0 1777797274 990439
32 1381 8195 0 1777797274 990708
36 1354 8923 0 1777797274 991469
37 1443 8924 0 1777797274 991490
32 1382 7198 0 1777797274 997908
33 1297 7477 0 1777797274 997917
34 1306 8080 0 1777797274 998531
36 1355 7564 0 1777797274 999056
37 1444 8654 0 1777797275 171
32 1383 4006 0 1777797275 1925
33 1298 4004 0 1777797275 1946
35 1246 22874 0 1777797275 2139
34 1307 10966 0 1777797275 9499
36 1356 10461 0 1777797275 9519
37 1445 9351 0 1777797275 9525
32 1384 9310 0 1777797275 11451
33 1299 9243 0 1777797275 11454
35 1247 9235 0 1777797275 11458
37 1446 7899 0 1777797275 17460
34 1308 11792 0 1777797275 21318
36 1357 11792 0 1777797275 21335
33 1300 12411 0 1777797275 23875
32 1385 14101 0 1777797275 25561
35 1248 14132 0 1777797275 25599
37 1447 8180 0 1777797275 25641
36 1358 8006 0 1777797275 29394
37 1448 4118 0 1777797275 29761
34 1309 8801 0 1777797275 30151
32 1386 5319 0 1777797275 30919
37 1449 1992 0 1777797275 31754
34 1310 2244 0 1777797275 32399
32 1387 7782 0 1777797275 38708
34 1311 6317 0 1777797275 38718
35 1249 13107 0 1777797275 38724
36 1359 9344 0 1777797275 38740
37 1450 6992 0 1777797275 38748
36 1360 2356 0 1777797275 41219
37 1451 2915 0 1777797275 41785
37 1452 1244 0 1777797275 43035
34 1312 8571 0 1777797275 47411
32 1388 9803 0 1777797275 48553
36 1361 7339 0 1777797275 48561
37 1453 7219 0 1777797275 50259
34 1313 6324 0 1777797275 53746
36 1362 6127 0 1777797275 54704
36 1363 2849 0 1777797275 57554
37 1454 10405 0 1777797275 60667
36 1364 4882 0 1777797275 62439
34 1314 9609 0 1777797275 63357
34 1315 761 0 1777797275 64123
37 1455 3465 0 1777797275 64133
32 1389 17864 0 1777797275 66425
37 1456 2340 0 1777797275 66484
34 1316 4818 0 1777797275 68952
37 1457 2997 0 1777797275 69506
32 1390 4943 0 1777797275 71429
32 1391 8757 0 1777797275 80191
34 1317 11766 0 1777797275 80721
36 1365 18854 0 1777797275 81296
34 1318 801 0 1777797275 81524
35 1250 43409 0 1777797275 82264
32 1392 3648 0 1777797275 83841
32 1393 3787 0 1777797275 87630
37 1458 18129 0 1777797275 87637
37 1459 1589 0 1777797275 89238
37 1460 2104 0 1777797275 91348
33 1301 68137 0 1777797275 92020
32 1394 4708 0 1777797275 92346
35 1251 11569 0 1777797275 93835
37 1461 3460 0 1777797275 94811
32 1395 2944 0 1777797275 95292
33 1302 4543 0 1777797275 96567
36 1366 15862 0 1777797275 97161
32 1396 8099 0 1777797275 103393
33 1303 6842 0 1777797275 103411
35 1252 9891 0 1777797275 103730
34 1319 25964 0 1777797275 107490
32 1397 4481 0 1777797275 107894
35 1253 5341 0 1777797275 109072
33 1304 6203 0 1777797275 109638
36 1367 15482 0 1777797275 112647
32 1398 6859 0 1777797275 114758
35 1254 7631 0 1777797275 116705
33 1305 17634 0 1777797275 127276
37 1462 32466 0 1777797275 127283
32 1399 13822 0 1777797275 128587
34 1320 21101 0 1777797275 128594
35 1255 11892 0 1777797275 128599
36 1368 18331 0 1777797275 130983
32 1400 8754 0 1777797275 137354
33 1306 10081 0 1777797275 137364
32 1401 8880 0 1777797275 146245
34 1321 17655 0 1777797275 146264
37 1463 18980 0 1777797275 146271
36 1369 15946 0 1777797275 146936
35 1256 19176 0 1777797275 147793
32 1402 13556 0 1777797275 159829
33 1307 22455 0 1777797275 159840
37 1464 13552 0 1777797275 159849
35 1257 12389 0 1777797275 160183
34 1322 16335 0 1777797275 162624
36 1370 15699 0 1777797275 162637
32 1403 5744 0 1777797275 165594
33 1308 5744 0 1777797275 165608
33 1309 7811 0 1777797275 173433
35 1258 13257 0 1777797275 173441
37 1465 13584 0 1777797275 173455
34 1323 10862 0 1777797275 173500
32 1404 12429 0 1777797275 178038
36 1371 15396 0 1777797275 178049
33 1310 15191 0 1777797275 188648
35 1259 15208 0 1777797275 188680
37 1466 15206 0 1777797275 188688
36 1372 14988 0 1777797275 193049
32 1405 17480 0 1777797275 195529
34 1324 22033 0 1777797275 195534
33 1311 11952 0 1777797275 200641
35 1260 17882 0 1777797275 206590
36 1373 13560 0 1777797275 206612
37 1467 17896 0 1777797275 206621
32 1406 11815 0 1777797275 207349
34 1325 12210 0 1777797275 207751
33 1312 15677 0 1777797275 216323
35 1261 12163 0 1777797275 218785
37 1468 14941 0 1777797275 221582
32 1407 17921 0 1777797275 225272
32 1408 13288 0 1777797275 238567
34 1326 30823 0 1777797275 238576
35 1262 19796 0 1777797275 238583
36 1374 31958 0 1777797275 238591
37 1469 17067 0 1777797275 238651
33 1313 29401 0 1777797275 245726
35 1263 7066 0 1777797275 245746
32 1409 10651 0 1777797275 249303
37 1470 10607 0 1777797275 249311
36 1375 12734 0 1777797275 251429
33 1314 6508 0 1777797275 252257
35 1264 6495 0 1777797275 252262
34 1327 16248 0 1777797275 254920
37 1471 9282 0 1777797275 258606
32 1410 10793 0 1777797275 260105
33 1315 12697 0 1777797275 264961
36 1376 13546 0 1777797275 264978
34 1328 10983 0 1777797275 265917
32 1411 6788 0 1777797275 266897
33 1316 9153 0 1777797275 274132
35 1265 21876 0 1777797275 274147
36 1377 9126 0 1777797275 274154
37 1472 15554 0 1777797275 274164
32 1412 8765 0 1777797275 275665
34 1329 9752 0 1777797275 275672
37 1473 15820 0 1777797275 290023
32 1413 20975 0 1777797275 296650
35 1266 22511 0 1777797275 296693
34 1330 33891 0 1777797275 309575
36 1378 35418 0 1777797275 309612
33 1317 37064 0 1777797275 311230
32 1414 32545 0 1777797275 329205
34 1331 19598 0 1777797275 329211
35 1267 32522 0 1777797275 329216
36 1379 19587 0 1777797275 329221
37 1474 39201 0 1777797275 329225
35 1268 8856 0 1777797275 338096
34 1332 14313 0 1777797275 343546
35 1269 5448 0 1777797275 343557
36 1380 14332 0 1777797275 343577
32 1415 14387 0 1777797275 343613
37 1475 19694 0 1777797275 348951
34 1333 6715 0 1777797275 350295
35 1270 10716 0 1777797275 354307
36 1381 10732 0 1777797275 354330
34 1334 11869 0 1777797275 362171
33 1318 76338 0 1777797275 387578
36 1382 33301 0 1777797275 387644
34 1335 25628 0 1777797275 387802
35 1271 33670 0 1777797275 388001
33 1319 8857 0 1777797275 396504
34 1336 8523 0 1777797275 396526
35 1272 8528 0 1777797275 396552
36 1383 8900 0 1777797275 396576
32 1416 73099 0 1777797275 416713
35 1273 20149 0 1777797275 416793
37 1476 67847 0 1777797275 416802
35 1274 6609 0 1777797275 423454
35 1275 5312 0 1777797275 428769
37 1477 15668 0 1777797275 432531
32 1417 18478 0 1777797275 435281
35 1276 8115 0 1777797275 436888
34 1337 41466 0 1777797275 438098
36 1384 42213 0 1777797275 438865
35 1277 4522 0 1777797275 441426
32 1418 9241 0 1777797275 444530
35 1278 9845 0 1777797275 451273
36 1385 13253 0 1777797275 452121
35 1279 11414 0 1777797275 462692
36 1386 11572 0 1777797275 463697
35 1280 7172 0 1777797275 469868
36 1387 6187 0 1777797275 469889
35 1281 4929 0 1777797275 474819
36 1388 4915 0 1777797275 474829
36 1389 4408 0 1777797275 479249
36 1390 1465 0 1777797275 480716
36 1391 8245 0 1777797275 488963
36 1392 9031 0 1777797275 498002
35 1282 30778 0 1777797275 505608
33 1320 110720 0 1777797275 507299
34 1338 74935 0 1777797275 513036
37 1478 80517 0 1777797275 513052
32 1419 69876 0 1777797275 514418
33 1321 11515 0 1777797275 518825
35 1283 13451 0 1777797275 519061
32 1420 7574 0 1777797275 522000
36 1393 24005 0 1777797275 522016
37 1479 8946 0 1777797275 522022
34 1339 9675 0 1777797275 522728
32 1421 18888 0 1777797275 540911
34 1340 18202 0 1777797275 540933
37 1480 18702 0 1777797275 540941
36 1394 18844 0 1777797275 541008
33 1322 38428 0 1777797275 557262
34 1341 16297 0 1777797275 557271
33 1323 22247 0 1777797275 579519
36 1395 38516 0 1777797275 579527
32 1422 39989 0 1777797275 580931
32 1423 10610 0 1777797275 591543
34 1342 34264 0 1777797275 591550
35 1284 72504 0 1777797275 591567
36 1396 12035 0 1777797275 591576
37 1481 54868 0 1777797275 595855
35 1285 8161 0 1777797275 599767
36 1397 24774 0 1777797275 616389
34 1343 51269 0 1777797275 642859
35 1286 43097 0 1777797275 642865
36 1398 26480 0 1777797275 642870
37 1482 47019 0 1777797275 642876
32 1424 112587 0 1777797275 704165
34 1344 61301 0 1777797275 704178
35 1287 61305 0 1777797275 704188
36 1399 61308 0 1777797275 704197
37 1483 61311 0 1777797275 704205
33 1324 129638 0 1777797275 709166
36 1400 11155 0 1777797275 715402
34 1345 17250 0 1777797275 721471
37 1484 17201 0 1777797275 721490
32 1425 21566 0 1777797275 725772
35 1288 21558 0 1777797275 725791
33 1325 16658 0 1777797275 725828
36 1401 21885 0 1777797275 737290
34 1346 18057 0 1777797275 739548
37 1485 21246 0 1777797275 742775
32 1426 18732 0 1777797275 744524
36 1402 11106 0 1777797275 748398
37 1486 5628 0 1777797275 748407
34 1347 11319 0 1777797275 750871
35 1289 30225 0 1777797275 756027
33 1326 35452 0 1777797275 761282
36 1403 67795 0 1777797275 816203
32 1427 77305 0 1777797275 821835
33 1327 60557 0 1777797275 821842
35 1290 65819 0 1777797275 821850
37 1487 73434 0 1777797275 821856
34 1348 71908 0 1777797275 822787
32 1428 5842 0 1777797275 827699
36 1404 11496 0 1777797275 827706
33 1328 14395 0 1777797275 836262
34 1349 13482 0 1777797275 836271
35 1291 14402 0 1777797275 836277
36 1405 8558 0 1777797275 836283
37 1488 14393 0 1777797275 836289
32 1429 17304 0 1777797275 845011
33 1329 8729 0 1777797275 845019
37 1489 8709 0 1777797275 845026
32 1430 13365 0 1777797275 858393
33 1330 13371 0 1777797275 858408
34 1350 22121 0 1777797275 858419
35 1292 22121 0 1777797275 858425
36 1406 22120 0 1777797275 858431
37 1490 13392 0 1777797275 858438
36 1407 13751 0 1777797275 872356
37 1491 13755 0 1777797275 872366
32 1431 22073 0 1777797275 880512
34 1351 21941 0 1777797275 880520
35 1293 21933 0 1777797275 880527
33 1331 24456 0 1777797275 882932
37 1492 10567 0 1777797275 882948
36 1408 14322 0 1777797275 886690
33 1332 45287 0 1777797275 928236
34 1352 47734 0 1777797275 928270
32 1432 55659 0 1777797275 936187
35 1294 55650 0 1777797275 936195
37 1493 53244 0 1777797275 936203
33 1333 21749 0 1777797275 950021
35 1295 20564 0 1777797275 956776
36 1409 72148 0 1777797275 958845
37 1494 25157 0 1777797275 961377
32 1433 39138 0 1777797275 975343
33 1334 25414 0 1777797275 975437
34 1353 47155 0 1777797275 975445
36 1410 23530 0 1777797275 982377
32 1434 14588 0 1777797275 990035
34 1354 14579 0 1777797275 990043
37 1495 28674 0 1777797275 990053
33 1335 22437 0 1777797275 997893
35 1296 41120 0 1777797275 997904
37 1496 17531 0 1777797276 7641
36 1411 33136 0 1777797276 15515
32 1435 25818 0 1777797276 15872
34 1355 30555 0 1777797276 20628
36 1412 8718 0 1777797276 24240
33 1336 27064 0 1777797276 24969
37 1497 23134 0 1777797276 30781
33 1337 11736 0 1777797276 36713
36 1413 12498 0 1777797276 36743
36 1414 8083 0 1777797276 44863
33 1338 9154 0 1777797276 45900
34 1356 25844 0 1777797276 46484
37 1498 15724 0 1777797276 46509
32 1436 31247 0 1777797276 47122
35 1297 50660 0 1777797276 48577
33 1339 12678 0 1777797276 58581
36 1415 13726 0 1777797276 58594
37 1499 12082 0 1777797276 58603
32 1437 17050 0 1777797276 64174
35 1298 15604 0 1777797276 64183
34 1357 18491 0 1777797276 65001
32 1438 9841 0 1777797276 74025
36 1416 15415 0 1777797276 74036
37 1500 17358 0 1777797276 75990
33 1340 18793 0 1777797276 77397
34 1358 15747 0 1777797276 80750
35 1299 16565 0 1777797276 80758
32 1439 13214 0 1777797276 87252
33 1341 9870 0 1777797276 87271
36 1417 13232 0 1777797276 87281
37 1501 11294 0 1777797276 87288
35 1300 9821 0 1777797276 90592
32 1440 8838 0 1777797276 96127
36 1418 9408 0 1777797276 96729
33 1342 9922 0 1777797276 97231
37 1502 10313 0 1777797276 97641
35 1301 9104 0 1777797276 99701
34 1359 23095 0 1777797276 103854
36 1419 14064 0 1777797276 110798
33 1343 14789 0 1777797276 112024
35 1302 14465 0 1777797276 114168
37 1503 19387 0 1777797276 117031
32 1441 20952 0 1777797276 117084
33 1344 12623 0 1777797276 124651
36 1420 13858 0 1777797276 124660
34 1360 20887 0 1777797276 125065
33 1345 15775 0 1777797276 140436
34 1361 15388 0 1777797276 140455
36 1421 15805 0 1777797276 140475
32 1442 24060 0 1777797276 141153
33 1346 8474 0 1777797276 148950
36 1422 8426 0 1777797276 148963
32 1443 23117 0 1777797276 164283
34 1362 23795 0 1777797276 164321
35 1303 50201 0 1777797276 164372
37 1504 47339 0 1777797276 164382
33 1347 33336 0 1777797276 182301
32 1444 23855 0 1777797276 188238
35 1304 23980 0 1777797276 188397
34 1363 249867 0 1777797276 414275
37 1505 249917 0 1777797276 414345
36 1423 299019 0 1777797276 447999
37 1506 59255 0 1777797276 473731
34 1364 95183 0 1777797276 509571
36 1424 62663 0 1777797276 510664
32 1445 335757 0 1777797276 524000
33 1348 341717 0 1777797276 524020
36 1425 13358 0 1777797276 524028
34 1365 15878 0 1777797276 525452
33 1349 7556 0 1777797276 531630
36 1426 8174 0 1777797276 532258
33 1350 3012 0 1777797276 534645
33 1351 7123 0 1777797276 541778
36 1427 13260 0 1777797276 545521
33 1352 15208 0 1777797276 556992
36 1428 11481 0 1777797276 557003
37 1507 90605 0 1777797276 564339
35 1305 377619 0 1777797276 566019
37 1508 5533 0 1777797276 569874
35 1306 4567 0 1777797276 570589
34 1366 49880 0 1777797276 575334
34 1367 4195 0 1777797276 579545
35 1307 8959 0 1777797276 579553
32 1446 58833 0 1777797276 582863
34 1368 3360 0 1777797276 582915
32 1447 2661 0 1777797276 585526
34 1369 3664 0 1777797276 586582
32 1448 2452 0 1777797276 587981
37 1509 18114 0 1777797276 587990
35 1308 14279 0 1777797276 593843
36 1429 36846 0 1777797276 593862
34 1370 7300 0 1777797276 593884
33 1353 37293 0 1777797276 594297
33 1354 10745 0 1777797276 605044
34 1371 11184 0 1777797276 605069
32 1449 18021 0 1777797276 606012
35 1309 12157 0 1777797276 606020
36 1430 12154 0 1777797276 606026
37 1510 18426 0 1777797276 606429
32 1450 7431 0 1777797276 613458
33 1355 8396 0 1777797276 613467
34 1372 8389 0 1777797276 613474
35 1310 7445 0 1777797276 613481
36 1431 8123 0 1777797276 614166
33 1356 3537 0 1777797276 617057
36 1432 4884 0 1777797276 619052
34 1373 9962 0 1777797276 623490
33 1357 7745 0 1777797276 624804
33 1358 2618 0 1777797276 627424
32 1451 13962 0 1777797276 627445
32 1452 5130 0 1777797276 632576
33 1359 5156 0 1777797276 632584
33 1360 4462 0 1777797276 637058
36 1433 23313 0 1777797276 642367
34 1374 21431 0 1777797276 644923
32 1453 12468 0 1777797276 645054
32 1454 5967 0 1777797276 651022
36 1434 8303 0 1777797276 651028
32 1455 15382 0 1777797276 666410
33 1361 29356 0 1777797276 666417
34 1375 21498 0 1777797276 666423
35 1311 52893 0 1777797276 666428
36 1435 15397 0 1777797276 666431
37 1511 60003 0 1777797276 666434
32 1456 3289 0 1777797276 669725
36 1436 4709 0 1777797276 671169
37 1512 4960 0 1777797276 671425
36 1437 1584 0 1777797276 672755
37 1513 1671 0 1777797276 673097
32 1457 4394 0 1777797276 674126
36 1438 3742 0 1777797276 676504
33 1362 12536 0 1777797276 678979
37 1514 5887 0 1777797276 678988
34 1376 13648 0 1777797276 680099
33 1363 3282 0 1777797276 682270
36 1439 5776 0 1777797276 682286
32 1458 9483 0 1777797276 683612
37 1515 4622 0 1777797276 683622
32 1459 2955 0 1777797276 686578
33 1364 4299 0 1777797276 686586
32 1460 4786 0 1777797276 691375
32 1461 2254 0 1777797276 693632
36 1440 11671 0 1777797276 693975
32 1462 5049 0 1777797276 698685
32 1463 1872 0 1777797276 700560
34 1377 21714 0 1777797276 701815
33 1365 16158 0 1777797276 702763
34 1378 1491 0 1777797276 703309
37 1516 20174 0 1777797276 703812
36 1441 11412 0 1777797276 705389
36 1442 2834 0 1777797276 708233
32 1464 11385 0 1777797276 711948
37 1517 12719 0 1777797276 716541
35 1312 52208 0 1777797276 718663
32 1465 10411 0 1777797276 722362
34 1379 21303 0 1777797276 724614
36 1443 18105 0 1777797276 726341
34 1380 2415 0 1777797276 727035
34 1381 2195 0 1777797276 729233
32 1466 7968 0 1777797276 730333
34 1382 4693 0 1777797276 733928
36 1444 7591 0 1777797276 733936
35 1313 16002 0 1777797276 734667
37 1518 19886 0 1777797276 736430
34 1383 3002 0 1777797276 736939
35 1314 2847 0 1777797276 737515
37 1519 2331 0 1777797276 738765
36 1445 7985 0 1777797276 741931
35 1315 12316 0 1777797276 749833
37 1520 11071 0 1777797276 749840
36 1446 8516 0 1777797276 750449
33 1366 47785 0 1777797276 750554
34 1384 14328 0 1777797276 751270
32 1467 26028 0 1777797276 756365
37 1521 10566 0 1777797276 760433
35 1316 13980 0 1777797276 763821
34 1385 21115 0 1777797276 772388
33 1367 22289 0 1777797276 772845
32 1468 21996 0 1777797276 778362
34 1386 5989 0 1777797276 778379
35 1317 14563 0 1777797276 778386
33 1368 7678 0 1777797276 780527
37 1522 20105 0 1777797276 780540
36 1447 31433 0 1777797276 781896
32 1469 8216 0 1777797276 786604
34 1387 8229 0 1777797276 786625
35 1318 9736 0 1777797276 788139
37 1523 7592 0 1777797276 788148
32 1470 5398 0 1777797276 792025
33 1369 11490 0 1777797276 792031
34 1388 5398 0 1777797276 792038
36 1448 10148 0 1777797276 792045
37 1524 6564 0 1777797276 794727
35 1319 9509 0 1777797276 797659
32 1471 10078 0 1777797276 802124
33 1370 10079 0 1777797276 802133
34 1389 10078 0 1777797276 802139
35 1320 11209 0 1777797276 808875
36 1449 16825 0 1777797276 808893
37 1525 14170 0 1777797276 808901
32 1472 8576 0 1777797276 810716
33 1371 8571 0 1777797276 810727
34 1390 8568 0 1777797276 810733
32 1473 13746 0 1777797276 824480
33 1372 13744 0 1777797276 824491
34 1391 13771 0 1777797276 824526
35 1321 15639 0 1777797276 824541
36 1450 15636 0 1777797276 824548
37 1526 15629 0 1777797276 824555
32 1474 18790 0 1777797276 843347
33 1373 18780 0 1777797276 843355
34 1392 18779 0 1777797276 843362
35 1322 18769 0 1777797276 843368
36 1451 18767 0 1777797276 843375
37 1527 18765 0 1777797276 843382
32 1475 12612 0 1777797276 855995
33 1374 12608 0 1777797276 855999
34 1393 12605 0 1777797276 856003
36 1452 12595 0 1777797276 856007
35 1323 15643 0 1777797276 859048
37 1528 19202 0 1777797276 862625
33 1375 10824 0 1777797276 866837
34 1394 10828 0 1777797276 866844
36 1453 10830 0 1777797276 866850
32 1476 19835 0 1777797276 875842
35 1324 16814 0 1777797276 875865
37 1529 13241 0 1777797276 875875
33 1376 10121 0 1777797276 876972
34 1395 10129 0 1777797276 876990
36 1454 10672 0 1777797276 877540
35 1325 7404 0 1777797276 883299
37 1530 7340 0 1777797276 883306
32 1477 10140 0 1777797276 886016
34 1396 11254 0 1777797276 888258
33 1377 12305 0 1777797276 889297
36 1455 13425 0 1777797276 890967
32 1478 10644 0 1777797276 896674
35 1326 13393 0 1777797276 896700
34 1397 9607 0 1777797276 897868
37 1531 14560 0 1777797276 897877
33 1378 10631 0 1777797276 899931
36 1456 12077 0 1777797276 903113
32 1479 9603 0 1777797276 906304
36 1457 4623 0 1777797276 907737
33 1379 48259 0 1777797276 948193
35 1327 51476 0 1777797276 948199
37 1532 50276 0 1777797276 948223
32 1480 44607 0 1777797276 950915
34 1398 53056 0 1777797276 950934
37 1533 3068 0 1777797276 951292
37 1534 3535 0 1777797276 954831
34 1399 13634 0 1777797276 964586
35 1328 16384 0 1777797276 964593
37 1535 9766 0 1777797276 964599
32 1481 21693 0 1777797276 972628
37 1536 8024 0 1777797276 972640
35 1329 10981 0 1777797276 975591
37 1537 8841 0 1777797276 981500
32 1482 9476 0 1777797276 982117
33 1380 33925 0 1777797276 982125
36 1458 74393 0 1777797276 982134
34 1400 18189 0 1777797276 982789
35 1330 14184 0 1777797276 989778
37 1538 8602 0 1777797276 990111
33 1381 11059 0 1777797276 993206
34 1401 10423 0 1777797276 993214
33 1382 8503 0 1777797277 1720
34 1402 8504 0 1777797277 1731
37 1539 14073 0 1777797277 4187
35 1331 15150 0 1777797277 4930
37 1540 8837 0 1777797277 13036
34 1403 15945 0 1777797277 17690
35 1332 12776 0 1777797277 17708
33 1383 18575 0 1777797277 20318
37 1541 7295 0 1777797277 20333
34 1404 6792 0 1777797277 24501
35 1333 6777 0 1777797277 24510
32 1483 47051 0 1777797277 29188
37 1542 8856 0 1777797277 29207
33 1384 12366 0 1777797277 32700
34 1405 8192 0 1777797277 32704
35 1334 8184 0 1777797277 32707
36 1459 50557 0 1777797277 32711
32 1484 6984 0 1777797277 36192
37 1543 6979 0 1777797277 36210
34 1406 7472 0 1777797277 40191
36 1460 7480 0 1777797277 40206
35 1335 10144 0 1777797277 42866
32 1485 7120 0 1777797277 43331
33 1385 10643 0 1777797277 43355
37 1544 7178 0 1777797277 43400
33 1386 8961 0 1777797277 52344
36 1461 12144 0 1777797277 52361
32 1486 9919 0 1777797277 53275
34 1407 13083 0 1777797277 53291
35 1336 10435 0 1777797277 53303
37 1545 9908 0 1777797277 53309
32 1487 9814 0 1777797277 63124
33 1387 10769 0 1777797277 63132
34 1408 9818 0 1777797277 63139
36 1462 10809 0 1777797277 63191
37 1546 9859 0 1777797277 63197
35 1337 10231 0 1777797277 63561
32 1488 13602 0 1777797277 76742
33 1388 13588 0 1777797277 76754
35 1338 13294 0 1777797277 76857
36 1463 13669 0 1777797277 76867
34 1409 13735 0 1777797277 76908
37 1547 13708 0 1777797277 76914
32 1489 15776 0 1777797277 92645
33 1389 15770 0 1777797277 92650
34 1410 15740 0 1777797277 92654
35 1339 15770 0 1777797277 92658
36 1464 15767 0 1777797277 92661
37 1548 15743 0 1777797277 92665
34 1411 11435 0 1777797277 104112
36 1465 11439 0 1777797277 104125
37 1549 11442 0 1777797277 104132
33 1390 12051 0 1777797277 104725
35 1340 12050 0 1777797277 104732
32 1490 12178 0 1777797277 104844
32 1491 6998 0 1777797277 111845
33 1391 7119 0 1777797277 111852
34 1412 7725 0 1777797277 111858
35 1341 7120 0 1777797277 111864
36 1466 7720 0 1777797277 111870
37 1550 7716 0 1777797277 111875
36 1467 4246 0 1777797277 116261
37 1551 4244 0 1777797277 116268
34 1413 5922 0 1777797277 117860
35 1342 7659 0 1777797277 119667
33 1392 7801 0 1777797277 119699
32 1492 9575 0 1777797277 121451
36 1468 12164 0 1777797277 128433
37 1552 12161 0 1777797277 128441
33 1393 8791 0 1777797277 128491
34 1414 10641 0 1777797277 128505
32 1493 8513 0 1777797277 129966
35 1343 10303 0 1777797277 129973
33 1394 10682 0 1777797277 139189
36 1469 10764 0 1777797277 139206
34 1415 11303 0 1777797277 139818
37 1553 11351 0 1777797277 139827
32 1494 10094 0 1777797277 140068
35 1344 10675 0 1777797277 140658
33 1395 7904 0 1777797277 147111
36 1470 7902 0 1777797277 147118
37 1554 7528 0 1777797277 147365
32 1495 9093 0 1777797277 149163
33 1396 6322 0 1777797277 153441
34 1416 13627 0 1777797277 153455
35 1345 12803 0 1777797277 153463
36 1471 6345 0 1777797277 153472
34 1417 3849 0 1777797277 157336
35 1346 3848 0 1777797277 157346
36 1472 3846 0 1777797277 157352
32 1496 8622 0 1777797277 157789
36 1473 4766 0 1777797277 162141
37 1555 14783 0 1777797277 162149
33 1397 8954 0 1777797277 162427
32 1497 8450 0 1777797277 166241
34 1418 8897 0 1777797277 166250
37 1556 4097 0 1777797277 166256
35 1347 13675 0 1777797277 171042
36 1474 9426 0 1777797277 171576
32 1498 10580 0 1777797277 176838
33 1398 14360 0 1777797277 176847
34 1419 11570 0 1777797277 177838
35 1348 7180 0 1777797277 178224
34 1420 3458 0 1777797277 181300
32 1499 5803 0 1777797277 182651
35 1349 4432 0 1777797277 182658
33 1399 7976 0 1777797277 184859
34 1421 7217 0 1777797277 188523
37 1557 22282 0 1777797277 188559
32 1500 6332 0 1777797277 188991
35 1350 8061 0 1777797277 190732
32 1501 2261 0 1777797277 191253
33 1400 6427 0 1777797277 191289
34 1422 3756 0 1777797277 192288
35 1351 3232 0 1777797277 193969
32 1502 3035 0 1777797277 194290
33 1401 6236 0 1777797277 197526
33 1402 4565 0 1777797277 202094
32 1503 12319 0 1777797277 206610
33 1403 4527 0 1777797277 206627
35 1352 12664 0 1777797277 206636
34 1423 20951 0 1777797277 213240
33 1404 7244 0 1777797277 213893
35 1353 7243 0 1777797277 213910
37 1558 25359 0 1777797277 213920
32 1504 9454 0 1777797277 216091
36 1475 46840 0 1777797277 218421
32 1505 8631 0 1777797277 224724
33 1405 10807 0 1777797277 224728
35 1354 11192 0 1777797277 225136
36 1476 9872 0 1777797277 228294
34 1424 15740 0 1777797277 228983
35 1355 7046 0 1777797277 232183
33 1406 8225 0 1777797277 232959
34 1425 8723 0 1777797277 237708
32 1506 14453 0 1777797277 239181
34 1426 38319 0 1777797277 276474
35 1356 45815 0 1777797277 278001
36 1477 50439 0 1777797277 278741
32 1507 40645 0 1777797277 279835
34 1427 5372 0 1777797277 281954
35 1357 5161 0 1777797277 283168
36 1478 6917 0 1777797277 285666
32 1508 6730 0 1777797277 286570
34 1428 4623 0 1777797277 286582
35 1358 8175 0 1777797277 291346
34 1429 6065 0 1777797277 292661
36 1479 7677 0 1777797277 293346
37 1559 82586 0 1777797277 296541
32 1509 11817 0 1777797277 298400
33 1407 65447 0 1777797277 298408
34 1430 9786 0 1777797277 302455
35 1359 11111 0 1777797277 302460
36 1480 10133 0 1777797277 303480
37 1560 9155 0 1777797277 305697
36 1481 8988 0 1777797277 312470
33 1408 14584 0 1777797277 313007
34 1431 12304 0 1777797277 314765
32 1510 18033 0 1777797277 316443
35 1360 13975 0 1777797277 316447
34 1432 4764 0 1777797277 319532
37 1561 17956 0 1777797277 323659
34 1433 4458 0 1777797277 323993
35 1361 12001 0 1777797277 328455
36 1482 15994 0 1777797277 328466
37 1562 4813 0 1777797277 328474
32 1511 13931 0 1777797277 330379
34 1434 7185 0 1777797277 331180
37 1563 2689 0 1777797277 331187
35 1362 3375 0 1777797277 331850
36 1483 7305 0 1777797277 335794
37 1564 5143 0 1777797277 336342
32 1512 7422 0 1777797277 337804
37 1565 2291 0 1777797277 338635
36 1484 4274 0 1777797277 340071
33 1409 32674 0 1777797277 345684
36 1485 5619 0 1777797277 345691
37 1566 7058 0 1777797277 345696
37 1567 6913 0 1777797277 352750
36 1486 10337 0 1777797277 356043
37 1568 3290 0 1777797277 356050
32 1513 19000 0 1777797277 356813
33 1410 12698 0 1777797277 358395
35 1363 29322 0 1777797277 361174
37 1569 6341 0 1777797277 362400
32 1514 9264 0 1777797277 366080
34 1435 34903 0 1777797277 366091
35 1364 4922 0 1777797277 366098
36 1487 10057 0 1777797277 366107
33 1411 9410 0 1777797277 367809
37 1570 7853 0 1777797277 370259
36 1488 5586 0 1777797277 371723
33 1412 4399 0 1777797277 372210
36 1489 3648 0 1777797277 375374
32 1515 12355 0 1777797277 378463
35 1365 12341 0 1777797277 378471
37 1571 8217 0 1777797277 378478
32 1516 2963 0 1777797277 381442
34 1436 15332 0 1777797277 381455
35 1366 4295 0 1777797277 382785
37 1572 4733 0 1777797277 383231
36 1490 11223 0 1777797277 386598
33 1413 17170 0 1777797277 389382
37 1573 6157 0 1777797277 389390
35 1367 7394 0 1777797277 390181
34 1437 10970 0 1777797277 392454
33 1414 3312 0 1777797277 392703
37 1574 4769 0 1777797277 394185
34 1438 2826 0 1777797277 395282
34 1439 1775 0 1777797277 397060
36 1491 10673 0 1777797277 397273
36 1492 1495 0 1777797277 398771
35 1368 9031 0 1777797277 399214
37 1575 5032 0 1777797277 399221
37 1576 2360 0 1777797277 401592
33 1415 11849 0 1777797277 404553
34 1440 7508 0 1777797277 404570
35 1369 7287 0 1777797277 406510
36 1493 7744 0 1777797277 406517
32 1517 25421 0 1777797277 406877
37 1577 6460 0 1777797277 408054
33 1416 8841 0 1777797277 413466
36 1494 6953 0 1777797277 413482
32 1518 7123 0 1777797277 414003
34 1441 9371 0 1777797277 414009
35 1370 7498 0 1777797277 414015
35 1371 2572 0 1777797277 416652
32 1519 4555 0 1777797277 418571
34 1442 4527 0 1777797277 418578
37 1578 10529 0 1777797277 418585
35 1372 4870 0 1777797277 421530
33 1417 8919 0 1777797277 422402
35 1373 1032 0 1777797277 422565
34 1443 5761 0 1777797277 424359
32 1520 10348 0 1777797277 428934
33 1418 6538 0 1777797277 428942
36 1495 15450 0 1777797277 428949
34 1444 6050 0 1777797277 430413
35 1374 7854 0 1777797277 430420
37 1579 14292 0 1777797277 432899
36 1496 9607 0 1777797277 438590
37 1580 5697 0 1777797277 438598
36 1497 1342 0 1777797277 439941
33 1419 23190 0 1777797277 452165
36 1498 12265 0 1777797277 452210
35 1375 26294 0 1777797277 456733
36 1499 7969 0 1777797277 460192
34 1445 33113 0 1777797277 463535
33 1420 13410 0 1777797277 465621
35 1376 9138 0 1777797277 465873
37 1581 29846 0 1777797277 468453
33 1421 3680 0 1777797277 469305
35 1377 8893 0 1777797277 474769
36 1500 16143 0 1777797277 476337
35 1378 10638 0 1777797277 485409
32 1521 60915 0 1777797277 489865
35 1379 10031 0 1777797277 495443
34 1446 32112 0 1777797277 495649
33 1422 28525 0 1777797277 497835
37 1582 30535 0 1777797277 498990
32 1522 10641 0 1777797277 500510
33 1423 4716 0 1777797277 502555
35 1380 7110 0 1777797277 502562
36 1501 27798 0 1777797277 504137
32 1523 6486 0 1777797277 506998
37 1583 8012 0 1777797277 507005
32 1524 2020 0 1777797277 509027
34 1447 14136 0 1777797277 509788
37 1584 5304 0 1777797277 512319
33 1424 11074 0 1777797277 513637
32 1525 5190 0 1777797277 514220
34 1448 4437 0 1777797277 514227
35 1381 11694 0 1777797277 514270
37 1585 3167 0 1777797277 515488
33 1425 3234 0 1777797277 516873
32 1526 2690 0 1777797277 516919
34 1449 5867 0 1777797277 520106
37 1586 6506 0 1777797277 521996
35 1382 10479 0 1777797277 524751
33 1426 8281 0 1777797277 525156
34 1450 8645 0 1777797277 528753
35 1383 4007 0 1777797277 528761
37 1587 11263 0 1777797277 533263
36 1502 29914 0 1777797277 534061
32 1527 18006 0 1777797277 534926
36 1503 5215 0 1777797277 539280
37 1588 6421 0 1777797277 539695
37 1589 2247 0 1777797277 541946
32 1528 7742 0 1777797277 542671
37 1590 908 0 1777797277 542857
37 1591 1707 0 1777797277 544566
37 1592 1258 0 1777797277 545827
32 1529 3473 0 1777797277 546149
36 1504 8980 0 1777797277 548263
37 1593 2825 0 1777797277 548655
34 1451 20046 0 1777797277 548808
35 1384 24275 0 1777797277 553047
34 1452 5924 0 1777797277 554735
35 1385 5792 0 1777797277 558847
34 1453 4252 0 1777797277 558993
32 1530 13827 0 1777797277 559979
34 1454 2397 0 1777797277 561394
37 1594 14566 0 1777797277 563223
37 1595 8539 0 1777797277 571764
34 1455 10429 0 1777797277 571826
35 1386 13067 0 1777797277 571918
32 1531 11951 0 1777797277 571936
33 1427 46795 0 1777797277 571953
36 1505 24286 0 1777797277 572551
37 1596 3859 0 1777797277 575634
35 1387 8150 0 1777797277 580069
34 1456 9305 0 1777797277 581134
37 1597 5504 0 1777797277 581143
32 1532 13986 0 1777797277 585924
37 1598 5144 0 1777797277 586300
37 1599 1600 0 1777797277 587903
32 1533 2013 0 1777797277 587939
36 1506 15439 0 1777797277 587995
32 1534 5939 0 1777797277 593879
37 1600 7491 0 1777797277 595404
34 1457 14819 0 1777797277 595963
35 1388 16965 0 1777797277 597043
34 1458 2266 0 1777797277 598232
36 1507 12205 0 1777797277 600202
37 1601 4872 0 1777797277 600281
32 1535 9624 0 1777797277 603509
37 1602 6122 0 1777797277 606405
34 1459 9130 0 1777797277 607365
33 1428 37807 0 1777797277 609761
35 1389 12722 0 1777797277 609769
36 1508 9570 0 1777797277 609774
37 1603 5611 0 1777797277 612019
36 1509 4959 0 1777797277 614755
37 1604 2766 0 1777797277 614788
35 1390 5721 0 1777797277 615511
33 1429 8552 0 1777797277 618328
32 1536 15407 0 1777797277 618920
37 1605 5087 0 1777797277 619876
37 1606 4012 0 1777797277 623894
36 1510 9924 0 1777797277 624681
37 1607 4253 0 1777797277 628209
36 1511 5847 0 1777797277 630530
36 1512 1403 0 1777797277 631936
35 1391 17541 0 1777797277 633054
33 1430 15553 0 1777797277 633888
37 1608 6543 0 1777797277 634755
34 1460 28513 0 1777797277 635880
36 1513 4069 0 1777797277 636007
32 1537 17906 0 1777797277 636831
33 1431 3432 0 1777797277 637328
36 1514 2352 0 1777797277 638360
37 1609 3625 0 1777797277 638381
37 1610 4824 0 1777797277 643216
36 1515 5276 0 1777797277 643658
33 1432 7779 0 1777797277 645110
33 1433 2572 0 1777797277 647685
36 1516 5976 0 1777797277 649637
32 1538 14393 0 1777797277 651226
34 1461 15351 0 1777797277 651233
33 1434 3838 0 1777797277 651526
36 1517 3405 0 1777797277 653045
35 1392 21553 0 1777797277 654609
37 1611 11406 0 1777797277 654624
33 1435 6424 0 1777797277 657951
36 1518 6194 0 1777797277 659245
33 1436 3293 0 1777797277 661247
34 1462 10733 0 1777797277 661976
35 1393 8754 0 1777797277 663381
34 1463 1424 0 1777797277 663402
37 1612 9619 0 1777797277 664261
36 1519 5029 0 1777797277 664281
33 1437 4776 0 1777797277 666025
35 1394 3973 0 1777797277 667356
34 1464 5076 0 1777797277 668479
36 1520 4206 0 1777797277 668488
37 1613 5153 0 1777797277 669416
32 1539 21696 0 1777797277 672930
34 1465 4449 0 1777797277 672938
35 1395 8171 0 1777797277 675529
32 1540 3236 0 1777797277 676175
34 1466 5490 0 1777797277 678439
37 1614 9056 0 1777797277 678474
33 1438 12681 0 1777797277 678708
33 1439 1809 0 1777797277 680518
33 1440 2702 0 1777797277 683222
33 1441 1424 0 1777797277 684648
37 1615 8208 0 1777797277 686685
33 1442 4137 0 1777797277 688787
36 1521 20771 0 1777797277 689269
34 1467 12259 0 1777797277 690706
33 1443 4970 0 1777797277 693759
36 1522 4849 0 1777797277 694120
36 1523 5084 0 1777797277 699206
35 1396 24148 0 1777797277 699679
32 1541 25847 0 1777797277 702025
33 1444 8270 0 1777797277 702031
32 1542 4349 0 1777797277 706382
35 1397 6708 0 1777797277 706389
33 1445 8342 0 1777797277 710386
35 1398 3994 0 1777797277 710394
32 1543 4079 0 1777797277 710469
36 1524 14058 0 1777797277 713269
33 1446 4029 0 1777797277 714424
34 1468 26052 0 1777797277 716760
36 1525 4067 0 1777797277 717337
32 1544 8503 0 1777797277 718973
35 1399 12031 0 1777797277 722436
36 1526 14549 0 1777797277 731888
33 1447 18607 0 1777797277 733033
33 1448 9867 0 1777797277 742903
36 1527 12027 0 1777797277 743917
36 1528 897 0 1777797277 744816
33 1449 7351 0 1777797277 750265
36 1529 6752 0 1777797277 751572
33 1450 4759 0 1777797277 755026
37 1616 70597 0 1777797277 757285
36 1530 5786 0 1777797277 757361
34 1469 41606 0 1777797277 758368
33 1451 4353 0 1777797277 759381
35 1400 36955 0 1777797277 759393
37 1617 4340 0 1777797277 761627
35 1401 2381 0 1777797277 761786
33 1452 6125 0 1777797277 765520
34 1470 7498 0 1777797277 765868
35 1402 5606 0 1777797277 767393
34 1471 5651 0 1777797277 771522
33 1453 7616 0 1777797277 773138
33 1454 1929 0 1777797277 775079
37 1618 13472 0 1777797277 775116
36 1531 21003 0 1777797277 778365
33 1455 3590 0 1777797277 778675
32 1545 62224 0 1777797277 781202
37 1619 6712 0 1777797277 781829
36 1532 4460 0 1777797277 782828
33 1456 8300 0 1777797277 786977
36 1533 6054 0 1777797277 788887
32 1546 7818 0 1777797277 789022
37 1620 8503 0 1777797277 790335
33 1457 5509 0 1777797277 792500
36 1534 4643 0 1777797277 793534
35 1403 28264 0 1777797277 795662
34 1472 24193 0 1777797277 795723
33 1458 3933 0 1777797277 796435
37 1621 6993 0 1777797277 797332
36 1535 3861 0 1777797277 797397
35 1404 3323 0 1777797277 798986
32 1547 9992 0 1777797277 799016
33 1459 8982 0 1777797277 805422
35 1405 6499 0 1777797277 805486
32 1548 7078 0 1777797277 806095
37 1622 9071 0 1777797277 806407
34 1473 12378 0 1777797277 808103
35 1406 6505 0 1777797277 811992
36 1536 14603 0 1777797277 812001
32 1549 6413 0 1777797277 812510
37 1623 8410 0 1777797277 814818
33 1460 16017 0 1777797277 821442
34 1474 13350 0 1777797277 821459
36 1537 9452 0 1777797277 821466
32 1550 10393 0 1777797277 822916
35 1407 10919 0 1777797277 822921
37 1624 12174 0 1777797277 826995
32 1551 4927 0 1777797277 827849
35 1408 5004 0 1777797277 827932
36 1538 7146 0 1777797277 828628
34 1475 7605 0 1777797277 829081
37 1625 2936 0 1777797277 829933
32 1552 4387 0 1777797277 832320
35 1409 4441 0 1777797277 832391
36 1539 5136 0 1777797277 833766
37 1626 3840 0 1777797277 833775
33 1461 13706 0 1777797277 835173
34 1476 6098 0 1777797277 835181
36 1540 8356 0 1777797277 842132
32 1553 11256 0 1777797277 843649
35 1410 11261 0 1777797277 843665
33 1462 13127 0 1777797277 848311
34 1477 13116 0 1777797277 848320
35 1411 4625 0 1777797277 848325
36 1541 6199 0 1777797277 848333
37 1627 14548 0 1777797277 848342
32 1554 11571 0 1777797277 855237
33 1463 6913 0 1777797277 855256
34 1478 6905 0 1777797277 855263
35 1412 6904 0 1777797277 855270
36 1542 6905 0 1777797277 855278
37 1628 6826 0 1777797277 855284
37 1629 2556 0 1777797277 857898
34 1479 2874 0 1777797277 858190
35 1413 5969 0 1777797277 861293
33 1464 8493 0 1777797277 863800
32 1555 16905 0 1777797277 872191
33 1465 8395 0 1777797277 872204
34 1480 14019 0 1777797277 872212
35 1414 10924 0 1777797277 872219
36 1543 16896 0 1777797277 872227
37 1630 14335 0 1777797277 872234
33 1466 8376 0 1777797277 880626
34 1481 8376 0 1777797277 880634
35 1415 8375 0 1777797277 880640
36 1544 8374 0 1777797277 880646
32 1556 9524 0 1777797277 881759
37 1631 9492 0 1777797277 881770
32 1557 6021 0 1777797277 887792
35 1416 7135 0 1777797277 887798
36 1545 7132 0 1777797277 887803
33 1467 9881 0 1777797277 890529
34 1482 9889 0 1777797277 890544
37 1632 8762 0 1777797277 890550
32 1558 7991 0 1777797277 895795
35 1417 7946 0 1777797277 895810
36 1546 7945 0 1777797277 895817
34 1483 8937 0 1777797277 899501
37 1633 8940 0 1777797277 899512
32 1559 6237 0 1777797277 902055
33 1468 11512 0 1777797277 902064
35 1418 6233 0 1777797277 902070
36 1547 6229 0 1777797277 902084
34 1484 6225 0 1777797277 905738
32 1560 9612 0 1777797277 911697
33 1469 9609 0 1777797277 911704
34 1485 5986 0 1777797277 911726
35 1419 9625 0 1777797277 911733
36 1548 9625 0 1777797277 911741
37 1634 12224 0 1777797277 911747
34 1486 4335 0 1777797277 916245
35 1420 4320 0 1777797277 916252
32 1561 10807 0 1777797277 922556
36 1549 10646 0 1777797277 922588
33 1470 11346 0 1777797277 923246
37 1635 11316 0 1777797277 923264
33 1471 8385 0 1777797277 931651
34 1487 15409 0 1777797277 931663
35 1421 15407 0 1777797277 931669
37 1636 8393 0 1777797277 931676
36 1550 14422 0 1777797277 937011
32 1562 16310 0 1777797277 938869
34 1488 7190 0 1777797277 938878
35 1422 7187 0 1777797277 938884
33 1472 7988 0 1777797277 939666
37 1637 8279 0 1777797277 939983
32 1563 7826 0 1777797277 946712
35 1423 7770 0 1777797277 946720
36 1551 9713 0 1777797277 946726
34 1489 8502 0 1777797277 947443
37 1638 7464 0 1777797277 947449
32 1564 7613 0 1777797277 954339
33 1473 14681 0 1777797277 954348
36 1552 7610 0 1777797277 954356
34 1490 9526 0 1777797277 956975
35 1424 10249 0 1777797277 956984
36 1553 5850 0 1777797277 960230
32 1565 7105 0 1777797277 961463
33 1474 8868 0 1777797277 963240
34 1491 6266 0 1777797277 963251
37 1639 16568 0 1777797277 964022
36 1554 5612 0 1777797277 965844
35 1425 14391 0 1777797277 971385
32 1566 12885 0 1777797277 974350
33 1475 11105 0 1777797277 974358
34 1492 11079 0 1777797277 974363
36 1555 8521 0 1777797277 974368
37 1640 10349 0 1777797277 974373
35 1426 6937 0 1777797277 978327
32 1567 13598 0 1777797277 987971
33 1476 13598 0 1777797277 987980
34 1493 13598 0 1777797277 987987
35 1427 9663 0 1777797277 987993
36 1556 13602 0 1777797277 988000
37 1641 13614 0 1777797277 988018
33 1477 9225 0 1777797277 997258
36 1557 9218 0 1777797277 997272
32 1568 10234 0 1777797277 998253
34 1494 10219 0 1777797277 998259
37 1642 10216 0 1777797277 998276
33 1478 8130 0 1777797278 5403
35 1428 17383 0 1777797278 5430
36 1558 8150 0 1777797278 5439
32 1569 10075 0 1777797278 8352
34 1495 10077 0 1777797278 8362
37 1643 10069 0 1777797278 8369
33 1479 7993 0 1777797278 13434
35 1429 7982 0 1777797278 13441
36 1559 7981 0 1777797278 13448
32 1570 6293 0 1777797278 14662
37 1644 6429 0 1777797278 14825
34 1496 8553 0 1777797278 16940
36 1560 4211 0 1777797278 17680
32 1571 6586 0 1777797278 21250
33 1480 7809 0 1777797278 21258
34 1497 4321 0 1777797278 21264
35 1430 7809 0 1777797278 21271
37 1645 6382 0 1777797278 21278
36 1561 8949 0 1777797278 26630
33 1481 6963 0 1777797278 28251
35 1431 6972 0 1777797278 28275
34 1498 7716 0 1777797278 29012
37 1646 7711 0 1777797278 29026
32 1572 8178 0 1777797278 29457
36 1562 11211 0 1777797278 37867
37 1647 8837 0 1777797278 37879
36 1563 1468 0 1777797278 39349
35 1432 11116 0 1777797278 39406
32 1573 13636 0 1777797278 43095
37 1648 5211 0 1777797278 43105
33 1482 16493 0 1777797278 44769
36 1564 6308 0 1777797278 45660
34 1499 16842 0 1777797278 45869
36 1565 4580 0 1777797278 50242
34 1500 6404 0 1777797278 52275
37 1649 10284 0 1777797278 53397
32 1574 15774 0 1777797278 58880
33 1483 14113 0 1777797278 58884
32 1575 9634 0 1777797278 68519
33 1484 9632 0 1777797278 68524
34 1501 16249 0 1777797278 68528
35 1433 29123 0 1777797278 68532
36 1566 18285 0 1777797278 68536
37 1650 15141 0 1777797278 68541
34 1502 13702 0 1777797278 82254
37 1651 13694 0 1777797278 82262
33 1485 14210 0 1777797278 82758
36 1567 14224 0 1777797278 82786
32 1576 14796 0 1777797278 83337
34 1503 5806 0 1777797278 88069
36 1568 5281 0 1777797278 88079
37 1652 9636 0 1777797278 91935
33 1486 9738 0 1777797278 92525
32 1577 10709 0 1777797278 94050
36 1569 6035 0 1777797278 94145
36 1570 3076 0 1777797278 97224
32 1578 4331 0 1777797278 98399
37 1653 14443 0 1777797278 106380
36 1571 10132 0 1777797278 107358
34 1504 22638 0 1777797278 110718
36 1572 3365 0 1777797278 110726
37 1654 13498 0 1777797278 119883
36 1573 9847 0 1777797278 120637
34 1505 12010 0 1777797278 122737
36 1574 2385 0 1777797278 123026
36 1575 839 0 1777797278 123866
35 1434 55543 0 1777797278 124102
35 1435 2742 0 1777797278 126845
32 1579 37594 0 1777797278 135997
33 1487 43475 0 1777797278 136003
34 1506 13268 0 1777797278 136008
35 1436 9166 0 1777797278 136012
36 1576 12149 0 1777797278 136017
37 1655 16135 0 1777797278 136021
35 1437 6080 0 1777797278 142117
37 1656 9244 0 1777797278 145291
35 1438 7549 0 1777797278 149669
36 1577 13631 0 1777797278 149675
37 1657 5444 0 1777797278 150737
36 1578 1576 0 1777797278 151261
36 1579 1654 0 1777797278 152919
35 1439 5200 0 1777797278 154877
32 1580 21366 0 1777797278 157387
36 1580 4499 0 1777797278 157420
33 1488 21740 0 1777797278 157768
35 1440 3235 0 1777797278 158117
36 1581 3020 0 1777797278 160456
36 1582 965 0 1777797278 161426
35 1441 5218 0 1777797278 163337
36 1583 3736 0 1777797278 165166
37 1658 14436 0 1777797278 165176
36 1584 1296 0 1777797278 166473
32 1581 10075 0 1777797278 167497
33 1489 12457 0 1777797278 170228
36 1585 3761 0 1777797278 170236
35 1442 7763 0 1777797278 171105
37 1659 6378 0 1777797278 171578
33 1490 6279 0 1777797278 176516
36 1586 6517 0 1777797278 176765
35 1443 6928 0 1777797278 178035
37 1660 7079 0 1777797278 178661
36 1587 2590 0 1777797278 179356
37 1661 1864 0 1777797278 180554
36 1588 6284 0 1777797278 185643
37 1662 5099 0 1777797278 185656
33 1491 14292 0 1777797278 190810
34 1507 56390 0 1777797278 192423
36 1589 8848 0 1777797278 194505
33 1492 6197 0 1777797278 197010
34 1508 4913 0 1777797278 197339
32 1582 35185 0 1777797278 202687
34 1509 5418 0 1777797278 202758
35 1444 24750 0 1777797278 202790
35 1445 2740 0 1777797278 205571
36 1590 13056 0 1777797278 207562
34 1510 5041 0 1777797278 207855
37 1663 23644 0 1777797278 209322
34 1511 5253 0 1777797278 213111
36 1591 5580 0 1777797278 213144
36 1592 3097 0 1777797278 216255
34 1512 5048 0 1777797278 218193
36 1593 3225 0 1777797278 219482
37 1664 12804 0 1777797278 222130
36 1594 4136 0 1777797278 223620
34 1513 8344 0 1777797278 226540
36 1595 3685 0 1777797278 227310
37 1665 6780 0 1777797278 228920
37 1666 1554 0 1777797278 230477
36 1596 4216 0 1777797278 231529
35 1446 29898 0 1777797278 235472
36 1597 3950 0 1777797278 235480
37 1667 5641 0 1777797278 236121
37 1668 2395 0 1777797278 238518
36 1598 8741 0 1777797278 244232
34 1514 18681 0 1777797278 245235
37 1669 6810 0 1777797278 245331
35 1447 12190 0 1777797278 247672
36 1599 7598 0 1777797278 251833
33 1493 60843 0 1777797278 257856
36 1600 6856 0 1777797278 258696
33 1494 993 0 1777797278 258852
35 1448 11185 0 1777797278 258859
33 1495 991 0 1777797278 259851
35 1449 1297 0 1777797278 260174
34 1515 16248 0 1777797278 261583
33 1496 1917 0 1777797278 261772
35 1450 4821 0 1777797278 264997
34 1516 3812 0 1777797278 265397
35 1451 5911 0 1777797278 270915
34 1517 7084 0 1777797278 272483
37 1670 28057 0 1777797278 273403
35 1452 3489 0 1777797278 274406
36 1601 17500 0 1777797278 276198
35 1453 1817 0 1777797278 276225
33 1497 17413 0 1777797278 279187
37 1671 5946 0 1777797278 279350
36 1602 3343 0 1777797278 279543
32 1583 77159 0 1777797278 279952
34 1518 7477 0 1777797278 279962
35 1454 5512 0 1777797278 281738
37 1672 2414 0 1777797278 281765
35 1455 1949 0 1777797278 283716
36 1603 7083 0 1777797278 286627
33 1498 9655 0 1777797278 288854
37 1673 7086 0 1777797278 288863
34 1519 11118 0 1777797278 291089
35 1456 7381 0 1777797278 291099
36 1604 8596 0 1777797278 295224
32 1584 15501 0 1777797278 295464
34 1520 5001 0 1777797278 296101
35 1457 5003 0 1777797278 296120
33 1499 16343 0 1777797278 305207
34 1521 9113 0 1777797278 305218
35 1458 9103 0 1777797278 305224
36 1605 10005 0 1777797278 305231
37 1674 17956 0 1777797278 306839
34 1522 6527 0 1777797278 311767
36 1606 8132 0 1777797278 313386
33 1500 11910 0 1777797278 317143
34 1523 5380 0 1777797278 317150
35 1459 11910 0 1777797278 317157
36 1607 3775 0 1777797278 317163
37 1675 10323 0 1777797278 317171
34 1524 8179 0 1777797278 325360
35 1460 8186 0 1777797278 325374
36 1608 8197 0 1777797278 325391
37 1676 8198 0 1777797278 325399
32 1585 34720 0 1777797278 330188
33 1501 13033 0 1777797278 330205
37 1677 5987 0 1777797278 331426
34 1525 7406 0 1777797278 332807
36 1609 7399 0 1777797278 332824
32 1586 6752 0 1777797278 336958
35 1461 11575 0 1777797278 336991
37 1678 9459 0 1777797278 340887
33 1502 11575 0 1777797278 341793
36 1610 8958 0 1777797278 341806
32 1587 5446 0 1777797278 342439
34 1526 9627 0 1777797278 342452
35 1462 11652 0 1777797278 348673
32 1588 7269 0 1777797278 349709
33 1503 7946 0 1777797278 349753
34 1527 7309 0 1777797278 349761
36 1611 9701 0 1777797278 351520
35 1463 4844 0 1777797278 353519
32 1589 11854 0 1777797278 361616
33 1504 11813 0 1777797278 361637
34 1528 11811 0 1777797278 361645
35 1464 8193 0 1777797278 361715
37 1679 20838 0 1777797278 361727
36 1612 13693 0 1777797278 365222
37 1680 9121 0 1777797278 370934
32 1590 9770 0 1777797278 371498
35 1465 9722 0 1777797278 371528
33 1505 9980 0 1777797278 371728
34 1529 13533 0 1777797278 375325
32 1591 5757 0 1777797278 377286
36 1613 12742 0 1777797278 377966
37 1681 7040 0 1777797278 377976
33 1506 11557 0 1777797278 383286
34 1530 7969 0 1777797278 383296
37 1682 5283 0 1777797278 383306
32 1592 7840 0 1777797278 385129
35 1466 13598 0 1777797278 385137
33 1507 7774 0 1777797278 391080
34 1531 7770 0 1777797278 391088
35 1467 5949 0 1777797278 391095
36 1614 13125 0 1777797278 391102
37 1683 7782 0 1777797278 391108
32 1593 6177 0 1777797278 391315
32 1594 10313 0 1777797278 401629
37 1684 10338 0 1777797278 401637
35 1468 10899 0 1777797278 402177
36 1615 10897 0 1777797278 402183
34 1532 11455 0 1777797278 402572
33 1508 12858 0 1777797278 403967
32 1595 3257 0 1777797278 404895
37 1685 3418 0 1777797278 405068
35 1469 8152 0 1777797278 410337
36 1616 8179 0 1777797278 410372
37 1686 5324 0 1777797278 410394
34 1533 11349 0 1777797278 413924
37 1687 3795 0 1777797278 414308
36 1617 4190 0 1777797278 414635
37 1688 5852 0 1777797278 420161
34 1534 7010 0 1777797278 420938
35 1470 10550 0 1777797278 420945
33 1509 18073 0 1777797278 422052
36 1618 7425 0 1777797278 422061
32 1596 17259 0 1777797278 422158
35 1471 6705 0 1777797278 427673
36 1619 6630 0 1777797278 428703
33 1510 7768 0 1777797278 429829
34 1535 9362 0 1777797278 430309
33 1511 10665 0 1777797278 440497
36 1620 11794 0 1777797278 440505
37 1689 20346 0 1777797278 440512
32 1597 19183 0 1777797278 441344
34 1536 11111 0 1777797278 441422
35 1472 13753 0 1777797278 441428
32 1598 3570 0 1777797278 444999
34 1537 3559 0 1777797278 445007
35 1473 3556 0 1777797278 445016
33 1512 5965 0 1777797278 446478
35 1474 4054 0 1777797278 449118
37 1690 10868 0 1777797278 451395
32 1599 6736 0 1777797278 451753
33 1513 6386 0 1777797278 452866
36 1621 13798 0 1777797278 454319
32 1600 3682 0 1777797278 455438
33 1514 4226 0 1777797278 457095
36 1622 4866 0 1777797278 459187
32 1601 4005 0 1777797278 459448
35 1475 12592 0 1777797278 461712
33 1515 4796 0 1777797278 461893
32 1602 5328 0 1777797278 464777
35 1476 4655 0 1777797278 466370
37 1691 19212 0 1777797278 470609
34 1538 25833 0 1777797278 470884
33 1516 10986 0 1777797278 472881
34 1539 2310 0 1777797278 473197
37 1692 4447 0 1777797278 475058
34 1540 6664 0 1777797278 479863
35 1477 13498 0 1777797278 479872
36 1623 20691 0 1777797278 479880
37 1693 4942 0 1777797278 480003
32 1603 16416 0 1777797278 481196
33 1517 10331 0 1777797278 483216
34 1541 5047 0 1777797278 485005
34 1542 1421 0 1777797278 486429
37 1694 9030 0 1777797278 489034
34 1543 2759 0 1777797278 489191
36 1624 9218 0 1777797278 489198
37 1695 3416 0 1777797278 492453
37 1696 2561 0 1777797278 495015
37 1697 3616 0 1777797278 498634
34 1544 10162 0 1777797278 499361
36 1625 11696 0 1777797278 500904
37 1698 2633 0 1777797278 501270
37 1699 1882 0 1777797278 503153
37 1700 5860 0 1777797278 509015
32 1604 28537 0 1777797278 509741
33 1518 26529 0 1777797278 509747
34 1545 10388 0 1777797278 509753
35 1478 29791 0 1777797278 509759
34 1546 2635 0 1777797278 512522
37 1701 6547 0 1777797278 515565
35 1479 6822 0 1777797278 516718
37 1702 2430 0 1777797278 517998
34 1547 9074 0 1777797278 521600
37 1703 3613 0 1777797278 521612
37 1704 1856 0 1777797278 523482
35 1480 6920 0 1777797278 523644
37 1705 3714 0 1777797278 527199
36 1626 29552 0 1777797278 530458
34 1548 11624 0 1777797278 533237
37 1706 6527 0 1777797278 533727
36 1627 6097 0 1777797278 536557
37 1707 2836 0 1777797278 536565
36 1628 1996 0 1777797278 538562
33 1519 29703 0 1777797278 539478
32 1605 31101 0 1777797278 540861
35 1481 17961 0 1777797278 541607
37 1708 5062 0 1777797278 541645
33 1520 2544 0 1777797278 542024
34 1549 9964 0 1777797278 543203
35 1482 1703 0 1777797278 543315
37 1709 2549 0 1777797278 544196
35 1483 1165 0 1777797278 544481
32 1606 4240 0 1777797278 545103
33 1521 3543 0 1777797278 545569
33 1522 4987 0 1777797278 550558
32 1607 8948 0 1777797278 554053
37 1710 9899 0 1777797278 554097
34 1550 11215 0 1777797278 554420
35 1484 9952 0 1777797278 554435
36 1629 16905 0 1777797278 555469
36 1630 3345 0 1777797278 558815
35 1485 4681 0 1777797278 559127
37 1711 7467 0 1777797278 561579
35 1486 2814 0 1777797278 561943
35 1487 4413 0 1777797278 566358
34 1551 12463 0 1777797278 566899
37 1712 6230 0 1777797278 567811
33 1523 18746 0 1777797278 569310
32 1608 16568 0 1777797278 570666
37 1713 4321 0 1777797278 572136
33 1524 3439 0 1777797278 572756
32 1609 3201 0 1777797278 573870
37 1714 4878 0 1777797278 577016
34 1552 10874 0 1777797278 577777
34 1553 3995 0 1777797278 581775
35 1488 15826 0 1777797278 582186
33 1525 12971 0 1777797278 585729
33 1526 3367 0 1777797278 589104
34 1554 8393 0 1777797278 590177
32 1610 16511 0 1777797278 590383
32 1611 1345 0 1777797278 591730
34 1555 3220 0 1777797278 593399
32 1612 1698 0 1777797278 593430
33 1527 4610 0 1777797278 593717
32 1613 2885 0 1777797278 596316
33 1528 4761 0 1777797278 598480
36 1631 39672 0 1777797278 598488
34 1556 5302 0 1777797278 598708
37 1715 25207 0 1777797278 602225
35 1489 20999 0 1777797278 603189
37 1716 4534 0 1777797278 606761
33 1529 10232 0 1777797278 608722
37 1717 4960 0 1777797278 611726
35 1490 9644 0 1777797278 612835
32 1614 16943 0 1777797278 613268
33 1530 5837 0 1777797278 614562
37 1718 2843 0 1777797278 614573
35 1491 7288 0 1777797278 620131
35 1492 5371 0 1777797278 625505
34 1557 30797 0 1777797278 629508
32 1615 16377 0 1777797278 629647
33 1531 15239 0 1777797278 629813
37 1719 16464 0 1777797278 631052
36 1632 33964 0 1777797278 632465
37 1720 2583 0 1777797278 633638
35 1493 9428 0 1777797278 634941
36 1633 3868 0 1777797278 636400
36 1634 4552 0 1777797278 640956
35 1494 9755 0 1777797278 644698
36 1635 5818 0 1777797278 646778
33 1532 19204 0 1777797278 649019
32 1616 19579 0 1777797278 649227
34 1558 19724 0 1777797278 649233
36 1636 2899 0 1777797278 649679
34 1559 4942 0 1777797278 654185
32 1617 5481 0 1777797278 654715
37 1721 21311 0 1777797278 654951
33 1533 9112 0 1777797278 658133
35 1495 13444 0 1777797278 658145
32 1618 6847 0 1777797278 661565
37 1722 7788 0 1777797278 662741
37 1723 1779 0 1777797278 664525
33 1534 7307 0 1777797278 665453
36 1637 15951 0 1777797278 665633
34 1560 12065 0 1777797278 666252
32 1619 4808 0 1777797278 666381
36 1638 3414 0 1777797278 669048
35 1496 14473 0 1777797278 672632
32 1620 6878 0 1777797278 673260
37 1724 8744 0 1777797278 673271
35 1497 3264 0 1777797278 675898
37 1725 4150 0 1777797278 677434
32 1621 4584 0 1777797278 677855
35 1498 1981 0 1777797278 677884
33 1535 12862 0 1777797278 678321
36 1639 11197 0 1777797278 680250
37 1726 3669 0 1777797278 681106
35 1499 4149 0 1777797278 682035
34 1561 16572 0 1777797278 682826
36 1640 3879 0 1777797278 684140
35 1500 6760 0 1777797278 688800
36 1641 4855 0 1777797278 689008
32 1622 14020 0 1777797278 691878
37 1727 11378 0 1777797278 692488
33 1536 18517 0 1777797278 696841
37 1728 5698 0 1777797278 698188
33 1537 4122 0 1777797278 700966
34 1562 19994 0 1777797278 702823
37 1729 6484 0 1777797278 704675
34 1563 6829 0 1777797278 709657
32 1623 17838 0 1777797278 709718
34 1564 2918 0 1777797278 712581
32 1624 3833 0 1777797278 713553
33 1538 17555 0 1777797278 718524
34 1565 5950 0 1777797278 718533
35 1501 29768 0 1777797278 718570
37 1730 13899 0 1777797278 718577
35 1502 4604 0 1777797278 723182
34 1566 5941 0 1777797278 724486
37 1731 7671 0 1777797278 726275
35 1503 3498 0 1777797278 726682
33 1539 10195 0 1777797278 728730
34 1567 4270 0 1777797278 728758
35 1504 2814 0 1777797278 729499
34 1568 1128 0 1777797278 729887
32 1625 17809 0 1777797278 731366
35 1505 2498 0 1777797278 731999
33 1540 4546 0 1777797278 733281
35 1506 6784 0 1777797278 738785
34 1569 9323 0 1777797278 739213
36 1642 50331 0 1777797278 739341
36 1643 1673 0 1777797278 741016
32 1626 14268 0 1777797278 745637
33 1541 13457 0 1777797278 746743
34 1570 7540 0 1777797278 746755
35 1507 8340 0 1777797278 747134
36 1644 9265 0 1777797278 750284
35 1508 10488 0 1777797278 757625
36 1645 9179 0 1777797278 759465
33 1542 14456 0 1777797278 761213
37 1732 35311 0 1777797278 761588
32 1627 16286 0 1777797278 761925
32 1628 742 0 1777797278 762669
34 1571 15909 0 1777797278 762679
33 1543 2319 0 1777797278 763534
36 1646 6947 0 1777797278 766417
37 1733 4843 0 1777797278 766433
35 1509 9747 0 1777797278 767375
33 1544 4552 0 1777797278 768089
32 1629 8903 0 1777797278 771583
34 1572 9208 0 1777797278 771903
33 1545 3981 0 1777797278 772072
36 1647 5643 0 1777797278 772079
37 1734 7709 0 1777797278 774156
33 1546 2586 0 1777797278 774666
34 1573 7053 0 1777797278 778958
37 1735 7872 0 1777797278 782029
36 1648 9976 0 1777797278 782072
37 1736 2714 0 1777797278 784748
32 1630 17468 0 1777797278 789054
36 1649 8071 0 1777797278 790144
37 1737 5484 0 1777797278 790234
35 1510 28132 0 1777797278 795509
37 1738 5281 0 1777797278 795517
32 1631 8524 0 1777797278 797580
36 1650 7480 0 1777797278 797627
33 1547 24860 0 1777797278 799528
35 1511 6115 0 1777797278 801634
37 1739 6114 0 1777797278 801642
34 1574 22910 0 1777797278 801869
36 1651 7254 0 1777797278 804894
35 1512 3820 0 1777797278 805463
37 1740 5956 0 1777797278 807613
35 1513 4821 0 1777797278 810286
32 1632 13726 0 1777797278 811355
34 1575 9506 0 1777797278 811377
36 1652 8209 0 1777797278 813105
34 1576 3577 0 1777797278 814955
32 1633 4155 0 1777797278 815513
37 1741 9645 0 1777797278 817266
33 1548 20744 0 1777797278 820283
32 1634 4934 0 1777797278 820450
36 1653 7501 0 1777797278 820609
35 1514 10883 0 1777797278 821171
37 1742 6043 0 1777797278 823311
33 1549 6261 0 1777797278 826545
34 1577 12936 0 1777797278 827900
32 1635 7986 0 1777797278 828437
35 1515 7723 0 1777797278 828895
36 1654 8304 0 1777797278 828914
37 1743 9341 0 1777797278 832655
33 1550 6295 0 1777797278 832843
32 1636 5922 0 1777797278 834361
35 1516 5830 0 1777797278 834727
36 1655 5959 0 1777797278 834874
34 1578 10628 0 1777797278 838601
33 1551 6654 0 1777797278 839498
36 1656 4801 0 1777797278 839678
37 1744 12922 0 1777797278 845579
36 1657 6517 0 1777797278 846198
35 1517 11535 0 1777797278 846264
32 1637 12214 0 1777797278 846578
34 1579 8041 0 1777797278 846645
33 1552 7418 0 1777797278 846918
33 1553 7577 0 1777797278 854497
34 1580 7855 0 1777797278 854503
35 1518 8242 0 1777797278 854507
36 1658 8389 0 1777797278 854591
32 1638 8079 0 1777797278 854659
36 1659 2929 0 1777797278 857522
32 1639 3190 0 1777797278 857851
37 1745 12287 0 1777797278 857869
35 1519 5571 0 1777797278 860093
32 1640 2319 0 1777797278 860172
36 1660 3012 0 1777797278 860537
37 1746 2693 0 1777797278 860563
34 1581 11472 0 1777797278 865988
33 1554 12036 0 1777797278 866544
36 1661 6011 0 1777797278 866550
32 1641 6608 0 1777797278 866781
35 1520 9491 0 1777797278 869589
34 1582 4186 0 1777797278 870178
37 1747 11266 0 1777797278 871830
33 1555 5416 0 1777797278 871966
36 1662 5415 0 1777797278 871973
32 1642 8113 0 1777797278 874897
36 1663 5618 0 1777797278 877613
37 1748 5817 0 1777797278 877651
35 1521 8670 0 1777797278 878261
33 1556 6578 0 1777797278 878553
36 1664 3793 0 1777797278 881414
32 1643 6727 0 1777797278 881627
35 1522 4534 0 1777797278 882798
34 1583 15626 0 1777797278 885812
32 1644 4223 0 1777797278 885852
36 1665 4527 0 1777797278 885942
35 1523 4128 0 1777797278 886928
36 1666 3410 0 1777797278 889354
37 1749 12503 0 1777797278 890156
34 1584 7171 0 1777797278 892985
35 1524 6590 0 1777797278 893522
32 1645 8607 0 1777797278 894460
35 1525 2117 0 1777797278 895640
32 1646 2044 0 1777797278 896508
36 1667 7171 0 1777797278 896527
37 1750 7432 0 1777797278 897590
36 1668 5454 0 1777797278 901982
35 1526 6383 0 1777797278 902028
37 1751 4526 0 1777797278 902118
34 1585 11116 0 1777797278 904103
33 1557 26184 0 1777797278 904739
35 1527 3107 0 1777797278 905136
33 1558 1387 0 1777797278 906129
37 1752 4017 0 1777797278 906137
36 1669 4337 0 1777797278 906321
32 1647 9917 0 1777797278 906427
34 1586 4707 0 1777797278 908814
36 1670 5577 0 1777797278 911900
37 1753 5775 0 1777797278 911922
32 1648 7394 0 1777797278 913823
34 1587 5219 0 1777797278 914037
33 1559 10102 0 1777797278 916240
37 1754 4328 0 1777797278 916251
35 1528 15668 0 1777797278 920807
32 1649 7090 0 1777797278 920917
36 1671 10437 0 1777797278 922340
37 1755 7141 0 1777797278 923405
36 1672 4387 0 1777797278 926729
37 1756 3360 0 1777797278 926767
35 1529 7249 0 1777797278 928066
32 1650 9420 0 1777797278 930338
32 1651 997 0 1777797278 931337
32 1652 715 0 1777797278 932056
32 1653 743 0 1777797278 932802
32 1654 1990 0 1777797278 934795
33 1560 19419 0 1777797278 935672
36 1673 10701 0 1777797278 937435
33 1561 1984 0 1777797278 937659
32 1655 2964 0 1777797278 937762
32 1656 2389 0 1777797278 940152
35 1530 13335 0 1777797278 941403
33 1562 3929 0 1777797278 941590
36 1674 5865 0 1777797278 943303
35 1531 3208 0 1777797278 944616
37 1757 19417 0 1777797278 946187
37 1758 2140 0 1777797278 948331
34 1588 34725 0 1777797278 948765
33 1563 10043 0 1777797278 951635
33 1564 3120 0 1777797278 954761
34 1589 6003 0 1777797278 954772
35 1532 10898 0 1777797278 955518
34 1590 1052 0 1777797278 955835
34 1591 1824 0 1777797278 957662
33 1565 3447 0 1777797278 958221
34 1592 818 0 1777797278 958482
34 1593 1175 0 1777797278 959660
33 1566 2287 0 1777797278 960510
34 1594 1627 0 1777797278 961289
32 1657 24059 0 1777797278 964214
35 1533 8832 0 1777797278 964352
36 1675 22410 0 1777797278 965715
37 1759 18304 0 1777797278 966636
33 1567 11058 0 1777797278 971572
37 1760 5403 0 1777797278 972042
35 1534 7714 0 1777797278 972068
34 1595 10926 0 1777797278 972217
35 1535 1115 0 1777797278 973184
36 1676 7822 0 1777797278 973543
35 1536 528 0 1777797278 973714
33 1568 2792 0 1777797278 974365
32 1658 12426 0 1777797278 976644
37 1761 4617 0 1777797278 976660
36 1677 3721 0 1777797278 977265
34 1596 5815 0 1777797278 978034
33 1569 5332 0 1777797278 979731
34 1597 3387 0 1777797278 981426
32 1659 8984 0 1777797278 985645
33 1570 5921 0 1777797278 985654
34 1598 4232 0 1777797278 985660
37 1762 9249 0 1777797278 985922
36 1678 10001 0 1777797278 987269
32 1660 4116 0 1777797278 989777
33 1571 8881 0 1777797278 994614
35 1537 20906 0 1777797278 994621
36 1679 7686 0 1777797278 994962
32 1661 5206 0 1777797278 994990
37 1763 10277 0 1777797278 996200
35 1538 2841 0 1777797278 997474
35 1539 2182 0 1777797278 999658
32 1662 7633 0 1777797279 2625
33 1572 10308 0 1777797279 4931
32 1663 2355 0 1777797279 4983
36 1680 10344 0 1777797279 5307
37 1764 10101 0 1777797279 6305
35 1540 9439 0 1777797279 9100
32 1664 5127 0 1777797279 10112
37 1765 6037 0 1777797279 12347
36 1681 7550 0 1777797279 12859
32 1665 4286 0 1777797279 14400
36 1682 2150 0 1777797279 15011
33 1573 11590 0 1777797279 16523
36 1683 1524 0 1777797279 16539
35 1541 7465 0 1777797279 16567
32 1666 2860 0 1777797279 17263
33 1574 4819 0 1777797279 21360
37 1766 9360 0 1777797279 21712
32 1667 6277 0 1777797279 23543
32 1668 2320 0 1777797279 25865
36 1684 9630 0 1777797279 26180
37 1767 8448 0 1777797279 30162
33 1575 8837 0 1777797279 30198
35 1542 16195 0 1777797279 32763
34 1599 47210 0 1777797279 32965
33 1576 7051 0 1777797279 37250
36 1685 11087 0 1777797279 37270
32 1669 12153 0 1777797279 38020
37 1768 11444 0 1777797279 41609
35 1543 13254 0 1777797279 46020
32 1670 9127 0 1777797279 47156
34 1600 14512 0 1777797279 47478
36 1686 10752 0 1777797279 48034
33 1577 11259 0 1777797279 48530
37 1769 13070 0 1777797279 54681
34 1601 7469 0 1777797279 54948
32 1671 7817 0 1777797279 54981
36 1687 9002 0 1777797279 57039
33 1578 8897 0 1777797279 57429
32 1672 7516 0 1777797279 62499
35 1544 17555 0 1777797279 63579
36 1688 7302 0 1777797279 64349
33 1579 6961 0 1777797279 64394
34 1602 9581 0 1777797279 64533
37 1770 9894 0 1777797279 64576
36 1689 7234 0 1777797279 71584
35 1545 8104 0 1777797279 71686
32 1673 9796 0 1777797279 72297
33 1580 8147 0 1777797279 72542
37 1771 11246 0 1777797279 75823
33 1581 3340 0 1777797279 75883
34 1603 11358 0 1777797279 75892
35 1546 4213 0 1777797279 75900
36 1690 4322 0 1777797279 75907
32 1674 6599 0 1777797279 78900
36 1691 5615 0 1777797279 81555
33 1582 9276 0 1777797279 85184
32 1675 6413 0 1777797279 85317
37 1772 9539 0 1777797279 85372
34 1604 10185 0 1777797279 86105
35 1547 11139 0 1777797279 87068
33 1583 5751 0 1777797279 90945
36 1692 9407 0 1777797279 90964
35 1548 8205 0 1777797279 95278
37 1773 9913 0 1777797279 95287
34 1605 9795 0 1777797279 95903
32 1676 15092 0 1777797279 100411
34 1606 5143 0 1777797279 101047
36 1693 13047 0 1777797279 104012
37 1774 8734 0 1777797279 104045
35 1549 9416 0 1777797279 104704
33 1584 14532 0 1777797279 105479
33 1585 6297 0 1777797279 111781
34 1607 10756 0 1777797279 111805
32 1677 11477 0 1777797279 111899
37 1775 7915 0 1777797279 111960
35 1550 7285 0 1777797279 111991
36 1694 8238 0 1777797279 112256
33 1586 2746 0 1777797279 114529
37 1776 2790 0 1777797279 114751
36 1695 5472 0 1777797279 117730
35 1551 6452 0 1777797279 118444
33 1587 4582 0 1777797279 119114
32 1678 9831 0 1777797279 121731
34 1608 9954 0 1777797279 121761
36 1696 6910 0 1777797279 124643
35 1552 6522 0 1777797279 124971
37 1777 10299 0 1777797279 125052
33 1588 9261 0 1777797279 128377
36 1697 5826 0 1777797279 130471
32 1679 8802 0 1777797279 130565
35 1553 6399 0 1777797279 131372
34 1609 10888 0 1777797279 132681
37 1778 11050 0 1777797279 136103
33 1589 8106 0 1777797279 136485
36 1698 6049 0 1777797279 136526
34 1610 8089 0 1777797279 140775
35 1554 9430 0 1777797279 140804
32 1680 10533 0 1777797279 141100
36 1699 10094 0 1777797279 146630
37 1779 10579 0 1777797279 146684
33 1590 13289 0 1777797279 149816
35 1555 9017 0 1777797279 149823
34 1611 11386 0 1777797279 152163
32 1681 12084 0 1777797279 153185
33 1591 6498 0 1777797279 156322
37 1780 9647 0 1777797279 156332
34 1612 5440 0 1777797279 157606
35 1556 12263 0 1777797279 162098
36 1700 18953 0 1777797279 165586
32 1682 12662 0 1777797279 165850
33 1592 10459 0 1777797279 166852
32 1683 2572 0 1777797279 168423
35 1557 6337 0 1777797279 168437
33 1593 1620 0 1777797279 168475
33 1594 2848 0 1777797279 171324
32 1684 4350 0 1777797279 172789
35 1558 5067 0 1777797279 173524
36 1701 9162 0 1777797279 174750
35 1559 3379 0 1777797279 176906
33 1595 7638 0 1777797279 178966
34 1613 23510 0 1777797279 181118
37 1781 24752 0 1777797279 181155
36 1702 7168 0 1777797279 181921
32 1685 10496 0 1777797279 183287
33 1596 20186 0 1777797279 199153
37 1782 32100 0 1777797279 213551
35 1560 36760 0 1777797279 213668
34 1614 32610 0 1777797279 213773
32 1686 30498 0 1777797279 213790
36 1703 31924 0 1777797279 213849
33 1597 15179 0 1777797279 214334
37 1783 3125 0 1777797279 216679
36 1704 3428 0 1777797279 217278
32 1687 5726 0 1777797279 219516
37 1784 3171 0 1777797279 219852
37 1785 4072 0 1777797279 223925
36 1705 7563 0 1777797279 224843
33 1598 10728 0 1777797279 225064
34 1615 13793 0 1777797279 227567
32 1688 8658 0 1777797279 228176
37 1786 4370 0 1777797279 228296
35 1561 17679 0 1777797279 231348
32 1689 4131 0 1777797279 232313
32 1690 3882 0 1777797279 236198
34 1616 10930 0 1777797279 238499
32 1691 4478 0 1777797279 240679
34 1617 2185 0 1777797279 240687
33 1599 16759 0 1777797279 241825
36 1706 18354 0 1777797279 243208
34 1618 3994 0 1777797279 244692
32 1692 4101 0 1777797279 244790
33 1600 7223 0 1777797279 249050
36 1707 6439 0 1777797279 249655
32 1693 6436 0 1777797279 251228
36 1708 2460 0 1777797279 252116
36 1709 2857 0 1777797279 254978
33 1601 6885 0 1777797279 255937
37 1787 27974 0 1777797279 256271
36 1710 2290 0 1777797279 257270
33 1602 1520 0 1777797279 257459
35 1562 27184 0 1777797279 258534
33 1603 2534 0 1777797279 259995
36 1711 2928 0 1777797279 260201
37 1788 3934 0 1777797279 260207
32 1694 12433 0 1777797279 263663
37 1789 4349 0 1777797279 264567
33 1604 5473 0 1777797279 265471
35 1563 7086 0 1777797279 265623
34 1619 23062 0 1777797279 267758
36 1712 7975 0 1777797279 268183
33 1605 7669 0 1777797279 273143
32 1695 9626 0 1777797279 273291
34 1620 5538 0 1777797279 273298
37 1790 9611 0 1777797279 274181
36 1713 10136 0 1777797279 278321
32 1696 6172 0 1777797279 279471
36 1714 1928 0 1777797279 280252
37 1791 6838 0 1777797279 281021
33 1606 9569 0 1777797279 282715
35 1564 19713 0 1777797279 285338
32 1697 6172 0 1777797279 285646
36 1715 7781 0 1777797279 288039
33 1607 7802 0 1777797279 290527
32 1698 6322 0 1777797279 291970
35 1565 8606 0 1777797279 293950
34 1621 21909 0 1777797279 295216
36 1716 7693 0 1777797279 295736
37 1792 15626 0 1777797279 296649
35 1566 4434 0 1777797279 298388
33 1608 9621 0 1777797279 300151
36 1717 8613 0 1777797279 304355
32 1699 12564 0 1777797279 304538
33 1609 7317 0 1777797279 307473
35 1567 9600 0 1777797279 307991
37 1793 14486 0 1777797279 311137
34 1622 15998 0 1777797279 311217
36 1718 7100 0 1777797279 311457
32 1700 7413 0 1777797279 311954
36 1719 3759 0 1777797279 315219
33 1610 8404 0 1777797279 315880
35 1568 8384 0 1777797279 316376
32 1701 7468 0 1777797279 319424
33 1611 3546 0 1777797279 319428
35 1569 5693 0 1777797279 322071
35 1570 5867 0 1777797279 327940
36 1720 12728 0 1777797279 327949
33 1612 10046 0 1777797279 329483
32 1702 10805 0 1777797279 330234
33 1613 5418 0 1777797279 334908
35 1571 6963 0 1777797279 334913
36 1721 7547 0 1777797279 335509
32 1703 5495 0 1777797279 335731
33 1614 5346 0 1777797279 340261
35 1572 13314 0 1777797279 348233
32 1704 12646 0 1777797279 348378
33 1615 8677 0 1777797279 348939
36 1722 13622 0 1777797279 349131
34 1623 38764 0 1777797279 349982
32 1705 7381 0 1777797279 355760
33 1616 14912 0 1777797279 363853
32 1706 8628 0 1777797279 364391
36 1723 15581 0 1777797279 364714
36 1724 2103 0 1777797279 366819
33 1617 7544 0 1777797279 371402
35 1573 26951 0 1777797279 375192
34 1624 29822 0 1777797279 379806
34 1625 1608 0 1777797279 381418
35 1574 6772 0 1777797279 381966
32 1707 17830 0 1777797279 382239
36 1725 15850 0 1777797279 382675
34 1626 1963 0 1777797279 383384
32 1708 3550 0 1777797279 385845
36 1726 3774 0 1777797279 386451
34 1627 6221 0 1777797279 389607
35 1575 7714 0 1777797279 389682
32 1709 4821 0 1777797279 390669
32 1710 5709 0 1777797279 396382
35 1576 7277 0 1777797279 396960
32 1711 3298 0 1777797279 399682
34 1628 10080 0 1777797279 399689
36 1727 13241 0 1777797279 399696
33 1618 33179 0 1777797279 404583
32 1712 6109 0 1777797279 405806
33 1619 2753 0 1777797279 407339
35 1577 10385 0 1777797279 407347
33 1620 1020 0 1777797279 408369
33 1621 2800 0 1777797279 411175
34 1629 11765 0 1777797279 411470
35 1578 5253 0 1777797279 412614
36 1728 15417 0 1777797279 415137
32 1713 10699 0 1777797279 416517
32 1714 2266 0 1777797279 418790
36 1729 4023 0 1777797279 419163
37 1794 108093 0 1777797279 419235
35 1579 7519 0 1777797279 420137
36 1730 1438 0 1777797279 420603
32 1715 2886 0 1777797279 421679
37 1795 3325 0 1777797279 422561
36 1731 3791 0 1777797279 424397
34 1630 13094 0 1777797279 424567
35 1580 4452 0 1777797279 424592
33 1622 14352 0 1777797279 425529
37 1796 3193 0 1777797279 425759
32 1716 5162 0 1777797279 426846
34 1631 2463 0 1777797279 427031
36 1732 3904 0 1777797279 428310
32 1717 4694 0 1777797279 431542
33 1623 6020 0 1777797279 431551
35 1581 7168 0 1777797279 431761
34 1632 5055 0 1777797279 432087
37 1797 6356 0 1777797279 432117
37 1798 984 0 1777797279 433103
35 1582 3538 0 1777797279 435301
32 1718 3803 0 1777797279 435357
37 1799 3028 0 1777797279 436137
32 1719 1757 0 1777797279 437115
35 1583 1821 0 1777797279 437127
37 1800 1552 0 1777797279 437690
35 1584 1469 0 1777797279 438609
37 1801 1315 0 1777797279 439006
36 1733 10721 0 1777797279 439033
32 1720 2322 0 1777797279 439450
35 1585 964 0 1777797279 439580
32 1721 1597 0 1777797279 441048
37 1802 2062 0 1777797279 441069
35 1586 4120 0 1777797279 443705
34 1633 11660 0 1777797279 443748
32 1722 2695 0 1777797279 443765
35 1587 3142 0 1777797279 446849
37 1803 5779 0 1777797279 446856
34 1634 4455 0 1777797279 448204
32 1723 5132 0 1777797279 448898
37 1804 3013 0 1777797279 449880
34 1635 5472 0 1777797279 453679
35 1588 7449 0 1777797279 454306
37 1805 5042 0 1777797279 454925
37 1806 745 0 1777797279 455677
34 1636 2660 0 1777797279 456359
32 1724 7553 0 1777797279 456453
37 1807 2073 0 1777797279 457752
32 1725 2827 0 1777797279 459281
34 1637 2932 0 1777797279 459293
37 1808 2028 0 1777797279 459783
35 1589 6300 0 1777797279 460608
37 1809 3242 0 1777797279 463026
34 1638 4586 0 1777797279 463913
32 1726 6262 0 1777797279 465556
37 1810 3992 0 1777797279 467021
35 1590 7493 0 1777797279 468105
34 1639 4376 0 1777797279 468293
32 1727 5915 0 1777797279 471473
34 1640 4185 0 1777797279 472479
37 1811 5619 0 1777797279 472642
37 1812 2565 0 1777797279 475210
34 1641 2970 0 1777797279 475454
35 1591 8856 0 1777797279 476968
36 1734 39854 0 1777797279 478888
34 1642 3527 0 1777797279 478983
37 1813 3810 0 1777797279 479022
35 1592 3887 0 1777797279 480857
32 1728 11509 0 1777797279 482984
35 1593 3092 0 1777797279 483951
35 1594 3137 0 1777797279 487092
32 1729 4507 0 1777797279 487495
36 1735 10131 0 1777797279 489027
37 1814 10442 0 1777797279 489465
32 1730 3474 0 1777797279 490974
35 1595 4090 0 1777797279 491184
36 1736 5601 0 1777797279 494631
32 1731 4333 0 1777797279 495310
32 1732 2506 0 1777797279 497819
37 1815 10145 0 1777797279 499612
32 1733 2122 0 1777797279 499943
35 1596 11013 0 1777797279 502199
35 1597 3187 0 1777797279 505391
37 1816 5787 0 1777797279 505401
36 1737 12683 0 1777797279 507316
37 1817 2077 0 1777797279 507491
37 1818 1835 0 1777797279 509327
35 1598 4666 0 1777797279 510068
33 1624 78645 0 1777797279 510216
37 1819 6260 0 1777797279 515592
35 1599 5710 0 1777797279 515780
37 1820 1689 0 1777797279 517285
37 1821 8694 0 1777797279 525985
35 1600 10220 0 1777797279 526003
32 1734 26299 0 1777797279 526244
33 1625 21178 0 1777797279 531395
32 1735 5168 0 1777797279 531413
34 1643 52434 0 1777797279 531418
37 1822 6213 0 1777797279 532200
35 1601 6918 0 1777797279 532922
32 1736 7317 0 1777797279 538735
33 1626 9372 0 1777797279 540769
35 1602 7850 0 1777797279 540775
37 1823 8575 0 1777797279 540779
34 1644 10269 0 1777797279 541701
35 1603 5960 0 1777797279 546746
36 1738 39909 0 1777797279 547228
32 1737 8392 0 1777797279 547253
37 1824 6722 0 1777797279 547514
33 1627 6777 0 1777797279 547557
36 1739 7792 0 1777797279 555022
37 1825 7544 0 1777797279 555059
33 1628 8210 0 1777797279 555769
32 1738 8641 0 1777797279 555896
35 1604 12449 0 1777797279 559198
37 1826 4207 0 1777797279 559267
36 1740 8301 0 1777797279 563329
34 1645 23091 0 1777797279 564798
35 1605 11457 0 1777797279 570685
32 1739 15103 0 1777797279 571000
36 1741 7667 0 1777797279 571004
37 1827 12074 0 1777797279 571343
33 1629 18018 0 1777797279 573791
34 1646 11945 0 1777797279 576745
35 1606 6127 0 1777797279 576814
33 1630 8119 0 1777797279 581919
32 1740 10941 0 1777797279 581946
37 1828 10746 0 1777797279 582091
36 1742 11141 0 1777797279 582161
34 1647 10516 0 1777797279 587264
35 1607 11443 0 1777797279 588258
32 1741 6730 0 1777797279 588677
37 1829 6996 0 1777797279 589088
36 1743 8698 0 1777797279 590860
32 1742 4415 0 1777797279 593095
37 1830 5847 0 1777797279 594936
34 1648 7687 0 1777797279 594959
36 1744 5112 0 1777797279 595974
33 1631 16515 0 1777797279 598436
35 1608 15659 0 1777797279 603920
37 1831 10523 0 1777797279 605460
32 1743 12527 0 1777797279 605629
36 1745 9867 0 1777797279 605843
34 1649 11071 0 1777797279 606031
35 1609 6172 0 1777797279 610108
33 1632 11965 0 1777797279 610403
37 1832 5470 0 1777797279 610932
36 1746 5215 0 1777797279 611060
32 1744 10730 0 1777797279 616360
35 1610 9043 0 1777797279 619164
36 1747 8128 0 1777797279 619190
37 1833 9001 0 1777797279 619936
33 1633 11254 0 1777797279 621660
34 1650 15658 0 1777797279 621691
32 1745 24718 0 1777797279 641080
33 1634 19458 0 1777797279 641126
34 1651 19440 0 1777797279 641132
35 1611 21970 0 1777797279 641136
37 1834 21203 0 1777797279 641140
36 1748 22630 0 1777797279 641821
36 1749 8474 0 1777797279 650296
37 1835 12423 0 1777797279 653587
35 1612 12447 0 1777797279 653601
32 1746 20218 0 1777797279 661300
34 1652 21482 0 1777797279 662628
33 1635 21799 0 1777797279 662940
33 1636 2234 0 1777797279 665175
36 1750 15897 0 1777797279 666213
32 1747 7562 0 1777797279 668864
35 1613 15514 0 1777797279 669115
35 1614 1526 0 1777797279 670642
37 1836 18674 0 1777797279 672262
35 1615 3453 0 1777797279 674098
34 1653 13069 0 1777797279 675698
35 1616 3220 0 1777797279 677320
32 1748 9855 0 1777797279 678725
36 1751 15363 0 1777797279 681580
37 1837 9329 0 1777797279 681596
34 1654 13656 0 1777797279 689358
32 1749 16433 0 1777797279 695160
34 1655 6123 0 1777797279 695489
36 1752 15462 0 1777797279 697059
37 1838 16236 0 1777797279 697846
33 1637 32794 0 1777797279 697979
36 1753 5510 0 1777797279 702571
32 1750 8269 0 1777797279 703438
32 1751 4143 0 1777797279 707586
37 1839 11417 0 1777797279 709265
33 1638 13156 0 1777797279 711136
33 1639 2246 0 1777797279 713385
37 1840 6212 0 1777797279 715481
35 1617 46592 0 1777797279 723924
32 1752 16387 0 1777797279 723975
34 1656 28567 0 1777797279 724060
36 1754 23184 0 1777797279 725757
35 1618 4215 0 1777797279 728158
37 1841 15295 0 1777797279 730781
32 1753 8145 0 1777797279 732121
33 1640 25161 0 1777797279 738548
32 1754 13205 0 1777797279 745328
35 1619 17719 0 1777797279 745882
36 1755 20129 0 1777797279 745890
37 1842 17188 0 1777797279 747971
34 1657 31220 0 1777797279 755283
33 1641 18653 0 1777797279 757205
33 1642 3038 0 1777797279 760246
34 1658 6182 0 1777797279 761469
33 1643 1712 0 1777797279 761961
34 1659 1982 0 1777797279 763452
33 1644 5934 0 1777797279 767898
34 1660 5792 0 1777797279 769246
36 1756 34675 0 1777797279 780579
34 1661 19122 0 1777797279 788371
36 1757 7944 0 1777797279 788529
33 1645 20666 0 1777797279 788565
32 1755 48454 0 1777797279 793784
37 1843 47369 0 1777797279 795341
37 1844 1673 0 1777797279 797017
35 1620 51307 0 1777797279 797199
32 1756 4029 0 1777797279 797818
33 1646 9843 0 1777797279 798410
35 1621 4753 0 1777797279 801953
34 1662 15706 0 1777797279 804079
37 1845 11066 0 1777797279 808086
32 1757 11192 0 1777797279 809013
33 1647 13097 0 1777797279 811509
35 1622 10621 0 1777797279 812576
36 1758 25431 0 1777797279 813962
32 1758 6132 0 1777797279 815149
36 1759 5553 0 1777797279 819517
32 1759 6230 0 1777797279 821384
37 1846 13926 0 1777797279 822014
36 1760 5322 0 1777797279 824843
36 1761 4803 0 1777797279 829649
36 1762 3609 0 1777797279 833264
33 1648 26764 0 1777797279 838277
36 1763 5046 0 1777797279 838312
35 1623 27040 0 1777797279 839618
37 1847 20225 0 1777797279 842240
35 1624 3342 0 1777797279 842963
33 1649 5445 0 1777797279 843724
36 1764 5416 0 1777797279 843731
37 1848 2897 0 1777797279 845140
33 1650 8342 0 1777797279 852075
36 1765 12441 0 1777797279 856184
34 1663 53480 0 1777797279 857629
36 1766 2166 0 1777797279 858354
34 1664 1971 0 1777797279 859602
37 1849 14959 0 1777797279 860100
36 1767 2046 0 1777797279 860402
33 1651 9608 0 1777797279 861690
36 1768 1473 0 1777797279 861877
36 1769 2930 0 1777797279 864809
37 1850 5010 0 1777797279 865113
34 1665 6032 0 1777797279 865636
33 1652 5721 0 1777797279 867414
37 1851 7715 0 1777797279 872831
34 1666 7877 0 1777797279 873516
33 1653 8818 0 1777797279 876235
32 1760 56543 0 1777797279 877930
37 1852 6460 0 1777797279 879293
34 1667 7234 0 1777797279 880753
36 1770 15950 0 1777797279 880764
36 1771 3104 0 1777797279 883881
33 1654 7762 0 1777797279 884000
36 1772 10573 0 1777797279 894456
32 1761 16613 0 1777797279 894545
37 1853 17326 0 1777797279 896620
34 1668 17412 0 1777797279 898178
36 1773 5121 0 1777797279 899578
36 1774 6089 0 1777797279 905670
36 1775 5335 0 1777797279 911014
34 1669 15968 0 1777797279 914148
37 1854 19506 0 1777797279 916128
36 1776 9593 0 1777797279 920609
36 1777 6014 0 1777797279 926625
37 1855 10535 0 1777797279 926665
34 1670 13014 0 1777797279 927164
32 1762 32814 0 1777797279 927360
33 1655 44460 0 1777797279 928462
35 1625 85750 0 1777797279 928714
32 1763 8286 0 1777797279 935647
36 1778 8991 0 1777797279 935658
37 1856 8998 0 1777797279 935692
33 1656 7390 0 1777797279 935857
35 1626 7539 0 1777797279 936254
34 1671 9558 0 1777797279 936724
32 1764 11694 0 1777797279 947353
35 1627 11121 0 1777797279 947377
36 1779 11712 0 1777797279 947384
37 1857 11697 0 1777797279 947390
33 1657 11622 0 1777797279 947483
34 1672 10767 0 1777797279 947493
34 1673 7658 0 1777797279 955159
33 1658 7745 0 1777797279 955239
36 1780 8496 0 1777797279 955907
35 1628 8585 0 1777797279 955987
37 1858 8613 0 1777797279 956033
32 1765 13844 0 1777797279 961235
34 1674 6407 0 1777797279 961569
36 1781 5668 0 1777797279 961576
33 1659 6411 0 1777797279 961651
37 1859 7264 0 1777797279 963299
35 1629 7350 0 1777797279 963338
36 1782 3222 0 1777797279 964813
32 1766 6386 0 1777797279 967628
34 1675 6107 0 1777797279 967684
33 1660 6186 0 1777797279 967839
37 1860 5153 0 1777797279 968453
35 1630 8594 0 1777797279 971933
36 1783 7215 0 1777797279 972030
33 1661 4679 0 1777797279 972520
32 1767 11616 0 1777797279 979247
34 1676 12810 0 1777797279 980496
36 1784 8531 0 1777797279 980563
35 1631 8678 0 1777797279 980613
33 1662 8107 0 1777797279 980629
37 1861 18797 0 1777797279 987252
33 1663 7136 0 1777797279 987766
35 1632 7749 0 1777797279 988363
36 1785 7818 0 1777797279 988382
34 1677 8109 0 1777797279 988606
32 1768 15255 0 1777797279 994506
34 1678 5931 0 1777797279 994538
37 1862 7911 0 1777797279 995175
36 1786 6902 0 1777797279 995285
35 1633 7439 0 1777797279 995804
33 1664 8085 0 1777797279 995856
34 1679 6735 0 1777797280 1283
37 1863 7879 0 1777797280 3055
35 1634 7401 0 1777797280 3207
33 1665 7402 0 1777797280 3260
32 1769 9646 0 1777797280 4185
36 1787 10077 0 1777797280 5365
34 1680 7713 0 1777797280 8998
32 1770 4962 0 1777797280 9149
33 1666 9566 0 1777797280 12827
35 1635 9670 0 1777797280 12878
37 1864 10114 0 1777797280 13170
36 1788 8311 0 1777797280 13679
32 1771 5208 0 1777797280 14359
34 1681 5726 0 1777797280 14728
34 1682 5860 0 1777797280 20591
37 1865 7509 0 1777797280 20680
33 1667 7925 0 1777797280 20754
35 1636 8097 0 1777797280 20976
36 1789 7317 0 1777797280 20997
32 1772 7137 0 1777797280 21501
33 1668 3078 0 1777797280 23833
37 1866 7198 0 1777797280 27880
34 1683 8090 0 1777797280 28682
36 1790 7655 0 1777797280 28687
35 1637 7929 0 1777797280 28907
33 1669 5863 0 1777797280 29698
32 1773 9902 0 1777797280 31407
36 1791 7126 0 1777797280 35821
37 1867 9645 0 1777797280 37527
32 1774 8028 0 1777797280 39438
36 1792 12106 0 1777797280 47929
33 1670 18444 0 1777797280 48147
35 1638 19243 0 1777797280 48152
34 1684 19652 0 1777797280 48340
37 1868 11333 0 1777797280 48864
32 1775 9913 0 1777797280 49354
32 1776 4559 0 1777797280 53916
36 1793 6276 0 1777797280 54207
36 1794 1997 0 1777797280 56206
36 1795 2165 0 1777797280 58373
37 1869 13543 0 1777797280 62409
32 1777 8704 0 1777797280 62622
34 1685 14287 0 1777797280 62628
35 1639 14463 0 1777797280 62633
33 1671 16646 0 1777797280 64799
32 1778 2411 0 1777797280 65045
32 1779 1028 0 1777797280 66075
33 1672 2133 0 1777797280 66939
32 1780 1019 0 1777797280 67098
34 1686 5005 0 1777797280 67655
36 1796 11208 0 1777797280 69584
32 1781 2681 0 1777797280 69781
34 1687 2337 0 1777797280 69995
35 1640 8154 0 1777797280 70837
36 1797 1581 0 1777797280 71168
36 1798 1493 0 1777797280 72663
36 1799 1650 0 1777797280 74316
33 1673 8858 0 1777797280 75798
34 1688 6391 0 1777797280 76390
35 1641 7800 0 1777797280 78639
32 1782 11655 0 1777797280 81440
33 1674 9711 0 1777797280 85511
34 1689 9181 0 1777797280 85574
36 1800 11287 0 1777797280 85607
32 1783 5155 0 1777797280 86599
36 1801 4238 0 1777797280 89847
36 1802 692 0 1777797280 90540
36 1803 6039 0 1777797280 96582
37 1870 35066 0 1777797280 97477
32 1784 13524 0 1777797280 100126
36 1804 3723 0 1777797280 100307
32 1785 2849 0 1777797280 102978
33 1675 19832 0 1777797280 105346
34 1690 20477 0 1777797280 106052
36 1805 6200 0 1777797280 106508
36 1806 723 0 1777797280 107234
32 1786 4570 0 1777797280 107554
33 1676 2466 0 1777797280 107814
37 1871 12724 0 1777797280 110202
36 1807 3016 0 1777797280 110252
34 1691 7242 0 1777797280 113296
36 1808 3203 0 1777797280 113456
33 1677 5926 0 1777797280 113741
32 1787 7559 0 1777797280 115114
32 1788 2061 0 1777797280 117178
36 1809 4362 0 1777797280 117820
36 1810 2334 0 1777797280 120159
37 1872 13495 0 1777797280 123699
36 1811 3745 0 1777797280 123907
32 1789 7636 0 1777797280 124817
33 1678 11559 0 1777797280 125301
33 1679 1167 0 1777797280 126470
36 1812 2915 0 1777797280 126824
36 1813 1847 0 1777797280 128673
32 1790 4758 0 1777797280 129577
36 1814 1575 0 1777797280 130252
32 1791 26162 0 1777797280 155742
36 1815 28581 0 1777797280 158835
34 1692 48935 0 1777797280 162233
35 1642 83603 0 1777797280 162244
32 1792 7258 0 1777797280 163004
33 1680 36539 0 1777797280 163012
37 1873 42769 0 1777797280 166471
36 1816 10851 0 1777797280 169687
34 1693 10038 0 1777797280 172283
32 1793 9425 0 1777797280 172438
33 1681 9545 0 1777797280 172566
34 1694 6338 0 1777797280 178622
32 1794 6242 0 1777797280 178681
36 1817 9758 0 1777797280 179447
35 1643 17859 0 1777797280 180141
37 1874 13663 0 1777797280 180145
33 1682 8508 0 1777797280 181076
36 1818 9431 0 1777797280 188879
32 1795 10243 0 1777797280 188926
34 1695 10308 0 1777797280 188932
35 1644 10481 0 1777797280 190626
37 1875 12158 0 1777797280 192310
33 1683 11749 0 1777797280 192826
32 1796 9969 0 1777797280 198902
37 1876 7672 0 1777797280 199992
36 1819 13777 0 1777797280 202658
34 1696 16859 0 1777797280 205803
35 1645 15185 0 1777797280 205812
32 1797 7977 0 1777797280 206881
36 1820 4240 0 1777797280 206905
33 1684 14094 0 1777797280 206922
37 1877 11462 0 1777797280 211456
33 1685 5664 0 1777797280 212587
32 1798 6049 0 1777797280 212932
36 1821 6073 0 1777797280 212979
34 1697 9829 0 1777797280 215642
37 1878 4238 0 1777797280 215702
35 1646 9900 0 1777797280 215727
33 1686 5517 0 1777797280 218107
36 1822 8227 0 1777797280 221208
35 1647 5579 0 1777797280 221307
34 1698 6085 0 1777797280 221729
32 1799 9051 0 1777797280 221985
37 1879 6498 0 1777797280 222201
33 1687 6363 0 1777797280 224477
35 1648 4206 0 1777797280 225515
36 1823 4702 0 1777797280 225914
33 1688 6552 0 1777797280 231036
32 1800 9212 0 1777797280 231199
37 1880 9048 0 1777797280 231251
34 1699 10125 0 1777797280 231856
35 1649 6637 0 1777797280 232153
37 1881 6022 0 1777797280 237274
34 1700 5501 0 1777797280 237358
32 1801 6444 0 1777797280 237644
35 1650 7473 0 1777797280 239627
33 1689 8621 0 1777797280 239660
32 1802 7284 0 1777797280 244931
37 1882 7677 0 1777797280 244953
35 1651 5767 0 1777797280 245396
36 1824 19510 0 1777797280 245469
34 1701 9317 0 1777797280 246677
32 1803 2086 0 1777797280 247019
33 1690 13443 0 1777797280 253104
35 1652 7715 0 1777797280 253113
37 1883 8164 0 1777797280 253119
32 1804 7631 0 1777797280 254653
36 1825 9573 0 1777797280 255044
34 1702 8689 0 1777797280 255368
33 1691 2356 0 1777797280 255476
37 1884 8340 0 1777797280 261490
36 1826 7255 0 1777797280 262303
32 1805 8048 0 1777797280 262703
33 1692 7259 0 1777797280 262736
34 1703 7425 0 1777797280 262795
35 1653 9661 0 1777797280 262801
36 1827 6374 0 1777797280 268678
35 1654 5891 0 1777797280 268701
37 1885 7208 0 1777797280 268708
32 1806 7522 0 1777797280 270226
33 1693 11286 0 1777797280 274023
36 1828 5383 0 1777797280 274064
35 1655 5922 0 1777797280 274631
34 1704 11862 0 1777797280 274663
33 1694 3758 0 1777797280 277783
32 1807 7576 0 1777797280 277803
37 1886 9366 0 1777797280 278107
36 1829 6626 0 1777797280 280691
35 1656 6316 0 1777797280 280949
32 1808 4098 0 1777797280 281902
36 1830 2625 0 1777797280 283324
33 1695 5960 0 1777797280 283746
35 1657 4155 0 1777797280 285106
32 1809 3953 0 1777797280 285859
33 1696 6654 0 1777797280 290402
34 1705 16155 0 1777797280 290819
32 1810 5388 0 1777797280 291249
36 1831 11759 0 1777797280 295087
37 1887 16987 0 1777797280 295095
32 1811 5152 0 1777797280 296402
35 1658 11302 0 1777797280 296410
33 1697 7375 0 1777797280 297784
32 1812 2141 0 1777797280 298552
36 1832 7218 0 1777797280 302314
35 1659 6090 0 1777797280 302510
32 1813 4546 0 1777797280 303101
33 1698 5503 0 1777797280 303289
32 1814 3105 0 1777797280 306208
34 1706 16728 0 1777797280 307550
35 1660 5083 0 1777797280 307594
37 1888 12923 0 1777797280 308030
32 1815 5447 0 1777797280 311658
33 1699 8507 0 1777797280 311797
34 1707 4489 0 1777797280 312046
37 1889 5621 0 1777797280 313654
32 1816 6239 0 1777797280 317899
36 1833 16748 0 1777797280 319063
32 1817 2593 0 1777797280 320495
32 1818 2305 0 1777797280 322803
37 1890 9664 0 1777797280 323320
35 1661 15948 0 1777797280 323544
34 1708 11855 0 1777797280 323913
36 1834 6503 0 1777797280 325576
37 1891 2387 0 1777797280 325710
35 1662 2494 0 1777797280 326039
32 1819 4109 0 1777797280 326916
34 1709 4646 0 1777797280 328560
36 1835 4052 0 1777797280 329630
35 1663 3716 0 1777797280 329758
35 1664 3967 0 1777797280 333727
35 1665 3732 0 1777797280 337462
35 1666 2874 0 1777797280 340338
33 1700 30996 0 1777797280 342795
32 1820 16012 0 1777797280 342930
35 1667 5329 0 1777797280 345675
34 1710 18710 0 1777797280 347272
32 1821 5581 0 1777797280 348512
35 1668 2951 0 1777797280 348632
37 1892 23454 0 1777797280 349166
35 1669 1299 0 1777797280 349932
37 1893 1085 0 1777797280 350253
35 1670 7058 0 1777797280 356992
35 1671 3904 0 1777797280 360905
32 1822 22948 0 1777797280 371464
33 1701 28693 0 1777797280 371491
37 1894 22294 0 1777797280 372551
36 1836 43191 0 1777797280 372824
35 1672 12046 0 1777797280 372953
32 1823 4948 0 1777797280 376441
35 1673 4907 0 1777797280 377861
35 1674 1986 0 1777797280 379849
35 1675 4158 0 1777797280 384010
36 1837 11255 0 1777797280 384080
35 1676 4359 0 1777797280 388380
33 1702 20165 0 1777797280 391681
35 1677 3805 0 1777797280 392189
35 1678 2157 0 1777797280 394347
32 1824 21295 0 1777797280 397738
36 1838 13685 0 1777797280 397766
37 1895 25796 0 1777797280 398349
35 1679 5066 0 1777797280 399416
37 1896 2284 0 1777797280 400636
35 1680 2658 0 1777797280 402077
32 1825 5709 0 1777797280 403454
35 1681 5154 0 1777797280 407233
36 1839 9510 0 1777797280 407277
33 1703 16717 0 1777797280 408409
36 1840 2067 0 1777797280 409346
36 1841 1307 0 1777797280 410656
37 1897 10816 0 1777797280 411454
32 1826 9656 0 1777797280 413113
34 1711 65840 0 1777797280 413118
36 1842 3241 0 1777797280 413899
34 1712 1543 0 1777797280 414669
32 1827 2153 0 1777797280 415272
35 1682 9691 0 1777797280 416926
36 1843 3133 0 1777797280 417037
33 1704 13324 0 1777797280 421736
34 1713 10253 0 1777797280 424926
35 1683 8845 0 1777797280 425772
33 1705 7697 0 1777797280 429444
35 1684 5838 0 1777797280 431616
36 1844 14606 0 1777797280 431644
34 1714 8206 0 1777797280 433135
35 1685 7169 0 1777797280 438787
33 1706 10672 0 1777797280 440118
33 1707 4698 0 1777797280 444818
35 1686 9184 0 1777797280 447975
33 1708 5417 0 1777797280 450242
36 1845 19434 0 1777797280 451080
35 1687 15408 0 1777797280 463386
33 1709 13336 0 1777797280 463580
34 1715 31595 0 1777797280 464732
33 1710 5196 0 1777797280 468779
35 1688 6474 0 1777797280 469871
33 1711 2900 0 1777797280 471681
32 1828 64028 0 1777797280 479303
33 1712 11660 0 1777797280 483344
36 1846 42022 0 1777797280 493104
33 1713 14410 0 1777797280 497757
35 1689 27900 0 1777797280 497772
32 1829 161581 0 1777797280 640887
36 1847 147820 0 1777797280 640926
34 1716 176420 0 1777797280 641158
37 1898 228089 0 1777797280 641164
35 1690 152182 0 1777797280 649967
32 1830 12154 0 1777797280 653046
33 1714 155288 0 1777797280 653061
36 1848 14524 0 1777797280 655453
36 1849 14242 0 1777797280 669699
33 1715 16619 0 1777797280 669729
35 1691 21785 0 1777797280 671754
32 1831 18954 0 1777797280 672017
33 1716 26512 0 1777797280 696242
35 1692 27146 0 1777797280 698904
37 1899 72688 0 1777797280 713865
37 1900 5213 0 1777797280 719083
33 1717 27112 0 1777797280 723358
35 1693 24460 0 1777797280 723366
32 1832 51534 0 1777797280 723553
33 1718 6126 0 1777797280 729493
35 1694 10734 0 1777797280 734113
37 1901 15045 0 1777797280 734129
32 1833 10602 0 1777797280 734156
36 1850 65741 0 1777797280 735442
33 1719 14158 0 1777797280 743654
34 1717 102505 0 1777797280 743671
37 1902 11490 0 1777797280 745630
34 1718 3023 0 1777797280 746707
36 1851 11300 0 1777797280 746748
32 1834 24530 0 1777797280 758687
33 1720 15148 0 1777797280 758820
34 1719 12117 0 1777797280 758828
36 1852 12085 0 1777797280 758834
37 1903 13207 0 1777797280 758841
35 1695 26105 0 1777797280 760236
32 1835 6165 0 1777797280 764853
36 1853 6137 0 1777797280 764993
35 1696 6281 0 1777797280 766518
34 1720 9578 0 1777797280 768427
37 1904 11379 0 1777797280 770242
33 1721 12589 0 1777797280 771431
37 1905 12640 0 1777797280 782883
32 1836 18862 0 1777797280 783718
34 1721 21996 0 1777797280 790428
36 1854 25450 0 1777797280 790444
35 1697 23957 0 1777797280 790479
33 1722 20421 0 1777797280 791856
37 1906 8980 0 1777797280 791866
32 1837 14295 0 1777797280 798014
35 1698 8160 0 1777797280 798641
34 1722 9048 0 1777797280 799493
36 1855 9063 0 1777797280 799522
32 1838 6140 0 1777797280 804157
33 1723 12891 0 1777797280 804760
37 1907 13915 0 1777797280 805818
35 1699 9440 0 1777797280 808082
34 1723 9191 0 1777797280 808690
32 1839 9789 0 1777797280 813957
36 1856 14444 0 1777797280 813967
33 1724 9971 0 1777797280 814735
37 1908 9094 0 1777797280 814914
35 1700 9579 0 1777797280 817666
34 1724 14695 0 1777797280 823387
33 1725 12821 0 1777797280 827560
37 1909 13021 0 1777797280 827936
35 1701 10364 0 1777797280 828031
32 1840 15977 0 1777797280 829945
33 1726 6990 0 1777797280 834552
36 1857 20578 0 1777797280 834556
35 1702 11495 0 1777797280 839527
32 1841 9679 0 1777797280 839626
34 1725 16242 0 1777797280 839632
36 1858 11334 0 1777797280 845897
37 1910 18077 0 1777797280 846014
33 1727 11592 0 1777797280 846149
32 1842 8301 0 1777797280 847934
34 1726 10923 0 1777797280 850566
35 1703 11040 0 1777797280 850573
33 1728 8722 0 1777797280 854872
37 1911 8865 0 1777797280 854880
36 1859 9114 0 1777797280 855019
32 1843 8198 0 1777797280 856134
32 1844 7591 0 1777797280 863729
36 1860 9323 0 1777797280 864343
37 1912 9460 0 1777797280 864362
34 1727 14749 0 1777797280 865322
33 1729 10865 0 1777797280 865746
35 1704 19423 0 1777797280 870007
32 1845 6362 0 1777797280 870093
37 1913 5735 0 1777797280 870098
36 1861 7089 0 1777797280 871434
37 1914 6405 0 1777797280 876509
35 1705 6526 0 1777797280 876538
32 1846 6884 0 1777797280 876982
33 1730 13249 0 1777797280 878997
36 1862 10528 0 1777797280 882011
37 1915 5965 0 1777797280 882477
34 1728 22256 0 1777797280 887580
37 1916 5480 0 1777797280 887959
32 1847 13159 0 1777797280 890145
35 1706 13641 0 1777797280 890180
33 1731 12184 0 1777797280 891187
36 1863 9297 0 1777797280 891309
34 1729 4578 0 1777797280 892160
37 1917 6021 0 1777797280 893981
34 1730 4561 0 1777797280 896726
35 1707 8925 0 1777797280 899106
37 1918 5557 0 1777797280 899540
36 1864 8258 0 1777797280 899570
35 1708 4698 0 1777797280 903806
34 1731 7977 0 1777797280 904706
33 1732 15135 0 1777797280 906329
32 1848 16749 0 1777797280 906898
32 1849 2140 0 1777797280 909040
32 1850 1864 0 1777797280 910906
33 1733 5233 0 1777797280 911565
37 1919 12032 0 1777797280 911574
34 1732 8321 0 1777797280 913029
32 1851 3036 0 1777797280 913946
36 1865 14809 0 1777797280 914380
36 1866 1895 0 1777797280 916279
34 1733 3578 0 1777797280 916609
33 1734 5289 0 1777797280 916864
35 1709 15172 0 1777797280 918986
37 1920 9112 0 1777797280 920699
34 1734 8774 0 1777797280 925385
36 1867 9115 0 1777797280 925400
32 1852 12811 0 1777797280 926759
33 1735 11133 0 1777797280 928009
35 1710 9025 0 1777797280 928015
37 1921 11878 0 1777797280 932580
34 1735 11037 0 1777797280 936438
32 1853 10854 0 1777797280 937616
33 1736 13312 0 1777797280 941328
37 1922 8753 0 1777797280 941335
34 1736 7804 0 1777797280 944244
35 1711 19451 0 1777797280 947474
37 1923 6225 0 1777797280 947577
37 1924 2743 0 1777797280 950322
36 1868 28546 0 1777797280 953967
35 1712 6864 0 1777797280 954353
32 1854 20291 0 1777797280 957909
37 1925 10449 0 1777797280 960776
34 1737 17460 0 1777797280 961706
35 1713 10367 0 1777797280 964723
33 1737 23478 0 1777797280 964814
34 1738 10310 0 1777797280 972019
33 1738 7345 0 1777797280 972160
36 1869 18196 0 1777797280 972166
37 1926 12408 0 1777797280 973187
33 1739 1451 0 1777797280 973618
32 1855 18965 0 1777797280 976876
33 1740 3482 0 1777797280 977102
36 1870 5003 0 1777797280 977195
35 1714 12981 0 1777797280 977708
33 1741 1602 0 1777797280 978705
32 1856 3030 0 1777797280 979908
37 1927 8443 0 1777797280 981632
36 1871 6583 0 1777797280 983779
36 1872 6911 0 1777797280 990693
35 1715 17991 0 1777797280 995701
36 1873 6244 0 1777797280 996939
35 1716 4416 0 1777797281 120
33 1742 25643 0 1777797281 4350
37 1928 23460 0 1777797281 5094
36 1874 8529 0 1777797281 5470
35 1717 10954 0 1777797281 11077
32 1857 31509 0 1777797281 11420
36 1875 6706 0 1777797281 12178
35 1718 6572 0 1777797281 17660
36 1876 7039 0 1777797281 19219
33 1743 15301 0 1777797281 19653
35 1719 2450 0 1777797281 20115
37 1929 16210 0 1777797281 21309
32 1858 11728 0 1777797281 23149
35 1720 3687 0 1777797281 23804
35 1721 2437 0 1777797281 26243
36 1877 8327 0 1777797281 27548
32 1859 10174 0 1777797281 33326
35 1722 7186 0 1777797281 33431
37 1930 12127 0 1777797281 33439
32 1860 3807 0 1777797281 37143
35 1723 6372 0 1777797281 39812
32 1861 6906 0 1777797281 44056
35 1724 4258 0 1777797281 44073
37 1931 10726 0 1777797281 44186
34 1739 75948 0 1777797281 47974
33 1744 28444 0 1777797281 48099
35 1725 8281 0 1777797281 52375
34 1740 8727 0 1777797281 56704
33 1745 9656 0 1777797281 57756
33 1746 5820 0 1777797281 63579
35 1726 15767 0 1777797281 68147
36 1878 41287 0 1777797281 68837
37 1932 24659 0 1777797281 68846
34 1741 12452 0 1777797281 69158
33 1747 7206 0 1777797281 70791
36 1879 5173 0 1777797281 74020
33 1748 5559 0 1777797281 76351
34 1742 8314 0 1777797281 77476
36 1880 4825 0 1777797281 78848
35 1727 13508 0 1777797281 81658
37 1933 14804 0 1777797281 83662
36 1881 5021 0 1777797281 83871
37 1934 2273 0 1777797281 85937
35 1728 5637 0 1777797281 87296
32 1862 46911 0 1777797281 90985
34 1743 13933 0 1777797281 91411
35 1729 4143 0 1777797281 91444
34 1744 4690 0 1777797281 96104
32 1863 5186 0 1777797281 96174
35 1730 5135 0 1777797281 96581
37 1935 12567 0 1777797281 98511
36 1882 20752 0 1777797281 104624
37 1936 6324 0 1777797281 104836
35 1731 8451 0 1777797281 105036
33 1749 29659 0 1777797281 106015
36 1883 2903 0 1777797281 107531
32 1864 12955 0 1777797281 109130
36 1884 2996 0 1777797281 110532
37 1937 11741 0 1777797281 116634
33 1750 10736 0 1777797281 116755
34 1745 20679 0 1777797281 116785
32 1865 7672 0 1777797281 116805
37 1938 7822 0 1777797281 124457
32 1866 9984 0 1777797281 126789
35 1732 23668 0 1777797281 128706
35 1733 1902 0 1777797281 130611
37 1939 6875 0 1777797281 131334
32 1867 6525 0 1777797281 133316
34 1746 18205 0 1777797281 134998
37 1940 3669 0 1777797281 135005
35 1734 6598 0 1777797281 137211
32 1868 4726 0 1777797281 138056
35 1735 3066 0 1777797281 140284
37 1941 5896 0 1777797281 140910
32 1869 4650 0 1777797281 142709
37 1942 4880 0 1777797281 145791
32 1870 3765 0 1777797281 146477
32 1871 3957 0 1777797281 150440
35 1736 11447 0 1777797281 151734
37 1943 7745 0 1777797281 153539
34 1747 19506 0 1777797281 154513
32 1872 4140 0 1777797281 154583
36 1885 49193 0 1777797281 159732
34 1748 5539 0 1777797281 160054
35 1737 8508 0 1777797281 160246
32 1873 6506 0 1777797281 161090
35 1738 2202 0 1777797281 162451
36 1886 3437 0 1777797281 163178
32 1874 4237 0 1777797281 165331
35 1739 7160 0 1777797281 169617
32 1875 4696 0 1777797281 170031
34 1749 10005 0 1777797281 170060
37 1944 16520 0 1777797281 170068
36 1887 7686 0 1777797281 170869
32 1876 2503 0 1777797281 172536
37 1945 3491 0 1777797281 173569
35 1740 4429 0 1777797281 174048
32 1877 3262 0 1777797281 175800
35 1741 3314 0 1777797281 177366
36 1888 7030 0 1777797281 177904
32 1878 3808 0 1777797281 179610
32 1879 2081 0 1777797281 181694
32 1880 6670 0 1777797281 188366
34 1750 18562 0 1777797281 188631
37 1946 15079 0 1777797281 188651
32 1881 1705 0 1777797281 190073
33 1751 76712 0 1777797281 193498
32 1882 3508 0 1777797281 193587
34 1751 7757 0 1777797281 196390
37 1947 7786 0 1777797281 196438
37 1948 1968 0 1777797281 198409
33 1752 6451 0 1777797281 199958
37 1949 3284 0 1777797281 201694
32 1883 9505 0 1777797281 203093
37 1950 6790 0 1777797281 208488
32 1884 8413 0 1777797281 211508
33 1753 11557 0 1777797281 211517
34 1752 15129 0 1777797281 211522
35 1742 35477 0 1777797281 212845
36 1889 36911 0 1777797281 214819
37 1951 7669 0 1777797281 216159
33 1754 6000 0 1777797281 217530
32 1885 7096 0 1777797281 218618
36 1890 4386 0 1777797281 219207
37 1952 3053 0 1777797281 219215
32 1886 2904 0 1777797281 221525
35 1743 8690 0 1777797281 221537
34 1753 10935 0 1777797281 222470
35 1744 1988 0 1777797281 223540
32 1887 2890 0 1777797281 224428
35 1745 3796 0 1777797281 227340
32 1888 4328 0 1777797281 228765
37 1953 9641 0 1777797281 228867
34 1754 8475 0 1777797281 230950
33 1755 13707 0 1777797281 231241
34 1755 1754 0 1777797281 232706
36 1891 13878 0 1777797281 233094
33 1756 4447 0 1777797281 235690
37 1954 7211 0 1777797281 236079
35 1746 8918 0 1777797281 236260
32 1889 9596 0 1777797281 238366
32 1890 1706 0 1777797281 240084
37 1955 5075 0 1777797281 241156
34 1756 25325 0 1777797281 258033
36 1892 25500 0 1777797281 258596
32 1891 18566 0 1777797281 258652
35 1747 22416 0 1777797281 258677
33 1757 24758 0 1777797281 260450
37 1956 20793 0 1777797281 261955
32 1892 6368 0 1777797281 265021
35 1748 6758 0 1777797281 265436
33 1758 7036 0 1777797281 267490
34 1757 12628 0 1777797281 270663
36 1893 13097 0 1777797281 271697
37 1957 9746 0 1777797281 271704
32 1893 12025 0 1777797281 277226
37 1958 6369 0 1777797281 278084
36 1894 6589 0 1777797281 278294
33 1759 11375 0 1777797281 278869
34 1758 8888 0 1777797281 279554
33 1760 1428 0 1777797281 280301
34 1759 1008 0 1777797281 280567
36 1895 3340 0 1777797281 281635
33 1761 2367 0 1777797281 282669
37 1959 8622 0 1777797281 286712
35 1749 22791 0 1777797281 288229
33 1762 5652 0 1777797281 288324
36 1896 7359 0 1777797281 288996
32 1894 12583 0 1777797281 289826
37 1960 10208 0 1777797281 296922
33 1763 8683 0 1777797281 297008
36 1897 8108 0 1777797281 297107
32 1895 7618 0 1777797281 297450
35 1750 9346 0 1777797281 297577
34 1760 17669 0 1777797281 298237
35 1751 2015 0 1777797281 299593
37 1961 5695 0 1777797281 302619
35 1752 3348 0 1777797281 302987
35 1753 3644 0 1777797281 306636
32 1896 9977 0 1777797281 307429
36 1898 10595 0 1777797281 307703
34 1761 10940 0 1777797281 309182
34 1762 1663 0 1777797281 310846
34 1763 1209 0 1777797281 312059
37 1962 10548 0 1777797281 313173
33 1764 16260 0 1777797281 313270
35 1754 7138 0 1777797281 313776
37 1963 1799 0 1777797281 314976
35 1755 1903 0 1777797281 315681
37 1964 2575 0 1777797281 317553
32 1897 11334 0 1777797281 318766
37 1965 4679 0 1777797281 322239
34 1764 11108 0 1777797281 323170
32 1898 5244 0 1777797281 324015
33 1765 11894 0 1777797281 325167
34 1765 3733 0 1777797281 326906
35 1756 12769 0 1777797281 328452
32 1899 4632 0 1777797281 328649
35 1757 1942 0 1777797281 330396
33 1766 5404 0 1777797281 330573
37 1966 9325 0 1777797281 331566
36 1899 24385 0 1777797281 332090
37 1967 916 0 1777797281 332484
32 1900 5801 0 1777797281 334452
37 1968 2197 0 1777797281 334683
33 1767 6674 0 1777797281 337248
37 1969 3032 0 1777797281 337717
35 1758 9599 0 1777797281 339997
32 1901 5562 0 1777797281 340016
32 1902 764 0 1777797281 340781
32 1903 3858 0 1777797281 344641
33 1768 10750 0 1777797281 348000
32 1904 4090 0 1777797281 348735
32 1905 3469 0 1777797281 352209
32 1906 10306 0 1777797281 362517
35 1759 22815 0 1777797281 362814
35 1760 1144 0 1777797281 363959
32 1907 3789 0 1777797281 366314
33 1769 18983 0 1777797281 366985
35 1761 4831 0 1777797281 368792
32 1908 4506 0 1777797281 370822
33 1770 5007 0 1777797281 371994
32 1909 2618 0 1777797281 373442
32 1910 1573 0 1777797281 375017
32 1911 3270 0 1777797281 378289
32 1912 2253 0 1777797281 380549
35 1762 13520 0 1777797281 382314
35 1763 1353 0 1777797281 383675
32 1913 4612 0 1777797281 385166
32 1914 2197 0 1777797281 387367
35 1764 3885 0 1777797281 387563
37 1970 50003 0 1777797281 387722
35 1765 3043 0 1777797281 390607
34 1766 63840 0 1777797281 390749
36 1900 61520 0 1777797281 393614
37 1971 7307 0 1777797281 395031
34 1767 5083 0 1777797281 395834
34 1768 1385 0 1777797281 397221
36 1901 3974 0 1777797281 397592
34 1769 1527 0 1777797281 398749
36 1902 2890 0 1777797281 400483
35 1766 12493 0 1777797281 403103
34 1770 5663 0 1777797281 404414
37 1972 9396 0 1777797281 404428
33 1771 33358 0 1777797281 405354
36 1903 5034 0 1777797281 405519
33 1772 3353 0 1777797281 408713
37 1973 4276 0 1777797281 408726
34 1771 4378 0 1777797281 408807
35 1767 9844 0 1777797281 412949
36 1904 7437 0 1777797281 412958
34 1772 4853 0 1777797281 413661
33 1773 8006 0 1777797281 416733
34 1773 3318 0 1777797281 416983
34 1774 3776 0 1777797281 420761
33 1774 4253 0 1777797281 420996
34 1775 2964 0 1777797281 423727
35 1768 13827 0 1777797281 426786
36 1905 16117 0 1777797281 429092
35 1769 2695 0 1777797281 429483
33 1775 8973 0 1777797281 429970
37 1974 21658 0 1777797281 430397
37 1975 3277 0 1777797281 433677
35 1770 4886 0 1777797281 434371
34 1776 14163 0 1777797281 437896
36 1906 9884 0 1777797281 438980
37 1976 5409 0 1777797281 439088
36 1907 2157 0 1777797281 441140
37 1977 2640 0 1777797281 441729
36 1908 7525 0 1777797281 448667
35 1771 14484 0 1777797281 448858
32 1915 65036 0 1777797281 452406
32 1916 1917 0 1777797281 454325
36 1909 6582 0 1777797281 455251
34 1777 18581 0 1777797281 456481
35 1772 8752 0 1777797281 457612
32 1917 3308 0 1777797281 457639
33 1776 28017 0 1777797281 457989
37 1978 17157 0 1777797281 458888
36 1910 6681 0 1777797281 461937
32 1918 14786 0 1777797281 472426
35 1773 14913 0 1777797281 472529
37 1979 13645 0 1777797281 472536
33 1777 14606 0 1777797281 472598
36 1911 10886 0 1777797281 472825
37 1980 3903 0 1777797281 476450
33 1778 6457 0 1777797281 479057
35 1774 8083 0 1777797281 480620
37 1981 4638 0 1777797281 481088
36 1912 9281 0 1777797281 482107
32 1919 14740 0 1777797281 487169
33 1779 10429 0 1777797281 489490
35 1775 10698 0 1777797281 491324
34 1778 37432 0 1777797281 493920
33 1780 4570 0 1777797281 494063
37 1982 12997 0 1777797281 494087
33 1781 4183 0 1777797281 498247
36 1913 16822 0 1777797281 498931
32 1920 14252 0 1777797281 501425
34 1779 7543 0 1777797281 501467
37 1983 8578 0 1777797281 502666
35 1776 14559 0 1777797281 505885
36 1914 7296 0 1777797281 506229
34 1780 10381 0 1777797281 511855
36 1915 6586 0 1777797281 512817
33 1782 17911 0 1777797281 516162
37 1984 13530 0 1777797281 516197
34 1781 6663 0 1777797281 518519
36 1916 6758 0 1777797281 519577
34 1782 3923 0 1777797281 522445
36 1917 2996 0 1777797281 522576
33 1783 8662 0 1777797281 524832
32 1921 23910 0 1777797281 525378
34 1783 4784 0 1777797281 527236
35 1777 26285 0 1777797281 532172
32 1922 15707 0 1777797281 541089
33 1784 16259 0 1777797281 541093
34 1784 13859 0 1777797281 541099
37 1985 24905 0 1777797281 541103
35 1778 16255 0 1777797281 548429
34 1785 7413 0 1777797281 548528
33 1785 8885 0 1777797281 549995
32 1923 12069 0 1777797281 553172
36 1918 30939 0 1777797281 553517
37 1986 13011 0 1777797281 554130
34 1786 6047 0 1777797281 554577
32 1924 23284 0 1777797281 576460
35 1779 28179 0 1777797281 576619
36 1919 23181 0 1777797281 576702
37 1987 22677 0 1777797281 576808
34 1787 22587 0 1777797281 577168
32 1925 1859 0 1777797281 578321
37 1988 6947 0 1777797281 583756
32 1926 7086 0 1777797281 585412
37 1989 2067 0 1777797281 585824
35 1780 11221 0 1777797281 587842
32 1927 3446 0 1777797281 588860
32 1928 1418 0 1777797281 590282
32 1929 2730 0 1777797281 593014
32 1930 4085 0 1777797281 597102
34 1788 21350 0 1777797281 598521
33 1786 48628 0 1777797281 598626
34 1789 1232 0 1777797281 599758
34 1790 4786 0 1777797281 604547
35 1781 17135 0 1777797281 604983
34 1791 1330 0 1777797281 605879
37 1990 20121 0 1777797281 605946
34 1792 1463 0 1777797281 607344
34 1793 1282 0 1777797281 608628
32 1931 14824 0 1777797281 611927
37 1991 6010 0 1777797281 611958
36 1920 35315 0 1777797281 612018
34 1794 8128 0 1777797281 616760
36 1921 10143 0 1777797281 622163
35 1782 18804 0 1777797281 623790
37 1992 11844 0 1777797281 623803
33 1787 25253 0 1777797281 623880
36 1922 5600 0 1777797281 627766
36 1923 2050 0 1777797281 629819
37 1993 6985 0 1777797281 630802
36 1924 2177 0 1777797281 632000
36 1925 874 0 1777797281 632876
37 1994 2843 0 1777797281 633648
35 1783 11478 0 1777797281 635284
37 1995 2434 0 1777797281 636083
35 1784 2191 0 1777797281 637478
32 1932 26066 0 1777797281 637996
37 1996 3929 0 1777797281 640015
36 1926 7370 0 1777797281 640248
37 1997 778 0 1777797281 640795
33 1788 18259 0 1777797281 642141
32 1933 4296 0 1777797281 642294
36 1927 2851 0 1777797281 643101
33 1789 1345 0 1777797281 643490
32 1934 1403 0 1777797281 643699
36 1928 2531 0 1777797281 645633
37 1998 6542 0 1777797281 647340
33 1790 4175 0 1777797281 647667
32 1935 4390 0 1777797281 648091
33 1791 1801 0 1777797281 649471
33 1792 1439 0 1777797281 650914
33 1793 874 0 1777797281 651791
37 1999 4613 0 1777797281 651957
37 2000 1681 0 1777797281 653639
35 1785 16821 0 1777797281 654303
33 1794 2543 0 1777797281 654336
32 1936 7339 0 1777797281 655435
36 1929 10624 0 1777797281 656261
36 1930 3649 0 1777797281 659911
35 1786 8101 0 1777797281 662410
37 2001 10386 0 1777797281 664028
33 1795 9927 0 1777797281 664265
35 1787 5239 0 1777797281 667660
33 1796 5584 0 1777797281 669851
35 1788 2637 0 1777797281 670300
35 1789 3694 0 1777797281 673998
35 1790 2927 0 1777797281 676929
36 1931 18028 0 1777797281 677941
34 1795 61195 0 1777797281 677958
35 1791 4115 0 1777797281 681046
32 1937 26048 0 1777797281 681485
33 1797 12341 0 1777797281 682193
35 1792 1636 0 1777797281 682684
33 1798 1673 0 1777797281 683871
33 1799 1107 0 1777797281 684982
34 1796 7137 0 1777797281 685096
37 2002 21317 0 1777797281 685354
33 1800 2827 0 1777797281 687811
32 1938 10309 0 1777797281 691799
37 2003 6457 0 1777797281 691812
36 1932 13904 0 1777797281 691847
33 1801 6149 0 1777797281 693968
37 2004 2640 0 1777797281 694469
32 1939 2811 0 1777797281 694624
36 1933 3187 0 1777797281 695035
37 2005 3440 0 1777797281 697912
33 1802 4948 0 1777797281 698918
36 1934 3885 0 1777797281 698925
37 2006 1441 0 1777797281 699355
32 1940 6604 0 1777797281 701230
35 1793 20613 0 1777797281 703299
37 2007 4164 0 1777797281 703522
36 1935 4807 0 1777797281 703742
36 1936 1581 0 1777797281 705325
32 1941 6562 0 1777797281 707795
36 1937 2914 0 1777797281 708244
34 1797 23355 0 1777797281 708453
35 1794 7748 0 1777797281 711049
36 1938 6581 0 1777797281 714827
32 1942 7096 0 1777797281 714895
35 1795 3991 0 1777797281 715043
35 1796 4997 0 1777797281 720042
35 1797 2292 0 1777797281 722338
37 2008 19587 0 1777797281 723240
35 1798 1366 0 1777797281 723706
35 1799 2429 0 1777797281 726137
37 2009 5087 0 1777797281 728330
35 1800 2471 0 1777797281 728611
36 1939 14295 0 1777797281 729124
35 1801 5615 0 1777797281 734227
34 1798 26340 0 1777797281 734795
32 1943 20543 0 1777797281 735441
35 1802 2923 0 1777797281 737154
37 2010 10048 0 1777797281 738385
34 1799 7244 0 1777797281 742041
32 1944 8038 0 1777797281 743485
35 1803 17181 0 1777797281 754337
34 1800 15178 0 1777797281 757221
36 1940 28619 0 1777797281 757744
33 1803 59345 0 1777797281 758271
32 1945 15205 0 1777797281 758692
37 2011 21886 0 1777797281 760273
35 1804 5991 0 1777797281 760329
36 1941 4284 0 1777797281 762031
33 1804 5576 0 1777797281 763849
32 1946 5622 0 1777797281 764317
37 2012 6526 0 1777797281 766803
32 1947 6279 0 1777797281 770598
35 1805 10279 0 1777797281 770610
36 1942 8649 0 1777797281 770681
33 1805 7714 0 1777797281 771566
35 1806 6506 0 1777797281 777128
37 2013 13041 0 1777797281 779846
32 1948 10165 0 1777797281 780776
33 1806 10329 0 1777797281 781896
36 1943 12272 0 1777797281 782960
35 1807 9142 0 1777797281 786275
36 1944 4607 0 1777797281 787569
37 2014 15781 0 1777797281 795630
33 1807 13972 0 1777797281 795870
35 1808 10282 0 1777797281 796568
35 1809 3760 0 1777797281 800331
32 1949 20402 0 1777797281 801184
32 1950 5125 0 1777797281 806312
37 2015 10706 0 1777797281 806346
36 1945 21074 0 1777797281 808644
35 1810 9971 0 1777797281 810304
36 1946 3915 0 1777797281 812560
34 1801 59504 0 1777797281 816727
36 1947 4715 0 1777797281 817277
34 1802 3293 0 1777797281 820025
37 2016 14392 0 1777797281 820739
32 1951 27067 0 1777797281 833381
35 1811 27109 0 1777797281 837416
32 1952 4808 0 1777797281 838196
34 1803 21829 0 1777797281 841856
35 1812 5308 0 1777797281 842728
37 2017 22118 0 1777797281 842860
37 2018 2866 0 1777797281 845728
34 1804 4430 0 1777797281 846289
35 1813 5835 0 1777797281 848566
37 2019 3807 0 1777797281 849539
32 1953 13339 0 1777797281 851539
35 1814 3997 0 1777797281 852565
32 1954 4623 0 1777797281 856164
36 1948 39657 0 1777797281 856935
33 1808 61989 0 1777797281 857862
32 1955 2492 0 1777797281 858663
32 1956 3603 0 1777797281 862269
37 2020 13698 0 1777797281 863240
33 1809 7821 0 1777797281 865685
32 1957 4506 0 1777797281 866778
37 2021 3746 0 1777797281 866988
36 1949 15284 0 1777797281 872221
37 2022 6063 0 1777797281 873053
35 1815 21139 0 1777797281 873707
37 2023 4851 0 1777797281 877906
35 1816 6498 0 1777797281 880210
36 1950 8766 0 1777797281 880989
32 1958 20226 0 1777797281 887006
36 1951 6022 0 1777797281 887013
37 2024 9185 0 1777797281 887099
33 1810 21769 0 1777797281 887456
35 1817 7810 0 1777797281 888022
34 1805 43079 0 1777797281 889370
35 1818 2522 0 1777797281 890547
36 1952 4752 0 1777797281 891808
35 1819 8359 0 1777797281 898908
32 1959 16408 0 1777797281 903422
32 1960 7172 0 1777797281 910598
33 1811 23145 0 1777797281 910604
34 1806 21235 0 1777797281 910608
35 1820 11699 0 1777797281 910613
36 1953 18807 0 1777797281 910617
37 2025 23831 0 1777797281 910931
33 1812 6078 0 1777797281 916703
35 1821 18401 0 1777797281 929037
36 1954 22071 0 1777797281 932712
36 1955 9124 0 1777797281 941838
35 1822 14679 0 1777797281 943722
32 1961 35308 0 1777797281 945926
33 1813 35130 0 1777797281 951835
32 1962 10263 0 1777797281 956195
34 1807 45878 0 1777797281 956508
37 2026 45582 0 1777797281 956514
32 1963 4199 0 1777797281 960396
37 2027 6970 0 1777797281 963492
34 1808 6998 0 1777797281 963512
32 1964 4500 0 1777797281 964898
37 2028 9009 0 1777797281 972502
32 1965 8067 0 1777797281 972979
34 1809 10922 0 1777797281 974435
33 1814 29513 0 1777797281 981350
37 2029 11190 0 1777797281 983693
32 1966 22439 0 1777797281 995420
37 2030 13120 0 1777797281 996815
36 1956 55981 0 1777797281 997822
33 1815 16500 0 1777797281 997853
35 1823 55253 0 1777797281 998980
37 2031 2312 0 1777797281 999128
37 2032 2667 0 1777797282 1797
35 1824 2863 0 1777797282 1845
33 1816 6758 0 1777797282 4612
33 1817 4106 0 1777797282 8721
36 1957 11675 0 1777797282 9504
37 2033 8098 0 1777797282 9897
35 1825 11250 0 1777797282 13097
36 1958 3608 0 1777797282 13113
32 1967 20333 0 1777797282 15826
36 1959 2901 0 1777797282 16015
35 1826 3126 0 1777797282 16226
32 1968 2819 0 1777797282 18648
35 1827 2437 0 1777797282 18666
36 1960 2656 0 1777797282 18673
35 1828 2894 0 1777797282 21568
36 1961 2904 0 1777797282 21593
36 1962 9106 0 1777797282 30710
37 2034 20822 0 1777797282 30721
35 1829 9668 0 1777797282 31263
33 1818 23749 0 1777797282 32472
35 1830 1352 0 1777797282 32620
37 2035 2584 0 1777797282 33316
35 1831 736 0 1777797282 33358
36 1963 3383 0 1777797282 34105
35 1832 1480 0 1777797282 34839
36 1964 3516 0 1777797282 37623
32 1969 19072 0 1777797282 37723
36 1965 2317 0 1777797282 39942
35 1833 5130 0 1777797282 39970
32 1970 4494 0 1777797282 42218
37 2036 9403 0 1777797282 42721
35 1834 6508 0 1777797282 46481
34 1810 72101 0 1777797282 46539
37 2037 3821 0 1777797282 46547
36 1966 7328 0 1777797282 47272
32 1971 7441 0 1777797282 49665
37 2038 3821 0 1777797282 50383
34 1811 4995 0 1777797282 51544
36 1967 8749 0 1777797282 56023
35 1835 9817 0 1777797282 56308
32 1972 7068 0 1777797282 56735
36 1968 1298 0 1777797282 57323
36 1969 1894 0 1777797282 59219
32 1973 3731 0 1777797282 60471
36 1970 4462 0 1777797282 63686
35 1836 7484 0 1777797282 63794
32 1974 6481 0 1777797282 66954
32 1975 3464 0 1777797282 70420
35 1837 6639 0 1777797282 70434
36 1971 7108 0 1777797282 70796
34 1812 21731 0 1777797282 73282
33 1819 41019 0 1777797282 73499
36 1972 4492 0 1777797282 75290
34 1813 3554 0 1777797282 76841
32 1976 7484 0 1777797282 77919
34 1814 1636 0 1777797282 78480
36 1973 3190 0 1777797282 78487
33 1820 8428 0 1777797282 81930
32 1977 5542 0 1777797282 83464
35 1838 14276 0 1777797282 84722
32 1978 2224 0 1777797282 85693
34 1815 7509 0 1777797282 85996
36 1974 9200 0 1777797282 87697
36 1975 1832 0 1777797282 89535
35 1839 5198 0 1777797282 89926
36 1976 1680 0 1777797282 91218
33 1821 9829 0 1777797282 91761
35 1840 2911 0 1777797282 92840
36 1977 7022 0 1777797282 98246
35 1841 7331 0 1777797282 100173
33 1822 12972 0 1777797282 104735
35 1842 7472 0 1777797282 107647
35 1843 3534 0 1777797282 111183
32 1979 28215 0 1777797282 113928
33 1823 10731 0 1777797282 115470
36 1978 17634 0 1777797282 115886
33 1824 6102 0 1777797282 121580
34 1816 37951 0 1777797282 123950
35 1844 19871 0 1777797282 131057
36 1979 17007 0 1777797282 132895
33 1825 12110 0 1777797282 133692
35 1845 2659 0 1777797282 133718
32 1980 20869 0 1777797282 134800
32 1981 1655 0 1777797282 136457
35 1846 2819 0 1777797282 136538
36 1980 6309 0 1777797282 139206
32 1982 4677 0 1777797282 141136
37 2039 90869 0 1777797282 141254
32 1983 2525 0 1777797282 143664
32 1984 6700 0 1777797282 150368
36 1981 12093 0 1777797282 151305
33 1826 22773 0 1777797282 156471
35 1847 21686 0 1777797282 158227
32 1985 10946 0 1777797282 161317
34 1817 37375 0 1777797282 161327
36 1982 11509 0 1777797282 162820
32 1986 3653 0 1777797282 164981
34 1818 7984 0 1777797282 169324
35 1848 11107 0 1777797282 169335
33 1827 20458 0 1777797282 176932
32 1987 12983 0 1777797282 177969
35 1849 9064 0 1777797282 178413
36 1983 16744 0 1777797282 179567
36 1984 2205 0 1777797282 181776
35 1850 3416 0 1777797282 181832
34 1819 12648 0 1777797282 181984
36 1985 9976 0 1777797282 191767
35 1851 10005 0 1777797282 191840
33 1828 14944 0 1777797282 191879
34 1820 9901 0 1777797282 191886
32 1988 13937 0 1777797282 191910
37 2040 58886 0 1777797282 200142
33 1829 16506 0 1777797282 208393
36 1986 16643 0 1777797282 208412
34 1821 16585 0 1777797282 208480
35 1852 20000 0 1777797282 211841
32 1989 20821 0 1777797282 212732
36 1987 5653 0 1777797282 214078
37 2041 16090 0 1777797282 216235
32 1990 4313 0 1777797282 217051
36 1988 3963 0 1777797282 218043
35 1853 6598 0 1777797282 218441
36 1989 4756 0 1777797282 222801
36 1990 2492 0 1777797282 225296
35 1854 7091 0 1777797282 225535
36 1991 6268 0 1777797282 231568
36 1992 1230 0 1777797282 232800
34 1822 29150 0 1777797282 237631
34 1823 885 0 1777797282 238520
34 1824 1074 0 1777797282 239604
34 1825 3317 0 1777797282 242924
36 1993 11348 0 1777797282 244150
33 1830 36318 0 1777797282 244731
37 2042 29245 0 1777797282 245482
37 2043 1611 0 1777797282 247096
34 1826 4186 0 1777797282 247115
36 1994 3012 0 1777797282 247167
37 2044 2724 0 1777797282 249821
34 1827 3572 0 1777797282 250689
36 1995 4580 0 1777797282 251749
33 1831 12403 0 1777797282 257138
36 1996 5477 0 1777797282 257229
34 1828 6696 0 1777797282 257387
33 1832 2327 0 1777797282 259469
34 1829 3053 0 1777797282 260442
33 1833 4094 0 1777797282 263566
34 1830 3263 0 1777797282 263707
34 1831 1896 0 1777797282 265604
33 1834 4137 0 1777797282 267711
36 1997 11160 0 1777797282 268391
32 1991 51343 0 1777797282 268452
37 2045 22729 0 1777797282 272552
33 1835 7052 0 1777797282 274768
37 2046 4215 0 1777797282 276772
36 1998 8589 0 1777797282 276986
32 1992 11012 0 1777797282 279465
34 1832 15279 0 1777797282 280887
32 1993 4009 0 1777797282 283476
37 2047 10686 0 1777797282 287464
34 1833 7066 0 1777797282 287956
33 1836 13251 0 1777797282 288021
36 1999 16707 0 1777797282 293694
32 1994 11353 0 1777797282 294832
33 1837 6817 0 1777797282 294839
34 1834 6884 0 1777797282 294843
37 2048 9309 0 1777797282 296777
35 1855 74821 0 1777797282 300357
32 1995 7997 0 1777797282 302841
37 2049 7479 0 1777797282 304260
37 2050 2284 0 1777797282 306547
32 1996 7186 0 1777797282 310031
33 1838 15321 0 1777797282 310174
37 2051 3632 0 1777797282 310183
34 1835 16525 0 1777797282 311385
37 2052 8846 0 1777797282 319043
36 2000 25474 0 1777797282 319170
33 1839 9533 0 1777797282 319717
35 1856 20062 0 1777797282 320427
34 1836 9396 0 1777797282 320783
36 2001 2783 0 1777797282 321953
36 2002 1011 0 1777797282 322966
34 1837 2424 0 1777797282 323211
32 1997 16827 0 1777797282 326869
33 1840 9726 0 1777797282 329446
36 2003 6541 0 1777797282 329510
34 1838 8264 0 1777797282 331478
32 1998 10848 0 1777797282 337719
33 1841 10660 0 1777797282 340109
34 1839 9551 0 1777797282 341031
37 2053 24668 0 1777797282 343726
33 1842 5995 0 1777797282 346107
36 2004 20182 0 1777797282 349695
35 1857 37914 0 1777797282 358347
36 2005 10612 0 1777797282 360309
34 1840 19392 0 1777797282 360428
32 1999 24851 0 1777797282 362582
37 2054 23432 0 1777797282 367161
32 2000 5951 0 1777797282 368540
35 1858 18069 0 1777797282 376426
34 1841 16743 0 1777797282 377173
32 2001 8703 0 1777797282 377244
36 2006 17784 0 1777797282 378095
35 1859 16598 0 1777797282 393026
32 2002 16965 0 1777797282 394212
32 2003 6839 0 1777797282 401056
36 2007 27159 0 1777797282 405260
34 1842 29655 0 1777797282 406834
32 2004 5869 0 1777797282 406927
35 1860 18087 0 1777797282 411117
32 2005 4494 0 1777797282 411422
33 1843 66095 0 1777797282 412204
34 1843 5436 0 1777797282 412271
37 2055 45125 0 1777797282 412288
35 1861 4801 0 1777797282 415920
32 2006 9480 0 1777797282 420904
35 1862 4993 0 1777797282 420915
37 2056 10408 0 1777797282 422697
33 1844 10504 0 1777797282 422709
34 1844 10636 0 1777797282 422908
36 2008 19847 0 1777797282 425109
35 1863 4638 0 1777797282 425566
33 1845 6954 0 1777797282 429664
37 2057 7196 0 1777797282 429894
36 2009 4829 0 1777797282 429941
34 1845 7186 0 1777797282 430097
32 2007 16364 0 1777797282 437280
37 2058 7498 0 1777797282 437393
33 1846 9384 0 1777797282 439050
36 2010 9129 0 1777797282 439071
33 1847 5561 0 1777797282 444614
32 2008 13850 0 1777797282 451139
34 1846 21899 0 1777797282 451998
33 1848 7922 0 1777797282 452538
36 2011 13477 0 1777797282 452549
37 2059 17841 0 1777797282 455236
35 1864 30532 0 1777797282 456101
32 2009 5022 0 1777797282 456168
34 1847 9385 0 1777797282 461384
35 1865 5284 0 1777797282 461391
37 2060 6729 0 1777797282 461971
36 2012 9835 0 1777797282 462394
33 1849 12084 0 1777797282 464634
32 2010 8554 0 1777797282 464724
35 1866 3994 0 1777797282 465393
37 2061 6478 0 1777797282 468450
36 2013 6219 0 1777797282 468615
34 1848 10329 0 1777797282 471722
32 2011 7017 0 1777797282 471742
33 1850 7916 0 1777797282 472622
35 1867 7829 0 1777797282 473224
37 2062 9819 0 1777797282 478277
36 2014 9857 0 1777797282 478473
32 2012 8455 0 1777797282 480198
33 1851 7760 0 1777797282 480383
36 2015 4314 0 1777797282 482790
33 1852 6949 0 1777797282 487335
32 2013 8452 0 1777797282 488653
35 1868 15895 0 1777797282 489121
34 1849 18434 0 1777797282 490158
35 1869 1733 0 1777797282 490857
33 1853 9679 0 1777797282 497021
37 2063 18752 0 1777797282 497031
32 2014 9186 0 1777797282 497844
33 1854 1525 0 1777797282 498557
37 2064 3027 0 1777797282 500068
36 2016 19050 0 1777797282 501842
33 1855 6887 0 1777797282 505447
32 2015 7817 0 1777797282 505667
33 1856 1657 0 1777797282 507106
34 1850 18984 0 1777797282 509145
35 1870 18899 0 1777797282 509758
33 1857 2697 0 1777797282 509805
37 2065 12032 0 1777797282 512103
37 2066 7349 0 1777797282 519453
36 2017 17718 0 1777797282 519560
33 1858 10757 0 1777797282 520563
35 1871 19036 0 1777797282 528796
37 2067 10044 0 1777797282 529509
34 1851 20421 0 1777797282 529572
33 1859 11746 0 1777797282 532311
32 2016 26857 0 1777797282 532527
36 2018 18318 0 1777797282 537879
32 2017 7929 0 1777797282 540459
35 1872 11670 0 1777797282 540468
33 1860 8637 0 1777797282 540950
36 2019 7891 0 1777797282 545772
35 1873 6188 0 1777797282 546668
32 2018 6625 0 1777797282 547095
36 2020 4411 0 1777797282 550185
32 2019 4605 0 1777797282 551704
33 1861 12793 0 1777797282 553749
35 1874 7333 0 1777797282 554004
36 2021 6178 0 1777797282 556367
33 1862 7448 0 1777797282 561206
35 1875 8051 0 1777797282 562057
36 2022 9394 0 1777797282 565763
33 1863 7349 0 1777797282 568558
34 1852 42039 0 1777797282 571612
37 2068 42541 0 1777797282 572052
33 1864 3607 0 1777797282 572169
33 1865 3948 0 1777797282 576119
34 1853 4857 0 1777797282 576472
37 2069 8261 0 1777797282 580316
36 2023 14686 0 1777797282 580451
36 2024 1075 0 1777797282 581527
37 2070 1496 0 1777797282 581817
35 1876 20673 0 1777797282 582735
37 2071 1049 0 1777797282 582867
34 1854 6894 0 1777797282 583368
36 2025 2198 0 1777797282 583727
32 2020 35997 0 1777797282 587707
32 2021 1067 0 1777797282 588776
35 1877 6554 0 1777797282 589294
37 2072 7180 0 1777797282 590048
36 2026 7125 0 1777797282 590855
34 1855 11243 0 1777797282 594615
35 1878 7743 0 1777797282 597039
36 2027 6968 0 1777797282 597825
33 1866 22431 0 1777797282 598557
33 1867 1710 0 1777797282 600269
33 1868 2431 0 1777797282 602703
35 1879 6322 0 1777797282 603364
34 1856 14976 0 1777797282 609592
36 2028 14965 0 1777797282 612796
33 1869 10412 0 1777797282 613125
33 1870 3267 0 1777797282 616395
33 1871 6341 0 1777797282 622743
35 1880 19950 0 1777797282 623315
36 2029 11881 0 1777797282 624679
33 1872 1981 0 1777797282 624728
34 1857 21275 0 1777797282 630869
33 1873 6590 0 1777797282 631321
37 2073 42754 0 1777797282 632804
33 1874 6677 0 1777797282 638001
33 1875 3991 0 1777797282 641995
37 2074 11172 0 1777797282 643981
34 1858 13133 0 1777797282 644005
33 1876 5576 0 1777797282 647574
37 2075 4258 0 1777797282 648243
32 2022 61319 0 1777797282 650097
35 1881 27165 0 1777797282 650487
33 1877 3509 0 1777797282 651087
36 2030 26468 0 1777797282 651149
36 2031 4979 0 1777797282 656130
37 2076 8045 0 1777797282 656292
35 1882 7790 0 1777797282 658279
36 2032 3674 0 1777797282 659807
32 2023 10623 0 1777797282 660723
35 1883 4862 0 1777797282 663145
37 2077 9408 0 1777797282 665703
33 1878 16289 0 1777797282 667378
35 1884 7274 0 1777797282 670426
34 1859 26840 0 1777797282 670846
37 2078 5476 0 1777797282 671180
33 1879 5449 0 1777797282 672833
32 2024 12128 0 1777797282 672856
34 1860 2818 0 1777797282 673665
36 2033 13863 0 1777797282 673673
37 2079 2549 0 1777797282 673731
33 1880 3802 0 1777797282 676639
33 1881 2562 0 1777797282 679204
35 1885 9362 0 1777797282 679803
37 2080 6090 0 1777797282 679822
32 2025 8881 0 1777797282 681738
33 1882 2914 0 1777797282 682121
32 2026 2248 0 1777797282 683992
37 2081 5161 0 1777797282 684996
32 2027 2857 0 1777797282 686852
33 1883 4799 0 1777797282 686978
37 2082 2056 0 1777797282 687054
34 1861 15548 0 1777797282 689222
35 1886 10546 0 1777797282 690369
33 1884 6336 0 1777797282 693316
36 2034 19648 0 1777797282 693332
32 2028 6508 0 1777797282 693362
37 2083 6313 0 1777797282 693368
35 1887 5191 0 1777797282 695564
36 2035 6630 0 1777797282 699976
34 1862 10789 0 1777797282 700015
32 2029 7309 0 1777797282 700678
33 1885 7614 0 1777797282 700947
35 1888 6058 0 1777797282 701623
36 2036 2818 0 1777797282 702797
33 1886 2217 0 1777797282 703165
32 2030 3128 0 1777797282 703809
37 2084 10526 0 1777797282 703909
33 1887 2457 0 1777797282 705624
35 1889 5370 0 1777797282 706998
37 2085 3756 0 1777797282 707667
36 2037 6798 0 1777797282 709603
32 2031 7171 0 1777797282 710984
37 2086 4440 0 1777797282 712109
33 1888 6919 0 1777797282 712546
34 1863 14875 0 1777797282 714893
35 1890 7897 0 1777797282 714905
36 2038 5632 0 1777797282 715238
37 2087 3944 0 1777797282 716055
32 2032 5310 0 1777797282 716297
34 1864 5978 0 1777797282 720885
32 2033 8339 0 1777797282 724638
32 2034 4723 0 1777797282 729363
34 1865 14745 0 1777797282 735632
33 1889 24945 0 1777797282 737494
32 2035 10352 0 1777797282 739718
33 1890 6065 0 1777797282 743565
37 2088 27755 0 1777797282 743814
36 2039 33982 0 1777797282 749222
34 1866 16434 0 1777797282 752070
32 2036 18242 0 1777797282 757962
32 2037 2687 0 1777797282 760653
36 2040 13195 0 1777797282 762419
36 2041 5795 0 1777797282 768217
36 2042 809 0 1777797282 769031
35 1891 55548 0 1777797282 770467
34 1867 21053 0 1777797282 773126
36 2043 4832 0 1777797282 773865
32 2038 15430 0 1777797282 776088
36 2044 2540 0 1777797282 776407
32 2039 4516 0 1777797282 780607
36 2045 5429 0 1777797282 781839
34 1868 8742 0 1777797282 781872
35 1892 11418 0 1777797282 781888
37 2089 38090 0 1777797282 781906
37 2090 6913 0 1777797282 788821
35 1893 7120 0 1777797282 789009
36 2046 7180 0 1777797282 789026
33 1891 45536 0 1777797282 789103
32 2040 9886 0 1777797282 790495
34 1869 9502 0 1777797282 791376
33 1892 6013 0 1777797282 795117
35 1894 6219 0 1777797282 795230
37 2091 7385 0 1777797282 796208
32 2041 12135 0 1777797282 802631
36 2047 13618 0 1777797282 802645
37 2092 7686 0 1777797282 803896
33 1893 9076 0 1777797282 804195
35 1895 10060 0 1777797282 805292
34 1870 15788 0 1777797282 807172
32 2042 7737 0 1777797282 810384
36 2048 7731 0 1777797282 810393
37 2093 7864 0 1777797282 811762
33 1894 7591 0 1777797282 811790
35 1896 6849 0 1777797282 812150
35 1897 7065 0 1777797282 819219
37 2094 7461 0 1777797282 819228
33 1895 7904 0 1777797282 819695
34 1871 12529 0 1777797282 819703
32 2043 10572 0 1777797282 820966
36 2049 12687 0 1777797282 823093
37 2095 3874 0 1777797282 823114
35 1898 4649 0 1777797282 823878
34 1872 9253 0 1777797282 828966
32 2044 8793 0 1777797282 829762
33 1896 10078 0 1777797282 829782
37 2096 7498 0 1777797282 830623
35 1899 6760 0 1777797282 830643
36 2050 7558 0 1777797282 830674
36 2051 2429 0 1777797282 833104
34 1873 4177 0 1777797282 833145
35 1900 7421 0 1777797282 838066
37 2097 7474 0 1777797282 838100
32 2045 8590 0 1777797282 838354
33 1897 8577 0 1777797282 838360
36 2052 6646 0 1777797282 839754
36 2053 2601 0 1777797282 842358
37 2098 7464 0 1777797282 845565
33 1898 7988 0 1777797282 846357
35 1901 8298 0 1777797282 846367
34 1874 13249 0 1777797282 846396
37 2099 8135 0 1777797282 853702
35 1902 8011 0 1777797282 854393
33 1899 8174 0 1777797282 854541
32 2046 16470 0 1777797282 854832
34 1875 8443 0 1777797282 854840
36 2054 12509 0 1777797282 854868
37 2100 4868 0 1777797282 858572
35 1903 8859 0 1777797282 863255
33 1900 8784 0 1777797282 863326
36 2055 9226 0 1777797282 864095
37 2101 5769 0 1777797282 864343
34 1876 11237 0 1777797282 866089
33 1901 2830 0 1777797282 866159
32 2047 16865 0 1777797282 871705
37 2102 7392 0 1777797282 871736
35 1904 8640 0 1777797282 871905
33 1902 7806 0 1777797282 873967
36 2056 13985 0 1777797282 878085
34 1877 13197 0 1777797282 879289
37 2103 11638 0 1777797282 883375
36 2057 8426 0 1777797282 886517
32 2048 16448 0 1777797282 888157
33 1903 14562 0 1777797282 888538
34 1878 9690 0 1777797282 889006
37 2104 7177 0 1777797282 890553
35 1905 23295 0 1777797282 895201
34 1879 6734 0 1777797282 895741
33 1904 8224 0 1777797282 896764
37 2105 6729 0 1777797282 897285
36 2058 10820 0 1777797282 897338
32 2049 15712 0 1777797282 903870
34 1880 8145 0 1777797282 903888
35 1906 8690 0 1777797282 903893
33 1905 8429 0 1777797282 905194
32 2050 1945 0 1777797282 905840
34 1881 3348 0 1777797282 907249
37 2106 11363 0 1777797282 908650
36 2059 11804 0 1777797282 909144
35 1907 6797 0 1777797282 910704
37 2107 2742 0 1777797282 911394
36 2060 2829 0 1777797282 911977
33 1906 11165 0 1777797282 916361
37 2108 11052 0 1777797282 922449
33 1907 6115 0 1777797282 922480
32 2051 17384 0 1777797282 923229
34 1882 15989 0 1777797282 923240
35 1908 17735 0 1777797282 928443
33 1908 6348 0 1777797282 928829
37 2109 6940 0 1777797282 929397
34 1883 10174 0 1777797282 933428
34 1884 1506 0 1777797282 934937
37 2110 8314 0 1777797282 937712
34 1885 3719 0 1777797282 938663
33 1909 12786 0 1777797282 941616
37 2111 4619 0 1777797282 942338
34 1886 4979 0 1777797282 943644
32 2052 27044 0 1777797282 950286
37 2112 8673 0 1777797282 951017
34 1887 10332 0 1777797282 953979
37 2113 5234 0 1777797282 956256
34 1888 2404 0 1777797282 956397
32 2053 6737 0 1777797282 957028
33 1910 16522 0 1777797282 958142
34 1889 2519 0 1777797282 958919
33 1911 6029 0 1777797282 964174
36 2061 52362 0 1777797282 964344
37 2114 8148 0 1777797282 964409
33 1912 6879 0 1777797282 971064
37 2115 9031 0 1777797282 973441
37 2116 5038 0 1777797282 978485
32 2054 23378 0 1777797282 980410
33 1913 10131 0 1777797282 981200
34 1890 27812 0 1777797282 986733
37 2117 10569 0 1777797282 989057
33 1914 8590 0 1777797282 989795
32 2055 14700 0 1777797282 995113
37 2118 6614 0 1777797282 995673
33 1915 7243 0 1777797282 997041
34 1891 10336 0 1777797282 997083
37 2119 9171 0 1777797283 4856
33 1916 16774 0 1777797283 13817
37 2120 8972 0 1777797283 13831
32 2056 19637 0 1777797283 14757
34 1892 23543 0 1777797283 20628
37 2121 7527 0 1777797283 21375
35 1909 103001 0 1777797283 31448
33 1917 18262 0 1777797283 32095
34 1893 11493 0 1777797283 32124
37 2122 15902 0 1777797283 37279
35 1910 5930 0 1777797283 37380
36 2062 74695 0 1777797283 39040
32 2057 24326 0 1777797283 39089
33 1918 7557 0 1777797283 39658
33 1919 7014 0 1777797283 46673
34 1894 14607 0 1777797283 46733
37 2123 9503 0 1777797283 46785
36 2063 7758 0 1777797283 46800
32 2058 7724 0 1777797283 46814
35 1911 11805 0 1777797283 49186
32 2059 7507 0 1777797283 54322
37 2124 7785 0 1777797283 54571
33 1920 8573 0 1777797283 55248
34 1895 11630 0 1777797283 58365
36 2064 11570 0 1777797283 58371
35 1912 9441 0 1777797283 58631
32 2060 4282 0 1777797283 58654
33 1921 7975 0 1777797283 63225
37 2125 8662 0 1777797283 63234
36 2065 13565 0 1777797283 71946
34 1896 15259 0 1777797283 73630
37 2126 10381 0 1777797283 73638
32 2061 15119 0 1777797283 73774
33 1922 10545 0 1777797283 73780
35 1913 23450 0 1777797283 82085
32 2062 14335 0 1777797283 88115
33 1923 14335 0 1777797283 88121
37 2127 19736 0 1777797283 93384
36 2066 21690 0 1777797283 93637
34 1897 20091 0 1777797283 93729
32 2063 10634 0 1777797283 98756
36 2067 11241 0 1777797283 104883
33 1924 16815 0 1777797283 104944
37 2128 11554 0 1777797283 104951
32 2064 7593 0 1777797283 106350
34 1898 16033 0 1777797283 109763
37 2129 4802 0 1777797283 109767
33 1925 7373 0 1777797283 112325
35 1914 30253 0 1777797283 112341
36 2068 9102 0 1777797283 113996
32 2065 11537 0 1777797283 117889
33 1926 5745 0 1777797283 118087
33 1927 6264 0 1777797283 124353
36 2069 10363 0 1777797283 124364
37 2130 14598 0 1777797283 124371
32 2066 8269 0 1777797283 126161
35 1915 13816 0 1777797283 126171
34 1899 17355 0 1777797283 127122
36 2070 10960 0 1777797283 135343
37 2131 10957 0 1777797283 135359
33 1928 11295 0 1777797283 135666
34 1900 8844 0 1777797283 135967
32 2067 12515 0 1777797283 138686
35 1916 13344 0 1777797283 139524
33 1929 9065 0 1777797283 144732
37 2132 9365 0 1777797283 144750
34 1901 9219 0 1777797283 145189
36 2071 12092 0 1777797283 147452
32 2068 9303 0 1777797283 148009
33 1930 9233 0 1777797283 153984
34 1902 8802 0 1777797283 153993
35 1917 14433 0 1777797283 154010
32 2069 7362 0 1777797283 155373
36 2072 7924 0 1777797283 155379
37 2133 10622 0 1777797283 155384
33 1931 6742 0 1777797283 160754
36 2073 5976 0 1777797283 161371
34 1903 7890 0 1777797283 161914
35 1918 9921 0 1777797283 163967
32 2070 10488 0 1777797283 165872
34 1904 5792 0 1777797283 167708
37 2134 12328 0 1777797283 167728
33 1932 10321 0 1777797283 171079
35 1919 11447 0 1777797283 175416
33 1933 4474 0 1777797283 175560
36 2074 17555 0 1777797283 178931
34 1905 11244 0 1777797283 178973
37 2135 11625 0 1777797283 179366
33 1934 4291 0 1777797283 179854
34 1906 3870 0 1777797283 182844
34 1907 1371 0 1777797283 184218
32 2071 20546 0 1777797283 186420
37 2136 7063 0 1777797283 186430
34 1908 3336 0 1777797283 187556
35 1920 13177 0 1777797283 188596
36 2075 9821 0 1777797283 188756
33 1935 10629 0 1777797283 190485
37 2137 7371 0 1777797283 193826
32 2072 9221 0 1777797283 195652
36 2076 7079 0 1777797283 195838
34 1909 9513 0 1777797283 197071
35 1921 8481 0 1777797283 197081
33 1936 8523 0 1777797283 199010
35 1922 1926 0 1777797283 199017
34 1910 3403 0 1777797283 200484
37 2138 7157 0 1777797283 200985
32 2073 6789 0 1777797283 202445
33 1937 3679 0 1777797283 202697
34 1911 4287 0 1777797283 204775
35 1923 6321 0 1777797283 205349
37 2139 7747 0 1777797283 208733
33 1938 6560 0 1777797283 209259
34 1912 5811 0 1777797283 210588
32 2074 9363 0 1777797283 211810
35 1924 8780 0 1777797283 214134
34 1913 4639 0 1777797283 215229
36 2077 22140 0 1777797283 217980
32 2075 12068 0 1777797283 223881
33 1939 14770 0 1777797283 224030
36 2078 6055 0 1777797283 224037
35 1925 9923 0 1777797283 224059
34 1914 9839 0 1777797283 225070
32 2076 5111 0 1777797283 228994
33 1940 6762 0 1777797283 230800
32 2077 3604 0 1777797283 232602
37 2140 23881 0 1777797283 232616
36 2079 9772 0 1777797283 233818
33 1941 3704 0 1777797283 234507
33 1942 3352 0 1777797283 237861
34 1915 17233 0 1777797283 242305
33 1943 6373 0 1777797283 244242
36 2080 11895 0 1777797283 245716
37 2141 14830 0 1777797283 247465
33 1944 3815 0 1777797283 248061
35 1926 24034 0 1777797283 248094
34 1916 6884 0 1777797283 249197
37 2142 2325 0 1777797283 249792
33 1945 1940 0 1777797283 250036
32 2078 19752 0 1777797283 252370
35 1927 4287 0 1777797283 252401
33 1946 2400 0 1777797283 252438
37 2143 4999 0 1777797283 254793
33 1947 3914 0 1777797283 256353
33 1948 2860 0 1777797283 259216
37 2144 4432 0 1777797283 259228
35 1928 8264 0 1777797283 260689
33 1949 3475 0 1777797283 262704
36 2081 19615 0 1777797283 265334
34 1917 17734 0 1777797283 266933
37 2145 7707 0 1777797283 266946
33 1950 6027 0 1777797283 268733
34 1918 4420 0 1777797283 271367
33 1951 7971 0 1777797283 276707
34 1919 5345 0 1777797283 276715
32 2079 29050 0 1777797283 281453
34 1920 7379 0 1777797283 284103
33 1952 7406 0 1777797283 284121
36 2082 20091 0 1777797283 285427
32 2080 6444 0 1777797283 287930
33 1953 6210 0 1777797283 290333
34 1921 12490 0 1777797283 296595
36 2083 11166 0 1777797283 296605
33 1954 12013 0 1777797283 302353
32 2081 14471 0 1777797283 302411
34 1922 5878 0 1777797283 302484
37 2146 35664 0 1777797283 302626
35 1929 44083 0 1777797283 304779
36 2084 8184 0 1777797283 304803
32 2082 10441 0 1777797283 312854
33 1955 10647 0 1777797283 313003
35 1930 8536 0 1777797283 313318
37 2147 10707 0 1777797283 313334
34 1923 11078 0 1777797283 313563
34 1924 5907 0 1777797283 319471
37 2148 6148 0 1777797283 319483
36 2085 14884 0 1777797283 319689
33 1956 8638 0 1777797283 321642
32 2083 11345 0 1777797283 324202
35 1931 10893 0 1777797283 324212
37 2149 4781 0 1777797283 324282
34 1925 5243 0 1777797283 324727
36 2086 8157 0 1777797283 327848
32 2084 7032 0 1777797283 331245
33 1957 10279 0 1777797283 331922
32 2085 4590 0 1777797283 335838
34 1926 11157 0 1777797283 335886
37 2150 12097 0 1777797283 336380
35 1932 12529 0 1777797283 336759
36 2087 9157 0 1777797283 337005
33 1958 8700 0 1777797283 340624
32 2086 9311 0 1777797283 345151
34 1927 9180 0 1777797283 345170
36 2088 9157 0 1777797283 346164
33 1959 6812 0 1777797283 347440
35 1933 12205 0 1777797283 348966
33 1960 7708 0 1777797283 355150
34 1928 12131 0 1777797283 357321
32 2087 12762 0 1777797283 357934
35 1934 9299 0 1777797283 358270
36 2089 12143 0 1777797283 358309
37 2151 27708 0 1777797283 364089
35 1935 14466 0 1777797283 372737
32 2088 14974 0 1777797283 372910
36 2090 14888 0 1777797283 373198
33 1961 18336 0 1777797283 373488
34 1929 16843 0 1777797283 374165
37 2152 16099 0 1777797283 380191
35 1936 7602 0 1777797283 380351
34 1930 6335 0 1777797283 380505
32 2089 8263 0 1777797283 381175
36 2091 8273 0 1777797283 381472
33 1962 12381 0 1777797283 385871
35 1937 5558 0 1777797283 385910
37 2153 5762 0 1777797283 385955
34 1931 6112 0 1777797283 386618
36 2092 5153 0 1777797283 386626
32 2090 5673 0 1777797283 386849
37 2154 4845 0 1777797283 390801
35 1938 6518 0 1777797283 392429
33 1963 6703 0 1777797283 392576
36 2093 8767 0 1777797283 395402
32 2091 9411 0 1777797283 396263
34 1932 11368 0 1777797283 397995
37 2155 7249 0 1777797283 398051
35 1939 6840 0 1777797283 399279
34 1933 5727 0 1777797283 403724
33 1964 11175 0 1777797283 403752
36 2094 9028 0 1777797283 404431
33 1965 3706 0 1777797283 407459
37 2156 9855 0 1777797283 407907
36 2095 4850 0 1777797283 409282
36 2096 4425 0 1777797283 413710
34 1934 10372 0 1777797283 414099
35 1940 17721 0 1777797283 417002
34 1935 3695 0 1777797283 417799
33 1966 12909 0 1777797283 420370
32 2092 27085 0 1777797283 423354
36 2097 9657 0 1777797283 423369
37 2157 16935 0 1777797283 424846
33 1967 6425 0 1777797283 426798
35 1941 13037 0 1777797283 430042
37 2158 6807 0 1777797283 431655
35 1942 2469 0 1777797283 432513
37 2159 4340 0 1777797283 435997
33 1968 12559 0 1777797283 439359
36 2098 15988 0 1777797283 439369
33 1969 2399 0 1777797283 441769
36 2099 3917 0 1777797283 443297
33 1970 5210 0 1777797283 446981
33 1971 1914 0 1777797283 448897
36 2100 5905 0 1777797283 449204
37 2160 14458 0 1777797283 450460
33 1972 5357 0 1777797283 454256
33 1973 2475 0 1777797283 456736
32 2093 33731 0 1777797283 457101
36 2101 8465 0 1777797283 457671
35 1943 25581 0 1777797283 458097
33 1974 3269 0 1777797283 460007
36 2102 5219 0 1777797283 462891
37 2161 15173 0 1777797283 465636
36 2103 3360 0 1777797283 466254
35 1944 9857 0 1777797283 467958
37 2162 4663 0 1777797283 470301
34 1936 54189 0 1777797283 471990
35 1945 5349 0 1777797283 473310
37 2163 4773 0 1777797283 475079
36 2104 9511 0 1777797283 475768
32 2094 18804 0 1777797283 475907
36 2105 2699 0 1777797283 478471
36 2106 2373 0 1777797283 480846
32 2095 10911 0 1777797283 486820
33 1975 27149 0 1777797283 487163
35 1946 20221 0 1777797283 493534
35 1947 1688 0 1777797283 495224
37 2164 21464 0 1777797283 496545
35 1948 2213 0 1777797283 497439
34 1937 28289 0 1777797283 500284
34 1938 895 0 1777797283 501184
33 1976 16402 0 1777797283 503568
34 1939 5258 0 1777797283 506444
35 1949 10564 0 1777797283 508005
36 2107 27167 0 1777797283 508015
33 1977 6362 0 1777797283 509933
36 2108 3787 0 1777797283 511815
33 1978 4510 0 1777797283 514446
34 1940 8518 0 1777797283 514967
35 1950 11042 0 1777797283 519058
37 2165 22534 0 1777797283 519083
32 2096 35714 0 1777797283 522542
33 1979 8101 0 1777797283 522550
37 2166 5311 0 1777797283 524395
35 1951 9112 0 1777797283 528176
36 2109 17760 0 1777797283 529579
36 2110 1203 0 1777797283 530785
32 2097 12290 0 1777797283 534842
35 1952 7441 0 1777797283 535620
36 2111 4856 0 1777797283 535643
37 2167 11266 0 1777797283 535666
34 1941 21356 0 1777797283 536329
36 2112 3738 0 1777797283 539383
34 1942 3253 0 1777797283 539588
36 2113 4206 0 1777797283 543592
35 1953 8080 0 1777797283 543703
32 2098 9651 0 1777797283 544496
37 2168 10549 0 1777797283 546217
34 1943 6677 0 1777797283 546267
33 1980 25467 0 1777797283 548038
36 2114 4816 0 1777797283 548418
32 2099 9503 0 1777797283 554005
33 1981 6049 0 1777797283 554089
36 2115 5696 0 1777797283 554117
35 1954 11805 0 1777797283 555509
37 2169 10236 0 1777797283 556456
34 1944 10425 0 1777797283 556693
36 2116 3041 0 1777797283 557159
32 2100 11029 0 1777797283 565120
33 1982 11027 0 1777797283 565128
36 2117 7983 0 1777797283 565145
37 2170 8690 0 1777797283 565152
34 1945 12788 0 1777797283 569483
35 1955 13977 0 1777797283 569488
37 2171 7505 0 1777797283 572688
33 1983 8093 0 1777797283 573258
36 2118 8344 0 1777797283 573519
32 2101 9703 0 1777797283 574856
34 1946 13150 0 1777797283 582639
32 2102 8045 0 1777797283 582903
37 2172 10213 0 1777797283 582911
35 1956 13448 0 1777797283 582944
33 1984 9697 0 1777797283 582961
36 2119 10127 0 1777797283 583649
37 2173 3114 0 1777797283 586038
34 1947 9226 0 1777797283 591868
35 1957 8957 0 1777797283 591902
33 1985 9091 0 1777797283 592053
37 2174 6086 0 1777797283 592157
36 2120 8528 0 1777797283 592178
34 1948 8928 0 1777797283 600799
32 2103 17911 0 1777797283 600822
35 1958 9051 0 1777797283 600954
35 1959 9977 0 1777797283 610931
37 2175 18779 0 1777797283 610938
34 1949 11393 0 1777797283 612195
36 2121 23732 0 1777797283 615912
33 1986 24063 0 1777797283 616117
32 2104 15342 0 1777797283 616166
35 1960 11835 0 1777797283 622773
37 2176 11848 0 1777797283 622802
34 1950 12178 0 1777797283 624376
32 2105 9728 0 1777797283 625895
33 1987 13500 0 1777797283 629618
34 1951 5279 0 1777797283 629663
35 1961 7374 0 1777797283 630151
36 2122 16205 0 1777797283 632121
34 1952 8591 0 1777797283 638255
32 2106 12985 0 1777797283 638887
33 1988 9288 0 1777797283 638909
35 1962 9187 0 1777797283 639343
37 2177 17646 0 1777797283 640448
36 2123 12443 0 1777797283 644573
34 1953 9515 0 1777797283 647779
35 1963 8730 0 1777797283 648075
32 2107 9205 0 1777797283 648094
37 2178 8469 0 1777797283 648925
33 1989 10624 0 1777797283 649534
34 1954 4313 0 1777797283 652095
36 2124 7523 0 1777797283 652106
35 1964 11780 0 1777797283 659859
33 1990 10357 0 1777797283 659893
32 2108 13368 0 1777797283 661464
37 2179 14124 0 1777797283 663055
33 1991 5639 0 1777797283 665534
32 2109 4501 0 1777797283 665966
33 1992 1589 0 1777797283 667129
34 1955 15420 0 1777797283 667527
32 2110 3953 0 1777797283 669923
35 1965 11724 0 1777797283 671585
37 2180 8739 0 1777797283 671795
35 1966 1184 0 1777797283 672772
35 1967 895 0 1777797283 673669
35 1968 2143 0 1777797283 675814
35 1969 5787 0 1777797283 681610
35 1970 1175 0 1777797283 682788
36 2125 30770 0 1777797283 682890
35 1971 1217 0 1777797283 684006
36 2126 1790 0 1777797283 684683
32 2111 16324 0 1777797283 686256
34 1956 18736 0 1777797283 686265
32 2112 1980 0 1777797283 688247
33 1993 22806 0 1777797283 689941
35 1972 6219 0 1777797283 690227
34 1957 4239 0 1777797283 690515
36 2127 5834 0 1777797283 690522
35 1973 747 0 1777797283 690977
33 1994 1487 0 1777797283 691430
35 1974 696 0 1777797283 691676
35 1975 895 0 1777797283 692574
34 1958 2676 0 1777797283 693199
35 1976 3047 0 1777797283 695624
37 2181 23836 0 1777797283 695633
35 1977 1467 0 1777797283 697102
34 1959 4083 0 1777797283 697284
33 1995 7994 0 1777797283 699426
35 1978 2871 0 1777797283 699976
34 1960 2979 0 1777797283 700265
34 1961 3551 0 1777797283 703818
36 2128 15855 0 1777797283 706388
34 1962 2814 0 1777797283 706635
35 1979 8198 0 1777797283 708177
34 1963 4017 0 1777797283 710655
35 1980 4383 0 1777797283 712564
33 1996 13278 0 1777797283 712709
34 1964 3149 0 1777797283 713808
37 2182 18846 0 1777797283 714489
34 1965 1258 0 1777797283 715069
32 2113 31596 0 1777797283 719848
34 1966 4810 0 1777797283 719883
33 1997 13744 0 1777797283 726455
34 1967 7935 0 1777797283 727857
37 2183 14151 0 1777797283 728642
34 1968 1429 0 1777797283 729292
36 2129 23064 0 1777797283 729456
32 2114 11293 0 1777797283 731186
34 1969 2936 0 1777797283 732234
34 1970 2512 0 1777797283 734751
34 1971 1201 0 1777797283 735955
32 2115 9702 0 1777797283 740892
34 1972 4939 0 1777797283 740900
33 1998 16787 0 1777797283 743245
35 1981 31058 0 1777797283 743625
35 1982 1148 0 1777797283 744774
33 1999 4453 0 1777797283 747705
35 1983 3166 0 1777797283 747942
36 2130 18679 0 1777797283 748137
32 2116 7827 0 1777797283 748729
34 1973 7968 0 1777797283 748880
35 1984 1503 0 1777797283 749447
34 1974 1858 0 1777797283 750741
36 2131 3027 0 1777797283 751168
35 1985 2606 0 1777797283 752058
33 2000 4544 0 1777797283 752313
34 1975 2397 0 1777797283 753141
32 2117 6919 0 1777797283 755651
32 2118 2642 0 1777797283 758295
36 2132 7999 0 1777797283 759169
33 2001 8893 0 1777797283 761209
34 1976 8067 0 1777797283 761216
37 2184 33151 0 1777797283 761796
32 2119 7095 0 1777797283 765392
35 1986 13611 0 1777797283 765672
34 1977 5327 0 1777797283 766565
33 2002 6993 0 1777797283 768211
35 1987 5609 0 1777797283 771282
34 1978 4814 0 1777797283 771381
37 2185 10002 0 1777797283 771800
32 2120 7681 0 1777797283 773075
36 2133 14019 0 1777797283 773190
35 1988 1962 0 1777797283 773246
34 1979 3023 0 1777797283 774406
33 2003 9005 0 1777797283 777218
36 2134 4555 0 1777797283 777747
32 2121 6496 0 1777797283 779578
34 1980 5200 0 1777797283 779609
35 1989 7108 0 1777797283 780355
37 2186 11647 0 1777797283 783450
33 2004 11669 0 1777797283 788891
36 2135 12597 0 1777797283 790346
37 2187 6950 0 1777797283 790402
32 2122 11904 0 1777797283 791485
36 2136 3457 0 1777797283 793806
37 2188 3572 0 1777797283 793976
36 2137 4526 0 1777797283 798333
37 2189 4373 0 1777797283 798351
33 2005 10353 0 1777797283 799252
34 1981 19702 0 1777797283 799313
32 2123 12485 0 1777797283 803972
36 2138 6864 0 1777797283 805199
37 2190 8976 0 1777797283 807329
32 2124 3456 0 1777797283 807429
34 1982 8129 0 1777797283 807444
33 2006 11163 0 1777797283 810418
34 1983 3818 0 1777797283 811274
34 1984 1669 0 1777797283 812946
37 2191 7155 0 1777797283 814493
35 1990 34160 0 1777797283 814520
33 2007 5040 0 1777797283 815463
32 2125 9657 0 1777797283 817102
35 1991 5649 0 1777797283 820170
37 2192 6717 0 1777797283 821214
34 1985 8314 0 1777797283 821261
33 2008 7117 0 1777797283 822582
36 2139 17809 0 1777797283 823016
34 1986 3598 0 1777797283 824860
35 1992 4819 0 1777797283 824991
36 2140 2307 0 1777797283 825324
37 2193 6773 0 1777797283 827990
34 1987 3392 0 1777797283 828256
32 2126 11199 0 1777797283 828303
36 2141 4768 0 1777797283 830095
37 2194 3654 0 1777797283 831645
32 2127 3774 0 1777797283 832079
34 1988 4015 0 1777797283 832274
32 2128 1720 0 1777797283 833801
33 2009 15009 0 1777797283 837593
35 1993 12761 0 1777797283 837753
36 2142 7662 0 1777797283 837759
37 2195 6122 0 1777797283 837768
34 1989 6005 0 1777797283 838281
32 2129 6497 0 1777797283 840301
34 1990 6651 0 1777797283 844942
37 2196 7150 0 1777797283 844951
33 2010 7413 0 1777797283 845008
35 1994 7558 0 1777797283 845327
32 2130 8538 0 1777797283 848841
37 2197 4555 0 1777797283 849522
36 2143 11780 0 1777797283 849573
34 1991 10821 0 1777797283 855774
36 2144 6915 0 1777797283 856489
35 1995 11222 0 1777797283 856550
37 2198 7577 0 1777797283 857103
32 2131 8539 0 1777797283 857383
33 2011 13246 0 1777797283 858255
36 2145 3472 0 1777797283 859963
34 1992 4998 0 1777797283 860774
32 2132 5256 0 1777797283 862640
36 2146 3695 0 1777797283 863661
35 1996 10491 0 1777797283 867042
34 1993 6305 0 1777797283 867083
33 2012 9180 0 1777797283 867441
37 2199 10500 0 1777797283 867607
36 2147 7163 0 1777797283 870826
32 2133 8807 0 1777797283 871450
33 2013 5397 0 1777797283 872840
37 2200 7952 0 1777797283 875561
33 2014 4394 0 1777797283 877237
34 1994 10367 0 1777797283 877452
36 2148 6812 0 1777797283 877639
32 2134 9277 0 1777797283 880729
35 1997 16304 0 1777797283 883349
36 2149 5745 0 1777797283 883385
33 2015 7303 0 1777797283 884542
37 2201 9105 0 1777797283 884668
32 2135 8168 0 1777797283 888900
36 2150 5580 0 1777797283 888966
33 2016 6669 0 1777797283 891212
37 2202 7304 0 1777797283 891973
32 2136 5329 0 1777797283 894233
35 1998 10924 0 1777797283 894275
33 2017 4140 0 1777797283 895357
37 2203 4317 0 1777797283 896294
35 1999 9019 0 1777797283 903295
36 2151 14340 0 1777797283 903307
37 2204 7067 0 1777797283 903364
32 2137 9702 0 1777797283 903941
34 1995 27055 0 1777797283 904510
33 2018 11619 0 1777797283 906978
36 2152 5077 0 1777797283 908399
32 2138 7224 0 1777797283 911170
33 2019 5447 0 1777797283 912429
32 2139 3363 0 1777797283 914551
33 2020 2883 0 1777797283 915315
37 2205 11960 0 1777797283 915325
36 2153 7504 0 1777797283 915905
34 1996 15563 0 1777797283 920201
37 2206 5050 0 1777797283 920388
32 2140 5955 0 1777797283 920509
36 2154 4610 0 1777797283 920519
33 2021 7239 0 1777797283 922566
32 2141 5709 0 1777797283 926229
36 2155 5738 0 1777797283 926268
37 2207 14345 0 1777797283 934734
32 2142 8880 0 1777797283 935111
36 2156 9321 0 1777797283 935590
34 1997 15477 0 1777797283 935681
34 1998 2164 0 1777797283 937846
36 2157 2737 0 1777797283 938329
36 2158 1017 0 1777797283 939349
33 2022 18816 0 1777797283 941383
32 2143 8559 0 1777797283 943672
36 2159 4329 0 1777797283 943681
35 2000 41766 0 1777797283 945075
37 2208 11975 0 1777797283 946711
36 2160 3199 0 1777797283 946895
35 2001 3077 0 1777797283 948156
32 2144 4711 0 1777797283 948393
32 2145 1205 0 1777797283 949603
37 2209 6640 0 1777797283 953354
32 2146 3815 0 1777797283 953423
36 2161 6534 0 1777797283 953431
33 2023 12642 0 1777797283 954028
37 2210 2430 0 1777797283 955793
32 2147 5130 0 1777797283 958562
36 2162 8150 0 1777797283 961604
37 2211 5854 0 1777797283 961650
33 2024 8675 0 1777797283 962706
36 2163 2779 0 1777797283 964430
32 2148 7876 0 1777797283 966443
37 2212 5512 0 1777797283 967194
32 2149 2154 0 1777797283 968599
35 2002 21919 0 1777797283 970080
37 2213 4316 0 1777797283 971516
35 2003 1887 0 1777797283 971970
33 2025 10215 0 1777797283 972926
32 2150 4831 0 1777797283 973434
33 2026 1740 0 1777797283 974668
37 2214 3234 0 1777797283 974763
36 2164 12642 0 1777797283 977074
33 2027 2438 0 1777797283 977108
37 2215 3958 0 1777797283 978723
32 2151 5592 0 1777797283 979032
36 2165 4372 0 1777797283 981448
33 2028 4561 0 1777797283 981670
32 2152 5880 0 1777797283 984916
36 2166 4491 0 1777797283 985940
33 2029 5116 0 1777797283 986788
36 2167 1792 0 1777797283 987736
33 2030 2548 0 1777797283 989338
36 2168 4258 0 1777797283 991997
33 2031 2938 0 1777797283 992284
32 2153 9560 0 1777797283 994479
35 2004 24952 0 1777797283 996924
36 2169 5615 0 1777797283 997621
32 2154 4830 0 1777797283 999321
37 2216 21270 0 1777797283 999995
36 2170 4459 0 1777797284 2083
32 2155 3326 0 1777797284 2651
34 1999 68828 0 1777797284 6677
37 2217 7026 0 1777797284 7023
37 2218 2484 0 1777797284 9509
36 2171 10063 0 1777797284 12150
33 2032 21449 0 1777797284 13734
33 2033 929 0 1777797284 14665
32 2156 12208 0 1777797284 14862
33 2034 1624 0 1777797284 16291
37 2219 10362 0 1777797284 19874
37 2220 2439 0 1777797284 22315
33 2035 6622 0 1777797284 22916
33 2036 1128 0 1777797284 24050
34 2000 18355 0 1777797284 25037
33 2037 1753 0 1777797284 25805
36 2172 14098 0 1777797284 26251
33 2038 1411 0 1777797284 27218
37 2221 6317 0 1777797284 28651
33 2039 1837 0 1777797284 29058
36 2173 7110 0 1777797284 33363
34 2001 9131 0 1777797284 34170
33 2040 5304 0 1777797284 34364
36 2174 2365 0 1777797284 35731
35 2005 42264 0 1777797284 39190
32 2157 25007 0 1777797284 39871
32 2158 1525 0 1777797284 41398
33 2041 8217 0 1777797284 42582
37 2222 14700 0 1777797284 43353
32 2159 2953 0 1777797284 44353
36 2175 11773 0 1777797284 47506
34 2002 15111 0 1777797284 49282
36 2176 1792 0 1777797284 49301
32 2160 5357 0 1777797284 49713
37 2223 7673 0 1777797284 51031
35 2006 13136 0 1777797284 52328
36 2177 4062 0 1777797284 53364
37 2224 3991 0 1777797284 55025
37 2225 1354 0 1777797284 56382
33 2042 14861 0 1777797284 57446
35 2007 5136 0 1777797284 57470
36 2178 5536 0 1777797284 58908
32 2161 10062 0 1777797284 59777
33 2043 6642 0 1777797284 64091
34 2003 15589 0 1777797284 64873
37 2226 8502 0 1777797284 64886
37 2227 2077 0 1777797284 66976
36 2179 8184 0 1777797284 67094
32 2162 10507 0 1777797284 70287
35 2008 14283 0 1777797284 71755
33 2044 7728 0 1777797284 71822
36 2180 5663 0 1777797284 72758
32 2163 5892 0 1777797284 76194
34 2004 11434 0 1777797284 76321
37 2228 9468 0 1777797284 76446
35 2009 5459 0 1777797284 77216
33 2045 6020 0 1777797284 77843
37 2229 3317 0 1777797284 79764
33 2046 4156 0 1777797284 82001
32 2164 6498 0 1777797284 82695
36 2181 10714 0 1777797284 83474
35 2010 7640 0 1777797284 84917
37 2230 5370 0 1777797284 85136
33 2047 3689 0 1777797284 85692
34 2005 12837 0 1777797284 89159
32 2165 6595 0 1777797284 89294
35 2011 6002 0 1777797284 90925
32 2166 4466 0 1777797284 93762
34 2006 4643 0 1777797284 93805
36 2182 10658 0 1777797284 94136
35 2012 4137 0 1777797284 95065
37 2231 9955 0 1777797284 95093
33 2048 9654 0 1777797284 95348
33 2049 2456 0 1777797284 97805
37 2232 3666 0 1777797284 98760
36 2183 7193 0 1777797284 101331
33 2050 4190 0 1777797284 101998
36 2184 7801 0 1777797284 109135
32 2167 15650 0 1777797284 109424
33 2051 13666 0 1777797284 115669
36 2185 6541 0 1777797284 115678
37 2233 20264 0 1777797284 119027
33 2052 3906 0 1777797284 119585
32 2168 11523 0 1777797284 120949
35 2013 27724 0 1777797284 122791
33 2053 4455 0 1777797284 124043
35 2014 1954 0 1777797284 124748
34 2007 32189 0 1777797284 125996
32 2169 10890 0 1777797284 131842
33 2054 7813 0 1777797284 131860
35 2015 7248 0 1777797284 131998
36 2186 16313 0 1777797284 132005
34 2008 6972 0 1777797284 132977
37 2234 14095 0 1777797284 133124
35 2016 3398 0 1777797284 135405
32 2170 4075 0 1777797284 135920
37 2235 4255 0 1777797284 137381
36 2187 6410 0 1777797284 138431
33 2055 8828 0 1777797284 140689
34 2009 8579 0 1777797284 141558
35 2017 7353 0 1777797284 142760
33 2056 4130 0 1777797284 144822
34 2010 3264 0 1777797284 144830
36 2188 9655 0 1777797284 148089
34 2011 3584 0 1777797284 148426
35 2018 5666 0 1777797284 148433
32 2171 12757 0 1777797284 148686
33 2057 4518 0 1777797284 149350
35 2019 3393 0 1777797284 151837
34 2012 4513 0 1777797284 152946
37 2236 18787 0 1777797284 156172
33 2058 6910 0 1777797284 156262
32 2172 13321 0 1777797284 162009
34 2013 9102 0 1777797284 162050
35 2020 11241 0 1777797284 163080
36 2189 16058 0 1777797284 164148
33 2059 8869 0 1777797284 165133
33 2060 4606 0 1777797284 169743
34 2014 8938 0 1777797284 170989
33 2061 3472 0 1777797284 173217
34 2015 5700 0 1777797284 176699
37 2237 21094 0 1777797284 177276
34 2016 1718 0 1777797284 178423
32 2173 17226 0 1777797284 179243
33 2062 6098 0 1777797284 179317
34 2017 1695 0 1777797284 180120
34 2018 867 0 1777797284 180989
32 2174 2158 0 1777797284 181404
34 2019 1211 0 1777797284 182202
33 2063 8544 0 1777797284 187862
34 2020 5667 0 1777797284 187870
32 2175 6565 0 1777797284 187985
35 2021 24911 0 1777797284 187993
34 2021 6939 0 1777797284 194888
33 2064 7608 0 1777797284 195479
32 2176 11535 0 1777797284 199528
33 2065 4071 0 1777797284 199553
34 2022 4939 0 1777797284 199830
35 2022 13310 0 1777797284 201332
37 2238 25165 0 1777797284 202444
36 2190 38351 0 1777797284 202501
33 2066 4187 0 1777797284 203764
33 2067 3304 0 1777797284 207074
35 2023 5744 0 1777797284 207082
36 2191 5531 0 1777797284 208035
33 2068 3055 0 1777797284 210138
32 2177 10863 0 1777797284 210417
36 2192 4754 0 1777797284 212795
33 2069 2776 0 1777797284 212916
35 2024 7357 0 1777797284 214453
34 2023 16100 0 1777797284 215932
34 2024 2490 0 1777797284 218425
33 2070 6364 0 1777797284 219282
32 2178 10559 0 1777797284 220977
34 2025 3054 0 1777797284 221481
33 2071 3496 0 1777797284 222781
34 2026 7372 0 1777797284 228856
37 2239 26447 0 1777797284 228897
33 2072 6380 0 1777797284 229163
32 2179 12382 0 1777797284 233364
34 2027 4943 0 1777797284 233807
36 2193 21019 0 1777797284 233816
34 2028 2535 0 1777797284 236352
36 2194 5283 0 1777797284 239111
37 2240 10763 0 1777797284 239661
37 2241 1592 0 1777797284 241256
35 2025 29594 0 1777797284 244049
33 2073 16472 0 1777797284 245636
32 2180 12696 0 1777797284 246062
34 2029 11256 0 1777797284 247612
37 2242 12616 0 1777797284 253874
37 2243 934 0 1777797284 254811
37 2244 1204 0 1777797284 256017
32 2181 10774 0 1777797284 256838
37 2245 1016 0 1777797284 257035
37 2246 592 0 1777797284 257629
37 2247 1689 0 1777797284 259320
33 2074 13705 0 1777797284 259344
37 2248 2506 0 1777797284 261828
34 2030 15190 0 1777797284 262806
36 2195 23856 0 1777797284 262969
34 2031 3302 0 1777797284 266154
35 2026 22981 0 1777797284 267032
32 2182 10222 0 1777797284 267061
34 2032 3749 0 1777797284 269904
36 2196 7583 0 1777797284 270554
37 2249 11282 0 1777797284 273113
32 2183 7147 0 1777797284 274210
36 2197 4996 0 1777797284 275554
35 2027 10479 0 1777797284 277513
34 2033 7849 0 1777797284 277761
33 2075 18979 0 1777797284 278324
37 2250 6611 0 1777797284 279733
36 2198 4392 0 1777797284 279951
32 2184 9349 0 1777797284 283563
33 2076 7130 0 1777797284 285456
36 2199 6569 0 1777797284 286522
35 2028 10781 0 1777797284 288297
34 2034 10930 0 1777797284 288693
37 2251 10302 0 1777797284 290036
32 2185 8123 0 1777797284 291689
36 2200 6117 0 1777797284 292641
37 2252 6150 0 1777797284 296190
34 2035 8045 0 1777797284 296740
37 2253 2424 0 1777797284 298619
33 2077 13248 0 1777797284 298706
34 2036 3331 0 1777797284 300073
33 2078 2441 0 1777797284 301149
37 2254 3814 0 1777797284 302437
35 2029 15142 0 1777797284 303441
37 2255 5078 0 1777797284 307518
37 2256 4647 0 1777797284 312167
33 2079 11247 0 1777797284 312399
36 2201 22847 0 1777797284 315491
37 2257 4549 0 1777797284 316719
34 2037 16895 0 1777797284 316970
32 2186 30626 0 1777797284 322322
36 2202 7354 0 1777797284 322847
37 2258 7559 0 1777797284 324280
32 2187 1976 0 1777797284 324301
34 2038 9851 0 1777797284 326823
33 2080 14739 0 1777797284 327140
32 2188 4893 0 1777797284 329196
36 2203 6397 0 1777797284 329248
35 2030 26114 0 1777797284 329557
37 2259 7773 0 1777797284 332055
37 2260 2695 0 1777797284 334754
34 2039 9551 0 1777797284 336376
37 2261 4460 0 1777797284 339217
37 2262 1711 0 1777797284 340930
37 2263 5144 0 1777797284 346076
37 2264 3056 0 1777797284 349134
37 2265 3937 0 1777797284 353076
35 2031 24651 0 1777797284 354209
36 2204 25564 0 1777797284 354813
34 2040 22308 0 1777797284 358687
34 2041 1065 0 1777797284 359756
33 2081 33187 0 1777797284 360329
33 2082 3113 0 1777797284 363444
33 2083 3682 0 1777797284 367129
35 2032 12931 0 1777797284 367144
34 2042 9360 0 1777797284 369119
37 2266 20412 0 1777797284 373498
34 2043 4474 0 1777797284 373596
36 2205 19714 0 1777797284 374529
32 2189 48707 0 1777797284 377907
36 2206 3393 0 1777797284 377925
34 2044 4579 0 1777797284 378177
35 2033 11248 0 1777797284 378417
37 2267 5766 0 1777797284 379267
33 2084 12975 0 1777797284 380120
37 2268 7017 0 1777797284 386285
35 2034 10100 0 1777797284 388518
37 2269 3556 0 1777797284 389842
37 2270 2121 0 1777797284 391972
35 2035 4214 0 1777797284 392734
33 2085 12682 0 1777797284 392804
35 2036 2489 0 1777797284 395226
36 2207 18560 0 1777797284 396509
37 2271 6460 0 1777797284 398434
32 2190 20580 0 1777797284 398506
37 2272 2973 0 1777797284 401413
33 2086 12599 0 1777797284 405404
36 2208 9162 0 1777797284 405674
32 2191 9747 0 1777797284 408254
37 2273 7596 0 1777797284 409011
36 2209 3556 0 1777797284 409232
35 2037 14704 0 1777797284 409932
34 2045 35396 0 1777797284 413574
32 2192 7310 0 1777797284 415567
33 2087 10517 0 1777797284 415923
36 2210 7356 0 1777797284 416590
37 2274 9620 0 1777797284 418633
34 2046 8136 0 1777797284 421712
35 2038 15259 0 1777797284 425194
33 2088 9725 0 1777797284 425650
37 2275 11502 0 1777797284 430144
32 2193 17833 0 1777797284 433403
35 2039 10195 0 1777797284 435394
35 2040 3502 0 1777797284 438905
36 2211 24734 0 1777797284 441328
33 2089 17201 0 1777797284 442855
35 2041 6933 0 1777797284 445842
34 2047 24183 0 1777797284 445902
33 2090 3926 0 1777797284 446783
36 2212 6121 0 1777797284 447452
33 2091 5219 0 1777797284 452007
33 2092 3241 0 1777797284 455255
34 2048 10462 0 1777797284 456366
36 2213 10283 0 1777797284 457737
36 2214 4225 0 1777797284 461962
34 2049 7349 0 1777797284 463717
35 2042 17903 0 1777797284 463754
35 2043 2438 0 1777797284 466195
33 2093 12939 0 1777797284 468195
32 2194 38388 0 1777797284 471793
37 2276 41666 0 1777797284 471812
33 2094 6775 0 1777797284 474971
35 2044 13387 0 1777797284 479583
36 2215 24731 0 1777797284 486694
34 2050 23118 0 1777797284 486840
33 2095 11881 0 1777797284 486853
35 2045 7835 0 1777797284 487419
37 2277 18048 0 1777797284 489861
32 2195 19450 0 1777797284 491247
36 2216 9700 0 1777797284 496399
33 2096 10777 0 1777797284 497657
33 2097 3518 0 1777797284 501177
32 2196 10838 0 1777797284 502086
35 2046 18272 0 1777797284 505693
33 2098 4563 0 1777797284 505742
33 2099 4536 0 1777797284 510279
35 2047 4697 0 1777797284 510393
35 2048 3407 0 1777797284 513800
37 2278 24220 0 1777797284 514082
32 2197 26195 0 1777797284 528283
37 2279 14205 0 1777797284 528288
34 2051 46539 0 1777797284 533379
32 2198 18350 0 1777797284 546639
35 2049 32879 0 1777797284 546681
37 2280 18495 0 1777797284 546790
35 2050 3890 0 1777797284 550572
37 2281 5058 0 1777797284 551849
34 2052 21178 0 1777797284 554559
35 2051 7314 0 1777797284 557892
33 2100 55026 0 1777797284 565307
34 2053 10753 0 1777797284 565316
36 2217 68942 0 1777797284 565343
33 2101 1407 0 1777797284 566724
33 2102 2406 0 1777797284 569132
37 2282 19715 0 1777797284 571567
33 2103 3854 0 1777797284 572988
33 2104 3516 0 1777797284 576512
33 2105 12749 0 1777797284 589268
34 2054 23978 0 1777797284 589307
37 2283 19544 0 1777797284 591113
34 2055 6149 0 1777797284 595458
34 2056 3923 0 1777797284 599386
37 2284 13967 0 1777797284 605082
35 2052 67398 0 1777797284 625292
36 2218 60226 0 1777797284 625569
34 2057 31100 0 1777797284 630489
36 2219 5063 0 1777797284 630634
33 2106 43066 0 1777797284 632345
35 2053 8242 0 1777797284 633541
34 2058 16044 0 1777797284 646542
36 2220 25227 0 1777797284 655866
37 2285 51470 0 1777797284 656556
34 2059 10145 0 1777797284 656691
32 2199 110984 0 1777797284 657634
33 2107 33608 0 1777797284 665956
37 2286 9473 0 1777797284 666032
35 2054 37481 0 1777797284 671026
32 2200 13613 0 1777797284 671253
33 2108 15389 0 1777797284 681347
34 2060 24675 0 1777797284 681367
37 2287 17067 0 1777797284 683101
36 2221 27310 0 1777797284 683214
35 2055 12277 0 1777797284 683305
32 2201 12994 0 1777797284 684249
34 2061 7366 0 1777797284 688784
33 2109 7802 0 1777797284 689171
32 2202 12501 0 1777797284 696753
34 2062 8203 0 1777797284 696991
33 2110 11244 0 1777797284 700418
36 2222 19986 0 1777797284 703201
34 2063 9229 0 1777797284 706222
35 2056 22939 0 1777797284 706246
37 2288 23897 0 1777797284 707001
35 2057 7433 0 1777797284 713680
34 2064 7503 0 1777797284 713728
36 2223 10535 0 1777797284 713737
32 2203 19441 0 1777797284 716207
33 2111 15795 0 1777797284 716215
37 2289 15722 0 1777797284 722728
34 2065 16976 0 1777797284 730714
35 2058 18383 0 1777797284 732067
36 2224 20035 0 1777797284 733792
32 2204 22863 0 1777797284 739079
33 2112 22859 0 1777797284 739089
37 2290 17554 0 1777797284 740284
32 2205 14819 0 1777797284 753908
34 2066 23291 0 1777797284 754008
35 2059 31860 0 1777797284 763938
36 2225 30146 0 1777797284 763950
37 2291 28282 0 1777797284 768572
33 2113 33976 0 1777797284 773082
32 2206 19513 0 1777797284 773423
34 2067 24213 0 1777797284 778224
35 2060 14324 0 1777797284 778275
36 2226 14317 0 1777797284 778282
37 2292 10160 0 1777797284 778736
33 2114 5720 0 1777797284 778805
36 2227 3105 0 1777797284 781398
37 2293 4470 0 1777797284 783209
34 2068 5470 0 1777797284 783705
34 2069 4544 0 1777797284 788251
36 2228 9137 0 1777797284 790538
32 2207 17553 0 1777797284 790980
34 2070 5512 0 1777797284 793768
34 2071 2093 0 1777797284 795869
33 2115 18335 0 1777797284 797141
35 2061 19922 0 1777797284 798205
37 2294 15553 0 1777797284 798764
34 2072 6793 0 1777797284 802665
33 2116 8224 0 1777797284 805368
35 2062 7175 0 1777797284 805382
37 2295 6649 0 1777797284 805419
34 2073 2869 0 1777797284 805536
32 2208 16934 0 1777797284 807921
32 2209 2533 0 1777797284 810456
34 2074 6852 0 1777797284 812389
33 2117 8156 0 1777797284 813540
35 2063 9776 0 1777797284 815177
32 2210 5690 0 1777797284 816149
34 2075 3772 0 1777797284 816163
36 2229 32059 0 1777797284 822604
33 2118 9087 0 1777797284 822634
35 2064 7472 0 1777797284 822654
37 2296 17240 0 1777797284 822660
34 2076 6813 0 1777797284 822989
37 2297 3520 0 1777797284 826193
36 2230 4374 0 1777797284 826980
35 2065 4428 0 1777797284 827089
36 2231 1802 0 1777797284 828784
36 2232 973 0 1777797284 829760
33 2119 7799 0 1777797284 830435
36 2233 1274 0 1777797284 831036
36 2234 1128 0 1777797284 832167
34 2077 9588 0 1777797284 832578
36 2235 4202 0 1777797284 836371
33 2120 6739 0 1777797284 837176
34 2078 6184 0 1777797284 838765
33 2121 2700 0 1777797284 839881
35 2066 14125 0 1777797284 841258
34 2079 2686 0 1777797284 841456
36 2236 6433 0 1777797284 842806
32 2211 31883 0 1777797284 848047
33 2122 8209 0 1777797284 848095
37 2298 23149 0 1777797284 849350
32 2212 1730 0 1777797284 849780
33 2123 3700 0 1777797284 851797
34 2080 11447 0 1777797284 852905
36 2237 10966 0 1777797284 853776
35 2067 13654 0 1777797284 854914
37 2299 6675 0 1777797284 856027
34 2081 4047 0 1777797284 856953
32 2213 8512 0 1777797284 858295
32 2214 2256 0 1777797284 860560
32 2215 1658 0 1777797284 862221
32 2216 4175 0 1777797284 866398
32 2217 5774 0 1777797284 872173
32 2218 949 0 1777797284 873124
32 2219 1957 0 1777797284 875085
37 2300 21493 0 1777797284 877524
33 2124 28381 0 1777797284 880180
35 2068 28909 0 1777797284 883825
32 2220 8875 0 1777797284 883963
36 2238 30880 0 1777797284 884658
34 2082 30267 0 1777797284 887222
36 2239 5132 0 1777797284 889793
33 2125 10907 0 1777797284 891089
36 2240 1457 0 1777797284 891252
32 2221 10233 0 1777797284 894198
32 2222 2152 0 1777797284 896352
34 2083 10162 0 1777797284 897386
32 2223 2519 0 1777797284 898873
34 2084 1567 0 1777797284 898962
32 2224 2288 0 1777797284 901163
37 2301 23647 0 1777797284 901172
32 2225 1666 0 1777797284 902838
32 2226 1711 0 1777797284 904550
33 2126 13959 0 1777797284 905055
34 2085 7830 0 1777797284 906793
37 2302 7565 0 1777797284 908746
34 2086 1971 0 1777797284 908766
37 2303 4626 0 1777797284 913374
34 2087 4768 0 1777797284 913535
33 2127 9164 0 1777797284 914221
36 2241 23931 0 1777797284 915184
35 2069 32391 0 1777797284 916218
34 2088 3060 0 1777797284 916597
34 2089 1958 0 1777797284 918559
35 2070 2354 0 1777797284 918574
36 2242 3389 0 1777797284 918580
37 2304 5222 0 1777797284 918599
33 2128 5892 0 1777797284 920118
32 2227 18450 0 1777797284 923002
35 2071 5621 0 1777797284 924230
37 2305 6572 0 1777797284 925197
33 2129 6256 0 1777797284 926378
32 2228 5495 0 1777797284 928500
35 2072 6089 0 1777797284 930321
32 2229 3166 0 1777797284 931672
37 2306 6484 0 1777797284 931683
33 2130 6343 0 1777797284 932723
36 2243 14657 0 1777797284 933274
33 2131 746 0 1777797284 933475
35 2073 5410 0 1777797284 935733
37 2307 4890 0 1777797284 936584
34 2090 18921 0 1777797284 937522
32 2230 7018 0 1777797284 938702
32 2231 2641 0 1777797284 941350
34 2091 8198 0 1777797284 945728
35 2074 11579 0 1777797284 947314
33 2132 13890 0 1777797284 947367
36 2244 15862 0 1777797284 949139
32 2232 7834 0 1777797284 949186
35 2075 1873 0 1777797284 949197
33 2133 3196 0 1777797284 950566
34 2092 6836 0 1777797284 952566
36 2245 5437 0 1777797284 954586
35 2076 8096 0 1777797284 957314
32 2233 9998 0 1777797284 959196
32 2234 1392 0 1777797284 960591
36 2246 7069 0 1777797284 961657
37 2308 25770 0 1777797284 962356
33 2134 12733 0 1777797284 963306
35 2077 8127 0 1777797284 965447
34 2093 12945 0 1777797284 965518
35 2078 3376 0 1777797284 968831
36 2247 8322 0 1777797284 969981
33 2135 8469 0 1777797284 971781
34 2094 6525 0 1777797284 972044
32 2235 12256 0 1777797284 972850
34 2095 1689 0 1777797284 973735
36 2248 4973 0 1777797284 974956
33 2136 4603 0 1777797284 976387
34 2096 3779 0 1777797284 977517
35 2079 8704 0 1777797284 977537
37 2309 19146 0 1777797284 981504
32 2236 9701 0 1777797284 982553
35 2080 7905 0 1777797284 985444
33 2137 12294 0 1777797284 988683
36 2249 14157 0 1777797284 989171
37 2310 8386 0 1777797284 989893
32 2237 8043 0 1777797284 990599
35 2081 8544 0 1777797284 993992
36 2250 7297 0 1777797284 996470
33 2138 8803 0 1777797284 997490
35 2082 7468 0 1777797285 1463
36 2251 5761 0 1777797285 2233
33 2139 5944 0 1777797285 3437
34 2097 27665 0 1777797285 5185
37 2311 18279 0 1777797285 8177
32 2238 18554 0 1777797285 9157
35 2083 7939 0 1777797285 9405
34 2098 10937 0 1777797285 16124
36 2252 14272 0 1777797285 16508
33 2140 14216 0 1777797285 17656
37 2312 10627 0 1777797285 18806
35 2084 21318 0 1777797285 30729
34 2099 14748 0 1777797285 30939
32 2239 21903 0 1777797285 31064
33 2141 13707 0 1777797285 31367
35 2085 3826 0 1777797285 34564
34 2100 3646 0 1777797285 34587
33 2142 9034 0 1777797285 40403
37 2313 21601 0 1777797285 40411
35 2086 5880 0 1777797285 40446
34 2101 5983 0 1777797285 40571
32 2240 12551 0 1777797285 43616
33 2143 3213 0 1777797285 43625
35 2087 6384 0 1777797285 46832
37 2314 6481 0 1777797285 46904
32 2241 4066 0 1777797285 47692
34 2102 8174 0 1777797285 48747
35 2088 2326 0 1777797285 49169
33 2144 7820 0 1777797285 51458
35 2089 4689 0 1777797285 53861
32 2242 7122 0 1777797285 54815
37 2315 8454 0 1777797285 55359
33 2145 7148 0 1777797285 58609
34 2103 10831 0 1777797285 59584
35 2090 5724 0 1777797285 59593
37 2316 7620 0 1777797285 62981
32 2243 8642 0 1777797285 63461
33 2146 4911 0 1777797285 63522
32 2244 2766 0 1777797285 66232
33 2147 3905 0 1777797285 67428
32 2245 1259 0 1777797285 67497
35 2091 10362 0 1777797285 69964
32 2246 2900 0 1777797285 70399
34 2104 12061 0 1777797285 71655
33 2148 6679 0 1777797285 74111
36 2253 57861 0 1777797285 74371
37 2317 11390 0 1777797285 74378
32 2247 4089 0 1777797285 74493
35 2092 4573 0 1777797285 74539
34 2105 3263 0 1777797285 74920
35 2093 4010 0 1777797285 78551
34 2106 4050 0 1777797285 78971
32 2248 4504 0 1777797285 78998
33 2149 5230 0 1777797285 79345
37 2318 6377 0 1777797285 80764
32 2249 3047 0 1777797285 82046
34 2107 6229 0 1777797285 85202
35 2094 6745 0 1777797285 85297
32 2250 3354 0 1777797285 85402
33 2150 7266 0 1777797285 86613
32 2251 4915 0 1777797285 90318
35 2095 5725 0 1777797285 91026
37 2319 13043 0 1777797285 93810
32 2252 4040 0 1777797285 94360
35 2096 4293 0 1777797285 95322
32 2253 3409 0 1777797285 97771
34 2108 15865 0 1777797285 101077
35 2097 5761 0 1777797285 101085
33 2151 14492 0 1777797285 101108
36 2254 29505 0 1777797285 103884
32 2254 6289 0 1777797285 104062
37 2320 10257 0 1777797285 104069
33 2152 6397 0 1777797285 107507
34 2109 11111 0 1777797285 112196
33 2153 5280 0 1777797285 112789
32 2255 9116 0 1777797285 113186
37 2321 9430 0 1777797285 113509
32 2256 3206 0 1777797285 116399
37 2322 3408 0 1777797285 116918
33 2154 6290 0 1777797285 119082
34 2110 7385 0 1777797285 119592
35 2098 23363 0 1777797285 124460
32 2257 8491 0 1777797285 124892
37 2323 7987 0 1777797285 124909
34 2111 13428 0 1777797285 133023
33 2155 16665 0 1777797285 135757
37 2324 11282 0 1777797285 136200
34 2112 3474 0 1777797285 136502
32 2258 11726 0 1777797285 136636
35 2099 13222 0 1777797285 137692
33 2156 11139 0 1777797285 146899
32 2259 10543 0 1777797285 147181
37 2325 10986 0 1777797285 147188
34 2113 10947 0 1777797285 147451
35 2100 11113 0 1777797285 148808
32 2260 3849 0 1777797285 151038
33 2157 7726 0 1777797285 154645
37 2326 7545 0 1777797285 154747
34 2114 9094 0 1777797285 156546
35 2101 7745 0 1777797285 156555
36 2255 52654 0 1777797285 156561
32 2261 11431 0 1777797285 162472
35 2102 8054 0 1777797285 164647
34 2115 8325 0 1777797285 164887
35 2103 2880 0 1777797285 167531
37 2327 14179 0 1777797285 168928
36 2256 12418 0 1777797285 169020
32 2262 7755 0 1777797285 170229
34 2116 7333 0 1777797285 172222
33 2158 23239 0 1777797285 177886
32 2263 7715 0 1777797285 177948
35 2104 11306 0 1777797285 178840
36 2257 9862 0 1777797285 178883
33 2159 2597 0 1777797285 180485
37 2328 11910 0 1777797285 180840
33 2160 755 0 1777797285 181243
35 2105 2536 0 1777797285 181382
33 2161 3163 0 1777797285 184407
33 2162 1665 0 1777797285 186075
36 2258 11717 0 1777797285 190608
32 2264 12747 0 1777797285 190696
37 2329 13200 0 1777797285 194043
32 2265 4026 0 1777797285 194724
36 2259 7414 0 1777797285 198024
32 2266 9246 0 1777797285 203972
33 2163 18657 0 1777797285 204740
36 2260 6954 0 1777797285 204982
35 2106 31092 0 1777797285 212475
36 2261 7499 0 1777797285 212482
36 2262 4071 0 1777797285 216585
36 2263 1132 0 1777797285 217720
32 2267 14217 0 1777797285 218192
33 2164 14117 0 1777797285 218859
35 2107 6512 0 1777797285 218995
36 2264 2236 0 1777797285 219960
36 2265 1134 0 1777797285 221098
33 2165 2707 0 1777797285 221567
32 2268 6381 0 1777797285 224659
34 2117 56376 0 1777797285 228600
36 2266 7760 0 1777797285 228863
32 2269 7155 0 1777797285 231818
34 2118 5052 0 1777797285 233653
35 2108 17328 0 1777797285 236324
36 2267 7464 0 1777797285 236329
32 2270 5745 0 1777797285 237567
33 2166 16249 0 1777797285 237819
33 2167 1091 0 1777797285 238911
32 2271 1611 0 1777797285 239187
33 2168 8644 0 1777797285 247558
34 2119 14552 0 1777797285 248215
33 2169 1049 0 1777797285 248611
36 2268 17594 0 1777797285 253935
33 2170 5512 0 1777797285 254125
35 2109 19195 0 1777797285 255525
32 2272 17391 0 1777797285 256580
35 2110 1487 0 1777797285 257014
32 2273 1655 0 1777797285 258239
35 2111 1421 0 1777797285 258438
33 2171 5582 0 1777797285 259709
33 2172 3091 0 1777797285 262818
33 2173 839 0 1777797285 263659
33 2174 1200 0 1777797285 264864
32 2274 7051 0 1777797285 265293
33 2175 1509 0 1777797285 266377
33 2176 599 0 1777797285 266980
33 2177 2220 0 1777797285 269202
37 2330 75205 0 1777797285 269250
36 2269 17558 0 1777797285 271495
37 2331 2848 0 1777797285 272101
33 2178 4816 0 1777797285 274020
33 2179 1108 0 1777797285 275130
36 2270 6208 0 1777797285 277705
33 2180 3547 0 1777797285 278680
32 2275 15207 0 1777797285 280505
33 2181 2547 0 1777797285 281230
32 2276 960 0 1777797285 281469
35 2112 28898 0 1777797285 287337
37 2332 15242 0 1777797285 287345
36 2271 9737 0 1777797285 287445
32 2277 6212 0 1777797285 287682
33 2182 6494 0 1777797285 287726
34 2120 41746 0 1777797285 289964
34 2121 2676 0 1777797285 292644
36 2272 5255 0 1777797285 292702
32 2278 13034 0 1777797285 300717
35 2113 13380 0 1777797285 300725
37 2333 18216 0 1777797285 305569
32 2279 8345 0 1777797285 309071
36 2273 16380 0 1777797285 309084
33 2183 24844 0 1777797285 312570
34 2122 19921 0 1777797285 312582
36 2274 3491 0 1777797285 312588
32 2280 4610 0 1777797285 313696
36 2275 4786 0 1777797285 317400
35 2114 20467 0 1777797285 321204
35 2115 3456 0 1777797285 324662
35 2116 2345 0 1777797285 327010
34 2123 17599 0 1777797285 330201
36 2276 15138 0 1777797285 332551
34 2124 4417 0 1777797285 334624
33 2184 26305 0 1777797285 338894
35 2117 12553 0 1777797285 339566
33 2185 2760 0 1777797285 341659
36 2277 9122 0 1777797285 341674
33 2186 2263 0 1777797285 343939
35 2118 11278 0 1777797285 350848
32 2281 38861 0 1777797285 352563
33 2187 8630 0 1777797285 352574
35 2119 1787 0 1777797285 352644
32 2282 5149 0 1777797285 357725
33 2188 5143 0 1777797285 357739
34 2125 23116 0 1777797285 357743
36 2278 16061 0 1777797285 357748
33 2189 5846 0 1777797285 363608
37 2334 58043 0 1777797285 363617
37 2335 1295 0 1777797285 364923
33 2190 1764 0 1777797285 365382
35 2120 13228 0 1777797285 365874
33 2191 1280 0 1777797285 366667
33 2192 2756 0 1777797285 369427
33 2193 1714 0 1777797285 371143
34 2126 14930 0 1777797285 372700
33 2194 6848 0 1777797285 377993
36 2279 22689 0 1777797285 380465
34 2127 12761 0 1777797285 385465
32 2283 28480 0 1777797285 386228
34 2128 4794 0 1777797285 390261
34 2129 2064 0 1777797285 392330
36 2280 12019 0 1777797285 392489
32 2284 10587 0 1777797285 396833
36 2281 13266 0 1777797285 405758
32 2285 9433 0 1777797285 406268
33 2195 28278 0 1777797285 406276
37 2336 41356 0 1777797285 406281
34 2130 14238 0 1777797285 406572
35 2121 40705 0 1777797285 406580
36 2282 6625 0 1777797285 412394
33 2196 7239 0 1777797285 413534
32 2286 7819 0 1777797285 414101
34 2131 7529 0 1777797285 414110
35 2122 7528 0 1777797285 414116
32 2287 8796 0 1777797285 422915
33 2197 9386 0 1777797285 422923
34 2132 8800 0 1777797285 422929
35 2123 8797 0 1777797285 422935
36 2283 10543 0 1777797285 422940
37 2337 16654 0 1777797285 422957
35 2124 6064 0 1777797285 429045
37 2338 6816 0 1777797285 429821
34 2133 9463 0 1777797285 432436
36 2284 11003 0 1777797285 433990
32 2288 14085 0 1777797285 437043
35 2125 8014 0 1777797285 437061
34 2134 8599 0 1777797285 441037
37 2339 11221 0 1777797285 441044
33 2198 18481 0 1777797285 441448
35 2126 4379 0 1777797285 441463
36 2285 7500 0 1777797285 441492
32 2289 4594 0 1777797285 441656
37 2340 5678 0 1777797285 446793
34 2135 5898 0 1777797285 447004
35 2127 11571 0 1777797285 453047
37 2341 6281 0 1777797285 453076
32 2290 13913 0 1777797285 455571
33 2199 14116 0 1777797285 455581
36 2286 14094 0 1777797285 455587
34 2136 10497 0 1777797285 457503
35 2128 9347 0 1777797285 462426
37 2342 9332 0 1777797285 462434
34 2137 11293 0 1777797285 468800
32 2291 13286 0 1777797285 468874
36 2287 13936 0 1777797285 469557
37 2343 8579 0 1777797285 471023
35 2129 11758 0 1777797285 474193
37 2344 7779 0 1777797285 478804
34 2138 19853 0 1777797285 488662
32 2292 19851 0 1777797285 488727
35 2130 14796 0 1777797285 488993
33 2200 33518 0 1777797285 489114
36 2288 20112 0 1777797285 489672
37 2345 10984 0 1777797285 489790
33 2201 3218 0 1777797285 492333
35 2131 3470 0 1777797285 492464
33 2202 6696 0 1777797285 499037
36 2289 15528 0 1777797285 505201
33 2203 6827 0 1777797285 505873
35 2132 13871 0 1777797285 506336
34 2139 17688 0 1777797285 506363
32 2293 19357 0 1777797285 508085
33 2204 2574 0 1777797285 508449
37 2346 22273 0 1777797285 512065
33 2205 7229 0 1777797285 515679
34 2140 15675 0 1777797285 522039
33 2206 6407 0 1777797285 522088
35 2133 16977 0 1777797285 523315
37 2347 15488 0 1777797285 527558
32 2294 24385 0 1777797285 532474
33 2207 10406 0 1777797285 532495
36 2290 27292 0 1777797285 532503
37 2348 6343 0 1777797285 533902
34 2141 14173 0 1777797285 536227
35 2134 12932 0 1777797285 536249
34 2142 7919 0 1777797285 544148
37 2349 10712 0 1777797285 544616
35 2135 9723 0 1777797285 545973
32 2295 15723 0 1777797285 548227
36 2291 16053 0 1777797285 548585
33 2208 20361 0 1777797285 552875
34 2143 11693 0 1777797285 555850
33 2209 4788 0 1777797285 557665
37 2350 13176 0 1777797285 557794
32 2296 14260 0 1777797285 562490
36 2292 14639 0 1777797285 563229
36 2293 3912 0 1777797285 567143
32 2297 27983 0 1777797285 590477
34 2144 34625 0 1777797285 590485
35 2136 44515 0 1777797285 590493
33 2210 33684 0 1777797285 591357
33 2211 3251 0 1777797285 594610
32 2298 10409 0 1777797285 600903
34 2145 10712 0 1777797285 601236
35 2137 12631 0 1777797285 603163
37 2351 46563 0 1777797285 604359
33 2212 10107 0 1777797285 604721
36 2294 38617 0 1777797285 605762
35 2138 3379 0 1777797285 606545
33 2213 3303 0 1777797285 608025
32 2299 7402 0 1777797285 608307
34 2146 9554 0 1777797285 610792
33 2214 5320 0 1777797285 613348
35 2139 7786 0 1777797285 614334
32 2300 6976 0 1777797285 615286
33 2215 1962 0 1777797285 615312
34 2147 6680 0 1777797285 617476
35 2140 3406 0 1777797285 617743
33 2216 3492 0 1777797285 618807
33 2217 5828 0 1777797285 624638
32 2301 10043 0 1777797285 625333
35 2141 7852 0 1777797285 625596
34 2148 10074 0 1777797285 627560
32 2302 5210 0 1777797285 630547
36 2295 25549 0 1777797285 631318
33 2218 9601 0 1777797285 634250
35 2142 9770 0 1777797285 635367
36 2296 5049 0 1777797285 636370
37 2352 36509 0 1777797285 640871
33 2219 11749 0 1777797285 646002
35 2143 11764 0 1777797285 647135
35 2144 2564 0 1777797285 649702
33 2220 5583 0 1777797285 651590
34 2149 25021 0 1777797285 652587
32 2303 34333 0 1777797285 664882
33 2221 13298 0 1777797285 664890
34 2150 12307 0 1777797285 664896
36 2297 28531 0 1777797285 664902
37 2353 24031 0 1777797285 664908
35 2145 15888 0 1777797285 665593
36 2298 6196 0 1777797285 671152
37 2354 6195 0 1777797285 671159
32 2304 6879 0 1777797285 671788
33 2222 8837 0 1777797285 673757
32 2305 13320 0 1777797285 685112
34 2151 20190 0 1777797285 685120
35 2146 19532 0 1777797285 685127
36 2299 13973 0 1777797285 685133
37 2355 17226 0 1777797285 688397
33 2223 15299 0 1777797285 689064
33 2224 2212 0 1777797285 691279
37 2356 3389 0 1777797285 691789
34 2152 6868 0 1777797285 692011
32 2306 9812 0 1777797285 694946
33 2225 3682 0 1777797285 694964
36 2300 9814 0 1777797285 694972
32 2307 4497 0 1777797285 699470
34 2153 7462 0 1777797285 699477
36 2301 10913 0 1777797285 705911
33 2226 11277 0 1777797285 706262
34 2154 8706 0 1777797285 708205
32 2308 11109 0 1777797285 710588
35 2147 25455 0 1777797285 710605
33 2227 4968 0 1777797285 711284
37 2357 22434 0 1777797285 714226
34 2155 6545 0 1777797285 714753
35 2148 5204 0 1777797285 715856
32 2309 6547 0 1777797285 717153
37 2358 3544 0 1777797285 717771
36 2302 15819 0 1777797285 721732
32 2310 5812 0 1777797285 722967
37 2359 6108 0 1777797285 723884
36 2303 2968 0 1777797285 724702
33 2228 16398 0 1777797285 727684
36 2304 3294 0 1777797285 727998
37 2360 7785 0 1777797285 731670
36 2305 7240 0 1777797285 735243
36 2306 7198 0 1777797285 742447
33 2229 14891 0 1777797285 742577
34 2156 28713 0 1777797285 743468
37 2361 12677 0 1777797285 744350
32 2311 23149 0 1777797285 746119
33 2230 6052 0 1777797285 748630
33 2231 985 0 1777797285 749617
36 2307 10476 0 1777797285 752925
35 2149 37757 0 1777797285 753615
37 2362 9273 0 1777797285 753625
35 2150 7251 0 1777797285 760877
36 2308 8088 0 1777797285 761015
37 2363 8520 0 1777797285 762158
34 2157 18852 0 1777797285 762325
32 2312 16447 0 1777797285 762575
35 2151 3808 0 1777797285 764687
36 2309 8390 0 1777797285 769408
32 2313 7590 0 1777797285 770167
36 2310 3549 0 1777797285 772959
35 2152 8708 0 1777797285 773399
37 2364 11256 0 1777797285 773419
37 2365 9126 0 1777797285 782565
32 2314 19665 0 1777797285 789836
33 2232 41800 0 1777797285 791422
34 2158 29424 0 1777797285 791752
37 2366 9814 0 1777797285 792381
36 2311 20035 0 1777797285 792996
35 2153 25387 0 1777797285 798807
34 2159 7119 0 1777797285 798872
33 2233 10389 0 1777797285 801814
32 2315 12085 0 1777797285 801930
36 2312 11036 0 1777797285 804035
33 2234 11798 0 1777797285 813622
37 2367 21249 0 1777797285 813632
35 2154 15514 0 1777797285 814324
36 2313 10315 0 1777797285 814358
32 2316 17708 0 1777797285 819639
33 2235 14886 0 1777797285 828520
37 2368 14884 0 1777797285 828528
35 2155 15558 0 1777797285 829886
36 2314 15534 0 1777797285 829893
34 2160 44316 0 1777797285 843190
33 2236 14698 0 1777797285 843227
32 2317 24222 0 1777797285 843863
35 2156 13976 0 1777797285 843870
37 2369 15339 0 1777797285 843877
36 2315 16276 0 1777797285 846184
33 2237 8271 0 1777797285 851499
34 2161 12645 0 1777797285 855843
36 2316 9668 0 1777797285 855854
35 2157 12002 0 1777797285 855888
37 2370 16327 0 1777797285 860220
32 2318 17122 0 1777797285 861000
33 2238 10278 0 1777797285 861780
35 2158 9555 0 1777797285 865444
37 2371 5601 0 1777797285 865823
33 2239 4066 0 1777797285 865850
34 2162 14193 0 1777797285 870048
35 2159 4615 0 1777797285 870061
32 2319 11789 0 1777797285 872790
37 2372 7558 0 1777797285 873385
34 2163 6864 0 1777797285 876926
35 2160 8109 0 1777797285 878182
36 2317 26797 0 1777797285 882668
33 2240 18644 0 1777797285 884495
35 2161 6344 0 1777797285 884528
37 2373 11594 0 1777797285 884984
32 2320 17587 0 1777797285 890379
35 2162 5864 0 1777797285 890393
34 2164 27426 0 1777797285 904353
37 2374 19846 0 1777797285 904834
32 2321 14483 0 1777797285 904888
35 2163 14490 0 1777797285 904902
32 2322 19233 0 1777797285 924136
33 2241 39880 0 1777797285 924380
37 2375 23561 0 1777797285 928395
32 2323 7978 0 1777797285 932119
36 2318 54107 0 1777797285 936778
32 2324 7103 0 1777797285 939224
37 2376 10907 0 1777797285 939308
35 2164 37287 0 1777797285 942208
33 2242 19719 0 1777797285 944100
33 2243 1894 0 1777797285 945995
35 2165 7517 0 1777797285 949730
36 2319 12984 0 1777797285 949763
37 2377 11541 0 1777797285 950852
33 2244 5632 0 1777797285 951637
32 2325 14116 0 1777797285 953349
37 2378 2861 0 1777797285 953715
35 2166 6807 0 1777797285 956543
32 2326 5272 0 1777797285 958624
33 2245 8803 0 1777797285 960445
34 2165 56260 0 1777797285 960614
34 2166 1144 0 1777797285 961760
36 2320 12961 0 1777797285 962726
34 2167 1819 0 1777797285 963582
37 2379 10997 0 1777797285 964716
33 2246 4289 0 1777797285 964736
32 2327 9432 0 1777797285 968059
34 2168 4476 0 1777797285 968064
36 2321 7608 0 1777797285 970338
35 2167 14349 0 1777797285 970895
33 2247 6392 0 1777797285 971129
32 2328 4112 0 1777797285 972176
36 2322 5661 0 1777797285 976005
33 2248 5806 0 1777797285 976937
37 2380 12672 0 1777797285 977390
35 2168 7310 0 1777797285 978207
36 2323 4439 0 1777797285 980496
33 2249 7817 0 1777797285 984759
32 2329 15979 0 1777797285 988162
37 2381 10796 0 1777797285 988192
32 2330 1836 0 1777797285 990000
37 2382 1836 0 1777797285 990029
36 2324 12271 0 1777797285 992769
33 2250 9677 0 1777797285 994440
32 2331 4643 0 1777797285 994648
36 2325 4122 0 1777797285 996893
33 2251 2871 0 1777797285 997314
36 2326 850 0 1777797285 997745
33 2252 9138 0 1777797286 6454
32 2332 12400 0 1777797286 7050
34 2169 39682 0 1777797286 7754
37 2383 18344 0 1777797286 8375
36 2327 11328 0 1777797286 9076
33 2253 4260 0 1777797286 10719
35 2169 33969 0 1777797286 12181
34 2170 6581 0 1777797286 14339
33 2254 4894 0 1777797286 15616
35 2170 4158 0 1777797286 16343
32 2333 10554 0 1777797286 17608
36 2328 10470 0 1777797286 19550
36 2329 2307 0 1777797286 21864
36 2330 1425 0 1777797286 23294
35 2171 9025 0 1777797286 25369
32 2334 9126 0 1777797286 26736
36 2331 3721 0 1777797286 27016
33 2255 12368 0 1777797286 27995
37 2384 20850 0 1777797286 29230
36 2332 3125 0 1777797286 30143
35 2172 6429 0 1777797286 31800
32 2335 12414 0 1777797286 39151
37 2385 9924 0 1777797286 39157
33 2256 15343 0 1777797286 43340
33 2257 4057 0 1777797286 47399
35 2173 16972 0 1777797286 48775
36 2333 20122 0 1777797286 50266
34 2171 35985 0 1777797286 50328
33 2258 6201 0 1777797286 53603
37 2386 14906 0 1777797286 54073
36 2334 7375 0 1777797286 57644
33 2259 5365 0 1777797286 58971
34 2172 9553 0 1777797286 59883
35 2174 11226 0 1777797286 60003
36 2335 2928 0 1777797286 60574
37 2387 13333 0 1777797286 67408
36 2336 8105 0 1777797286 68682
37 2388 5487 0 1777797286 72904
37 2389 2542 0 1777797286 75449
32 2336 38859 0 1777797286 78017
35 2175 20426 0 1777797286 80430
37 2390 5229 0 1777797286 80680
34 2173 21134 0 1777797286 81019
36 2337 12926 0 1777797286 81612
34 2174 2240 0 1777797286 83261
37 2391 3110 0 1777797286 83793
35 2176 3382 0 1777797286 83816
33 2260 25534 0 1777797286 84507
34 2175 3412 0 1777797286 86676
32 2337 11111 0 1777797286 89130
37 2392 5407 0 1777797286 89204
35 2177 6753 0 1777797286 90571
36 2338 9208 0 1777797286 90822
35 2178 3152 0 1777797286 93727
36 2339 3006 0 1777797286 93830
37 2393 5673 0 1777797286 94880
36 2340 1561 0 1777797286 95392
37 2394 2152 0 1777797286 97036
35 2179 3749 0 1777797286 97478
36 2341 3195 0 1777797286 98591
35 2180 2089 0 1777797286 99570
37 2395 2661 0 1777797286 99699
32 2338 11602 0 1777797286 100735
34 2176 17794 0 1777797286 104474
35 2181 8297 0 1777797286 107870
33 2261 23504 0 1777797286 108014
34 2177 3723 0 1777797286 108201
37 2396 8898 0 1777797286 108599
36 2342 12387 0 1777797286 110981
32 2339 11855 0 1777797286 112593
37 2397 4001 0 1777797286 112602
37 2398 803 0 1777797286 113417
35 2182 5706 0 1777797286 113578
37 2399 1282 0 1777797286 114702
35 2183 3482 0 1777797286 117062
36 2343 8464 0 1777797286 119448
36 2344 1763 0 1777797286 121221
34 2178 13300 0 1777797286 121503
35 2184 5242 0 1777797286 122306
33 2262 14399 0 1777797286 122415
37 2400 10029 0 1777797286 124734
36 2345 5092 0 1777797286 126315
32 2340 13765 0 1777797286 126368
35 2185 4073 0 1777797286 126399
37 2401 5295 0 1777797286 130030
36 2346 4431 0 1777797286 130750
33 2263 8775 0 1777797286 131192
35 2186 4803 0 1777797286 131203
37 2402 1175 0 1777797286 131209
32 2341 4971 0 1777797286 131340
33 2264 1529 0 1777797286 132740
33 2265 1485 0 1777797286 134228
34 2179 12882 0 1777797286 134388
35 2187 6517 0 1777797286 137739
34 2180 4709 0 1777797286 139099
33 2266 5049 0 1777797286 139279
36 2347 8734 0 1777797286 139487
35 2188 2317 0 1777797286 140059
32 2342 9960 0 1777797286 141303
35 2189 7418 0 1777797286 147484
36 2348 8098 0 1777797286 147586
37 2403 16802 0 1777797286 148034
34 2181 9402 0 1777797286 148506
33 2267 9570 0 1777797286 148852
37 2404 1798 0 1777797286 149833
34 2182 1798 0 1777797286 150307
37 2405 850 0 1777797286 150687
34 2183 1366 0 1777797286 151677
33 2268 4642 0 1777797286 153496
34 2184 2108 0 1777797286 153787
37 2406 7698 0 1777797286 158386
36 2349 10857 0 1777797286 158444
35 2190 11059 0 1777797286 158545
36 2350 3271 0 1777797286 161716
33 2269 8236 0 1777797286 161735
35 2191 6938 0 1777797286 165485
34 2185 12141 0 1777797286 165931
37 2407 8973 0 1777797286 167395
35 2192 3700 0 1777797286 169188
33 2270 8162 0 1777797286 169899
36 2351 8198 0 1777797286 169916
34 2186 6535 0 1777797286 172468
32 2343 35545 0 1777797286 176850
37 2408 11555 0 1777797286 178958
36 2352 9049 0 1777797286 178990
33 2271 10105 0 1777797286 180024
35 2193 11036 0 1777797286 180226
34 2187 10495 0 1777797286 182990
32 2344 10794 0 1777797286 187646
36 2353 9006 0 1777797286 187997
35 2194 8037 0 1777797286 188265
33 2272 8255 0 1777797286 188287
34 2188 6147 0 1777797286 189148
37 2409 16006 0 1777797286 194966
