23 1 879641 0 1777797257 394839
23 2 7856 0 1777797257 402723
23 3 4392 0 1777797257 407121
23 4 1551 0 1777797257 408675
23 5 4508 0 1777797257 413185
23 6 8361 0 1777797257 421553
23 7 4334 0 1777797257 425896
23 8 7096 0 1777797257 432997
23 9 700 0 1777797257 433702
23 10 5133 0 1777797257 438847
23 11 3120 0 1777797257 441974
23 12 5198 0 1777797257 447175
23 13 11187 0 1777797257 458371
23 14 18703 0 1777797257 477080
23 15 3782 0 1777797257 480864
23 16 3001 0 1777797257 483867
23 17 9638 0 1777797257 493513
23 18 15859 0 1777797257 509378
23 19 3445 0 1777797257 512827
23 20 7042 0 1777797257 519875
23 21 10340 0 1777797257 530219
23 22 3440 0 1777797257 533662
23 23 9924 0 1777797257 543590
23 24 6328 0 1777797257 549921
23 25 6544 0 1777797257 556472
23 26 23531 0 1777797257 580006
23 27 2679 0 1777797257 582692
23 28 9648 0 1777797257 592342
23 29 6280 0 1777797257 598632
21 1 1088411 0 1777797257 603572
21 2 11711 0 1777797257 615293
21 3 1003 0 1777797257 616298
23 30 22402 0 1777797257 621039
24 1 1120076 0 1777797257 635286
21 4 19889 0 1777797257 636189
23 31 15510 0 1777797257 636554
23 32 2269 0 1777797257 638825
24 2 4616 0 1777797257 639906
23 33 1432 0 1777797257 640260
23 34 9051 0 1777797257 649313
21 5 13191 0 1777797257 649382
24 3 9557 0 1777797257 649466
24 4 9830 0 1777797257 659297
21 6 15879 0 1777797257 665263
24 5 10477 0 1777797257 669778
21 7 13136 0 1777797257 678401
24 6 8665 0 1777797257 678448
24 7 4563 0 1777797257 683013
21 8 12329 0 1777797257 690732
24 8 9022 0 1777797257 692036
23 35 45732 0 1777797257 695047
21 9 5663 0 1777797257 696402
24 9 4367 0 1777797257 696406
24 10 1396 0 1777797257 697812
21 10 3071 0 1777797257 699478
24 11 1840 0 1777797257 699659
23 36 4825 0 1777797257 699874
21 11 3989 0 1777797257 703469
24 12 19240 0 1777797257 718900
21 12 17010 0 1777797257 720481
23 37 20615 0 1777797257 720491
20 1 1213521 0 1777797257 728653
24 13 9760 0 1777797257 728661
20 2 13812 0 1777797257 742474
21 13 25642 0 1777797257 746124
24 14 17496 0 1777797257 746166
20 3 11742 0 1777797257 754219
23 38 34860 0 1777797257 755351
24 15 17096 0 1777797257 763263
23 39 8263 0 1777797257 763620
21 14 17627 0 1777797257 763760
20 4 12986 0 1777797257 767206
21 15 13014 0 1777797257 776775
24 16 20214 0 1777797257 783486
20 5 21612 0 1777797257 788820
20 6 4414 0 1777797257 793236
21 16 18566 0 1777797257 795344
23 40 33727 0 1777797257 797348
23 41 6692 0 1777797257 804044
24 17 21041 0 1777797257 804533
20 7 11891 0 1777797257 805134
24 18 2098 0 1777797257 806637
24 19 1641 0 1777797257 808282
21 17 16531 0 1777797257 811881
21 18 2911 0 1777797257 814796
21 19 4254 0 1777797257 819052
23 42 17112 0 1777797257 821159
24 20 13746 0 1777797257 822031
23 43 7104 0 1777797257 828265
21 20 10004 0 1777797257 829058
20 8 25939 0 1777797257 831075
21 21 2755 0 1777797257 831815
21 22 792 0 1777797257 832609
21 23 2605 0 1777797257 835220
21 24 3255 0 1777797257 838478
21 25 1420 0 1777797257 839901
23 44 13550 0 1777797257 841816
21 26 3927 0 1777797257 843830
24 21 21977 0 1777797257 844010
24 22 1871 0 1777797257 845883
20 9 15057 0 1777797257 846136
23 45 5790 0 1777797257 847609
24 23 15198 0 1777797257 861083
21 27 17442 0 1777797257 861275
23 46 16579 0 1777797257 864190
20 10 18680 0 1777797257 864818
25 1 1352701 0 1777797257 867926
23 47 7213 0 1777797257 871404
25 2 4764 0 1777797257 872694
20 11 13787 0 1777797257 878610
23 48 10530 0 1777797257 881936
21 28 23989 0 1777797257 885266
24 24 24343 0 1777797257 885428
20 12 14060 0 1777797257 892674
23 49 11115 0 1777797257 893053
24 25 12341 0 1777797257 897771
25 3 25081 0 1777797257 897778
23 50 5382 0 1777797257 898438
20 13 5771 0 1777797257 898455
21 29 21072 0 1777797257 906342
25 4 8613 0 1777797257 906403
23 51 9006 0 1777797257 907445
24 26 9670 0 1777797257 907449
20 14 9382 0 1777797257 907838
23 52 16007 0 1777797257 923457
24 27 16007 0 1777797257 923466
20 15 16655 0 1777797257 924496
25 5 18095 0 1777797257 924499
21 30 20789 0 1777797257 927134
23 53 6587 0 1777797257 930054
24 28 6586 0 1777797257 930062
25 6 5563 0 1777797257 930067
22 1 1414993 0 1777797257 930172
20 16 11594 0 1777797257 936093
21 31 8961 0 1777797257 936100
24 29 12603 0 1777797257 942759
22 2 12676 0 1777797257 942849
23 54 16726 0 1777797257 946876
25 7 16745 0 1777797257 946905
20 17 10911 0 1777797257 947012
21 32 12699 0 1777797257 948809
24 30 9363 0 1777797257 952124
22 3 12709 0 1777797257 955560
23 55 9930 0 1777797257 956809
25 8 11801 0 1777797257 958708
20 18 11981 0 1777797257 958995
22 4 6652 0 1777797257 962214
21 33 14936 0 1777797257 963747
24 31 11834 0 1777797257 963963
20 19 8336 0 1777797257 967334
22 5 5145 0 1777797257 967362
25 9 8780 0 1777797257 967490
23 56 14284 0 1777797257 971096
21 34 11702 0 1777797257 975451
25 10 7964 0 1777797257 975457
22 6 9130 0 1777797257 976493
23 57 8545 0 1777797257 979649
24 32 16909 0 1777797257 980874
20 20 17548 0 1777797257 984887
25 11 13497 0 1777797257 988968
21 35 13709 0 1777797257 989166
22 7 12697 0 1777797257 989192
20 21 4859 0 1777797257 989749
23 58 15879 0 1777797257 995530
24 33 14663 0 1777797257 995540
21 36 6774 0 1777797257 995968
22 8 7234 0 1777797257 996442
20 22 7415 0 1777797257 997166
24 34 4263 0 1777797257 999817
25 12 10850 0 1777797257 999821
23 59 7992 0 1777797258 3533
22 9 8010 0 1777797258 4453
21 37 9579 0 1777797258 5549
20 23 8495 0 1777797258 5664
24 35 7079 0 1777797258 6901
25 13 8106 0 1777797258 7937
21 38 6386 0 1777797258 11937
20 24 9481 0 1777797258 15146
22 10 10717 0 1777797258 15173
23 60 11655 0 1777797258 15190
24 36 9887 0 1777797258 16790
20 25 4224 0 1777797258 19414
24 37 3441 0 1777797258 20233
25 14 12348 0 1777797258 20292
22 11 7600 0 1777797258 22801
25 15 5980 0 1777797258 26274
22 12 4390 0 1777797258 27196
20 26 7810 0 1777797258 27226
21 39 15319 0 1777797258 27257
23 61 13656 0 1777797258 28864
22 13 2487 0 1777797258 29690
21 40 2929 0 1777797258 30188
24 38 12355 0 1777797258 32589
24 39 1450 0 1777797258 34041
25 16 9684 0 1777797258 35963
24 40 2090 0 1777797258 36134
20 27 9540 0 1777797258 36776
24 41 2056 0 1777797258 38192
22 14 12976 0 1777797258 42669
20 28 8154 0 1777797258 44933
21 41 14748 0 1777797258 44938
24 42 6745 0 1777797258 44943
25 17 8982 0 1777797258 44947
22 15 2833 0 1777797258 45504
24 43 1857 0 1777797258 46816
24 44 1518 0 1777797258 48337
25 18 6067 0 1777797258 51031
24 45 3537 0 1777797258 51876
22 16 6406 0 1777797258 51911
21 42 9446 0 1777797258 54400
22 17 3754 0 1777797258 55666
24 46 4172 0 1777797258 56055
20 29 12512 0 1777797258 57459
23 62 34733 0 1777797258 63599
25 19 12573 0 1777797258 63608
24 47 8716 0 1777797258 64773
22 18 9210 0 1777797258 64877
20 30 10576 0 1777797258 68040
22 19 3365 0 1777797258 68244
21 43 13882 0 1777797258 68284
24 48 7106 0 1777797258 71881
23 63 8786 0 1777797258 72395
25 20 11118 0 1777797258 74736
23 64 3309 0 1777797258 75707
21 44 7474 0 1777797258 75761
20 31 9244 0 1777797258 77286
22 20 9046 0 1777797258 77293
24 49 5414 0 1777797258 77299
23 65 6485 0 1777797258 82194
24 50 8591 0 1777797258 85914
25 21 11181 0 1777797258 85918
20 32 9243 0 1777797258 86543
22 21 12423 0 1777797258 89735
24 51 3967 0 1777797258 89885
21 45 14292 0 1777797258 90054
25 22 6360 0 1777797258 92285
23 66 13184 0 1777797258 95385
21 46 5351 0 1777797258 95406
24 52 5829 0 1777797258 95715
22 22 15066 0 1777797258 104805
25 23 19021 0 1777797258 111312
21 47 16070 0 1777797258 111476
24 53 15981 0 1777797258 111698
22 23 7494 0 1777797258 112308
20 33 27577 0 1777797258 114122
23 67 18741 0 1777797258 114128
21 48 4721 0 1777797258 116199
21 49 3294 0 1777797258 119494
24 54 9174 0 1777797258 120874
25 24 11478 0 1777797258 122792
20 34 10138 0 1777797258 124269
23 68 10151 0 1777797258 124302
22 24 16257 0 1777797258 128566
25 25 5958 0 1777797258 128755
21 50 9788 0 1777797258 129284
24 55 9109 0 1777797258 129985
20 35 10336 0 1777797258 134608
21 51 5326 0 1777797258 134614
22 25 6051 0 1777797258 134620
24 56 7198 0 1777797258 137188
25 26 8736 0 1777797258 137492
23 69 16099 0 1777797258 140402
24 57 3716 0 1777797258 140906
20 36 22499 0 1777797258 157120
21 52 22499 0 1777797258 157128
23 70 16793 0 1777797258 157197
25 27 19709 0 1777797258 157203
24 58 16931 0 1777797258 157838
22 26 25807 0 1777797258 160444
23 71 8160 0 1777797258 165395
25 28 11340 0 1777797258 168588
21 53 11615 0 1777797258 168840
24 59 11159 0 1777797258 168998
20 37 11835 0 1777797258 169039
22 27 13722 0 1777797258 174169
23 72 11681 0 1777797258 177076
22 28 9231 0 1777797258 183403
24 60 14409 0 1777797258 183408
21 54 21130 0 1777797258 189972
25 29 21398 0 1777797258 189988
22 29 10215 0 1777797258 193624
23 73 16553 0 1777797258 193629
21 55 16785 0 1777797258 206775
22 30 13150 0 1777797258 206779
23 74 13148 0 1777797258 206782
24 61 23372 0 1777797258 206787
25 30 16791 0 1777797258 206790
20 38 38473 0 1777797258 207513
24 62 5101 0 1777797258 211907
21 56 5751 0 1777797258 212542
25 31 5745 0 1777797258 212557
22 31 10440 0 1777797258 217236
24 63 7420 0 1777797258 219328
20 39 19386 0 1777797258 226901
21 57 14352 0 1777797258 226910
22 32 9669 0 1777797258 226914
23 75 20117 0 1777797258 226918
24 64 7591 0 1777797258 226922
25 32 14356 0 1777797258 226925
20 40 10788 0 1777797258 237714
22 33 10777 0 1777797258 237720
23 76 10777 0 1777797258 237726
24 65 10777 0 1777797258 237731
25 33 10779 0 1777797258 237737
21 58 15927 0 1777797258 242865
21 59 6522 0 1777797258 249395
22 34 11658 0 1777797258 249403
23 77 11657 0 1777797258 249408
24 66 11655 0 1777797258 249413
25 34 11656 0 1777797258 249419
20 41 20202 0 1777797258 257939
22 35 8514 0 1777797258 257943
24 67 8506 0 1777797258 257947
25 35 8502 0 1777797258 257951
21 60 9179 0 1777797258 258599
23 78 9175 0 1777797258 258611
20 42 10855 0 1777797258 268807
21 61 10204 0 1777797258 268816
22 36 10867 0 1777797258 268824
23 79 10209 0 1777797258 268832
24 68 10872 0 1777797258 268839
25 36 10915 0 1777797258 268891
22 37 8013 0 1777797258 276882
24 69 8017 0 1777797258 276897
25 37 8012 0 1777797258 276904
20 43 15836 0 1777797258 284676
21 62 15836 0 1777797258 284699
22 38 7800 0 1777797258 284705
23 80 15838 0 1777797258 284712
24 70 7789 0 1777797258 284717
25 38 7786 0 1777797258 284724
20 44 6833 0 1777797258 291558
22 39 6844 0 1777797258 291582
23 81 6846 0 1777797258 291591
20 45 6371 0 1777797258 297975
21 63 13259 0 1777797258 297991
22 40 6389 0 1777797258 298013
23 82 6388 0 1777797258 298021
24 71 13244 0 1777797258 298027
25 39 13249 0 1777797258 298041
21 64 7684 0 1777797258 305749
22 41 7686 0 1777797258 305759
23 83 7680 0 1777797258 305766
20 46 8640 0 1777797258 306682
24 72 14892 0 1777797258 312986
25 40 14887 0 1777797258 312994
21 65 12120 0 1777797258 317888
22 42 13322 0 1777797258 319103
20 47 13906 0 1777797258 320592
23 84 15462 0 1777797258 321250
24 73 8722 0 1777797258 321717
25 41 8965 0 1777797258 321973
20 48 11287 0 1777797258 331892
21 66 14009 0 1777797258 331899
23 85 10654 0 1777797258 331905
25 42 10615 0 1777797258 332589
24 74 14698 0 1777797258 336417
22 43 17965 0 1777797258 337070
20 49 10063 0 1777797258 341969
21 67 10064 0 1777797258 341981
23 86 10105 0 1777797258 342029
25 43 9456 0 1777797258 342046
20 50 6936 0 1777797258 348983
21 68 6834 0 1777797258 349006
22 44 11941 0 1777797258 349013
24 75 12602 0 1777797258 349021
23 87 9381 0 1777797258 351569
25 44 9379 0 1777797258 351583
21 69 9680 0 1777797258 358712
22 45 9521 0 1777797258 358724
23 88 7147 0 1777797258 358732
24 76 9525 0 1777797258 358739
25 45 7142 0 1777797258 358745
20 51 13153 0 1777797258 362175
21 70 11506 0 1777797258 370252
22 46 11494 0 1777797258 370263
23 89 11621 0 1777797258 370399
24 77 11625 0 1777797258 370410
25 46 11619 0 1777797258 370417
22 47 4798 0 1777797258 375230
24 78 4773 0 1777797258 375247
20 52 20563 0 1777797258 382739
21 71 12332 0 1777797258 382749
22 48 7509 0 1777797258 382757
23 90 12325 0 1777797258 382764
24 79 7513 0 1777797258 382771
25 47 12299 0 1777797258 382780
20 53 12504 0 1777797258 395285
21 72 12495 0 1777797258 395291
22 49 12487 0 1777797258 395296
25 48 12462 0 1777797258 395301
23 91 13270 0 1777797258 396087
24 80 13267 0 1777797258 396095
22 50 2597 0 1777797258 397911
21 73 4889 0 1777797258 400196
20 54 8882 0 1777797258 404183
23 92 8096 0 1777797258 404192
22 51 13779 0 1777797258 411742
20 55 9891 0 1777797258 414085
22 52 4624 0 1777797258 416368
21 74 20356 0 1777797258 420555
22 53 9966 0 1777797258 426338
21 75 9419 0 1777797258 429977
24 81 33882 0 1777797258 429986
25 49 35468 0 1777797258 430787
20 56 19754 0 1777797258 433841
23 93 29658 0 1777797258 433859
24 82 11491 0 1777797258 441490
25 50 11085 0 1777797258 441874
22 54 15566 0 1777797258 441906
21 76 16382 0 1777797258 446370
23 94 12498 0 1777797258 446379
24 83 5879 0 1777797258 447371
25 51 5506 0 1777797258 447384
20 57 13575 0 1777797258 447436
23 95 2731 0 1777797258 449120
23 96 2259 0 1777797258 451383
25 52 3997 0 1777797258 451411
25 53 1529 0 1777797258 452941
20 58 7567 0 1777797258 455005
21 77 10178 0 1777797258 456558
23 97 5292 0 1777797258 456682
20 59 8722 0 1777797258 463731
24 84 20021 0 1777797258 467406
21 78 12482 0 1777797258 469045
21 79 3957 0 1777797258 473004
23 98 16661 0 1777797258 473345
24 85 6755 0 1777797258 474163
23 99 1520 0 1777797258 474867
20 60 12626 0 1777797258 476365
25 54 24017 0 1777797258 476961
21 80 7947 0 1777797258 480953
23 100 6089 0 1777797258 480960
20 61 7496 0 1777797258 483864
21 81 3207 0 1777797258 484168
23 101 4584 0 1777797258 485554
25 55 9728 0 1777797258 486695
23 102 7786 0 1777797258 493341
21 82 10739 0 1777797258 494910
25 56 16184 0 1777797258 502883
23 103 11625 0 1777797258 504968
20 62 22383 0 1777797258 506249
24 86 32090 0 1777797258 506255
21 83 11364 0 1777797258 506275
22 55 64429 0 1777797258 506336
25 57 4851 0 1777797258 507738
21 84 4526 0 1777797258 510801
24 87 4543 0 1777797258 510806
20 63 6540 0 1777797258 512796
20 64 11427 0 1777797258 524228
21 85 13432 0 1777797258 524238
22 56 17908 0 1777797258 524244
23 104 19281 0 1777797258 524251
24 88 13443 0 1777797258 524257
25 58 16523 0 1777797258 524262
20 65 5513 0 1777797258 529776
21 86 5964 0 1777797258 530235
22 57 5966 0 1777797258 530243
25 59 6420 0 1777797258 530720
20 66 7666 0 1777797258 537442
22 58 7192 0 1777797258 537446
23 105 13166 0 1777797258 537450
24 89 13162 0 1777797258 537454
25 60 6736 0 1777797258 537457
22 59 4876 0 1777797258 542339
20 67 8048 0 1777797258 545505
21 87 15268 0 1777797258 545513
25 61 8041 0 1777797258 545520
23 106 8086 0 1777797258 545554
24 90 9318 0 1777797258 546790
23 107 6516 0 1777797258 552071
22 60 9754 0 1777797258 552102
25 62 6572 0 1777797258 552109
21 88 8736 0 1777797258 554266
23 108 2915 0 1777797258 554993
24 91 8208 0 1777797258 554999
20 68 9715 0 1777797258 555236
22 61 5728 0 1777797258 557838
25 63 5734 0 1777797258 557854
23 109 7768 0 1777797258 562768
24 92 8189 0 1777797258 563198
21 89 9434 0 1777797258 563703
22 62 5902 0 1777797258 563757
20 69 11373 0 1777797258 566610
25 64 8946 0 1777797258 566811
20 70 5708 0 1777797258 572319
21 90 8639 0 1777797258 572344
25 65 7152 0 1777797258 573965
23 110 14669 0 1777797258 577439
22 63 16026 0 1777797258 579786
24 93 16599 0 1777797258 579799
21 91 7918 0 1777797258 580273
20 71 8508 0 1777797258 580854
25 66 6892 0 1777797258 580860
24 94 8214 0 1777797258 588026
25 67 7166 0 1777797258 588034
21 92 8756 0 1777797258 589031
22 64 9239 0 1777797258 589039
20 72 8204 0 1777797258 589065
23 111 12127 0 1777797258 589569
25 68 3471 0 1777797258 591517
20 73 6238 0 1777797258 595304
21 93 6274 0 1777797258 595315
24 95 7286 0 1777797258 595322
23 112 7157 0 1777797258 596727
22 65 10930 0 1777797258 599978
24 96 7442 0 1777797258 602787
25 69 11287 0 1777797258 602806
21 94 7642 0 1777797258 602978
20 74 8650 0 1777797258 603972
23 113 10119 0 1777797258 606849
24 97 4060 0 1777797258 606868
21 95 7522 0 1777797258 610502
25 70 7694 0 1777797258 610518
22 66 11204 0 1777797258 611185
23 114 6954 0 1777797258 613823
20 75 10965 0 1777797258 614938
25 71 4412 0 1777797258 614964
21 96 5036 0 1777797258 615555
24 98 8696 0 1777797258 615574
22 67 10017 0 1777797258 621218
23 115 7403 0 1777797258 621228
20 76 9591 0 1777797258 624556
24 99 8974 0 1777797258 624564
25 72 9645 0 1777797258 624620
21 97 9931 0 1777797258 625507
22 68 6531 0 1777797258 627760
23 116 6526 0 1777797258 627778
20 77 6945 0 1777797258 631566
24 100 7644 0 1777797258 632276
25 73 7675 0 1777797258 632315
21 98 6833 0 1777797258 632342
23 117 9976 0 1777797258 637767
21 99 6930 0 1777797258 639274
24 101 6975 0 1777797258 639291
25 74 6972 0 1777797258 639298
22 69 12859 0 1777797258 640639
23 118 2874 0 1777797258 640644
24 102 6306 0 1777797258 645621
20 78 15212 0 1777797258 646780
21 100 7487 0 1777797258 646786
23 119 6141 0 1777797258 646792
25 75 7474 0 1777797258 646798
24 103 2945 0 1777797258 648569
25 76 2286 0 1777797258 649120
25 77 2783 0 1777797258 651906
23 120 9387 0 1777797258 656214
25 78 9606 0 1777797258 661514
20 79 15563 0 1777797258 662361
24 104 14395 0 1777797258 662966
25 79 4286 0 1777797258 665805
21 101 19281 0 1777797258 666099
24 105 3636 0 1777797258 666607
24 106 2745 0 1777797258 669354
21 102 3631 0 1777797258 669733
25 80 11104 0 1777797258 676914
23 121 22708 0 1777797258 678929
22 70 40826 0 1777797258 681470
23 122 3101 0 1777797258 682033
20 80 21413 0 1777797258 683776
23 123 5674 0 1777797258 687709
21 103 21896 0 1777797258 691631
21 104 1493 0 1777797258 693127
21 105 3615 0 1777797258 696745
20 81 13148 0 1777797258 696926
25 81 20251 0 1777797258 697168
25 82 9844 0 1777797258 707013
23 124 19805 0 1777797258 707516
24 107 38397 0 1777797258 707753
24 108 1217 0 1777797258 708971
22 71 28260 0 1777797258 709732
20 82 13388 0 1777797258 710318
24 109 2257 0 1777797258 711229
21 106 16876 0 1777797258 713625
24 110 3035 0 1777797258 714267
25 83 7382 0 1777797258 714406
23 125 8037 0 1777797258 715554
23 126 5050 0 1777797258 720608
21 107 8515 0 1777797258 722143
25 84 7751 0 1777797258 722159
23 127 7729 0 1777797258 728340
22 72 22003 0 1777797258 731738
24 111 17478 0 1777797258 731747
25 85 9583 0 1777797258 731752
21 108 11451 0 1777797258 733611
21 109 11913 0 1777797258 745525
23 128 17188 0 1777797258 745530
24 112 13769 0 1777797258 745533
25 86 13765 0 1777797258 745537
20 83 38444 0 1777797258 748764
22 73 19199 0 1777797258 750952
24 113 9261 0 1777797258 754809
25 87 10203 0 1777797258 755756
24 114 5169 0 1777797258 759979
23 129 15606 0 1777797258 761148
21 110 19025 0 1777797258 764562
22 74 13613 0 1777797258 764567
24 115 6639 0 1777797258 766621
23 130 5767 0 1777797258 766917
25 88 15289 0 1777797258 771050
21 111 10117 0 1777797258 774686
20 84 28451 0 1777797258 777217
22 75 12641 0 1777797258 777225
25 89 8725 0 1777797258 779781
24 116 13457 0 1777797258 780089
21 112 6499 0 1777797258 781188
23 131 18634 0 1777797258 785552
22 76 10076 0 1777797258 787311
20 85 11027 0 1777797258 788253
24 117 12328 0 1777797258 792419
25 90 16260 0 1777797258 796043
21 113 16004 0 1777797258 797202
25 91 4109 0 1777797258 800154
24 118 7874 0 1777797258 800300
21 114 15668 0 1777797258 812875
23 132 27328 0 1777797258 812881
24 119 12582 0 1777797258 812884
25 92 15589 0 1777797258 815745
24 120 8860 0 1777797258 821757
21 115 13429 0 1777797258 826314
25 93 13089 0 1777797258 828835
22 77 43122 0 1777797258 830435
20 86 43255 0 1777797258 831514
25 94 5487 0 1777797258 834329
24 121 26752 0 1777797258 848511
20 87 18514 0 1777797258 850029
22 78 25425 0 1777797258 855866
20 88 5858 0 1777797258 855887
24 122 7379 0 1777797258 855891
25 95 21339 0 1777797258 855903
23 133 44939 0 1777797258 857830
25 96 6330 0 1777797258 862243
20 89 8652 0 1777797258 864556
23 134 7613 0 1777797258 865446
20 90 10792 0 1777797258 875349
25 97 13111 0 1777797258 875355
23 135 10608 0 1777797258 876055
22 79 26444 0 1777797258 882312
25 98 6962 0 1777797258 882324
20 91 8158 0 1777797258 883514
21 116 57199 0 1777797258 883518
23 136 7466 0 1777797258 883521
25 99 4031 0 1777797258 886372
22 80 4843 0 1777797258 887168
23 137 6203 0 1777797258 889733
24 123 39518 0 1777797258 895427
23 138 8047 0 1777797258 897781
25 100 11418 0 1777797258 897791
22 81 11144 0 1777797258 898313
22 82 4714 0 1777797258 903028
24 124 7873 0 1777797258 903302
23 139 7312 0 1777797258 905104
20 92 22047 0 1777797258 905569
22 83 6385 0 1777797258 909415
25 101 11640 0 1777797258 909446
24 125 6611 0 1777797258 909915
23 140 8395 0 1777797258 913561
25 102 5684 0 1777797258 915140
23 141 2876 0 1777797258 916439
20 93 52245 0 1777797258 957820
22 84 48380 0 1777797258 957827
21 117 76535 0 1777797258 960061
23 142 45986 0 1777797258 962427
24 126 52517 0 1777797258 962434
25 103 47316 0 1777797258 962458
21 118 3688 0 1777797258 963751
22 85 5916 0 1777797258 963755
21 119 7175 0 1777797258 970931
22 86 7188 0 1777797258 970950
24 127 8486 0 1777797258 970957
23 143 10391 0 1777797258 972850
21 120 2934 0 1777797258 973892
22 87 5806 0 1777797258 976783
24 128 8078 0 1777797258 979085
20 94 21612 0 1777797258 979440
21 121 8560 0 1777797258 982456
23 144 9892 0 1777797258 982745
25 104 22274 0 1777797258 984752
24 129 6763 0 1777797258 985849
24 130 10854 0 1777797258 996705
24 131 3271 0 1777797258 999977
20 95 77284 0 1777797259 56727
21 122 74273 0 1777797259 56731
22 88 79943 0 1777797259 56734
23 145 73990 0 1777797259 56737
24 132 56762 0 1777797259 56740
25 105 71989 0 1777797259 56743
21 123 10366 0 1777797259 67114
24 133 10381 0 1777797259 67144
25 106 10386 0 1777797259 67152
20 96 17119 0 1777797259 73863
22 89 17119 0 1777797259 73872
23 146 17121 0 1777797259 73878
21 124 14562 0 1777797259 81715
24 134 14548 0 1777797259 81720
25 107 14545 0 1777797259 81723
23 147 8913 0 1777797259 82809
20 97 9118 0 1777797259 82996
22 90 13583 0 1777797259 87472
24 135 5759 0 1777797259 87488
25 108 5762 0 1777797259 87496
21 125 6422 0 1777797259 88145
20 98 12759 0 1777797259 95758
21 126 7614 0 1777797259 95761
22 91 8268 0 1777797259 95765
23 148 12959 0 1777797259 95769
24 136 8259 0 1777797259 95772
25 109 8255 0 1777797259 95776
20 99 6192 0 1777797259 101968
21 127 8303 0 1777797259 104084
22 92 8313 0 1777797259 104100
23 149 8311 0 1777797259 104106
24 137 14826 0 1777797259 110627
25 110 14829 0 1777797259 110634
20 100 12968 0 1777797259 114939
21 128 10839 0 1777797259 114946
22 93 10826 0 1777797259 114952
23 150 10823 0 1777797259 114958
24 138 11192 0 1777797259 121827
25 111 11916 0 1777797259 122568
20 101 19452 0 1777797259 134411
21 129 19454 0 1777797259 134422
22 94 19444 0 1777797259 134425
23 151 19388 0 1777797259 134429
24 139 12605 0 1777797259 134433
25 112 11863 0 1777797259 134437
21 130 10293 0 1777797259 144743
24 140 10283 0 1777797259 144748
25 113 10282 0 1777797259 144752
22 95 11649 0 1777797259 146104
23 152 11650 0 1777797259 146110
20 102 13388 0 1777797259 147825
25 114 3979 0 1777797259 148741
22 96 10018 0 1777797259 156130
21 131 11854 0 1777797259 156606
20 103 13522 0 1777797259 161352
22 97 5229 0 1777797259 161360
23 153 15247 0 1777797259 161367
24 141 16616 0 1777797259 161373
25 115 12634 0 1777797259 161379
21 132 10934 0 1777797259 167545
22 98 8563 0 1777797259 169952
25 116 8588 0 1777797259 170048
21 133 10224 0 1777797259 177774
23 154 16384 0 1777797259 177782
24 142 16385 0 1777797259 177789
20 104 18681 0 1777797259 180061
22 99 10018 0 1777797259 180068
25 117 9983 0 1777797259 180075
21 134 9584 0 1777797259 187375
22 100 7297 0 1777797259 187382
23 155 9589 0 1777797259 187389
25 118 7304 0 1777797259 187396
24 143 14330 0 1777797259 192147
21 135 12156 0 1777797259 199553
22 101 12142 0 1777797259 199559
23 156 12147 0 1777797259 199574
25 119 12154 0 1777797259 199592
20 105 24225 0 1777797259 204301
20 106 8387 0 1777797259 212691
21 136 13120 0 1777797259 212713
22 102 13198 0 1777797259 212802
23 157 13208 0 1777797259 212820
25 120 13209 0 1777797259 212828
24 144 25414 0 1777797259 217563
20 107 27370 0 1777797259 240199
21 137 27369 0 1777797259 240207
22 103 27324 0 1777797259 240216
24 145 23060 0 1777797259 240625
20 108 5342 0 1777797259 245972
22 104 5315 0 1777797259 245978
25 121 33082 0 1777797259 245986
24 146 8271 0 1777797259 248939
20 109 9982 0 1777797259 255969
24 147 7042 0 1777797259 255988
25 122 9991 0 1777797259 255996
22 105 13021 0 1777797259 259017
20 110 7924 0 1777797259 263921
22 106 4927 0 1777797259 263952
25 123 7944 0 1777797259 263962
21 138 27344 0 1777797259 268001
20 111 7566 0 1777797259 271599
24 148 18761 0 1777797259 274770
21 139 13551 0 1777797259 281557
24 149 6795 0 1777797259 281567
20 112 33883 0 1777797259 305485
21 140 23925 0 1777797259 305493
22 107 46579 0 1777797259 310668
23 158 97778 0 1777797259 310677
24 150 29103 0 1777797259 310684
25 124 46197 0 1777797259 310689
21 141 15426 0 1777797259 320960
20 113 31337 0 1777797259 336849
21 142 15907 0 1777797259 336867
22 108 26185 0 1777797259 336875
23 159 26182 0 1777797259 336882
25 125 26008 0 1777797259 336888
24 151 40487 0 1777797259 351356
21 143 19071 0 1777797259 355977
23 160 22306 0 1777797259 359229
25 126 22300 0 1777797259 359232
24 152 9703 0 1777797259 361068
21 144 7504 0 1777797259 363485
20 114 30188 0 1777797259 367077
23 161 7853 0 1777797259 367086
22 109 30549 0 1777797259 367464
21 145 7996 0 1777797259 371485
24 153 12116 0 1777797259 373189
21 146 4634 0 1777797259 376121
23 162 9816 0 1777797259 376923
21 147 2322 0 1777797259 378445
24 154 5629 0 1777797259 378820
22 110 12343 0 1777797259 379809
23 163 5857 0 1777797259 382782
25 127 23552 0 1777797259 382791
21 148 11485 0 1777797259 389932
25 128 7138 0 1777797259 389949
20 115 23819 0 1777797259 390906
23 164 8120 0 1777797259 390913
22 111 11123 0 1777797259 390939
24 155 12131 0 1777797259 390955
21 149 5639 0 1777797259 395590
23 165 4679 0 1777797259 395603
22 112 5329 0 1777797259 396270
25 129 6485 0 1777797259 396461
22 113 1910 0 1777797259 398182
23 166 4268 0 1777797259 399891
21 150 4759 0 1777797259 400365
20 116 10098 0 1777797259 401013
25 130 4560 0 1777797259 401023
21 151 3457 0 1777797259 403824
22 114 6224 0 1777797259 404408
24 156 13835 0 1777797259 404791
23 167 6876 0 1777797259 406770
25 131 9921 0 1777797259 410969
22 115 6952 0 1777797259 411362
22 116 1519 0 1777797259 412882
21 152 9609 0 1777797259 413435
24 157 8899 0 1777797259 413692
22 117 1554 0 1777797259 414438
24 158 2304 0 1777797259 415997
22 118 2290 0 1777797259 416730
21 153 3481 0 1777797259 416919
24 159 1349 0 1777797259 417350
22 119 1026 0 1777797259 417759
21 154 1833 0 1777797259 418754
24 160 1886 0 1777797259 419238
22 120 2523 0 1777797259 420285
23 168 13767 0 1777797259 420539
20 117 21752 0 1777797259 422777
25 132 12033 0 1777797259 423004
23 169 4830 0 1777797259 425371
22 121 5611 0 1777797259 425897
23 170 4634 0 1777797259 430007
22 122 4450 0 1777797259 430349
21 155 12500 0 1777797259 431256
21 156 2035 0 1777797259 433293
20 118 13092 0 1777797259 435877
25 133 13812 0 1777797259 436818
22 123 6888 0 1777797259 437239
24 161 18005 0 1777797259 437246
20 119 1993 0 1777797259 437872
23 171 7874 0 1777797259 437882
21 157 6224 0 1777797259 439522
22 124 2290 0 1777797259 439536
24 162 2919 0 1777797259 440186
25 134 5974 0 1777797259 442800
24 163 3272 0 1777797259 443461
21 158 5632 0 1777797259 445170
20 120 8285 0 1777797259 446168
22 125 8386 0 1777797259 447939
24 164 6192 0 1777797259 449655
22 126 2822 0 1777797259 450763
23 172 13641 0 1777797259 451536
20 121 6090 0 1777797259 452260
25 135 11045 0 1777797259 453847
22 127 8103 0 1777797259 458868
23 173 9104 0 1777797259 460642
20 122 8962 0 1777797259 461225
21 159 16062 0 1777797259 461234
22 128 3851 0 1777797259 462721
24 165 13480 0 1777797259 463137
23 174 3617 0 1777797259 464263
20 123 4053 0 1777797259 465288
21 160 4053 0 1777797259 465301
24 166 6204 0 1777797259 469342
23 175 5389 0 1777797259 469656
20 124 5760 0 1777797259 471063
22 129 8350 0 1777797259 471073
25 136 18268 0 1777797259 472117
21 161 7077 0 1777797259 472392
20 125 2644 0 1777797259 473718
20 126 2917 0 1777797259 476636
24 167 8285 0 1777797259 477629
22 130 7619 0 1777797259 478705
23 176 11871 0 1777797259 481530
23 177 2460 0 1777797259 483993
20 127 8998 0 1777797259 485636
22 131 6940 0 1777797259 485647
23 178 5537 0 1777797259 489532
24 168 11906 0 1777797259 489538
25 137 17425 0 1777797259 489544
21 162 18115 0 1777797259 490509
22 132 5380 0 1777797259 491041
25 138 2086 0 1777797259 491705
21 163 4925 0 1777797259 495438
22 133 4552 0 1777797259 495595
24 169 6015 0 1777797259 495628
25 139 3927 0 1777797259 495634
23 179 6802 0 1777797259 496346
21 164 2984 0 1777797259 498493
22 134 3026 0 1777797259 498624
25 140 3533 0 1777797259 499177
23 180 5652 0 1777797259 502001
24 170 6374 0 1777797259 502009
22 135 4706 0 1777797259 503331
23 181 2402 0 1777797259 504412
21 165 9067 0 1777797259 507564
22 136 4972 0 1777797259 508305
21 166 8477 0 1777797259 516044
24 171 13985 0 1777797259 516068
25 141 16896 0 1777797259 516074
25 142 3718 0 1777797259 519820
24 172 13397 0 1777797259 529491
22 137 21638 0 1777797259 529945
20 128 44332 0 1777797259 529981
25 143 10157 0 1777797259 529986
21 167 14149 0 1777797259 530224
23 182 25990 0 1777797259 530404
21 168 10203 0 1777797259 540429
22 138 10484 0 1777797259 540434
20 129 10987 0 1777797259 540973
23 183 10572 0 1777797259 540977
24 173 11487 0 1777797259 540981
25 144 10993 0 1777797259 540985
23 184 13144 0 1777797259 554134
21 169 13778 0 1777797259 554214
22 139 13870 0 1777797259 554312
20 130 13345 0 1777797259 554330
24 174 13446 0 1777797259 554440
25 145 13506 0 1777797259 554504
23 185 7188 0 1777797259 561325
24 175 7557 0 1777797259 561998
22 140 8638 0 1777797259 562952
20 131 11494 0 1777797259 565825
21 170 11641 0 1777797259 565856
25 146 17536 0 1777797259 572042
23 186 11228 0 1777797259 572556
22 141 9652 0 1777797259 572606
24 176 15403 0 1777797259 577403
21 171 12627 0 1777797259 578484
20 132 12754 0 1777797259 578582
25 147 11018 0 1777797259 583063
22 142 10765 0 1777797259 583378
23 187 11237 0 1777797259 583794
24 177 6392 0 1777797259 583797
21 172 10128 0 1777797259 588667
23 188 9468 0 1777797259 593266
22 143 10364 0 1777797259 593743
24 178 10769 0 1777797259 594571
20 133 17098 0 1777797259 595681
21 173 7244 0 1777797259 595920
25 148 12865 0 1777797259 595930
23 189 3189 0 1777797259 596459
25 149 4487 0 1777797259 600429
21 174 4521 0 1777797259 600452
22 144 7743 0 1777797259 601488
23 190 6807 0 1777797259 603268
24 179 9249 0 1777797259 603822
22 145 10026 0 1777797259 611515
23 191 8251 0 1777797259 611521
25 150 11097 0 1777797259 611529
21 175 11375 0 1777797259 611828
24 180 8013 0 1777797259 611838
20 134 16360 0 1777797259 612043
22 146 3914 0 1777797259 615443
23 192 3910 0 1777797259 615447
21 176 4772 0 1777797259 616611
25 151 5078 0 1777797259 616619
20 135 11377 0 1777797259 623422
24 181 11659 0 1777797259 623513
22 147 9053 0 1777797259 624500
23 193 12082 0 1777797259 627534
25 152 10919 0 1777797259 627549
21 177 11357 0 1777797259 627977
20 136 5660 0 1777797259 629087
25 153 2993 0 1777797259 630617
22 148 6455 0 1777797259 630957
21 178 4570 0 1777797259 632577
23 194 5043 0 1777797259 632593
20 137 3998 0 1777797259 633086
24 182 9652 0 1777797259 633166
21 179 5090 0 1777797259 637684
23 195 5882 0 1777797259 638489
21 180 4615 0 1777797259 642302
22 149 11349 0 1777797259 642308
24 183 9168 0 1777797259 642336
25 154 11733 0 1777797259 642352
20 138 16168 0 1777797259 649258
23 196 10989 0 1777797259 649480
23 197 5453 0 1777797259 654935
22 150 12812 0 1777797259 655175
23 198 1525 0 1777797259 656462
25 155 14368 0 1777797259 656748
21 181 15405 0 1777797259 657758
24 184 16366 0 1777797259 658739
25 156 5816 0 1777797259 662565
21 182 4930 0 1777797259 662692
23 199 6268 0 1777797259 662732
20 139 13546 0 1777797259 662811
22 151 9109 0 1777797259 664286
24 185 6359 0 1777797259 665102
25 157 3079 0 1777797259 665646
22 152 1538 0 1777797259 665826
24 186 3221 0 1777797259 668325
22 153 2793 0 1777797259 668621
22 154 2525 0 1777797259 671147
23 200 8500 0 1777797259 671233
25 158 5591 0 1777797259 671239
22 155 3840 0 1777797259 674989
22 156 2457 0 1777797259 677448
25 159 6453 0 1777797259 677708
23 201 9265 0 1777797259 680505
20 140 17934 0 1777797259 680746
23 202 1262 0 1777797259 681770
22 157 6238 0 1777797259 683688
23 203 3565 0 1777797259 685337
22 158 3684 0 1777797259 687374
20 141 8872 0 1777797259 689620
20 142 4575 0 1777797259 694197
22 159 6835 0 1777797259 694211
22 160 2415 0 1777797259 696636
20 143 3002 0 1777797259 697215
21 183 35052 0 1777797259 697745
23 204 12507 0 1777797259 697846
22 161 3558 0 1777797259 700228
25 160 24512 0 1777797259 702222
20 144 9987 0 1777797259 707205
22 162 7565 0 1777797259 707795
22 163 1748 0 1777797259 709544
23 205 17657 0 1777797259 715505
22 164 6497 0 1777797259 716044
23 206 1089 0 1777797259 716598
22 165 4233 0 1777797259 720288
23 207 4234 0 1777797259 720835
24 187 53001 0 1777797259 721330
23 208 1249 0 1777797259 722086
24 188 1985 0 1777797259 723318
22 166 3815 0 1777797259 724105
20 145 23313 0 1777797259 730521
20 146 6727 0 1777797259 737252
22 167 21910 0 1777797259 746018
21 184 54179 0 1777797259 751929
22 168 8297 0 1777797259 754317
21 185 7433 0 1777797259 759368
22 169 5057 0 1777797259 759380
22 170 1204 0 1777797259 760595
21 186 1630 0 1777797259 761012
22 171 3827 0 1777797259 764424
20 147 48880 0 1777797259 786134
21 187 25128 0 1777797259 786141
22 172 21720 0 1777797259 786146
23 209 64062 0 1777797259 786151
24 189 62824 0 1777797259 786157
25 161 83942 0 1777797259 786164
25 162 7994 0 1777797259 794194
21 188 15408 0 1777797259 801581
22 173 15420 0 1777797259 801600
23 210 17254 0 1777797259 803441
24 190 17254 0 1777797259 803448
20 148 17311 0 1777797259 803476
20 149 15161 0 1777797259 818638
25 163 24464 0 1777797259 818659
21 189 21324 0 1777797259 822925
22 174 21320 0 1777797259 822932
23 211 19930 0 1777797259 823379
24 191 19927 0 1777797259 823387
20 150 14439 0 1777797259 833099
25 164 16829 0 1777797259 835494
22 175 16419 0 1777797259 839360
24 192 16027 0 1777797259 839427
21 190 16577 0 1777797259 839510
23 212 18048 0 1777797259 841436
20 151 10590 0 1777797259 843692
25 165 10361 0 1777797259 845857
22 176 11166 0 1777797259 850534
21 191 16993 0 1777797259 856504
24 193 17098 0 1777797259 856527
20 152 13990 0 1777797259 857689
23 213 16258 0 1777797259 857696
22 177 22378 0 1777797259 872914
25 166 27071 0 1777797259 872929
21 192 16435 0 1777797259 872963
24 194 16426 0 1777797259 872970
20 153 18268 0 1777797259 875965
23 214 18281 0 1777797259 875988
21 193 13945 0 1777797259 886916
22 178 15931 0 1777797259 888862
24 195 15920 0 1777797259 888910
25 167 15970 0 1777797259 888917
23 215 15077 0 1777797259 891066
20 154 15762 0 1777797259 891733
21 194 8944 0 1777797259 895868
23 216 20441 0 1777797259 911509
22 179 22634 0 1777797259 911552
24 196 22630 0 1777797259 911558
25 168 22626 0 1777797259 911564
20 155 20203 0 1777797259 911938
21 195 16166 0 1777797259 912035
22 180 15583 0 1777797259 927148
20 156 31655 0 1777797259 943594
23 217 32236 0 1777797259 943753
25 169 32164 0 1777797259 943758
21 196 31869 0 1777797259 943905
24 197 33786 0 1777797259 945361
22 181 18899 0 1777797259 946049
20 157 3477 0 1777797259 947081
25 170 8297 0 1777797259 952064
21 197 13423 0 1777797259 957330
20 158 15659 0 1777797259 962741
23 218 18989 0 1777797259 962748
21 198 5722 0 1777797259 963058
24 198 19281 0 1777797259 964647
25 171 13016 0 1777797259 965083
22 182 23477 0 1777797259 969528
21 199 8620 0 1777797259 971682
25 172 6750 0 1777797259 971835
23 219 11495 0 1777797259 974254
20 159 11534 0 1777797259 974283
20 160 13758 0 1777797259 988042
22 183 23517 0 1777797259 993052
25 173 24019 0 1777797259 995856
25 174 3288 0 1777797259 999152
20 161 11826 0 1777797259 999869
21 200 33236 0 1777797260 4923
20 162 5209 0 1777797260 5082
21 201 3103 0 1777797260 8029
25 175 9859 0 1777797260 9013
21 202 1355 0 1777797260 9386
21 203 2430 0 1777797260 11819
22 184 22378 0 1777797260 15437
21 204 4645 0 1777797260 16466
23 220 42231 0 1777797260 16489
20 163 13329 0 1777797260 18413
22 185 5101 0 1777797260 20539
25 176 11764 0 1777797260 20781
24 199 56268 0 1777797260 20923
22 186 3177 0 1777797260 23718
20 164 5565 0 1777797260 23981
22 187 836 0 1777797260 24556
22 188 3650 0 1777797260 28208
25 177 8837 0 1777797260 29620
20 165 8203 0 1777797260 32186
24 200 11270 0 1777797260 32196
22 189 4016 0 1777797260 32226
23 221 16676 0 1777797260 33180
21 205 17129 0 1777797260 33621
20 166 1627 0 1777797260 33824
23 222 2001 0 1777797260 35186
20 167 3055 0 1777797260 36880
23 223 2750 0 1777797260 37983
20 168 2755 0 1777797260 39638
23 224 1661 0 1777797260 39645
20 169 1094 0 1777797260 40740
25 178 13383 0 1777797260 43008
23 225 3474 0 1777797260 43129
24 201 11998 0 1777797260 44206
20 170 4590 0 1777797260 45332
22 190 13624 0 1777797260 45852
21 206 13775 0 1777797260 47399
21 207 1557 0 1777797260 48957
21 208 2319 0 1777797260 51278
22 191 5434 0 1777797260 51287
23 226 8270 0 1777797260 51403
20 171 7046 0 1777797260 52384
24 202 10148 0 1777797260 54356
22 192 6195 0 1777797260 57503
23 227 6256 0 1777797260 57662
24 203 4916 0 1777797260 59275
22 193 4499 0 1777797260 62007
23 228 4363 0 1777797260 62026
23 229 997 0 1777797260 63024
20 172 13636 0 1777797260 66026
24 204 7358 0 1777797260 66635
25 179 26202 0 1777797260 69217
23 230 6262 0 1777797260 69288
22 194 7302 0 1777797260 69311
21 209 18071 0 1777797260 69359
24 205 6963 0 1777797260 73599
20 173 8607 0 1777797260 74636
20 174 842 0 1777797260 75482
20 175 632 0 1777797260 76115
22 195 7332 0 1777797260 76645
20 176 934 0 1777797260 77051
23 231 9318 0 1777797260 78607
22 196 4961 0 1777797260 81607
23 232 3017 0 1777797260 81626
25 180 16912 0 1777797260 86131
23 233 4738 0 1777797260 86365
21 210 17183 0 1777797260 86544
24 206 14102 0 1777797260 87702
22 197 8311 0 1777797260 89921
23 234 3697 0 1777797260 90065
21 211 4573 0 1777797260 91118
23 235 1736 0 1777797260 91802
20 177 14821 0 1777797260 91873
25 181 6183 0 1777797260 92320
23 236 4334 0 1777797260 96138
21 212 6406 0 1777797260 97530
23 237 1783 0 1777797260 97925
21 213 1508 0 1777797260 99040
22 198 9660 0 1777797260 99582
21 214 5352 0 1777797260 104395
23 238 6474 0 1777797260 104402
20 178 12863 0 1777797260 104738
25 182 12730 0 1777797260 105053
22 199 5495 0 1777797260 105079
23 239 4702 0 1777797260 109120
24 207 24368 0 1777797260 112072
20 179 7567 0 1777797260 112307
25 183 8002 0 1777797260 113057
24 208 2352 0 1777797260 114427
23 240 5736 0 1777797260 114859
21 215 10679 0 1777797260 115083
21 216 814 0 1777797260 115899
24 209 1599 0 1777797260 116029
25 184 5703 0 1777797260 118764
23 241 5972 0 1777797260 120835
21 217 6252 0 1777797260 122153
23 242 1569 0 1777797260 122406
22 200 17483 0 1777797260 122563
21 218 1901 0 1777797260 124056
23 243 2624 0 1777797260 125032
20 180 14278 0 1777797260 126587
25 185 7883 0 1777797260 126652
23 244 2301 0 1777797260 127334
22 201 5343 0 1777797260 127908
20 181 3079 0 1777797260 129669
24 210 15383 0 1777797260 131413
22 202 4172 0 1777797260 132082
23 245 5907 0 1777797260 133243
20 182 4879 0 1777797260 134551
24 211 4764 0 1777797260 136180
22 203 4898 0 1777797260 136982
23 246 3745 0 1777797260 136990
20 183 5930 0 1777797260 140483
23 247 4018 0 1777797260 141020
25 186 15398 0 1777797260 142051
22 204 6879 0 1777797260 143870
24 212 8422 0 1777797260 144603
25 187 2656 0 1777797260 144709
20 184 6104 0 1777797260 146589
22 205 5752 0 1777797260 149624
25 188 5400 0 1777797260 150110
20 185 3821 0 1777797260 150416
24 213 7254 0 1777797260 151860
22 206 3931 0 1777797260 153564
23 248 13550 0 1777797260 154572
23 249 3963 0 1777797260 158540
20 186 9436 0 1777797260 159854
23 250 1979 0 1777797260 160523
25 189 13441 0 1777797260 163553
23 251 3364 0 1777797260 163889
22 207 11732 0 1777797260 165298
20 187 5508 0 1777797260 165365
23 252 5007 0 1777797260 168897
22 208 6592 0 1777797260 171897
25 190 8352 0 1777797260 171906
20 188 6818 0 1777797260 172184
20 189 3630 0 1777797260 175815
22 209 4759 0 1777797260 176665
25 191 5284 0 1777797260 177208
24 214 25464 0 1777797260 177325
22 210 5501 0 1777797260 182170
25 192 5338 0 1777797260 182548
24 215 7454 0 1777797260 184780
25 193 2274 0 1777797260 184825
22 211 4180 0 1777797260 186351
20 190 12678 0 1777797260 188494
25 194 3677 0 1777797260 188503
22 212 2387 0 1777797260 188751
24 216 4369 0 1777797260 189151
25 195 1331 0 1777797260 189849
21 219 66552 0 1777797260 190612
22 213 3441 0 1777797260 192194
25 196 2820 0 1777797260 192670
24 217 6443 0 1777797260 195596
21 220 5683 0 1777797260 196296
22 214 6445 0 1777797260 198646
25 197 5979 0 1777797260 198653
24 218 5512 0 1777797260 201110
20 191 13181 0 1777797260 201685
25 198 4399 0 1777797260 203058
21 221 4461 0 1777797260 203079
22 215 4429 0 1777797260 203083
21 222 2690 0 1777797260 205774
24 219 5196 0 1777797260 206308
23 253 39156 0 1777797260 208055
25 199 5001 0 1777797260 208061
20 192 7569 0 1777797260 209258
25 200 4097 0 1777797260 212170
23 254 11130 0 1777797260 219192
20 193 9945 0 1777797260 219210
24 220 12985 0 1777797260 219295
25 201 7137 0 1777797260 219308
23 255 2025 0 1777797260 221219
25 202 2296 0 1777797260 221614
21 223 17458 0 1777797260 223236
25 203 2993 0 1777797260 224609
24 221 7422 0 1777797260 226732
25 204 3048 0 1777797260 227659
25 205 1349 0 1777797260 229012
24 222 2770 0 1777797260 229504
21 224 6962 0 1777797260 230200
22 216 28594 0 1777797260 231695
21 225 4903 0 1777797260 235108
23 256 13898 0 1777797260 235118
22 217 4673 0 1777797260 236370
24 223 7381 0 1777797260 236887
20 194 21055 0 1777797260 240266
22 218 5665 0 1777797260 242038
24 224 6867 0 1777797260 243756
22 219 3578 0 1777797260 245620
24 225 2117 0 1777797260 245874
22 220 1865 0 1777797260 247488
24 226 1620 0 1777797260 247496
22 221 1207 0 1777797260 248704
25 206 19723 0 1777797260 248737
23 257 13856 0 1777797260 248987
24 227 1803 0 1777797260 249311
23 258 3094 0 1777797260 252084
22 222 4575 0 1777797260 253282
20 195 13622 0 1777797260 253890
21 226 20140 0 1777797260 255260
23 259 3199 0 1777797260 255289
25 207 8963 0 1777797260 257702
22 223 6929 0 1777797260 260212
24 228 14011 0 1777797260 263324
20 196 9596 0 1777797260 263488
22 224 5069 0 1777797260 265283
21 227 10351 0 1777797260 265617
25 208 9126 0 1777797260 266834
21 228 2188 0 1777797260 267807
21 229 1507 0 1777797260 269316
22 225 4254 0 1777797260 269539
25 209 4024 0 1777797260 270863
21 230 3331 0 1777797260 272649
22 226 4364 0 1777797260 273904
23 260 21555 0 1777797260 276846
22 227 4347 0 1777797260 278255
24 229 15144 0 1777797260 278476
21 231 9235 0 1777797260 281886
24 230 4071 0 1777797260 282549
20 197 22746 0 1777797260 286235
22 228 8018 0 1777797260 286276
21 232 4511 0 1777797260 286399
22 229 1659 0 1777797260 287937
24 231 5418 0 1777797260 287969
20 198 4101 0 1777797260 290338
22 230 2431 0 1777797260 290373
21 233 4074 0 1777797260 290474
24 232 2670 0 1777797260 290641
22 231 2522 0 1777797260 292896
20 199 5700 0 1777797260 296046
21 234 5582 0 1777797260 296057
23 261 20875 0 1777797260 297723
22 232 6866 0 1777797260 299765
24 233 9608 0 1777797260 300250
21 235 5013 0 1777797260 301094
23 262 5379 0 1777797260 303103
24 234 2861 0 1777797260 303113
20 200 7524 0 1777797260 303582
23 263 1719 0 1777797260 304834
20 201 5555 0 1777797260 309140
22 233 10409 0 1777797260 310175
21 236 14757 0 1777797260 315854
22 234 5710 0 1777797260 315887
25 210 45790 0 1777797260 316658
20 202 10205 0 1777797260 319347
23 264 15143 0 1777797260 319979
24 235 17566 0 1777797260 320692
22 235 6495 0 1777797260 322384
23 265 3600 0 1777797260 323606
24 236 2945 0 1777797260 323638
23 266 1836 0 1777797260 325446
22 236 3079 0 1777797260 325465
24 237 2002 0 1777797260 325641
23 267 3309 0 1777797260 328758
24 238 3780 0 1777797260 329424
20 203 10098 0 1777797260 329450
22 237 6142 0 1777797260 331608
21 237 15784 0 1777797260 331640
25 211 15696 0 1777797260 332360
24 239 6698 0 1777797260 336127
23 268 7500 0 1777797260 336260
22 238 5340 0 1777797260 336951
24 240 2881 0 1777797260 339011
25 212 7011 0 1777797260 339375
23 269 4282 0 1777797260 340545
22 239 5362 0 1777797260 342317
23 270 7302 0 1777797260 347855
24 241 8917 0 1777797260 347929
20 204 18518 0 1777797260 347969
21 238 17465 0 1777797260 349106
22 240 6814 0 1777797260 349135
25 213 10737 0 1777797260 350116
21 239 1118 0 1777797260 350231
22 241 2071 0 1777797260 351207
22 242 1877 0 1777797260 353086
21 240 2936 0 1777797260 353168
25 214 3125 0 1777797260 353243
23 271 6175 0 1777797260 354036
24 242 7354 0 1777797260 355285
25 215 5114 0 1777797260 358359
21 241 6457 0 1777797260 359627
25 216 1338 0 1777797260 359699
22 243 7378 0 1777797260 360466
25 217 1475 0 1777797260 361184
25 218 1109 0 1777797260 362296
21 242 2819 0 1777797260 362519
24 243 9386 0 1777797260 364675
22 244 4738 0 1777797260 365206
25 219 2915 0 1777797260 365213
21 243 4546 0 1777797260 367066
25 220 1988 0 1777797260 367225
23 272 14284 0 1777797260 368322
24 244 4373 0 1777797260 369053
22 245 4031 0 1777797260 369245
21 244 3902 0 1777797260 370970
22 246 4149 0 1777797260 373395
22 247 1715 0 1777797260 375112
20 205 27299 0 1777797260 375269
21 245 7238 0 1777797260 378210
24 245 9284 0 1777797260 378338
25 221 15339 0 1777797260 382565
21 246 4495 0 1777797260 382709
24 246 4986 0 1777797260 383326
22 248 9453 0 1777797260 384568
25 222 2009 0 1777797260 384576
20 206 12400 0 1777797260 387670
24 247 4447 0 1777797260 387774
22 249 6691 0 1777797260 391268
24 248 5438 0 1777797260 393214
21 247 10772 0 1777797260 393482
24 249 1609 0 1777797260 394824
21 248 3362 0 1777797260 396845
23 273 30650 0 1777797260 398974
25 223 14466 0 1777797260 399048
22 250 7865 0 1777797260 399134
24 250 9315 0 1777797260 404141
23 274 5890 0 1777797260 404868
21 249 8106 0 1777797260 404953
22 251 5832 0 1777797260 404967
20 207 17434 0 1777797260 405113
25 224 8364 0 1777797260 407414
24 251 3401 0 1777797260 407543
22 252 6748 0 1777797260 411716
21 250 6792 0 1777797260 411746
20 208 7018 0 1777797260 412132
23 275 7537 0 1777797260 412406
25 225 4993 0 1777797260 412414
20 209 3836 0 1777797260 415983
24 252 8480 0 1777797260 416025
21 251 6748 0 1777797260 418497
23 276 6088 0 1777797260 418503
22 253 10700 0 1777797260 422426
25 226 10193 0 1777797260 422617
23 277 4145 0 1777797260 422658
24 253 6895 0 1777797260 422921
21 252 4673 0 1777797260 423177
21 253 5575 0 1777797260 428754
24 254 5894 0 1777797260 428817
22 254 6478 0 1777797260 428906
20 210 13395 0 1777797260 429383
25 227 8694 0 1777797260 431312
23 278 9008 0 1777797260 431667
24 255 3624 0 1777797260 432443
20 211 3138 0 1777797260 432523
21 254 7323 0 1777797260 436079
25 228 4768 0 1777797260 436085
23 279 4790 0 1777797260 436459
22 255 8328 0 1777797260 437235
22 256 2575 0 1777797260 439815
21 255 6240 0 1777797260 442326
25 229 6491 0 1777797260 442583
24 256 10326 0 1777797260 442770
23 280 6882 0 1777797260 443380
22 257 5752 0 1777797260 445569
23 281 2605 0 1777797260 445993
24 257 5371 0 1777797260 448142
21 256 7078 0 1777797260 449406
22 258 3871 0 1777797260 449441
24 258 4978 0 1777797260 453123
25 230 10811 0 1777797260 453396
22 259 7391 0 1777797260 456833
25 231 3757 0 1777797260 457154
23 282 11507 0 1777797260 457502
24 259 5024 0 1777797260 458149
24 260 1839 0 1777797260 459990
21 257 10805 0 1777797260 460212
23 283 5906 0 1777797260 463410
22 260 6994 0 1777797260 463829
24 261 5035 0 1777797260 465028
22 261 1777 0 1777797260 465608
25 232 8825 0 1777797260 465981
21 258 6693 0 1777797260 466907
23 284 5860 0 1777797260 469271
20 212 37457 0 1777797260 469981
25 233 7604 0 1777797260 473588
22 262 8452 0 1777797260 474062
24 262 9078 0 1777797260 474107
21 259 7731 0 1777797260 474639
23 285 5395 0 1777797260 474668
20 213 8255 0 1777797260 478239
21 260 5711 0 1777797260 480355
23 286 5749 0 1777797260 480418
22 263 6736 0 1777797260 480800
20 214 5899 0 1777797260 484141
21 261 7847 0 1777797260 488208
23 287 7816 0 1777797260 488236
25 234 14654 0 1777797260 488244
24 263 14527 0 1777797260 488635
22 264 8310 0 1777797260 489114
25 235 7370 0 1777797260 495624
24 264 7307 0 1777797260 495944
22 265 8524 0 1777797260 497639
21 262 9778 0 1777797260 497991
23 288 9904 0 1777797260 498149
20 215 14115 0 1777797260 498258
25 236 3411 0 1777797260 499037
23 289 5972 0 1777797260 504122
25 237 5994 0 1777797260 505033
22 266 7426 0 1777797260 505074
20 216 6864 0 1777797260 505123
21 263 10043 0 1777797260 508036
24 265 12223 0 1777797260 508168
23 290 4307 0 1777797260 508431
25 238 3784 0 1777797260 508822
20 217 5000 0 1777797260 510124
22 267 5609 0 1777797260 510684
24 266 5225 0 1777797260 513395
21 264 7986 0 1777797260 516031
20 218 6018 0 1777797260 516147
23 291 8139 0 1777797260 516571
25 239 10608 0 1777797260 519434
24 267 6225 0 1777797260 519623
22 268 9400 0 1777797260 520086
22 269 2453 0 1777797260 522541
24 268 3846 0 1777797260 523471
22 270 3230 0 1777797260 525776
24 269 2323 0 1777797260 525798
20 219 11011 0 1777797260 527160
25 240 8026 0 1777797260 527462
23 292 12227 0 1777797260 528799
23 293 1668 0 1777797260 530469
24 270 6925 0 1777797260 532724
20 220 5902 0 1777797260 533064
20 221 4200 0 1777797260 537267
24 271 4549 0 1777797260 537275
22 271 11775 0 1777797260 537553
22 272 3402 0 1777797260 540957
25 241 13568 0 1777797260 541033
24 272 3899 0 1777797260 541183
21 265 25110 0 1777797260 541201
23 294 11743 0 1777797260 542214
21 266 2306 0 1777797260 543508
24 273 2882 0 1777797260 544066
20 222 8720 0 1777797260 545997
25 242 5339 0 1777797260 546374
21 267 4166 0 1777797260 547676
22 273 8028 0 1777797260 548993
21 268 2219 0 1777797260 549897
23 295 7689 0 1777797260 549905
21 269 2692 0 1777797260 552598
20 223 8878 0 1777797260 554876
23 296 5280 0 1777797260 555197
24 274 12086 0 1777797260 556154
23 297 1481 0 1777797260 556681
24 275 3788 0 1777797260 559944
25 243 15157 0 1777797260 561533
23 298 5034 0 1777797260 561717
20 224 6976 0 1777797260 561855
24 276 4463 0 1777797260 564410
20 225 4158 0 1777797260 566015
25 244 6938 0 1777797260 568473
24 277 5253 0 1777797260 569665
21 270 17190 0 1777797260 569790
23 299 8647 0 1777797260 570367
20 226 4377 0 1777797260 570393
22 274 24923 0 1777797260 573918
24 278 5204 0 1777797260 574871
21 271 5266 0 1777797260 575072
22 275 1451 0 1777797260 575371
23 300 5005 0 1777797260 575377
20 227 8687 0 1777797260 579082
22 276 4758 0 1777797260 580136
24 279 5286 0 1777797260 580162
25 245 14756 0 1777797260 583234
22 277 3120 0 1777797260 583260
21 272 11566 0 1777797260 586640
20 228 7607 0 1777797260 586691
23 301 13421 0 1777797260 588809
21 273 6502 0 1777797260 593144
22 278 11382 0 1777797260 594644
20 229 9813 0 1777797260 596505
22 279 3971 0 1777797260 598621
23 302 11270 0 1777797260 600085
24 280 25118 0 1777797260 605281
23 303 8231 0 1777797260 608318
21 274 15242 0 1777797260 608388
23 304 7164 0 1777797260 615486
24 281 10230 0 1777797260 615514
20 230 19122 0 1777797260 615630
25 246 32655 0 1777797260 615891
21 275 7555 0 1777797260 615944
22 280 19439 0 1777797260 618067
24 282 5102 0 1777797260 620628
20 231 6342 0 1777797260 621973
22 281 11008 0 1777797260 629076
23 305 13647 0 1777797260 629162
21 276 21332 0 1777797260 637278
22 282 8522 0 1777797260 637603
23 306 10460 0 1777797260 639624
24 283 19331 0 1777797260 639965
24 284 1865 0 1777797260 641831
23 307 3388 0 1777797260 643014
20 232 26723 0 1777797260 648704
21 277 11767 0 1777797260 649050
22 283 11448 0 1777797260 649054
25 247 34358 0 1777797260 650251
24 285 31448 0 1777797260 673284
20 233 25042 0 1777797260 673752
25 248 23684 0 1777797260 673936
21 278 25823 0 1777797260 674877
20 234 4123 0 1777797260 677877
22 284 28849 0 1777797260 677908
25 249 3981 0 1777797260 677919
21 279 4354 0 1777797260 679233
20 235 3133 0 1777797260 681013
25 250 3135 0 1777797260 681055
25 251 3024 0 1777797260 684082
21 280 10496 0 1777797260 689738
25 252 5661 0 1777797260 689746
24 286 17970 0 1777797260 691255
25 253 2495 0 1777797260 692251
24 287 2051 0 1777797260 693307
23 308 51009 0 1777797260 694025
22 285 16777 0 1777797260 694685
24 288 4251 0 1777797260 697560
20 236 16669 0 1777797260 697684
21 281 7944 0 1777797260 697691
25 254 5442 0 1777797260 697698
25 255 1592 0 1777797260 699307
21 282 1831 0 1777797260 699537
25 256 7411 0 1777797260 706722
24 289 10520 0 1777797260 708088
25 257 4988 0 1777797260 711713
21 283 13898 0 1777797260 713437
24 290 5540 0 1777797260 713630
20 237 17185 0 1777797260 714884
21 284 2489 0 1777797260 715931
24 291 2317 0 1777797260 715951
22 286 22255 0 1777797260 716942
21 285 1633 0 1777797260 717566
24 292 3963 0 1777797260 719916
21 286 3446 0 1777797260 721019
21 287 1602 0 1777797260 722623
22 287 7658 0 1777797260 724602
22 288 2819 0 1777797260 727424
24 293 9288 0 1777797260 729213
21 288 7599 0 1777797260 730224
21 289 938 0 1777797260 731163
24 294 2677 0 1777797260 731892
23 309 39074 0 1777797260 733102
20 238 18527 0 1777797260 733413
21 290 4714 0 1777797260 735879
24 295 3993 0 1777797260 735886
22 289 13855 0 1777797260 741345
24 296 5442 0 1777797260 741354
21 291 6875 0 1777797260 742762
24 297 5696 0 1777797260 747062
21 292 4515 0 1777797260 747280
22 290 6715 0 1777797260 748070
22 291 1455 0 1777797260 749527
22 292 2241 0 1777797260 751772
21 293 8196 0 1777797260 755478
25 258 45248 0 1777797260 756965
21 294 1504 0 1777797260 756985
22 293 9292 0 1777797260 761066
21 295 4592 0 1777797260 761579
24 298 16359 0 1777797260 763422
22 294 3103 0 1777797260 764173
23 310 34571 0 1777797260 767680
21 296 8018 0 1777797260 769601
24 299 6430 0 1777797260 769861
22 295 5883 0 1777797260 770059
24 300 4028 0 1777797260 773891
25 259 19553 0 1777797260 776520
21 297 14866 0 1777797260 784472
23 311 26913 0 1777797260 794595
23 312 3049 0 1777797260 797647
21 298 15119 0 1777797260 799593
20 239 69768 0 1777797260 803183
22 296 33614 0 1777797260 803675
24 301 32880 0 1777797260 806774
22 297 4304 0 1777797260 807983
20 240 5792 0 1777797260 808977
24 302 2215 0 1777797260 808991
21 299 10488 0 1777797260 810083
22 298 5823 0 1777797260 813808
24 303 5719 0 1777797260 814727
20 241 5933 0 1777797260 814925
23 313 19131 0 1777797260 816780
25 260 40397 0 1777797260 816919
23 314 1882 0 1777797260 818703
22 299 4950 0 1777797260 818764
24 304 4286 0 1777797260 819015
25 261 2492 0 1777797260 819413
21 300 11380 0 1777797260 821472
25 262 2089 0 1777797260 821504
23 315 5217 0 1777797260 823922
24 305 4920 0 1777797260 823937
21 301 2685 0 1777797260 824164
22 300 5780 0 1777797260 824545
25 263 3681 0 1777797260 825187
24 306 2065 0 1777797260 826014
25 264 1845 0 1777797260 827035
22 301 3241 0 1777797260 827788
23 316 4150 0 1777797260 828089
21 302 4429 0 1777797260 828595
20 242 17847 0 1777797260 832773
22 302 6636 0 1777797260 834426
21 303 6700 0 1777797260 835298
25 265 8275 0 1777797260 835312
23 317 7454 0 1777797260 835546
24 307 10633 0 1777797260 836649
25 266 4020 0 1777797260 839347
21 304 5583 0 1777797260 840895
22 303 7003 0 1777797260 841434
23 318 7561 0 1777797260 843109
25 267 3933 0 1777797260 843281
21 305 2609 0 1777797260 843506
22 304 4367 0 1777797260 845804
21 306 5862 0 1777797260 849370
24 308 12815 0 1777797260 849468
20 243 19174 0 1777797260 851948
23 319 8904 0 1777797260 852015
22 305 6234 0 1777797260 852040
20 244 5220 0 1777797260 857170
21 307 7812 0 1777797260 857184
23 320 5292 0 1777797260 857308
25 268 14095 0 1777797260 857378
22 306 5358 0 1777797260 857400
22 307 1706 0 1777797260 859108
22 308 3040 0 1777797260 862153
24 309 12690 0 1777797260 862160
20 245 4997 0 1777797260 862182
23 321 6837 0 1777797260 864146
25 269 6796 0 1777797260 864175
21 308 7027 0 1777797260 864224
24 310 2297 0 1777797260 864466
22 309 4672 0 1777797260 866833
24 311 2564 0 1777797260 867032
23 322 5112 0 1777797260 869259
22 310 3398 0 1777797260 870233
25 270 6075 0 1777797260 870251
24 312 4642 0 1777797260 871676
25 271 2762 0 1777797260 873014
20 246 12654 0 1777797260 874838
24 313 5860 0 1777797260 877537
22 311 10366 0 1777797260 880601
23 323 11642 0 1777797260 880903
25 272 7925 0 1777797260 880940
21 309 19097 0 1777797260 883322
23 324 2422 0 1777797260 883326
24 314 5791 0 1777797260 883331
25 273 2393 0 1777797260 883334
22 312 5042 0 1777797260 885645
21 310 2592 0 1777797260 885927
22 313 2915 0 1777797260 888561
25 274 5365 0 1777797260 888715
21 311 3366 0 1777797260 889295
23 325 6925 0 1777797260 890266
22 314 2491 0 1777797260 891060
23 326 1460 0 1777797260 891728
25 275 3986 0 1777797260 892704
20 247 17967 0 1777797260 892810
23 327 1115 0 1777797260 892846
21 312 3957 0 1777797260 893255
22 315 2956 0 1777797260 894018
24 315 17820 0 1777797260 901165
20 248 10427 0 1777797260 903238
23 328 10654 0 1777797260 903501
20 249 2748 0 1777797260 905988
24 316 5421 0 1777797260 906590
23 329 4574 0 1777797260 908077
22 316 14389 0 1777797260 908408
21 313 15416 0 1777797260 908674
25 276 18214 0 1777797260 910925
21 314 2829 0 1777797260 911506
22 317 3295 0 1777797260 911705
21 315 2254 0 1777797260 913763
23 330 5801 0 1777797260 913943
22 318 3921 0 1777797260 915628
21 316 2126 0 1777797260 915896
20 250 10895 0 1777797260 916885
23 331 2996 0 1777797260 916940
25 277 6274 0 1777797260 917201
22 319 2602 0 1777797260 918240
21 317 3315 0 1777797260 919212
22 320 1768 0 1777797260 920010
23 332 3083 0 1777797260 920024
25 278 3391 0 1777797260 920593
21 318 2367 0 1777797260 921580
22 321 2695 0 1777797260 922720
21 319 2090 0 1777797260 923677
23 333 3645 0 1777797260 923684
22 322 2312 0 1777797260 925034
25 279 4448 0 1777797260 925045
21 320 2090 0 1777797260 925774
23 334 2124 0 1777797260 925822
22 323 1980 0 1777797260 927026
21 321 1890 0 1777797260 927666
24 317 21452 0 1777797260 928046
23 335 3486 0 1777797260 929309
20 251 12460 0 1777797260 929348
22 324 2433 0 1777797260 929463
24 318 1941 0 1777797260 929988
21 322 3962 0 1777797260 931630
22 325 2709 0 1777797260 932173
25 280 8151 0 1777797260 933208
23 336 7217 0 1777797260 936528
20 252 7230 0 1777797260 936580
25 281 4239 0 1777797260 937453
23 337 1895 0 1777797260 938425
25 282 1375 0 1777797260 938829
23 338 1656 0 1777797260 940083
25 283 2459 0 1777797260 941289
23 339 1695 0 1777797260 941780
20 253 6316 0 1777797260 942897
24 319 15160 0 1777797260 945149
25 284 5252 0 1777797260 946543
25 285 1820 0 1777797260 948365
21 323 16855 0 1777797260 948487
23 340 7715 0 1777797260 949497
22 326 17878 0 1777797260 950053
20 254 10501 0 1777797260 953405
25 286 5931 0 1777797260 954297
24 320 9511 0 1777797260 954662
23 341 5241 0 1777797260 954741
25 287 3385 0 1777797260 957684
21 324 9328 0 1777797260 957817
22 327 8253 0 1777797260 958308
23 342 4522 0 1777797260 959264
23 343 1880 0 1777797260 961145
25 288 3984 0 1777797260 961670
20 255 8294 0 1777797260 961711
24 321 7761 0 1777797260 962425
24 322 4536 0 1777797260 966964
22 328 8934 0 1777797260 967246
23 344 7386 0 1777797260 968533
21 325 12093 0 1777797260 969912
22 329 2678 0 1777797260 969925
20 256 8276 0 1777797260 969988
25 289 8554 0 1777797260 970226
25 290 3813 0 1777797260 974040
24 323 7222 0 1777797260 974194
23 345 6005 0 1777797260 974541
22 330 5534 0 1777797260 975474
21 326 6855 0 1777797260 976781
23 346 3240 0 1777797260 977783
24 324 5386 0 1777797260 979582
25 291 5545 0 1777797260 979591
21 327 2885 0 1777797260 979668
23 347 1999 0 1777797260 979783
23 348 814 0 1777797260 980598
24 325 2880 0 1777797260 982473
22 331 7023 0 1777797260 982500
25 292 3145 0 1777797260 982746
22 332 1640 0 1777797260 984141
25 293 1399 0 1777797260 984148
22 333 1018 0 1777797260 985167
21 328 6779 0 1777797260 986449
25 294 2300 0 1777797260 986458
23 349 7464 0 1777797260 988064
22 334 3783 0 1777797260 988954
25 295 2493 0 1777797260 988964
20 257 18999 0 1777797260 988989
24 326 6627 0 1777797260 989104
25 296 3645 0 1777797260 992619
20 258 3848 0 1777797260 992838
24 327 3736 0 1777797260 992842
22 335 7375 0 1777797260 996340
23 350 8732 0 1777797260 996798
25 297 5037 0 1777797260 997658
25 298 1368 0 1777797260 999031
21 329 16037 0 1777797261 2496
22 336 7338 0 1777797261 3685
23 351 7781 0 1777797261 4580
25 299 5861 0 1777797261 4894
23 352 1577 0 1777797261 6181
25 300 2255 0 1777797261 7150
24 328 16330 0 1777797261 9179
21 330 8455 0 1777797261 10955
22 337 7477 0 1777797261 11163
25 301 4024 0 1777797261 11178
23 353 5155 0 1777797261 11343
24 329 2538 0 1777797261 11719
21 331 1967 0 1777797261 12931
20 259 22861 0 1777797261 15703
24 330 4041 0 1777797261 15764
25 302 4580 0 1777797261 15770
21 332 5938 0 1777797261 18875
22 338 11886 0 1777797261 23065
23 354 12105 0 1777797261 23450
20 260 7776 0 1777797261 23481
24 331 10897 0 1777797261 26668
22 339 4278 0 1777797261 27345
23 355 3931 0 1777797261 27383
25 303 12484 0 1777797261 28263
20 261 7229 0 1777797261 30712
22 340 3387 0 1777797261 30745
23 356 4576 0 1777797261 31960
25 304 4346 0 1777797261 32611
21 333 15370 0 1777797261 34250
22 341 6135 0 1777797261 36882
23 357 5781 0 1777797261 37743
24 332 11126 0 1777797261 37798
20 262 7144 0 1777797261 37865
25 305 5408 0 1777797261 38085
22 342 5054 0 1777797261 41945
23 358 4408 0 1777797261 42153
24 333 5069 0 1777797261 42868
21 334 8720 0 1777797261 42972
22 343 4155 0 1777797261 46102
20 263 8281 0 1777797261 46147
25 306 8075 0 1777797261 46161
24 334 6098 0 1777797261 48969
21 335 6276 0 1777797261 49250
20 264 8855 0 1777797261 55003
22 344 8931 0 1777797261 55034
25 307 8879 0 1777797261 55042
21 336 5817 0 1777797261 55070
23 359 13155 0 1777797261 55309
24 335 7412 0 1777797261 56384
21 337 1576 0 1777797261 56647
21 338 6268 0 1777797261 62916
25 308 7922 0 1777797261 62980
20 265 8334 0 1777797261 63376
22 345 8529 0 1777797261 63579
23 360 8697 0 1777797261 64007
24 336 8105 0 1777797261 64490
25 309 7083 0 1777797261 70065
21 339 7247 0 1777797261 70168
22 346 7127 0 1777797261 70707
20 266 7350 0 1777797261 70728
23 361 8277 0 1777797261 72285
20 267 4617 0 1777797261 75347
24 337 11037 0 1777797261 75528
21 340 7467 0 1777797261 77637
22 347 6945 0 1777797261 77653
25 310 8925 0 1777797261 78992
23 362 7695 0 1777797261 79986
24 338 4824 0 1777797261 80353
21 341 3392 0 1777797261 81031
20 268 7157 0 1777797261 82506
22 348 5162 0 1777797261 82816
21 342 7800 0 1777797261 88834
20 269 6345 0 1777797261 88852
22 349 6045 0 1777797261 88861
25 311 11077 0 1777797261 90071
23 363 11296 0 1777797261 91286
22 350 6375 0 1777797261 95246
20 270 6453 0 1777797261 95315
21 343 6486 0 1777797261 95322
25 312 5537 0 1777797261 95611
24 339 15572 0 1777797261 95926
23 364 5166 0 1777797261 96453
24 340 3727 0 1777797261 99654
25 313 7237 0 1777797261 102849
21 344 7704 0 1777797261 103034
23 365 7620 0 1777797261 104079
22 351 8999 0 1777797261 104247
21 345 2235 0 1777797261 105271
20 271 9965 0 1777797261 105287
24 341 6431 0 1777797261 106086
25 314 3893 0 1777797261 106748
22 352 3805 0 1777797261 108053
21 346 4146 0 1777797261 109419
23 366 7107 0 1777797261 111188
24 342 5114 0 1777797261 111203
25 315 4496 0 1777797261 111246
20 272 9365 0 1777797261 114653
21 347 6475 0 1777797261 115896
23 367 7379 0 1777797261 118583
25 316 8112 0 1777797261 119359
20 273 4796 0 1777797261 119451
22 353 12510 0 1777797261 120565
24 343 10139 0 1777797261 121362
21 348 7983 0 1777797261 123881
25 317 4529 0 1777797261 123889
23 368 5904 0 1777797261 124490
25 318 4029 0 1777797261 127929
21 349 4730 0 1777797261 128619
24 344 7722 0 1777797261 129086
23 369 7742 0 1777797261 132237
20 274 13109 0 1777797261 132561
22 354 12019 0 1777797261 132607
25 319 7336 0 1777797261 135267
21 350 7591 0 1777797261 136212
24 345 9800 0 1777797261 138887
22 355 8270 0 1777797261 140878
20 275 8348 0 1777797261 140910
25 320 8232 0 1777797261 143515
21 351 7355 0 1777797261 143568
22 356 4846 0 1777797261 145729
23 370 13497 0 1777797261 145736
24 346 7817 0 1777797261 146707
21 352 4100 0 1777797261 147670
25 321 4314 0 1777797261 147832
21 353 1828 0 1777797261 149505
22 357 3900 0 1777797261 149637
25 322 2163 0 1777797261 149996
24 347 4877 0 1777797261 151585
22 358 2462 0 1777797261 152101
21 354 3566 0 1777797261 153073
23 371 10193 0 1777797261 155939
25 323 5953 0 1777797261 155951
20 276 15318 0 1777797261 156229
23 372 1173 0 1777797261 157126
23 373 1331 0 1777797261 158458
23 374 3603 0 1777797261 162066
20 277 5863 0 1777797261 162094
24 348 10926 0 1777797261 162515
22 359 11366 0 1777797261 163472
25 324 7516 0 1777797261 163483
21 355 12234 0 1777797261 165310
23 375 3332 0 1777797261 165401
23 376 1673 0 1777797261 167076
25 325 6214 0 1777797261 169708
20 278 9620 0 1777797261 171716
22 360 8659 0 1777797261 172143
24 349 9644 0 1777797261 172160
25 326 2578 0 1777797261 172288
21 356 7048 0 1777797261 172361
25 327 1411 0 1777797261 173700
21 357 2309 0 1777797261 174672
22 361 2539 0 1777797261 174683
20 279 5845 0 1777797261 177565
23 377 10594 0 1777797261 177671
25 328 4761 0 1777797261 178463
24 350 8563 0 1777797261 180725
22 362 10493 0 1777797261 185187
21 358 11160 0 1777797261 185844
24 351 7104 0 1777797261 187835
21 359 3487 0 1777797261 189389
23 378 11756 0 1777797261 189428
22 363 4643 0 1777797261 189832
21 360 1920 0 1777797261 191311
22 364 3047 0 1777797261 192881
21 361 2747 0 1777797261 194061
22 365 3471 0 1777797261 196363
21 362 3676 0 1777797261 197739
22 366 3987 0 1777797261 200355
24 352 14153 0 1777797261 201992
25 329 23538 0 1777797261 202002
20 280 24640 0 1777797261 202211
25 330 1981 0 1777797261 203995
23 379 14732 0 1777797261 204161
25 331 2208 0 1777797261 206205
24 353 4246 0 1777797261 206250
22 367 7679 0 1777797261 208038
25 332 3135 0 1777797261 209342
23 380 5276 0 1777797261 209439
22 368 3373 0 1777797261 211413
20 281 13273 0 1777797261 215485
22 369 4897 0 1777797261 216312
21 363 20653 0 1777797261 218394
24 354 12154 0 1777797261 218405
22 370 3602 0 1777797261 219916
20 282 8310 0 1777797261 223796
24 355 7003 0 1777797261 225421
22 371 5666 0 1777797261 225591
25 333 16333 0 1777797261 225677
21 364 7652 0 1777797261 226058
20 283 7067 0 1777797261 230864
23 381 21918 0 1777797261 231359
25 334 5737 0 1777797261 231415
21 365 10183 0 1777797261 236243
22 372 10654 0 1777797261 236246
23 382 4888 0 1777797261 236248
24 356 10824 0 1777797261 236252
25 335 7436 0 1777797261 238852
20 284 9176 0 1777797261 240042
23 383 5173 0 1777797261 241434
21 366 7181 0 1777797261 243433
22 373 9259 0 1777797261 245516
23 384 5896 0 1777797261 247331
25 336 8511 0 1777797261 247364
20 285 8175 0 1777797261 248218
25 337 2223 0 1777797261 249589
23 385 2285 0 1777797261 249619
24 357 14044 0 1777797261 250310
22 374 6729 0 1777797261 252247
21 367 9868 0 1777797261 253304
24 358 3663 0 1777797261 253977
23 386 4384 0 1777797261 254005
22 375 9783 0 1777797261 262032
25 338 13762 0 1777797261 263353
20 286 16919 0 1777797261 265139
21 368 11841 0 1777797261 265146
21 369 1260 0 1777797261 266417
21 370 1407 0 1777797261 267828
21 371 1047 0 1777797261 268877
21 372 2848 0 1777797261 271727
21 373 1925 0 1777797261 273656
23 387 19865 0 1777797261 273872
22 376 12516 0 1777797261 274556
21 374 2576 0 1777797261 276239
23 388 2667 0 1777797261 276540
20 287 11538 0 1777797261 276685
25 339 16493 0 1777797261 279851
22 377 5392 0 1777797261 279952
23 389 4131 0 1777797261 280675
21 375 6833 0 1777797261 283075
20 288 6544 0 1777797261 283230
22 378 3865 0 1777797261 283820
22 379 4776 0 1777797261 288598
24 359 36807 0 1777797261 290789
25 340 11178 0 1777797261 291031
22 380 3629 0 1777797261 292229
21 376 10277 0 1777797261 293359
20 289 12395 0 1777797261 295626
21 377 6625 0 1777797261 299986
22 381 9392 0 1777797261 301623
23 390 24419 0 1777797261 305096
22 382 6797 0 1777797261 308422
25 341 17504 0 1777797261 308536
23 391 5793 0 1777797261 310891
22 383 3496 0 1777797261 311925
24 360 21779 0 1777797261 312590
23 392 2469 0 1777797261 313363
24 361 911 0 1777797261 313502
20 290 20905 0 1777797261 316533
21 378 16600 0 1777797261 316590
24 362 3094 0 1777797261 316597
22 384 4695 0 1777797261 316621
23 393 5093 0 1777797261 318461
24 363 3686 0 1777797261 320293
21 379 5431 0 1777797261 322030
22 385 7557 0 1777797261 324179
23 394 5930 0 1777797261 324392
21 380 3183 0 1777797261 325217
24 364 6518 0 1777797261 326816
22 386 2719 0 1777797261 326906
21 381 2592 0 1777797261 327810
23 395 3900 0 1777797261 328293
25 342 22127 0 1777797261 330664
20 291 15865 0 1777797261 332400
22 387 9158 0 1777797261 336065
25 343 6342 0 1777797261 337008
21 382 9605 0 1777797261 337420
21 383 2980 0 1777797261 340402
23 396 15534 0 1777797261 343828
21 384 5310 0 1777797261 345714
22 388 12012 0 1777797261 348079
21 385 3609 0 1777797261 349325
25 344 16095 0 1777797261 353105
20 292 24733 0 1777797261 357139
22 389 9515 0 1777797261 357596
24 365 30969 0 1777797261 357786
21 386 15478 0 1777797261 364805
25 345 11707 0 1777797261 364815
20 293 9741 0 1777797261 366883
22 390 11404 0 1777797261 369002
23 397 25261 0 1777797261 369097
25 346 7244 0 1777797261 372077
23 398 5532 0 1777797261 374630
22 391 8931 0 1777797261 377941
23 399 5075 0 1777797261 379711
20 294 15932 0 1777797261 382819
22 392 5662 0 1777797261 383605
22 393 1726 0 1777797261 385334
23 400 7192 0 1777797261 386982
21 387 25672 0 1777797261 390488
23 401 3512 0 1777797261 390496
23 402 1644 0 1777797261 392157
22 394 7290 0 1777797261 392626
21 388 5319 0 1777797261 395817
23 403 3662 0 1777797261 395825
22 395 6908 0 1777797261 399536
21 389 11553 0 1777797261 407379
20 295 24820 0 1777797261 407642
23 404 14127 0 1777797261 409970
22 396 10633 0 1777797261 410176
25 347 39882 0 1777797261 411967
20 296 5659 0 1777797261 413303
25 348 1382 0 1777797261 413350
22 397 5081 0 1777797261 415258
20 297 6636 0 1777797261 419944
25 349 8348 0 1777797261 421700
22 398 6994 0 1777797261 422254
23 405 12548 0 1777797261 422523
21 390 15324 0 1777797261 422704
22 399 4092 0 1777797261 426350
20 298 6552 0 1777797261 426498
21 391 4014 0 1777797261 426719
23 406 4988 0 1777797261 427512
21 392 2828 0 1777797261 429548
23 407 3483 0 1777797261 430997
23 408 2364 0 1777797261 433363
22 400 7031 0 1777797261 433383
21 393 4445 0 1777797261 433995
23 409 3226 0 1777797261 436591
21 394 3350 0 1777797261 437346
22 401 6003 0 1777797261 439387
22 402 1447 0 1777797261 440838
22 403 4426 0 1777797261 445266
25 350 23857 0 1777797261 445560
20 299 20434 0 1777797261 446934
21 395 10162 0 1777797261 447510
25 351 2864 0 1777797261 448425
23 410 14978 0 1777797261 451571
21 396 4648 0 1777797261 452160
23 411 4523 0 1777797261 456096
22 404 10952 0 1777797261 456220
25 352 9340 0 1777797261 457768
23 412 1949 0 1777797261 458051
20 300 12695 0 1777797261 459631
21 397 7600 0 1777797261 459765
21 398 2418 0 1777797261 462185
23 413 5454 0 1777797261 463506
22 405 7376 0 1777797261 463597
20 301 9960 0 1777797261 469593
21 399 9438 0 1777797261 471625
22 406 11094 0 1777797261 474692
23 414 12087 0 1777797261 475597
21 400 5152 0 1777797261 476779
24 366 118999 0 1777797261 476787
25 353 19039 0 1777797261 476812
20 302 7355 0 1777797261 476957
21 401 3236 0 1777797261 480024
21 402 2784 0 1777797261 482815
22 407 11288 0 1777797261 485984
23 415 10978 0 1777797261 486582
24 367 10361 0 1777797261 487158
20 303 10270 0 1777797261 487228
24 368 4222 0 1777797261 491383
25 354 14716 0 1777797261 491529
20 304 4783 0 1777797261 492012
22 408 11882 0 1777797261 497867
20 305 13233 0 1777797261 505266
21 403 22507 0 1777797261 505324
24 369 14070 0 1777797261 505455
22 409 7719 0 1777797261 505594
23 416 19192 0 1777797261 505778
25 355 14258 0 1777797261 505791
24 370 2699 0 1777797261 508155
22 410 2615 0 1777797261 508210
23 417 2774 0 1777797261 508552
23 418 1993 0 1777797261 510547
22 411 2618 0 1777797261 510830
25 356 5209 0 1777797261 511000
24 371 6064 0 1777797261 514226
23 419 3746 0 1777797261 514297
22 412 3739 0 1777797261 514570
25 357 3792 0 1777797261 514793
21 404 9693 0 1777797261 515018
20 306 13301 0 1777797261 518570
21 405 6158 0 1777797261 521177
24 372 8306 0 1777797261 522534
21 406 3001 0 1777797261 524180
23 420 11519 0 1777797261 525817
20 307 10510 0 1777797261 529083
22 413 14521 0 1777797261 529092
24 373 12077 0 1777797261 534613
21 407 10484 0 1777797261 534666
25 358 19878 0 1777797261 534673
23 421 9631 0 1777797261 535449
22 414 9058 0 1777797261 538164
20 308 9472 0 1777797261 538566
23 422 5149 0 1777797261 540603
22 415 3540 0 1777797261 541711
23 423 5265 0 1777797261 545871
20 309 10477 0 1777797261 549046
21 408 18342 0 1777797261 553016
23 424 8624 0 1777797261 554498
24 374 19967 0 1777797261 554582
21 409 2292 0 1777797261 555310
25 359 21796 0 1777797261 556481
22 416 15447 0 1777797261 557161
22 417 1688 0 1777797261 558852
23 425 6797 0 1777797261 561303
24 375 6725 0 1777797261 561309
21 410 6368 0 1777797261 561680
25 360 5507 0 1777797261 561990
22 418 6151 0 1777797261 565007
23 426 3711 0 1777797261 565020
21 411 3403 0 1777797261 565084
24 376 3777 0 1777797261 565094
25 361 3452 0 1777797261 565444
21 412 1734 0 1777797261 566829
23 427 2320 0 1777797261 567352
22 419 3362 0 1777797261 568383
25 362 3312 0 1777797261 568757
24 377 4247 0 1777797261 569352
21 413 5135 0 1777797261 571966
21 414 4479 0 1777797261 576497
22 420 9626 0 1777797261 578011
23 428 11045 0 1777797261 578398
24 378 9293 0 1777797261 578647
25 363 11990 0 1777797261 580751
21 415 5164 0 1777797261 581665
20 310 34216 0 1777797261 583270
24 379 4635 0 1777797261 583283
25 364 2642 0 1777797261 583395
24 380 2441 0 1777797261 585736
25 365 2790 0 1777797261 586187
23 429 8628 0 1777797261 587030
21 416 5689 0 1777797261 587359
21 417 1479 0 1777797261 588839
23 430 2361 0 1777797261 589395
24 381 3833 0 1777797261 589571
25 366 4927 0 1777797261 591117
24 382 1680 0 1777797261 591254
20 311 7999 0 1777797261 591283
25 367 2436 0 1777797261 593559
22 421 16934 0 1777797261 594947
21 418 7267 0 1777797261 596108
24 383 4870 0 1777797261 596125
21 419 1147 0 1777797261 597258
25 368 3752 0 1777797261 597313
24 384 1612 0 1777797261 597738
20 312 9296 0 1777797261 600580
21 420 4587 0 1777797261 601846
23 431 14928 0 1777797261 604328
21 421 3608 0 1777797261 605454
24 385 9296 0 1777797261 607037
21 422 6469 0 1777797261 611925
20 313 12392 0 1777797261 612974
24 386 7952 0 1777797261 614992
23 432 11043 0 1777797261 615372
24 387 1430 0 1777797261 616424
21 423 9236 0 1777797261 621163
20 314 8694 0 1777797261 621669
22 422 26725 0 1777797261 621675
22 423 5141 0 1777797261 626825
21 424 10585 0 1777797261 631753
23 433 18193 0 1777797261 633567
21 425 3314 0 1777797261 635070
24 388 19034 0 1777797261 635461
20 315 14753 0 1777797261 636429
22 424 10140 0 1777797261 636967
21 426 3351 0 1777797261 638423
21 427 1708 0 1777797261 640132
25 369 43692 0 1777797261 641006
25 370 1310 0 1777797261 642319
24 389 7606 0 1777797261 643070
21 428 3117 0 1777797261 643252
25 371 3572 0 1777797261 645893
21 429 3575 0 1777797261 646828
20 316 13830 0 1777797261 650261
21 430 4802 0 1777797261 651632
23 434 18409 0 1777797261 651979
21 431 5858 0 1777797261 657492
25 372 11653 0 1777797261 657548
21 432 1485 0 1777797261 658981
24 390 18597 0 1777797261 661672
20 317 11506 0 1777797261 661773
21 433 4645 0 1777797261 663630
25 373 8249 0 1777797261 665799
21 434 2252 0 1777797261 665883
24 391 7603 0 1777797261 669277
21 435 3733 0 1777797261 669617
20 318 10251 0 1777797261 672025
22 425 35289 0 1777797261 672258
23 435 20347 0 1777797261 672328
25 374 8871 0 1777797261 674671
22 426 2795 0 1777797261 675054
20 319 3042 0 1777797261 675069
21 436 5649 0 1777797261 675285
23 436 2962 0 1777797261 675291
21 437 2843 0 1777797261 678135
22 427 5649 0 1777797261 680704
20 320 5757 0 1777797261 680827
23 437 7659 0 1777797261 682960
24 392 15354 0 1777797261 684635
25 375 10400 0 1777797261 685079
20 321 6795 0 1777797261 687623
21 438 10623 0 1777797261 688763
25 376 5511 0 1777797261 690592
24 393 7143 0 1777797261 691781
25 377 2350 0 1777797261 692946
21 439 4348 0 1777797261 693117
21 440 3485 0 1777797261 696603
22 428 17180 0 1777797261 697888
23 438 15606 0 1777797261 698569
22 429 2555 0 1777797261 700445
23 439 1891 0 1777797261 700464
25 378 7522 0 1777797261 700470
24 394 8987 0 1777797261 700769
20 322 15196 0 1777797261 702821
23 440 3276 0 1777797261 703757
21 441 9511 0 1777797261 706118
23 441 5587 0 1777797261 709350
25 379 9265 0 1777797261 709752
24 395 8995 0 1777797261 709766
22 430 10057 0 1777797261 710528
21 442 4623 0 1777797261 710743
22 431 3474 0 1777797261 714009
22 432 3065 0 1777797261 717076
20 323 15189 0 1777797261 718013
21 443 8597 0 1777797261 719341
25 380 10943 0 1777797261 720696
24 396 11653 0 1777797261 721420
25 381 1140 0 1777797261 721841
22 433 4816 0 1777797261 721896
24 397 1043 0 1777797261 722465
22 434 688 0 1777797261 722586
21 444 3303 0 1777797261 722647
21 445 1323 0 1777797261 723972
22 435 1390 0 1777797261 723978
24 398 2100 0 1777797261 724568
25 382 4851 0 1777797261 726694
21 446 4610 0 1777797261 728589
20 324 10670 0 1777797261 728688
25 383 2250 0 1777797261 728945
24 399 4891 0 1777797261 729464
23 442 20183 0 1777797261 729535
22 436 5664 0 1777797261 729651
21 447 2011 0 1777797261 730602
22 437 3249 0 1777797261 732902
23 443 3382 0 1777797261 732918
20 325 4369 0 1777797261 733059
22 438 4480 0 1777797261 737384
20 326 7445 0 1777797261 740553
23 444 11282 0 1777797261 744201
21 448 15245 0 1777797261 745849
22 439 8470 0 1777797261 745856
25 384 18683 0 1777797261 747629
21 449 1850 0 1777797261 747708
23 445 3510 0 1777797261 747713
24 400 18251 0 1777797261 747717
25 385 1988 0 1777797261 749620
24 401 2085 0 1777797261 749813
23 446 3170 0 1777797261 750894
22 440 5707 0 1777797261 751573
25 386 2370 0 1777797261 751993
20 327 12524 0 1777797261 753080
21 450 8364 0 1777797261 756081
24 402 7934 0 1777797261 757749
25 387 6169 0 1777797261 758166
22 441 7555 0 1777797261 759133
24 403 2776 0 1777797261 760526
21 451 5647 0 1777797261 761732
22 442 4696 0 1777797261 763834
24 404 4711 0 1777797261 765240
25 388 7143 0 1777797261 765310
21 452 5010 0 1777797261 766745
24 405 1675 0 1777797261 766919
25 389 2036 0 1777797261 767347
21 453 2928 0 1777797261 769681
22 443 5853 0 1777797261 769688
23 447 18796 0 1777797261 769696
23 448 2629 0 1777797261 772363
25 390 5058 0 1777797261 772406
24 406 6331 0 1777797261 773252
25 391 2518 0 1777797261 774926
20 328 21883 0 1777797261 774970
22 444 5470 0 1777797261 775182
24 407 2164 0 1777797261 775420
22 445 1758 0 1777797261 776942
22 446 1680 0 1777797261 778624
24 408 3465 0 1777797261 778887
25 392 5116 0 1777797261 780045
21 454 10475 0 1777797261 780172
22 447 1851 0 1777797261 780480
24 409 1657 0 1777797261 780546
20 329 7139 0 1777797261 782110
22 448 1884 0 1777797261 782365
23 449 13599 0 1777797261 785964
22 449 3659 0 1777797261 786025
25 393 8809 0 1777797261 788860
20 330 7690 0 1777797261 789802
22 450 3793 0 1777797261 789820
25 394 2207 0 1777797261 791069
25 395 2441 0 1777797261 793512
22 451 4408 0 1777797261 794229
21 455 15027 0 1777797261 795201
22 452 1005 0 1777797261 795239
20 331 7300 0 1777797261 797104
25 396 3596 0 1777797261 797114
22 453 2807 0 1777797261 798047
24 410 18605 0 1777797261 799152
21 456 4202 0 1777797261 799408
23 450 13459 0 1777797261 799425
23 451 1399 0 1777797261 800826
20 332 6033 0 1777797261 803149
21 457 4767 0 1777797261 804177
24 411 6779 0 1777797261 805932
22 454 9026 0 1777797261 807078
23 452 7143 0 1777797261 807970
24 412 2281 0 1777797261 808215
25 397 11098 0 1777797261 808223
20 333 6639 0 1777797261 809824
22 455 3352 0 1777797261 810434
21 458 8212 0 1777797261 812395
23 453 5179 0 1777797261 813151
22 456 5772 0 1777797261 816209
21 459 4029 0 1777797261 816426
22 457 1218 0 1777797261 817428
21 460 1871 0 1777797261 818299
23 454 5366 0 1777797261 818519
22 458 2114 0 1777797261 819545
24 413 13231 0 1777797261 821455
20 334 12622 0 1777797261 822449
24 414 4697 0 1777797261 826153
25 398 17952 0 1777797261 826185
20 335 3761 0 1777797261 826213
22 459 7819 0 1777797261 827366
23 455 9753 0 1777797261 828274
24 415 3607 0 1777797261 829762
23 456 1618 0 1777797261 829893
21 461 11643 0 1777797261 829944
22 460 2582 0 1777797261 829950
20 336 6292 0 1777797261 832506
25 399 8590 0 1777797261 834776
22 461 4856 0 1777797261 834818
24 416 5054 0 1777797261 834825
21 462 8697 0 1777797261 838648
23 457 9273 0 1777797261 839167
22 462 6475 0 1777797261 841301
20 337 9726 0 1777797261 842235
23 458 3875 0 1777797261 843044
25 400 8274 0 1777797261 843057
24 417 8637 0 1777797261 843478
21 463 6029 0 1777797261 844679
20 338 3423 0 1777797261 845659
22 463 5754 0 1777797261 847056
24 418 3780 0 1777797261 847259
23 459 4467 0 1777797261 847525
21 464 4747 0 1777797261 849427
24 419 2310 0 1777797261 849570
25 401 6540 0 1777797261 849610
22 464 4580 0 1777797261 851643
21 465 3568 0 1777797261 853003
24 420 3550 0 1777797261 853122
20 339 7798 0 1777797261 853460
25 402 3967 0 1777797261 853578
24 421 3024 0 1777797261 856147
25 403 4622 0 1777797261 858201
23 460 10705 0 1777797261 858231
24 422 2088 0 1777797261 858239
20 340 7295 0 1777797261 860758
24 423 2514 0 1777797261 860764
25 404 2968 0 1777797261 861174
24 424 3611 0 1777797261 864383
23 461 8393 0 1777797261 866633
20 341 6129 0 1777797261 866894
25 405 7453 0 1777797261 868629
22 465 17857 0 1777797261 869503
24 425 5163 0 1777797261 869547
20 342 5500 0 1777797261 872395
23 462 5948 0 1777797261 872583
25 406 5759 0 1777797261 874390
24 426 5157 0 1777797261 874721
22 466 5753 0 1777797261 875301
22 467 3467 0 1777797261 878772
24 427 4065 0 1777797261 878789
23 463 7020 0 1777797261 879605
22 468 2267 0 1777797261 881040
25 407 6997 0 1777797261 881391
24 428 3981 0 1777797261 882771
24 429 1823 0 1777797261 884595
22 469 7569 0 1777797261 888615
20 343 16278 0 1777797261 888675
23 464 9079 0 1777797261 888689
25 408 7516 0 1777797261 888908
23 465 2206 0 1777797261 890896
25 409 2646 0 1777797261 891556
24 430 8867 0 1777797261 893468
25 410 3591 0 1777797261 895148
24 431 2138 0 1777797261 895609
20 344 11186 0 1777797261 899862
23 466 10702 0 1777797261 901599
22 470 14453 0 1777797261 903074
21 466 50197 0 1777797261 903201
25 411 10244 0 1777797261 905397
21 467 2256 0 1777797261 905459
23 467 3861 0 1777797261 905464
24 432 9858 0 1777797261 905468
22 471 5815 0 1777797261 908897
21 468 5573 0 1777797261 911041
24 433 5569 0 1777797261 911048
22 472 2826 0 1777797261 911728
25 412 7668 0 1777797261 913072
22 473 2254 0 1777797261 913984
21 469 4781 0 1777797261 915830
25 413 2893 0 1777797261 915969
22 474 2946 0 1777797261 916933
21 470 4440 0 1777797261 920275
24 434 10707 0 1777797261 921770
21 471 1760 0 1777797261 922037
24 435 1976 0 1777797261 923751
21 472 1912 0 1777797261 923950
22 475 7043 0 1777797261 923978
25 414 9592 0 1777797261 925563
20 345 26213 0 1777797261 926077
24 436 2414 0 1777797261 926171
23 468 21092 0 1777797261 926566
24 437 2085 0 1777797261 928257
21 473 4787 0 1777797261 928739
21 474 1371 0 1777797261 930111
24 438 3546 0 1777797261 931806
21 475 2477 0 1777797261 932589
20 346 6635 0 1777797261 932715
25 415 7561 0 1777797261 933126
25 416 5282 0 1777797261 938410
20 347 5922 0 1777797261 938638
22 476 15779 0 1777797261 939758
23 469 15425 0 1777797261 941994
25 417 6454 0 1777797261 944874
23 470 3282 0 1777797261 945278
22 477 5724 0 1777797261 945487
21 476 16332 0 1777797261 948923
24 439 17307 0 1777797261 949115
25 418 6741 0 1777797261 951619
22 478 6154 0 1777797261 951643
24 440 3378 0 1777797261 952494
22 479 3075 0 1777797261 954720
21 477 7181 0 1777797261 956113
23 471 11467 0 1777797261 956746
24 441 4267 0 1777797261 956768
21 478 1632 0 1777797261 957746
21 479 1120 0 1777797261 958868
21 480 2303 0 1777797261 961173
24 442 4409 0 1777797261 961179
23 472 4889 0 1777797261 961636
22 480 8582 0 1777797261 963305
25 419 13197 0 1777797261 964818
22 481 2500 0 1777797261 965815
21 481 6790 0 1777797261 967970
20 348 30561 0 1777797261 969203
22 482 4374 0 1777797261 970191
24 443 10962 0 1777797261 972159
22 483 1990 0 1777797261 972183
21 482 7793 0 1777797261 975765
22 484 3596 0 1777797261 975781
24 444 3632 0 1777797261 975795
25 420 12628 0 1777797261 977448
23 473 16887 0 1777797261 978527
22 485 4451 0 1777797261 980264
25 421 2946 0 1777797261 980396
20 349 11327 0 1777797261 980534
25 422 2062 0 1777797261 982459
21 483 6766 0 1777797261 982562
24 445 8699 0 1777797261 984527
25 423 3092 0 1777797261 985553
24 446 3340 0 1777797261 987868
25 424 3054 0 1777797261 988609
21 484 7139 0 1777797261 989703
25 425 3080 0 1777797261 991692
22 486 15818 0 1777797261 996092
25 426 7086 0 1777797261 998782
24 447 11022 0 1777797261 998892
22 487 3714 0 1777797261 999808
25 427 4764 0 1777797262 3548
23 474 28351 0 1777797262 6880
25 428 5343 0 1777797262 8892
22 488 11863 0 1777797262 11674
23 475 4834 0 1777797262 11717
24 448 13602 0 1777797262 12495
20 350 33713 0 1777797262 14249
21 485 24578 0 1777797262 14283
23 476 4197 0 1777797262 15915
24 449 3434 0 1777797262 15933
25 429 7937 0 1777797262 16832
24 450 4253 0 1777797262 20187
22 489 8617 0 1777797262 20293
25 430 4846 0 1777797262 21679
21 486 7744 0 1777797262 22028
23 477 6350 0 1777797262 22267
22 490 3788 0 1777797262 24082
22 491 6518 0 1777797262 30602
25 431 9381 0 1777797262 31063
24 451 10938 0 1777797262 31128
23 478 16825 0 1777797262 39093
22 492 8623 0 1777797262 39227
24 452 8109 0 1777797262 39238
25 432 8215 0 1777797262 39280
21 487 17297 0 1777797262 39326
20 351 25944 0 1777797262 40201
22 493 4152 0 1777797262 43432
21 488 7103 0 1777797262 46431
23 479 7340 0 1777797262 46435
25 433 7143 0 1777797262 46439
24 453 8640 0 1777797262 47930
25 434 3559 0 1777797262 50009
24 454 2885 0 1777797262 50817
23 480 4583 0 1777797262 51028
25 435 1171 0 1777797262 51181
22 494 8950 0 1777797262 52388
21 489 7180 0 1777797262 53619
23 481 2924 0 1777797262 53954
24 455 3212 0 1777797262 54031
23 482 3693 0 1777797262 57650
24 456 4373 0 1777797262 58406
25 436 7229 0 1777797262 58412
21 490 4872 0 1777797262 58493
20 352 21156 0 1777797262 61361
23 483 4438 0 1777797262 62090
24 457 3708 0 1777797262 62121
22 495 10714 0 1777797262 63104
21 491 5716 0 1777797262 64211
21 492 2017 0 1777797262 66230
23 484 4297 0 1777797262 66388
20 353 5653 0 1777797262 67016
25 437 8783 0 1777797262 67204
21 493 5572 0 1777797262 71809
24 458 10220 0 1777797262 72342
21 494 4841 0 1777797262 76652
22 496 13561 0 1777797262 76666
20 354 10957 0 1777797262 77974
23 485 12284 0 1777797262 78673
20 355 3187 0 1777797262 81163
24 459 19065 0 1777797262 91409
23 486 12799 0 1777797262 91479
20 356 10761 0 1777797262 91926
21 495 15299 0 1777797262 91967
22 497 15300 0 1777797262 91981
25 438 24783 0 1777797262 91988
20 357 4435 0 1777797262 96424
25 439 6082 0 1777797262 98088
22 498 7066 0 1777797262 99067
24 460 12427 0 1777797262 103838
22 499 6129 0 1777797262 105200
20 358 15202 0 1777797262 111635
22 500 8880 0 1777797262 114083
21 496 23108 0 1777797262 115103
25 440 24775 0 1777797262 122875
21 497 24236 0 1777797262 139347
22 501 25293 0 1777797262 139378
24 461 44477 0 1777797262 148317
24 462 6577 0 1777797262 154899
21 498 16535 0 1777797262 155884
21 499 3443 0 1777797262 159329
23 487 68211 0 1777797262 159691
24 463 6693 0 1777797262 161594
20 359 50994 0 1777797262 162630
24 464 5823 0 1777797262 167421
25 441 45455 0 1777797262 168331
20 360 7327 0 1777797262 169962
21 500 14084 0 1777797262 173416
24 465 7856 0 1777797262 175282
22 502 38217 0 1777797262 177596
22 503 1185 0 1777797262 178784
25 442 10509 0 1777797262 178846
22 504 5463 0 1777797262 184250
25 443 5469 0 1777797262 184316
24 466 12201 0 1777797262 187488
20 361 18319 0 1777797262 188284
21 501 15983 0 1777797262 189402
21 502 4241 0 1777797262 193645
24 467 8258 0 1777797262 195754
22 505 15040 0 1777797262 199296
20 362 11098 0 1777797262 199384
25 444 15077 0 1777797262 199395
24 468 8097 0 1777797262 203852
25 445 14636 0 1777797262 214049
20 363 14766 0 1777797262 214162
22 506 15290 0 1777797262 214595
24 469 11016 0 1777797262 214869
24 470 5510 0 1777797262 220381
23 488 63090 0 1777797262 222783
21 503 33765 0 1777797262 227413
25 446 13360 0 1777797262 227420
23 489 5435 0 1777797262 228220
24 471 9002 0 1777797262 229392
20 364 16904 0 1777797262 231068
21 504 6648 0 1777797262 234069
22 507 21259 0 1777797262 235856
25 447 12349 0 1777797262 239779
21 505 6005 0 1777797262 240082
20 365 9510 0 1777797262 240579
23 490 14789 0 1777797262 243014
20 366 2687 0 1777797262 243270
21 506 7718 0 1777797262 247804
24 472 19222 0 1777797262 248621
23 491 11477 0 1777797262 254498
22 508 19202 0 1777797262 255068
24 473 6862 0 1777797262 255487
25 448 17679 0 1777797262 257460
23 492 6285 0 1777797262 260785
23 493 5140 0 1777797262 265933
21 507 18258 0 1777797262 266063
25 449 8604 0 1777797262 266067
20 367 29695 0 1777797262 272972
22 509 17906 0 1777797262 272981
23 494 8172 0 1777797262 274107
21 508 12222 0 1777797262 278289
24 474 22818 0 1777797262 278306
23 495 8014 0 1777797262 282123
22 510 13131 0 1777797262 286134
24 475 9940 0 1777797262 288280
25 450 22210 0 1777797262 288284
23 496 6840 0 1777797262 288965
20 368 25786 0 1777797262 298769
21 509 20469 0 1777797262 298776
23 497 9812 0 1777797262 298784
24 476 10505 0 1777797262 298789
25 451 10516 0 1777797262 298805
22 511 20647 0 1777797262 306784
23 498 8691 0 1777797262 307524
20 369 17626 0 1777797262 316433
21 510 17624 0 1777797262 316442
24 477 17574 0 1777797262 316446
25 452 17533 0 1777797262 316450
23 499 8988 0 1777797262 316513
22 512 18866 0 1777797262 325689
20 370 13436 0 1777797262 329916
25 453 13430 0 1777797262 329934
21 511 16527 0 1777797262 333020
22 513 7334 0 1777797262 333026
24 478 16556 0 1777797262 333056
20 371 9473 0 1777797262 339408
23 500 23010 0 1777797262 339524
25 454 9587 0 1777797262 339557
22 514 9624 0 1777797262 342701
24 479 9634 0 1777797262 342718
25 455 7147 0 1777797262 346729
21 512 17160 0 1777797262 350217
20 372 14331 0 1777797262 353890
22 515 11217 0 1777797262 353936
23 501 14371 0 1777797262 353944
25 456 7220 0 1777797262 353951
25 457 7451 0 1777797262 361431
20 373 10560 0 1777797262 364512
21 513 14294 0 1777797262 364520
23 502 10551 0 1777797262 364524
24 480 23212 0 1777797262 365941
22 516 19471 0 1777797262 373435
20 374 12351 0 1777797262 376876
25 458 15450 0 1777797262 376883
21 514 13630 0 1777797262 378160
23 503 13635 0 1777797262 378170
24 481 16219 0 1777797262 382162
22 517 13976 0 1777797262 387412
25 459 11377 0 1777797262 389043
20 375 16626 0 1777797262 393511
21 515 15345 0 1777797262 393516
23 504 15336 0 1777797262 393521
24 482 11745 0 1777797262 393910
25 460 7391 0 1777797262 396435
21 516 6673 0 1777797262 400591
23 505 8651 0 1777797262 402574
24 483 12150 0 1777797262 406076
20 376 17980 0 1777797262 411891
22 518 24482 0 1777797262 411895
21 517 18417 0 1777797262 419015
24 484 12944 0 1777797262 419021
23 506 17342 0 1777797262 419917
20 377 17390 0 1777797262 429286
21 518 10281 0 1777797262 429303
24 485 10281 0 1777797262 429311
23 507 10934 0 1777797262 430854
22 519 20170 0 1777797262 432073
20 378 7450 0 1777797262 436762
20 379 3027 0 1777797262 439795
23 508 8953 0 1777797262 439811
22 520 12850 0 1777797262 444927
23 509 7282 0 1777797262 447103
22 521 7439 0 1777797262 452368
20 380 14345 0 1777797262 454157
23 510 7056 0 1777797262 454164
22 522 2623 0 1777797262 454995
23 511 3091 0 1777797262 457268
24 486 29575 0 1777797262 458914
22 523 6663 0 1777797262 461662
22 524 2204 0 1777797262 463868
22 525 2339 0 1777797262 466210
20 381 13931 0 1777797262 468096
22 526 2619 0 1777797262 468831
24 487 11376 0 1777797262 470291
20 382 3891 0 1777797262 471989
24 488 2670 0 1777797262 472966
24 489 1806 0 1777797262 474774
20 383 6050 0 1777797262 478042
22 527 9256 0 1777797262 478088
24 490 3899 0 1777797262 478675
20 384 7331 0 1777797262 485420
21 519 56098 0 1777797262 485428
22 528 7336 0 1777797262 485434
23 512 28170 0 1777797262 485439
24 491 6767 0 1777797262 485444
22 529 2370 0 1777797262 487837
24 492 2211 0 1777797262 487848
20 385 4436 0 1777797262 489881
22 530 7639 0 1777797262 495488
21 520 10294 0 1777797262 495750
23 513 10284 0 1777797262 495758
20 386 6523 0 1777797262 496406
24 493 8554 0 1777797262 496413
23 514 1622 0 1777797262 497392
23 515 2095 0 1777797262 499489
23 516 692 0 1777797262 500183
24 494 4439 0 1777797262 500863
24 495 2672 0 1777797262 503537
23 517 4547 0 1777797262 504734
24 496 1493 0 1777797262 505032
22 531 13637 0 1777797262 509127
21 521 17755 0 1777797262 513514
22 532 4389 0 1777797262 513521
24 497 8493 0 1777797262 513527
25 461 117098 0 1777797262 513534
23 518 11893 0 1777797262 516630
25 462 5176 0 1777797262 518734
21 522 5656 0 1777797262 519191
25 463 5723 0 1777797262 524463
20 387 34652 0 1777797262 531066
21 523 11886 0 1777797262 531079
22 533 17542 0 1777797262 531085
24 498 17538 0 1777797262 531091
25 464 6625 0 1777797262 531096
20 388 6401 0 1777797262 537498
24 499 6378 0 1777797262 537506
25 465 6377 0 1777797262 537512
23 519 21200 0 1777797262 537835
21 524 10151 0 1777797262 541265
20 389 4776 0 1777797262 542289
24 500 6816 0 1777797262 544339
25 466 6817 0 1777797262 544348
22 534 13262 0 1777797262 544383
20 390 5082 0 1777797262 547373
21 525 6099 0 1777797262 547380
24 501 3037 0 1777797262 547386
22 535 5554 0 1777797262 549939
23 520 12112 0 1777797262 549950
24 502 2555 0 1777797262 549957
20 391 8791 0 1777797262 556178
21 526 8829 0 1777797262 556224
22 536 6275 0 1777797262 556233
23 521 6266 0 1777797262 556239
24 503 6275 0 1777797262 556256
25 467 11941 0 1777797262 556309
20 392 7022 0 1777797262 563332
21 527 7004 0 1777797262 563336
22 537 6126 0 1777797262 563339
24 504 6071 0 1777797262 563346
25 468 6069 0 1777797262 563353
23 522 6640 0 1777797262 563905
24 505 5620 0 1777797262 568988
20 393 6100 0 1777797262 569453
22 538 8500 0 1777797262 571865
21 528 14259 0 1777797262 577617
24 506 8635 0 1777797262 577624
25 469 14257 0 1777797262 577630
20 394 8980 0 1777797262 578438
23 523 14541 0 1777797262 578448
20 395 3625 0 1777797262 582075
22 539 10214 0 1777797262 582088
20 396 5573 0 1777797262 587663
24 507 10031 0 1777797262 587671
25 470 10030 0 1777797262 587677
21 529 12419 0 1777797262 590050
22 540 9568 0 1777797262 591710
24 508 7238 0 1777797262 594932
20 397 9785 0 1777797262 597464
23 524 18997 0 1777797262 597479
25 471 9784 0 1777797262 597485
22 541 9814 0 1777797262 601525
24 509 6604 0 1777797262 601538
21 530 18366 0 1777797262 608421
25 472 11301 0 1777797262 608808
23 525 16462 0 1777797262 613959
21 531 7830 0 1777797262 616253
23 526 7303 0 1777797262 621269
20 398 25486 0 1777797262 622972
24 510 21430 0 1777797262 622979
21 532 8134 0 1777797262 624388
22 542 22857 0 1777797262 624396
23 527 5799 0 1777797262 627069
24 511 4089 0 1777797262 627078
20 399 7900 0 1777797262 630880
22 543 6481 0 1777797262 630887
23 528 7224 0 1777797262 634302
24 512 7216 0 1777797262 634305
20 400 12622 0 1777797262 643509
21 533 19116 0 1777797262 643513
22 544 12621 0 1777797262 643517
24 513 9211 0 1777797262 643521
23 529 12706 0 1777797262 647013
25 473 39642 0 1777797262 648451
23 530 4353 0 1777797262 651367
22 545 10795 0 1777797262 654327
21 534 11100 0 1777797262 654628
25 474 7886 0 1777797262 656338
20 401 14392 0 1777797262 657913
23 531 11108 0 1777797262 662476
20 402 5004 0 1777797262 662918
25 475 7194 0 1777797262 663533
20 403 2982 0 1777797262 665900
21 535 16508 0 1777797262 671137
20 404 5467 0 1777797262 671370
22 546 19970 0 1777797262 674298
20 405 7066 0 1777797262 678436
20 406 2867 0 1777797262 681305
20 407 6955 0 1777797262 688261
25 476 27282 0 1777797262 690816
22 547 18151 0 1777797262 692455
24 514 49694 0 1777797262 693231
25 477 3001 0 1777797262 693819
20 408 10372 0 1777797262 698634
22 548 6183 0 1777797262 698639
24 515 5411 0 1777797262 698643
24 516 12919 0 1777797262 711573
20 409 15467 0 1777797262 714110
23 532 66563 0 1777797262 729047
25 478 38000 0 1777797262 731821
20 410 18462 0 1777797262 732579
25 479 20498 0 1777797262 752321
20 411 20780 0 1777797262 753360
21 536 82223 0 1777797262 753364
24 517 41793 0 1777797262 753367
20 412 5304 0 1777797262 758671
24 518 7010 0 1777797262 760385
21 537 11313 0 1777797262 764684
21 538 10245 0 1777797262 774932
24 519 14592 0 1777797262 774978
25 480 22656 0 1777797262 774982
22 549 76355 0 1777797262 775003
23 533 45984 0 1777797262 775033
20 413 17314 0 1777797262 775987
21 539 11352 0 1777797262 786335
22 550 13321 0 1777797262 788355
23 534 13310 0 1777797262 788358
24 520 13373 0 1777797262 788362
25 481 13370 0 1777797262 788364
21 540 4974 0 1777797262 791314
20 414 16738 0 1777797262 792727
22 551 6003 0 1777797262 794368
24 521 5998 0 1777797262 794371
25 482 5998 0 1777797262 794374
23 535 6738 0 1777797262 795107
21 541 9983 0 1777797262 801304
24 522 9546 0 1777797262 803926
25 483 9556 0 1777797262 803942
20 415 13197 0 1777797262 805925
22 552 11556 0 1777797262 805930
21 542 6775 0 1777797262 808080
23 536 20183 0 1777797262 815291
24 523 18755 0 1777797262 822699
25 484 18739 0 1777797262 822707
20 416 21591 0 1777797262 827522
21 543 19436 0 1777797262 827526
22 553 21970 0 1777797262 827907
23 537 14906 0 1777797262 830197
25 485 9048 0 1777797262 831804
24 524 12114 0 1777797262 834821
21 544 7545 0 1777797262 835502
22 554 7545 0 1777797262 835506
20 417 10078 0 1777797262 837986
23 538 11378 0 1777797262 841575
24 525 7435 0 1777797262 842279
25 486 10543 0 1777797262 842347
20 418 15759 0 1777797262 853746
21 545 18245 0 1777797262 853751
22 555 18244 0 1777797262 853756
23 539 12184 0 1777797262 853760
24 526 11416 0 1777797262 853764
25 487 11448 0 1777797262 853802
21 546 8445 0 1777797262 862253
22 556 8450 0 1777797262 862261
23 540 8477 0 1777797262 862295
24 527 8481 0 1777797262 862302
25 488 8481 0 1777797262 862306
20 419 9698 0 1777797262 863501
21 547 9987 0 1777797262 872293
22 557 9982 0 1777797262 872299
23 541 9980 0 1777797262 872302
25 489 9974 0 1777797262 872306
20 420 11710 0 1777797262 875217
24 528 12895 0 1777797262 875222
21 548 6529 0 1777797262 878836
22 558 6528 0 1777797262 878841
23 542 6574 0 1777797262 878891
25 490 8369 0 1777797262 880689
20 421 11728 0 1777797262 886951
21 549 8337 0 1777797262 887228
22 559 9702 0 1777797262 888603
23 543 9703 0 1777797262 888607
24 529 13382 0 1777797262 888612
25 491 8862 0 1777797262 889551
20 422 6442 0 1777797262 893394
21 550 8972 0 1777797262 896202
22 560 7595 0 1777797262 896207
23 544 7590 0 1777797262 896210
25 492 7262 0 1777797262 896814
24 530 13961 0 1777797262 902587
25 493 6447 0 1777797262 903262
20 423 12681 0 1777797262 906077
22 561 9865 0 1777797262 906082
23 545 9863 0 1777797262 906085
25 494 8001 0 1777797262 911270
21 551 15517 0 1777797262 911728
24 531 9144 0 1777797262 911732
23 546 8494 0 1777797262 914590
20 424 8699 0 1777797262 914786
22 562 8968 0 1777797262 915060
25 495 6758 0 1777797262 918029
24 532 8414 0 1777797262 920151
21 552 9958 0 1777797262 921690
20 425 11761 0 1777797262 926547
22 563 11493 0 1777797262 926554
23 547 11969 0 1777797262 926560
25 496 8535 0 1777797262 926565
24 533 7769 0 1777797262 927923
25 497 5259 0 1777797262 931884
20 426 12538 0 1777797262 939104
21 553 17421 0 1777797262 939113
22 564 12527 0 1777797262 939117
23 548 12507 0 1777797262 939121
24 534 11201 0 1777797262 939125
25 498 12991 0 1777797262 944877
20 427 6863 0 1777797262 945988
22 565 6858 0 1777797262 945993
21 554 6890 0 1777797262 946020
23 549 6884 0 1777797262 946024
24 535 6882 0 1777797262 946026
25 499 10878 0 1777797262 955758
20 428 12037 0 1777797262 958030
21 555 12013 0 1777797262 958040
22 566 12033 0 1777797262 958043
23 550 12016 0 1777797262 958047
24 536 12016 0 1777797262 958051
25 500 7209 0 1777797262 962969
23 551 8714 0 1777797262 966785
20 429 11286 0 1777797262 969337
21 556 11303 0 1777797262 969363
22 567 11304 0 1777797262 969368
25 501 6428 0 1777797262 969402
24 537 11952 0 1777797262 970026
23 552 7602 0 1777797262 974390
22 568 6218 0 1777797262 975609
25 502 6285 0 1777797262 975688
24 538 7988 0 1777797262 978016
20 430 9365 0 1777797262 978734
24 539 3532 0 1777797262 981550
23 553 8633 0 1777797262 983024
22 569 9789 0 1777797262 985478
25 503 9787 0 1777797262 985486
21 557 19241 0 1777797262 988622
20 431 10737 0 1777797262 989474
23 554 6831 0 1777797262 989862
22 570 8741 0 1777797262 994228
25 504 8750 0 1777797262 994247
20 432 8352 0 1777797262 997827
21 558 9212 0 1777797262 997836
22 571 3593 0 1777797262 997842
23 555 7985 0 1777797262 997848
24 540 16299 0 1777797262 997855
25 505 4073 0 1777797262 998438
21 559 6915 0 1777797263 5321
25 506 6892 0 1777797263 5331
22 572 6989 0 1777797263 5404
23 556 9233 0 1777797263 7654
24 541 9255 0 1777797263 7681
25 507 5639 0 1777797263 11027
21 560 6077 0 1777797263 11409
20 433 15438 0 1777797263 13294
22 573 9149 0 1777797263 14554
20 434 8308 0 1777797263 21605
21 561 10202 0 1777797263 21613
22 574 7064 0 1777797263 21619
23 557 13944 0 1777797263 21626
24 542 13939 0 1777797263 21631
25 508 10608 0 1777797263 21637
23 558 2738 0 1777797263 24471
21 562 6800 0 1777797263 28463
24 543 6730 0 1777797263 28471
22 575 7465 0 1777797263 29188
25 509 7926 0 1777797263 29673
24 544 4867 0 1777797263 33351
20 435 16075 0 1777797263 37712
23 559 13248 0 1777797263 37720
25 510 8644 0 1777797263 38318
22 576 9182 0 1777797263 38375
21 563 10020 0 1777797263 38492
23 560 5749 0 1777797263 43482
21 564 8044 0 1777797263 46537
23 561 3061 0 1777797263 46545
24 545 14518 0 1777797263 47871
21 565 3474 0 1777797263 50021
22 577 13771 0 1777797263 52148
25 511 14215 0 1777797263 52544
20 436 16528 0 1777797263 54249
25 512 4077 0 1777797263 56623
20 437 4395 0 1777797263 58647
21 566 8632 0 1777797263 58655
22 578 7227 0 1777797263 59379
25 513 2900 0 1777797263 59576
20 438 4701 0 1777797263 63358
21 567 5131 0 1777797263 63804
22 579 6548 0 1777797263 65929
21 568 3955 0 1777797263 67761
20 439 7584 0 1777797263 70956
22 580 5030 0 1777797263 70962
23 562 24668 0 1777797263 71224
22 581 2414 0 1777797263 73395
25 514 21639 0 1777797263 81217
23 563 16624 0 1777797263 87849
24 546 40006 0 1777797263 87881
23 564 2470 0 1777797263 90352
23 565 7964 0 1777797263 98344
21 569 38051 0 1777797263 105814
23 566 7469 0 1777797263 105821
20 440 42848 0 1777797263 113811
22 582 40433 0 1777797263 113830
24 547 25973 0 1777797263 113875
25 515 34453 0 1777797263 115672
23 567 13317 0 1777797263 119157
20 441 19982 0 1777797263 133813
21 570 27998 0 1777797263 133820
22 583 19965 0 1777797263 133823
24 548 19952 0 1777797263 133828
23 568 17139 0 1777797263 136299
21 571 11894 0 1777797263 145728
22 584 11894 0 1777797263 145733
24 549 11893 0 1777797263 145737
25 516 34336 0 1777797263 150010
20 442 29257 0 1777797263 163085
21 572 17356 0 1777797263 163093
22 585 17356 0 1777797263 163099
23 569 26804 0 1777797263 163105
24 550 17368 0 1777797263 163115
25 517 13109 0 1777797263 163122
21 573 7777 0 1777797263 170911
23 570 7778 0 1777797263 170928
25 518 7770 0 1777797263 170935
22 586 8875 0 1777797263 172017
24 551 8865 0 1777797263 172023
20 443 14338 0 1777797263 177461
23 571 6525 0 1777797263 177481
22 587 6275 0 1777797263 178299
25 519 7342 0 1777797263 178307
21 574 7629 0 1777797263 178566
20 444 5172 0 1777797263 182654
23 572 5175 0 1777797263 182682
24 552 10657 0 1777797263 182689
25 520 10684 0 1777797263 189007
22 588 10886 0 1777797263 189194
24 553 7322 0 1777797263 190044
20 445 14934 0 1777797263 197624
23 573 14926 0 1777797263 197634
22 589 8827 0 1777797263 198023
21 575 20131 0 1777797263 198698
24 554 8674 0 1777797263 198718
25 521 10165 0 1777797263 199174
20 446 6042 0 1777797263 203677
23 574 9301 0 1777797263 206948
21 576 9702 0 1777797263 208421
22 590 11165 0 1777797263 209190
24 555 11965 0 1777797263 210701
25 522 12804 0 1777797263 211980
20 447 8954 0 1777797263 212635
22 591 6273 0 1777797263 215465
21 577 7488 0 1777797263 215914
23 575 9606 0 1777797263 216556
20 448 8073 0 1777797263 220710
24 556 10017 0 1777797263 220719
25 523 8742 0 1777797263 220724
21 578 5871 0 1777797263 221787
22 592 7260 0 1777797263 222728
23 576 12152 0 1777797263 228710
24 557 10281 0 1777797263 231020
25 524 11101 0 1777797263 231847
20 449 11800 0 1777797263 232525
21 579 10743 0 1777797263 232532
22 593 9816 0 1777797263 232545
23 577 8288 0 1777797263 237000
24 558 5994 0 1777797263 237017
21 580 8543 0 1777797263 241099
25 525 9258 0 1777797263 241107
20 450 13353 0 1777797263 245900
22 594 13344 0 1777797263 245907
21 581 5180 0 1777797263 246288
23 578 9275 0 1777797263 246294
24 559 9267 0 1777797263 246300
25 526 12644 0 1777797263 253762
20 451 9084 0 1777797263 254994
23 579 8691 0 1777797263 255001
21 582 9172 0 1777797263 255474
22 595 9558 0 1777797263 255480
24 560 9171 0 1777797263 255488
25 527 4080 0 1777797263 257849
22 596 5249 0 1777797263 260759
23 580 5770 0 1777797263 260789
24 561 5268 0 1777797263 260797
20 452 7475 0 1777797263 262478
21 583 6997 0 1777797263 262486
25 528 6042 0 1777797263 263897
23 581 5519 0 1777797263 266336
24 562 5525 0 1777797263 266361
20 453 4519 0 1777797263 267007
21 584 7732 0 1777797263 270230
22 597 10882 0 1777797263 271679
25 529 7786 0 1777797263 271685
23 582 5571 0 1777797263 271934
24 563 6974 0 1777797263 273370
21 585 6941 0 1777797263 277174
24 564 6168 0 1777797263 279541
23 583 7625 0 1777797263 279560
25 530 8591 0 1777797263 280289
20 454 13856 0 1777797263 280864
21 586 4625 0 1777797263 281801
22 598 11198 0 1777797263 282887
20 455 7096 0 1777797263 287962
23 584 8410 0 1777797263 287971
24 565 8434 0 1777797263 287977
22 599 8059 0 1777797263 290951
25 531 10668 0 1777797263 290958
21 587 10828 0 1777797263 292632
24 566 4607 0 1777797263 292647
23 585 5860 0 1777797263 293863
20 456 6556 0 1777797263 294535
23 586 2309 0 1777797263 296213
23 587 1467 0 1777797263 297682
20 457 4021 0 1777797263 298559
23 588 2526 0 1777797263 300212
24 567 56105 0 1777797263 348762
20 458 50700 0 1777797263 349262
20 459 6606 0 1777797263 355870
21 588 63233 0 1777797263 355881
22 600 64928 0 1777797263 355887
23 589 55676 0 1777797263 355892
25 532 64932 0 1777797263 355898
22 601 7435 0 1777797263 363353
20 460 13257 0 1777797263 369156
23 590 13264 0 1777797263 369188
25 533 13292 0 1777797263 369223
21 589 13366 0 1777797263 369276
22 602 7391 0 1777797263 370752
24 568 24876 0 1777797263 373640
23 591 4505 0 1777797263 373711
22 603 3890 0 1777797263 374643
21 590 10084 0 1777797263 379361
20 461 19665 0 1777797263 388854
22 604 14213 0 1777797263 388862
23 592 15155 0 1777797263 388869
25 534 19717 0 1777797263 388941
21 591 9644 0 1777797263 389009
23 593 6225 0 1777797263 395201
21 592 6497 0 1777797263 395510
21 593 10866 0 1777797263 406379
23 594 11181 0 1777797263 406384
24 569 32757 0 1777797263 406399
25 535 17990 0 1777797263 406985
20 462 23547 0 1777797263 412490
23 595 6070 0 1777797263 412498
24 570 9614 0 1777797263 416050
21 594 10777 0 1777797263 417177
22 605 29354 0 1777797263 418323
20 463 11849 0 1777797263 424348
23 596 11847 0 1777797263 424356
25 536 17374 0 1777797263 424362
22 606 6912 0 1777797263 425237
21 595 13814 0 1777797263 430995
22 607 6525 0 1777797263 431764
22 608 881 0 1777797263 432648
24 571 22045 0 1777797263 438098
20 464 13778 0 1777797263 438141
21 596 7201 0 1777797263 438199
25 537 15233 0 1777797263 439621
22 609 7318 0 1777797263 439969
23 597 23626 0 1777797263 448000
21 597 14600 0 1777797263 452800
23 598 4805 0 1777797263 452809
25 538 15172 0 1777797263 454794
25 539 1336 0 1777797263 456132
22 610 16281 0 1777797263 456252
25 540 897 0 1777797263 457033
22 611 2808 0 1777797263 459061
25 541 3496 0 1777797263 460532
20 465 22419 0 1777797263 460561
25 542 1812 0 1777797263 462347
20 466 2185 0 1777797263 462747
24 572 25793 0 1777797263 463908
24 573 6189 0 1777797263 470100
23 599 18019 0 1777797263 470837
20 467 13471 0 1777797263 476230
21 598 23449 0 1777797263 476259
23 600 5430 0 1777797263 476269
24 574 6174 0 1777797263 476275
21 599 4244 0 1777797263 480584
21 600 2236 0 1777797263 482822
23 601 7537 0 1777797263 483906
20 468 10460 0 1777797263 486736
21 601 5196 0 1777797263 488022
24 575 12273 0 1777797263 488651
23 602 7170 0 1777797263 491078
21 602 7602 0 1777797263 495629
24 576 11852 0 1777797263 500506
25 543 38147 0 1777797263 500514
21 603 9941 0 1777797263 505572
23 603 14519 0 1777797263 505598
20 469 19030 0 1777797263 505768
22 612 46775 0 1777797263 505840
22 613 6073 0 1777797263 511972
20 470 8350 0 1777797263 514191
21 604 10677 0 1777797263 516276
24 577 15768 0 1777797263 516283
22 614 6462 0 1777797263 518436
24 578 3602 0 1777797263 519898
25 544 19816 0 1777797263 520356
22 615 2114 0 1777797263 520552
25 545 1895 0 1777797263 522253
24 579 4210 0 1777797263 524115
21 605 11767 0 1777797263 528052
23 604 22467 0 1777797263 528132
24 580 4060 0 1777797263 528176
25 546 5945 0 1777797263 528201
25 547 2966 0 1777797263 531222
21 606 4796 0 1777797263 532998
24 581 5371 0 1777797263 533621
20 471 20332 0 1777797263 534528
22 616 13984 0 1777797263 534537
23 605 7184 0 1777797263 535427
22 617 5993 0 1777797263 540543
25 548 10364 0 1777797263 541589
21 607 12719 0 1777797263 545720
24 582 15615 0 1777797263 549237
25 549 7672 0 1777797263 549263
22 618 13669 0 1777797263 554215
21 608 10775 0 1777797263 556498
25 550 7251 0 1777797263 556515
21 609 3863 0 1777797263 560379
20 472 30021 0 1777797263 564560
25 551 8057 0 1777797263 564583
24 583 18389 0 1777797263 567628
23 606 34604 0 1777797263 570034
24 584 4295 0 1777797263 571928
25 552 8245 0 1777797263 572839
24 585 3815 0 1777797263 575745
25 553 2912 0 1777797263 575753
20 473 14011 0 1777797263 578595
25 554 2823 0 1777797263 578604
21 610 19009 0 1777797263 579391
20 474 8230 0 1777797263 586835
25 555 8229 0 1777797263 586844
25 556 2759 0 1777797263 589623
20 475 4578 0 1777797263 591422
20 476 8122 0 1777797263 599602
21 611 20217 0 1777797263 599610
22 619 45403 0 1777797263 599620
23 607 29589 0 1777797263 599626
24 586 23878 0 1777797263 599632
25 557 10014 0 1777797263 599638
22 620 1325 0 1777797263 600992
21 612 2555 0 1777797263 602204
23 608 4435 0 1777797263 604111
22 621 4556 0 1777797263 605552
22 622 3122 0 1777797263 608675
22 623 4523 0 1777797263 613201
25 558 14947 0 1777797263 614637
20 477 17501 0 1777797263 617140
21 613 14939 0 1777797263 617148
23 609 13041 0 1777797263 617154
22 624 4391 0 1777797263 617593
24 587 17917 0 1777797263 617600
25 559 3471 0 1777797263 618114
25 560 5769 0 1777797263 623884
24 588 9725 0 1777797263 627333
24 589 1699 0 1777797263 629035
22 625 11967 0 1777797263 629568
23 610 13418 0 1777797263 630590
20 478 14996 0 1777797263 632153
24 590 3125 0 1777797263 632167
25 561 8619 0 1777797263 632506
24 591 1380 0 1777797263 633562
24 592 2507 0 1777797263 636075
25 562 3703 0 1777797263 636211
20 479 5872 0 1777797263 638041
21 614 23063 0 1777797263 640228
24 593 4783 0 1777797263 640862
20 480 6582 0 1777797263 644630
24 594 3784 0 1777797263 644647
25 563 9565 0 1777797263 645778
24 595 4131 0 1777797263 648794
21 615 9553 0 1777797263 649783
22 626 20645 0 1777797263 650215
24 596 2214 0 1777797263 651010
23 611 20445 0 1777797263 651037
20 481 17549 0 1777797263 662197
21 616 12455 0 1777797263 662240
23 612 13577 0 1777797263 664615
24 597 14078 0 1777797263 665092
21 617 3659 0 1777797263 665922
22 627 15873 0 1777797263 666090
25 564 24495 0 1777797263 670274
22 628 9409 0 1777797263 675501
22 629 3379 0 1777797263 678884
22 630 4299 0 1777797263 683186
23 613 18575 0 1777797263 683192
24 598 18104 0 1777797263 683199
25 565 14754 0 1777797263 685031
20 482 24098 0 1777797263 686339
21 618 20443 0 1777797263 686369
21 619 2039 0 1777797263 688428
23 614 5195 0 1777797263 688436
24 599 7100 0 1777797263 690349
22 631 7192 0 1777797263 690392
20 483 8107 0 1777797263 694479
25 566 9454 0 1777797263 694487
24 600 6163 0 1777797263 696514
23 615 9162 0 1777797263 697609
23 616 1897 0 1777797263 699511
21 620 12067 0 1777797263 700504
24 601 3996 0 1777797263 700517
21 621 2458 0 1777797263 702977
23 617 3590 0 1777797263 703103
20 484 15913 0 1777797263 710400
24 602 9881 0 1777797263 710410
25 567 15912 0 1777797263 710416
21 622 10755 0 1777797263 713736
23 618 10639 0 1777797263 713743
24 603 9963 0 1777797263 720404
23 619 6743 0 1777797263 720511
24 604 1461 0 1777797263 721870
23 620 2471 0 1777797263 722983
24 605 2392 0 1777797263 724269
20 485 48675 0 1777797263 759093
21 623 45356 0 1777797263 759100
25 568 48657 0 1777797263 759106
22 632 69134 0 1777797263 759527
23 621 36650 0 1777797263 759634
21 624 4511 0 1777797263 763627
21 625 1716 0 1777797263 765346
24 606 41092 0 1777797263 765363
21 626 2376 0 1777797263 767723
20 486 16740 0 1777797263 775847
21 627 11812 0 1777797263 779538
22 633 20015 0 1777797263 779544
23 622 19930 0 1777797263 779566
24 607 14219 0 1777797263 779584
25 569 20467 0 1777797263 779591
24 608 7681 0 1777797263 787452
20 487 11923 0 1777797263 787772
22 634 8153 0 1777797263 787780
23 623 8057 0 1777797263 787785
21 628 8233 0 1777797263 787825
25 570 9567 0 1777797263 789348
20 488 8312 0 1777797263 796098
21 629 8276 0 1777797263 796102
22 635 8307 0 1777797263 796106
23 624 8299 0 1777797263 796109
24 609 8650 0 1777797263 796113
25 571 12574 0 1777797263 801933
20 489 9188 0 1777797263 805303
22 636 9560 0 1777797263 805684
23 625 9575 0 1777797263 805703
24 610 10051 0 1777797263 806185
21 630 14091 0 1777797263 810210
25 572 8441 0 1777797263 810392
23 626 4787 0 1777797263 810512
22 637 10123 0 1777797263 815827
24 611 9650 0 1777797263 815836
21 631 7173 0 1777797263 817385
23 627 6879 0 1777797263 817393
25 573 7007 0 1777797263 817401
20 490 15441 0 1777797263 820747
20 491 4729 0 1777797263 825486
21 632 8096 0 1777797263 825498
22 638 9666 0 1777797263 825503
23 628 8097 0 1777797263 825507
24 612 9661 0 1777797263 825511
25 574 8099 0 1777797263 825516
22 639 7619 0 1777797263 833164
23 629 7667 0 1777797263 833217
20 492 9353 0 1777797263 834870
21 633 9346 0 1777797263 834877
24 613 9329 0 1777797263 834883
25 575 9330 0 1777797263 834889
22 640 4630 0 1777797263 837851
23 630 5355 0 1777797263 838586
21 634 5685 0 1777797263 840583
25 576 5677 0 1777797263 840590
20 493 7852 0 1777797263 842743
24 614 7849 0 1777797263 842755
22 641 6246 0 1777797263 844106
23 631 6258 0 1777797263 844845
21 635 8897 0 1777797263 849487
24 615 6601 0 1777797263 849494
25 577 8893 0 1777797263 849499
22 642 9479 0 1777797263 853587
20 494 12508 0 1777797263 855264
21 636 5771 0 1777797263 855271
23 632 10472 0 1777797263 855320
24 616 5836 0 1777797263 855346
25 578 5848 0 1777797263 855365
22 643 3440 0 1777797263 857035
21 637 6212 0 1777797263 861592
25 579 6210 0 1777797263 861611
21 638 5398 0 1777797263 867010
23 633 11630 0 1777797263 867018
24 617 11631 0 1777797263 867026
22 644 10187 0 1777797263 867225
20 495 16078 0 1777797263 871444
21 639 4423 0 1777797263 871450
25 580 9823 0 1777797263 871456
22 645 4583 0 1777797263 871809
23 634 4823 0 1777797263 871861
24 618 9444 0 1777797263 876493
21 640 5668 0 1777797263 877133
20 496 5779 0 1777797263 877236
23 635 6028 0 1777797263 877890
22 646 6297 0 1777797263 878108
20 497 5026 0 1777797263 882263
25 581 10798 0 1777797263 882270
21 641 5701 0 1777797263 882836
22 647 6846 0 1777797263 884955
23 636 7089 0 1777797263 884981
24 619 8508 0 1777797263 885003
20 498 5731 0 1777797263 888002
25 582 5727 0 1777797263 888009
21 642 12346 0 1777797263 895184
24 620 10628 0 1777797263 895671
20 499 7923 0 1777797263 895933
22 648 11341 0 1777797263 896346
23 637 11348 0 1777797263 896381
25 583 8355 0 1777797263 896394
21 643 6893 0 1777797263 902080
24 621 6428 0 1777797263 902101
22 649 6037 0 1777797263 902432
25 584 6031 0 1777797263 902442
23 638 9533 0 1777797263 905937
20 500 15030 0 1777797263 910965
23 639 5092 0 1777797263 911032
22 650 8610 0 1777797263 911054
21 644 10493 0 1777797263 912595
24 622 10862 0 1777797263 912976
25 585 11670 0 1777797263 914123
24 623 1608 0 1777797263 914586
25 586 2713 0 1777797263 916838
22 651 8468 0 1777797263 919523
22 652 2296 0 1777797263 921821
23 640 13125 0 1777797263 924159
22 653 4379 0 1777797263 926207
20 501 16984 0 1777797263 927959
22 654 2278 0 1777797263 928492
24 624 15223 0 1777797263 929811
25 587 14008 0 1777797263 930848
23 641 8132 0 1777797263 932295
24 625 2726 0 1777797263 932540
22 655 6717 0 1777797263 935212
25 588 4371 0 1777797263 935221
24 626 4791 0 1777797263 937333
23 642 6345 0 1777797263 938642
25 589 3620 0 1777797263 938855
20 502 30825 0 1777797263 958786
22 656 23575 0 1777797263 958797
23 643 20170 0 1777797263 958815
25 590 21322 0 1777797263 960179
21 645 49844 0 1777797263 962443
21 646 2088 0 1777797263 964534
21 647 2363 0 1777797263 966899
20 503 10297 0 1777797263 969114
21 648 2862 0 1777797263 969765
21 649 52467 0 1777797264 22234
20 504 53896 0 1777797264 23017
25 591 62841 0 1777797264 23023
24 627 86109 0 1777797264 23448
22 657 64841 0 1777797264 23668
23 644 65863 0 1777797264 24700
22 658 1754 0 1777797264 25424
20 505 3120 0 1777797264 26143
24 628 2886 0 1777797264 26336
25 592 5959 0 1777797264 28990
24 629 4526 0 1777797264 30864
20 506 5310 0 1777797264 31455
20 507 6986 0 1777797264 38443
21 650 16244 0 1777797264 38480
22 659 13065 0 1777797264 38492
24 630 7634 0 1777797264 38500
25 593 9512 0 1777797264 38503
23 645 13899 0 1777797264 38601
20 508 1598 0 1777797264 40103
23 646 7248 0 1777797264 45850
20 509 6332 0 1777797264 46436
21 651 7928 0 1777797264 46443
22 660 7927 0 1777797264 46449
24 631 7925 0 1777797264 46454
25 594 7906 0 1777797264 46491
21 652 8617 0 1777797264 55082
25 595 9104 0 1777797264 55596
20 510 12007 0 1777797264 58462
24 632 11997 0 1777797264 58475
23 647 19243 0 1777797264 65095
22 661 20480 0 1777797264 66952
24 633 8470 0 1777797264 66960
20 511 9978 0 1777797264 68455
21 653 16020 0 1777797264 71105
23 648 6016 0 1777797264 71112
22 662 5892 0 1777797264 72853
25 596 17306 0 1777797264 72904
24 634 6669 0 1777797264 73639
22 663 3882 0 1777797264 76737
20 512 10075 0 1777797264 78538
23 649 8356 0 1777797264 79507
24 635 6790 0 1777797264 80488
21 654 14261 0 1777797264 85374
22 664 13772 0 1777797264 90514
25 597 17624 0 1777797264 90529
20 513 16366 0 1777797264 94914
23 650 15409 0 1777797264 94921
21 655 10238 0 1777797264 95616
24 636 15133 0 1777797264 95623
22 665 5687 0 1777797264 96217
22 666 8599 0 1777797264 104821
24 637 9205 0 1777797264 104836
20 514 12110 0 1777797264 107033
21 656 11416 0 1777797264 107040
23 651 12264 0 1777797264 107194
25 598 16657 0 1777797264 107202
22 667 12090 0 1777797264 116928
24 638 12176 0 1777797264 117029
21 657 15990 0 1777797264 123202
20 515 17559 0 1777797264 124762
23 652 17548 0 1777797264 124767
25 599 17544 0 1777797264 124771
21 658 14173 0 1777797264 137377
22 668 20354 0 1777797264 137385
24 639 20243 0 1777797264 137399
25 600 14279 0 1777797264 139061
23 653 15640 0 1777797264 140418
20 516 18370 0 1777797264 143142
21 659 5750 0 1777797264 143150
24 640 5741 0 1777797264 143158
22 669 9945 0 1777797264 147355
25 601 8302 0 1777797264 147364
23 654 9940 0 1777797264 150363
22 670 3653 0 1777797264 151019
25 602 4366 0 1777797264 151743
24 641 12181 0 1777797264 155368
21 660 28074 0 1777797264 171250
25 603 20456 0 1777797264 172201
23 655 24742 0 1777797264 175108
20 517 35542 0 1777797264 178701
21 661 7774 0 1777797264 179026
23 656 4460 0 1777797264 179570
22 671 28567 0 1777797264 179587
21 662 2652 0 1777797264 181681
21 663 3989 0 1777797264 185671
22 672 6096 0 1777797264 185684
20 518 8724 0 1777797264 187426
25 604 17064 0 1777797264 189266
25 605 5855 0 1777797264 195124
21 664 10975 0 1777797264 196661
21 665 1309 0 1777797264 197973
20 519 11485 0 1777797264 198916
21 666 3387 0 1777797264 201362
25 606 9368 0 1777797264 204496
20 520 7535 0 1777797264 206453
21 667 7826 0 1777797264 209193
22 673 24812 0 1777797264 210541
21 668 5190 0 1777797264 214390
24 642 61024 0 1777797264 216411
25 607 12733 0 1777797264 217230
22 674 6932 0 1777797264 217475
24 643 2165 0 1777797264 218580
22 675 3748 0 1777797264 221225
24 644 2661 0 1777797264 221242
25 608 4807 0 1777797264 222040
21 669 10911 0 1777797264 225304
20 521 19797 0 1777797264 226252
25 609 5097 0 1777797264 227139
24 645 6128 0 1777797264 227389
23 657 48063 0 1777797264 227635
22 676 7212 0 1777797264 228456
22 677 813 0 1777797264 229272
22 678 925 0 1777797264 230199
25 610 5678 0 1777797264 232819
22 679 3735 0 1777797264 233936
25 611 1364 0 1777797264 234185
24 646 7250 0 1777797264 234641
22 680 2371 0 1777797264 236309
25 612 2228 0 1777797264 236415
20 522 10383 0 1777797264 236637
24 647 3055 0 1777797264 237699
23 658 10392 0 1777797264 238028
21 670 14826 0 1777797264 240133
24 648 5920 0 1777797264 243623
22 681 9753 0 1777797264 246071
25 613 9805 0 1777797264 246222
22 682 2036 0 1777797264 248109
25 614 2281 0 1777797264 248504
24 649 6702 0 1777797264 250327
21 671 14771 0 1777797264 254906
20 523 18715 0 1777797264 255353
25 615 6883 0 1777797264 255390
22 683 9620 0 1777797264 257731
23 659 19713 0 1777797264 257744
24 650 7727 0 1777797264 258056
25 616 8279 0 1777797264 263670
25 617 2120 0 1777797264 265805
23 660 108168 0 1777797264 365924
20 524 110757 0 1777797264 366113
21 672 111458 0 1777797264 366366
25 618 100799 0 1777797264 366606
22 684 110806 0 1777797264 368551
24 651 111306 0 1777797264 369366
21 673 4029 0 1777797264 370398
25 619 5198 0 1777797264 371806
24 652 2829 0 1777797264 372198
23 661 9158 0 1777797264 375084
22 685 7264 0 1777797264 375817
25 620 4487 0 1777797264 376294
22 686 1868 0 1777797264 377687
24 653 7310 0 1777797264 379513
22 687 1855 0 1777797264 379547
25 621 3944 0 1777797264 380242
25 622 1343 0 1777797264 381590
22 688 2611 0 1777797264 382160
23 662 7083 0 1777797264 382169
21 674 12493 0 1777797264 382893
25 623 1440 0 1777797264 383035
24 654 4279 0 1777797264 383800
25 624 4379 0 1777797264 387416
21 675 5529 0 1777797264 388427
25 625 1537 0 1777797264 388956
22 689 8864 0 1777797264 391035
22 690 1720 0 1777797264 392757
21 676 5521 0 1777797264 393950
25 626 5421 0 1777797264 394380
22 691 1841 0 1777797264 394600
20 525 30240 0 1777797264 396355
24 655 12771 0 1777797264 396574
25 627 2269 0 1777797264 396659
24 656 2081 0 1777797264 398656
25 628 3026 0 1777797264 399687
22 692 5564 0 1777797264 400166
23 663 18178 0 1777797264 400359
25 629 2690 0 1777797264 402378
20 526 8236 0 1777797264 404593
21 677 10223 0 1777797264 404604
25 630 3572 0 1777797264 405951
20 527 2766 0 1777797264 407373
21 678 3951 0 1777797264 408571
22 693 11095 0 1777797264 411263
24 657 13655 0 1777797264 412315
23 664 12006 0 1777797264 412367
25 631 6438 0 1777797264 412394
20 528 20642 0 1777797264 428016
23 665 15665 0 1777797264 428033
25 632 15672 0 1777797264 428067
22 694 16851 0 1777797264 428116
24 658 15808 0 1777797264 428124
21 679 21200 0 1777797264 429773
22 695 6232 0 1777797264 434357
23 666 6901 0 1777797264 434952
25 633 7073 0 1777797264 435141
21 680 5703 0 1777797264 435481
24 659 7948 0 1777797264 436082
21 681 1641 0 1777797264 437124
21 682 1373 0 1777797264 438499
21 683 2074 0 1777797264 440578
20 529 13339 0 1777797264 441373
25 634 8146 0 1777797264 443289
20 530 3659 0 1777797264 445034
22 696 12564 0 1777797264 446925
20 531 4584 0 1777797264 449622
25 635 7363 0 1777797264 450659
22 697 7374 0 1777797264 454301
23 667 19686 0 1777797264 454641
21 684 14663 0 1777797264 455243
24 660 19165 0 1777797264 455250
24 661 2423 0 1777797264 457686
25 636 7495 0 1777797264 458157
23 668 4136 0 1777797264 458780
21 685 4035 0 1777797264 459286
24 662 6020 0 1777797264 463708
21 686 5042 0 1777797264 464331
22 698 10483 0 1777797264 464786
20 532 15246 0 1777797264 464870
22 699 1085 0 1777797264 465874
20 533 6209 0 1777797264 471081
21 687 8161 0 1777797264 472495
22 700 6967 0 1777797264 472843
22 701 1796 0 1777797264 474641
21 688 2400 0 1777797264 474897
22 702 3563 0 1777797264 478206
20 534 7746 0 1777797264 478831
21 689 4793 0 1777797264 479692
22 703 1759 0 1777797264 479972
21 690 888 0 1777797264 480583
22 704 860 0 1777797264 480834
20 535 4067 0 1777797264 482900
23 669 24382 0 1777797264 483164
21 691 7216 0 1777797264 487802
24 663 26762 0 1777797264 490473
21 692 3002 0 1777797264 490807
25 637 33048 0 1777797264 491208
22 705 16350 0 1777797264 497186
20 536 15560 0 1777797264 498466
23 670 15754 0 1777797264 498922
21 693 9680 0 1777797264 500490
24 664 10857 0 1777797264 501332
21 694 4227 0 1777797264 504723
22 706 10283 0 1777797264 507471
22 707 3251 0 1777797264 510724
21 695 8086 0 1777797264 512813
22 708 4349 0 1777797264 515076
23 671 16159 0 1777797264 515083
25 638 24041 0 1777797264 515250
24 665 14619 0 1777797264 515955
21 696 7006 0 1777797264 519822
22 709 9013 0 1777797264 524098
20 537 26027 0 1777797264 524496
25 639 9358 0 1777797264 524610
22 710 3636 0 1777797264 527742
24 666 14837 0 1777797264 530794
20 538 7026 0 1777797264 531524
25 640 11670 0 1777797264 536282
21 697 17091 0 1777797264 536916
24 667 8029 0 1777797264 538825
20 539 13100 0 1777797264 544626
25 641 8351 0 1777797264 544634
22 711 17909 0 1777797264 545658
21 698 8936 0 1777797264 545855
24 668 8279 0 1777797264 547106
23 672 35940 0 1777797264 551043
25 642 9425 0 1777797264 554069
21 699 8234 0 1777797264 554090
22 712 9114 0 1777797264 554778
24 669 10481 0 1777797264 557594
20 540 13088 0 1777797264 557724
23 673 9448 0 1777797264 560499
21 700 10977 0 1777797264 565068
22 713 10317 0 1777797264 565099
25 643 11741 0 1777797264 565812
24 670 8296 0 1777797264 565892
22 714 5230 0 1777797264 570330
25 644 6037 0 1777797264 571852
20 541 14250 0 1777797264 571975
23 674 11648 0 1777797264 572156
24 671 7091 0 1777797264 572984
21 701 8847 0 1777797264 573918
25 645 2557 0 1777797264 574410
22 715 8460 0 1777797264 578793
24 672 5861 0 1777797264 578847
20 542 7530 0 1777797264 579507
23 675 7434 0 1777797264 579592
25 646 5397 0 1777797264 579809
21 702 5916 0 1777797264 579836
24 673 2294 0 1777797264 581142
22 716 5936 0 1777797264 584733
24 674 3854 0 1777797264 585000
21 703 5254 0 1777797264 585092
20 543 7378 0 1777797264 586887
25 647 7197 0 1777797264 587008
23 676 7673 0 1777797264 587266
24 675 3395 0 1777797264 588398
21 704 5110 0 1777797264 590204
22 717 6807 0 1777797264 591547
25 648 4534 0 1777797264 591554
20 544 4697 0 1777797264 591648
24 676 3583 0 1777797264 591981
21 705 3303 0 1777797264 593513
25 649 4523 0 1777797264 596091
24 677 4135 0 1777797264 596119
22 718 5000 0 1777797264 596555
23 677 9747 0 1777797264 597014
21 706 7107 0 1777797264 600623
23 678 3665 0 1777797264 600683
20 545 9081 0 1777797264 600730
24 678 6142 0 1777797264 602262
25 650 6487 0 1777797264 602580
22 719 8114 0 1777797264 604675
23 679 9147 0 1777797264 609831
20 546 9144 0 1777797264 609876
21 707 9343 0 1777797264 609968
24 679 7877 0 1777797264 610140
22 720 5630 0 1777797264 610307
25 651 7730 0 1777797264 610312
25 652 5558 0 1777797264 615879
24 680 6147 0 1777797264 616290
21 708 6644 0 1777797264 616613
22 721 6811 0 1777797264 617123
25 653 7438 0 1777797264 623318
23 680 13649 0 1777797264 623482
24 681 8830 0 1777797264 625121
20 547 16714 0 1777797264 626591
21 709 9982 0 1777797264 626597
22 722 9478 0 1777797264 626602
23 681 4986 0 1777797264 628469
25 654 5781 0 1777797264 629102
24 682 4745 0 1777797264 629867
21 710 21654 0 1777797264 648263
20 548 23970 0 1777797264 650573
25 655 25885 0 1777797264 654988
23 682 26564 0 1777797264 655040
23 683 1127 0 1777797264 656169
25 656 1562 0 1777797264 656553
23 684 1692 0 1777797264 657862
25 657 4992 0 1777797264 661547
24 683 31991 0 1777797264 661860
24 684 1140 0 1777797264 663002
24 685 2110 0 1777797264 665114
24 686 3111 0 1777797264 668227
21 711 21911 0 1777797264 670178
23 685 13290 0 1777797264 671155
25 658 9686 0 1777797264 671241
22 723 45488 0 1777797264 672128
24 687 4193 0 1777797264 672426
24 688 905 0 1777797264 673333
22 724 1478 0 1777797264 673611
21 712 4502 0 1777797264 674691
22 725 1130 0 1777797264 674743
20 549 24197 0 1777797264 674772
24 689 1583 0 1777797264 674918
23 686 5945 0 1777797264 677101
25 659 5868 0 1777797264 677110
22 726 3546 0 1777797264 678292
24 690 4681 0 1777797264 679602
22 727 1380 0 1777797264 679677
22 728 1952 0 1777797264 681630
24 691 2027 0 1777797264 681638
23 687 6697 0 1777797264 683808
21 713 9452 0 1777797264 684151
22 729 6549 0 1777797264 688188
24 692 7746 0 1777797264 689395
25 660 13220 0 1777797264 690342
22 730 2705 0 1777797264 690894
24 693 2797 0 1777797264 692195
23 688 9738 0 1777797264 693549
25 661 3290 0 1777797264 693634
21 714 9502 0 1777797264 693655
22 731 6713 0 1777797264 697611
20 550 23153 0 1777797264 697927
21 715 5991 0 1777797264 699648
23 689 6231 0 1777797264 699782
25 662 6153 0 1777797264 699789
21 716 1867 0 1777797264 701516
22 732 4381 0 1777797264 701995
23 690 3035 0 1777797264 702826
25 663 3037 0 1777797264 702837
22 733 3383 0 1777797264 705380
24 694 14642 0 1777797264 706840
25 664 4077 0 1777797264 706932
22 734 1903 0 1777797264 707288
23 691 5539 0 1777797264 708377
21 717 9070 0 1777797264 710588
20 551 12748 0 1777797264 710677
24 695 5172 0 1777797264 712018
25 665 5671 0 1777797264 712604
23 692 5469 0 1777797264 713848
22 735 8397 0 1777797264 715686
25 666 3272 0 1777797264 715878
24 696 3886 0 1777797264 715906
23 693 2962 0 1777797264 716812
21 718 6742 0 1777797264 717332
24 697 6042 0 1777797264 721950
22 736 8659 0 1777797264 724352
21 719 7875 0 1777797264 725209
24 698 3996 0 1777797264 725948
25 667 12067 0 1777797264 727947
23 694 11231 0 1777797264 728044
22 737 3706 0 1777797264 728060
24 699 3318 0 1777797264 729271
21 720 4693 0 1777797264 729904
22 738 3521 0 1777797264 731582
23 695 3901 0 1777797264 731946
25 668 4976 0 1777797264 732931
21 721 3501 0 1777797264 733410
24 700 4366 0 1777797264 733644
20 552 27312 0 1777797264 737990
22 739 6413 0 1777797264 737997
23 696 6578 0 1777797264 738525
21 722 7247 0 1777797264 740659
25 669 8455 0 1777797264 741387
20 553 4551 0 1777797264 742550
22 740 4619 0 1777797264 742628
21 723 2792 0 1777797264 743454
22 741 1274 0 1777797264 743903
25 670 3235 0 1777797264 744625
23 697 6682 0 1777797264 745211
24 701 11572 0 1777797264 745218
25 671 2690 0 1777797264 747317
21 724 3982 0 1777797264 747441
24 702 4716 0 1777797264 750025
22 742 6216 0 1777797264 750122
23 698 5356 0 1777797264 750648
21 725 5380 0 1777797264 752822
25 672 5634 0 1777797264 752953
22 743 6620 0 1777797264 756744
24 703 6835 0 1777797264 756866
25 673 3921 0 1777797264 756875
20 554 14671 0 1777797264 757227
23 699 9412 0 1777797264 760061
24 704 3194 0 1777797264 760070
22 744 5455 0 1777797264 762201
25 674 5390 0 1777797264 762275
24 705 4225 0 1777797264 764313
21 726 12967 0 1777797264 765792
23 700 5750 0 1777797264 765821
25 675 4894 0 1777797264 767171
22 745 6186 0 1777797264 768389
23 701 2568 0 1777797264 768402
20 555 11231 0 1777797264 768460
24 706 5979 0 1777797264 770293
25 676 3206 0 1777797264 770378
23 702 2332 0 1777797264 770766
22 746 2512 0 1777797264 770915
20 556 3842 0 1777797264 772303
21 727 7569 0 1777797264 773393
23 703 3757 0 1777797264 774525
21 728 4203 0 1777797264 777598
24 707 9055 0 1777797264 779349
23 704 4994 0 1777797264 779521
22 747 8705 0 1777797264 779622
25 677 10488 0 1777797264 780867
20 557 8683 0 1777797264 780996
23 705 2409 0 1777797264 781932
23 706 3154 0 1777797264 785088
25 678 6224 0 1777797264 787094
22 748 8347 0 1777797264 787971
25 679 3886 0 1777797264 790982
23 707 5978 0 1777797264 791071
21 729 15050 0 1777797264 792650
22 749 6316 0 1777797264 794290
23 708 3730 0 1777797264 794802
25 680 4692 0 1777797264 795677
22 750 1573 0 1777797264 795865
21 730 6458 0 1777797264 799112
24 708 20205 0 1777797264 799555
23 709 5476 0 1777797264 800281
20 558 19435 0 1777797264 800433
25 681 5283 0 1777797264 800963
22 751 6506 0 1777797264 802372
21 731 5703 0 1777797264 804817
24 709 6320 0 1777797264 805878
25 682 7116 0 1777797264 808085
21 732 3594 0 1777797264 808417
20 559 11658 0 1777797264 812093
24 710 6220 0 1777797264 812102
22 752 9756 0 1777797264 812131
23 710 11855 0 1777797264 812139
25 683 4780 0 1777797264 812868
21 733 5274 0 1777797264 813693
24 711 8683 0 1777797264 820796
21 734 7202 0 1777797264 820898
25 684 8066 0 1777797264 820935
22 753 8820 0 1777797264 820960
23 711 8818 0 1777797264 820965
20 560 9124 0 1777797264 821227
25 685 2073 0 1777797264 823009
21 735 2519 0 1777797264 823419
24 712 3107 0 1777797264 823904
20 561 4713 0 1777797264 825942
21 736 4623 0 1777797264 828043
22 754 7085 0 1777797264 828051
23 712 7083 0 1777797264 828056
25 686 5075 0 1777797264 828086
22 755 4385 0 1777797264 832452
24 713 8553 0 1777797264 832460
21 737 4462 0 1777797264 832519
25 687 5581 0 1777797264 833668
22 756 3523 0 1777797264 835984
21 738 22641 0 1777797264 855161
22 757 19331 0 1777797264 855317
25 688 21649 0 1777797264 855324
23 713 27672 0 1777797264 855747
24 714 24038 0 1777797264 856542
20 562 32693 0 1777797264 858638
21 739 4837 0 1777797264 860007
22 758 4779 0 1777797264 860104
24 715 3606 0 1777797264 860150
25 689 6742 0 1777797264 862075
24 716 4725 0 1777797264 864876
22 759 5322 0 1777797264 865429
23 714 10283 0 1777797264 866030
21 740 6318 0 1777797264 866333
21 741 4733 0 1777797264 871068
24 717 6198 0 1777797264 871076
25 690 10901 0 1777797264 872978
24 718 5080 0 1777797264 876167
20 563 17630 0 1777797264 876270
21 742 5311 0 1777797264 876388
23 715 10447 0 1777797264 876479
22 760 11073 0 1777797264 876505
25 691 3884 0 1777797264 876864
21 743 2444 0 1777797264 878833
22 761 6166 0 1777797264 882679
21 744 5101 0 1777797264 883936
24 719 8600 0 1777797264 884769
25 692 7913 0 1777797264 884780
20 564 11677 0 1777797264 887949
23 716 11498 0 1777797264 887978
24 720 4317 0 1777797264 889097
21 745 5825 0 1777797264 889763
25 693 5004 0 1777797264 889793
20 565 6976 0 1777797264 894926
23 717 6979 0 1777797264 894958
22 762 12289 0 1777797264 895028
21 746 5319 0 1777797264 895084
24 721 5992 0 1777797264 895091
25 694 5304 0 1777797264 895098
21 747 7576 0 1777797264 902675
22 763 8710 0 1777797264 903739
25 695 11162 0 1777797264 906275
21 748 8165 0 1777797264 910844
24 722 15744 0 1777797264 910851
22 764 9692 0 1777797264 913434
25 696 8127 0 1777797264 914405
25 697 2776 0 1777797264 917259
23 718 22567 0 1777797264 917526
24 723 6871 0 1777797264 917732
20 566 25407 0 1777797264 920336
21 749 12194 0 1777797264 923046
24 724 7824 0 1777797264 925558
21 750 3989 0 1777797264 927036
25 698 10137 0 1777797264 927398
24 725 2116 0 1777797264 927676
23 719 11443 0 1777797264 928971
23 720 1201 0 1777797264 930173
23 721 2742 0 1777797264 932917
21 751 6650 0 1777797264 933688
20 567 15653 0 1777797264 935994
24 726 8753 0 1777797264 936432
21 752 2973 0 1777797264 936662
25 699 10220 0 1777797264 937622
23 722 4853 0 1777797264 937773
25 700 3092 0 1777797264 940716
23 723 2990 0 1777797264 940764
21 753 4311 0 1777797264 940974
23 724 1936 0 1777797264 942702
24 727 6321 0 1777797264 942754
21 754 4011 0 1777797264 944986
23 725 2317 0 1777797264 945024
24 728 3076 0 1777797264 945832
22 765 34723 0 1777797264 948160
21 755 3213 0 1777797264 948205
23 726 3201 0 1777797264 948228
24 729 2937 0 1777797264 948773
23 727 4096 0 1777797264 952326
24 730 4344 0 1777797264 953118
23 728 1417 0 1777797264 953745
21 756 7005 0 1777797264 955211
22 766 7494 0 1777797264 955656
23 729 2099 0 1777797264 955847
24 731 4870 0 1777797264 957992
23 730 5057 0 1777797264 960906
21 757 6283 0 1777797264 961496
24 732 4197 0 1777797264 962191
22 767 9469 0 1777797264 965126
24 733 2944 0 1777797264 965140
21 758 4077 0 1777797264 965574
23 731 8262 0 1777797264 969169
24 734 5053 0 1777797264 970204
21 759 5005 0 1777797264 970581
24 735 1515 0 1777797264 971720
23 732 2895 0 1777797264 972066
22 768 13303 0 1777797264 978444
25 701 37746 0 1777797264 978465
23 733 6598 0 1777797264 978667
21 760 8654 0 1777797264 979237
24 736 7534 0 1777797264 979256
20 568 46033 0 1777797264 982037
24 737 2795 0 1777797264 982052
23 734 3810 0 1777797264 982478
25 702 6804 0 1777797264 985282
23 735 3691 0 1777797264 986173
22 769 10349 0 1777797264 988815
21 761 9947 0 1777797264 989185
24 738 8149 0 1777797264 990216
23 736 5286 0 1777797264 991461
25 703 7980 0 1777797264 993274
21 762 4521 0 1777797264 993709
21 763 1179 0 1777797264 994892
22 770 8934 0 1777797264 997752
24 739 9390 0 1777797264 999610
23 737 8863 0 1777797265 326
21 764 6574 0 1777797265 1468
20 569 20100 0 1777797265 2153
23 738 6862 0 1777797265 7190
21 765 7041 0 1777797265 8511
25 704 16261 0 1777797265 9537
23 739 2744 0 1777797265 9936
22 771 13365 0 1777797265 11120
22 772 1428 0 1777797265 12549
25 705 5046 0 1777797265 14584
20 570 12457 0 1777797265 14613
21 766 6694 0 1777797265 15206
23 740 5277 0 1777797265 15214
24 740 15607 0 1777797265 15220
22 773 3404 0 1777797265 15955
25 706 3338 0 1777797265 17929
21 767 2851 0 1777797265 18071
23 741 4434 0 1777797265 19662
22 774 4819 0 1777797265 20777
24 741 7105 0 1777797265 22340
22 775 1636 0 1777797265 22416
25 707 4844 0 1777797265 22779
21 768 7322 0 1777797265 25395
23 742 6039 0 1777797265 25703
20 571 11439 0 1777797265 26053
21 769 3817 0 1777797265 29214
22 776 8015 0 1777797265 30433
23 743 5826 0 1777797265 31531
25 708 10110 0 1777797265 32891
24 742 10835 0 1777797265 33176
22 777 5448 0 1777797265 35883
23 744 5484 0 1777797265 37016
25 709 4469 0 1777797265 37363
24 743 7472 0 1777797265 40649
23 745 3669 0 1777797265 40686
20 572 15047 0 1777797265 41102
23 746 4148 0 1777797265 44835
25 710 8160 0 1777797265 45524
23 747 1976 0 1777797265 46813
22 778 11951 0 1777797265 47836
21 770 19249 0 1777797265 48465
23 748 2275 0 1777797265 49090
25 711 3589 0 1777797265 49116
22 779 3521 0 1777797265 51359
21 771 3899 0 1777797265 52366
23 749 3356 0 1777797265 52450
25 712 3751 0 1777797265 52868
20 573 12667 0 1777797265 53771
22 780 3277 0 1777797265 54639
21 772 2980 0 1777797265 55347
25 713 4038 0 1777797265 56908
22 781 2744 0 1777797265 57384
25 714 1314 0 1777797265 58225
21 773 5628 0 1777797265 60980
22 782 5169 0 1777797265 62556
25 715 5969 0 1777797265 64196
24 744 25606 0 1777797265 66256
23 750 13910 0 1777797265 66362
23 751 1990 0 1777797265 68353
25 716 5456 0 1777797265 69656
22 783 7660 0 1777797265 70218
21 774 11324 0 1777797265 72305
22 784 8765 0 1777797265 78987
25 717 9325 0 1777797265 78992
23 752 12995 0 1777797265 81349
24 745 15104 0 1777797265 81362
20 574 28055 0 1777797265 81829
25 718 7390 0 1777797265 86390
23 753 5308 0 1777797265 86671
20 575 5101 0 1777797265 86932
24 746 6073 0 1777797265 87448
22 785 11613 0 1777797265 90606
24 747 3169 0 1777797265 90621
25 719 7007 0 1777797265 93402
23 754 7408 0 1777797265 94081
22 786 4668 0 1777797265 95290
23 755 1982 0 1777797265 96064
21 775 17121 0 1777797265 96080
25 720 2799 0 1777797265 96209
24 748 5590 0 1777797265 96225
20 576 14223 0 1777797265 101156
20 577 5603 0 1777797265 106760
22 787 15680 0 1777797265 110972
23 756 19446 0 1777797265 115511
20 578 8807 0 1777797265 115570
21 776 24104 0 1777797265 120184
23 757 6628 0 1777797265 122140
20 579 8127 0 1777797265 123697
24 749 27482 0 1777797265 123708
25 721 27844 0 1777797265 124055
23 758 5069 0 1777797265 127211
21 777 7983 0 1777797265 128169
25 722 4122 0 1777797265 128180
23 759 1727 0 1777797265 128940
24 750 5233 0 1777797265 128952
24 751 1056 0 1777797265 130023
24 752 1290 0 1777797265 131315
22 788 21207 0 1777797265 132181
23 760 3253 0 1777797265 132206
24 753 1894 0 1777797265 133210
25 723 5441 0 1777797265 133631
22 789 2525 0 1777797265 134712
21 778 6590 0 1777797265 134770
24 754 2538 0 1777797265 135751
21 779 1261 0 1777797265 136036
20 580 14158 0 1777797265 137867
25 724 5686 0 1777797265 139322
24 755 3614 0 1777797265 139369
21 780 5296 0 1777797265 141334
23 761 12657 0 1777797265 144864
25 725 6033 0 1777797265 145356
20 581 7794 0 1777797265 145666
21 781 4342 0 1777797265 145683
23 762 1136 0 1777797265 146005
24 756 8013 0 1777797265 147384
23 763 3324 0 1777797265 149331
24 757 6376 0 1777797265 153762
23 764 6810 0 1777797265 156146
22 790 22843 0 1777797265 157555
20 582 11926 0 1777797265 157593
21 782 12332 0 1777797265 158016
24 758 12547 0 1777797265 166312
23 765 10290 0 1777797265 166444
24 759 10045 0 1777797265 176359
24 760 5835 0 1777797265 182196
22 791 28834 0 1777797265 186390
21 783 28405 0 1777797265 186423
25 726 41073 0 1777797265 186431
20 583 29646 0 1777797265 187240
23 766 20816 0 1777797265 187262
24 761 5072 0 1777797265 187269
22 792 3476 0 1777797265 189869
23 767 7462 0 1777797265 194742
24 762 8069 0 1777797265 195356
25 727 8920 0 1777797265 195364
24 763 3388 0 1777797265 198753
21 784 16891 0 1777797265 203323
23 768 8602 0 1777797265 203346
20 584 16093 0 1777797265 203363
24 764 4616 0 1777797265 203371
23 769 7031 0 1777797265 210378
24 765 7333 0 1777797265 210712
25 728 15499 0 1777797265 210881
22 793 23871 0 1777797265 213742
24 766 3157 0 1777797265 213870
21 785 10647 0 1777797265 213974
23 770 8967 0 1777797265 219346
20 585 16986 0 1777797265 220358
22 794 7938 0 1777797265 221682
25 729 10808 0 1777797265 221690
24 767 7930 0 1777797265 221801
22 795 7104 0 1777797265 228796
23 771 9774 0 1777797265 229122
21 786 15252 0 1777797265 229227
24 768 7734 0 1777797265 229536
25 730 8835 0 1777797265 230538
22 796 3039 0 1777797265 231841
24 769 4718 0 1777797265 234258
23 772 6818 0 1777797265 235941
20 586 18104 0 1777797265 238464
24 770 5390 0 1777797265 239650
25 731 9116 0 1777797265 239658
23 773 5649 0 1777797265 241593
20 587 7248 0 1777797265 245719
21 787 16956 0 1777797265 246184
23 774 4955 0 1777797265 246550
24 771 7028 0 1777797265 246687
22 797 16390 0 1777797265 248234
24 772 2370 0 1777797265 249058
23 775 3824 0 1777797265 250375
20 588 7404 0 1777797265 253130
22 798 5401 0 1777797265 253636
24 773 4586 0 1777797265 253645
21 788 7486 0 1777797265 253671
25 732 14012 0 1777797265 253679
21 789 4034 0 1777797265 257715
24 774 4090 0 1777797265 257746
23 776 8117 0 1777797265 258495
24 775 4206 0 1777797265 261953
23 777 4010 0 1777797265 262507
20 589 9825 0 1777797265 262956
21 790 5295 0 1777797265 263012
25 733 10624 0 1777797265 264312
22 799 10955 0 1777797265 264601
25 734 2507 0 1777797265 266820
22 800 4220 0 1777797265 268823
20 590 6874 0 1777797265 269835
24 776 7903 0 1777797265 269857
21 791 8247 0 1777797265 271261
23 778 9106 0 1777797265 271615
25 735 5799 0 1777797265 272621
22 801 5085 0 1777797265 273915
23 779 3797 0 1777797265 275461
25 736 5916 0 1777797265 278539
22 802 4651 0 1777797265 278568
23 780 3122 0 1777797265 278585
20 591 8819 0 1777797265 278677
21 792 14341 0 1777797265 285604
24 777 15931 0 1777797265 285796
23 781 9894 0 1777797265 288480
22 803 10304 0 1777797265 288873
25 737 10337 0 1777797265 288882
24 778 5315 0 1777797265 291112
25 738 2339 0 1777797265 291231
23 782 2904 0 1777797265 291387
21 793 11900 0 1777797265 297506
22 804 8631 0 1777797265 297514
20 592 18927 0 1777797265 297605
24 779 6532 0 1777797265 297651
25 739 6424 0 1777797265 297657
23 783 6292 0 1777797265 297681
25 740 4137 0 1777797265 301803
24 780 4273 0 1777797265 301931
22 805 7296 0 1777797265 304824
24 781 3014 0 1777797265 304946
24 782 2403 0 1777797265 307351
22 806 5809 0 1777797265 310639
24 783 3304 0 1777797265 310657
20 593 15613 0 1777797265 313219
21 794 15734 0 1777797265 313250
23 784 16284 0 1777797265 313973
25 741 12177 0 1777797265 313981
22 807 4937 0 1777797265 315595
24 784 5507 0 1777797265 316183
25 742 2765 0 1777797265 316756
24 785 3613 0 1777797265 319798
24 786 9402 0 1777797265 329201
22 808 15692 0 1777797265 331291
23 785 18769 0 1777797265 332751
21 795 25554 0 1777797265 338805
20 594 25931 0 1777797265 339157
25 743 22404 0 1777797265 339161
24 787 11164 0 1777797265 340366
21 796 4044 0 1777797265 342850
22 809 11559 0 1777797265 342854
24 788 2988 0 1777797265 343356
20 595 8553 0 1777797265 347714
24 789 7673 0 1777797265 351029
21 797 8662 0 1777797265 351516
24 790 8552 0 1777797265 359582
21 798 10832 0 1777797265 362349
22 810 23091 0 1777797265 365950
21 799 6258 0 1777797265 368613
20 596 20941 0 1777797265 368658
24 791 10418 0 1777797265 370005
22 811 7706 0 1777797265 373660
25 744 34526 0 1777797265 373692
22 812 7407 0 1777797265 381078
25 745 8602 0 1777797265 382295
22 813 6708 0 1777797265 387788
20 597 19149 0 1777797265 387809
24 792 18020 0 1777797265 388026
21 800 19430 0 1777797265 388044
25 746 9549 0 1777797265 391848
23 786 63691 0 1777797265 396444
22 814 8700 0 1777797265 396492
23 787 1643 0 1777797265 398095
22 815 1697 0 1777797265 398191
25 747 6652 0 1777797265 398502
22 816 4266 0 1777797265 402459
25 748 4013 0 1777797265 402517
23 788 5878 0 1777797265 403974
22 817 2798 0 1777797265 405258
25 749 4376 0 1777797265 406895
20 598 19601 0 1777797265 407411
24 793 23811 0 1777797265 411838
25 750 5040 0 1777797265 411938
23 789 7978 0 1777797265 411957
22 818 8640 0 1777797265 413900
22 819 656 0 1777797265 414559
22 820 3803 0 1777797265 418364
23 790 7788 0 1777797265 419747
25 751 8069 0 1777797265 420008
22 821 2741 0 1777797265 421110
25 752 1982 0 1777797265 421992
20 599 19885 0 1777797265 427301
25 753 5819 0 1777797265 427813
23 791 8186 0 1777797265 427939
21 801 43613 0 1777797265 431659
22 822 10927 0 1777797265 432038
23 792 6732 0 1777797265 434672
25 754 6862 0 1777797265 434679
25 755 5881 0 1777797265 440572
23 793 7412 0 1777797265 442092
25 756 4641 0 1777797265 445216
20 600 21216 0 1777797265 448520
24 794 36745 0 1777797265 448585
21 802 16966 0 1777797265 448629
22 823 16596 0 1777797265 448635
23 794 9131 0 1777797265 451227
20 601 3790 0 1777797265 452313
25 757 7368 0 1777797265 452591
22 824 5931 0 1777797265 454575
24 795 6161 0 1777797265 454747
25 758 2311 0 1777797265 454904
23 795 4047 0 1777797265 455276
22 825 2352 0 1777797265 456928
20 602 5433 0 1777797265 457750
21 803 11341 0 1777797265 459977
24 796 8619 0 1777797265 463368
23 796 9661 0 1777797265 464939
24 797 4965 0 1777797265 468335
20 603 15853 0 1777797265 473605
23 797 13310 0 1777797265 478254
22 826 23287 0 1777797265 480220
21 804 20927 0 1777797265 480908
22 827 5593 0 1777797265 485819
23 798 7598 0 1777797265 485853
24 798 17520 0 1777797265 485861
20 604 12965 0 1777797265 486571
25 759 32745 0 1777797265 487650
24 799 2909 0 1777797265 488779
22 828 6087 0 1777797265 491908
21 805 11070 0 1777797265 491981
23 799 10871 0 1777797265 496733
22 829 5036 0 1777797265 496944
24 800 9605 0 1777797265 498386
23 800 3509 0 1777797265 500244
25 760 14454 0 1777797265 502109
25 761 1924 0 1777797265 504034
20 605 18388 0 1777797265 504962
23 801 8939 0 1777797265 509188
21 806 18077 0 1777797265 510059
23 802 7717 0 1777797265 516908
23 803 2520 0 1777797265 519430
23 804 2694 0 1777797265 522126
20 606 19385 0 1777797265 524348
23 805 3229 0 1777797265 525358
25 762 25862 0 1777797265 529897
23 806 6728 0 1777797265 532089
22 830 37262 0 1777797265 534247
20 607 12266 0 1777797265 536616
23 807 5026 0 1777797265 537117
23 808 2222 0 1777797265 539343
23 809 1166 0 1777797265 540514
22 831 9170 0 1777797265 543419
23 810 5628 0 1777797265 546145
21 807 37737 0 1777797265 547800
22 832 5201 0 1777797265 548622
23 811 3858 0 1777797265 550005
22 833 2628 0 1777797265 551255
23 812 5248 0 1777797265 555255
24 801 58571 0 1777797265 556959
22 834 6153 0 1777797265 557410
23 813 2725 0 1777797265 557984
24 802 1844 0 1777797265 558806
23 814 4093 0 1777797265 562079
20 608 26915 0 1777797265 563533
23 815 1842 0 1777797265 563924
21 808 22659 0 1777797265 570461
23 816 6670 0 1777797265 570595
20 609 7887 0 1777797265 571423
25 763 42076 0 1777797265 571976
24 803 14534 0 1777797265 573343
22 835 16004 0 1777797265 573415
21 809 4298 0 1777797265 574765
23 817 4391 0 1777797265 574987
23 818 2252 0 1777797265 577241
23 819 6313 0 1777797265 583556
21 810 14408 0 1777797265 589177
23 820 5697 0 1777797265 589255
23 821 2102 0 1777797265 591358
20 610 22662 0 1777797265 594086
23 822 4269 0 1777797265 595630
21 811 8644 0 1777797265 597826
23 823 2384 0 1777797265 598019
23 824 2329 0 1777797265 600350
20 611 10485 0 1777797265 604579
25 764 32788 0 1777797265 604765
23 825 4527 0 1777797265 604878
23 826 3244 0 1777797265 608123
22 836 35187 0 1777797265 608603
23 827 2343 0 1777797265 610467
23 828 1393 0 1777797265 611862
22 837 4729 0 1777797265 613334
21 812 15697 0 1777797265 613532
24 804 40844 0 1777797265 614195
23 829 3492 0 1777797265 615356
23 830 2788 0 1777797265 618146
23 831 4536 0 1777797265 622687
23 832 3850 0 1777797265 626540
22 838 15281 0 1777797265 628617
24 805 15753 0 1777797265 629952
25 765 31798 0 1777797265 636566
21 813 24828 0 1777797265 638361
24 806 10118 0 1777797265 640078
22 839 14910 0 1777797265 643529
24 807 3808 0 1777797265 643889
21 814 12202 0 1777797265 650572
24 808 11055 0 1777797265 654947
22 840 11564 0 1777797265 655097
23 833 28560 0 1777797265 655103
25 766 19155 0 1777797265 655731
20 612 51212 0 1777797265 655793
21 815 7851 0 1777797265 658430
23 834 6240 0 1777797265 661353
20 613 5581 0 1777797265 661378
24 809 6805 0 1777797265 661753
22 841 7129 0 1777797265 662233
23 835 1695 0 1777797265 663051
24 810 6301 0 1777797265 668056
25 767 14129 0 1777797265 669862
23 836 6935 0 1777797265 669988
20 614 8791 0 1777797265 670169
21 816 15487 0 1777797265 673919
22 842 11756 0 1777797265 673991
24 811 6574 0 1777797265 674632
25 768 4848 0 1777797265 674712
23 837 7687 0 1777797265 677676
22 843 3758 0 1777797265 677750
24 812 6360 0 1777797265 680994
21 817 7329 0 1777797265 681251
25 769 6571 0 1777797265 681284
23 838 7793 0 1777797265 685472
20 615 17487 0 1777797265 687657
24 813 6997 0 1777797265 687993
21 818 7983 0 1777797265 689235
22 844 11484 0 1777797265 689241
25 770 7960 0 1777797265 689245
22 845 5041 0 1777797265 694293
23 839 8827 0 1777797265 694300
25 771 7191 0 1777797265 696449
21 819 8939 0 1777797265 698184
24 814 10517 0 1777797265 698512
22 846 6709 0 1777797265 701010
20 616 13980 0 1777797265 701644
23 840 7814 0 1777797265 702124
25 772 8088 0 1777797265 704539
21 820 8207 0 1777797265 706395
22 847 7270 0 1777797265 708282
23 841 6289 0 1777797265 708414
24 815 11533 0 1777797265 710047
20 617 8512 0 1777797265 710159
20 618 10898 0 1777797265 721058
22 848 12779 0 1777797265 721063
24 816 11015 0 1777797265 721068
25 773 16531 0 1777797265 721071
21 821 14956 0 1777797265 721360
23 842 12960 0 1777797265 721375
21 822 14093 0 1777797265 735454
22 849 14468 0 1777797265 735544
23 843 14476 0 1777797265 735851
24 817 17060 0 1777797265 738140
23 844 6544 0 1777797265 742395
20 619 21549 0 1777797265 742620
21 823 7164 0 1777797265 742624
25 774 21543 0 1777797265 742627
22 850 7203 0 1777797265 742749
24 818 14655 0 1777797265 752907
23 845 16922 0 1777797265 759318
24 819 7811 0 1777797265 760719
25 775 22545 0 1777797265 765181
20 620 22780 0 1777797265 765407
22 851 22661 0 1777797265 765411
21 824 29803 0 1777797265 772435
23 846 13147 0 1777797265 772469
24 820 13737 0 1777797265 774457
22 852 13992 0 1777797265 779408
23 847 9951 0 1777797265 782467
21 825 11026 0 1777797265 783498
25 776 18581 0 1777797265 783764
22 853 4960 0 1777797265 784371
21 826 2836 0 1777797265 786339
22 854 2724 0 1777797265 787100
22 855 2276 0 1777797265 789378
21 827 4320 0 1777797265 790665
25 777 6909 0 1777797265 790683
20 621 25315 0 1777797265 790726
23 848 11040 0 1777797265 793508
20 622 4716 0 1777797265 795443
25 778 5850 0 1777797265 796548
21 828 6636 0 1777797265 797320
22 856 8413 0 1777797265 797793
24 821 25984 0 1777797265 800443
20 623 10727 0 1777797265 806171
23 849 12674 0 1777797265 806185
25 779 10336 0 1777797265 806888
24 822 8296 0 1777797265 808741
22 857 11130 0 1777797265 808926
23 850 3521 0 1777797265 809719
25 780 3877 0 1777797265 810766
21 829 14590 0 1777797265 811915
22 858 3176 0 1777797265 812103
25 781 1662 0 1777797265 812433
23 851 3252 0 1777797265 812972
21 830 1872 0 1777797265 813793
22 859 3241 0 1777797265 815346
25 782 3890 0 1777797265 816325
21 831 7222 0 1777797265 821017
25 783 5480 0 1777797265 821809
23 852 10771 0 1777797265 823745
25 784 3230 0 1777797265 825043
23 853 2854 0 1777797265 826604
23 854 2161 0 1777797265 828768
20 624 25040 0 1777797265 831226
25 785 6193 0 1777797265 831239
23 855 2637 0 1777797265 831410
22 860 16864 0 1777797265 832213
21 832 11230 0 1777797265 832248
23 856 5406 0 1777797265 836820
21 833 6038 0 1777797265 838288
20 625 7262 0 1777797265 838502
25 786 7258 0 1777797265 838510
22 861 7191 0 1777797265 839408
21 834 4917 0 1777797265 843208
25 787 4709 0 1777797265 843229
23 857 6437 0 1777797265 843260
22 862 4091 0 1777797265 843505
25 788 3070 0 1777797265 846301
25 789 1389 0 1777797265 847691
23 858 4576 0 1777797265 847837
21 835 4770 0 1777797265 847980
21 836 1562 0 1777797265 849543
24 823 40802 0 1777797265 849551
25 790 1953 0 1777797265 849647
23 859 6435 0 1777797265 854274
24 824 4801 0 1777797265 854373
25 791 4745 0 1777797265 854393
21 837 4858 0 1777797265 854410
20 626 16412 0 1777797265 854923
25 792 4610 0 1777797265 859005
23 860 5011 0 1777797265 859292
22 863 17013 0 1777797265 860520
24 825 8937 0 1777797265 863312
23 861 8202 0 1777797265 867495
20 627 15423 0 1777797265 870349
23 862 4870 0 1777797265 872367
22 864 13011 0 1777797265 873532
23 863 2497 0 1777797265 874865
23 864 2553 0 1777797265 877425
22 865 7047 0 1777797265 880581
23 865 3165 0 1777797265 880592
21 838 27845 0 1777797265 882257
25 793 23395 0 1777797265 882401
21 839 1381 0 1777797265 883643
23 866 8943 0 1777797265 889549
20 628 23967 0 1777797265 894318
24 826 47299 0 1777797265 910613
21 840 27742 0 1777797265 911389
23 867 22072 0 1777797265 911622
22 866 31802 0 1777797265 912394
25 794 32805 0 1777797265 915207
21 841 5034 0 1777797265 916428
22 867 8295 0 1777797265 920692
25 795 7527 0 1777797265 922735
21 842 8113 0 1777797265 924544
23 868 13031 0 1777797265 924654
25 796 7739 0 1777797265 930476
22 868 9889 0 1777797265 930584
24 827 20455 0 1777797265 931069
23 869 6491 0 1777797265 931146
25 797 4728 0 1777797265 935212
21 843 11088 0 1777797265 935638
22 869 5466 0 1777797265 936051
23 870 4922 0 1777797265 936070
25 798 5659 0 1777797265 940873
20 629 49341 0 1777797265 943663
21 844 8023 0 1777797265 943676
24 828 12614 0 1777797265 943684
22 870 10150 0 1777797265 946202
23 871 10846 0 1777797265 946917
25 799 6076 0 1777797265 946951
21 845 3430 0 1777797265 947130
22 871 6683 0 1777797265 952886
23 872 5979 0 1777797265 952899
24 829 9190 0 1777797265 952906
20 630 10608 0 1777797265 954293
23 873 7405 0 1777797265 960321
20 631 6661 0 1777797265 960956
25 800 14091 0 1777797265 961044
22 872 8222 0 1777797265 961129
24 830 8860 0 1777797265 961786
21 846 14831 0 1777797265 961963
22 873 3731 0 1777797265 964861
25 801 3897 0 1777797265 964942
23 874 4660 0 1777797265 964989
20 632 4011 0 1777797265 965012
21 847 6758 0 1777797265 968722
25 802 4429 0 1777797265 969374
22 874 6613 0 1777797265 971478
23 875 6495 0 1777797265 971486
21 848 3151 0 1777797265 971875
25 803 4928 0 1777797265 974307
22 875 5632 0 1777797265 977118
21 849 5545 0 1777797265 977424
20 633 12659 0 1777797265 977672
23 876 6760 0 1777797265 978253
24 831 16543 0 1777797265 978330
25 804 5618 0 1777797265 979926
22 876 3487 0 1777797265 980606
20 634 6207 0 1777797265 983880
22 877 3284 0 1777797265 983892
24 832 8049 0 1777797265 986380
25 805 6459 0 1777797265 986388
23 877 9790 0 1777797265 988046
21 850 10732 0 1777797265 988158
22 878 7303 0 1777797265 991212
24 833 5185 0 1777797265 991574
25 806 5566 0 1777797265 991963
21 851 7072 0 1777797265 995232
23 878 7200 0 1777797265 995250
20 635 11749 0 1777797265 995643
22 879 4592 0 1777797265 995806
25 807 4945 0 1777797265 996913
25 808 5204 0 1777797266 2121
21 852 6927 0 1777797266 2177
22 880 6378 0 1777797266 2185
23 879 7549 0 1777797266 2807
20 636 8651 0 1777797266 4297
21 853 5807 0 1777797266 7994
25 809 6531 0 1777797266 8671
24 834 17111 0 1777797266 8687
22 881 6501 0 1777797266 8703
25 810 5638 0 1777797266 14310
23 880 11844 0 1777797266 14652
24 835 6008 0 1777797266 14696
20 637 10546 0 1777797266 14845
22 882 7031 0 1777797266 15735
21 854 8298 0 1777797266 16298
25 811 2123 0 1777797266 16434
20 638 7082 0 1777797266 21928
25 812 5955 0 1777797266 22390
22 883 7306 0 1777797266 23043
23 881 8430 0 1777797266 23084
21 855 6949 0 1777797266 23249
24 836 9576 0 1777797266 24275
21 856 5865 0 1777797266 29115
20 639 7701 0 1777797266 29633
24 837 5397 0 1777797266 29676
23 882 7430 0 1777797266 30515
22 884 8483 0 1777797266 31528
21 857 2900 0 1777797266 32017
23 883 2782 0 1777797266 33301
24 838 4167 0 1777797266 33844
22 885 3153 0 1777797266 34685
25 813 14245 0 1777797266 36636
25 814 2486 0 1777797266 39125
20 640 13587 0 1777797266 43223
24 839 9737 0 1777797266 43583
22 886 8977 0 1777797266 43667
21 858 12206 0 1777797266 44226
25 815 5473 0 1777797266 44599
20 641 5972 0 1777797266 49205
22 887 9486 0 1777797266 53154
25 816 9863 0 1777797266 54463
25 817 5985 0 1777797266 60451
24 840 43838 0 1777797266 87424
22 888 36627 0 1777797266 89784
23 884 58376 0 1777797266 91681
21 859 52038 0 1777797266 96270
20 642 47122 0 1777797266 96331
22 889 6652 0 1777797266 96439
25 818 35992 0 1777797266 96446
24 841 10758 0 1777797266 98186
23 885 6737 0 1777797266 98421
23 886 8336 0 1777797266 106758
21 860 10576 0 1777797266 106848
24 842 9657 0 1777797266 107845
22 890 11876 0 1777797266 108322
20 643 16996 0 1777797266 113328
25 819 18693 0 1777797266 115148
20 644 9172 0 1777797266 122502
24 843 14752 0 1777797266 122599
21 861 16227 0 1777797266 123076
23 887 19667 0 1777797266 126427
22 891 20606 0 1777797266 128930
21 862 20276 0 1777797266 143354
24 844 20764 0 1777797266 143364
20 645 24094 0 1777797266 146600
21 863 12376 0 1777797266 155741
23 888 29332 0 1777797266 155763
24 845 12395 0 1777797266 155771
20 646 9666 0 1777797266 156272
22 892 27936 0 1777797266 156867
25 820 41722 0 1777797266 156873
24 846 3198 0 1777797266 158992
21 864 5444 0 1777797266 161216
20 647 18188 0 1777797266 174462
23 889 18685 0 1777797266 174470
25 821 18790 0 1777797266 175676
21 865 19433 0 1777797266 180650
22 893 23818 0 1777797266 180692
24 847 21705 0 1777797266 180699
23 890 16734 0 1777797266 191218
20 648 17148 0 1777797266 191620
25 822 25398 0 1777797266 201075
21 866 27007 0 1777797266 207667
22 894 26976 0 1777797266 207675
24 848 26959 0 1777797266 207679
23 891 24426 0 1777797266 215646
20 649 33170 0 1777797266 224791
25 823 23722 0 1777797266 224799
21 867 17791 0 1777797266 225470
24 849 17780 0 1777797266 225475
22 895 24065 0 1777797266 231755
23 892 16115 0 1777797266 231762
20 650 10726 0 1777797266 235526
25 824 21373 0 1777797266 246183
22 896 19040 0 1777797266 250802
24 850 25370 0 1777797266 250854
21 868 30541 0 1777797266 256017
23 893 24262 0 1777797266 256033
20 651 25543 0 1777797266 261085
24 851 24456 0 1777797266 275356
22 897 27158 0 1777797266 278013
21 869 25297 0 1777797266 281331
23 894 25270 0 1777797266 281338
25 825 35156 0 1777797266 281344
20 652 25895 0 1777797266 286983
22 898 14524 0 1777797266 292544
24 852 17219 0 1777797266 292579
25 826 11272 0 1777797266 292635
23 895 11327 0 1777797266 292683
21 870 14396 0 1777797266 295741
20 653 20546 0 1777797266 307540
21 871 11802 0 1777797266 307551
23 896 14875 0 1777797266 307559
24 853 14920 0 1777797266 307568
25 827 14961 0 1777797266 307625
22 899 16355 0 1777797266 308992
20 654 14061 0 1777797266 321630
21 872 14055 0 1777797266 321640
23 897 14052 0 1777797266 321646
24 854 14046 0 1777797266 321650
25 828 14029 0 1777797266 321655
22 900 12707 0 1777797266 321700
20 655 22524 0 1777797266 344179
21 873 22516 0 1777797266 344183
22 901 22486 0 1777797266 344187
23 898 22516 0 1777797266 344191
24 855 22513 0 1777797266 344194
25 829 22512 0 1777797266 344198
20 656 19118 0 1777797266 363317
21 874 19125 0 1777797266 363328
22 902 19126 0 1777797266 363333
23 899 19125 0 1777797266 363338
24 856 19125 0 1777797266 363342
25 830 19124 0 1777797266 363346
20 657 19033 0 1777797266 382379
21 875 19035 0 1777797266 382394
22 903 19039 0 1777797266 382404
23 900 19042 0 1777797266 382412
24 857 19043 0 1777797266 382419
25 831 19046 0 1777797266 382426
20 658 24835 0 1777797266 407263
21 876 24838 0 1777797266 407284
22 904 24842 0 1777797266 407299
24 858 24816 0 1777797266 407322
25 832 24834 0 1777797266 407352
23 901 24958 0 1777797266 407424
20 659 16371 0 1777797266 423725
21 877 16373 0 1777797266 423737
22 905 16367 0 1777797266 423745
24 859 16365 0 1777797266 423752
25 833 16364 0 1777797266 423758
23 902 28361 0 1777797266 435787
24 860 12020 0 1777797266 435805
25 834 12019 0 1777797266 435810
20 660 14279 0 1777797266 438038
21 878 14274 0 1777797266 438044
22 906 14270 0 1777797266 438048
23 903 18105 0 1777797266 453932
25 835 17275 0 1777797266 453941
20 661 20142 0 1777797266 458191
21 879 20151 0 1777797266 458208
22 907 20154 0 1777797266 458215
24 861 21577 0 1777797266 458234
23 904 8389 0 1777797266 462331
25 836 8349 0 1777797266 462346
20 662 9431 0 1777797266 467668
21 880 9427 0 1777797266 467675
24 862 9427 0 1777797266 467692
22 908 12684 0 1777797266 470941
23 905 10777 0 1777797266 473124
25 837 10763 0 1777797266 473133
24 863 8097 0 1777797266 475810
20 663 12060 0 1777797266 479753
21 881 12051 0 1777797266 479757
21 882 6099 0 1777797266 485862
22 909 15014 0 1777797266 485956
23 906 12833 0 1777797266 485967
25 838 12721 0 1777797266 486011
20 664 9526 0 1777797266 489284
24 864 13481 0 1777797266 489292
21 883 10376 0 1777797266 496388
22 910 10362 0 1777797266 496396
23 907 10352 0 1777797266 496402
24 865 7105 0 1777797266 496408
25 839 10354 0 1777797266 496414
20 665 10662 0 1777797266 499955
21 884 17357 0 1777797266 513771
22 911 17354 0 1777797266 513777
23 908 17349 0 1777797266 513780
24 866 17347 0 1777797266 513784
20 666 16629 0 1777797266 516586
25 840 20152 0 1777797266 516595
20 667 8388 0 1777797266 524984
21 885 11208 0 1777797266 524992
22 912 11210 0 1777797266 525000
23 909 11211 0 1777797266 525006
24 867 11214 0 1777797266 525014
25 841 8413 0 1777797266 525021
24 868 12511 0 1777797266 537589
23 910 19715 0 1777797266 544785
21 886 24440 0 1777797266 549470
25 842 24405 0 1777797266 549489
20 668 26642 0 1777797266 551664
22 913 35766 0 1777797266 560820
23 911 19390 0 1777797266 564178
20 669 21283 0 1777797266 572950
23 912 8779 0 1777797266 572960
22 914 17548 0 1777797266 578376
23 913 5999 0 1777797266 578979
22 915 5030 0 1777797266 583414
23 914 5602 0 1777797266 584583
23 915 7511 0 1777797266 592101
20 670 21497 0 1777797266 594458
22 916 12819 0 1777797266 596236
20 671 3573 0 1777797266 598034
21 887 49763 0 1777797266 599254
23 916 7545 0 1777797266 599649
22 917 9556 0 1777797266 605794
21 888 7015 0 1777797266 606270
20 672 10092 0 1777797266 608135
24 869 74193 0 1777797266 611790
23 917 24200 0 1777797266 623850
23 918 16345 0 1777797266 640195
24 870 29557 0 1777797266 641348
21 889 35749 0 1777797266 642020
24 871 3325 0 1777797266 644676
21 890 5953 0 1777797266 647978
23 919 9777 0 1777797266 649974
22 918 51527 0 1777797266 657342
20 673 51668 0 1777797266 659805
21 891 12182 0 1777797266 660164
25 843 110686 0 1777797266 660227
24 872 17307 0 1777797266 661988
22 919 5353 0 1777797266 662696
20 674 6314 0 1777797266 666543
23 920 18464 0 1777797266 668444
25 844 8047 0 1777797266 668450
21 892 11578 0 1777797266 671957
24 873 9973 0 1777797266 671962
22 920 12336 0 1777797266 675035
23 921 11290 0 1777797266 679749
20 675 14363 0 1777797266 682814
21 893 10856 0 1777797266 682818
24 874 10850 0 1777797266 682822
25 845 14360 0 1777797266 682825
22 921 13426 0 1777797266 688461
23 922 13233 0 1777797266 692985
24 875 10156 0 1777797266 692991
25 846 10156 0 1777797266 692995
20 676 16950 0 1777797266 700481
21 894 17660 0 1777797266 700490
22 922 19399 0 1777797266 707862
24 876 14872 0 1777797266 707874
23 923 16257 0 1777797266 709252
25 847 20061 0 1777797266 713067
20 677 31048 0 1777797266 731538
21 895 31045 0 1777797266 731542
22 923 23670 0 1777797266 731545
23 924 22295 0 1777797266 731549
24 877 23668 0 1777797266 731553
25 848 23284 0 1777797266 736356
21 896 25000 0 1777797266 756557
23 925 25001 0 1777797266 756567
20 678 30758 0 1777797266 762311
22 924 30753 0 1777797266 762315
24 878 30747 0 1777797266 762318
21 897 11409 0 1777797266 767976
23 926 11402 0 1777797266 767981
25 849 31629 0 1777797266 767985
22 925 26173 0 1777797266 788497
21 898 24231 0 1777797266 792216
20 679 57596 0 1777797266 819914
24 879 64870 0 1777797266 827199
23 927 68517 0 1777797266 836508
25 850 68521 0 1777797266 836517
22 926 54305 0 1777797266 842805
25 851 15012 0 1777797266 851539
20 680 36273 0 1777797266 856189
24 880 38539 0 1777797266 865739
21 899 74597 0 1777797266 866818
22 927 24015 0 1777797266 866822
23 928 32879 0 1777797266 869396
25 852 21441 0 1777797266 872983
20 681 51241 0 1777797266 907434
21 900 40615 0 1777797266 907438
24 881 41701 0 1777797266 907442
23 929 41015 0 1777797266 910412
25 853 37438 0 1777797266 910422
24 882 4803 0 1777797266 912257
21 901 6891 0 1777797266 914340
20 682 11031 0 1777797266 918474
22 928 54999 0 1777797266 921829
23 930 11411 0 1777797266 921835
24 883 9580 0 1777797266 921839
21 902 14199 0 1777797266 928542
25 854 18110 0 1777797266 928549
20 683 22975 0 1777797266 944815
22 929 28385 0 1777797266 950232
23 931 31023 0 1777797266 952875
20 684 11181 0 1777797266 955999
21 903 27457 0 1777797266 956007
24 884 34167 0 1777797266 956023
25 855 27484 0 1777797266 956042
20 685 10747 0 1777797266 966791
21 904 10741 0 1777797266 966794
22 930 16565 0 1777797266 966798
23 932 13925 0 1777797266 966802
24 885 10737 0 1777797266 966805
25 856 10730 0 1777797266 966808
21 905 7375 0 1777797266 974189
22 931 7379 0 1777797266 974197
23 933 7381 0 1777797266 974204
24 886 7384 0 1777797266 974210
25 857 7386 0 1777797266 974216
20 686 9654 0 1777797266 976464
21 906 4927 0 1777797266 979144
25 858 4830 0 1777797266 979150
23 934 7246 0 1777797266 981558
24 887 7256 0 1777797266 981572
22 932 11631 0 1777797266 985930
20 687 10487 0 1777797266 986953
24 888 5374 0 1777797266 986960
25 859 8256 0 1777797266 987416
23 935 9113 0 1777797266 990687
22 933 8655 0 1777797266 994587
25 860 7182 0 1777797266 994599
24 889 8619 0 1777797266 995588
20 688 12438 0 1777797266 999399
21 907 21479 0 1777797267 630
23 936 9942 0 1777797267 634
22 934 7333 0 1777797267 1933
25 861 13297 0 1777797267 7909
24 890 13089 0 1777797267 8683
22 935 9425 0 1777797267 11358
20 689 12398 0 1777797267 11799
21 908 12896 0 1777797267 13531
23 937 15068 0 1777797267 15744
24 891 6998 0 1777797267 15748
25 862 7840 0 1777797267 15751
22 936 11932 0 1777797267 23292
20 690 15142 0 1777797267 26941
21 909 13416 0 1777797267 26948
20 691 19731 0 1777797267 46680
21 910 19730 0 1777797267 46688
22 937 23451 0 1777797267 46744
23 938 31001 0 1777797267 46753
24 892 31000 0 1777797267 46758
22 938 10472 0 1777797267 57245
23 939 10436 0 1777797267 57260
20 692 24252 0 1777797267 71012
21 911 24281 0 1777797267 71047
22 939 13794 0 1777797267 71056
23 940 13741 0 1777797267 71064
22 940 8968 0 1777797267 80171
24 893 33349 0 1777797267 80180
23 941 9594 0 1777797267 80832
20 693 17037 0 1777797267 88102
22 941 7929 0 1777797267 88110
21 912 20598 0 1777797267 91678
23 942 10864 0 1777797267 91698
24 894 11513 0 1777797267 91705
21 913 5081 0 1777797267 96787
22 942 8675 0 1777797267 96796
23 943 5088 0 1777797267 96802
24 895 5110 0 1777797267 96831
20 694 15617 0 1777797267 103728
21 914 6904 0 1777797267 103736
22 943 6899 0 1777797267 103742
23 944 6889 0 1777797267 103747
24 896 6880 0 1777797267 103755
25 863 95233 0 1777797267 110996
22 944 12142 0 1777797267 115918
23 945 16637 0 1777797267 120419
20 695 21369 0 1777797267 125125
21 915 21365 0 1777797267 125132
22 945 9220 0 1777797267 125141
23 946 4726 0 1777797267 125148
25 864 14159 0 1777797267 125157
25 865 4026 0 1777797267 129257
20 696 11976 0 1777797267 137134
21 916 11986 0 1777797267 137153
22 946 11945 0 1777797267 137160
23 947 11957 0 1777797267 137182
25 866 7931 0 1777797267 137190
21 917 6566 0 1777797267 143796
22 947 6579 0 1777797267 143818
23 948 6577 0 1777797267 143836
20 697 11313 0 1777797267 148504
23 949 4649 0 1777797267 148512
25 867 11252 0 1777797267 148519
22 948 13440 0 1777797267 157288
24 897 53950 0 1777797267 157740
22 949 7946 0 1777797267 165237
24 898 8213 0 1777797267 165955
25 868 17636 0 1777797267 166183
22 950 6669 0 1777797267 171907
24 899 5960 0 1777797267 171918
21 918 45390 0 1777797267 189227
22 951 17315 0 1777797267 189234
23 950 40702 0 1777797267 189241
24 900 17311 0 1777797267 189246
25 869 23068 0 1777797267 189252
20 698 41469 0 1777797267 189988
24 901 5933 0 1777797267 195213
22 952 12228 0 1777797267 201492
25 870 12213 0 1777797267 201500
24 902 7741 0 1777797267 202958
20 699 18694 0 1777797267 208683
21 919 19443 0 1777797267 208696
23 951 19430 0 1777797267 208702
24 903 5760 0 1777797267 208720
22 953 14129 0 1777797267 215629
25 871 14116 0 1777797267 215638
25 872 4471 0 1777797267 220124
22 954 5835 0 1777797267 221474
21 920 13024 0 1777797267 221760
24 904 16037 0 1777797267 225694
24 905 3303 0 1777797267 228999
25 873 8891 0 1777797267 229017
21 921 10532 0 1777797267 232294
23 952 39274 0 1777797267 248819
20 700 46565 0 1777797267 255288
25 874 31394 0 1777797267 260426
22 955 39190 0 1777797267 260666
24 906 31713 0 1777797267 260731
21 922 32416 0 1777797267 264712
23 953 23589 0 1777797267 272408
22 956 13644 0 1777797267 274311
25 875 13892 0 1777797267 274320
24 907 16290 0 1777797267 277024
23 954 5002 0 1777797267 277412
24 908 1597 0 1777797267 278623
21 923 15250 0 1777797267 279963
25 876 6307 0 1777797267 280641
20 701 32540 0 1777797267 287833
22 957 13525 0 1777797267 287847
25 877 7210 0 1777797267 287854
21 924 10367 0 1777797267 290332
24 909 11718 0 1777797267 290343
22 958 2776 0 1777797267 290650
23 955 13772 0 1777797267 291187
25 878 6831 0 1777797267 294714
23 956 3734 0 1777797267 294925
21 925 7862 0 1777797267 298207
24 910 8013 0 1777797267 298368
20 702 17731 0 1777797267 305586
20 703 8122 0 1777797267 313712
23 957 18795 0 1777797267 313721
21 926 15980 0 1777797267 314190
21 927 1175 0 1777797267 315367
23 958 2507 0 1777797267 316240
24 911 18156 0 1777797267 316525
20 704 10326 0 1777797267 324048
23 959 14290 0 1777797267 330534
24 912 14015 0 1777797267 330542
22 959 52658 0 1777797267 343310
20 705 20471 0 1777797267 344520
21 928 29161 0 1777797267 344530
25 879 49821 0 1777797267 344536
23 960 17780 0 1777797267 348323
24 913 17958 0 1777797267 348570
22 960 6367 0 1777797267 349680
20 706 10075 0 1777797267 354612
21 929 11687 0 1777797267 356232
22 961 22528 0 1777797267 372211
23 961 23904 0 1777797267 372230
24 914 23661 0 1777797267 372237
25 880 28944 0 1777797267 373497
20 707 18899 0 1777797267 373516
21 930 17294 0 1777797267 373533
22 962 3378 0 1777797267 375616
23 962 3460 0 1777797267 375737
24 915 5629 0 1777797267 377915
22 963 6996 0 1777797267 382615
21 931 13060 0 1777797267 386641
22 964 6329 0 1777797267 388946
24 916 13281 0 1777797267 391197
21 932 7740 0 1777797267 394383
23 963 18652 0 1777797267 394391
20 708 24270 0 1777797267 397787
22 965 8864 0 1777797267 397812
20 709 1715 0 1777797267 399530
25 881 31694 0 1777797267 405192
20 710 10052 0 1777797267 409589
21 933 15204 0 1777797267 409596
23 964 15191 0 1777797267 409602
25 882 4406 0 1777797267 409608
24 917 22022 0 1777797267 413222
25 883 12306 0 1777797267 421950
24 918 16505 0 1777797267 429729
23 965 20229 0 1777797267 429853
20 711 22593 0 1777797267 432203
24 919 6146 0 1777797267 435877
25 884 67009 0 1777797267 488965
24 920 53105 0 1777797267 488984
23 966 62056 0 1777797267 491910
22 966 95350 0 1777797267 493179
23 967 8983 0 1777797267 500895
22 967 8949 0 1777797267 502130
23 968 5623 0 1777797267 506519
22 968 5401 0 1777797267 507532
24 921 21021 0 1777797267 510006
20 712 85670 0 1777797267 517876
22 969 10350 0 1777797267 517883
24 922 23148 0 1777797267 533157
25 885 44199 0 1777797267 533167
23 969 31525 0 1777797267 538046
20 713 24050 0 1777797267 541933
21 934 132347 0 1777797267 541964
22 970 25300 0 1777797267 543193
24 923 14891 0 1777797267 548058
25 886 21606 0 1777797267 554787
23 970 18694 0 1777797267 556742
25 887 3324 0 1777797267 558114
21 935 20904 0 1777797267 562879
25 888 9060 0 1777797267 567212
21 936 11238 0 1777797267 574119
23 971 17380 0 1777797267 574124
21 937 5585 0 1777797267 579710
20 714 40629 0 1777797267 582595
24 924 41763 0 1777797267 589822
21 938 10115 0 1777797267 589835
23 972 15707 0 1777797267 589840
25 889 25425 0 1777797267 592638
22 971 55632 0 1777797267 598826
25 890 6199 0 1777797267 598840
25 891 1631 0 1777797267 600478
23 973 16147 0 1777797267 605995
25 892 9491 0 1777797267 609971
22 972 14680 0 1777797267 613520
23 974 7534 0 1777797267 613533
23 975 2139 0 1777797267 615691
24 925 25873 0 1777797267 615696
22 973 9372 0 1777797267 622907
20 715 45165 0 1777797267 627761
21 939 39613 0 1777797267 629453
25 893 20664 0 1777797267 630636
25 894 1222 0 1777797267 631862
21 940 3314 0 1777797267 632770
21 941 3533 0 1777797267 636311
25 895 4452 0 1777797267 636315
23 976 22445 0 1777797267 638142
22 974 18113 0 1777797267 641021
21 942 9525 0 1777797267 645840
24 926 34820 0 1777797267 650524
23 977 15178 0 1777797267 653321
25 896 20513 0 1777797267 656834
22 975 16843 0 1777797267 657866
22 976 4247 0 1777797267 662121
25 897 5291 0 1777797267 662126
24 927 15315 0 1777797267 665841
23 978 12814 0 1777797267 666143
21 943 27489 0 1777797267 673331
20 716 54021 0 1777797267 681787
21 944 8458 0 1777797267 681793
23 979 15655 0 1777797267 681799
25 898 19670 0 1777797267 681805
22 977 19938 0 1777797267 682064
20 717 5567 0 1777797267 687373
23 980 6062 0 1777797267 687897
23 981 2164 0 1777797267 690063
21 945 12129 0 1777797267 693956
24 928 28970 0 1777797267 694811
22 978 13745 0 1777797267 695813
25 899 15727 0 1777797267 697569
20 718 14908 0 1777797267 702289
21 946 8334 0 1777797267 702296
22 979 7532 0 1777797267 703348
23 982 13860 0 1777797267 703926
21 947 4989 0 1777797267 707304
22 980 4145 0 1777797267 707497
24 929 12694 0 1777797267 707509
20 719 9861 0 1777797267 712161
23 983 13179 0 1777797267 717107
25 900 22057 0 1777797267 719629
21 948 13353 0 1777797267 720658
22 981 15689 0 1777797267 723199
24 930 16536 0 1777797267 724061
20 720 14866 0 1777797267 727029
23 984 11682 0 1777797267 728790
24 931 11114 0 1777797267 735176
20 721 13592 0 1777797267 740622
22 982 18816 0 1777797267 742018
25 901 23431 0 1777797267 743061
21 949 23940 0 1777797267 744600
20 722 10659 0 1777797267 751282
25 902 12044 0 1777797267 755106
20 723 7446 0 1777797267 758733
22 983 16719 0 1777797267 758737
21 950 15878 0 1777797267 760479
25 903 7937 0 1777797267 763046
20 724 10333 0 1777797267 769071
22 984 10333 0 1777797267 769077
24 932 35089 0 1777797267 770267
20 725 8766 0 1777797267 777844
21 951 17415 0 1777797267 777895
22 985 8842 0 1777797267 777927
23 985 49143 0 1777797267 777935
25 904 14891 0 1777797267 777939
24 933 13295 0 1777797267 783565
20 726 13410 0 1777797267 791757
21 952 13816 0 1777797267 791764
22 986 13814 0 1777797267 791767
23 986 13814 0 1777797267 791771
25 905 13812 0 1777797267 791775
24 934 13531 0 1777797267 797102
20 727 5650 0 1777797267 797426
22 987 5659 0 1777797267 797444
21 953 6158 0 1777797267 797940
20 728 8084 0 1777797267 805529
25 906 14742 0 1777797267 806554
21 954 16165 0 1777797267 814111
22 988 16652 0 1777797267 814117
24 935 17017 0 1777797267 814121
23 987 25105 0 1777797267 816894
25 907 10348 0 1777797267 816904
22 989 7186 0 1777797267 821316
20 729 16377 0 1777797267 821909
21 955 7797 0 1777797267 821918
24 936 7790 0 1777797267 821925
22 990 4567 0 1777797267 825892
23 988 8993 0 1777797267 825898
25 908 8983 0 1777797267 825912
20 730 6218 0 1777797267 828144
21 956 6219 0 1777797267 828156
22 991 4954 0 1777797267 830867
24 937 13380 0 1777797267 835368
20 731 12028 0 1777797267 840186
21 957 12027 0 1777797267 840194
23 989 14291 0 1777797267 840214
25 909 14284 0 1777797267 840221
22 992 12865 0 1777797267 843733
23 990 3500 0 1777797267 843739
24 938 8367 0 1777797267 843743
21 958 3535 0 1777797267 843767
20 732 3743 0 1777797267 843965
25 910 3725 0 1777797267 843971
21 959 11050 0 1777797267 854817
22 993 11080 0 1777797267 854823
23 991 11076 0 1777797267 854827
24 939 11075 0 1777797267 854832
25 911 10857 0 1777797267 854836
20 733 14393 0 1777797267 858365
24 940 7085 0 1777797267 861938
21 960 7471 0 1777797267 862307
22 994 10145 0 1777797267 864989
23 992 10146 0 1777797267 864995
25 912 10144 0 1777797267 865001
21 961 3393 0 1777797267 865701
24 941 3796 0 1777797267 865736
23 993 5215 0 1777797267 870226
25 913 5216 0 1777797267 870233
20 734 13735 0 1777797267 872101
22 995 7106 0 1777797267 872108
24 942 6394 0 1777797267 872132
21 962 9468 0 1777797267 875171
22 996 4155 0 1777797267 876297
23 994 6711 0 1777797267 876945
24 943 4806 0 1777797267 876955
25 914 8292 0 1777797267 878549
21 963 4254 0 1777797267 879427
20 735 8579 0 1777797267 880712
21 964 2716 0 1777797267 882150
22 997 6274 0 1777797267 882573
23 995 10550 0 1777797267 887507
24 944 10544 0 1777797267 887520
22 998 4981 0 1777797267 887556
21 965 6363 0 1777797267 888514
25 915 10334 0 1777797267 888885
21 966 3686 0 1777797267 892202
23 996 4694 0 1777797267 892215
22 999 4718 0 1777797267 892275
24 945 4743 0 1777797267 892282
25 916 4757 0 1777797267 893644
20 736 16712 0 1777797267 897443
21 967 5761 0 1777797267 897977
25 917 4412 0 1777797267 898058
23 997 8786 0 1777797267 901018
22 1000 19429 0 1777797267 911712
24 946 29436 0 1777797267 921727
21 968 23965 0 1777797267 921942
25 918 24116 0 1777797267 922176
20 737 31642 0 1777797267 929087
21 969 7160 0 1777797267 929103
22 1001 17396 0 1777797267 929109
23 998 28098 0 1777797267 929117
24 947 7390 0 1777797267 929123
25 919 6952 0 1777797267 929129
25 920 1834 0 1777797267 931018
20 738 3766 0 1777797267 932896
24 948 3743 0 1777797267 932918
25 921 1904 0 1777797267 932927
21 970 4903 0 1777797267 934054
22 1002 5104 0 1777797267 934263
23 999 6697 0 1777797267 935863
21 971 5040 0 1777797267 939096
25 922 7228 0 1777797267 940218
22 1003 9130 0 1777797267 943396
24 949 13089 0 1777797267 946029
25 923 5824 0 1777797267 946044
23 1000 10424 0 1777797267 946289
21 972 7263 0 1777797267 946361
20 739 14725 0 1777797267 947653
24 950 1802 0 1777797267 947848
20 740 7834 0 1777797267 955489
22 1004 12101 0 1777797267 955500
24 951 7659 0 1777797267 955509
21 973 11936 0 1777797267 958299
20 741 4615 0 1777797267 960125
22 1005 6376 0 1777797267 961898
24 952 6688 0 1777797267 962219
23 1001 20821 0 1777797267 967112
20 742 18156 0 1777797267 978283
22 1006 16411 0 1777797267 978313
24 953 17507 0 1777797267 979728
21 974 28827 0 1777797267 987131
23 1002 20303 0 1777797267 987416
22 1007 9509 0 1777797267 987842
25 924 42207 0 1777797267 988286
24 954 11260 0 1777797267 990990
21 975 5044 0 1777797267 992177
22 1008 6933 0 1777797267 994779
20 743 19082 0 1777797267 997396
24 955 6412 0 1777797267 997404
25 925 9131 0 1777797267 997421
23 1003 10688 0 1777797267 998106
20 744 4662 0 1777797268 2084
24 956 7341 0 1777797268 4775
20 745 11667 0 1777797268 13755
21 976 21547 0 1777797268 13763
22 1009 18986 0 1777797268 13768
23 1004 15667 0 1777797268 13775
24 957 9004 0 1777797268 13781
25 926 16345 0 1777797268 13787
20 746 4002 0 1777797268 17791
23 1005 6563 0 1777797268 20388
21 977 6976 0 1777797268 20783
21 978 3026 0 1777797268 23812
22 1010 10005 0 1777797268 23821
25 927 12855 0 1777797268 26694
23 1006 8686 0 1777797268 29076
24 958 24250 0 1777797268 38082
22 1011 15164 0 1777797268 38996
20 747 22692 0 1777797268 40489
24 959 3952 0 1777797268 42035
21 979 19455 0 1777797268 43277
23 1007 14215 0 1777797268 43293
22 1012 4510 0 1777797268 43509
21 980 2157 0 1777797268 45451
25 928 19430 0 1777797268 46126
23 1008 3531 0 1777797268 46844
25 929 1434 0 1777797268 47562
22 1013 8103 0 1777797268 51613
25 930 4059 0 1777797268 51623
23 1009 4898 0 1777797268 51744
20 748 12259 0 1777797268 52750
24 960 12699 0 1777797268 54736
21 981 10450 0 1777797268 55903
25 931 5053 0 1777797268 56778
24 961 5529 0 1777797268 60269
20 749 7583 0 1777797268 60335
23 1010 8600 0 1777797268 60345
21 982 5921 0 1777797268 61829
25 932 7862 0 1777797268 64642
20 750 10256 0 1777797268 70602
25 933 5965 0 1777797268 70609
21 983 15971 0 1777797268 77802
22 1014 26184 0 1777797268 77808
24 962 17513 0 1777797268 77814
25 934 9540 0 1777797268 80162
23 1011 20898 0 1777797268 81254
20 751 14966 0 1777797268 85576
25 935 6083 0 1777797268 86249
21 984 10295 0 1777797268 88110
22 1015 10816 0 1777797268 88641
23 1012 7625 0 1777797268 88885
23 1013 845 0 1777797268 89732
22 1016 1392 0 1777797268 90035
25 936 7126 0 1777797268 93379
21 985 7107 0 1777797268 95220
20 752 10648 0 1777797268 96226
24 963 18577 0 1777797268 96408
25 937 6148 0 1777797268 99534
23 1014 12160 0 1777797268 101894
21 986 10472 0 1777797268 105694
23 1015 5391 0 1777797268 107287
21 987 3427 0 1777797268 109123
20 753 16688 0 1777797268 112916
24 964 16523 0 1777797268 112933
23 1016 6085 0 1777797268 113373
22 1017 23740 0 1777797268 113777
25 938 14970 0 1777797268 114507
22 1018 2371 0 1777797268 116152
24 965 9757 0 1777797268 122710
23 1017 11698 0 1777797268 125072
25 939 11133 0 1777797268 125641
22 1019 10112 0 1777797268 126268
23 1018 2720 0 1777797268 127795
21 988 18704 0 1777797268 127831
21 989 1223 0 1777797268 129055
25 940 4917 0 1777797268 130560
20 754 20701 0 1777797268 133636
24 966 10939 0 1777797268 133651
21 990 9506 0 1777797268 138563
25 941 8011 0 1777797268 138573
23 1019 11998 0 1777797268 139795
24 967 6861 0 1777797268 140531
22 1020 14336 0 1777797268 140606
23 1020 2636 0 1777797268 142432
25 942 6968 0 1777797268 145554
20 755 13217 0 1777797268 146870
20 756 4283 0 1777797268 151161
23 1021 8734 0 1777797268 151167
21 991 12714 0 1777797268 151288
25 943 7304 0 1777797268 152860
21 992 2719 0 1777797268 154008
23 1022 4845 0 1777797268 156054
25 944 4854 0 1777797268 157717
21 993 5806 0 1777797268 159817
20 757 9437 0 1777797268 160605
23 1023 6521 0 1777797268 162577
25 945 8978 0 1777797268 166700
20 758 18129 0 1777797268 178736
21 994 18924 0 1777797268 178743
22 1021 38142 0 1777797268 178749
23 1024 16175 0 1777797268 178755
24 968 38228 0 1777797268 178761
25 946 18065 0 1777797268 184766
21 995 9808 0 1777797268 188581
22 1022 9804 0 1777797268 188587
23 1025 9810 0 1777797268 188602
24 969 9811 0 1777797268 188610
20 759 11227 0 1777797268 189989
24 970 4134 0 1777797268 192839
20 760 4043 0 1777797268 194037
22 1023 5383 0 1777797268 194043
23 1026 8100 0 1777797268 196768
24 971 7937 0 1777797268 200778
22 1024 6742 0 1777797268 200814
21 996 22099 0 1777797268 210711
22 1025 9923 0 1777797268 210739
23 1027 13994 0 1777797268 210763
24 972 10010 0 1777797268 210794
25 947 26030 0 1777797268 210803
20 761 18918 0 1777797268 212962
20 762 4451 0 1777797268 217416
22 1026 6602 0 1777797268 217423
24 973 6521 0 1777797268 217429
22 1027 4134 0 1777797268 221601
20 763 10606 0 1777797268 228063
22 1028 6470 0 1777797268 228073
23 1028 17190 0 1777797268 228079
24 974 10622 0 1777797268 228096
25 948 17200 0 1777797268 228116
21 997 20958 0 1777797268 231762
24 975 4707 0 1777797268 232976
22 1029 8322 0 1777797268 236533
20 764 10548 0 1777797268 238665
22 1030 2555 0 1777797268 239092
24 976 7320 0 1777797268 240298
22 1031 3024 0 1777797268 242118
20 765 10845 0 1777797268 249512
25 949 21242 0 1777797268 249519
21 998 22859 0 1777797268 254627
22 1032 12515 0 1777797268 254635
23 1029 26380 0 1777797268 254642
24 977 14439 0 1777797268 254742
23 1030 3293 0 1777797268 258022
21 999 8740 0 1777797268 263383
22 1033 8694 0 1777797268 263412
24 978 8676 0 1777797268 263421
25 950 14656 0 1777797268 264184
20 766 17150 0 1777797268 266670
23 1031 8674 0 1777797268 266697
21 1000 10332 0 1777797268 273754
22 1034 10332 0 1777797268 273766
23 1032 7053 0 1777797268 273770
25 951 9589 0 1777797268 273774
24 979 12247 0 1777797268 275689
20 767 12517 0 1777797268 279215
25 952 14286 0 1777797268 288083
20 768 12385 0 1777797268 291602
21 1001 25098 0 1777797268 298872
22 1035 25091 0 1777797268 298877
23 1033 25092 0 1777797268 298883
24 980 23197 0 1777797268 298887
25 953 10803 0 1777797268 298891
20 769 11763 0 1777797268 303368
21 1002 16576 0 1777797268 315468
22 1036 16620 0 1777797268 315521
23 1034 16626 0 1777797268 315532
25 954 16661 0 1777797268 315580
20 770 14161 0 1777797268 317539
24 981 18639 0 1777797268 317553
23 1035 4862 0 1777797268 320420
24 982 6984 0 1777797268 324557
23 1036 8454 0 1777797268 328876
24 983 6809 0 1777797268 331371
20 771 16032 0 1777797268 333586
21 1003 18070 0 1777797268 333603
22 1037 18064 0 1777797268 333611
23 1037 4737 0 1777797268 333617
21 1004 5265 0 1777797268 338904
24 984 7534 0 1777797268 338909
25 955 23960 0 1777797268 339541
21 1005 4393 0 1777797268 343302
23 1038 9484 0 1777797268 343329
22 1038 13761 0 1777797268 347593
24 985 8691 0 1777797268 347606
20 772 14604 0 1777797268 348222
23 1039 6233 0 1777797268 349577
24 986 9063 0 1777797268 356685
20 773 8720 0 1777797268 356944
22 1039 9481 0 1777797268 357087
23 1040 7513 0 1777797268 357092
21 1006 18886 0 1777797268 362216
25 956 22807 0 1777797268 362351
22 1040 8206 0 1777797268 365299
23 1041 12930 0 1777797268 370031
24 987 13365 0 1777797268 370052
22 1041 7137 0 1777797268 372439
25 957 10379 0 1777797268 372733
20 774 18002 0 1777797268 374948
23 1042 4927 0 1777797268 374980
24 988 4798 0 1777797268 374989
20 775 7668 0 1777797268 382658
23 1043 8371 0 1777797268 383371
23 1044 6040 0 1777797268 389415
24 989 15045 0 1777797268 390054
22 1042 23775 0 1777797268 396216
23 1045 6834 0 1777797268 396251
20 776 14141 0 1777797268 396803
23 1046 6812 0 1777797268 403125
24 990 13078 0 1777797268 403133
25 958 30405 0 1777797268 403141
21 1007 43094 0 1777797268 405312
24 991 4549 0 1777797268 407704
23 1047 4634 0 1777797268 407779
25 959 4621 0 1777797268 407783
22 1043 24690 0 1777797268 420943
24 992 13292 0 1777797268 421001
20 777 24257 0 1777797268 421062
25 960 13288 0 1777797268 421079
21 1008 17302 0 1777797268 422616
20 778 4539 0 1777797268 425619
23 1048 17839 0 1777797268 425623
25 961 4489 0 1777797268 425627
22 1044 9327 0 1777797268 430332
24 993 11284 0 1777797268 432308
20 779 10978 0 1777797268 436606
21 1009 13997 0 1777797268 436616
25 962 10985 0 1777797268 436623
23 1049 11372 0 1777797268 437006
22 1045 7425 0 1777797268 437758
24 994 6703 0 1777797268 439013
20 780 6217 0 1777797268 442841
21 1010 5981 0 1777797268 442845
23 1050 5840 0 1777797268 442848
25 963 6094 0 1777797268 443044
20 781 22003 0 1777797268 464851
21 1011 22006 0 1777797268 464860
22 1046 27105 0 1777797268 464865
23 1051 22011 0 1777797268 464868
24 995 25854 0 1777797268 464872
25 964 21828 0 1777797268 464877
21 1012 38266 0 1777797268 503153
22 1047 38267 0 1777797268 503160
23 1052 38267 0 1777797268 503166
24 996 38268 0 1777797268 503172
20 782 43801 0 1777797268 508678
24 997 29821 0 1777797268 533014
25 965 79679 0 1777797268 544589
21 1013 65747 0 1777797268 568920
22 1048 65744 0 1777797268 568925
23 1053 65742 0 1777797268 568929
20 783 75596 0 1777797268 584296
24 998 59114 0 1777797268 592129
25 966 47524 0 1777797268 592137
23 1054 24426 0 1777797268 593365
21 1014 42778 0 1777797268 611707
22 1049 46676 0 1777797268 615611
25 967 23475 0 1777797268 615623
24 999 37609 0 1777797268 629747
20 784 52680 0 1777797268 636987
21 1015 25298 0 1777797268 637008
22 1050 21392 0 1777797268 637016
25 968 21440 0 1777797268 637073
24 1000 12114 0 1777797268 641864
23 1055 54275 0 1777797268 647641
20 785 11905 0 1777797268 648979
20 786 32944 0 1777797268 681924
23 1056 34291 0 1777797268 681935
24 1001 40067 0 1777797268 681939
25 969 44770 0 1777797268 681943
22 1051 58565 0 1777797268 695730
20 787 24709 0 1777797268 706654
23 1057 31193 0 1777797268 713149
20 788 17997 0 1777797268 724660
24 1002 44527 0 1777797268 726490
21 1016 89932 0 1777797268 727084
25 970 45124 0 1777797268 727095
22 1052 37988 0 1777797268 733720
25 971 6627 0 1777797268 733735
21 1017 10395 0 1777797268 737491
21 1018 5063 0 1777797268 742558
20 789 19236 0 1777797268 743899
23 1058 35122 0 1777797268 748274
24 1003 22977 0 1777797268 749474
25 972 15733 0 1777797268 749487
20 790 9182 0 1777797268 753084
22 1053 19358 0 1777797268 753094
20 791 4387 0 1777797268 757483
24 1004 8002 0 1777797268 757490
23 1059 14775 0 1777797268 763051
22 1054 11417 0 1777797268 764547
20 792 14984 0 1777797268 772477
24 1005 14979 0 1777797268 772486
22 1055 12391 0 1777797268 776941
21 1019 34526 0 1777797268 777087
25 973 27600 0 1777797268 777096
23 1060 16385 0 1777797268 779439
21 1020 20820 0 1777797268 797918
22 1056 22017 0 1777797268 798960
25 974 21864 0 1777797268 798970
20 793 29911 0 1777797268 802399
24 1006 31922 0 1777797268 804420
23 1061 27392 0 1777797268 806833
21 1021 30847 0 1777797268 828768
23 1062 21969 0 1777797268 828804
20 794 26826 0 1777797268 829227
22 1057 30287 0 1777797268 829259
24 1007 25641 0 1777797268 830063
25 975 32001 0 1777797268 830991
23 1063 12845 0 1777797268 841650
21 1022 13709 0 1777797268 842485
21 1023 2638 0 1777797268 845129
24 1008 16547 0 1777797268 846612
20 795 20486 0 1777797268 849746
22 1058 20485 0 1777797268 849756
23 1064 8110 0 1777797268 849762
21 1024 7376 0 1777797268 852508
24 1009 8133 0 1777797268 854750
22 1059 6086 0 1777797268 855858
23 1065 6472 0 1777797268 856275
22 1060 7024 0 1777797268 862885
23 1066 6979 0 1777797268 863255
21 1025 12062 0 1777797268 864573
22 1061 5323 0 1777797268 868210
20 796 24682 0 1777797268 874445
22 1062 6248 0 1777797268 874460
22 1063 2854 0 1777797268 877330
20 797 7943 0 1777797268 882404
22 1064 5497 0 1777797268 882828
22 1065 1633 0 1777797268 884462
22 1066 10077 0 1777797268 894544
20 798 22717 0 1777797268 905124
21 1026 42903 0 1777797268 907478
22 1067 12920 0 1777797268 907487
23 1067 44696 0 1777797268 907953
24 1010 53210 0 1777797268 907961
25 976 76970 0 1777797268 907965
20 799 7353 0 1777797268 912480
20 800 8079 0 1777797268 920562
21 1027 13122 0 1777797268 920611
22 1068 13573 0 1777797268 921074
23 1068 13169 0 1777797268 921135
24 1011 13172 0 1777797268 921146
25 977 13174 0 1777797268 921153
20 801 9652 0 1777797268 930806
21 1028 9647 0 1777797268 930824
22 1069 9647 0 1777797268 930832
23 1069 9645 0 1777797268 930838
24 1012 9653 0 1777797268 930853
25 978 9653 0 1777797268 930860
22 1070 4882 0 1777797268 935772
23 1070 4897 0 1777797268 935793
24 1013 4898 0 1777797268 935800
20 802 9239 0 1777797268 940100
21 1029 9228 0 1777797268 940108
25 979 9208 0 1777797268 940116
21 1030 7679 0 1777797268 947808
22 1071 12015 0 1777797268 947816
24 1014 11993 0 1777797268 947823
25 980 7692 0 1777797268 947829
20 803 14322 0 1777797268 954439
23 1071 18625 0 1777797268 954447
21 1031 18324 0 1777797268 966154
25 981 18240 0 1777797268 966160
22 1072 21073 0 1777797268 968959
24 1015 21063 0 1777797268 968973
20 804 24150 0 1777797268 978599
23 1072 24142 0 1777797268 978604
21 1032 25596 0 1777797268 991757
25 982 31627 0 1777797268 997795
22 1073 29455 0 1777797268 998429
23 1073 19826 0 1777797268 998437
24 1016 29456 0 1777797268 998444
20 805 25066 0 1777797269 3671
21 1033 25427 0 1777797269 17187
25 983 19365 0 1777797269 17196
22 1074 21446 0 1777797269 19891
24 1017 21442 0 1777797269 19907
23 1074 29829 0 1777797269 28285
20 806 62573 0 1777797269 66248
21 1034 49090 0 1777797269 66287
22 1075 51203 0 1777797269 71111
23 1075 42839 0 1777797269 71125
24 1018 51213 0 1777797269 71132
25 984 55235 0 1777797269 72767
20 807 15257 0 1777797269 81546
21 1035 15258 0 1777797269 81556
22 1076 10429 0 1777797269 81563
24 1019 10421 0 1777797269 81584
25 985 8839 0 1777797269 81610
23 1076 13970 0 1777797269 85119
25 986 6603 0 1777797269 88245
20 808 11162 0 1777797269 92773
21 1036 14598 0 1777797269 96220
22 1077 14605 0 1777797269 96234
24 1020 14635 0 1777797269 96271
20 809 40661 0 1777797269 133436
23 1077 48319 0 1777797269 133444
23 1078 116103 0 1777797269 249557
21 1037 155347 0 1777797269 251619
25 987 163373 0 1777797269 251624
23 1079 12319 0 1777797269 261883
25 988 10257 0 1777797269 261886
21 1038 10800 0 1777797269 262424
25 989 11606 0 1777797269 273500
23 1080 15589 0 1777797269 277476
21 1039 40233 0 1777797269 302723
20 810 181595 0 1777797269 315040
24 1021 218768 0 1777797269 315057
21 1040 14345 0 1777797269 317074
22 1078 220801 0 1777797269 317083
25 990 43588 0 1777797269 317089
23 1081 44443 0 1777797269 321923
20 811 55343 0 1777797269 370401
21 1041 53316 0 1777797269 370405
22 1079 53310 0 1777797269 370408
23 1082 48487 0 1777797269 370412
24 1022 55344 0 1777797269 370415
25 991 53314 0 1777797269 370419
25 992 16523 0 1777797269 386963
21 1042 20921 0 1777797269 391346
20 812 38272 0 1777797269 408691
22 1080 49795 0 1777797269 420224
25 993 33272 0 1777797269 420237
21 1043 29265 0 1777797269 420616
21 1044 32539 0 1777797269 453158
23 1083 82746 0 1777797269 453178
21 1045 11607 0 1777797269 464786
22 1081 69303 0 1777797269 489541
24 1023 123169 0 1777797269 493605
25 994 73347 0 1777797269 493611
20 813 94870 0 1777797269 503564
23 1084 53856 0 1777797269 507126
22 1082 25001 0 1777797269 514544
24 1024 20936 0 1777797269 514548
25 995 20692 0 1777797269 514552
20 814 28821 0 1777797269 532389
21 1046 67606 0 1777797269 532394
23 1085 25264 0 1777797269 532398
24 1025 34651 0 1777797269 549212
20 815 27500 0 1777797269 559898
21 1047 27508 0 1777797269 559911
22 1083 45365 0 1777797269 559918
23 1086 27517 0 1777797269 559926
24 1026 10719 0 1777797269 559932
25 996 45373 0 1777797269 559938
21 1048 14395 0 1777797269 574355
23 1087 14384 0 1777797269 574360
20 816 14734 0 1777797269 574673
22 1084 14721 0 1777797269 574689
24 1027 14714 0 1777797269 574697
25 997 18115 0 1777797269 578105
21 1049 9434 0 1777797269 583794
23 1088 9457 0 1777797269 583824
20 817 11478 0 1777797269 586176
22 1085 11468 0 1777797269 586182
21 1050 7669 0 1777797269 591495
25 998 13395 0 1777797269 591501
24 1028 22616 0 1777797269 597339
23 1089 13123 0 1777797269 597365
22 1086 12442 0 1777797269 598631
20 818 18414 0 1777797269 604597
21 1051 13104 0 1777797269 604606
23 1090 7246 0 1777797269 604612
24 1029 7276 0 1777797269 604618
25 999 13116 0 1777797269 604624
22 1087 8838 0 1777797269 607471
21 1052 8739 0 1777797269 613373
23 1091 8748 0 1777797269 613390
22 1088 6317 0 1777797269 613791
25 1000 9142 0 1777797269 613797
24 1030 10123 0 1777797269 614773
20 819 12008 0 1777797269 616633
21 1053 7613 0 1777797269 621004
23 1092 9239 0 1777797269 622648
24 1031 9564 0 1777797269 624343
25 1001 10832 0 1777797269 624638
20 820 12747 0 1777797269 629382
22 1089 15604 0 1777797269 629402
21 1054 11556 0 1777797269 632562
22 1090 3152 0 1777797269 632579
23 1093 9935 0 1777797269 632588
24 1032 8249 0 1777797269 632594
20 821 4199 0 1777797269 633602
25 1002 8975 0 1777797269 633615
23 1094 7013 0 1777797269 639637
20 822 10860 0 1777797269 644477
22 1091 11947 0 1777797269 644561
24 1033 11936 0 1777797269 644574
25 1003 13450 0 1777797269 647089
21 1055 16390 0 1777797269 648985
22 1092 4843 0 1777797269 649442
23 1095 10771 0 1777797269 650411
24 1034 10142 0 1777797269 654755
22 1093 7280 0 1777797269 656724
22 1094 14418 0 1777797269 671144
20 823 29193 0 1777797269 673768
24 1035 20631 0 1777797269 675388
22 1095 4537 0 1777797269 675683
20 824 32228 0 1777797269 705999
24 1036 36591 0 1777797269 711981
20 825 10166 0 1777797269 716167
24 1037 17043 0 1777797269 729025
24 1038 12230 0 1777797269 741257
24 1039 14698 0 1777797269 755957
24 1040 4201 0 1777797269 760159
25 1004 113072 0 1777797269 760163
20 826 56597 0 1777797269 772765
20 827 14514 0 1777797269 787281
21 1056 138694 0 1777797269 787690
22 1096 112012 0 1777797269 787696
23 1096 137049 0 1777797269 787700
24 1041 27541 0 1777797269 787704
20 828 34009 0 1777797269 821713
21 1057 45387 0 1777797269 833096
23 1097 45622 0 1777797269 833341
22 1097 45778 0 1777797269 833493
25 1005 80008 0 1777797269 840176
24 1042 61353 0 1777797269 849078
22 1098 38412 0 1777797269 871906
23 1098 39541 0 1777797269 872884
21 1058 40522 0 1777797269 873621
25 1006 42459 0 1777797269 882640
21 1059 48052 0 1777797269 921675
23 1099 48877 0 1777797269 921763
24 1043 72687 0 1777797269 921767
25 1007 39127 0 1777797269 921771
22 1099 51841 0 1777797269 923751
20 829 114775 0 1777797269 936496
21 1060 27136 0 1777797269 948908
23 1100 27134 0 1777797269 948913
22 1100 39554 0 1777797269 963308
20 830 26854 0 1777797269 963352
25 1008 44539 0 1777797269 966330
24 1044 46125 0 1777797269 967909
20 831 24075 0 1777797269 987428
21 1061 38519 0 1777797269 987432
23 1101 38514 0 1777797269 987436
25 1009 38325 0 1777797270 4656
22 1101 41429 0 1777797270 4749
24 1045 37057 0 1777797270 4967
21 1062 34693 0 1777797270 22136
23 1102 34508 0 1777797270 23120
20 832 62845 0 1777797270 50282
22 1102 59322 0 1777797270 64292
23 1103 41235 0 1777797270 64357
25 1010 77370 0 1777797270 82037
22 1103 17690 0 1777797270 82050
23 1104 17678 0 1777797270 82053
22 1104 33182 0 1777797270 115236
23 1105 33192 0 1777797270 115251
21 1063 105414 0 1777797270 127553
25 1011 45523 0 1777797270 127561
20 833 88194 0 1777797270 138478
21 1064 10934 0 1777797270 138496
23 1106 23242 0 1777797270 138503
24 1046 133490 0 1777797270 138510
20 834 4511 0 1777797270 143022
22 1105 27788 0 1777797270 143040
23 1107 4485 0 1777797270 143049
21 1065 12967 0 1777797270 151502
20 835 32926 0 1777797270 175977
22 1106 32915 0 1777797270 175986
23 1108 32912 0 1777797270 175992
24 1047 37425 0 1777797270 175998
25 1012 48426 0 1777797270 176004
21 1066 45280 0 1777797270 196789
20 836 34945 0 1777797270 210950
22 1107 34950 0 1777797270 210970
23 1109 34946 0 1777797270 210978
24 1048 34945 0 1777797270 210986
25 1013 40481 0 1777797270 216542
25 1014 26821 0 1777797270 243391
24 1049 47282 0 1777797270 263848
20 837 58825 0 1777797270 275369
21 1067 78593 0 1777797270 275393
23 1110 58841 0 1777797270 275401
22 1108 80833 0 1777797270 297387
20 838 177718 0 1777797270 453120
22 1109 155750 0 1777797270 453140
23 1111 177714 0 1777797270 453146
21 1068 177776 0 1777797270 453200
24 1050 189907 0 1777797270 453757
25 1015 210369 0 1777797270 453764
21 1069 5870 0 1777797270 459072
20 839 17794 0 1777797270 470942
20 840 24940 0 1777797270 495893
24 1051 44324 0 1777797270 498089
21 1070 45598 0 1777797270 504674
24 1052 6587 0 1777797270 504688
20 841 11405 0 1777797270 507300
25 1016 53554 0 1777797270 507326
20 842 2374 0 1777797270 509701
24 1053 7386 0 1777797270 512109
20 843 5856 0 1777797270 515562
20 844 8072 0 1777797270 523641
25 1017 21576 0 1777797270 528912
21 1071 24293 0 1777797270 528982
22 1110 77581 0 1777797270 530737
23 1112 77578 0 1777797270 530741
24 1054 19027 0 1777797270 531141
20 845 7816 0 1777797270 531468
23 1113 7895 0 1777797270 538642
22 1111 17921 0 1777797270 548662
24 1055 17526 0 1777797270 548669
25 1018 19759 0 1777797270 548673
20 846 22831 0 1777797270 554300
21 1072 35258 0 1777797270 564241
23 1114 25893 0 1777797270 564541
22 1112 31584 0 1777797270 580257
24 1056 31633 0 1777797270 580314
25 1019 31637 0 1777797270 580324
20 847 36729 0 1777797270 591042
21 1073 26804 0 1777797270 591046
22 1113 10724 0 1777797270 591050
23 1115 26562 0 1777797270 591106
24 1057 10755 0 1777797270 591110
25 1020 10750 0 1777797270 591114
20 848 25833 0 1777797270 616948
21 1074 25834 0 1777797270 616954
22 1114 25832 0 1777797270 616959
23 1116 25830 0 1777797270 616963
24 1058 25821 0 1777797270 616966
25 1021 25820 0 1777797270 616970
21 1075 13481 0 1777797270 630457
23 1117 14319 0 1777797270 631304
20 849 23262 0 1777797270 640232
22 1115 23262 0 1777797270 640242
25 1022 23255 0 1777797270 640248
24 1059 23289 0 1777797270 640277
23 1118 17879 0 1777797270 649184
22 1116 15000 0 1777797270 655260
25 1023 15005 0 1777797270 655271
24 1060 15845 0 1777797270 656123
23 1119 14374 0 1777797270 663565
20 850 51494 0 1777797270 691743
21 1076 61293 0 1777797270 691752
22 1117 36489 0 1777797270 691761
23 1120 28198 0 1777797270 691771
24 1061 35653 0 1777797270 691778
25 1024 36500 0 1777797270 691786
20 851 31863 0 1777797270 723650
20 852 22320 0 1777797270 745975
25 1025 71060 0 1777797270 762907
21 1077 87040 0 1777797270 778850
20 853 70470 0 1777797270 816449
22 1118 124651 0 1777797270 816474
24 1062 124642 0 1777797270 816481
21 1078 57320 0 1777797270 836173
24 1063 20150 0 1777797270 836657
20 854 26507 0 1777797270 842988
23 1121 151165 0 1777797270 842997
21 1079 8627 0 1777797270 844802
20 855 8302 0 1777797270 851301
23 1122 8300 0 1777797270 851322
24 1064 15848 0 1777797270 852507
21 1080 11258 0 1777797270 856062
22 1119 39568 0 1777797270 856069
23 1123 6976 0 1777797270 858324
24 1065 7223 0 1777797270 859733
20 856 13308 0 1777797270 864631
21 1081 10982 0 1777797270 867053
22 1120 13123 0 1777797270 869199
21 1082 12927 0 1777797270 879986
22 1121 12460 0 1777797270 881660
23 1124 28550 0 1777797270 886876
22 1122 16425 0 1777797270 898087
20 857 50249 0 1777797270 914881
25 1026 151972 0 1777797270 914890
24 1066 57564 0 1777797270 917305
20 858 9411 0 1777797270 924301
20 859 2216 0 1777797270 926519
20 860 3230 0 1777797270 929750
25 1027 15039 0 1777797270 929938
20 861 2710 0 1777797270 932463
20 862 1778 0 1777797270 934244
20 863 14567 0 1777797270 948811
21 1083 68845 0 1777797270 948832
23 1125 62899 0 1777797270 949779
25 1028 21520 0 1777797270 951460
20 864 8333 0 1777797270 957167
22 1123 59088 0 1777797270 957176
23 1126 7400 0 1777797270 957184
21 1084 11713 0 1777797270 960555
25 1029 10122 0 1777797270 961594
22 1124 8944 0 1777797270 966137
22 1125 20250 0 1777797270 986397
25 1030 24803 0 1777797270 986401
20 865 36625 0 1777797270 993810
22 1126 20222 0 1777797271 6624
20 866 21041 0 1777797271 14854
25 1031 31051 0 1777797271 17467
24 1067 104117 0 1777797271 21424
22 1127 15870 0 1777797271 22498
20 867 26266 0 1777797271 41131
23 1127 83936 0 1777797271 41136
25 1032 23671 0 1777797271 41141
21 1085 90072 0 1777797271 50629
22 1128 28787 0 1777797271 51289
24 1068 29888 0 1777797271 51316
20 868 22350 0 1777797271 63491
21 1086 12868 0 1777797271 63501
23 1128 22362 0 1777797271 63508
25 1033 22363 0 1777797271 63514
20 869 14756 0 1777797271 78271
22 1129 26976 0 1777797271 78293
24 1069 27010 0 1777797271 78337
25 1034 14518 0 1777797271 78351
23 1129 17098 0 1777797271 80918
21 1087 25225 0 1777797271 88754
22 1130 14197 0 1777797271 92563
25 1035 25765 0 1777797271 104148
20 870 36573 0 1777797271 114925
21 1088 26166 0 1777797271 114940
22 1131 22384 0 1777797271 114948
23 1130 34035 0 1777797271 114955
24 1070 36585 0 1777797271 114961
25 1036 22356 0 1777797271 126505
20 871 18634 0 1777797271 133596
21 1089 18625 0 1777797271 133604
22 1132 18055 0 1777797271 136065
23 1131 18064 0 1777797271 136084
24 1071 18098 0 1777797271 136122
25 1037 22862 0 1777797271 149369
20 872 17020 0 1777797271 150626
24 1072 19114 0 1777797271 155237
22 1133 21677 0 1777797271 157762
25 1038 12500 0 1777797271 161871
21 1090 30151 0 1777797271 163765
23 1132 27672 0 1777797271 163774
22 1134 6487 0 1777797271 164255
24 1073 23212 0 1777797271 178452
20 873 32568 0 1777797271 183195
22 1135 23934 0 1777797271 188190
23 1133 24417 0 1777797271 188200
20 874 20264 0 1777797271 203463
20 875 12155 0 1777797271 215620
24 1074 45113 0 1777797271 223567
20 876 13280 0 1777797271 228924
24 1075 8249 0 1777797271 231817
25 1039 107109 0 1777797271 268982
20 877 51614 0 1777797271 280547
21 1091 116777 0 1777797271 280551
22 1136 92355 0 1777797271 280556
23 1134 92346 0 1777797271 280560
24 1076 58919 0 1777797271 290739
25 1040 21760 0 1777797271 290744
21 1092 40604 0 1777797271 321171
22 1137 40605 0 1777797271 321177
20 878 44148 0 1777797271 324710
24 1077 34875 0 1777797271 325619
23 1135 45902 0 1777797271 326479
25 1041 35747 0 1777797271 326497
22 1138 15596 0 1777797271 336825
20 879 22403 0 1777797271 347114
21 1093 25942 0 1777797271 347121
24 1078 23121 0 1777797271 348741
23 1136 31361 0 1777797271 357859
24 1079 20153 0 1777797271 368897
20 880 27494 0 1777797271 374615
23 1137 16816 0 1777797271 374682
21 1094 41642 0 1777797271 388770
22 1139 62430 0 1777797271 399256
24 1080 31696 0 1777797271 400594
25 1042 74029 0 1777797271 400603
20 881 29519 0 1777797271 404201
20 882 20074 0 1777797271 424286
24 1081 31326 0 1777797271 431930
23 1138 57502 0 1777797271 432287
24 1082 8930 0 1777797271 440863
25 1043 55226 0 1777797271 455841
25 1044 3542 0 1777797271 459384
25 1045 5045 0 1777797271 464430
25 1046 4196 0 1777797271 468628
22 1140 72294 0 1777797271 471552
20 883 57467 0 1777797271 481759
22 1141 14192 0 1777797271 485745
23 1139 53462 0 1777797271 485751
20 884 4675 0 1777797271 486436
22 1142 4422 0 1777797271 490174
24 1083 60262 0 1777797271 501127
21 1095 117102 0 1777797271 505878
21 1096 6604 0 1777797271 512484
24 1084 21428 0 1777797271 522557
20 885 46404 0 1777797271 532841
21 1097 20363 0 1777797271 532848
23 1140 47138 0 1777797271 532900
24 1085 10349 0 1777797271 532911
25 1047 72126 0 1777797271 540763
22 1143 51064 0 1777797271 541239
20 886 13610 0 1777797271 546522
23 1141 14457 0 1777797271 547394
21 1098 26562 0 1777797271 559490
22 1144 18254 0 1777797271 559494
24 1086 26551 0 1777797271 559498
25 1048 18737 0 1777797271 559502
20 887 19344 0 1777797271 565867
23 1142 19004 0 1777797271 566399
22 1145 11042 0 1777797271 570550
21 1099 11080 0 1777797271 570582
24 1087 13766 0 1777797271 573278
22 1146 13074 0 1777797271 583630
23 1143 17232 0 1777797271 583634
25 1049 24122 0 1777797271 583637
21 1100 15797 0 1777797271 586381
20 888 20538 0 1777797271 586408
24 1088 15772 0 1777797271 589057
22 1147 19918 0 1777797271 603556
25 1050 19918 0 1777797271 603566
20 889 21021 0 1777797271 607430
23 1144 23792 0 1777797271 607436
21 1101 22287 0 1777797271 608672
24 1089 20481 0 1777797271 609543
22 1148 9703 0 1777797271 613269
25 1051 9701 0 1777797271 613279
20 890 14658 0 1777797271 622096
23 1145 14667 0 1777797271 622114
24 1090 15177 0 1777797271 624722
21 1102 17780 0 1777797271 626453
22 1149 16435 0 1777797271 629715
25 1052 16438 0 1777797271 629732
20 891 8580 0 1777797271 630696
23 1146 8573 0 1777797271 630704
21 1103 10794 0 1777797271 637252
24 1091 12537 0 1777797271 637262
22 1150 14588 0 1777797271 644321
23 1147 13611 0 1777797271 644327
24 1092 7049 0 1777797271 644331
25 1053 14594 0 1777797271 644338
20 892 18109 0 1777797271 648814
21 1104 11919 0 1777797271 649183
20 893 4412 0 1777797271 653230
20 894 7603 0 1777797271 660837
21 1105 20760 0 1777797271 669944
25 1054 25454 0 1777797271 669953
23 1148 25587 0 1777797271 670069
24 1093 25699 0 1777797271 670190
20 895 11906 0 1777797271 672745
22 1151 28600 0 1777797271 672939
23 1149 3116 0 1777797271 673186
24 1094 5957 0 1777797271 676149
25 1055 8813 0 1777797271 678775
24 1095 5543 0 1777797271 681692
21 1106 11752 0 1777797271 681706
23 1150 17270 0 1777797271 690457
24 1096 8768 0 1777797271 690462
22 1152 18358 0 1777797271 691298
25 1056 12526 0 1777797271 691304
21 1107 9611 0 1777797271 691318
23 1151 3017 0 1777797271 693479
24 1097 3371 0 1777797271 693841
21 1108 8357 0 1777797271 699675
22 1153 8378 0 1777797271 699682
23 1152 6241 0 1777797271 699723
24 1098 5884 0 1777797271 699727
20 896 29332 0 1777797271 702079
25 1057 12742 0 1777797271 704050
23 1153 7679 0 1777797271 707406
25 1058 7272 0 1777797271 711323
21 1109 12434 0 1777797271 712117
23 1154 4723 0 1777797271 712130
21 1110 9605 0 1777797271 721723
23 1155 9597 0 1777797271 721728
25 1059 11112 0 1777797271 722460
23 1156 2084 0 1777797271 723820
25 1060 1957 0 1777797271 724418
25 1061 3701 0 1777797271 728120
21 1111 7230 0 1777797271 728958
23 1157 6224 0 1777797271 730045
21 1112 11797 0 1777797271 740756
25 1062 12719 0 1777797271 740841
24 1099 42866 0 1777797271 742598
21 1113 5303 0 1777797271 746061
21 1114 7251 0 1777797271 753314
24 1100 10728 0 1777797271 753327
20 897 51662 0 1777797271 753743
22 1154 58746 0 1777797271 758435
21 1115 11312 0 1777797271 764641
24 1101 11302 0 1777797271 764650
20 898 11936 0 1777797271 765679
22 1155 8762 0 1777797271 767198
21 1116 3037 0 1777797271 767688
20 899 7611 0 1777797271 773292
22 1156 9931 0 1777797271 777131
20 900 8498 0 1777797271 781791
22 1157 10441 0 1777797271 787575
23 1158 59640 0 1777797271 789685
24 1102 28197 0 1777797271 792856
24 1103 3953 0 1777797271 796816
25 1063 56004 0 1777797271 796846
20 901 25353 0 1777797271 807148
21 1117 39466 0 1777797271 807155
23 1159 17474 0 1777797271 807162
24 1104 10321 0 1777797271 807168
25 1064 10284 0 1777797271 807175
23 1160 14259 0 1777797271 821451
20 902 25137 0 1777797271 832313
21 1118 28414 0 1777797271 835599
23 1161 27381 0 1777797271 848845
21 1119 14795 0 1777797271 850396
20 903 22445 0 1777797271 854765
25 1065 49958 0 1777797271 857164
20 904 9454 0 1777797271 864220
21 1120 20077 0 1777797271 870475
25 1066 13315 0 1777797271 870480
22 1158 84587 0 1777797271 872165
22 1159 6579 0 1777797271 878746
21 1121 12551 0 1777797271 883031
20 905 18822 0 1777797271 883043
25 1067 15516 0 1777797271 886002
22 1160 17356 0 1777797271 896103
25 1068 11969 0 1777797271 897974
21 1122 17134 0 1777797271 900166
22 1161 7167 0 1777797271 903279
25 1069 7063 0 1777797271 905038
20 906 23188 0 1777797271 906232
22 1162 18879 0 1777797271 922159
20 907 18863 0 1777797271 925097
21 1123 24944 0 1777797271 925112
22 1163 2965 0 1777797271 925126
23 1162 76289 0 1777797271 925135
24 1105 117972 0 1777797271 925171
25 1070 20144 0 1777797271 925183
21 1124 11345 0 1777797271 936539
25 1071 11324 0 1777797271 936544
20 908 12264 0 1777797271 937448
24 1106 19506 0 1777797271 944720
21 1125 12988 0 1777797271 949533
23 1163 24340 0 1777797271 949549
25 1072 13006 0 1777797271 949556
23 1164 5458 0 1777797271 955033
24 1107 10343 0 1777797271 955066
25 1073 5491 0 1777797271 955075
21 1126 11298 0 1777797271 960855
25 1074 5699 0 1777797271 960866
20 909 27365 0 1777797271 964815
21 1127 3956 0 1777797271 964823
24 1108 9674 0 1777797271 964831
25 1075 4969 0 1777797271 965859
23 1165 15434 0 1777797271 970510
24 1109 5666 0 1777797271 970520
25 1076 8329 0 1777797271 974190
22 1164 54198 0 1777797271 979400
23 1166 9557 0 1777797271 980078
20 910 21678 0 1777797271 986511
25 1077 12324 0 1777797271 986516
21 1128 24409 0 1777797271 989255
24 1110 18749 0 1777797271 989343
25 1078 6878 0 1777797271 993401
23 1167 16872 0 1777797271 996951
24 1111 7609 0 1777797271 996962
20 911 12526 0 1777797271 999042
21 1129 9703 0 1777797271 999047
24 1112 6001 0 1777797272 2975
22 1165 25177 0 1777797272 4579
25 1079 11184 0 1777797272 4586
21 1130 5550 0 1777797272 4602
20 912 15354 0 1777797272 14401
21 1131 9807 0 1777797272 14410
22 1166 9828 0 1777797272 14414
23 1168 17455 0 1777797272 14417
24 1113 11445 0 1777797272 14421
25 1080 9833 0 1777797272 14426
20 913 10549 0 1777797272 24975
21 1132 10586 0 1777797272 25023
22 1167 10589 0 1777797272 25031
23 1169 10665 0 1777797272 25111
24 1114 10668 0 1777797272 25118
25 1081 12423 0 1777797272 26877
24 1115 7222 0 1777797272 32392
25 1082 6913 0 1777797272 33792
21 1133 13317 0 1777797272 38447
20 914 15579 0 1777797272 40698
22 1168 15575 0 1777797272 40713
21 1134 8097 0 1777797272 46547
25 1083 12759 0 1777797272 46555
20 915 13740 0 1777797272 54454
24 1116 22184 0 1777797272 54578
21 1135 8681 0 1777797272 55237
23 1170 30085 0 1777797272 55246
25 1084 16667 0 1777797272 63234
22 1169 23303 0 1777797272 64032
20 916 16726 0 1777797272 71191
21 1136 15953 0 1777797272 71200
22 1170 7126 0 1777797272 71207
24 1117 16634 0 1777797272 71215
23 1171 18902 0 1777797272 74159
24 1118 4410 0 1777797272 75669
21 1137 7339 0 1777797272 78568
24 1119 16950 0 1777797272 92621
20 917 28738 0 1777797272 99954
21 1138 21392 0 1777797272 99962
22 1171 28721 0 1777797272 99968
23 1172 25813 0 1777797272 99974
25 1085 36747 0 1777797272 99982
24 1120 13039 0 1777797272 105661
24 1121 10696 0 1777797272 116359
21 1139 18771 0 1777797272 118768
20 918 25616 0 1777797272 125599
21 1140 6855 0 1777797272 125625
22 1172 25627 0 1777797272 125637
23 1173 25626 0 1777797272 125645
24 1122 9290 0 1777797272 125652
25 1086 33371 0 1777797272 133397
24 1123 22645 0 1777797272 148358
21 1141 29554 0 1777797272 155220
20 919 35878 0 1777797272 161531
20 920 11396 0 1777797272 172929
22 1173 47262 0 1777797272 172936
23 1174 47237 0 1777797272 172941
25 1087 40696 0 1777797272 174095
24 1124 29269 0 1777797272 177629
21 1142 22651 0 1777797272 177879
25 1088 6368 0 1777797272 180464
25 1089 1170 0 1777797272 181635
20 921 9380 0 1777797272 182321
25 1090 992 0 1777797272 182628
22 1174 10737 0 1777797272 183686
22 1175 4812 0 1777797272 188501
21 1143 10794 0 1777797272 188674
22 1176 874 0 1777797272 189386
24 1125 12056 0 1777797272 189691
22 1177 1088 0 1777797272 190476
22 1178 1738 0 1777797272 192215
25 1091 15765 0 1777797272 198395
20 922 22455 0 1777797272 204778
22 1179 12597 0 1777797272 204815
24 1126 15127 0 1777797272 204821
22 1180 6053 0 1777797272 210875
20 923 10251 0 1777797272 215035
21 1144 26367 0 1777797272 215043
25 1092 16652 0 1777797272 215048
24 1127 23732 0 1777797272 228559
22 1181 24232 0 1777797272 235108
23 1175 64083 0 1777797272 237046
25 1093 23494 0 1777797272 238575
24 1128 11865 0 1777797272 240425
22 1182 11903 0 1777797272 247013
25 1094 13265 0 1777797272 251842
20 924 59812 0 1777797272 274861
22 1183 43152 0 1777797272 290166
24 1129 49742 0 1777797272 290169
20 925 17855 0 1777797272 292718
21 1145 77661 0 1777797272 292725
21 1146 6744 0 1777797272 299478
22 1184 22727 0 1777797272 312897
24 1130 22785 0 1777797272 312961
25 1095 61699 0 1777797272 313544
20 926 22541 0 1777797272 315267
20 927 17755 0 1777797272 333025
24 1131 20017 0 1777797272 333036
20 928 12897 0 1777797272 345934
22 1185 32979 0 1777797272 345942
23 1176 108894 0 1777797272 345948
24 1132 12907 0 1777797272 345954
25 1096 32414 0 1777797272 345960
21 1147 55262 0 1777797272 354748
24 1133 8759 0 1777797272 354757
20 929 9049 0 1777797272 355010
21 1148 9380 0 1777797272 364139
22 1186 18172 0 1777797272 364152
25 1097 18154 0 1777797272 364159
24 1134 18992 0 1777797272 373774
23 1177 33958 0 1777797272 379949
25 1098 15771 0 1777797272 379966
20 930 25860 0 1777797272 380873
21 1149 16720 0 1777797272 380880
22 1187 17147 0 1777797272 381333
21 1150 8455 0 1777797272 389347
25 1099 17814 0 1777797272 397794
21 1151 9588 0 1777797272 398941
22 1188 28402 0 1777797272 409736
21 1152 11135 0 1777797272 410082
21 1153 3908 0 1777797272 413992
22 1189 4260 0 1777797272 413999
20 931 43099 0 1777797272 423980
24 1135 52864 0 1777797272 426643
22 1190 15996 0 1777797272 430006
21 1154 28170 0 1777797272 442171
20 932 20233 0 1777797272 444215
24 1136 18801 0 1777797272 445448
22 1191 16848 0 1777797272 446856
24 1137 3509 0 1777797272 448958
20 933 5240 0 1777797272 449456
23 1178 69988 0 1777797272 449956
21 1155 19863 0 1777797272 462040
20 934 13144 0 1777797272 462601
23 1179 15449 0 1777797272 465406
24 1138 17706 0 1777797272 466666
21 1156 5053 0 1777797272 467097
23 1180 3913 0 1777797272 469321
21 1157 13124 0 1777797272 480222
21 1158 2686 0 1777797272 482909
25 1100 85117 0 1777797272 482913
20 935 23505 0 1777797272 486109
25 1101 3479 0 1777797272 486398
21 1159 4484 0 1777797272 487397
24 1139 21892 0 1777797272 488559
21 1160 6761 0 1777797272 494159
20 936 8265 0 1777797272 494382
24 1140 6561 0 1777797272 495121
25 1102 10144 0 1777797272 496543
21 1161 3050 0 1777797272 497210
22 1192 50382 0 1777797272 497239
25 1103 1570 0 1777797272 498114
21 1162 6246 0 1777797272 503457
25 1104 6160 0 1777797272 504276
20 937 11810 0 1777797272 506193
22 1193 10610 0 1777797272 507866
25 1105 3866 0 1777797272 508147
24 1141 15502 0 1777797272 510623
20 938 5479 0 1777797272 511673
21 1163 9530 0 1777797272 512988
22 1194 8893 0 1777797272 516766
25 1106 11191 0 1777797272 519338
24 1142 20459 0 1777797272 531084
20 939 19422 0 1777797272 531097
25 1107 11770 0 1777797272 531109
23 1181 61923 0 1777797272 531246
22 1195 14921 0 1777797272 531688
21 1164 22501 0 1777797272 535490
25 1108 4388 0 1777797272 535498
23 1182 14467 0 1777797272 545713
24 1143 14635 0 1777797272 545721
20 940 17951 0 1777797272 549048
21 1165 13557 0 1777797272 549056
22 1196 17792 0 1777797272 549485
25 1109 14569 0 1777797272 550079
20 941 4644 0 1777797272 553702
23 1183 7988 0 1777797272 553710
24 1144 11653 0 1777797272 557384
21 1166 10753 0 1777797272 559823
20 942 12643 0 1777797272 566354
25 1110 16296 0 1777797272 566377
22 1197 18442 0 1777797272 567932
21 1167 10893 0 1777797272 570718
23 1184 17935 0 1777797272 571667
23 1185 5414 0 1777797272 577084
24 1145 19741 0 1777797272 577127
21 1168 6439 0 1777797272 577160
22 1198 9226 0 1777797272 577166
25 1111 10793 0 1777797272 577171
25 1112 5946 0 1777797272 583138
20 943 18516 0 1777797272 584873
22 1199 7701 0 1777797272 584884
24 1146 7747 0 1777797272 584890
20 944 10262 0 1777797272 595153
21 1169 17994 0 1777797272 595166
22 1200 10272 0 1777797272 595175
23 1186 18056 0 1777797272 595185
24 1147 10292 0 1777797272 595215
25 1113 12082 0 1777797272 595222
20 945 10910 0 1777797272 606132
22 1201 10908 0 1777797272 606144
24 1148 10904 0 1777797272 606151
25 1114 10904 0 1777797272 606158
23 1187 14124 0 1777797272 609366
24 1149 4700 0 1777797272 610881
25 1115 5563 0 1777797272 611754
20 946 18600 0 1777797272 624759
22 1202 18595 0 1777797272 624767
24 1150 13906 0 1777797272 624789
25 1116 13042 0 1777797272 624798
21 1170 34415 0 1777797272 629645
23 1188 20280 0 1777797272 629653
20 947 12129 0 1777797272 636928
21 1171 9876 0 1777797272 639531
21 1172 6500 0 1777797272 646034
20 948 19802 0 1777797272 656734
21 1173 10716 0 1777797272 656754
22 1203 31966 0 1777797272 656774
23 1189 27116 0 1777797272 656781
24 1151 31971 0 1777797272 656787
25 1117 31962 0 1777797272 656802
21 1174 22930 0 1777797272 679744
22 1204 22928 0 1777797272 679757
23 1190 22925 0 1777797272 679763
24 1152 22923 0 1777797272 679770
25 1118 22924 0 1777797272 679776
20 949 24977 0 1777797272 681780
21 1175 12108 0 1777797272 691885
20 950 13607 0 1777797272 695390
22 1205 15604 0 1777797272 695400
24 1153 15595 0 1777797272 695409
25 1119 15613 0 1777797272 695434
23 1191 22597 0 1777797272 702403
20 951 13887 0 1777797272 709322
21 1176 17447 0 1777797272 709334
22 1206 18525 0 1777797272 713996
24 1154 18522 0 1777797272 714007
25 1120 18516 0 1777797272 714011
23 1192 23730 0 1777797272 727010
24 1155 37886 0 1777797272 751909
20 952 49296 0 1777797272 758631
21 1177 56381 0 1777797272 765727
24 1156 13821 0 1777797272 765732
20 953 14883 0 1777797272 773517
22 1207 59510 0 1777797272 773521
23 1193 47414 0 1777797272 774427
25 1121 60417 0 1777797272 774446
20 954 18310 0 1777797272 791831
24 1157 26113 0 1777797272 791854
24 1158 15638 0 1777797272 807492
25 1122 40951 0 1777797272 815412
21 1178 51601 0 1777797272 817333
22 1208 43825 0 1777797272 817353
24 1159 9867 0 1777797272 817361
25 1123 3626 0 1777797272 819039
20 955 30144 0 1777797272 821980
21 1179 4755 0 1777797272 822117
24 1160 5107 0 1777797272 822491
25 1124 3670 0 1777797272 822712
22 1209 6056 0 1777797272 823432
25 1125 1847 0 1777797272 824561
22 1210 1540 0 1777797272 824976
25 1126 830 0 1777797272 825393
21 1180 3789 0 1777797272 825908
24 1161 3742 0 1777797272 826235
23 1194 52929 0 1777797272 827378
20 956 7200 0 1777797272 829182
20 957 8432 0 1777797272 837617
24 1162 15013 0 1777797272 841250
21 1181 17672 0 1777797272 843582
25 1127 18883 0 1777797272 844279
22 1211 21384 0 1777797272 846364
25 1128 4731 0 1777797272 849017
20 958 21329 0 1777797272 858949
22 1212 12612 0 1777797272 858979
25 1129 9960 0 1777797272 858984
24 1163 28156 0 1777797272 869410
20 959 12914 0 1777797272 871898
22 1213 12912 0 1777797272 871905
25 1130 12912 0 1777797272 871912
24 1164 6068 0 1777797272 875479
24 1165 19751 0 1777797272 895232
20 960 25329 0 1777797272 897242
21 1182 74014 0 1777797272 917601
23 1195 90231 0 1777797272 917611
25 1131 45603 0 1777797272 917616
20 961 24049 0 1777797272 921298
23 1196 4719 0 1777797272 922347
25 1132 5211 0 1777797272 922846
21 1183 6106 0 1777797272 923723
25 1133 1026 0 1777797272 923876
25 1134 5741 0 1777797272 929619
21 1184 8552 0 1777797272 932278
23 1197 9938 0 1777797272 932289
24 1166 37058 0 1777797272 932295
20 962 14353 0 1777797272 935671
21 1185 3395 0 1777797272 935690
23 1198 3406 0 1777797272 935713
21 1186 6743 0 1777797272 942471
23 1199 6735 0 1777797272 942532
24 1167 10224 0 1777797272 942539
21 1187 1453 0 1777797272 943993
23 1200 4199 0 1777797272 946753
21 1188 3234 0 1777797272 947230
20 963 13005 0 1777797272 948719
20 964 13182 0 1777797272 961904
21 1189 14697 0 1777797272 961930
22 1214 89942 0 1777797272 961938
23 1201 15821 0 1777797272 962576
24 1168 20900 0 1777797272 963462
25 1135 34774 0 1777797272 964396
20 965 4399 0 1777797272 966338
24 1169 8548 0 1777797272 972015
25 1136 7779 0 1777797272 972177
22 1215 10540 0 1777797272 972499
20 966 14252 0 1777797272 980592
21 1190 18657 0 1777797272 980608
22 1216 8778 0 1777797272 981279
23 1202 18714 0 1777797272 981292
25 1137 9120 0 1777797272 981298
20 967 3183 0 1777797272 983793
24 1170 11784 0 1777797272 983803
21 1191 9563 0 1777797272 990181
22 1217 8902 0 1777797272 990201
23 1203 8906 0 1777797272 990217
25 1138 8921 0 1777797272 990238
20 968 12538 0 1777797272 996342
24 1171 12561 0 1777797272 996377
21 1192 9385 0 1777797272 999626
22 1218 9382 0 1777797272 999634
23 1204 9370 0 1777797272 999640
25 1139 10941 0 1777797273 1220
21 1193 6079 0 1777797273 5722
22 1219 6076 0 1777797273 5732
23 1205 7745 0 1777797273 7409
25 1140 7152 0 1777797273 8374
21 1194 10499 0 1777797273 16240
22 1220 10496 0 1777797273 16248
23 1206 8843 0 1777797273 16254
24 1172 19835 0 1777797273 16260
25 1141 7900 0 1777797273 16275
23 1207 5289 0 1777797273 21584
22 1221 5873 0 1777797273 22161
25 1142 5983 0 1777797273 22292
20 969 37241 0 1777797273 33619
21 1195 17351 0 1777797273 33627
23 1208 12047 0 1777797273 33633
24 1173 17338 0 1777797273 33639
22 1222 16462 0 1777797273 38628
24 1174 4965 0 1777797273 38638
25 1143 16350 0 1777797273 38644
20 970 8545 0 1777797273 42186
21 1196 8544 0 1777797273 42193
23 1209 8540 0 1777797273 42197
22 1223 7900 0 1777797273 46546
24 1175 7913 0 1777797273 46580
25 1144 7952 0 1777797273 46630
21 1197 7531 0 1777797273 49737
23 1210 7556 0 1777797273 49768
20 971 15969 0 1777797273 58166
22 1224 15386 0 1777797273 62018
24 1176 15438 0 1777797273 62078
25 1145 15436 0 1777797273 62090
20 972 8747 0 1777797273 66916
23 1211 17117 0 1777797273 66925
20 973 9245 0 1777797273 76173
21 1198 26420 0 1777797273 76190
22 1225 15035 0 1777797273 77126
24 1177 15109 0 1777797273 77223
25 1146 15097 0 1777797273 77237
20 974 4761 0 1777797273 81999
24 1178 4683 0 1777797273 82010
21 1199 6369 0 1777797273 83629
22 1226 9679 0 1777797273 86953
23 1212 20064 0 1777797273 87003
25 1147 9764 0 1777797273 87103
20 975 10882 0 1777797273 92893
22 1227 5871 0 1777797273 92903
24 1179 10887 0 1777797273 92909
25 1148 5810 0 1777797273 92915
23 1213 12190 0 1777797273 99233
20 976 7674 0 1777797273 100591
21 1200 13601 0 1777797273 100607
24 1180 7658 0 1777797273 100615
25 1149 9704 0 1777797273 102679
22 1228 14731 0 1777797273 107656
23 1214 8423 0 1777797273 107671
24 1181 7698 0 1777797273 108339
20 977 19054 0 1777797273 119670
21 1201 19049 0 1777797273 119682
25 1150 17007 0 1777797273 119689
22 1229 14804 0 1777797273 122478
23 1215 14799 0 1777797273 122483
24 1182 14146 0 1777797273 122487
21 1202 9696 0 1777797273 129397
25 1151 9697 0 1777797273 129404
20 978 17190 0 1777797273 136879
21 1203 7481 0 1777797273 136886
22 1230 14445 0 1777797273 136933
23 1216 14441 0 1777797273 136938
24 1183 14439 0 1777797273 136943
20 979 13045 0 1777797273 149989
25 1152 20568 0 1777797273 149996
21 1204 13064 0 1777797273 150016
24 1184 13051 0 1777797273 150021
23 1217 13075 0 1777797273 150040
22 1231 13411 0 1777797273 150369
22 1232 7231 0 1777797273 157606
24 1185 7599 0 1777797273 157628
23 1218 8847 0 1777797273 158887
25 1153 8898 0 1777797273 158901
20 980 12129 0 1777797273 162126
21 1205 12193 0 1777797273 162214
20 981 16907 0 1777797273 179122
23 1219 20238 0 1777797273 179140
21 1206 26580 0 1777797273 188807
23 1220 9669 0 1777797273 188820
24 1186 31190 0 1777797273 188829
20 982 15131 0 1777797273 194272
21 1207 5458 0 1777797273 194288
23 1221 5489 0 1777797273 194339
24 1187 5487 0 1777797273 194347
25 1154 45122 0 1777797273 204043
22 1233 182365 0 1777797273 339994
20 983 176235 0 1777797273 370583
21 1208 176424 0 1777797273 370789
25 1155 166759 0 1777797273 370820
23 1222 180216 0 1777797273 374592
20 984 10365 0 1777797273 381187
25 1156 38346 0 1777797273 409236
23 1223 34674 0 1777797273 409268
24 1188 216964 0 1777797273 411361
22 1234 73368 0 1777797273 413372
20 985 33451 0 1777797273 414640
23 1224 11073 0 1777797273 420342
25 1157 16468 0 1777797273 425712
22 1235 14567 0 1777797273 427946
23 1225 12017 0 1777797273 432365
23 1226 13300 0 1777797273 445666
24 1189 34313 0 1777797273 445676
20 986 33811 0 1777797273 448457
22 1236 30733 0 1777797273 458691
23 1227 13036 0 1777797273 458713
24 1190 13043 0 1777797273 458729
20 987 11504 0 1777797273 459973
24 1191 5531 0 1777797273 464282
20 988 5884 0 1777797273 465862
23 1228 7129 0 1777797273 465870
20 989 2576 0 1777797273 468447
20 990 2131 0 1777797273 470581
22 1237 11865 0 1777797273 470596
23 1229 4722 0 1777797273 470603
20 991 3385 0 1777797273 473990
22 1238 3314 0 1777797273 473997
24 1192 11161 0 1777797273 475445
20 992 3485 0 1777797273 477484
25 1158 51844 0 1777797273 477558
22 1239 3888 0 1777797273 477896
21 1209 108888 0 1777797273 479740
20 993 11078 0 1777797273 488565
22 1240 10681 0 1777797273 488578
25 1159 11028 0 1777797273 488589
24 1193 40426 0 1777797273 515874
23 1230 69659 0 1777797273 540352
25 1160 54949 0 1777797273 543564
22 1241 59572 0 1777797273 548176
24 1194 32435 0 1777797273 548310
20 994 59745 0 1777797273 548335
21 1210 79259 0 1777797273 559001
23 1231 24786 0 1777797273 566855
25 1161 23307 0 1777797273 566879
20 995 23806 0 1777797273 572142
21 1211 16533 0 1777797273 575537
22 1242 35335 0 1777797273 583514
24 1195 35213 0 1777797273 583526
25 1162 16629 0 1777797273 583545
20 996 23277 0 1777797273 595421
21 1212 19887 0 1777797273 595425
23 1232 28549 0 1777797273 595429
24 1196 18054 0 1777797273 601619
22 1243 24146 0 1777797273 607692
25 1163 24133 0 1777797273 607706
20 997 31575 0 1777797273 627006
21 1213 31589 0 1777797273 627023
22 1244 19324 0 1777797273 627030
23 1233 31597 0 1777797273 627036
24 1197 25430 0 1777797273 627051
25 1164 19339 0 1777797273 627058
20 998 15357 0 1777797273 642416
21 1214 15407 0 1777797273 642481
22 1245 15451 0 1777797273 642532
23 1234 15449 0 1777797273 642543
24 1198 15447 0 1777797273 642550
25 1165 15453 0 1777797273 642568
21 1215 7528 0 1777797273 650122
22 1246 7588 0 1777797273 650198
24 1199 10075 0 1777797273 652708
20 999 10239 0 1777797273 652808
23 1235 10193 0 1777797273 652812
25 1166 10192 0 1777797273 652833
22 1247 20966 0 1777797273 671195
24 1200 18500 0 1777797273 671213
23 1236 22635 0 1777797273 675457
21 1216 30896 0 1777797273 681097
22 1248 9892 0 1777797273 681106
24 1201 9833 0 1777797273 681113
20 1000 32368 0 1777797273 685181
25 1167 33616 0 1777797273 686449
24 1202 14123 0 1777797273 695273
21 1217 17199 0 1777797273 698312
23 1237 22865 0 1777797273 698325
22 1249 17928 0 1777797273 699065
25 1168 12629 0 1777797273 699082
20 1001 14408 0 1777797273 699593
24 1203 5652 0 1777797273 700928
22 1250 2255 0 1777797273 701338
21 1218 4458 0 1777797273 702784
23 1238 5507 0 1777797273 703844
24 1204 7269 0 1777797273 708198
21 1219 5442 0 1777797273 708228
23 1239 8796 0 1777797273 712642
22 1251 11888 0 1777797273 713228
20 1002 16941 0 1777797273 716538
25 1169 19411 0 1777797273 718505
21 1220 12694 0 1777797273 720979
24 1205 12804 0 1777797273 721007
22 1252 11576 0 1777797273 724809
23 1240 12223 0 1777797273 724867
25 1170 20262 0 1777797273 738772
22 1253 15455 0 1777797273 740296
21 1221 19642 0 1777797273 740650
23 1241 15796 0 1777797273 740664
24 1206 19617 0 1777797273 740671
21 1222 12649 0 1777797273 753321
22 1254 13025 0 1777797273 753328
23 1242 12652 0 1777797273 753337
24 1207 12651 0 1777797273 753344
25 1171 14577 0 1777797273 753350
20 1003 38901 0 1777797273 755440
23 1243 10533 0 1777797273 763900
24 1208 10535 0 1777797273 763909
25 1172 10535 0 1777797273 763915
22 1255 12657 0 1777797273 766017
21 1223 13637 0 1777797273 766988
20 1004 15086 0 1777797273 770528
21 1224 4034 0 1777797273 771024
22 1256 6020 0 1777797273 772040
21 1225 3954 0 1777797273 774982
25 1173 12620 0 1777797273 776590
24 1209 13651 0 1777797273 777583
20 1005 8181 0 1777797273 778712
22 1257 21332 0 1777797273 793374
24 1210 20606 0 1777797273 798192
25 1174 26292 0 1777797273 802884
22 1258 31024 0 1777797273 824400
22 1259 6591 0 1777797273 830992
20 1006 71188 0 1777797273 849902
21 1226 83365 0 1777797273 858349
23 1244 94450 0 1777797273 858366
20 1007 10596 0 1777797273 860500
23 1245 4863 0 1777797273 863292
22 1260 36514 0 1777797273 867507
25 1175 64624 0 1777797273 867513
24 1211 69354 0 1777797273 867549
23 1246 6009 0 1777797273 869306
25 1176 1992 0 1777797273 869515
24 1212 3411 0 1777797273 870961
22 1261 4213 0 1777797273 871727
21 1227 15040 0 1777797273 873408
20 1008 17477 0 1777797273 877982
23 1247 10297 0 1777797273 879611
24 1213 10974 0 1777797273 881938
20 1009 8547 0 1777797273 886534
21 1228 13174 0 1777797273 886584
25 1177 17092 0 1777797273 886608
24 1214 6775 0 1777797273 888716
22 1262 17116 0 1777797273 888845
24 1215 4126 0 1777797273 892849
25 1178 10549 0 1777797273 897179
22 1263 13949 0 1777797273 902797
25 1179 5630 0 1777797273 902810
20 1010 24895 0 1777797273 911505
23 1248 31896 0 1777797273 911515
25 1180 8673 0 1777797273 911520
22 1264 9596 0 1777797273 912407
24 1216 19580 0 1777797273 912435
21 1229 28419 0 1777797273 915041
22 1265 13756 0 1777797273 926192
20 1011 19813 0 1777797273 931334
22 1266 8562 0 1777797273 934756
20 1012 9295 0 1777797273 940632
22 1267 6616 0 1777797273 941375
20 1013 6051 0 1777797273 946686
23 1249 35175 0 1777797273 946708
20 1014 3021 0 1777797273 949731
25 1181 40566 0 1777797273 952107
20 1015 7144 0 1777797273 956879
24 1217 44444 0 1777797273 956888
25 1182 4783 0 1777797273 956895
22 1268 16014 0 1777797273 957391
23 1250 11219 0 1777797273 957974
21 1230 43261 0 1777797273 958309
20 1016 7789 0 1777797273 964686
21 1231 6421 0 1777797273 964732
25 1183 7946 0 1777797273 964862
24 1218 7976 0 1777797273 964882
22 1269 12147 0 1777797273 969540
25 1184 10004 0 1777797273 974868
23 1251 17708 0 1777797273 975684
24 1219 10813 0 1777797273 975696
21 1232 11615 0 1777797273 976372
20 1017 15786 0 1777797273 980522
22 1270 18757 0 1777797273 988305
24 1220 12600 0 1777797273 988314
20 1018 7878 0 1777797273 988407
21 1233 12039 0 1777797273 988415
25 1185 13547 0 1777797273 988421
23 1252 15100 0 1777797273 990798
20 1019 5172 0 1777797273 993595
24 1221 5248 0 1777797273 993620
25 1186 5189 0 1777797273 993628
21 1234 14264 0 1777797274 2694
24 1222 44484 0 1777797274 38132
25 1187 44523 0 1777797274 38179
21 1235 39359 0 1777797274 42135
23 1253 55100 0 1777797274 45907
25 1188 10404 0 1777797274 48602
21 1236 12473 0 1777797274 54610
23 1254 9451 0 1777797274 55360
25 1189 6779 0 1777797274 55383
22 1271 68931 0 1777797274 57247
20 1020 69471 0 1777797274 63101
21 1237 8495 0 1777797274 63108
23 1255 8108 0 1777797274 63492
22 1272 8773 0 1777797274 66024
24 1223 27851 0 1777797274 66032
25 1190 10645 0 1777797274 66038
22 1273 1453 0 1777797274 67492
22 1274 1140 0 1777797274 68634
22 1275 855 0 1777797274 69491
21 1238 9859 0 1777797274 72977
20 1021 15799 0 1777797274 78908
21 1239 5983 0 1777797274 78964
22 1276 9477 0 1777797274 78971
23 1256 15482 0 1777797274 78978
24 1224 12937 0 1777797274 78985
25 1191 12935 0 1777797274 78991
20 1022 18118 0 1777797274 97110
21 1240 18116 0 1777797274 97118
22 1277 18126 0 1777797274 97135
23 1257 18125 0 1777797274 97144
24 1225 18124 0 1777797274 97150
25 1192 18121 0 1777797274 97155
24 1226 8949 0 1777797274 106147
21 1241 9242 0 1777797274 106415
23 1258 9276 0 1777797274 106467
22 1278 9440 0 1777797274 106621
20 1023 14002 0 1777797274 111159
22 1279 6026 0 1777797274 112648
23 1259 7978 0 1777797274 114447
22 1280 1932 0 1777797274 114582
22 1281 3466 0 1777797274 118050
22 1282 2262 0 1777797274 120318
22 1283 4042 0 1777797274 124362
20 1024 17851 0 1777797274 129011
22 1284 4714 0 1777797274 129079
24 1227 22934 0 1777797274 129086
21 1242 24908 0 1777797274 131325
23 1260 17805 0 1777797274 132254
22 1285 7433 0 1777797274 136531
25 1193 44307 0 1777797274 141524
20 1025 12908 0 1777797274 141995
24 1228 12901 0 1777797274 142007
22 1286 9272 0 1777797274 145807
24 1229 3801 0 1777797274 145822
21 1243 15119 0 1777797274 146446
20 1026 7510 0 1777797274 149519
25 1194 16018 0 1777797274 157547
22 1287 12444 0 1777797274 158267
22 1288 3572 0 1777797274 161842
22 1289 5322 0 1777797274 167167
22 1290 5220 0 1777797274 172390
24 1230 26567 0 1777797274 172401
25 1195 16947 0 1777797274 174496
22 1291 7831 0 1777797274 180234
25 1196 6000 0 1777797274 180498
20 1027 32198 0 1777797274 181722
25 1197 3486 0 1777797274 183985
22 1292 6040 0 1777797274 186276
25 1198 7680 0 1777797274 191669
21 1244 45764 0 1777797274 192212
23 1261 59957 0 1777797274 192216
22 1293 8530 0 1777797274 194810
23 1262 9064 0 1777797274 201287
22 1294 6639 0 1777797274 201452
21 1245 16993 0 1777797274 209210
22 1295 7805 0 1777797274 209258
24 1231 36853 0 1777797274 209267
25 1199 17602 0 1777797274 209273
23 1263 8014 0 1777797274 209305
20 1028 35533 0 1777797274 217258
22 1296 7997 0 1777797274 217271
25 1200 7988 0 1777797274 217280
21 1246 8627 0 1777797274 217841
23 1264 9948 0 1777797274 219254
24 1232 14826 0 1777797274 224110
23 1265 4899 0 1777797274 224156
22 1297 7203 0 1777797274 224499
25 1201 7200 0 1777797274 224506
21 1247 8575 0 1777797274 226417
23 1266 11015 0 1777797274 235173
23 1267 3789 0 1777797274 238967
24 1233 14853 0 1777797274 238976
23 1268 6405 0 1777797274 245382
24 1234 7475 0 1777797274 246460
23 1269 1340 0 1777797274 246726
24 1235 7044 0 1777797274 253508
20 1029 37757 0 1777797274 255038
23 1270 8321 0 1777797274 255048
24 1236 3249 0 1777797274 256760
20 1030 6903 0 1777797274 261952
23 1271 6906 0 1777797274 261965
22 1298 39189 0 1777797274 263696
23 1272 3128 0 1777797274 265114
20 1031 3747 0 1777797274 265715
20 1032 7974 0 1777797274 273694
21 1248 47287 0 1777797274 273706
23 1273 8600 0 1777797274 273717
24 1237 16976 0 1777797274 273738
22 1299 16440 0 1777797274 280138
20 1033 6423 0 1777797274 280162
24 1238 6452 0 1777797274 280216
25 1202 55708 0 1777797274 280222
23 1274 9889 0 1777797274 283646
21 1249 9984 0 1777797274 283734
22 1300 3600 0 1777797274 283741
20 1034 7294 0 1777797274 287458
22 1301 7163 0 1777797274 291013
24 1239 10796 0 1777797274 291019
21 1250 7795 0 1777797274 291537
23 1275 12772 0 1777797274 296425
25 1203 16299 0 1777797274 296530
22 1302 10440 0 1777797274 301460
24 1240 10442 0 1777797274 301476
21 1251 10935 0 1777797274 302473
20 1035 18919 0 1777797274 306378
25 1204 9856 0 1777797274 306389
23 1276 11186 0 1777797274 307683
24 1241 11302 0 1777797274 312798
21 1252 15350 0 1777797274 317826
22 1303 16376 0 1777797274 317853
25 1205 11393 0 1777797274 317863
20 1036 14258 0 1777797274 320648
23 1277 19945 0 1777797274 327630
24 1242 14848 0 1777797274 327648
22 1304 11085 0 1777797274 328964
25 1206 11093 0 1777797274 328981
21 1253 11503 0 1777797274 329367
24 1243 5019 0 1777797274 332680
20 1037 12272 0 1777797274 332922
22 1305 3965 0 1777797274 332930
23 1278 11552 0 1777797274 339202
25 1207 10235 0 1777797274 339217
21 1254 11523 0 1777797274 340891
20 1038 12593 0 1777797274 345525
22 1306 12680 0 1777797274 345621
24 1244 12948 0 1777797274 345629
25 1208 6381 0 1777797274 345637
21 1255 7690 0 1777797274 348583
23 1279 9372 0 1777797274 348590
24 1245 2770 0 1777797274 348636
25 1209 3633 0 1777797274 349508
20 1039 10044 0 1777797274 355682
21 1256 7100 0 1777797274 355691
22 1307 9853 0 1777797274 355698
23 1280 7096 0 1777797274 355716
24 1246 7133 0 1777797274 355771
25 1210 8460 0 1777797274 357970
20 1040 6429 0 1777797274 362147
21 1257 6415 0 1777797274 362155
23 1281 6405 0 1777797274 362162
24 1247 6396 0 1777797274 362168
22 1308 9741 0 1777797274 365491
25 1211 7527 0 1777797274 365500
20 1041 6461 0 1777797274 368630
21 1258 8433 0 1777797274 370612
23 1282 9825 0 1777797274 372012
24 1248 9834 0 1777797274 372029
21 1259 7919 0 1777797274 378534
22 1309 13039 0 1777797274 378540
23 1283 6513 0 1777797274 378544
24 1249 6505 0 1777797274 378547
25 1212 13038 0 1777797274 378550
20 1042 13409 0 1777797274 382041
23 1284 9835 0 1777797274 388395
24 1250 9841 0 1777797274 388406
21 1260 12654 0 1777797274 391205
22 1310 14168 0 1777797274 392723
25 1213 14161 0 1777797274 392733
20 1043 15543 0 1777797274 397593
22 1311 5688 0 1777797274 398422
21 1261 8125 0 1777797274 399334
24 1251 10932 0 1777797274 399348
25 1214 7187 0 1777797274 399933
23 1285 11914 0 1777797274 400321
21 1262 9357 0 1777797274 408707
22 1312 10320 0 1777797274 408743
23 1286 8427 0 1777797274 408750
24 1252 9390 0 1777797274 408757
25 1215 8829 0 1777797274 408763
25 1216 3032 0 1777797274 411872
21 1263 13749 0 1777797274 422513
22 1313 13724 0 1777797274 422523
23 1287 13719 0 1777797274 422530
24 1253 13716 0 1777797274 422535
20 1044 33525 0 1777797274 431122
25 1217 22139 0 1777797274 434013
24 1254 16651 0 1777797274 439213
23 1288 35464 0 1777797274 458019
25 1218 45712 0 1777797274 479735
21 1264 110341 0 1777797274 532878
22 1314 110341 0 1777797274 532888
24 1255 93680 0 1777797274 532895
23 1289 78344 0 1777797274 536371
22 1315 5105 0 1777797274 538012
20 1045 107210 0 1777797274 538334
21 1265 5490 0 1777797274 538386
25 1219 60790 0 1777797274 540529
22 1316 11292 0 1777797274 549309
23 1290 12945 0 1777797274 549319
20 1046 12146 0 1777797274 550483
21 1266 12108 0 1777797274 550495
24 1256 17583 0 1777797274 550502
20 1047 4267 0 1777797274 554770
25 1220 14259 0 1777797274 554799
22 1317 6343 0 1777797274 555663
23 1291 6394 0 1777797274 555726
21 1267 7363 0 1777797274 557878
24 1257 7632 0 1777797274 558155
20 1048 8256 0 1777797274 563056
22 1318 7394 0 1777797274 563062
23 1292 7337 0 1777797274 563066
20 1049 16843 0 1777797274 579909
21 1268 22033 0 1777797274 579919
25 1221 25109 0 1777797274 579926
22 1319 17459 0 1777797274 580534
25 1222 9912 0 1777797274 589886
24 1258 32597 0 1777797274 590756
22 1320 11538 0 1777797274 592074
20 1050 81044 0 1777797274 660972
21 1269 81018 0 1777797274 660982
22 1321 68905 0 1777797274 660990
24 1259 70240 0 1777797274 660998
25 1223 71117 0 1777797274 661005
23 1293 98072 0 1777797274 661151
20 1051 10447 0 1777797274 671453
22 1322 10415 0 1777797274 671474
23 1294 10329 0 1777797274 671482
24 1260 10358 0 1777797274 671489
25 1224 10367 0 1777797274 671504
21 1270 17231 0 1777797274 678248
20 1052 10788 0 1777797274 682293
22 1323 11056 0 1777797274 682576
25 1225 21116 0 1777797274 692676
20 1053 14041 0 1777797274 696336
21 1271 18518 0 1777797274 696777
22 1324 15410 0 1777797274 697990
23 1295 26464 0 1777797274 698000
24 1261 27324 0 1777797274 698869
20 1054 9148 0 1777797274 705486
25 1226 13726 0 1777797274 706412
23 1296 12973 0 1777797274 710990
24 1262 14065 0 1777797274 712943
20 1055 23544 0 1777797274 729035
21 1272 32331 0 1777797274 729111
22 1325 31131 0 1777797274 729132
23 1297 18145 0 1777797274 729138
24 1263 16198 0 1777797274 729143
25 1227 31450 0 1777797274 737865
20 1056 10759 0 1777797274 739903
21 1273 10757 0 1777797274 739918
22 1326 15984 0 1777797274 745153
23 1298 15996 0 1777797274 745170
24 1264 15998 0 1777797274 745178
25 1228 11628 0 1777797274 749494
24 1265 10701 0 1777797274 755944
21 1274 17920 0 1777797274 757860
22 1327 12737 0 1777797274 757916
23 1299 12726 0 1777797274 757923
25 1229 8467 0 1777797274 757963
20 1057 24837 0 1777797274 764757
24 1266 9669 0 1777797274 765614
22 1328 13693 0 1777797274 771631
21 1275 16829 0 1777797274 774754
24 1267 10287 0 1777797274 775911
20 1058 13907 0 1777797274 779522
25 1230 24380 0 1777797274 782345
21 1276 18649 0 1777797274 793405
22 1329 21782 0 1777797274 793414
23 1300 37496 0 1777797274 795443
24 1268 19535 0 1777797274 795447
20 1059 20539 0 1777797274 800062
25 1231 23965 0 1777797274 806312
23 1301 12214 0 1777797274 807661
21 1277 15231 0 1777797274 808646
22 1330 15241 0 1777797274 808667
24 1269 13230 0 1777797274 808683
21 1278 3913 0 1777797274 812598
21 1279 2500 0 1777797274 815100
21 1280 897 0 1777797274 816000
21 1281 6916 0 1777797274 822919
20 1060 25427 0 1777797274 825490
24 1270 19242 0 1777797274 827979
24 1271 1045 0 1777797274 829026
23 1302 21930 0 1777797274 829593
24 1272 923 0 1777797274 829951
20 1061 12465 0 1777797274 837957
24 1273 8641 0 1777797274 838594
20 1062 10183 0 1777797274 848142
23 1303 18557 0 1777797274 848152
24 1274 9580 0 1777797274 848177
21 1282 33224 0 1777797274 856147
24 1275 8914 0 1777797274 857153
20 1063 9838 0 1777797274 858017
21 1283 6109 0 1777797274 862258
23 1304 15053 0 1777797274 863272
24 1276 7520 0 1777797274 864675
20 1064 9939 0 1777797274 867959
21 1284 5715 0 1777797274 867975
23 1305 4708 0 1777797274 867984
21 1285 4833 0 1777797274 872832
20 1065 7841 0 1777797274 875827
21 1286 5166 0 1777797274 878000
24 1277 13327 0 1777797274 878007
23 1306 11491 0 1777797274 879497
21 1287 1909 0 1777797274 879917
25 1232 82006 0 1777797274 888321
23 1307 9222 0 1777797274 888721
21 1288 14762 0 1777797274 894681
22 1331 90015 0 1777797274 898710
22 1332 7633 0 1777797274 906348
24 1278 28336 0 1777797274 906353
20 1066 36910 0 1777797274 912744
21 1289 18069 0 1777797274 912752
23 1308 24037 0 1777797274 912760
22 1333 11960 0 1777797274 918314
24 1279 11964 0 1777797274 918324
25 1233 30430 0 1777797274 918753
21 1290 10594 0 1777797274 923364
23 1309 10605 0 1777797274 923384
21 1291 5960 0 1777797274 929346
25 1234 10588 0 1777797274 929353
24 1280 11929 0 1777797274 930690
20 1067 27807 0 1777797274 940568
21 1292 11222 0 1777797274 940576
22 1334 21830 0 1777797274 940584
23 1310 17197 0 1777797274 940591
24 1281 9906 0 1777797274 940598
25 1235 11238 0 1777797274 940609
23 1311 23949 0 1777797274 964583
22 1335 24607 0 1777797274 965234
24 1282 24601 0 1777797274 965242
25 1236 24599 0 1777797274 965248
21 1293 25460 0 1777797274 966080
21 1294 9026 0 1777797274 975109
25 1237 10016 0 1777797274 975288
24 1283 10068 0 1777797274 975332
20 1068 35411 0 1777797274 976021
22 1336 10798 0 1777797274 976047
24 1284 7256 0 1777797274 982590
25 1238 7306 0 1777797274 982597
23 1312 18035 0 1777797274 982621
21 1295 7542 0 1777797274 982652
22 1337 13996 0 1777797274 990057
20 1069 14421 0 1777797274 990469
23 1313 8173 0 1777797274 990795
24 1285 8217 0 1777797274 990815
25 1239 8987 0 1777797274 991592
20 1070 7599 0 1777797274 998069
23 1314 7261 0 1777797274 998077
24 1286 7256 0 1777797274 998082
22 1338 8798 0 1777797274 998857
25 1240 7652 0 1777797274 999246
21 1296 17434 0 1777797275 87
24 1287 4810 0 1777797275 2910
20 1071 12175 0 1777797275 10259
21 1297 10176 0 1777797275 10270
22 1339 11416 0 1777797275 10276
25 1241 11036 0 1777797275 10284
24 1288 7460 0 1777797275 10376
22 1340 7058 0 1777797275 17378
20 1072 10544 0 1777797275 20828
21 1298 10527 0 1777797275 20836
23 1315 22748 0 1777797275 20840
24 1289 10467 0 1777797275 20844
25 1242 14572 0 1777797275 24900
21 1299 4389 0 1777797275 25240
22 1341 7865 0 1777797275 25250
22 1342 3900 0 1777797275 29166
23 1316 8314 0 1777797275 29175
24 1290 8315 0 1777797275 29182
25 1243 4302 0 1777797275 29207
22 1343 3613 0 1777797275 32821
24 1291 9759 0 1777797275 38984
25 1244 9749 0 1777797275 38992
21 1300 14423 0 1777797275 39674
20 1073 21468 0 1777797275 42313
24 1292 9520 0 1777797275 48513
25 1245 11267 0 1777797275 50268
24 1293 6008 0 1777797275 54523
20 1074 15495 0 1777797275 57811
25 1246 7515 0 1777797275 57818
24 1294 3640 0 1777797275 58165
25 1247 4430 0 1777797275 62257
22 1344 33498 0 1777797275 66321
25 1248 4079 0 1777797275 66338
25 1249 2278 0 1777797275 68634
22 1345 7604 0 1777797275 73943
20 1075 16305 0 1777797275 74124
20 1076 5024 0 1777797275 79150
25 1250 11949 0 1777797275 80593
22 1346 6922 0 1777797275 80870
22 1347 2916 0 1777797275 83787
20 1077 8186 0 1777797275 87339
21 1301 47669 0 1777797275 87347
23 1317 58134 0 1777797275 87353
25 1251 6763 0 1777797275 87358
22 1348 4400 0 1777797275 88189
21 1302 2743 0 1777797275 90111
23 1318 4378 0 1777797275 91752
25 1252 5290 0 1777797275 92679
21 1303 6066 0 1777797275 96181
25 1253 3793 0 1777797275 96474
23 1319 5068 0 1777797275 96822
22 1349 9192 0 1777797275 97383
20 1078 11441 0 1777797275 98800
22 1350 2359 0 1777797275 99744
25 1254 5671 0 1777797275 102149
25 1255 2999 0 1777797275 105150
20 1079 6515 0 1777797275 105318
25 1256 4795 0 1777797275 109948
23 1320 13705 0 1777797275 110529
22 1351 11237 0 1777797275 110985
21 1304 15168 0 1777797275 111354
21 1305 5090 0 1777797275 116448
25 1257 6725 0 1777797275 116675
22 1352 16171 0 1777797275 127159
23 1321 16670 0 1777797275 127201
20 1080 22611 0 1777797275 127932
21 1306 11599 0 1777797275 128049
25 1258 11385 0 1777797275 128063
24 1295 71522 0 1777797275 129689
25 1259 6630 0 1777797275 134702
23 1322 10929 0 1777797275 138141
22 1353 19281 0 1777797275 146484
25 1260 11781 0 1777797275 146491
24 1296 18121 0 1777797275 147812
21 1307 20167 0 1777797275 148231
20 1081 32081 0 1777797275 160045
22 1354 13561 0 1777797275 160053
25 1261 13536 0 1777797275 160058
24 1297 12277 0 1777797275 160091
21 1308 12447 0 1777797275 160681
23 1323 22540 0 1777797275 160687
25 1262 5577 0 1777797275 165654
20 1082 10408 0 1777797275 170467
22 1355 10418 0 1777797275 170489
21 1309 13874 0 1777797275 174562
23 1324 13868 0 1777797275 174575
24 1298 14505 0 1777797275 174596
20 1083 7710 0 1777797275 178201
22 1356 7687 0 1777797275 178211
25 1263 12564 0 1777797275 178220
23 1325 14151 0 1777797275 188770
24 1299 14152 0 1777797275 188779
25 1264 10543 0 1777797275 188855
20 1084 16345 0 1777797275 194566
21 1310 19980 0 1777797275 194578
22 1357 16288 0 1777797275 194583
23 1326 11218 0 1777797275 200074
24 1300 11131 0 1777797275 200096
25 1265 11239 0 1777797275 200227
20 1085 12163 0 1777797275 206747
21 1311 12107 0 1777797275 206756
22 1358 12106 0 1777797275 206762
23 1327 16096 0 1777797275 216324
25 1266 18505 0 1777797275 218775
20 1086 14774 0 1777797275 221538
21 1312 14775 0 1777797275 221550
22 1359 14773 0 1777797275 221557
20 1087 18195 0 1777797275 239754
21 1313 18192 0 1777797275 239766
22 1360 18188 0 1777797275 239771
23 1328 23450 0 1777797275 239776
24 1301 39521 0 1777797275 239780
25 1267 21008 0 1777797275 239785
20 1088 12349 0 1777797275 252135
21 1314 12345 0 1777797275 252140
23 1329 12341 0 1777797275 252145
24 1302 12340 0 1777797275 252149
25 1268 12341 0 1777797275 252154
22 1361 14627 0 1777797275 254427
20 1089 13616 0 1777797275 265771
21 1315 13622 0 1777797275 265783
22 1362 11358 0 1777797275 265789
24 1303 13621 0 1777797275 265795
23 1330 14537 0 1777797275 266704
25 1269 17319 0 1777797275 269498
21 1316 8802 0 1777797275 274645
22 1363 8786 0 1777797275 274649
23 1331 8832 0 1777797275 275542
24 1304 9702 0 1777797275 275574
25 1270 7146 0 1777797275 276655
20 1090 14157 0 1777797275 279954
24 1305 14372 0 1777797275 289966
21 1317 22278 0 1777797275 296927
24 1306 6968 0 1777797275 296936
25 1271 20286 0 1777797275 296943
22 1364 22338 0 1777797275 296993
23 1332 24430 0 1777797275 300006
20 1091 29810 0 1777797275 309770
22 1365 17078 0 1777797275 314072
25 1272 17107 0 1777797275 314083
21 1318 17404 0 1777797275 314348
24 1307 20416 0 1777797275 317372
20 1092 19325 0 1777797275 329098
21 1319 14764 0 1777797275 329114
22 1366 15044 0 1777797275 329128
23 1333 29129 0 1777797275 329138
25 1273 15051 0 1777797275 329148
21 1320 9214 0 1777797275 338391
22 1367 9225 0 1777797275 338415
21 1321 5715 0 1777797275 344199
22 1368 6769 0 1777797275 345267
20 1093 18394 0 1777797275 347543
23 1334 18353 0 1777797275 347554
24 1308 30184 0 1777797275 347561
25 1274 18359 0 1777797275 347568
21 1322 9971 0 1777797275 354174
22 1369 12339 0 1777797275 357610
23 1335 14361 0 1777797275 361942
21 1323 16351 0 1777797275 370527
22 1370 12920 0 1777797275 370537
20 1094 41339 0 1777797275 388907
21 1324 18381 0 1777797275 388920
22 1371 18393 0 1777797275 388942
23 1336 27004 0 1777797275 388950
25 1275 41399 0 1777797275 388995
25 1276 16759 0 1777797275 405919
21 1325 19737 0 1777797275 408761
24 1309 69369 0 1777797275 416959
20 1095 29857 0 1777797275 418856
24 1310 11262 0 1777797275 428223
20 1096 15188 0 1777797275 434055
24 1311 7879 0 1777797275 436104
24 1312 5290 0 1777797275 441400
23 1337 53716 0 1777797275 442869
20 1097 10594 0 1777797275 444651
22 1372 58583 0 1777797275 447618
22 1373 3802 0 1777797275 451423
23 1338 8580 0 1777797275 451455
20 1098 10252 0 1777797275 454906
20 1099 4590 0 1777797275 459513
20 1100 4427 0 1777797275 463943
23 1339 12473 0 1777797275 463951
23 1340 1878 0 1777797275 465839
23 1341 7386 0 1777797275 473233
20 1101 10923 0 1777797275 474875
23 1342 4704 0 1777797275 477945
23 1343 4396 0 1777797275 482352
20 1102 9351 0 1777797275 484228
23 1344 4283 0 1777797275 486642
20 1103 13532 0 1777797275 497766
23 1345 11264 0 1777797275 497908
22 1374 53910 0 1777797275 505366
21 1326 101686 0 1777797275 510455
24 1313 71749 0 1777797275 513155
25 1277 108520 0 1777797275 514452
23 1346 27183 0 1777797275 525113
21 1327 17948 0 1777797275 528408
24 1314 15295 0 1777797275 528451
20 1104 33908 0 1777797275 531818
25 1278 21652 0 1777797275 536106
21 1328 14782 0 1777797275 543235
22 1375 37878 0 1777797275 543247
24 1315 28841 0 1777797275 557307
25 1279 21197 0 1777797275 557314
24 1316 9183 0 1777797275 566499
23 1347 49379 0 1777797275 574501
20 1105 47622 0 1777797275 579445
21 1329 36204 0 1777797275 579454
22 1376 36206 0 1777797275 579469
24 1317 14343 0 1777797275 580846
23 1348 8798 0 1777797275 583301
20 1106 11671 0 1777797275 591142
23 1349 7846 0 1777797275 591149
24 1318 10303 0 1777797275 591157
20 1107 24566 0 1777797275 615723
24 1319 24518 0 1777797275 615729
20 1108 8950 0 1777797275 624681
21 1330 65406 0 1777797275 644893
22 1377 65401 0 1777797275 644899
25 1280 87581 0 1777797275 644905
20 1109 31760 0 1777797275 656453
20 1110 47803 0 1777797275 704259
21 1331 59359 0 1777797275 704264
22 1378 59358 0 1777797275 704270
24 1320 90373 0 1777797275 706109
25 1281 61212 0 1777797275 706127
23 1350 117973 0 1777797275 709160
25 1282 19821 0 1777797275 725960
23 1351 21539 0 1777797275 730708
24 1321 24594 0 1777797275 730723
22 1379 27060 0 1777797275 731344
21 1332 27466 0 1777797275 731745
22 1380 10813 0 1777797275 742158
24 1322 11412 0 1777797275 742168
24 1323 6365 0 1777797275 748646
22 1381 11811 0 1777797275 753980
20 1111 54774 0 1777797275 759045
25 1283 35300 0 1777797275 761261
20 1112 51811 0 1777797275 810861
21 1333 79130 0 1777797275 810878
22 1382 56893 0 1777797275 810885
23 1352 80169 0 1777797275 810893
21 1334 10626 0 1777797275 822621
22 1383 10623 0 1777797275 822628
23 1353 14719 0 1777797275 826730
24 1324 78098 0 1777797275 826746
25 1284 65484 0 1777797275 826753
20 1113 16714 0 1777797275 827608
21 1335 13319 0 1777797275 835950
22 1384 13312 0 1777797275 835959
23 1354 9211 0 1777797275 835965
20 1114 8529 0 1777797275 836141
24 1325 12652 0 1777797275 839419
25 1285 12651 0 1777797275 839425
20 1115 8936 0 1777797275 845079
23 1355 21361 0 1777797275 857461
25 1286 18080 0 1777797275 857513
20 1116 18399 0 1777797275 863480
21 1336 27534 0 1777797275 863500
22 1385 27531 0 1777797275 863507
24 1326 24090 0 1777797275 863515
23 1356 23044 0 1777797275 880518
25 1287 23011 0 1777797275 880526
20 1117 22884 0 1777797275 886400
21 1337 22873 0 1777797275 886411
22 1386 22870 0 1777797275 886416
24 1327 22275 0 1777797275 886421
20 1118 29535 0 1777797275 915957
21 1338 47907 0 1777797275 934341
23 1357 53829 0 1777797275 934356
24 1328 47997 0 1777797275 934443
25 1288 53918 0 1777797275 934454
20 1119 33791 0 1777797275 949750
22 1387 63326 0 1777797275 949765
21 1339 20377 0 1777797275 954833
23 1358 20299 0 1777797275 954852
24 1329 23971 0 1777797275 958610
25 1289 26802 0 1777797275 961452
20 1120 15076 0 1777797275 964843
20 1121 10014 0 1777797275 974866
25 1290 14886 0 1777797275 976341
20 1122 6698 0 1777797275 981569
21 1340 35498 0 1777797275 990352
22 1388 40552 0 1777797275 990357
23 1359 35482 0 1777797275 990361
25 1291 20714 0 1777797275 997058
24 1330 39276 0 1777797275 997893
21 1341 17988 0 1777797276 8351
22 1389 17992 0 1777797276 8360
23 1360 18022 0 1777797276 8396
25 1292 11343 0 1777797276 8404
20 1123 33963 0 1777797276 15535
23 1361 29976 0 1777797276 38425
24 1331 46252 0 1777797276 44150
21 1342 40005 0 1777797276 48411
22 1390 39986 0 1777797276 48425
25 1293 40232 0 1777797276 48695
23 1362 13206 0 1777797276 51634
20 1124 42914 0 1777797276 58451
24 1332 19955 0 1777797276 64107
23 1363 12812 0 1777797276 64449
22 1391 16977 0 1777797276 65416
21 1343 21945 0 1777797276 70371
24 1333 6283 0 1777797276 70392
25 1294 21703 0 1777797276 70400
22 1392 8139 0 1777797276 73557
23 1364 12533 0 1777797276 76984
21 1344 16580 0 1777797276 86981
23 1365 10015 0 1777797276 87002
25 1295 16610 0 1777797276 87043
24 1334 16708 0 1777797276 87131
20 1125 31382 0 1777797276 89846
22 1393 16293 0 1777797276 89859
22 1394 2661 0 1777797276 92535
24 1335 12848 0 1777797276 99982
21 1345 13264 0 1777797276 100309
23 1366 16870 0 1777797276 103938
22 1395 12969 0 1777797276 105511
21 1346 7226 0 1777797276 107537
25 1296 22403 0 1777797276 109515
20 1126 21909 0 1777797276 111769
22 1396 11843 0 1777797276 117364
24 1336 17388 0 1777797276 117373
21 1347 16557 0 1777797276 124098
23 1367 20179 0 1777797276 124119
25 1297 17128 0 1777797276 126647
21 1348 16510 0 1777797276 140631
23 1368 16359 0 1777797276 140639
25 1298 13990 0 1777797276 140647
22 1397 24783 0 1777797276 142157
20 1127 36841 0 1777797276 148613
25 1299 7958 0 1777797276 148623
22 1398 7518 0 1777797276 149684
21 1349 24325 0 1777797276 164972
24 1337 47578 0 1777797276 164985
20 1128 19078 0 1777797276 167701
22 1399 22148 0 1777797276 171835
25 1300 33544 0 1777797276 182178
20 1129 15258 0 1777797276 182972
21 1350 17995 0 1777797276 182981
24 1338 282746 0 1777797276 447742
25 1301 265571 0 1777797276 447761
22 1400 279865 0 1777797276 451705
23 1369 337710 0 1777797276 478367
22 1401 57765 0 1777797276 509472
25 1302 61702 0 1777797276 509485
21 1351 327713 0 1777797276 510708
20 1130 328391 0 1777797276 511374
20 1131 13874 0 1777797276 525252
21 1352 14554 0 1777797276 525265
23 1370 46904 0 1777797276 525274
25 1303 15780 0 1777797276 525283
23 1371 6284 0 1777797276 531594
22 1402 23184 0 1777797276 532671
22 1403 7746 0 1777797276 540421
23 1372 9440 0 1777797276 541044
22 1404 5742 0 1777797276 546166
23 1373 6359 0 1777797276 547405
22 1405 9271 0 1777797276 555445
23 1374 8045 0 1777797276 555452
25 1304 32747 0 1777797276 558067
25 1305 10246 0 1777797276 568316
25 1306 2281 0 1777797276 570599
25 1307 3865 0 1777797276 574466
22 1406 20503 0 1777797276 575957
21 1353 55487 0 1777797276 580786
25 1308 6651 0 1777797276 581121
20 1132 57938 0 1777797276 583222
21 1354 4629 0 1777797276 585417
25 1309 4856 0 1777797276 585979
20 1133 10275 0 1777797276 593509
23 1375 38093 0 1777797276 593558
25 1310 7594 0 1777797276 593576
21 1355 8327 0 1777797276 593746
22 1407 17969 0 1777797276 593932
24 1339 146961 0 1777797276 594722
21 1356 12188 0 1777797276 605935
22 1408 12009 0 1777797276 605942
23 1376 12369 0 1777797276 605947
24 1340 11218 0 1777797276 605953
25 1311 20094 0 1777797276 613687
21 1357 8259 0 1777797276 614213
22 1409 8273 0 1777797276 614234
20 1134 22281 0 1777797276 615800
23 1377 17309 0 1777797276 623276
21 1358 9637 0 1777797276 623872
22 1410 9913 0 1777797276 624158
20 1135 10631 0 1777797276 626433
22 1411 10136 0 1777797276 634297
25 1312 23469 0 1777797276 637157
22 1412 7388 0 1777797276 641688
23 1378 18576 0 1777797276 641861
21 1359 21772 0 1777797276 645647
22 1413 9266 0 1777797276 650957
23 1379 8833 0 1777797276 650964
25 1313 13810 0 1777797276 650969
24 1341 45032 0 1777797276 651006
20 1136 39975 0 1777797276 666411
21 1360 20769 0 1777797276 666419
22 1414 15506 0 1777797276 666476
23 1380 15502 0 1777797276 666482
24 1342 15478 0 1777797276 666485
25 1314 15502 0 1777797276 666489
20 1137 4746 0 1777797276 671235
24 1343 7253 0 1777797276 673764
22 1415 7285 0 1777797276 673785
24 1344 1776 0 1777797276 675542
24 1345 3842 0 1777797276 679386
20 1138 11227 0 1777797276 682463
20 1139 7188 0 1777797276 689654
22 1416 15884 0 1777797276 689670
25 1315 24859 0 1777797276 691374
21 1361 29020 0 1777797276 695516
20 1140 5916 0 1777797276 695588
21 1362 7724 0 1777797276 703245
25 1316 12124 0 1777797276 703502
24 1346 34325 0 1777797276 713713
22 1417 25028 0 1777797276 714712
25 1317 11837 0 1777797276 715340
25 1318 4372 0 1777797276 719716
22 1418 5622 0 1777797276 720336
21 1363 18915 0 1777797276 722162
22 1419 3021 0 1777797276 723359
21 1364 7792 0 1777797276 729959
20 1141 38110 0 1777797276 733701
25 1319 14003 0 1777797276 733721
24 1347 20414 0 1777797276 734130
21 1365 5358 0 1777797276 735322
22 1420 14479 0 1777797276 737840
21 1366 5610 0 1777797276 740936
25 1320 8589 0 1777797276 742312
23 1381 78146 0 1777797276 744652
24 1348 10527 0 1777797276 744660
20 1142 12783 0 1777797276 746486
23 1382 5116 0 1777797276 749776
22 1421 14135 0 1777797276 751977
24 1349 7333 0 1777797276 752006
25 1321 10241 0 1777797276 752555
21 1367 11893 0 1777797276 752831
21 1368 5968 0 1777797276 758801
22 1422 9059 0 1777797276 761066
25 1322 18042 0 1777797276 770600
24 1350 20904 0 1777797276 772938
23 1383 23982 0 1777797276 773760
20 1143 32242 0 1777797276 778731
23 1384 4975 0 1777797276 778737
24 1351 5804 0 1777797276 778743
21 1369 23114 0 1777797276 781920
25 1323 11321 0 1777797276 781926
22 1423 24513 0 1777797276 785582
23 1385 7996 0 1777797276 786751
24 1352 8144 0 1777797276 786906
20 1144 13089 0 1777797276 791833
22 1424 6250 0 1777797276 791840
24 1353 4942 0 1777797276 791866
25 1324 9951 0 1777797276 791887
21 1370 11321 0 1777797276 793248
23 1386 6356 0 1777797276 793264
22 1425 6057 0 1777797276 797956
24 1354 6059 0 1777797276 797965
25 1325 6060 0 1777797276 797972
20 1145 9536 0 1777797276 801424
21 1371 8175 0 1777797276 801441
23 1387 9755 0 1777797276 803041
22 1426 12217 0 1777797276 810190
25 1326 12200 0 1777797276 810199
21 1372 13525 0 1777797276 814977
23 1388 11938 0 1777797276 814994
24 1355 17013 0 1777797276 815001
22 1427 7373 0 1777797276 817573
20 1146 21259 0 1777797276 822701
21 1373 7989 0 1777797276 822991
25 1327 12794 0 1777797276 823003
23 1389 8029 0 1777797276 823051
24 1356 8026 0 1777797276 823057
22 1428 13503 0 1777797276 831078
25 1328 8057 0 1777797276 831089
21 1374 20435 0 1777797276 843457
22 1429 12375 0 1777797276 843465
23 1390 20414 0 1777797276 843472
24 1357 20412 0 1777797276 843478
25 1329 16045 0 1777797276 847150
20 1147 32907 0 1777797276 855911
21 1375 12437 0 1777797276 855916
25 1330 9487 0 1777797276 856639
22 1430 15587 0 1777797276 859077
20 1148 10823 0 1777797276 866740
21 1376 10826 0 1777797276 866751
23 1391 23262 0 1777797276 866759
24 1358 23259 0 1777797276 866765
22 1431 9692 0 1777797276 868770
25 1331 15833 0 1777797276 872479
20 1149 10263 0 1777797276 877029
21 1377 8295 0 1777797276 877037
22 1432 14119 0 1777797276 882890
23 1392 14149 0 1777797276 882900
24 1359 14146 0 1777797276 882904
25 1332 10426 0 1777797276 882908
21 1378 11148 0 1777797276 888196
22 1433 13926 0 1777797276 896835
24 1360 13920 0 1777797276 896843
25 1333 13958 0 1777797276 896886
21 1379 9611 0 1777797276 897813
23 1393 14907 0 1777797276 897825
25 1334 6160 0 1777797276 903085
20 1150 29328 0 1777797276 906366
22 1434 9951 0 1777797276 906840
21 1380 50415 0 1777797276 948241
22 1435 41404 0 1777797276 948248
23 1394 50414 0 1777797276 948254
24 1361 51359 0 1777797276 948262
25 1335 45181 0 1777797276 948268
25 1336 6893 0 1777797276 955191
20 1151 49178 0 1777797276 955547
23 1395 7367 0 1777797276 955652
22 1436 10036 0 1777797276 958313
21 1381 16113 0 1777797276 964382
22 1437 6074 0 1777797276 964390
23 1396 8715 0 1777797276 964396
24 1362 16111 0 1777797276 964402
23 1397 9185 0 1777797276 973614
22 1438 9929 0 1777797276 974346
24 1363 9923 0 1777797276 974360
21 1382 10707 0 1777797276 975110
20 1152 26291 0 1777797276 981944
23 1398 8333 0 1777797276 981952
25 1337 29289 0 1777797276 984482
22 1439 13312 0 1777797276 987673
21 1383 14548 0 1777797276 989664
24 1364 15296 0 1777797276 989676
23 1399 9617 0 1777797276 991581
22 1440 5362 0 1777797276 993047
25 1338 9793 0 1777797276 994283
25 1339 8681 0 1777797277 2967
21 1384 15084 0 1777797277 4762
22 1441 11719 0 1777797277 4771
23 1400 13192 0 1777797277 4777
24 1365 15088 0 1777797277 4786
20 1153 23593 0 1777797277 5547
24 1366 2221 0 1777797277 7035
22 1442 8028 0 1777797277 12827
24 1367 5811 0 1777797277 12849
23 1401 8950 0 1777797277 13757
21 1385 9260 0 1777797277 14047
22 1443 5269 0 1777797277 18119
23 1402 4366 0 1777797277 18127
25 1340 15164 0 1777797277 18135
20 1154 14939 0 1777797277 20490
21 1386 6452 0 1777797277 20500
24 1368 7626 0 1777797277 20507
22 1444 7103 0 1777797277 25238
23 1403 7094 0 1777797277 25247
25 1341 7103 0 1777797277 25264
20 1155 8704 0 1777797277 29212
24 1369 8678 0 1777797277 29221
21 1387 11688 0 1777797277 32204
22 1445 6949 0 1777797277 32214
23 1404 6942 0 1777797277 32220
25 1342 6860 0 1777797277 32226
20 1156 7051 0 1777797277 36273
24 1370 7058 0 1777797277 36291
21 1388 6520 0 1777797277 38747
23 1405 6532 0 1777797277 38780
22 1446 9652 0 1777797277 41892
25 1343 9740 0 1777797277 41996
24 1371 7125 0 1777797277 43429
20 1157 13506 0 1777797277 49799
21 1389 14141 0 1777797277 52922
22 1447 10930 0 1777797277 52928
23 1406 14133 0 1777797277 52936
24 1372 9520 0 1777797277 52950
20 1158 5140 0 1777797277 54950
25 1344 19713 0 1777797277 61739
20 1159 8112 0 1777797277 63065
22 1448 10102 0 1777797277 63073
24 1373 10091 0 1777797277 63079
21 1390 10559 0 1777797277 63510
23 1407 10537 0 1777797277 63518
20 1160 13362 0 1777797277 76442
21 1391 12941 0 1777797277 76460
23 1408 12937 0 1777797277 76465
25 1345 14722 0 1777797277 76470
22 1449 14633 0 1777797277 77723
24 1374 14638 0 1777797277 77735
20 1161 16236 0 1777797277 92706
21 1392 16229 0 1777797277 92710
22 1450 14977 0 1777797277 92713
23 1409 16230 0 1777797277 92717
25 1346 16228 0 1777797277 92720
24 1375 16941 0 1777797277 94710
20 1162 10557 0 1777797277 103277
22 1451 10562 0 1777797277 103290
21 1393 11426 0 1777797277 104151
23 1410 11425 0 1777797277 104158
25 1347 11429 0 1777797277 104165
20 1163 8224 0 1777797277 111516
21 1394 7359 0 1777797277 111525
22 1452 7970 0 1777797277 111531
23 1411 7351 0 1777797277 111539
24 1376 16832 0 1777797277 111545
25 1348 7332 0 1777797277 111550
20 1164 4269 0 1777797277 115820
22 1453 4232 0 1777797277 115836
24 1377 4183 0 1777797277 115843
25 1349 4129 0 1777797277 115849
21 1395 8946 0 1777797277 120542
23 1412 16405 0 1777797277 128015
25 1350 12141 0 1777797277 128025
20 1165 13363 0 1777797277 129213
21 1396 8675 0 1777797277 129219
22 1454 13354 0 1777797277 129222
24 1378 13350 0 1777797277 129226
25 1351 9429 0 1777797277 138617
22 1455 10006 0 1777797277 139244
21 1397 10761 0 1777797277 139994
23 1413 11984 0 1777797277 140010
20 1166 11419 0 1777797277 140645
24 1379 11411 0 1777797277 140655
20 1167 6281 0 1777797277 146936
24 1380 6283 0 1777797277 146946
22 1456 8249 0 1777797277 147494
25 1352 9207 0 1777797277 147826
20 1168 6614 0 1777797277 153561
21 1398 13556 0 1777797277 153567
23 1414 13549 0 1777797277 153572
24 1381 6945 0 1777797277 153918
21 1399 3834 0 1777797277 157414
20 1169 4719 0 1777797277 158293
22 1457 14561 0 1777797277 162056
23 1415 8478 0 1777797277 162062
21 1400 8653 0 1777797277 166069
25 1353 18251 0 1777797277 166078
23 1416 4337 0 1777797277 166423
20 1170 12487 0 1777797277 170782
22 1458 8727 0 1777797277 170790
24 1382 16872 0 1777797277 170795
25 1354 6335 0 1777797277 172425
21 1401 10218 0 1777797277 176297
23 1417 9963 0 1777797277 176387
22 1459 6663 0 1777797277 177520
24 1383 6661 0 1777797277 177529
21 1402 3528 0 1777797277 179917
24 1384 2689 0 1777797277 180246
21 1403 1457 0 1777797277 181376
23 1418 6621 0 1777797277 183018
20 1171 13759 0 1777797277 184556
24 1385 4330 0 1777797277 184578
25 1355 14626 0 1777797277 187053
21 1404 7174 0 1777797277 188552
23 1419 8103 0 1777797277 191125
24 1386 6933 0 1777797277 191645
23 1420 5900 0 1777797277 197027
25 1356 9997 0 1777797277 197056
21 1405 8840 0 1777797277 197395
20 1172 15562 0 1777797277 200142
24 1387 8764 0 1777797277 200411
21 1406 3735 0 1777797277 201132
23 1421 5856 0 1777797277 202915
25 1357 7241 0 1777797277 204528
21 1407 4797 0 1777797277 205935
23 1422 3633 0 1777797277 206555
20 1173 12616 0 1777797277 212761
21 1408 6825 0 1777797277 212768
24 1388 12354 0 1777797277 212777
25 1358 8232 0 1777797277 212783
23 1423 7864 0 1777797277 214423
21 1409 11670 0 1777797277 224475
23 1424 10078 0 1777797277 224503
22 1460 49301 0 1777797277 226831
25 1359 17093 0 1777797277 229988
22 1461 4078 0 1777797277 230911
23 1425 7937 0 1777797277 232448
24 1389 20084 0 1777797277 232908
21 1410 11383 0 1777797277 235887
22 1462 10447 0 1777797277 241359
20 1174 47319 0 1777797277 260114
21 1411 41001 0 1777797277 276893
24 1390 47178 0 1777797277 280100
22 1463 39752 0 1777797277 281114
25 1360 52441 0 1777797277 282452
22 1464 2647 0 1777797277 283763
24 1391 4119 0 1777797277 284222
24 1392 4640 0 1777797277 288865
23 1426 58863 0 1777797277 291313
21 1412 21708 0 1777797277 298603
20 1175 39664 0 1777797277 299804
23 1427 8386 0 1777797277 299812
22 1465 18658 0 1777797277 302423
25 1361 20437 0 1777797277 302891
24 1393 14629 0 1777797277 303503
21 1413 13450 0 1777797277 312056
23 1428 12240 0 1777797277 312063
24 1394 8574 0 1777797277 312078
20 1176 14326 0 1777797277 314140
22 1466 11738 0 1777797277 314164
25 1362 11280 0 1777797277 314172
21 1414 4671 0 1777797277 316751
23 1429 4637 0 1777797277 316757
25 1363 4551 0 1777797277 318758
24 1395 7910 0 1777797277 320037
20 1177 8197 0 1777797277 322371
25 1364 5181 0 1777797277 323943
21 1415 11527 0 1777797277 328286
23 1430 11533 0 1777797277 328300
24 1396 11099 0 1777797277 331138
21 1416 2875 0 1777797277 331177
23 1431 5933 0 1777797277 334252
20 1178 13544 0 1777797277 335917
21 1417 4999 0 1777797277 336177
23 1432 5178 0 1777797277 339437
21 1418 4033 0 1777797277 340212
20 1179 9645 0 1777797277 345564
25 1365 21642 0 1777797277 345587
21 1419 6724 0 1777797277 346939
20 1180 5703 0 1777797277 351291
21 1420 4359 0 1777797277 351299
20 1181 4129 0 1777797277 355429
21 1421 4129 0 1777797277 355439
23 1433 16006 0 1777797277 355448
25 1366 12505 0 1777797277 358104
21 1422 8961 0 1777797277 364426
23 1434 8969 0 1777797277 364441
20 1182 10927 0 1777797277 366377
24 1397 35243 0 1777797277 366384
21 1423 3241 0 1777797277 367683
23 1435 4535 0 1777797277 369001
20 1183 5726 0 1777797277 372111
21 1424 7418 0 1777797277 375103
22 1467 60913 0 1777797277 375110
23 1436 9737 0 1777797277 378740
20 1184 8459 0 1777797277 380573
21 1425 5470 0 1777797277 380582
23 1437 3135 0 1777797277 381876
20 1185 5849 0 1777797277 386433
25 1367 28338 0 1777797277 386449
22 1468 14233 0 1777797277 389353
20 1186 4316 0 1777797277 390766
24 1398 25750 0 1777797277 392143
24 1399 3906 0 1777797277 396051
20 1187 10671 0 1777797277 401439
22 1469 12100 0 1777797277 401456
24 1400 5405 0 1777797277 401462
25 1368 15822 0 1777797277 402286
25 1369 2708 0 1777797277 404999
22 1470 4767 0 1777797277 406247
24 1401 6529 0 1777797277 408018
21 1426 32893 0 1777797277 413488
20 1188 12277 0 1777797277 413740
22 1471 7496 0 1777797277 413746
23 1438 31873 0 1777797277 413752
25 1370 8757 0 1777797277 413758
25 1371 4939 0 1777797277 418878
20 1189 7967 0 1777797277 421725
22 1472 8899 0 1777797277 422824
20 1190 7378 0 1777797277 429106
21 1427 15623 0 1777797277 429114
22 1473 6312 0 1777797277 429138
24 1402 24922 0 1777797277 432947
25 1372 14090 0 1777797277 432969
20 1191 9189 0 1777797277 438329
21 1428 9186 0 1777797277 438337
22 1474 9238 0 1777797277 438399
25 1373 5432 0 1777797277 438414
20 1192 13860 0 1777797277 452275
21 1429 13845 0 1777797277 452284
20 1193 2082 0 1777797277 454367
20 1194 1309 0 1777797277 455680
23 1439 42770 0 1777797277 456703
20 1195 2830 0 1777797277 458513
23 1440 3389 0 1777797277 460095
22 1475 22207 0 1777797277 460658
20 1196 4816 0 1777797277 463334
22 1476 3014 0 1777797277 463675
21 1430 12877 0 1777797277 465175
22 1477 2840 0 1777797277 466516
20 1197 6634 0 1777797277 469970
24 1403 41939 0 1777797277 474909
23 1441 15335 0 1777797277 475432
22 1478 10323 0 1777797277 476843
20 1198 10397 0 1777797277 480371
24 1404 9329 0 1777797277 484239
23 1442 13638 0 1777797277 489072
25 1374 50979 0 1777797277 489437
20 1199 14999 0 1777797277 495374
24 1405 11221 0 1777797277 495470
23 1443 9300 0 1777797277 498375
21 1431 33306 0 1777797277 498483
20 1200 7168 0 1777797277 502552
23 1444 4183 0 1777797277 502559
24 1406 7092 0 1777797277 502564
25 1375 13149 0 1777797277 502587
21 1432 5409 0 1777797277 503894
24 1407 4345 0 1777797277 506949
23 1445 4835 0 1777797277 507432
24 1408 3195 0 1777797277 510146
25 1376 7539 0 1777797277 510154
20 1201 8792 0 1777797277 511381
23 1446 5510 0 1777797277 512943
21 1433 11519 0 1777797277 515419
24 1409 6528 0 1777797277 516683
23 1447 4545 0 1777797277 517490
25 1377 8162 0 1777797277 518335
20 1202 6977 0 1777797277 518361
25 1378 3996 0 1777797277 522336
25 1379 1166 0 1777797277 523504
25 1380 793 0 1777797277 524302
22 1479 47911 0 1777797277 524756
24 1410 8402 0 1777797277 525088
25 1381 1367 0 1777797277 525671
20 1203 11564 0 1777797277 529926
24 1411 4857 0 1777797277 529946
21 1434 18013 0 1777797277 533434
25 1382 7874 0 1777797277 533547
20 1204 8227 0 1777797277 538175
24 1412 8958 0 1777797277 538916
22 1480 16864 0 1777797277 541622
23 1448 27692 0 1777797277 545183
25 1383 14351 0 1777797277 547900
24 1413 17179 0 1777797277 556098
20 1205 18263 0 1777797277 556450
25 1384 8715 0 1777797277 556618
22 1481 18535 0 1777797277 560162
20 1206 4979 0 1777797277 561432
25 1385 8108 0 1777797277 564727
20 1207 10421 0 1777797277 571856
22 1482 11721 0 1777797277 571887
24 1414 16521 0 1777797277 572627
25 1386 7905 0 1777797277 572634
23 1449 27735 0 1777797277 572921
23 1450 7274 0 1777797277 580197
24 1415 8045 0 1777797277 580681
25 1387 8765 0 1777797277 581408
23 1451 3455 0 1777797277 583654
24 1416 2977 0 1777797277 583662
25 1388 2777 0 1777797277 584187
20 1208 12356 0 1777797277 584214
22 1483 12722 0 1777797277 584610
22 1484 1756 0 1777797277 586371
24 1417 3244 0 1777797277 586929
21 1435 54600 0 1777797277 588035
22 1485 1687 0 1777797277 588060
23 1452 4526 0 1777797277 588188
24 1418 1683 0 1777797277 588614
24 1419 1405 0 1777797277 590022
23 1453 2531 0 1777797277 590722
22 1486 5820 0 1777797277 593881
25 1389 9719 0 1777797277 593910
21 1436 8089 0 1777797277 596127
20 1209 14608 0 1777797277 598823
22 1487 5081 0 1777797277 598966
24 1420 8957 0 1777797277 598983
23 1454 8420 0 1777797277 599143
21 1437 5841 0 1777797277 601970
24 1421 4079 0 1777797277 603063
25 1390 10203 0 1777797277 604114
22 1488 6973 0 1777797277 605940
23 1455 6815 0 1777797277 605960
24 1422 3115 0 1777797277 606185
25 1391 2911 0 1777797277 607032
20 1210 8960 0 1777797277 607785
21 1438 8125 0 1777797277 610098
23 1456 5203 0 1777797277 611177
21 1439 5394 0 1777797277 615495
22 1489 12468 0 1777797277 618429
24 1423 16114 0 1777797277 622300
23 1457 11990 0 1777797277 623177
21 1440 9169 0 1777797277 624668
22 1490 6836 0 1777797277 625267
22 1491 1238 0 1777797277 626506
23 1458 4875 0 1777797277 628054
21 1441 5524 0 1777797277 630198
21 1442 902 0 1777797277 631106
21 1443 693 0 1777797277 631803
20 1211 25270 0 1777797277 633058
22 1492 8357 0 1777797277 634866
25 1392 27892 0 1777797277 634926
21 1444 4225 0 1777797277 636030
21 1445 1926 0 1777797277 637959
21 1446 6369 0 1777797277 644334
25 1393 11000 0 1777797277 645928
24 1424 27057 0 1777797277 649361
25 1394 3437 0 1777797277 649368
20 1212 21716 0 1777797277 654776
22 1493 20149 0 1777797277 655016
25 1395 5712 0 1777797277 655091
21 1447 12577 0 1777797277 656914
20 1213 8277 0 1777797277 663111
25 1396 8756 0 1777797277 663848
25 1397 3418 0 1777797277 667268
22 1494 12482 0 1777797277 667499
21 1448 13232 0 1777797277 670149
21 1449 2654 0 1777797277 672805
25 1398 5552 0 1777797277 672821
22 1495 5967 0 1777797277 673468
24 1425 25948 0 1777797277 675317
21 1450 2587 0 1777797277 675409
23 1459 48679 0 1777797277 676737
22 1496 6977 0 1777797277 680450
20 1214 17373 0 1777797277 680486
25 1399 8739 0 1777797277 681576
21 1451 8404 0 1777797277 683814
22 1497 5855 0 1777797277 686313
20 1215 8271 0 1777797277 688758
21 1452 5080 0 1777797277 688896
22 1498 4435 0 1777797277 690751
24 1426 18404 0 1777797277 693729
21 1453 4853 0 1777797277 693752
20 1216 5026 0 1777797277 693786
25 1400 12295 0 1777797277 693872
22 1499 3255 0 1777797277 694008
21 1454 1946 0 1777797277 695699
24 1427 4146 0 1777797277 697880
21 1455 4334 0 1777797277 700036
24 1428 2164 0 1777797277 700045
23 1460 25288 0 1777797277 702026
22 1500 8416 0 1777797277 702425
20 1217 11685 0 1777797277 705473
25 1401 11608 0 1777797277 705481
23 1461 5793 0 1777797277 707822
24 1429 10229 0 1777797277 710304
22 1501 7971 0 1777797277 710398
21 1456 13259 0 1777797277 713305
22 1502 6191 0 1777797277 716590
21 1457 3424 0 1777797277 716731
24 1430 10552 0 1777797277 720857
25 1402 19216 0 1777797277 724708
20 1218 24899 0 1777797277 730381
25 1403 8404 0 1777797277 733117
22 1503 16588 0 1777797277 733186
20 1219 9055 0 1777797277 739441
24 1431 18583 0 1777797277 739449
22 1504 7290 0 1777797277 740477
24 1432 6060 0 1777797277 745520
20 1220 9069 0 1777797277 748519
22 1505 9936 0 1777797277 750421
24 1433 6087 0 1777797277 751612
21 1458 37521 0 1777797277 754254
22 1506 4456 0 1777797277 754879
21 1459 3020 0 1777797277 757284
23 1462 50420 0 1777797277 758250
25 1404 25192 0 1777797277 758311
22 1507 4568 0 1777797277 759449
23 1463 3334 0 1777797277 761647
24 1434 11070 0 1777797277 762685
21 1460 5938 0 1777797277 763224
20 1221 15704 0 1777797277 764231
24 1435 1552 0 1777797277 764239
25 1405 5920 0 1777797277 764245
21 1461 2370 0 1777797277 765599
22 1508 6417 0 1777797277 765868
23 1464 4239 0 1777797277 765888
25 1406 2492 0 1777797277 766757
22 1509 1423 0 1777797277 767294
21 1462 6825 0 1777797277 772426
23 1465 7811 0 1777797277 773700
22 1510 6427 0 1777797277 773723
24 1436 14133 0 1777797277 778388
23 1466 5020 0 1777797277 778724
22 1511 5049 0 1777797277 778774
21 1463 6929 0 1777797277 779359
23 1467 2790 0 1777797277 781515
24 1437 3205 0 1777797277 781595
25 1407 14796 0 1777797277 781610
21 1464 3062 0 1777797277 782422
20 1222 19991 0 1777797277 784237
25 1408 7268 0 1777797277 788879
22 1512 10407 0 1777797277 789182
24 1438 7930 0 1777797277 789526
21 1465 7466 0 1777797277 789893
23 1468 9053 0 1777797277 790571
20 1223 8031 0 1777797277 792271
22 1513 3117 0 1777797277 792300
24 1439 2778 0 1777797277 792306
21 1466 2527 0 1777797277 792421
23 1469 2842 0 1777797277 793414
20 1224 3256 0 1777797277 795533
22 1514 4277 0 1777797277 796584
21 1467 6475 0 1777797277 798897
24 1440 6609 0 1777797277 798928
25 1409 10127 0 1777797277 799008
22 1515 8487 0 1777797277 805073
21 1468 7008 0 1777797277 805914
20 1225 10529 0 1777797277 806064
23 1470 12671 0 1777797277 806091
25 1410 7089 0 1777797277 806098
24 1441 8227 0 1777797277 807156
20 1226 5896 0 1777797277 811961
21 1469 6067 0 1777797277 811984
23 1471 6413 0 1777797277 812512
24 1442 7747 0 1777797277 814905
20 1227 9518 0 1777797277 821504
22 1516 16437 0 1777797277 821512
25 1411 15407 0 1777797277 821517
21 1470 10863 0 1777797277 822873
23 1472 10394 0 1777797277 822907
24 1443 8009 0 1777797277 822915
25 1412 5820 0 1777797277 827352
20 1228 6496 0 1777797277 828014
21 1471 5115 0 1777797277 828031
24 1444 5078 0 1777797277 828040
23 1473 9579 0 1777797277 832523
25 1413 5176 0 1777797277 832531
20 1229 4867 0 1777797277 832909
21 1472 7920 0 1777797277 835978
22 1517 14479 0 1777797277 836005
24 1445 7955 0 1777797277 836022
20 1230 6214 0 1777797277 839125
23 1474 6602 0 1777797277 839134
25 1414 9347 0 1777797277 841898
20 1231 9726 0 1777797277 848861
21 1473 12799 0 1777797277 848869
22 1518 12787 0 1777797277 848875
23 1475 9736 0 1777797277 848881
24 1446 12791 0 1777797277 848887
25 1415 6988 0 1777797277 848893
24 1447 7281 0 1777797277 856206
25 1416 7283 0 1777797277 856215
23 1476 7825 0 1777797277 856743
22 1519 8928 0 1777797277 857840
22 1520 3597 0 1777797277 861440
23 1477 4702 0 1777797277 861446
20 1232 15041 0 1777797277 863935
21 1474 15039 0 1777797277 863943
24 1448 7733 0 1777797277 863949
20 1233 8685 0 1777797277 872635
21 1475 8685 0 1777797277 872647
22 1521 11217 0 1777797277 872664
23 1478 11215 0 1777797277 872683
24 1449 8720 0 1777797277 872690
25 1417 16467 0 1777797277 872693
20 1234 7705 0 1777797277 880400
21 1476 7717 0 1777797277 880416
22 1522 7718 0 1777797277 880423
25 1418 7713 0 1777797277 880431
23 1479 9457 0 1777797277 882166
24 1450 10441 0 1777797277 883156
20 1235 7159 0 1777797277 887591
21 1477 7126 0 1777797277 887598
22 1523 7120 0 1777797277 887603
25 1419 7117 0 1777797277 887608
23 1480 9409 0 1777797277 891578
20 1236 8877 0 1777797277 896486
21 1478 8878 0 1777797277 896496
24 1451 13345 0 1777797277 896504
25 1420 8866 0 1777797277 896510
22 1524 8945 0 1777797277 896570
20 1237 5292 0 1777797277 901803
23 1481 10240 0 1777797277 901823
25 1421 5283 0 1777797277 901832
21 1479 7734 0 1777797277 904258
22 1525 9100 0 1777797277 905671
24 1452 9159 0 1777797277 905693
23 1482 9721 0 1777797277 911579
25 1422 9703 0 1777797277 911589
21 1480 10456 0 1777797277 914724
24 1453 9001 0 1777797277 914732
20 1238 13468 0 1777797277 915301
25 1423 3709 0 1777797277 915311
22 1526 10394 0 1777797277 916088
23 1483 11165 0 1777797277 922756
21 1481 8212 0 1777797277 922945
20 1239 8203 0 1777797277 923515
24 1454 8780 0 1777797277 923522
21 1482 1886 0 1777797277 924834
22 1527 8759 0 1777797277 924849
20 1240 7782 0 1777797277 931306
21 1483 6471 0 1777797277 931321
23 1484 8571 0 1777797277 931329
25 1424 16012 0 1777797277 931336
24 1455 8606 0 1777797277 932149
20 1241 5438 0 1777797277 936775
22 1528 11917 0 1777797277 936785
21 1484 7164 0 1777797277 938517
23 1485 7163 0 1777797277 938526
25 1425 7169 0 1777797277 938540
24 1456 7532 0 1777797277 939684
22 1529 10066 0 1777797277 946862
25 1426 8290 0 1777797277 946870
23 1486 8761 0 1777797277 947314
24 1457 7647 0 1777797277 947332
20 1242 17500 0 1777797277 954286
21 1485 15753 0 1777797277 954294
22 1530 9916 0 1777797277 956788
23 1487 9463 0 1777797277 956797
24 1458 9403 0 1777797277 956803
25 1427 9929 0 1777797277 956810
20 1243 8633 0 1777797277 962929
22 1531 9414 0 1777797277 966225
25 1428 9400 0 1777797277 966261
21 1486 17488 0 1777797277 971800
23 1488 15041 0 1777797277 971862
24 1459 15037 0 1777797277 971869
20 1244 11533 0 1777797277 974468
22 1532 8214 0 1777797277 974477
23 1489 5607 0 1777797277 977493
25 1429 11226 0 1777797277 977510
21 1487 6474 0 1777797277 978344
24 1460 7563 0 1777797277 979457
20 1245 15926 0 1777797277 990406
21 1488 12110 0 1777797277 990457
22 1533 15978 0 1777797277 990466
23 1490 12962 0 1777797277 990473
25 1430 13731 0 1777797277 991253
24 1461 16234 0 1777797277 995698
23 1491 7555 0 1777797277 998148
20 1246 12282 0 1777797278 2757
21 1489 12277 0 1777797278 2775
22 1534 12206 0 1777797278 2782
25 1431 11533 0 1777797278 2795
21 1490 4136 0 1777797278 6960
22 1535 4132 0 1777797278 6967
23 1492 8821 0 1777797278 6973
24 1462 11270 0 1777797278 6979
25 1432 4261 0 1777797278 7110
22 1536 6531 0 1777797278 13522
24 1463 6488 0 1777797278 13530
23 1493 7420 0 1777797278 14419
20 1247 11705 0 1777797278 14501
21 1491 7806 0 1777797278 14786
25 1433 7680 0 1777797278 14792
22 1537 3790 0 1777797278 17321
25 1434 6854 0 1777797278 21657
23 1494 9032 0 1777797278 23457
24 1464 9944 0 1777797278 23586
20 1248 10303 0 1777797278 24806
21 1492 10018 0 1777797278 24811
22 1538 7490 0 1777797278 24814
24 1465 5845 0 1777797278 29434
25 1435 7784 0 1777797278 29442
22 1539 5425 0 1777797278 30249
21 1493 6490 0 1777797278 31310
23 1495 8931 0 1777797278 32465
23 1496 4027 0 1777797278 36497
20 1249 11742 0 1777797278 36557
22 1540 6676 0 1777797278 36993
20 1250 6710 0 1777797278 43269
22 1541 6892 0 1777797278 43890
23 1497 8196 0 1777797278 44695
25 1436 15283 0 1777797278 44735
25 1437 2580 0 1777797278 47359
21 1494 18974 0 1777797278 50291
22 1542 6410 0 1777797278 50302
25 1438 2948 0 1777797278 50309
24 1466 25819 0 1777797278 55262
20 1251 15700 0 1777797278 58971
20 1252 9636 0 1777797278 68610
21 1495 18303 0 1777797278 68613
24 1467 13353 0 1777797278 68617
25 1439 18291 0 1777797278 68620
23 1498 30366 0 1777797278 75104
22 1543 31638 0 1777797278 81960
21 1496 16146 0 1777797278 84772
23 1499 11498 0 1777797278 86605
20 1253 23033 0 1777797278 91653
24 1468 23067 0 1777797278 91696
25 1440 23078 0 1777797278 91711
22 1544 12874 0 1777797278 94842
20 1254 5427 0 1777797278 97139
23 1500 10539 0 1777797278 97148
24 1469 6195 0 1777797278 97938
25 1441 11270 0 1777797278 103022
23 1501 7945 0 1777797278 105114
24 1470 9921 0 1777797278 107861
23 1502 5820 0 1777797278 110936
25 1442 8520 0 1777797278 111544
23 1503 2996 0 1777797278 113935
25 1443 2925 0 1777797278 114475
24 1471 10422 0 1777797278 118287
20 1255 22246 0 1777797278 119396
23 1504 12645 0 1777797278 126582
22 1545 34706 0 1777797278 129554
23 1505 2980 0 1777797278 129565
20 1256 16798 0 1777797278 136202
21 1497 51431 0 1777797278 136205
22 1546 6644 0 1777797278 136210
24 1472 17924 0 1777797278 136213
25 1444 21739 0 1777797278 136217
23 1506 7132 0 1777797278 136710
24 1473 7893 0 1777797278 144127
23 1507 12887 0 1777797278 149600
24 1474 5467 0 1777797278 149607
25 1445 13374 0 1777797278 149613
20 1257 14033 0 1777797278 150251
20 1258 3127 0 1777797278 153383
22 1547 17413 0 1777797278 153641
23 1508 5268 0 1777797278 154882
23 1509 2919 0 1777797278 157803
22 1548 4421 0 1777797278 158063
25 1446 8754 0 1777797278 158384
22 1549 6274 0 1777797278 164339
21 1498 28943 0 1777797278 165166
22 1550 9753 0 1777797278 174094
22 1551 4221 0 1777797278 178317
24 1475 30439 0 1777797278 180063
24 1476 1672 0 1777797278 181741
20 1259 29911 0 1777797278 183297
24 1477 6186 0 1777797278 187930
20 1260 4750 0 1777797278 188050
22 1552 13372 0 1777797278 191691
23 1510 36638 0 1777797278 194443
24 1478 7571 0 1777797278 195509
20 1261 9884 0 1777797278 197936
22 1553 7324 0 1777797278 199017
23 1511 4584 0 1777797278 199029
21 1499 34226 0 1777797278 199396
20 1262 5268 0 1777797278 203208
21 1500 3816 0 1777797278 203215
24 1479 7711 0 1777797278 203222
23 1512 6529 0 1777797278 205575
21 1501 2577 0 1777797278 205820
21 1502 5341 0 1777797278 211162
24 1480 7986 0 1777797278 211237
20 1263 9866 0 1777797278 213090
25 1447 54715 0 1777797278 213102
24 1481 3236 0 1777797278 214508
25 1448 1409 0 1777797278 214521
23 1513 11413 0 1777797278 216990
21 1503 8169 0 1777797278 219409
20 1264 9143 0 1777797278 222247
23 1514 5261 0 1777797278 222253
25 1449 8332 0 1777797278 222867
20 1265 4418 0 1777797278 226672
24 1482 12157 0 1777797278 226679
25 1450 6032 0 1777797278 228901
23 1515 7749 0 1777797278 230013
21 1504 13123 0 1777797278 232534
24 1483 9141 0 1777797278 235866
20 1266 9323 0 1777797278 236003
25 1451 10977 0 1777797278 239881
20 1267 8252 0 1777797278 244257
24 1484 8419 0 1777797278 244287
23 1516 16000 0 1777797278 246020
21 1505 17553 0 1777797278 250089
20 1268 7820 0 1777797278 252108
24 1485 7815 0 1777797278 252115
20 1269 3589 0 1777797278 255705
21 1506 6104 0 1777797278 256195
24 1486 4673 0 1777797278 256827
25 1452 22823 0 1777797278 262708
21 1507 6910 0 1777797278 263107
25 1453 4245 0 1777797278 266955
22 1554 71787 0 1777797278 270818
20 1270 16702 0 1777797278 272412
24 1487 15591 0 1777797278 272420
22 1555 2514 0 1777797278 273338
20 1271 1825 0 1777797278 274246
22 1556 2657 0 1777797278 275997
21 1508 16139 0 1777797278 279247
24 1488 6822 0 1777797278 279254
25 1454 12583 0 1777797278 279543
25 1455 2802 0 1777797278 282347
21 1509 3236 0 1777797278 282491
20 1272 8466 0 1777797278 282714
22 1557 6832 0 1777797278 282831
20 1273 3871 0 1777797278 286588
21 1510 6288 0 1777797278 288782
24 1489 10968 0 1777797278 290241
22 1558 9058 0 1777797278 291944
20 1274 8258 0 1777797278 294850
21 1511 6080 0 1777797278 294868
23 1517 48853 0 1777797278 294876
25 1456 12533 0 1777797278 294882
24 1490 5911 0 1777797278 296155
22 1559 4932 0 1777797278 296878
25 1457 3156 0 1777797278 298092
20 1275 10224 0 1777797278 305108
21 1512 10207 0 1777797278 305118
23 1518 10197 0 1777797278 305125
24 1491 8974 0 1777797278 305131
25 1458 7484 0 1777797278 305582
22 1560 8876 0 1777797278 305756
20 1276 7231 0 1777797278 312363
21 1513 7576 0 1777797278 312723
24 1492 7735 0 1777797278 312895
25 1459 7327 0 1777797278 312911
20 1277 4175 0 1777797278 316903
22 1561 11163 0 1777797278 316921
23 1519 11776 0 1777797278 316929
24 1493 4024 0 1777797278 316936
25 1460 4019 0 1777797278 316943
21 1514 11138 0 1777797278 323885
22 1562 6938 0 1777797278 323892
23 1520 6937 0 1777797278 323898
24 1494 6933 0 1777797278 323904
25 1461 6931 0 1777797278 323909
20 1278 12911 0 1777797278 329855
24 1495 5929 0 1777797278 329864
21 1515 6731 0 1777797278 330641
25 1462 6711 0 1777797278 330652
22 1563 7427 0 1777797278 331347
23 1521 7469 0 1777797278 331397
24 1496 4397 0 1777797278 334270
21 1516 6401 0 1777797278 337054
20 1279 11244 0 1777797278 341109
22 1564 9719 0 1777797278 341117
23 1522 9717 0 1777797278 341124
24 1497 6879 0 1777797278 341152
25 1463 10492 0 1777797278 341159
21 1517 5892 0 1777797278 342949
23 1523 7708 0 1777797278 348885
25 1464 7703 0 1777797278 348894
22 1565 8473 0 1777797278 349643
24 1498 8468 0 1777797278 349652
21 1518 8740 0 1777797278 351692
20 1280 12183 0 1777797278 353343
25 1465 4446 0 1777797278 353350
23 1524 6172 0 1777797278 355067
24 1499 5411 0 1777797278 355077
20 1281 8537 0 1777797278 361888
21 1519 10197 0 1777797278 361893
22 1566 12244 0 1777797278 361897
24 1500 6811 0 1777797278 361901
25 1466 8543 0 1777797278 361904
23 1525 10577 0 1777797278 365656
24 1501 3737 0 1777797278 365663
21 1520 4248 0 1777797278 366158
20 1282 8872 0 1777797278 370778
22 1567 9467 0 1777797278 371385
25 1467 9500 0 1777797278 371431
24 1502 5869 0 1777797278 371542
21 1521 5547 0 1777797278 371709
23 1526 8947 0 1777797278 374611
20 1283 5328 0 1777797278 376108
22 1568 4735 0 1777797278 376121
24 1503 6112 0 1777797278 377655
21 1522 6283 0 1777797278 377994
25 1468 6568 0 1777797278 378000
20 1284 9043 0 1777797278 385165
24 1504 7516 0 1777797278 385173
25 1469 7183 0 1777797278 385193
21 1523 12448 0 1777797278 390449
22 1569 14150 0 1777797278 390459
23 1527 15852 0 1777797278 390466
24 1505 5269 0 1777797278 390473
25 1470 7030 0 1777797278 392241
20 1285 9080 0 1777797278 394275
24 1506 3796 0 1777797278 394296
23 1528 4042 0 1777797278 394535
21 1524 4521 0 1777797278 394995
20 1286 7279 0 1777797278 401576
22 1570 11100 0 1777797278 401586
24 1507 7633 0 1777797278 401950
25 1471 9711 0 1777797278 401957
23 1529 7863 0 1777797278 402400
20 1287 3665 0 1777797278 405252
22 1571 4895 0 1777797278 406497
21 1525 12342 0 1777797278 407340
20 1288 7179 0 1777797278 412433
21 1526 5098 0 1777797278 412441
22 1572 5942 0 1777797278 412447
24 1508 10504 0 1777797278 412462
25 1472 10502 0 1777797278 412468
23 1530 17850 0 1777797278 420251
20 1289 8814 0 1777797278 421283
22 1573 8805 0 1777797278 421291
24 1509 8777 0 1777797278 421298
21 1527 10856 0 1777797278 423336
25 1473 11261 0 1777797278 423796
21 1528 1191 0 1777797278 424529
22 1574 4784 0 1777797278 426091
25 1474 2297 0 1777797278 426099
21 1529 1738 0 1777797278 426270
23 1531 8665 0 1777797278 428919
24 1510 9438 0 1777797278 430752
20 1290 18859 0 1777797278 440158
21 1530 13916 0 1777797278 440188
23 1532 11277 0 1777797278 440198
24 1511 9451 0 1777797278 440205
22 1575 15447 0 1777797278 441546
25 1475 15444 0 1777797278 441555
22 1576 3386 0 1777797278 444942
24 1512 4698 0 1777797278 444958
25 1476 4199 0 1777797278 445764
25 1477 1655 0 1777797278 447422
23 1533 8016 0 1777797278 448267
25 1478 2059 0 1777797278 449483
25 1479 2305 0 1777797278 451790
23 1534 3881 0 1777797278 452151
21 1531 12953 0 1777797278 453179
24 1513 8301 0 1777797278 453288
25 1480 4178 0 1777797278 456028
20 1291 15927 0 1777797278 456133
23 1535 4423 0 1777797278 456576
24 1514 3672 0 1777797278 456963
21 1532 4058 0 1777797278 457239
25 1481 3915 0 1777797278 459945
23 1536 5618 0 1777797278 462197
22 1577 17552 0 1777797278 462512
24 1515 7061 0 1777797278 464026
22 1578 1858 0 1777797278 464371
24 1516 2766 0 1777797278 466794
21 1533 10160 0 1777797278 467400
20 1292 14375 0 1777797278 470510
23 1537 8336 0 1777797278 470535
24 1517 5635 0 1777797278 472433
20 1293 9468 0 1777797278 480004
21 1534 12609 0 1777797278 480012
25 1482 20070 0 1777797278 480020
24 1518 8334 0 1777797278 480769
22 1579 16886 0 1777797278 481259
23 1538 12165 0 1777797278 482714
20 1294 3248 0 1777797278 483269
21 1535 6162 0 1777797278 486197
25 1483 7326 0 1777797278 487374
20 1295 4309 0 1777797278 487580
24 1519 8539 0 1777797278 489312
23 1539 7262 0 1777797278 489978
25 1484 4104 0 1777797278 491485
23 1540 3558 0 1777797278 493539
24 1520 4240 0 1777797278 493554
20 1296 7336 0 1777797278 494918
21 1536 9985 0 1777797278 496185
24 1521 3472 0 1777797278 497042
24 1522 1362 0 1777797278 498406
25 1485 7312 0 1777797278 498800
24 1523 2727 0 1777797278 501136
21 1537 5272 0 1777797278 501459
23 1541 11399 0 1777797278 504955
24 1524 4023 0 1777797278 505161
25 1486 6367 0 1777797278 505168
22 1580 27819 0 1777797278 509080
23 1542 4131 0 1777797278 509089
24 1525 3927 0 1777797278 509096
20 1297 14787 0 1777797278 509708
23 1543 4289 0 1777797278 513394
20 1298 5921 0 1777797278 515631
24 1526 6860 0 1777797278 515973
24 1527 741 0 1777797278 516718
23 1544 3609 0 1777797278 517005
22 1581 9070 0 1777797278 518167
23 1545 2600 0 1777797278 519607
22 1582 1725 0 1777797278 519894
23 1546 2453 0 1777797278 522063
24 1528 5856 0 1777797278 522581
23 1547 5038 0 1777797278 527102
24 1529 4549 0 1777797278 527135
20 1299 11942 0 1777797278 527575
21 1538 29066 0 1777797278 530527
25 1487 25358 0 1777797278 530536
24 1530 5780 0 1777797278 532916
21 1539 3061 0 1777797278 533598
24 1531 3552 0 1777797278 536471
25 1488 7153 0 1777797278 537702
20 1300 10581 0 1777797278 538158
22 1583 19105 0 1777797278 539001
24 1532 3029 0 1777797278 539503
24 1533 3763 0 1777797278 543268
24 1534 2006 0 1777797278 545275
22 1584 8549 0 1777797278 547552
20 1301 16246 0 1777797278 554406
22 1585 6862 0 1777797278 554417
23 1548 27322 0 1777797278 554426
24 1535 9156 0 1777797278 554433
21 1540 21747 0 1777797278 555348
23 1549 1564 0 1777797278 556466
21 1541 2508 0 1777797278 557858
22 1586 4322 0 1777797278 558768
21 1542 3693 0 1777797278 561554
23 1550 5514 0 1777797278 561982
24 1536 7097 0 1777797278 562008
25 1489 25684 0 1777797278 563392
23 1551 2205 0 1777797278 564215
20 1302 11855 0 1777797278 566289
24 1537 4279 0 1777797278 566298
22 1587 8403 0 1777797278 567173
24 1538 4072 0 1777797278 570399
23 1552 7889 0 1777797278 572106
24 1539 3444 0 1777797278 573845
23 1553 4861 0 1777797278 576975
20 1303 15522 0 1777797278 581821
23 1554 4977 0 1777797278 581954
24 1540 8161 0 1777797278 582011
22 1588 15007 0 1777797278 582183
25 1490 20439 0 1777797278 583835
20 1304 6104 0 1777797278 587927
23 1555 14413 0 1777797278 596369
21 1543 37027 0 1777797278 598584
25 1491 14874 0 1777797278 598711
24 1541 19906 0 1777797278 601919
20 1305 15756 0 1777797278 603686
22 1589 21511 0 1777797278 603695
23 1556 12236 0 1777797278 608607
22 1590 8032 0 1777797278 611737
22 1591 2254 0 1777797278 613993
24 1542 13531 0 1777797278 615452
23 1557 8494 0 1777797278 617107
21 1544 19170 0 1777797278 617757
23 1558 3006 0 1777797278 620116
22 1592 6878 0 1777797278 620875
21 1545 3216 0 1777797278 620977
23 1559 4096 0 1777797278 624221
21 1546 4978 0 1777797278 625957
20 1306 25736 0 1777797278 629432
23 1560 5502 0 1777797278 629729
22 1593 8875 0 1777797278 629753
25 1492 31481 0 1777797278 630193
22 1594 5995 0 1777797278 635749
23 1561 6030 0 1777797278 635760
25 1493 9073 0 1777797278 639268
24 1543 28389 0 1777797278 643844
22 1595 9137 0 1777797278 644899
20 1307 19602 0 1777797278 649037
24 1544 5193 0 1777797278 649094
25 1494 9935 0 1777797278 649207
23 1562 15753 0 1777797278 651528
20 1308 5180 0 1777797278 654219
21 1547 28267 0 1777797278 654226
22 1596 10415 0 1777797278 655316
22 1597 3451 0 1777797278 658771
21 1548 4922 0 1777797278 659160
24 1545 14559 0 1777797278 663654
25 1495 15085 0 1777797278 664293
23 1563 18879 0 1777797278 670412
22 1598 13439 0 1777797278 672212
20 1309 21832 0 1777797278 676059
22 1599 5164 0 1777797278 677379
23 1564 8861 0 1777797278 679276
20 1310 6907 0 1777797278 682970
22 1600 8073 0 1777797278 685460
23 1565 7492 0 1777797278 686773
23 1566 1284 0 1777797278 688060
22 1601 4241 0 1777797278 689705
23 1567 1812 0 1777797278 689875
20 1311 7585 0 1777797278 690557
21 1549 33431 0 1777797278 692592
25 1496 28418 0 1777797278 692713
21 1550 6483 0 1777797278 699076
21 1551 4985 0 1777797278 704063
23 1568 14196 0 1777797278 704073
24 1546 41384 0 1777797278 705041
25 1497 13160 0 1777797278 705874
22 1602 19122 0 1777797278 708829
20 1312 19182 0 1777797278 709744
20 1313 2592 0 1777797278 712339
24 1547 7312 0 1777797278 712356
25 1498 6750 0 1777797278 712628
23 1569 9486 0 1777797278 713570
25 1499 1416 0 1777797278 714046
24 1548 2354 0 1777797278 714724
22 1603 5959 0 1777797278 714791
23 1570 2986 0 1777797278 716557
22 1604 2324 0 1777797278 717118
22 1605 1576 0 1777797278 718698
20 1314 7626 0 1777797278 719983
22 1606 4256 0 1777797278 722956
23 1571 6486 0 1777797278 723051
25 1500 10349 0 1777797278 724399
22 1607 5150 0 1777797278 728110
20 1315 8223 0 1777797278 728208
24 1549 16506 0 1777797278 731233
22 1608 3187 0 1777797278 731306
25 1501 7517 0 1777797278 731918
20 1316 5133 0 1777797278 733342
20 1317 3640 0 1777797278 736985
21 1552 34754 0 1777797278 738829
22 1609 7534 0 1777797278 738841
23 1572 17221 0 1777797278 740273
20 1318 6890 0 1777797278 743878
25 1502 12100 0 1777797278 744019
22 1610 5688 0 1777797278 744542
23 1573 4565 0 1777797278 744841
24 1550 16674 0 1777797278 747916
20 1319 6399 0 1777797278 750279
22 1611 8120 0 1777797278 752664
25 1503 8822 0 1777797278 752842
24 1551 5858 0 1777797278 753777
20 1320 6739 0 1777797278 757024
23 1574 14626 0 1777797278 759471
22 1612 7337 0 1777797278 760005
24 1552 7508 0 1777797278 761290
23 1575 2242 0 1777797278 761714
23 1576 2560 0 1777797278 764275
24 1553 5424 0 1777797278 766716
21 1553 28149 0 1777797278 766991
22 1613 10061 0 1777797278 770068
20 1321 13114 0 1777797278 770142
25 1504 17538 0 1777797278 770383
21 1554 4918 0 1777797278 771910
23 1577 9833 0 1777797278 774110
24 1554 7712 0 1777797278 774431
21 1555 6996 0 1777797278 778913
25 1505 8560 0 1777797278 778944
23 1578 5302 0 1777797278 779414
20 1322 11912 0 1777797278 782055
24 1555 8612 0 1777797278 783046
25 1506 4174 0 1777797278 783119
24 1556 7280 0 1777797278 790328
20 1323 8549 0 1777797278 790606
25 1507 7495 0 1777797278 790615
21 1556 11742 0 1777797278 790659
23 1579 11478 0 1777797278 790894
22 1614 21434 0 1777797278 791549
20 1324 4506 0 1777797278 795122
23 1580 4558 0 1777797278 795453
25 1508 4834 0 1777797278 795477
24 1557 5211 0 1777797278 795541
21 1557 7104 0 1777797278 797764
23 1581 2351 0 1777797278 797808
22 1615 10353 0 1777797278 801905
23 1582 4104 0 1777797278 801914
20 1325 6829 0 1777797278 801953
21 1558 5318 0 1777797278 803084
22 1616 6087 0 1777797278 808002
21 1559 7165 0 1777797278 810251
23 1583 8492 0 1777797278 810415
20 1326 10799 0 1777797278 812753
25 1509 19477 0 1777797278 814955
20 1327 6975 0 1777797278 819731
22 1617 12224 0 1777797278 820228
24 1558 24986 0 1777797278 820529
25 1510 5605 0 1777797278 820570
23 1584 10466 0 1777797278 820882
24 1559 3169 0 1777797278 823699
23 1585 3000 0 1777797278 823885
20 1328 7184 0 1777797278 826918
25 1511 6646 0 1777797278 827217
21 1560 17031 0 1777797278 827287
22 1618 8228 0 1777797278 828458
20 1329 5750 0 1777797278 832673
24 1560 10612 0 1777797278 834315
25 1512 7525 0 1777797278 834745
22 1619 6308 0 1777797278 834791
23 1586 11264 0 1777797278 835151
21 1561 11263 0 1777797278 838553
20 1330 6431 0 1777797278 839106
23 1587 4659 0 1777797278 839870
24 1561 8029 0 1777797278 842349
20 1331 3277 0 1777797278 842385
25 1513 7756 0 1777797278 842502
22 1620 11469 0 1777797278 846261
23 1588 6396 0 1777797278 846268
24 1562 4209 0 1777797278 846560
21 1562 8041 0 1777797278 846602
20 1332 4878 0 1777797278 847264
25 1514 11693 0 1777797278 854197
23 1589 8215 0 1777797278 854493
22 1621 8246 0 1777797278 854515
21 1563 7942 0 1777797278 854545
20 1333 7414 0 1777797278 854680
24 1563 8135 0 1777797278 854698
22 1622 3732 0 1777797278 858249
22 1623 1098 0 1777797278 859349
21 1564 11158 0 1777797278 865704
25 1515 11545 0 1777797278 865755
24 1564 11130 0 1777797278 865829
23 1590 11513 0 1777797278 866007
20 1334 11420 0 1777797278 866100
22 1624 7178 0 1777797278 866529
24 1565 3753 0 1777797278 869583
25 1516 4740 0 1777797278 870496
21 1565 4841 0 1777797278 870557
22 1625 5489 0 1777797278 872020
23 1591 7648 0 1777797278 873656
20 1335 7817 0 1777797278 873918
22 1626 5591 0 1777797278 877613
24 1566 8044 0 1777797278 877628
25 1517 7165 0 1777797278 877663
20 1336 7449 0 1777797278 881370
24 1567 4009 0 1777797278 881651
25 1518 4212 0 1777797278 881876
22 1627 4271 0 1777797278 881900
23 1592 8406 0 1777797278 882072
24 1568 1746 0 1777797278 883400
21 1566 15002 0 1777797278 885561
22 1628 4009 0 1777797278 885910
25 1519 4040 0 1777797278 885917
23 1593 4854 0 1777797278 886927
24 1569 3713 0 1777797278 887118
25 1520 7077 0 1777797278 893006
21 1567 7854 0 1777797278 893416
20 1337 12284 0 1777797278 893660
24 1570 7009 0 1777797278 894128
24 1571 908 0 1777797278 895038
22 1629 10326 0 1777797278 896245
24 1572 1215 0 1777797278 896255
23 1594 9992 0 1777797278 896920
25 1521 4858 0 1777797278 897866
20 1338 8074 0 1777797278 901737
24 1573 6971 0 1777797278 903241
21 1568 9984 0 1777797278 903402
25 1522 6078 0 1777797278 903945
22 1630 9861 0 1777797278 906117
25 1523 2376 0 1777797278 906323
20 1339 8230 0 1777797278 909974
21 1569 6636 0 1777797278 910039
24 1574 7507 0 1777797278 910754
23 1595 15211 0 1777797278 912132
25 1524 9417 0 1777797278 915741
24 1575 5483 0 1777797278 916240
21 1570 6786 0 1777797278 916827
24 1576 1454 0 1777797278 917700
20 1340 11466 0 1777797278 921444
22 1631 15411 0 1777797278 921530
25 1525 6550 0 1777797278 922294
24 1577 7851 0 1777797278 925554
25 1526 6401 0 1777797278 928701
25 1527 1986 0 1777797278 930692
25 1528 2018 0 1777797278 932711
22 1632 11420 0 1777797278 932951
20 1341 13701 0 1777797278 935148
22 1633 3063 0 1777797278 936016
25 1529 4635 0 1777797278 937350
24 1578 14429 0 1777797278 939987
24 1579 1413 0 1777797278 941403
20 1342 6862 0 1777797278 942014
22 1634 6006 0 1777797278 942024
23 1596 31105 0 1777797278 943239
24 1580 5980 0 1777797278 947388
20 1343 6121 0 1777797278 948146
23 1597 5835 0 1777797278 949077
25 1530 17524 0 1777797278 954876
25 1531 2393 0 1777797278 957272
20 1344 10781 0 1777797278 958929
21 1571 44616 0 1777797278 961445
25 1532 5614 0 1777797278 962892
20 1345 12496 0 1777797278 971427
22 1635 29904 0 1777797278 971942
24 1581 25766 0 1777797278 973162
21 1572 12070 0 1777797278 973517
24 1582 3480 0 1777797278 976644
22 1636 4857 0 1777797278 976801
21 1573 5886 0 1777797278 979406
20 1346 11903 0 1777797278 983332
24 1583 7366 0 1777797278 984019
23 1598 36833 0 1777797278 985912
21 1574 7008 0 1777797278 986422
21 1575 1155 0 1777797278 987581
24 1584 5038 0 1777797278 989059
20 1347 11233 0 1777797278 994567
22 1637 17789 0 1777797278 994591
23 1599 8693 0 1777797278 994608
24 1585 5551 0 1777797278 994615
25 1533 31721 0 1777797278 994620
21 1576 9185 0 1777797278 996777
25 1534 3553 0 1777797278 998238
25 1535 3221 0 1777797279 1461
22 1638 7810 0 1777797279 2447
22 1639 2539 0 1777797279 4988
25 1536 3532 0 1777797279 4995
20 1348 10764 0 1777797279 5385
21 1577 8821 0 1777797279 5600
22 1640 4351 0 1777797279 9347
23 1600 15147 0 1777797279 9811
23 1601 3209 0 1777797279 13024
20 1349 8882 0 1777797279 14268
22 1641 5133 0 1777797279 14482
22 1642 2115 0 1777797279 16599
25 1537 12347 0 1777797279 17375
20 1350 6154 0 1777797279 20427
21 1578 14863 0 1777797279 20465
24 1586 28973 0 1777797279 23644
23 1602 10671 0 1777797279 23698
22 1643 8356 0 1777797279 25030
25 1538 8257 0 1777797279 25634
23 1603 6439 0 1777797279 30139
24 1587 9190 0 1777797279 32836
21 1579 13234 0 1777797279 33700
20 1351 15707 0 1777797279 36140
25 1539 10553 0 1777797279 36191
22 1644 12213 0 1777797279 37245
23 1604 10160 0 1777797279 40303
21 1580 10813 0 1777797279 44517
25 1540 9145 0 1777797279 45337
20 1352 9396 0 1777797279 45545
23 1605 7117 0 1777797279 47429
22 1645 10788 0 1777797279 48035
24 1588 15313 0 1777797279 48150
21 1581 3927 0 1777797279 48446
20 1353 9112 0 1777797279 54659
23 1606 7545 0 1777797279 54977
24 1589 7016 0 1777797279 55167
25 1541 9860 0 1777797279 55199
23 1607 2061 0 1777797279 57039
22 1646 9040 0 1777797279 57077
21 1582 13964 0 1777797279 62412
25 1542 7229 0 1777797279 62429
20 1354 9231 0 1777797279 63891
24 1590 9419 0 1777797279 64588
22 1647 7529 0 1777797279 64607
23 1608 7699 0 1777797279 64746
22 1648 5784 0 1777797279 70393
20 1355 7264 0 1777797279 71157
21 1583 8742 0 1777797279 71173
25 1543 9249 0 1777797279 71715
24 1591 7164 0 1777797279 71754
20 1356 4730 0 1777797279 75904
21 1584 4726 0 1777797279 75909
23 1609 11167 0 1777797279 75914
22 1649 8488 0 1777797279 78883
25 1544 7708 0 1777797279 79424
21 1585 5225 0 1777797279 81146
20 1357 9477 0 1777797279 85392
25 1545 7003 0 1777797279 86429
24 1592 16628 0 1777797279 88385
22 1650 10551 0 1777797279 89442
21 1586 8379 0 1777797279 89528
24 1593 7457 0 1777797279 95848
23 1610 19961 0 1777797279 95887
25 1546 9651 0 1777797279 96082
20 1358 15024 0 1777797279 100418
22 1651 11022 0 1777797279 100473
23 1611 4921 0 1777797279 100809
21 1587 15152 0 1777797279 104681
25 1547 10045 0 1777797279 106128
20 1359 9146 0 1777797279 109569
24 1594 13725 0 1777797279 109576
22 1652 9181 0 1777797279 109655
21 1588 7050 0 1777797279 111733
23 1612 11621 0 1777797279 112432
24 1595 8263 0 1777797279 117849
25 1548 12929 0 1777797279 119060
23 1613 6767 0 1777797279 119201
22 1653 10488 0 1777797279 120145
21 1589 8468 0 1777797279 120206
20 1360 12219 0 1777797279 121797
24 1596 7597 0 1777797279 125447
25 1549 10613 0 1777797279 129675
23 1614 10542 0 1777797279 129744
21 1590 12474 0 1777797279 132681
24 1597 10526 0 1777797279 135975
22 1654 19670 0 1777797279 139818
20 1361 18052 0 1777797279 139851
23 1615 10918 0 1777797279 140664
21 1591 8011 0 1777797279 140697
25 1550 11027 0 1777797279 140703
24 1598 5524 0 1777797279 141509
20 1362 7032 0 1777797279 146884
25 1551 6231 0 1777797279 146945
22 1655 7141 0 1777797279 146962
21 1592 9899 0 1777797279 150603
23 1616 11521 0 1777797279 152192
22 1656 5809 0 1777797279 152772
24 1599 13229 0 1777797279 154740
25 1552 7813 0 1777797279 154760
23 1617 4114 0 1777797279 156308
22 1657 4767 0 1777797279 157541
24 1600 6888 0 1777797279 161650
22 1658 7126 0 1777797279 164671
20 1363 18138 0 1777797279 165025
25 1553 10421 0 1777797279 165196
21 1593 15074 0 1777797279 165679
23 1618 12119 0 1777797279 168436
20 1364 5571 0 1777797279 170598
22 1659 6745 0 1777797279 171418
24 1601 10420 0 1777797279 172072
23 1619 8622 0 1777797279 177060
22 1660 5844 0 1777797279 177264
24 1602 6835 0 1777797279 178909
20 1365 10745 0 1777797279 181346
21 1594 15679 0 1777797279 181360
25 1554 17167 0 1777797279 182364
20 1366 6541 0 1777797279 187903
24 1603 8998 0 1777797279 187908
25 1555 5693 0 1777797279 188059
20 1367 2250 0 1777797279 190159
25 1556 2104 0 1777797279 190164
22 1661 15581 0 1777797279 192847
25 1557 8190 0 1777797279 198361
20 1368 8289 0 1777797279 198454
24 1604 10544 0 1777797279 198460
22 1662 6738 0 1777797279 199595
24 1605 2624 0 1777797279 201095
25 1558 3008 0 1777797279 201378
22 1663 4222 0 1777797279 203819
20 1369 6881 0 1777797279 205342
21 1595 32425 0 1777797279 213812
24 1606 12718 0 1777797279 213817
25 1559 12441 0 1777797279 213822
22 1664 10888 0 1777797279 214710
20 1370 9987 0 1777797279 215336
24 1607 5631 0 1777797279 219462
20 1371 4499 0 1777797279 219839
21 1596 6025 0 1777797279 219848
21 1597 7687 0 1777797279 227547
24 1608 8690 0 1777797279 228211
20 1372 8412 0 1777797279 228262
22 1665 13953 0 1777797279 228665
25 1560 15708 0 1777797279 229546
23 1620 53536 0 1777797279 230598
22 1666 2568 0 1777797279 231235
20 1373 4084 0 1777797279 232347
25 1561 3547 0 1777797279 233099
24 1609 7913 0 1777797279 236126
25 1562 5796 0 1777797279 238900
23 1621 8837 0 1777797279 239439
20 1374 8313 0 1777797279 240662
22 1667 9689 0 1777797279 240926
21 1598 14263 0 1777797279 241812
22 1668 8008 0 1777797279 248936
25 1563 10065 0 1777797279 248967
23 1622 10061 0 1777797279 249502
20 1375 10149 0 1777797279 250818
24 1610 16007 0 1777797279 252141
21 1599 12434 0 1777797279 254251
20 1376 4317 0 1777797279 255137
21 1600 1002 0 1777797279 255258
22 1669 6315 0 1777797279 255283
21 1601 4750 0 1777797279 260009
23 1623 10709 0 1777797279 260213
23 1624 6050 0 1777797279 266265
21 1602 7338 0 1777797279 267348
24 1611 15232 0 1777797279 267375
25 1564 19013 0 1777797279 267999
22 1670 16933 0 1777797279 272217
24 1612 5059 0 1777797279 272448
20 1377 23510 0 1777797279 278648
21 1603 11278 0 1777797279 278655
22 1671 6500 0 1777797279 278721
24 1613 7811 0 1777797279 280261
20 1378 4498 0 1777797279 283221
24 1614 3456 0 1777797279 283719
22 1672 7141 0 1777797279 285886
23 1625 19644 0 1777797279 285916
25 1565 18177 0 1777797279 286180
22 1673 2156 0 1777797279 288044
25 1566 7784 0 1777797279 293965
23 1626 8216 0 1777797279 294133
20 1379 11232 0 1777797279 294457
24 1615 11224 0 1777797279 294945
23 1627 1760 0 1777797279 295895
20 1380 5677 0 1777797279 300136
22 1674 14415 0 1777797279 302462
25 1567 9884 0 1777797279 303850
23 1628 7978 0 1777797279 303875
24 1616 11753 0 1777797279 306702
21 1604 32548 0 1777797279 311284
25 1568 7470 0 1777797279 311326
23 1629 7468 0 1777797279 311343
20 1381 11277 0 1777797279 311418
22 1675 9401 0 1777797279 311865
23 1630 4219 0 1777797279 315564
25 1569 4530 0 1777797279 315857
23 1631 3892 0 1777797279 319457
24 1617 13119 0 1777797279 319823
22 1676 10140 0 1777797279 322007
22 1677 6561 0 1777797279 328571
25 1570 12754 0 1777797279 328613
23 1632 10419 0 1777797279 329877
20 1382 18816 0 1777797279 330235
24 1618 10518 0 1777797279 330342
22 1678 6293 0 1777797279 334907
23 1633 5871 0 1777797279 335750
24 1619 7695 0 1777797279 338038
20 1383 9963 0 1777797279 340198
22 1679 5324 0 1777797279 340232
25 1571 11649 0 1777797279 340285
20 1384 6501 0 1777797279 346707
22 1680 6530 0 1777797279 346763
23 1634 11268 0 1777797279 347021
24 1620 9178 0 1777797279 347223
25 1572 7022 0 1777797279 347309
20 1385 16612 0 1777797279 363328
24 1621 16629 0 1777797279 363853
25 1573 16553 0 1777797279 363864
22 1681 18683 0 1777797279 365447
23 1635 18944 0 1777797279 365967
25 1574 5194 0 1777797279 369070
24 1622 7304 0 1777797279 371169
20 1386 7907 0 1777797279 371238
23 1636 9022 0 1777797279 374991
22 1682 9787 0 1777797279 375237
23 1637 5904 0 1777797279 380900
23 1638 4718 0 1777797279 385621
20 1387 14849 0 1777797279 386088
25 1575 17448 0 1777797279 386526
22 1683 15062 0 1777797279 390302
20 1388 10250 0 1777797279 396340
25 1576 10340 0 1777797279 396867
23 1639 14017 0 1777797279 399642
24 1623 28478 0 1777797279 399652
20 1389 8213 0 1777797279 404557
24 1624 13110 0 1777797279 412777
21 1605 102590 0 1777797279 413877
21 1606 8138 0 1777797279 422019
21 1607 2427 0 1777797279 424448
23 1640 25844 0 1777797279 425497
24 1625 14813 0 1777797279 427592
20 1390 23060 0 1777797279 427623
22 1684 41264 0 1777797279 431568
23 1641 6237 0 1777797279 431737
25 1577 38762 0 1777797279 435631
23 1642 11898 0 1777797279 443637
23 1643 3171 0 1777797279 446817
25 1578 11190 0 1777797279 446824
22 1685 15529 0 1777797279 447099
24 1626 20171 0 1777797279 447767
22 1686 2517 0 1777797279 449619
25 1579 3037 0 1777797279 449880
22 1687 1385 0 1777797279 451009
22 1688 2708 0 1777797279 453725
22 1689 1945 0 1777797279 455673
22 1690 1066 0 1777797279 456742
22 1691 1095 0 1777797279 457840
21 1608 34866 0 1777797279 459317
24 1627 16143 0 1777797279 463913
22 1692 7268 0 1777797279 465110
22 1693 4638 0 1777797279 469751
22 1694 9180 0 1777797279 478934
23 1644 32117 0 1777797279 478942
21 1609 20715 0 1777797279 480315
25 1580 30441 0 1777797279 480323
22 1695 3462 0 1777797279 482406
20 1391 58183 0 1777797279 485808
22 1696 3418 0 1777797279 485830
23 1645 8797 0 1777797279 487749
25 1581 9380 0 1777797279 489716
22 1697 4704 0 1777797279 490551
25 1582 2867 0 1777797279 492585
20 1392 6927 0 1777797279 492758
21 1610 14819 0 1777797279 495143
22 1698 6393 0 1777797279 496947
22 1699 1916 0 1777797279 498866
23 1646 11277 0 1777797279 499028
25 1583 7802 0 1777797279 500389
24 1628 42108 0 1777797279 506026
23 1647 7730 0 1777797279 506760
20 1393 23853 0 1777797279 516612
25 1584 21523 0 1777797279 521914
20 1394 10487 0 1777797279 527102
21 1611 36304 0 1777797279 531449
22 1700 32586 0 1777797279 531454
25 1585 9541 0 1777797279 531459
20 1395 13625 0 1777797279 540732
21 1612 9279 0 1777797279 540738
22 1701 9277 0 1777797279 540742
22 1702 5901 0 1777797279 546655
24 1629 41227 0 1777797279 547255
20 1396 6854 0 1777797279 547597
21 1613 14328 0 1777797279 555078
22 1703 8428 0 1777797279 555085
24 1630 8681 0 1777797279 555938
25 1586 24485 0 1777797279 555954
20 1397 8960 0 1777797279 556558
23 1648 58206 0 1777797279 564967
25 1587 9011 0 1777797279 564982
21 1614 10287 0 1777797279 565386
22 1704 10598 0 1777797279 565708
24 1631 12021 0 1777797279 567976
20 1398 11486 0 1777797279 568046
20 1399 5795 0 1777797279 573842
22 1705 8146 0 1777797279 573856
24 1632 5883 0 1777797279 573862
25 1588 11847 0 1777797279 576840
21 1615 16126 0 1777797279 581514
23 1649 16575 0 1777797279 581558
20 1400 8130 0 1777797279 581993
20 1401 5462 0 1777797279 587457
21 1616 5961 0 1777797279 587478
24 1633 13689 0 1777797279 587571
22 1706 14466 0 1777797279 588339
23 1650 7277 0 1777797279 588837
20 1402 4343 0 1777797279 591803
21 1617 4331 0 1777797279 591810
24 1634 4242 0 1777797279 591815
22 1707 4771 0 1777797279 593114
23 1651 6964 0 1777797279 595802
24 1635 6252 0 1777797279 598128
21 1618 6654 0 1777797279 598478
22 1708 11029 0 1777797279 604146
23 1652 9618 0 1777797279 605422
25 1589 28665 0 1777797279 605507
24 1636 7944 0 1777797279 606074
20 1403 14452 0 1777797279 606268
25 1590 3147 0 1777797279 608656
25 1591 7551 0 1777797279 616211
20 1404 9986 0 1777797279 616257
21 1619 17795 0 1777797279 616275
22 1709 12240 0 1777797279 616389
24 1637 14088 0 1777797279 620164
23 1653 14845 0 1777797279 620273
20 1405 20174 0 1777797279 636432
24 1638 17469 0 1777797279 637636
21 1620 24545 0 1777797279 640821
23 1654 20712 0 1777797279 640986
22 1710 24767 0 1777797279 641158
25 1592 25679 0 1777797279 641901
20 1406 6723 0 1777797279 643156
24 1639 8135 0 1777797279 645771
24 1640 12744 0 1777797279 658518
21 1621 17735 0 1777797279 658562
23 1655 19489 0 1777797279 660478
22 1711 20095 0 1777797279 661254
25 1593 20760 0 1777797279 662663
24 1641 8558 0 1777797279 667105
23 1656 14195 0 1777797279 674675
25 1594 12396 0 1777797279 675060
22 1712 14453 0 1777797279 675709
22 1713 5830 0 1777797279 681540
24 1642 15050 0 1777797279 682160
20 1407 46293 0 1777797279 689451
22 1714 15491 0 1777797279 697042
25 1595 25407 0 1777797279 700469
24 1643 20315 0 1777797279 702477
21 1622 45390 0 1777797279 703953
22 1715 7863 0 1777797279 704907
20 1408 15493 0 1777797279 704945
22 1716 682 0 1777797279 705595
22 1717 878 0 1777797279 706475
25 1596 6156 0 1777797279 706628
24 1644 5952 0 1777797279 708431
20 1409 5435 0 1777797279 710381
23 1657 36686 0 1777797279 711366
21 1623 8203 0 1777797279 712160
22 1718 6087 0 1777797279 712566
25 1597 6885 0 1777797279 713515
22 1719 2937 0 1777797279 715506
24 1645 7317 0 1777797279 715751
20 1410 6515 0 1777797279 716899
21 1624 7249 0 1777797279 719410
20 1411 3922 0 1777797279 720825
24 1646 5081 0 1777797279 720834
21 1625 2238 0 1777797279 721656
22 1720 8472 0 1777797279 723980
20 1412 3330 0 1777797279 724164
24 1647 4226 0 1777797279 725077
25 1598 11566 0 1777797279 725083
25 1599 1709 0 1777797279 726895
22 1721 4571 0 1777797279 728553
25 1600 3667 0 1777797279 730564
24 1648 5423 0 1777797279 730594
20 1413 7402 0 1777797279 731568
21 1626 10449 0 1777797279 732109
25 1601 2079 0 1777797279 732645
24 1649 3369 0 1777797279 733964
20 1414 6939 0 1777797279 738511
22 1722 16707 0 1777797279 745263
20 1415 9314 0 1777797279 747828
21 1627 15746 0 1777797279 747857
24 1650 13898 0 1777797279 747867
25 1602 15450 0 1777797279 748100
25 1603 1461 0 1777797279 749562
22 1723 9199 0 1777797279 754465
20 1416 7861 0 1777797279 755696
23 1658 44763 0 1777797279 756132
23 1659 1627 0 1777797279 757764
20 1417 2255 0 1777797279 757955
25 1604 9683 0 1777797279 759248
22 1724 5022 0 1777797279 759491
24 1651 11958 0 1777797279 759836
23 1660 3108 0 1777797279 760874
25 1605 1632 0 1777797279 760882
22 1725 1819 0 1777797279 761311
24 1652 2109 0 1777797279 761946
22 1726 935 0 1777797279 762249
22 1727 587 0 1777797279 762839
23 1661 2036 0 1777797279 762919
25 1606 2744 0 1777797279 763637
24 1653 2662 0 1777797279 764609
21 1628 17650 0 1777797279 765519
25 1607 2798 0 1777797279 766437
24 1654 2549 0 1777797279 767160
23 1662 4487 0 1777797279 767407
25 1608 1780 0 1777797279 768220
20 1418 13104 0 1777797279 771061
24 1655 3904 0 1777797279 771068
21 1629 6713 0 1777797279 772235
20 1419 2098 0 1777797279 773169
22 1728 11688 0 1777797279 774528
22 1729 3167 0 1777797279 777697
21 1630 6271 0 1777797279 778510
20 1420 7394 0 1777797279 780570
25 1609 20008 0 1777797279 788230
22 1730 10574 0 1777797279 788276
24 1656 17393 0 1777797279 788473
23 1663 21162 0 1777797279 788570
21 1631 12627 0 1777797279 791142
24 1657 2890 0 1777797279 791364
20 1421 11773 0 1777797279 792347
21 1632 4425 0 1777797279 795571
21 1633 2725 0 1777797279 798299
23 1664 11439 0 1777797279 800010
21 1634 1934 0 1777797279 800236
21 1635 1556 0 1777797279 801794
23 1665 4814 0 1777797279 804826
21 1636 3050 0 1777797279 804846
25 1610 17530 0 1777797279 805769
25 1611 2292 0 1777797279 808063
24 1658 17293 0 1777797279 808660
22 1731 20400 0 1777797279 808677
21 1637 6672 0 1777797279 811519
20 1422 20687 0 1777797279 813040
22 1732 4401 0 1777797279 813079
23 1666 8917 0 1777797279 813746
24 1659 6487 0 1777797279 815149
20 1423 3373 0 1777797279 816416
25 1612 10549 0 1777797279 818614
24 1660 4661 0 1777797279 819815
21 1638 8503 0 1777797279 820024
22 1733 7370 0 1777797279 820450
20 1424 4918 0 1777797279 821340
25 1613 2736 0 1777797279 821352
22 1734 2219 0 1777797279 822671
20 1425 3392 0 1777797279 824745
21 1639 4742 0 1777797279 824769
25 1614 3508 0 1777797279 824873
24 1661 5629 0 1777797279 825446
22 1735 3389 0 1777797279 826062
20 1426 3996 0 1777797279 828871
25 1615 3995 0 1777797279 828890
24 1662 4201 0 1777797279 829649
20 1427 3748 0 1777797279 832641
21 1640 7949 0 1777797279 832836
20 1428 5479 0 1777797279 838124
21 1641 5476 0 1777797279 838314
22 1736 13831 0 1777797279 839895
25 1616 12959 0 1777797279 841877
22 1737 2389 0 1777797279 842287
20 1429 4552 0 1777797279 842680
24 1663 13032 0 1777797279 842686
21 1642 11199 0 1777797279 849514
25 1617 8655 0 1777797279 850543
22 1738 9833 0 1777797279 852121
24 1664 9435 0 1777797279 852129
20 1430 10490 0 1777797279 853177
22 1739 1897 0 1777797279 854027
20 1431 2044 0 1777797279 855227
24 1665 3585 0 1777797279 855725
22 1740 3182 0 1777797279 857218
25 1618 9854 0 1777797279 860398
22 1741 3552 0 1777797279 860774
24 1666 5746 0 1777797279 861473
25 1619 1478 0 1777797279 861878
20 1432 9000 0 1777797279 864230
24 1667 4241 0 1777797279 865717
21 1643 17713 0 1777797279 867230
21 1644 4502 0 1777797279 871736
21 1645 1381 0 1777797279 873119
21 1646 1001 0 1777797279 874123
21 1647 2131 0 1777797279 876258
20 1433 12976 0 1777797279 877208
25 1620 17378 0 1777797279 879258
22 1742 22865 0 1777797279 883640
24 1668 18129 0 1777797279 883847
25 1621 4792 0 1777797279 884053
25 1622 3899 0 1777797279 887953
22 1743 4981 0 1777797279 888631
20 1434 12271 0 1777797279 889483
20 1435 1665 0 1777797279 891151
20 1436 3132 0 1777797279 894289
25 1623 6920 0 1777797279 894876
21 1648 18653 0 1777797279 894913
22 1744 7135 0 1777797279 895769
21 1649 3670 0 1777797279 898585
24 1669 15807 0 1777797279 899655
24 1670 2150 0 1777797279 901806
21 1650 4538 0 1777797279 903128
24 1671 4496 0 1777797279 906304
22 1745 10577 0 1777797279 906352
25 1624 11576 0 1777797279 906455
20 1437 12483 0 1777797279 906838
21 1651 3718 0 1777797279 906848
22 1746 4665 0 1777797279 911019
24 1672 6864 0 1777797279 913170
25 1625 7568 0 1777797279 914025
20 1438 7386 0 1777797279 914234
21 1652 7416 0 1777797279 914284
21 1653 5880 0 1777797279 920166
24 1673 7004 0 1777797279 920178
20 1439 5987 0 1777797279 920222
22 1747 9426 0 1777797279 920447
25 1626 6580 0 1777797279 920612
21 1654 6922 0 1777797279 927102
22 1748 6694 0 1777797279 927144
23 1667 113459 0 1777797279 927207
24 1674 7223 0 1777797279 927426
25 1627 6868 0 1777797279 927482
20 1440 8254 0 1777797279 928478
21 1655 8729 0 1777797279 935836
23 1668 8634 0 1777797279 935842
25 1628 8697 0 1777797279 936180
24 1675 8769 0 1777797279 936196
22 1749 9511 0 1777797279 936656
20 1441 10058 0 1777797279 938538
20 1442 8734 0 1777797279 947274
23 1669 11432 0 1777797279 947285
24 1676 11095 0 1777797279 947292
21 1656 11487 0 1777797279 947330
22 1750 10837 0 1777797279 947495
25 1629 11319 0 1777797279 947501
23 1670 7610 0 1777797279 954914
20 1443 8516 0 1777797279 955809
25 1630 8544 0 1777797279 956054
24 1677 13941 0 1777797279 961254
25 1631 5208 0 1777797279 961263
23 1671 6542 0 1777797279 961458
20 1444 7339 0 1777797279 963152
22 1751 15686 0 1777797279 963188
21 1657 16503 0 1777797279 963835
24 1678 7284 0 1777797279 968548
22 1752 8698 0 1777797279 971888
25 1632 10640 0 1777797279 971917
21 1658 8107 0 1777797279 971943
20 1445 8967 0 1777797279 972129
23 1672 10676 0 1777797279 972135
22 1753 7427 0 1777797279 979348
21 1659 8545 0 1777797279 980489
20 1446 8375 0 1777797279 980510
24 1679 11993 0 1777797279 980544
25 1633 8619 0 1777797279 980550
23 1673 8532 0 1777797279 980674
22 1754 3006 0 1777797279 982356
25 1634 6831 0 1777797279 987391
20 1447 7675 0 1777797279 988187
24 1680 7656 0 1777797279 988207
21 1660 8275 0 1777797279 988766
23 1674 8096 0 1777797279 988771
20 1448 6864 0 1777797279 995072
23 1675 7021 0 1777797279 995801
24 1681 7600 0 1777797279 995828
22 1755 13963 0 1777797279 996322
25 1635 9141 0 1777797279 996534
21 1661 13482 0 1777797280 2253
23 1676 7009 0 1777797280 2818
25 1636 7735 0 1777797280 4270
24 1682 9540 0 1777797280 5370
21 1662 3244 0 1777797280 5499
22 1756 9445 0 1777797280 5769
23 1677 9524 0 1777797280 12348
20 1449 17557 0 1777797280 12633
24 1683 8095 0 1777797280 13466
25 1637 9201 0 1777797280 13473
21 1663 8000 0 1777797280 13501
22 1757 7742 0 1777797280 13514
23 1678 8217 0 1777797280 20568
24 1684 7104 0 1777797280 20578
20 1450 8055 0 1777797280 20689
21 1664 7264 0 1777797280 20779
25 1638 10205 0 1777797280 23689
22 1758 10216 0 1777797280 23740
20 1451 3483 0 1777797280 24173
21 1665 8189 0 1777797280 28969
24 1685 8388 0 1777797280 28979
23 1679 9404 0 1777797280 29983
22 1759 7914 0 1777797280 31655
24 1686 4715 0 1777797280 33706
21 1666 4837 0 1777797280 33817
25 1639 10901 0 1777797280 34593
22 1760 4916 0 1777797280 36574
21 1667 5839 0 1777797280 39658
22 1761 4426 0 1777797280 41002
23 1680 17986 0 1777797280 47971
21 1668 8532 0 1777797280 48192
25 1640 13602 0 1777797280 48197
24 1687 14586 0 1777797280 48294
20 1452 29617 0 1777797280 53792
21 1669 6006 0 1777797280 54204
25 1641 6023 0 1777797280 54228
22 1762 15038 0 1777797280 56042
25 1642 2794 0 1777797280 57023
22 1763 6299 0 1777797280 62343
21 1670 8366 0 1777797280 62573
25 1643 5556 0 1777797280 62581
20 1453 11127 0 1777797280 64923
20 1454 1409 0 1777797280 66335
23 1681 20282 0 1777797280 68255
20 1455 4320 0 1777797280 70657
24 1688 25966 0 1777797280 74261
25 1644 12475 0 1777797280 75064
22 1764 14340 0 1777797280 76686
24 1689 5340 0 1777797280 79607
20 1456 10426 0 1777797280 81092
23 1682 13793 0 1777797280 82050
21 1671 24037 0 1777797280 86619
24 1690 7024 0 1777797280 86635
23 1683 6055 0 1777797280 88106
20 1457 7571 0 1777797280 88670
22 1765 12312 0 1777797280 89001
22 1766 1197 0 1777797280 90201
22 1767 1537 0 1777797280 91742
24 1691 8055 0 1777797280 94801
25 1645 22403 0 1777797280 97469
21 1672 10909 0 1777797280 97648
20 1458 10446 0 1777797280 99119
22 1768 8770 0 1777797280 100515
21 1673 4773 0 1777797280 102422
20 1459 10899 0 1777797280 110021
24 1692 15448 0 1777797280 110251
20 1460 3298 0 1777797280 113322
23 1684 25508 0 1777797280 113620
21 1674 13606 0 1777797280 116030
24 1693 7568 0 1777797280 117820
23 1685 5078 0 1777797280 118700
21 1675 6156 0 1777797280 122188
20 1461 10450 0 1777797280 123774
23 1686 9456 0 1777797280 128160
23 1687 2234 0 1777797280 130397
20 1462 8283 0 1777797280 132059
20 1463 23652 0 1777797280 155715
25 1646 58271 0 1777797280 155743
22 1769 55533 0 1777797280 156050
23 1688 25667 0 1777797280 156065
22 1770 2800 0 1777797280 158851
23 1689 6115 0 1777797280 162181
20 1464 7273 0 1777797280 162990
24 1694 45173 0 1777797280 162998
25 1647 7262 0 1777797280 163007
23 1690 2039 0 1777797280 164221
21 1676 42085 0 1777797280 164278
22 1771 7915 0 1777797280 166768
24 1695 6074 0 1777797280 169092
25 1648 6075 0 1777797280 169101
21 1677 6135 0 1777797280 170415
21 1678 7934 0 1777797280 178351
20 1465 15603 0 1777797280 178611
22 1772 11957 0 1777797280 178731
23 1691 14697 0 1777797280 178923
25 1649 9984 0 1777797280 179097
24 1696 10355 0 1777797280 179458
22 1773 9469 0 1777797280 188203
23 1692 9360 0 1777797280 188285
24 1697 9503 0 1777797280 188966
21 1679 10636 0 1777797280 188990
20 1466 11259 0 1777797280 189872
25 1650 11349 0 1777797280 190448
22 1774 6612 0 1777797280 194825
21 1680 9818 0 1777797280 198809
23 1693 10538 0 1777797280 198825
24 1698 9863 0 1777797280 198831
25 1651 8422 0 1777797280 198875
20 1467 13106 0 1777797280 202985
21 1681 6930 0 1777797280 205762
22 1775 10952 0 1777797280 205779
23 1694 7791 0 1777797280 206643
24 1699 8019 0 1777797280 206880
25 1652 8810 0 1777797280 207686
23 1695 5782 0 1777797280 212428
25 1653 4755 0 1777797280 212443
20 1468 9637 0 1777797280 212623
22 1776 6838 0 1777797280 212636
21 1682 7845 0 1777797280 213625
24 1700 8786 0 1777797280 215668
23 1696 4343 0 1777797280 216773
25 1654 8241 0 1777797280 220685
20 1469 8155 0 1777797280 220779
21 1683 8287 0 1777797280 221916
22 1777 9440 0 1777797280 222077
23 1697 6056 0 1777797280 222830
20 1470 3841 0 1777797280 224621
24 1701 9039 0 1777797280 224709
22 1778 3337 0 1777797280 225416
21 1684 7208 0 1777797280 229125
23 1698 6301 0 1777797280 229135
25 1655 10162 0 1777797280 230854
24 1702 7099 0 1777797280 231810
22 1779 7993 0 1777797280 233411
21 1685 6920 0 1777797280 236056
25 1656 5272 0 1777797280 236129
23 1699 7121 0 1777797280 236268
24 1703 5864 0 1777797280 237677
22 1780 6164 0 1777797280 239577
20 1471 14984 0 1777797280 239607
23 1700 8741 0 1777797280 245010
21 1686 9103 0 1777797280 245161
24 1704 7490 0 1777797280 245168
22 1781 5835 0 1777797280 245419
20 1472 6228 0 1777797280 245837
23 1701 1532 0 1777797280 246544
25 1657 11912 0 1777797280 248042
23 1702 6585 0 1777797280 253131
20 1473 8766 0 1777797280 254605
21 1687 9444 0 1777797280 254612
24 1705 10107 0 1777797280 255281
22 1782 9974 0 1777797280 255394
25 1658 7691 0 1777797280 255735
23 1703 2742 0 1777797280 255875
20 1474 3601 0 1777797280 258213
24 1706 2938 0 1777797280 258220
21 1688 6910 0 1777797280 261531
20 1475 4012 0 1777797280 262233
23 1704 6439 0 1777797280 262315
22 1783 7332 0 1777797280 262728
25 1659 7459 0 1777797280 263196
24 1707 5076 0 1777797280 263308
21 1689 4082 0 1777797280 265616
23 1705 3309 0 1777797280 265626
22 1784 5969 0 1777797280 268699
20 1476 7478 0 1777797280 269724
24 1708 6871 0 1777797280 270180
25 1660 7008 0 1777797280 270205
23 1706 4806 0 1777797280 270449
21 1690 8405 0 1777797280 274032
22 1785 5337 0 1777797280 274038
20 1477 4940 0 1777797280 274667
25 1661 5665 0 1777797280 275871
23 1707 7750 0 1777797280 278201
24 1709 8024 0 1777797280 278209
22 1786 4479 0 1777797280 278537
25 1662 4919 0 1777797280 280792
22 1787 2681 0 1777797280 281255
21 1691 8177 0 1777797280 282217
21 1692 1781 0 1777797280 284000
24 1710 5979 0 1777797280 284198
22 1788 4132 0 1777797280 285389
23 1708 8795 0 1777797280 287005
25 1663 6223 0 1777797280 287017
24 1711 6342 0 1777797280 290541
23 1709 3807 0 1777797280 290825
22 1789 5614 0 1777797280 291005
21 1693 7233 0 1777797280 291236
23 1710 4345 0 1777797280 295172
24 1712 4637 0 1777797280 295180
20 1478 22428 0 1777797280 297097
21 1694 7493 0 1777797280 298733
23 1711 6977 0 1777797280 302157
22 1790 11406 0 1777797280 302413
20 1479 5484 0 1777797280 302583
21 1695 7557 0 1777797280 306292
22 1791 4025 0 1777797280 306440
25 1664 19378 0 1777797280 306446
23 1712 7140 0 1777797280 309299
22 1792 5024 0 1777797280 311471
23 1713 3163 0 1777797280 312464
25 1665 7217 0 1777797280 313673
22 1793 4283 0 1777797280 315762
24 1713 20734 0 1777797280 315924
23 1714 5603 0 1777797280 318069
20 1480 16462 0 1777797280 319046
22 1794 3324 0 1777797280 319088
24 1714 4614 0 1777797280 320541
23 1715 4333 0 1777797280 322407
24 1715 2521 0 1777797280 323064
23 1716 2638 0 1777797280 325047
22 1795 7012 0 1777797280 326102
24 1716 3832 0 1777797280 326899
21 1696 22183 0 1777797280 328478
22 1796 3874 0 1777797280 329978
23 1717 6202 0 1777797280 331251
20 1481 13257 0 1777797280 332310
25 1666 18645 0 1777797280 332319
21 1697 5059 0 1777797280 333543
23 1718 2759 0 1777797280 334013
24 1717 7903 0 1777797280 334803
23 1719 3054 0 1777797280 337069
20 1482 5205 0 1777797280 337526
24 1718 4066 0 1777797280 338873
25 1667 8055 0 1777797280 340386
23 1720 3632 0 1777797280 340710
21 1698 8260 0 1777797280 341807
20 1483 5230 0 1777797280 342758
24 1719 4005 0 1777797280 342881
23 1721 5000 0 1777797280 345715
23 1722 2495 0 1777797280 348212
25 1668 8684 0 1777797280 349072
23 1723 1308 0 1777797280 349522
20 1484 8151 0 1777797280 350910
24 1720 8199 0 1777797280 351081
23 1724 5130 0 1777797280 354658
24 1721 3592 0 1777797280 354676
20 1485 4612 0 1777797280 355525
25 1669 10165 0 1777797280 359240
23 1725 6168 0 1777797280 360845
24 1722 6155 0 1777797280 360853
20 1486 6570 0 1777797280 362097
25 1670 3532 0 1777797280 362773
22 1797 41746 0 1777797280 371726
23 1726 10882 0 1777797280 371736
21 1699 30539 0 1777797280 372349
20 1487 10729 0 1777797280 372830
24 1723 12086 0 1777797280 372951
23 1727 4174 0 1777797280 375937
24 1724 3464 0 1777797280 376433
22 1798 5867 0 1777797280 377604
20 1488 5010 0 1777797280 377845
23 1728 2321 0 1777797280 378265
24 1725 2688 0 1777797280 379125
23 1729 2000 0 1777797280 380270
24 1726 2806 0 1777797280 381939
21 1700 9618 0 1777797280 381968
25 1671 19483 0 1777797280 382260
23 1730 2005 0 1777797280 382279
22 1799 5982 0 1777797280 383589
24 1727 2843 0 1777797280 384791
23 1731 2556 0 1777797280 384836
20 1489 9769 0 1777797280 387615
23 1732 5173 0 1777797280 390011
24 1728 7109 0 1777797280 391905
25 1672 9752 0 1777797280 392015
21 1701 10194 0 1777797280 392163
20 1490 4676 0 1777797280 392293
24 1729 2857 0 1777797280 394764
23 1733 5031 0 1777797280 395046
20 1491 4421 0 1777797280 396716
25 1673 5769 0 1777797280 397786
20 1492 5005 0 1777797280 401723
24 1730 9430 0 1777797280 404196
20 1493 4418 0 1777797280 406143
23 1734 12099 0 1777797280 407148
21 1702 17635 0 1777797280 409800
25 1674 13624 0 1777797280 411411
25 1675 2905 0 1777797280 414322
24 1731 11010 0 1777797280 415208
22 1800 33121 0 1777797280 416715
23 1735 9593 0 1777797280 416744
24 1732 3673 0 1777797280 418886
25 1676 7582 0 1777797280 421906
20 1494 15890 0 1777797280 422042
21 1703 12863 0 1777797280 422665
21 1704 4695 0 1777797280 427363
25 1677 5459 0 1777797280 427369
20 1495 7404 0 1777797280 429448
23 1736 13934 0 1777797280 430679
23 1737 1288 0 1777797280 431970
22 1801 15979 0 1777797280 432696
24 1733 13825 0 1777797280 432719
23 1738 1388 0 1777797280 433360
25 1678 6379 0 1777797280 433760
21 1705 8401 0 1777797280 435772
23 1739 7674 0 1777797280 441036
21 1706 5356 0 1777797280 441138
21 1707 3723 0 1777797280 444863
20 1496 15567 0 1777797280 445016
23 1740 6325 0 1777797280 447367
24 1734 14681 0 1777797280 447411
21 1708 5411 0 1777797280 450276
24 1735 2887 0 1777797280 450300
23 1741 3585 0 1777797280 450957
22 1802 19439 0 1777797280 452159
20 1497 9470 0 1777797280 454541
25 1679 25584 0 1777797280 459346
24 1736 13303 0 1777797280 463604
23 1742 12670 0 1777797280 463629
20 1498 9098 0 1777797280 463647
21 1709 13454 0 1777797280 463732
22 1803 13563 0 1777797280 465733
23 1743 2209 0 1777797280 465839
25 1680 6648 0 1777797280 465997
24 1737 4740 0 1777797280 468347
20 1499 7147 0 1777797280 470795
22 1804 14695 0 1777797280 480431
25 1681 16676 0 1777797280 482674
20 1500 15865 0 1777797280 486665
25 1682 5526 0 1777797280 488203
23 1744 31916 0 1777797280 497757
24 1738 29420 0 1777797280 497771
25 1683 152648 0 1777797280 640855
20 1501 154548 0 1777797280 641222
21 1710 183573 0 1777797280 647306
22 1805 169447 0 1777797280 649883
23 1745 152118 0 1777797280 649890
24 1739 155147 0 1777797280 652933
25 1684 12088 0 1777797280 652948
22 1806 14824 0 1777797280 664715
25 1685 12484 0 1777797280 665464
20 1502 28589 0 1777797280 669813
23 1746 21390 0 1777797280 671291
20 1503 21981 0 1777797280 691796
20 1504 8084 0 1777797280 699885
20 1505 13159 0 1777797280 713046
25 1686 53638 0 1777797280 719105
20 1506 10349 0 1777797280 723400
22 1807 58690 0 1777797280 723408
21 1711 76169 0 1777797280 723478
24 1740 70553 0 1777797280 723502
23 1747 56150 0 1777797280 727444
22 1808 5959 0 1777797280 729379
24 1741 10623 0 1777797280 734126
21 1712 11337 0 1777797280 734817
23 1748 8254 0 1777797280 735706
22 1809 8891 0 1777797280 738274
22 1810 6848 0 1777797280 745131
24 1742 11963 0 1777797280 746092
23 1749 10405 0 1777797280 746115
21 1713 23599 0 1777797280 758420
24 1743 12624 0 1777797280 758719
23 1750 12686 0 1777797280 758802
20 1507 36844 0 1777797280 760254
22 1811 15136 0 1777797280 760273
25 1687 45901 0 1777797280 765008
23 1751 6376 0 1777797280 765179
24 1744 6466 0 1777797280 765186
22 1812 8686 0 1777797280 768960
21 1714 11418 0 1777797280 769848
21 1715 2187 0 1777797280 772038
22 1813 7115 0 1777797280 776078
25 1688 17800 0 1777797280 782809
20 1508 22652 0 1777797280 782908
21 1716 10899 0 1777797280 782940
24 1745 18467 0 1777797280 783662
23 1752 18545 0 1777797280 783732
22 1814 14414 0 1777797280 790500
21 1717 8976 0 1777797280 791918
25 1689 9109 0 1777797280 791927
20 1509 14698 0 1777797280 797608
24 1746 14373 0 1777797280 798037
22 1815 8088 0 1777797280 798591
23 1753 14971 0 1777797280 798704
20 1510 6637 0 1777797280 804251
21 1718 12338 0 1777797280 804266
25 1690 12334 0 1777797280 804273
24 1747 8040 0 1777797280 806079
22 1816 9488 0 1777797280 808080
23 1754 9419 0 1777797280 808124
21 1719 4418 0 1777797280 808708
25 1691 9583 0 1777797280 813888
20 1511 12957 0 1777797280 817231
24 1748 11262 0 1777797280 817343
22 1817 9566 0 1777797280 817653
23 1755 12384 0 1777797280 820509
21 1720 11909 0 1777797280 820618
25 1692 13254 0 1777797280 827150
20 1512 10156 0 1777797280 827389
24 1749 10064 0 1777797280 827408
23 1756 7002 0 1777797280 827516
22 1818 10436 0 1777797280 828091
21 1721 9310 0 1777797280 829929
20 1513 7106 0 1777797280 834497
23 1757 6986 0 1777797280 834504
25 1693 7355 0 1777797280 834507
22 1819 10793 0 1777797280 838885
24 1750 12329 0 1777797280 839739
25 1694 10169 0 1777797280 844694
21 1722 14861 0 1777797280 844796
23 1758 10285 0 1777797280 844804
20 1514 13387 0 1777797280 847895
22 1820 13506 0 1777797280 852396
24 1751 12682 0 1777797280 852423
25 1695 7780 0 1777797280 852484
23 1759 9885 0 1777797280 854702
21 1723 10055 0 1777797280 854860
23 1760 7538 0 1777797280 862250
20 1515 15711 0 1777797280 863609
21 1724 8833 0 1777797280 863696
25 1696 11808 0 1777797280 864294
22 1821 12775 0 1777797280 865201
24 1752 13287 0 1777797280 865747
22 1822 4826 0 1777797280 870028
23 1761 7781 0 1777797280 870033
25 1697 7242 0 1777797280 871537
21 1725 8264 0 1777797280 871961
25 1698 5014 0 1777797280 876553
20 1516 13023 0 1777797280 876633
22 1823 6911 0 1777797280 876944
23 1762 9869 0 1777797280 879909
21 1726 9861 0 1777797280 881840
25 1699 7004 0 1777797280 883559
22 1824 10541 0 1777797280 887543
24 1753 22167 0 1777797280 887915
25 1700 6004 0 1777797280 889565
20 1517 13568 0 1777797280 890202
21 1727 8368 0 1777797280 890210
22 1825 4627 0 1777797280 892171
24 1754 6058 0 1777797280 893975
20 1518 6094 0 1777797280 896305
25 1701 6747 0 1777797280 896314
22 1826 4183 0 1777797280 896357
21 1728 8868 0 1777797280 899089
23 1763 19389 0 1777797280 899301
20 1519 3054 0 1777797280 899369
24 1755 6460 0 1777797280 900437
21 1729 6947 0 1777797280 906041
25 1702 11435 0 1777797280 907774
21 1730 2232 0 1777797280 908275
25 1703 1098 0 1777797280 908874
23 1764 11128 0 1777797280 910431
25 1704 1724 0 1777797280 910600
21 1731 4979 0 1777797280 913258
23 1765 4687 0 1777797280 915120
25 1705 4527 0 1777797280 915128
20 1520 19664 0 1777797280 919034
25 1706 5197 0 1777797280 920335
24 1756 20754 0 1777797280 921193
22 1827 26446 0 1777797280 922804
23 1766 10255 0 1777797280 925385
21 1732 12211 0 1777797280 925471
20 1521 13534 0 1777797280 932570
22 1828 9769 0 1777797280 932576
25 1707 12551 0 1777797280 932890
24 1757 12389 0 1777797280 933586
23 1767 10983 0 1777797280 936377
24 1758 3955 0 1777797280 937545
20 1522 8456 0 1777797280 941033
22 1829 8631 0 1777797280 941216
21 1733 18762 0 1777797280 944234
24 1759 10802 0 1777797280 948348
22 1830 7924 0 1777797280 949142
20 1523 12454 0 1777797280 953496
25 1708 20614 0 1777797280 953505
24 1760 7336 0 1777797280 955691
21 1734 13708 0 1777797280 957945
23 1768 21577 0 1777797280 957957
24 1761 9265 0 1777797280 964959
24 1762 773 0 1777797280 965734
20 1524 18679 0 1777797280 972185
22 1831 24017 0 1777797280 973170
25 1709 19648 0 1777797280 973181
23 1769 15279 0 1777797280 973248
23 1770 4153 0 1777797280 977403
24 1763 12516 0 1777797280 978252
25 1710 6098 0 1777797280 979299
21 1735 21581 0 1777797280 979540
23 1771 3367 0 1777797280 980771
24 1764 3668 0 1777797280 981921
22 1832 10146 0 1777797280 983328
21 1736 3814 0 1777797280 983357
20 1525 12747 0 1777797280 984934
25 1711 6783 0 1777797280 986084
24 1765 4180 0 1777797280 986104
21 1737 3259 0 1777797280 986618
23 1772 9243 0 1777797280 990017
21 1738 3817 0 1777797280 990439
24 1766 4816 0 1777797280 990921
22 1833 8627 0 1777797280 991957
21 1739 3201 0 1777797280 993642
23 1773 4984 0 1777797280 995008
24 1767 5271 0 1777797280 996194
21 1740 4001 0 1777797280 997645
24 1768 4726 0 1777797281 923
21 1741 4199 0 1777797281 1845
25 1712 15766 0 1777797281 1852
20 1526 19381 0 1777797281 4318
22 1834 13703 0 1777797281 5663
25 1713 9211 0 1777797281 11077
23 1774 16225 0 1777797281 11236
20 1527 7640 0 1777797281 11961
21 1742 10337 0 1777797281 12190
24 1769 11310 0 1777797281 12236
21 1743 1934 0 1777797281 14125
23 1775 5786 0 1777797281 17023
21 1744 3856 0 1777797281 17984
24 1770 6335 0 1777797281 18572
21 1745 1216 0 1777797281 19204
24 1771 3445 0 1777797281 22020
23 1776 7262 0 1777797281 24287
21 1746 7009 0 1777797281 26214
20 1528 17560 0 1777797281 29524
22 1835 24748 0 1777797281 30413
22 1836 3019 0 1777797281 33434
21 1747 8702 0 1777797281 34918
24 1772 17804 0 1777797281 39828
21 1748 5106 0 1777797281 40027
23 1777 16587 0 1777797281 40888
21 1749 886 0 1777797281 40915
21 1750 1603 0 1777797281 42519
20 1529 14480 0 1777797281 44006
24 1773 4186 0 1777797281 44016
21 1751 4453 0 1777797281 46974
24 1774 4164 0 1777797281 48197
21 1752 2982 0 1777797281 49958
24 1775 6796 0 1777797281 54995
21 1753 6787 0 1777797281 56752
23 1778 23418 0 1777797281 64310
21 1754 14016 0 1777797281 70769
22 1837 38093 0 1777797281 71572
21 1755 1492 0 1777797281 72265
23 1779 8184 0 1777797281 72497
21 1756 725 0 1777797281 72992
21 1757 1021 0 1777797281 74017
21 1758 2630 0 1777797281 76650
23 1780 4485 0 1777797281 76984
20 1530 36237 0 1777797281 80254
24 1776 26818 0 1777797281 81815
22 1838 11497 0 1777797281 83074
22 1839 2864 0 1777797281 85940
20 1531 8960 0 1777797281 89216
22 1840 4769 0 1777797281 90713
24 1777 10264 0 1777797281 92081
22 1841 2672 0 1777797281 93387
25 1714 87318 0 1777797281 98406
20 1532 9315 0 1777797281 98534
23 1781 21873 0 1777797281 98859
21 1759 28124 0 1777797281 104777
25 1715 6379 0 1777797281 104791
20 1533 6286 0 1777797281 104821
23 1782 7184 0 1777797281 106044
21 1760 2807 0 1777797281 107598
24 1778 16853 0 1777797281 108938
21 1761 8632 0 1777797281 116232
25 1716 11445 0 1777797281 116249
20 1534 11811 0 1777797281 116633
23 1783 10674 0 1777797281 116720
22 1842 26478 0 1777797281 119920
22 1843 3599 0 1777797281 123527
20 1535 10090 0 1777797281 126725
21 1762 10797 0 1777797281 127047
22 1844 3593 0 1777797281 127122
21 1763 4157 0 1777797281 131206
20 1536 8263 0 1777797281 134998
24 1779 26077 0 1777797281 135017
20 1537 5953 0 1777797281 140955
24 1780 7039 0 1777797281 142057
20 1538 4051 0 1777797281 145009
21 1764 17753 0 1777797281 148961
24 1781 11474 0 1777797281 153539
23 1784 39952 0 1777797281 156672
21 1765 8027 0 1777797281 156991
22 1845 33345 0 1777797281 160468
23 1785 7955 0 1777797281 164629
20 1539 20333 0 1777797281 165344
24 1782 12550 0 1777797281 166105
21 1766 13049 0 1777797281 170042
22 1846 11455 0 1777797281 171926
24 1783 6392 0 1777797281 172499
20 1540 10484 0 1777797281 175830
23 1786 12475 0 1777797281 177110
22 1847 8496 0 1777797281 180430
21 1767 11261 0 1777797281 181307
20 1541 12805 0 1777797281 188637
25 1717 72438 0 1777797281 188716
23 1787 15033 0 1777797281 192145
20 1542 5022 0 1777797281 193661
21 1768 12412 0 1777797281 193722
25 1718 6369 0 1777797281 195086
22 1848 20166 0 1777797281 200604
22 1849 3815 0 1777797281 204421
21 1769 11435 0 1777797281 205157
21 1770 2665 0 1777797281 207827
25 1719 12747 0 1777797281 207836
25 1720 3992 0 1777797281 211840
21 1771 4198 0 1777797281 212035
22 1850 7948 0 1777797281 212373
20 1543 19179 0 1777797281 212842
22 1851 2278 0 1777797281 214653
21 1772 3279 0 1777797281 215316
25 1721 4974 0 1777797281 216816
21 1773 3506 0 1777797281 218825
20 1544 8684 0 1777797281 221531
24 1784 49038 0 1777797281 221540
20 1545 4453 0 1777797281 225994
22 1852 11345 0 1777797281 226002
24 1785 5742 0 1777797281 227295
23 1788 37401 0 1777797281 229554
25 1722 13378 0 1777797281 230195
22 1853 4467 0 1777797281 230483
22 1854 2728 0 1777797281 233214
24 1786 8479 0 1777797281 235777
20 1546 9853 0 1777797281 235856
25 1723 5867 0 1777797281 236064
20 1547 22818 0 1777797281 258676
25 1724 25526 0 1777797281 261592
21 1774 43294 0 1777797281 262122
23 1789 33618 0 1777797281 263175
24 1787 28212 0 1777797281 263991
23 1790 1928 0 1777797281 265111
22 1855 33176 0 1777797281 266392
24 1788 2911 0 1777797281 266904
20 1548 9007 0 1777797281 267684
25 1725 8976 0 1777797281 270571
20 1549 9641 0 1777797281 277327
25 1726 6952 0 1777797281 277536
21 1775 16744 0 1777797281 278870
24 1789 13371 0 1777797281 280277
25 1727 9701 0 1777797281 287238
22 1856 30321 0 1777797281 296716
21 1776 18054 0 1777797281 296927
20 1550 19621 0 1777797281 296950
23 1791 32026 0 1777797281 297139
24 1790 16866 0 1777797281 297145
25 1728 10041 0 1777797281 297410
25 1729 3398 0 1777797281 300811
21 1777 4925 0 1777797281 301855
24 1791 13295 0 1777797281 310449
23 1792 13944 0 1777797281 311090
23 1793 7957 0 1777797281 319050
25 1730 21971 0 1777797281 322788
23 1794 4281 0 1777797281 323335
23 1795 3975 0 1777797281 327313
21 1778 26595 0 1777797281 328452
24 1792 19826 0 1777797281 330280
21 1779 6187 0 1777797281 334642
22 1857 40451 0 1777797281 337171
24 1793 10060 0 1777797281 340346
20 1551 45648 0 1777797281 342599
22 1858 8457 0 1777797281 345631
24 1794 5427 0 1777797281 345776
25 1731 23068 0 1777797281 345858
25 1732 1800 0 1777797281 347659
21 1780 14703 0 1777797281 349348
22 1859 6359 0 1777797281 351992
21 1781 4931 0 1777797281 354286
21 1782 2740 0 1777797281 357032
22 1860 8187 0 1777797281 360183
24 1795 14454 0 1777797281 360231
20 1552 20106 0 1777797281 362708
25 1733 18590 0 1777797281 366251
22 1861 20364 0 1777797281 380549
20 1553 17876 0 1777797281 380586
24 1796 30282 0 1777797281 390514
22 1862 11451 0 1777797281 392005
25 1734 28658 0 1777797281 394916
20 1554 14898 0 1777797281 395485
24 1797 5481 0 1777797281 395997
21 1783 40144 0 1777797281 397182
25 1735 3290 0 1777797281 398250
21 1784 5399 0 1777797281 402584
25 1736 4449 0 1777797281 402701
22 1863 14070 0 1777797281 406079
20 1555 10855 0 1777797281 406342
23 1796 82381 0 1777797281 409697
21 1785 10405 0 1777797281 412991
25 1737 14030 0 1777797281 416733
23 1797 7750 0 1777797281 417448
20 1556 12969 0 1777797281 419312
22 1864 14508 0 1777797281 420591
21 1786 7819 0 1777797281 420812
21 1787 3165 0 1777797281 423978
23 1798 7132 0 1777797281 424584
20 1557 6424 0 1777797281 425738
23 1799 3246 0 1777797281 427832
22 1865 11245 0 1777797281 431838
20 1558 7469 0 1777797281 433209
24 1798 40934 0 1777797281 436932
23 1800 9437 0 1777797281 437277
25 1738 20566 0 1777797281 437306
21 1788 14097 0 1777797281 438078
22 1866 7510 0 1777797281 439351
24 1799 3166 0 1777797281 440108
25 1739 3034 0 1777797281 440341
20 1559 12798 0 1777797281 446010
22 1867 6664 0 1777797281 446018
21 1789 9424 0 1777797281 447505
20 1560 2572 0 1777797281 448591
24 1800 8908 0 1777797281 449018
24 1801 1802 0 1777797281 450822
23 1801 14819 0 1777797281 452098
25 1740 11768 0 1777797281 452111
21 1790 4721 0 1777797281 452229
23 1802 4369 0 1777797281 456481
24 1802 5678 0 1777797281 456502
23 1803 4807 0 1777797281 461311
21 1791 9915 0 1777797281 462148
23 1804 2453 0 1777797281 463766
23 1805 8655 0 1777797281 472424
21 1792 10582 0 1777797281 472733
25 1741 20766 0 1777797281 472889
22 1868 28002 0 1777797281 474031
24 1803 19519 0 1777797281 476035
20 1561 27587 0 1777797281 476180
21 1793 5102 0 1777797281 477836
23 1806 7102 0 1777797281 479528
20 1562 5505 0 1777797281 481687
21 1794 3856 0 1777797281 481695
21 1795 3057 0 1777797281 484762
22 1869 13139 0 1777797281 487172
24 1804 11574 0 1777797281 487618
20 1563 7782 0 1777797281 489479
21 1796 5760 0 1777797281 490525
22 1870 6465 0 1777797281 493638
21 1797 3596 0 1777797281 494124
23 1807 14600 0 1777797281 494131
24 1805 6519 0 1777797281 494139
20 1564 7813 0 1777797281 497293
23 1808 4757 0 1777797281 498910
25 1742 28680 0 1777797281 501572
20 1565 5313 0 1777797281 502610
25 1743 2613 0 1777797281 504186
20 1566 2950 0 1777797281 505562
21 1798 12240 0 1777797281 506381
20 1567 6307 0 1777797281 511870
23 1809 13878 0 1777797281 512793
25 1744 8645 0 1777797281 512845
21 1799 6875 0 1777797281 513258
24 1806 20612 0 1777797281 514783
21 1800 1752 0 1777797281 515012
21 1801 1336 0 1777797281 516350
23 1810 7085 0 1777797281 519881
22 1871 31578 0 1777797281 525220
23 1811 9677 0 1777797281 529560
24 1807 17237 0 1777797281 532023
24 1808 6549 0 1777797281 538573
21 1802 24657 0 1777797281 541009
20 1568 31862 0 1777797281 543733
24 1809 6214 0 1777797281 544788
21 1803 8917 0 1777797281 549960
23 1812 20469 0 1777797281 550035
24 1810 31863 0 1777797281 576652
23 1813 26705 0 1777797281 576741
25 1745 63978 0 1777797281 576824
22 1872 52167 0 1777797281 577389
21 1804 27541 0 1777797281 577512
22 1873 3696 0 1777797281 581086
23 1814 5744 0 1777797281 582486
21 1805 5012 0 1777797281 582525
24 1811 5896 0 1777797281 582550
22 1874 2531 0 1777797281 583628
23 1815 2904 0 1777797281 585398
22 1875 2128 0 1777797281 585763
24 1812 3710 0 1777797281 586262
25 1746 9656 0 1777797281 586482
25 1747 2538 0 1777797281 589024
23 1816 4615 0 1777797281 590031
22 1876 4403 0 1777797281 590167
24 1813 4768 0 1777797281 591032
22 1877 3073 0 1777797281 593242
21 1806 11289 0 1777797281 593815
23 1817 4323 0 1777797281 594356
22 1878 2298 0 1777797281 595542
23 1818 2743 0 1777797281 597101
21 1807 3452 0 1777797281 597273
20 1569 54028 0 1777797281 597763
23 1819 3762 0 1777797281 600864
21 1808 3723 0 1777797281 600998
25 1748 12912 0 1777797281 601938
23 1820 2609 0 1777797281 603478
22 1879 8377 0 1777797281 603924
23 1821 1298 0 1777797281 604782
23 1822 1028 0 1777797281 605811
25 1749 3987 0 1777797281 605927
24 1814 16584 0 1777797281 607619
25 1750 5761 0 1777797281 611689
21 1809 12831 0 1777797281 613831
22 1880 10026 0 1777797281 613952
20 1570 16272 0 1777797281 614037
23 1823 10151 0 1777797281 615967
21 1810 2942 0 1777797281 616777
25 1751 10480 0 1777797281 622172
22 1881 9890 0 1777797281 623844
24 1815 16925 0 1777797281 624545
25 1752 7084 0 1777797281 629258
21 1811 14651 0 1777797281 631430
25 1753 3065 0 1777797281 632328
24 1816 8146 0 1777797281 632693
24 1817 1362 0 1777797281 634059
21 1812 2803 0 1777797281 634239
21 1813 4995 0 1777797281 639237
24 1818 5425 0 1777797281 639487
25 1754 8326 0 1777797281 640656
25 1755 883 0 1777797281 641542
25 1756 966 0 1777797281 642511
25 1757 966 0 1777797281 643479
21 1814 5924 0 1777797281 645165
24 1819 6747 0 1777797281 646236
25 1758 2890 0 1777797281 646370
20 1571 33296 0 1777797281 647393
25 1759 4222 0 1777797281 650594
24 1820 5474 0 1777797281 651714
22 1882 32736 0 1777797281 656582
25 1760 6033 0 1777797281 656630
23 1824 42268 0 1777797281 658239
22 1883 1699 0 1777797281 658284
25 1761 1719 0 1777797281 658350
24 1821 12416 0 1777797281 664136
25 1762 5974 0 1777797281 664325
21 1815 20240 0 1777797281 665408
20 1572 18034 0 1777797281 665429
22 1884 8543 0 1777797281 666829
23 1825 10830 0 1777797281 669072
22 1885 2596 0 1777797281 669426
25 1763 5507 0 1777797281 669833
22 1886 2720 0 1777797281 672149
21 1816 6831 0 1777797281 672243
25 1764 2477 0 1777797281 672312
24 1822 8640 0 1777797281 672778
20 1573 9296 0 1777797281 674727
25 1765 2924 0 1777797281 675239
24 1823 2822 0 1777797281 675604
23 1826 8609 0 1777797281 677683
20 1574 3115 0 1777797281 677844
22 1887 6217 0 1777797281 678373
25 1766 4021 0 1777797281 679264
23 1827 4540 0 1777797281 682224
20 1575 4830 0 1777797281 682676
23 1828 1682 0 1777797281 683909
21 1817 13809 0 1777797281 686056
20 1576 3917 0 1777797281 686595
24 1824 12302 0 1777797281 687908
25 1767 10717 0 1777797281 689988
22 1888 12148 0 1777797281 690523
20 1577 3949 0 1777797281 690546
21 1818 5816 0 1777797281 691875
20 1578 2362 0 1777797281 692908
21 1819 2123 0 1777797281 694000
24 1825 7925 0 1777797281 695835
20 1579 4805 0 1777797281 697718
24 1826 2098 0 1777797281 697935
21 1820 4899 0 1777797281 698901
20 1580 2903 0 1777797281 700623
20 1581 1878 0 1777797281 702504
21 1821 4863 0 1777797281 703765
24 1827 6828 0 1777797281 704765
20 1582 2838 0 1777797281 705345
21 1822 2737 0 1777797281 706504
24 1828 1744 0 1777797281 706515
25 1768 16528 0 1777797281 706521
20 1583 2624 0 1777797281 707971
21 1823 3756 0 1777797281 710277
24 1829 4088 0 1777797281 710619
25 1769 5190 0 1777797281 711731
25 1770 3033 0 1777797281 714768
20 1584 7826 0 1777797281 715800
21 1824 6073 0 1777797281 716352
22 1889 28443 0 1777797281 718969
23 1829 35065 0 1777797281 718976
21 1825 3459 0 1777797281 719813
22 1890 1150 0 1777797281 720127
20 1585 5410 0 1777797281 721214
25 1771 7543 0 1777797281 722313
21 1826 2551 0 1777797281 722367
25 1772 2279 0 1777797281 724598
23 1830 6111 0 1777797281 725097
22 1891 5476 0 1777797281 725605
20 1586 5484 0 1777797281 726702
21 1827 6197 0 1777797281 728566
24 1830 18241 0 1777797281 728862
25 1773 4508 0 1777797281 729108
20 1587 2987 0 1777797281 729691
23 1831 5646 0 1777797281 730745
20 1588 2301 0 1777797281 731994
25 1774 2895 0 1777797281 732005
21 1828 4004 0 1777797281 732573
21 1829 1283 0 1777797281 733858
22 1892 8909 0 1777797281 734516
21 1830 1166 0 1777797281 735026
22 1893 1439 0 1777797281 735956
20 1589 4819 0 1777797281 736825
23 1832 6656 0 1777797281 737404
21 1831 2622 0 1777797281 737652
25 1775 6267 0 1777797281 738284
21 1832 877 0 1777797281 738531
25 1776 1295 0 1777797281 739581
21 1833 1157 0 1777797281 739690
20 1590 5187 0 1777797281 742014
21 1834 4888 0 1777797281 744580
24 1831 15728 0 1777797281 744592
25 1777 5548 0 1777797281 745132
23 1833 8757 0 1777797281 746163
20 1591 4213 0 1777797281 746232
22 1894 11950 0 1777797281 747909
21 1835 3979 0 1777797281 748572
22 1895 1716 0 1777797281 749627
22 1896 2937 0 1777797281 752566
21 1836 4033 0 1777797281 752608
25 1778 7485 0 1777797281 752618
23 1834 7763 0 1777797281 753932
24 1832 9705 0 1777797281 754309
20 1592 8456 0 1777797281 754690
22 1897 4644 0 1777797281 757220
24 1833 4139 0 1777797281 758452
25 1779 8065 0 1777797281 760694
21 1837 8858 0 1777797281 761477
20 1593 7183 0 1777797281 761934
20 1594 4753 0 1777797281 766692
21 1838 5236 0 1777797281 766716
22 1898 9502 0 1777797281 766724
25 1780 9870 0 1777797281 770565
23 1835 17466 0 1777797281 771404
25 1781 5187 0 1777797281 775755
22 1899 11540 0 1777797281 778275
25 1782 6097 0 1777797281 781856
22 1900 3832 0 1777797281 782114
20 1595 19591 0 1777797281 786285
21 1839 19906 0 1777797281 786631
23 1836 16101 0 1777797281 787507
24 1834 29057 0 1777797281 787510
25 1783 5654 0 1777797281 787514
22 1901 6238 0 1777797281 788359
21 1840 3819 0 1777797281 790451
25 1784 9119 0 1777797281 796643
24 1835 9218 0 1777797281 796738
22 1902 9437 0 1777797281 797800
25 1785 3660 0 1777797281 800304
20 1596 14710 0 1777797281 800998
22 1903 3380 0 1777797281 801182
21 1841 11532 0 1777797281 801990
21 1842 1767 0 1777797281 803759
25 1786 6104 0 1777797281 806411
20 1597 7363 0 1777797281 808365
22 1904 8544 0 1777797281 809728
25 1787 6017 0 1777797281 812430
22 1905 3083 0 1777797281 812819
20 1598 5720 0 1777797281 814089
25 1788 4888 0 1777797281 817320
22 1906 5039 0 1777797281 817860
22 1907 1041 0 1777797281 818903
25 1789 2587 0 1777797281 819908
22 1908 3448 0 1777797281 822354
20 1599 8300 0 1777797281 822392
25 1790 3107 0 1777797281 823018
22 1909 3278 0 1777797281 825642
25 1791 3596 0 1777797281 826620
20 1600 9153 0 1777797281 831546
24 1836 35253 0 1777797281 831992
24 1837 3049 0 1777797281 835043
20 1601 6961 0 1777797281 838514
21 1843 34834 0 1777797281 838595
21 1844 1700 0 1777797281 840297
20 1602 5211 0 1777797281 843730
21 1845 3669 0 1777797281 843968
23 1837 57650 0 1777797281 845165
22 1910 21641 0 1777797281 847285
23 1838 3265 0 1777797281 848435
20 1603 4751 0 1777797281 848483
24 1838 13475 0 1777797281 848521
25 1792 22895 0 1777797281 849522
21 1846 5619 0 1777797281 849588
24 1839 4055 0 1777797281 852577
20 1604 4240 0 1777797281 852725
24 1840 2422 0 1777797281 855001
21 1847 5446 0 1777797281 855036
24 1841 3009 0 1777797281 858017
20 1605 5366 0 1777797281 858092
20 1606 4028 0 1777797281 862123
24 1842 4132 0 1777797281 862151
24 1843 2638 0 1777797281 864791
20 1607 2714 0 1777797281 864842
22 1911 18565 0 1777797281 865853
22 1912 1239 0 1777797281 867094
25 1793 19222 0 1777797281 868748
20 1608 5699 0 1777797281 870542
20 1609 3927 0 1777797281 874473
24 1844 12081 0 1777797281 876874
20 1610 3301 0 1777797281 877776
21 1848 23382 0 1777797281 878419
25 1794 11669 0 1777797281 880420
22 1913 13638 0 1777797281 880734
22 1914 1065 0 1777797281 881800
24 1845 5028 0 1777797281 881904
25 1795 2107 0 1777797281 882529
22 1915 950 0 1777797281 882752
20 1611 9074 0 1777797281 886853
21 1849 8505 0 1777797281 886926
25 1796 4414 0 1777797281 886946
22 1916 4390 0 1777797281 887144
23 1839 40893 0 1777797281 889333
23 1840 1025 0 1777797281 890364
21 1850 7385 0 1777797281 894313
21 1851 1312 0 1777797281 895628
22 1917 9906 0 1777797281 897054
20 1612 16536 0 1777797281 903443
22 1918 7132 0 1777797281 904190
20 1613 8603 0 1777797281 912049
21 1852 16468 0 1777797281 912098
22 1919 11900 0 1777797281 916092
23 1841 25755 0 1777797281 916121
25 1797 29716 0 1777797281 916663
20 1614 7513 0 1777797281 919563
20 1615 1328 0 1777797281 920894
22 1920 7304 0 1777797281 923426
25 1798 8230 0 1777797281 924895
20 1616 6747 0 1777797281 927651
21 1853 20489 0 1777797281 932588
22 1921 9182 0 1777797281 932609
20 1617 5092 0 1777797281 932745
21 1854 6277 0 1777797281 938888
21 1855 6503 0 1777797281 945394
22 1922 16211 0 1777797281 948828
24 1846 66936 0 1777797281 948841
20 1618 17207 0 1777797281 949954
22 1923 2857 0 1777797281 951699
24 1847 6566 0 1777797281 955420
20 1619 6023 0 1777797281 955984
25 1799 31094 0 1777797281 955991
25 1800 4272 0 1777797281 960283
24 1848 4916 0 1777797281 960342
22 1924 10559 0 1777797281 962260
20 1620 6404 0 1777797281 962397
25 1801 3160 0 1777797281 963444
21 1856 20659 0 1777797281 966055
24 1849 7007 0 1777797281 967350
25 1802 4687 0 1777797281 968134
24 1850 2208 0 1777797281 969560
20 1621 10066 0 1777797281 972464
25 1803 4266 0 1777797281 972469
22 1925 14369 0 1777797281 976632
24 1851 7466 0 1777797281 977027
25 1804 5900 0 1777797281 978374
20 1622 8903 0 1777797281 981372
24 1852 4907 0 1777797281 981936
20 1623 6113 0 1777797281 987487
24 1853 12829 0 1777797281 994770
25 1805 17097 0 1777797281 995473
20 1624 8077 0 1777797281 995567
22 1926 19125 0 1777797281 995759
21 1857 35927 0 1777797282 1989
24 1854 7506 0 1777797282 2282
22 1927 11990 0 1777797282 7750
22 1928 1408 0 1777797282 9163
20 1625 14827 0 1777797282 10396
25 1806 17270 0 1777797282 12746
22 1929 3991 0 1777797282 13156
21 1858 12473 0 1777797282 14464
24 1855 13217 0 1777797282 15502
20 1626 8283 0 1777797282 18684
21 1859 7096 0 1777797282 21569
22 1930 8421 0 1777797282 21578
25 1807 8840 0 1777797282 21588
22 1931 2586 0 1777797282 24197
21 1860 5496 0 1777797282 27085
24 1856 12274 0 1777797282 27781
25 1808 6687 0 1777797282 28332
22 1932 5651 0 1777797282 29851
24 1857 4823 0 1777797282 32609
24 1858 2177 0 1777797282 34788
24 1859 4907 0 1777797282 39699
25 1809 13167 0 1777797282 41501
22 1933 13907 0 1777797282 43764
25 1810 2528 0 1777797282 44036
20 1627 28008 0 1777797282 46693
21 1861 19625 0 1777797282 46712
22 1934 5759 0 1777797282 49525
24 1860 9837 0 1777797282 49539
25 1811 6491 0 1777797282 50530
22 1935 2170 0 1777797282 51711
20 1628 8083 0 1777797282 54796
21 1862 10603 0 1777797282 57324
24 1861 15370 0 1777797282 64930
20 1629 10193 0 1777797282 64993
24 1862 2333 0 1777797282 67269
20 1630 3528 0 1777797282 68523
21 1863 13133 0 1777797282 70460
25 1812 19938 0 1777797282 70470
20 1631 3420 0 1777797282 71945
24 1863 5996 0 1777797282 73272
23 1842 160261 0 1777797282 76397
24 1864 4520 0 1777797282 77796
20 1632 6588 0 1777797282 78535
24 1865 1452 0 1777797282 79251
25 1813 9800 0 1777797282 80281
24 1866 1133 0 1777797282 80387
25 1814 3256 0 1777797282 83539
20 1633 5020 0 1777797282 83556
23 1843 7491 0 1777797282 83890
23 1844 6864 0 1777797282 90758
21 1864 24448 0 1777797282 94919
20 1634 12643 0 1777797282 96201
25 1815 12677 0 1777797282 96217
24 1867 15866 0 1777797282 96255
22 1936 45223 0 1777797282 96936
24 1868 2278 0 1777797282 98535
22 1937 1824 0 1777797282 98765
20 1635 3860 0 1777797282 100078
22 1938 1695 0 1777797282 100462
21 1865 6709 0 1777797282 101633
24 1869 4646 0 1777797282 103183
25 1816 7273 0 1777797282 103511
24 1870 3744 0 1777797282 106931
23 1845 16853 0 1777797282 107616
20 1636 7616 0 1777797282 107701
22 1939 7340 0 1777797282 107803
21 1866 6808 0 1777797282 108445
23 1846 1995 0 1777797282 109614
21 1867 5649 0 1777797282 114096
21 1868 1446 0 1777797282 115543
24 1871 8983 0 1777797282 115917
23 1847 10325 0 1777797282 119941
24 1872 4030 0 1777797282 119948
25 1817 16442 0 1777797282 119955
20 1637 12283 0 1777797282 119985
20 1638 2374 0 1777797282 122360
24 1873 4027 0 1777797282 123992
20 1639 4420 0 1777797282 126782
24 1874 2794 0 1777797282 126788
24 1875 2760 0 1777797282 129557
24 1876 3333 0 1777797282 132897
21 1869 17389 0 1777797282 132933
21 1870 2092 0 1777797282 135027
24 1877 3322 0 1777797282 136221
20 1640 9626 0 1777797282 136414
21 1871 2607 0 1777797282 137635
25 1818 21246 0 1777797282 141217
24 1878 5673 0 1777797282 141902
24 1879 2767 0 1777797282 144676
20 1641 9245 0 1777797282 145661
24 1880 1966 0 1777797282 146645
22 1940 41642 0 1777797282 149446
22 1941 2614 0 1777797282 152064
20 1642 7662 0 1777797282 153324
21 1872 18189 0 1777797282 155830
22 1942 7554 0 1777797282 159621
24 1881 14019 0 1777797282 160670
22 1943 2689 0 1777797282 162311
24 1882 3738 0 1777797282 164409
25 1819 23214 0 1777797282 164433
22 1944 2727 0 1777797282 165040
20 1643 12530 0 1777797282 165864
21 1873 15421 0 1777797282 171259
24 1883 12340 0 1777797282 176775
25 1820 12511 0 1777797282 176958
21 1874 7179 0 1777797282 178441
22 1945 15118 0 1777797282 180160
23 1848 60301 0 1777797282 180258
20 1644 15997 0 1777797282 181864
22 1946 1724 0 1777797282 181888
21 1875 3532 0 1777797282 181975
23 1849 2443 0 1777797282 182704
21 1876 3418 0 1777797282 185428
23 1850 9151 0 1777797282 191859
20 1645 10012 0 1777797282 191878
24 1884 15099 0 1777797282 191884
21 1877 8838 0 1777797282 194268
25 1821 17534 0 1777797282 194494
20 1646 8188 0 1777797282 200073
22 1947 18192 0 1777797282 200081
25 1822 5590 0 1777797282 200087
24 1885 12653 0 1777797282 204550
23 1851 13018 0 1777797282 204878
22 1948 8290 0 1777797282 208393
25 1823 8471 0 1777797282 208623
20 1647 8747 0 1777797282 208836
20 1648 2878 0 1777797282 211715
22 1949 3327 0 1777797282 211730
25 1824 3150 0 1777797282 211775
21 1878 19338 0 1777797282 213614
24 1886 10386 0 1777797282 214938
25 1825 4942 0 1777797282 216718
22 1950 5296 0 1777797282 217051
21 1879 5139 0 1777797282 218762
23 1852 14156 0 1777797282 219040
20 1649 8453 0 1777797282 220185
25 1826 8957 0 1777797282 225678
22 1951 9113 0 1777797282 226166
22 1952 1581 0 1777797282 227750
22 1953 1061 0 1777797282 228815
20 1650 9747 0 1777797282 229936
22 1954 2046 0 1777797282 230863
21 1880 13650 0 1777797282 232415
22 1955 4636 0 1777797282 235502
25 1827 14779 0 1777797282 240459
22 1956 5770 0 1777797282 241275
20 1651 11829 0 1777797282 241770
24 1887 32153 0 1777797282 247093
22 1957 6540 0 1777797282 247817
25 1828 8445 0 1777797282 248906
22 1958 2075 0 1777797282 249897
23 1853 31156 0 1777797282 250198
21 1881 20149 0 1777797282 252567
20 1652 14423 0 1777797282 256195
24 1888 10612 0 1777797282 257707
21 1882 5969 0 1777797282 258540
22 1959 9306 0 1777797282 259205
20 1653 5777 0 1777797282 261975
22 1960 2800 0 1777797282 262007
22 1961 3191 0 1777797282 265199
20 1654 4798 0 1777797282 266775
24 1889 11490 0 1777797282 269200
21 1883 12394 0 1777797282 270936
20 1655 4230 0 1777797282 271007
24 1890 1825 0 1777797282 271027
25 1829 22121 0 1777797282 271033
24 1891 3156 0 1777797282 274191
23 1854 24156 0 1777797282 274356
25 1830 3353 0 1777797282 274398
21 1884 3693 0 1777797282 274638
22 1962 13752 0 1777797282 278960
21 1885 4750 0 1777797282 279390
25 1831 5696 0 1777797282 280095
21 1886 763 0 1777797282 280159
24 1892 6300 0 1777797282 280494
20 1656 10467 0 1777797282 281475
24 1893 1109 0 1777797282 281605
21 1887 1935 0 1777797282 282095
22 1963 3582 0 1777797282 282544
24 1894 1334 0 1777797282 282940
21 1888 1718 0 1777797282 283815
23 1855 12915 0 1777797282 287273
25 1832 7217 0 1777797282 287316
22 1964 4992 0 1777797282 287539
24 1895 6545 0 1777797282 289486
21 1889 5705 0 1777797282 289523
22 1965 6105 0 1777797282 293647
20 1657 13323 0 1777797282 294801
23 1856 8605 0 1777797282 295881
25 1833 10151 0 1777797282 297468
21 1890 8496 0 1777797282 298020
21 1891 772 0 1777797282 298797
24 1896 9752 0 1777797282 299240
20 1658 5933 0 1777797282 300737
21 1892 2429 0 1777797282 301229
25 1834 4872 0 1777797282 302343
23 1857 9758 0 1777797282 305645
21 1893 6053 0 1777797282 307285
20 1659 6775 0 1777797282 307514
24 1897 8745 0 1777797282 307988
21 1894 1222 0 1777797282 308511
23 1858 4816 0 1777797282 310463
22 1966 19987 0 1777797282 313652
21 1895 5347 0 1777797282 313859
21 1896 725 0 1777797282 314587
24 1898 6751 0 1777797282 314744
23 1859 4847 0 1777797282 315312
20 1660 7909 0 1777797282 315426
21 1897 1240 0 1777797282 315829
24 1899 1754 0 1777797282 316499
20 1661 3615 0 1777797282 319042
21 1898 3268 0 1777797282 319099
22 1967 7630 0 1777797282 321286
24 1900 5897 0 1777797282 322400
21 1899 3493 0 1777797282 322593
22 1968 2247 0 1777797282 323537
24 1901 3886 0 1777797282 326288
21 1900 4538 0 1777797282 327133
21 1901 3205 0 1777797282 330340
24 1902 4396 0 1777797282 330686
22 1969 8590 0 1777797282 332130
24 1903 7117 0 1777797282 337806
21 1902 7483 0 1777797282 337825
20 1662 18893 0 1777797282 337950
22 1970 8936 0 1777797282 341070
21 1903 4231 0 1777797282 342057
23 1860 27274 0 1777797282 342591
24 1904 5919 0 1777797282 343726
23 1861 2411 0 1777797282 345004
21 1904 4019 0 1777797282 346079
23 1862 1709 0 1777797282 346717
21 1905 2374 0 1777797282 348458
23 1863 2265 0 1777797282 348984
24 1905 5791 0 1777797282 349521
24 1906 4842 0 1777797282 354365
23 1864 6437 0 1777797282 355425
20 1663 18209 0 1777797282 356161
25 1835 57552 0 1777797282 359902
20 1664 4866 0 1777797282 361033
22 1971 20652 0 1777797282 361724
25 1836 5030 0 1777797282 364935
20 1665 7462 0 1777797282 368497
23 1865 13074 0 1777797282 368502
22 1972 9381 0 1777797282 371109
24 1907 18376 0 1777797282 373761
22 1973 3621 0 1777797282 374732
21 1906 27340 0 1777797282 375806
25 1837 10877 0 1777797282 375814
24 1908 2419 0 1777797282 376183
23 1866 8741 0 1777797282 377251
21 1907 5703 0 1777797282 381518
23 1867 6357 0 1777797282 383610
22 1974 10079 0 1777797282 384813
24 1909 8763 0 1777797282 384948
21 1908 6322 0 1777797282 387849
20 1666 22017 0 1777797282 390519
24 1910 8109 0 1777797282 393060
20 1667 3743 0 1777797282 394270
21 1909 6427 0 1777797282 394281
22 1975 12466 0 1777797282 397283
23 1868 13676 0 1777797282 397288
21 1910 4813 0 1777797282 399109
24 1911 7148 0 1777797282 400209
21 1911 1760 0 1777797282 400872
20 1668 7420 0 1777797282 401703
23 1869 7951 0 1777797282 405250
22 1976 9915 0 1777797282 407204
21 1912 7184 0 1777797282 408057
25 1838 34789 0 1777797282 410615
23 1870 5473 0 1777797282 410726
24 1912 11123 0 1777797282 411334
22 1977 4343 0 1777797282 411550
21 1913 4497 0 1777797282 412556
20 1669 10934 0 1777797282 412640
25 1839 2370 0 1777797282 412989
22 1978 4491 0 1777797282 416042
23 1871 6601 0 1777797282 417328
22 1979 4708 0 1777797282 420754
24 1913 9597 0 1777797282 420932
23 1872 5413 0 1777797282 422743
25 1840 9766 0 1777797282 422757
21 1914 11010 0 1777797282 423569
21 1915 1746 0 1777797282 425318
20 1670 16787 0 1777797282 429428
23 1873 6762 0 1777797282 429520
21 1916 5042 0 1777797282 430363
21 1917 1958 0 1777797282 432323
25 1841 9588 0 1777797282 432355
22 1980 11639 0 1777797282 432395
24 1914 15031 0 1777797282 435966
21 1918 3662 0 1777797282 435994
23 1874 8180 0 1777797282 437702
24 1915 2885 0 1777797282 438855
20 1671 10442 0 1777797282 439878
23 1875 3658 0 1777797282 441362
21 1919 6602 0 1777797282 442597
23 1876 3198 0 1777797282 444564
24 1916 5730 0 1777797282 444587
20 1672 5003 0 1777797282 444883
25 1842 12794 0 1777797282 445151
21 1920 3150 0 1777797282 445750
22 1981 17995 0 1777797282 450392
24 1917 7498 0 1777797282 452086
23 1877 7988 0 1777797282 452556
25 1843 7416 0 1777797282 452568
20 1673 11213 0 1777797282 456099
22 1982 5825 0 1777797282 456220
21 1921 11517 0 1777797282 457269
25 1844 8726 0 1777797282 461305
20 1674 5579 0 1777797282 461686
24 1918 10009 0 1777797282 462098
22 1983 6408 0 1777797282 462630
23 1878 10354 0 1777797282 462923
25 1845 4714 0 1777797282 466047
21 1922 8941 0 1777797282 466213
24 1919 4214 0 1777797282 466314
23 1879 8489 0 1777797282 471413
22 1984 8916 0 1777797282 471548
20 1675 10017 0 1777797282 471706
24 1920 6442 0 1777797282 472758
21 1923 7035 0 1777797282 473250
25 1846 12187 0 1777797282 478236
20 1676 6575 0 1777797282 478282
23 1880 7652 0 1777797282 479067
24 1921 7167 0 1777797282 479928
22 1985 10764 0 1777797282 482314
23 1881 7089 0 1777797282 486158
24 1922 6633 0 1777797282 486564
21 1924 14178 0 1777797282 487429
23 1882 3981 0 1777797282 490142
25 1847 15398 0 1777797282 493637
21 1925 6229 0 1777797282 493659
22 1986 14684 0 1777797282 497000
24 1923 10440 0 1777797282 497007
23 1883 7804 0 1777797282 497949
25 1848 4614 0 1777797282 498253
22 1987 1875 0 1777797282 498883
24 1924 4822 0 1777797282 501838
23 1884 7251 0 1777797282 505201
25 1849 7048 0 1777797282 505303
21 1926 12500 0 1777797282 506160
21 1927 1811 0 1777797282 507977
24 1925 7451 0 1777797282 509291
23 1885 6618 0 1777797282 511822
23 1886 2669 0 1777797282 514500
24 1926 11045 0 1777797282 520338
23 1887 5853 0 1777797282 520357
22 1988 21662 0 1777797282 520547
21 1928 12587 0 1777797282 520566
20 1677 42699 0 1777797282 520983
20 1678 7799 0 1777797282 528783
22 1989 8953 0 1777797282 529501
23 1888 9167 0 1777797282 529525
25 1850 24246 0 1777797282 529550
21 1929 11463 0 1777797282 532030
24 1927 11952 0 1777797282 532292
23 1889 6846 0 1777797282 536373
23 1890 1550 0 1777797282 537990
21 1930 8336 0 1777797282 540368
24 1928 8173 0 1777797282 540466
25 1851 12003 0 1777797282 541554
25 1852 3530 0 1777797282 545088
23 1891 7551 0 1777797282 545543
23 1892 1157 0 1777797282 546702
24 1929 7394 0 1777797282 547861
21 1931 8184 0 1777797282 548557
25 1853 3478 0 1777797282 548568
22 1990 23409 0 1777797282 552911
20 1679 25012 0 1777797282 553796
23 1893 8093 0 1777797282 554796
21 1932 7644 0 1777797282 556213
24 1930 9836 0 1777797282 557700
25 1854 9130 0 1777797282 557710
24 1931 1516 0 1777797282 559228
24 1932 2062 0 1777797282 561296
21 1933 6512 0 1777797282 562727
23 1894 7937 0 1777797282 562735
25 1855 7117 0 1777797282 564851
23 1895 3821 0 1777797282 566567
20 1680 12815 0 1777797282 566613
25 1856 4562 0 1777797282 569416
20 1681 9504 0 1777797282 576119
22 1991 23389 0 1777797282 576306
24 1933 15052 0 1777797282 576350
20 1682 10849 0 1777797282 586975
22 1992 10675 0 1777797282 586983
23 1896 23458 0 1777797282 590030
24 1934 13688 0 1777797282 590039
20 1683 5469 0 1777797282 592453
23 1897 2426 0 1777797282 592466
23 1898 5345 0 1777797282 597825
23 1899 2663 0 1777797282 600494
25 1857 33929 0 1777797282 603350
22 1993 18594 0 1777797282 605587
20 1684 15555 0 1777797282 608022
22 1994 3711 0 1777797282 609302
23 1900 14928 0 1777797282 615423
22 1995 6155 0 1777797282 615459
22 1996 5340 0 1777797282 620801
20 1685 12808 0 1777797282 620839
25 1858 21174 0 1777797282 624525
21 1934 63719 0 1777797282 626455
25 1859 6138 0 1777797282 630673
24 1935 41407 0 1777797282 631460
23 1901 17401 0 1777797282 632831
25 1860 4199 0 1777797282 634874
23 1902 4867 0 1777797282 637700
22 1997 17195 0 1777797282 638001
20 1686 18966 0 1777797282 639807
25 1861 5109 0 1777797282 639985
23 1903 3343 0 1777797282 641045
25 1862 2885 0 1777797282 642874
20 1687 5349 0 1777797282 645163
25 1863 3252 0 1777797282 646129
24 1936 15375 0 1777797282 646837
25 1864 3533 0 1777797282 649670
25 1865 3494 0 1777797282 653166
23 1904 18226 0 1777797282 659277
23 1905 6444 0 1777797282 665724
22 1998 31543 0 1777797282 669547
25 1866 19237 0 1777797282 672405
23 1906 6728 0 1777797282 672453
20 1688 28498 0 1777797282 673664
25 1867 2757 0 1777797282 675164
24 1937 28401 0 1777797282 675240
22 1999 10233 0 1777797282 679783
23 1907 7487 0 1777797282 679942
21 1935 53500 0 1777797282 679958
21 1936 2787 0 1777797282 682746
21 1937 1658 0 1777797282 684407
23 1908 4864 0 1777797282 684808
21 1938 2579 0 1777797282 686988
23 1909 3134 0 1777797282 687944
25 1868 15452 0 1777797282 690618
25 1869 3557 0 1777797282 694177
24 1938 20770 0 1777797282 696012
22 2000 16321 0 1777797282 696108
20 1689 22622 0 1777797282 696290
20 1690 3830 0 1777797282 700122
22 2001 4017 0 1777797282 700126
23 1910 12249 0 1777797282 700197
22 2002 3813 0 1777797282 703946
20 1691 5636 0 1777797282 705762
22 2003 3050 0 1777797282 706998
21 1939 24875 0 1777797282 711865
22 2004 6599 0 1777797282 713606
22 2005 2703 0 1777797282 716311
25 1870 23504 0 1777797282 717684
20 1692 13351 0 1777797282 719115
24 1939 23220 0 1777797282 719234
22 2006 5263 0 1777797282 721576
22 2007 2256 0 1777797282 723834
23 1911 23739 0 1777797282 723937
24 1940 5790 0 1777797282 725026
22 2008 1301 0 1777797282 725139
23 1912 3298 0 1777797282 727236
24 1941 4528 0 1777797282 729556
22 2009 4571 0 1777797282 729712
25 1871 12694 0 1777797282 730381
23 1913 5153 0 1777797282 732391
20 1693 15386 0 1777797282 734504
25 1872 4782 0 1777797282 735169
23 1914 3456 0 1777797282 735852
23 1915 4522 0 1777797282 740378
22 2010 11188 0 1777797282 740902
21 1940 29348 0 1777797282 741215
22 2011 2392 0 1777797282 743295
21 1941 4616 0 1777797282 745833
22 2012 2547 0 1777797282 745845
20 1694 14927 0 1777797282 749435
22 2013 5958 0 1777797282 751818
23 1916 12676 0 1777797282 753056
25 1873 17986 0 1777797282 753159
20 1695 4247 0 1777797282 753684
21 1942 9269 0 1777797282 755115
25 1874 8447 0 1777797282 761607
22 2014 16719 0 1777797282 768541
22 2015 1622 0 1777797282 770165
20 1696 18684 0 1777797282 772373
23 1917 19360 0 1777797282 772419
22 2016 3623 0 1777797282 773801
25 1875 13752 0 1777797282 775362
24 1942 46997 0 1777797282 776555
22 2017 3772 0 1777797282 777575
23 1918 8191 0 1777797282 780660
25 1876 5304 0 1777797282 780668
21 1943 26720 0 1777797282 781839
22 2018 4580 0 1777797282 782158
24 1943 5638 0 1777797282 782195
23 1919 8225 0 1777797282 788894
25 1877 8224 0 1777797282 788902
22 2019 6901 0 1777797282 789062
21 1944 7236 0 1777797282 789082
24 1944 8269 0 1777797282 790465
21 1945 6039 0 1777797282 795122
20 1697 23116 0 1777797282 795491
24 1945 5572 0 1777797282 796039
23 1920 11256 0 1777797282 800159
22 2020 11125 0 1777797282 800190
21 1946 7330 0 1777797282 802454
24 1946 6422 0 1777797282 802463
25 1878 13556 0 1777797282 802470
20 1698 11636 0 1777797282 807128
22 2021 6956 0 1777797282 807147
24 1947 6601 0 1777797282 809084
21 1947 6676 0 1777797282 809147
23 1921 9013 0 1777797282 809178
25 1879 9998 0 1777797282 812488
20 1699 10469 0 1777797282 817618
25 1880 6715 0 1777797282 819206
21 1948 10493 0 1777797282 819644
23 1922 10472 0 1777797282 819651
22 2022 13268 0 1777797282 820436
25 1881 4670 0 1777797282 823878
20 1700 6900 0 1777797282 824522
22 2023 8508 0 1777797282 828945
21 1949 9406 0 1777797282 829058
24 1948 20545 0 1777797282 829631
20 1701 5673 0 1777797282 830197
25 1882 6810 0 1777797282 830693
23 1923 11043 0 1777797282 830728
22 2024 3715 0 1777797282 832664
22 2025 5453 0 1777797282 838121
21 1950 9243 0 1777797282 838302
24 1949 8675 0 1777797282 838308
20 1702 9287 0 1777797282 839486
25 1883 11296 0 1777797282 841991
24 1950 4038 0 1777797282 842356
22 2026 7466 0 1777797282 845588
21 1951 8028 0 1777797282 846337
23 1924 15618 0 1777797282 846348
22 2027 7622 0 1777797282 853212
25 1884 11620 0 1777797282 853613
21 1952 7971 0 1777797282 854320
23 1925 8417 0 1777797282 854782
24 1951 12470 0 1777797282 854827
22 2028 3616 0 1777797282 856831
20 1703 18379 0 1777797282 857867
25 1885 4671 0 1777797282 858286
21 1953 9001 0 1777797282 863326
23 1926 8551 0 1777797282 863334
24 1952 8513 0 1777797282 863342
25 1886 6088 0 1777797282 864377
22 2029 8182 0 1777797282 865015
21 1954 3196 0 1777797282 866538
20 1704 8780 0 1777797282 866649
24 1953 8380 0 1777797282 871752
22 2030 6773 0 1777797282 871791
23 1927 10690 0 1777797282 874055
20 1705 11505 0 1777797282 878156
25 1887 14192 0 1777797282 878571
21 1955 13232 0 1777797282 879772
24 1954 11564 0 1777797282 883318
25 1888 4762 0 1777797282 883338
22 2031 11590 0 1777797282 883383
23 1928 9333 0 1777797282 883390
20 1706 10460 0 1777797282 888619
21 1956 9208 0 1777797282 888983
22 2032 6872 0 1777797282 890263
25 1889 6914 0 1777797282 890275
24 1955 11612 0 1777797282 894952
20 1707 6530 0 1777797282 895151
21 1957 6896 0 1777797282 895882
25 1890 6528 0 1777797282 896813
23 1929 13942 0 1777797282 897353
24 1956 5276 0 1777797282 900238
22 2033 10684 0 1777797282 900959
25 1891 4209 0 1777797282 901023
20 1708 8680 0 1777797282 903833
21 1958 8168 0 1777797282 904053
22 2034 7707 0 1777797282 908675
25 1892 7679 0 1777797282 908704
21 1959 7310 0 1777797282 911364
22 2035 4045 0 1777797282 912722
25 1893 4360 0 1777797282 913081
23 1930 23876 0 1777797282 921230
24 1957 21015 0 1777797282 921265
25 1894 10146 0 1777797282 923229
23 1931 5087 0 1777797282 926353
22 2036 16122 0 1777797282 928846
25 1895 5617 0 1777797282 928851
20 1709 28324 0 1777797282 932161
22 2037 4841 0 1777797282 933692
25 1896 7235 0 1777797282 936093
20 1710 6904 0 1777797282 939068
20 1711 5881 0 1777797282 944952
22 2038 11265 0 1777797282 944960
22 2039 4630 0 1777797282 949601
20 1712 6912 0 1777797282 951873
22 2040 5263 0 1777797282 954871
20 1713 6685 0 1777797282 958564
25 1897 22474 0 1777797282 958574
21 1960 52889 0 1777797282 964258
25 1898 5701 0 1777797282 964288
20 1714 7305 0 1777797282 965880
22 2041 12651 0 1777797282 967525
21 1961 6854 0 1777797282 971144
24 1958 52537 0 1777797282 973814
20 1715 8531 0 1777797282 974416
23 1932 62560 0 1777797282 988915
20 1716 14624 0 1777797282 989044
20 1717 4452 0 1777797282 993498
23 1933 7283 0 1777797282 996200
23 1934 4408 0 1777797283 671
21 1962 32506 0 1777797283 3653
25 1899 40394 0 1777797283 4697
20 1718 20294 0 1777797283 13803
24 1959 46861 0 1777797283 20679
21 1963 17070 0 1777797283 20732
20 1719 6942 0 1777797283 20763
23 1935 21589 0 1777797283 22265
24 1960 3841 0 1777797283 24521
20 1720 10613 0 1777797283 31377
22 2042 63857 0 1777797283 31387
24 1961 6873 0 1777797283 31396
21 1964 11462 0 1777797283 32198
25 1900 27504 0 1777797283 32206
20 1721 7674 0 1777797283 39071
23 1936 16902 0 1777797283 39169
21 1965 7869 0 1777797283 40075
22 2043 9485 0 1777797283 40897
24 1962 9940 0 1777797283 41363
20 1722 7245 0 1777797283 46318
22 2044 5739 0 1777797283 46645
25 1901 14435 0 1777797283 46653
21 1966 7299 0 1777797283 47380
23 1937 8375 0 1777797283 47545
20 1723 8258 0 1777797283 54588
23 1938 7905 0 1777797283 55453
24 1963 14124 0 1777797283 55489
22 2045 11736 0 1777797283 58390
21 1967 15828 0 1777797283 63210
20 1724 9460 0 1777797283 64050
25 1902 17514 0 1777797283 64185
21 1968 8755 0 1777797283 71970
23 1939 18142 0 1777797283 73597
24 1964 18185 0 1777797283 73676
22 2046 15296 0 1777797283 73687
20 1725 17661 0 1777797283 81714
25 1903 17861 0 1777797283 82048
21 1969 10353 0 1777797283 82324
22 2047 20010 0 1777797283 93698
24 1965 20034 0 1777797283 93711
23 1940 20119 0 1777797283 93764
20 1726 17018 0 1777797283 98733
23 1941 4993 0 1777797283 98759
25 1904 16717 0 1777797283 98766
21 1970 22559 0 1777797283 104883
24 1966 11165 0 1777797283 104901
22 2048 11350 0 1777797283 105062
25 1905 8274 0 1777797283 107051
20 1727 10878 0 1777797283 109614
23 1942 10865 0 1777797283 109632
24 1967 7244 0 1777797283 112159
21 1971 9947 0 1777797283 114850
23 1943 8257 0 1777797283 117916
25 1906 10851 0 1777797283 117923
20 1728 8445 0 1777797283 118079
22 2049 13502 0 1777797283 118565
25 1907 7797 0 1777797283 125727
22 2050 7205 0 1777797283 125771
24 1968 13784 0 1777797283 125952
23 1944 9183 0 1777797283 127107
22 2051 4053 0 1777797283 129825
21 1972 20483 0 1777797283 135341
20 1729 17346 0 1777797283 135426
25 1908 9720 0 1777797283 135452
23 1945 8914 0 1777797283 136021
24 1969 10094 0 1777797283 136048
20 1730 3411 0 1777797283 138842
22 2052 9882 0 1777797283 139711
24 1970 8729 0 1777797283 144779
21 1973 9754 0 1777797283 145108
23 1946 11402 0 1777797283 147425
22 2053 9633 0 1777797283 149346
25 1909 13902 0 1777797283 149354
20 1731 11335 0 1777797283 150179
24 1971 9203 0 1777797283 153985
22 2054 6047 0 1777797283 155402
21 1974 10574 0 1777797283 155684
20 1732 7205 0 1777797283 157390
23 1947 9979 0 1777797283 157409
25 1910 8048 0 1777797283 157415
21 1975 6453 0 1777797283 162140
21 1976 4193 0 1777797283 166335
22 2055 12351 0 1777797283 167754
23 1948 12765 0 1777797283 170200
20 1733 14943 0 1777797283 172358
24 1972 18695 0 1777797283 172681
22 2056 7458 0 1777797283 175215
23 1949 5022 0 1777797283 175227
25 1911 21525 0 1777797283 179007
22 2057 8114 0 1777797283 183342
24 1973 19725 0 1777797283 192407
21 1977 26775 0 1777797283 193113
23 1950 18421 0 1777797283 193664
23 1951 3458 0 1777797283 197124
25 1912 19381 0 1777797283 198390
20 1734 30675 0 1777797283 203037
25 1913 6610 0 1777797283 205004
25 1914 4896 0 1777797283 209902
22 2058 30199 0 1777797283 213543
20 1735 11482 0 1777797283 214522
23 1952 19517 0 1777797283 216645
25 1915 7049 0 1777797283 216953
21 1978 25046 0 1777797283 218162
24 1974 26880 0 1777797283 219290
20 1736 9374 0 1777797283 223898
21 1979 5918 0 1777797283 224082
22 2059 10542 0 1777797283 224088
23 1953 8986 0 1777797283 225634
23 1954 2867 0 1777797283 228505
20 1737 4674 0 1777797283 228573
22 2060 6045 0 1777797283 230156
22 2061 3452 0 1777797283 233612
24 1975 14991 0 1777797283 234286
21 1980 11719 0 1777797283 235808
25 1916 18885 0 1777797283 235840
23 1955 8318 0 1777797283 236825
25 1917 1061 0 1777797283 236902
23 1956 5512 0 1777797283 242339
22 2062 10673 0 1777797283 244289
20 1738 17082 0 1777797283 245657
23 1957 4004 0 1777797283 246345
25 1918 9979 0 1777797283 246883
21 1981 12132 0 1777797283 247942
21 1982 2359 0 1777797283 250305
20 1739 6734 0 1777797283 252397
20 1740 7565 0 1777797283 259964
21 1983 12020 0 1777797283 262396
23 1958 16549 0 1777797283 262897
20 1741 8159 0 1777797283 268128
24 1976 37965 0 1777797283 272254
22 2063 29912 0 1777797283 274203
24 1977 1956 0 1777797283 274212
20 1742 8633 0 1777797283 276765
24 1978 2545 0 1777797283 276772
22 2064 7700 0 1777797283 281913
20 1743 5200 0 1777797283 281972
23 1959 20905 0 1777797283 283805
24 1979 7206 0 1777797283 283984
21 1984 23098 0 1777797283 285503
25 1919 38666 0 1777797283 285551
20 1744 6040 0 1777797283 288014
23 1960 9682 0 1777797283 293495
21 1985 8164 0 1777797283 293670
22 2065 11784 0 1777797283 293702
24 1980 13283 0 1777797283 297269
20 1745 9304 0 1777797283 297320
25 1920 11785 0 1777797283 297338
23 1961 7917 0 1777797283 301415
22 2066 7767 0 1777797283 301471
21 1986 11128 0 1777797283 304799
25 1921 7960 0 1777797283 305299
24 1981 8101 0 1777797283 305373
21 1987 8131 0 1777797283 312932
20 1746 15637 0 1777797283 312958
25 1922 8047 0 1777797283 313348
22 2067 11922 0 1777797283 313395
24 1982 8221 0 1777797283 313595
24 1983 5820 0 1777797283 319416
23 1962 18055 0 1777797283 319478
20 1747 6783 0 1777797283 319742
21 1988 6814 0 1777797283 319749
25 1923 6405 0 1777797283 319754
22 2068 10710 0 1777797283 324106
23 1963 4674 0 1777797283 324153
24 1984 4754 0 1777797283 324172
20 1748 8022 0 1777797283 327776
21 1989 11422 0 1777797283 331191
25 1924 11453 0 1777797283 331229
24 1985 7207 0 1777797283 331380
22 2069 7616 0 1777797283 331731
20 1749 8135 0 1777797283 335912
25 1925 5096 0 1777797283 336326
22 2070 4635 0 1777797283 336367
24 1986 5022 0 1777797283 336403
23 1964 12460 0 1777797283 336614
21 1990 6784 0 1777797283 337986
23 1965 4061 0 1777797283 340676
22 2071 8875 0 1777797283 345243
24 1987 8846 0 1777797283 345250
25 1926 9801 0 1777797283 346130
20 1750 10233 0 1777797283 346147
21 1991 8164 0 1777797283 346153
23 1966 7327 0 1777797283 348006
22 2072 4507 0 1777797283 349758
24 1988 9940 0 1777797283 355200
22 2073 7501 0 1777797283 357264
25 1927 11168 0 1777797283 357299
23 1967 9816 0 1777797283 357824
20 1751 11776 0 1777797283 357929
21 1992 14257 0 1777797283 360419
24 1989 8894 0 1777797283 364096
21 1993 12437 0 1777797283 372858
20 1752 15221 0 1777797283 373152
23 1968 15553 0 1777797283 373379
22 2074 16236 0 1777797283 373509
25 1928 22874 0 1777797283 380174
20 1753 7223 0 1777797283 380376
24 1990 16309 0 1777797283 380407
22 2075 6975 0 1777797283 380485
21 1994 9034 0 1777797283 381895
23 1969 11969 0 1777797283 385350
20 1754 5381 0 1777797283 385758
24 1991 5479 0 1777797283 385888
25 1929 6128 0 1777797283 386306
22 2076 10225 0 1777797283 390711
23 1970 5403 0 1777797283 390755
21 1995 10462 0 1777797283 392361
20 1755 9615 0 1777797283 395382
25 1930 10192 0 1777797283 396499
22 2077 7194 0 1777797283 397915
24 1992 12051 0 1777797283 397940
23 1971 8507 0 1777797283 399263
21 1996 6908 0 1777797283 399287
20 1756 8348 0 1777797283 403731
25 1931 8024 0 1777797283 404525
24 1993 7218 0 1777797283 405183
22 2078 9479 0 1777797283 407421
23 1972 8867 0 1777797283 408133
23 1973 2421 0 1777797283 410556
25 1932 10348 0 1777797283 414875
24 1994 10442 0 1777797283 415626
20 1757 12352 0 1777797283 416086
25 1933 3768 0 1777797283 418646
21 1997 19548 0 1777797283 418836
24 1995 4795 0 1777797283 420423
21 1998 4928 0 1777797283 423766
22 2079 16370 0 1777797283 423793
23 1974 14306 0 1777797283 424864
20 1758 9103 0 1777797283 425194
21 1999 3481 0 1777797283 427250
21 2000 1643 0 1777797283 428894
24 1996 10979 0 1777797283 431404
21 2001 2963 0 1777797283 431860
22 2080 9329 0 1777797283 433124
23 1975 14495 0 1777797283 439361
24 1997 8163 0 1777797283 439569
23 1976 1681 0 1777797283 441044
24 1998 1484 0 1777797283 441055
20 1759 15888 0 1777797283 441084
21 2002 11756 0 1777797283 443619
23 1977 4214 0 1777797283 445270
20 1760 5760 0 1777797283 446846
24 1999 5808 0 1777797283 446875
21 2003 5232 0 1777797283 448853
23 1978 3627 0 1777797283 448900
25 1934 30471 0 1777797283 449119
20 1761 4669 0 1777797283 451520
24 2000 4653 0 1777797283 451530
25 1935 5077 0 1777797283 454256
21 2004 6171 0 1777797283 455026
24 2001 3491 0 1777797283 455034
25 1936 1059 0 1777797283 455319
22 2081 23056 0 1777797283 456183
24 2002 3081 0 1777797283 458126
25 1937 3518 0 1777797283 458839
24 2003 1236 0 1777797283 459364
20 1762 7882 0 1777797283 459412
25 1938 2414 0 1777797283 461260
24 2004 1953 0 1777797283 461322
23 1979 12814 0 1777797283 461715
24 2005 2492 0 1777797283 463816
23 1980 2788 0 1777797283 464506
24 2006 1091 0 1777797283 464909
25 1939 3763 0 1777797283 465042
24 2007 2808 0 1777797283 467719
20 1763 8342 0 1777797283 467756
25 1940 3187 0 1777797283 468231
24 2008 3009 0 1777797283 470731
25 1941 2918 0 1777797283 471150
25 1942 1584 0 1777797283 472735
24 2009 2110 0 1777797283 472844
20 1764 5192 0 1777797283 472949
21 2005 18978 0 1777797283 474013
23 1981 10628 0 1777797283 475138
22 2082 19073 0 1777797283 475258
23 1982 1026 0 1777797283 476166
23 1983 2618 0 1777797283 478788
22 2083 4374 0 1777797283 479633
21 2006 6451 0 1777797283 480470
25 1943 8612 0 1777797283 481352
20 1765 10959 0 1777797283 483909
21 2007 6348 0 1777797283 486820
25 1944 5478 0 1777797283 486833
24 2010 14025 0 1777797283 486872
20 1766 6778 0 1777797283 490692
21 2008 5391 0 1777797283 492225
22 2084 14764 0 1777797283 494401
22 2085 2258 0 1777797283 496661
24 2011 10081 0 1777797283 496954
20 1767 6778 0 1777797283 497472
25 1945 10711 0 1777797283 497560
24 2012 5354 0 1777797283 502310
20 1768 5879 0 1777797283 503352
25 1946 8086 0 1777797283 505647
24 2013 3477 0 1777797283 505791
25 1947 2656 0 1777797283 508312
24 2014 3829 0 1777797283 509622
25 1948 1991 0 1777797283 510304
24 2015 2594 0 1777797283 512224
25 1949 4126 0 1777797283 514432
24 2016 2244 0 1777797283 514471
21 2009 22347 0 1777797283 514574
23 1984 37073 0 1777797283 515864
21 2010 2957 0 1777797283 517533
20 1769 15720 0 1777797283 519074
20 1770 3335 0 1777797283 522412
24 2017 7988 0 1777797283 522460
25 1950 8082 0 1777797283 522523
21 2011 6910 0 1777797283 524446
25 1951 4064 0 1777797283 526589
21 2012 5002 0 1777797283 529450
20 1771 13262 0 1777797283 535688
23 1985 25123 0 1777797283 540989
20 1772 5716 0 1777797283 541406
21 2013 12764 0 1777797283 542217
20 1773 4619 0 1777797283 546028
23 1986 5254 0 1777797283 546253
22 2086 52003 0 1777797283 548666
22 2087 3916 0 1777797283 552586
21 2014 11324 0 1777797283 553543
25 1952 26974 0 1777797283 553566
24 2018 31315 0 1777797283 553777
23 1987 7749 0 1777797283 554004
22 2088 3239 0 1777797283 555838
20 1774 19151 0 1777797283 565182
21 2015 11628 0 1777797283 565195
22 2089 9362 0 1777797283 565202
24 2019 11430 0 1777797283 565208
23 1988 15499 0 1777797283 569505
25 1953 15930 0 1777797283 569514
22 2090 7671 0 1777797283 572896
21 2016 8071 0 1777797283 573289
25 1954 12083 0 1777797283 581611
20 1775 17361 0 1777797283 582570
21 2017 9572 0 1777797283 582863
24 2020 17639 0 1777797283 582870
23 1989 14104 0 1777797283 583619
25 1955 10159 0 1777797283 591772
21 2018 9269 0 1777797283 592140
22 2091 23831 0 1777797283 596729
24 2021 17775 0 1777797283 600659
23 1990 17105 0 1777797283 600726
20 1776 18426 0 1777797283 600998
25 1956 9258 0 1777797283 601041
21 2019 16237 0 1777797283 608379
22 2092 11852 0 1777797283 608593
24 2022 11555 0 1777797283 612215
23 1991 15211 0 1777797283 615941
25 1957 15045 0 1777797283 616088
22 2093 7532 0 1777797283 616127
20 1777 15170 0 1777797283 616169
21 2020 7785 0 1777797283 616174
25 1958 8289 0 1777797283 624378
22 2094 13592 0 1777797283 629720
24 2023 17512 0 1777797283 629729
21 2021 14309 0 1777797283 630493
25 1959 6154 0 1777797283 630538
23 1992 16184 0 1777797283 632128
25 1960 6844 0 1777797283 637384
22 2095 7717 0 1777797283 637447
24 2024 9185 0 1777797283 638931
21 2022 8468 0 1777797283 638963
20 1778 22874 0 1777797283 639049
22 2096 4415 0 1777797283 641864
25 1961 7257 0 1777797283 644644
21 2023 9088 0 1777797283 648052
22 2097 10253 0 1777797283 652119
23 1993 20001 0 1777797283 652131
20 1779 14236 0 1777797283 653286
25 1962 9021 0 1777797283 653666
21 2024 13380 0 1777797283 661435
24 2025 24068 0 1777797283 663002
21 2025 4096 0 1777797283 665534
20 1780 13818 0 1777797283 667164
23 1994 16907 0 1777797283 669076
25 1963 16798 0 1777797283 670466
24 2026 10226 0 1777797283 673233
25 1964 3352 0 1777797283 673820
25 1965 2958 0 1777797283 676780
24 2027 5710 0 1777797283 678946
23 1995 10815 0 1777797283 679899
21 2026 14654 0 1777797283 680193
21 2027 3741 0 1777797283 683938
22 2098 34498 0 1777797283 686631
20 1781 21813 0 1777797283 688979
24 2028 10598 0 1777797283 689547
20 1782 7185 0 1777797283 696167
25 1966 19410 0 1777797283 696194
25 1967 1027 0 1777797283 697223
25 1968 982 0 1777797283 698215
25 1969 1209 0 1777797283 699426
22 2099 12971 0 1777797283 699606
23 1996 21719 0 1777797283 701623
25 1970 6635 0 1777797283 706066
21 2028 26741 0 1777797283 710683
24 2029 21137 0 1777797283 710689
22 2100 11640 0 1777797283 711247
23 1997 15497 0 1777797283 717127
20 1783 27682 0 1777797283 723851
21 2029 16596 0 1777797283 727286
23 1998 12175 0 1777797283 729308
25 1971 23788 0 1777797283 729864
24 2030 19581 0 1777797283 730278
22 2101 19674 0 1777797283 730923
21 2030 5652 0 1777797283 732942
22 2102 6599 0 1777797283 737524
21 2031 5393 0 1777797283 738337
23 1999 10895 0 1777797283 740205
24 2031 11780 0 1777797283 742061
22 2103 4554 0 1777797283 742080
25 1972 12593 0 1777797283 742459
24 2032 1850 0 1777797283 743913
20 1784 20353 0 1777797283 744208
22 2104 2669 0 1777797283 744751
24 2033 1882 0 1777797283 745799
22 2105 1537 0 1777797283 746298
21 2032 8157 0 1777797283 746511
23 2000 7668 0 1777797283 747879
21 2033 8382 0 1777797283 754896
22 2106 9329 0 1777797283 755630
23 2001 10101 0 1777797283 757984
22 2107 3418 0 1777797283 759055
24 2034 13292 0 1777797283 759095
25 1973 20462 0 1777797283 762922
23 2002 5091 0 1777797283 763076
22 2108 4168 0 1777797283 763225
25 1974 1647 0 1777797283 764571
20 1785 20579 0 1777797283 764789
23 2003 2417 0 1777797283 765494
25 1975 1179 0 1777797283 765754
25 1976 2055 0 1777797283 767812
21 2034 16251 0 1777797283 771149
24 2035 12272 0 1777797283 771369
20 1786 7349 0 1777797283 772140
23 2004 7808 0 1777797283 773305
24 2036 4029 0 1777797283 775399
22 2109 12697 0 1777797283 775923
22 2110 4427 0 1777797283 780356
23 2005 7061 0 1777797283 780367
25 1977 13130 0 1777797283 780943
24 2037 7124 0 1777797283 782525
21 2035 11799 0 1777797283 782960
22 2111 2601 0 1777797283 782970
20 1787 14051 0 1777797283 786194
24 2038 6489 0 1777797283 789020
23 2006 8835 0 1777797283 789219
25 1978 9450 0 1777797283 790398
21 2036 8508 0 1777797283 791478
22 2112 9518 0 1777797283 792501
25 1979 3154 0 1777797283 793554
22 2113 5013 0 1777797283 797518
21 2037 6562 0 1777797283 798042
20 1788 12006 0 1777797283 798202
24 2039 9350 0 1777797283 798371
22 2114 4170 0 1777797283 801691
25 1980 10287 0 1777797283 803843
23 2007 14683 0 1777797283 803905
21 2038 7173 0 1777797283 805221
24 2040 7322 0 1777797283 805694
23 2008 4362 0 1777797283 808268
25 1981 4448 0 1777797283 808299
22 2115 10978 0 1777797283 812674
25 1982 4389 0 1777797283 812695
24 2041 10432 0 1777797283 816128
22 2116 7258 0 1777797283 819935
23 2009 11701 0 1777797283 819973
21 2039 15925 0 1777797283 821148
25 1983 9253 0 1777797283 821949
24 2042 6010 0 1777797283 822140
21 2040 3222 0 1777797283 824373
25 1984 4761 0 1777797283 826713
24 2043 5685 0 1777797283 827826
20 1789 29722 0 1777797283 827928
23 2010 8955 0 1777797283 828929
22 2117 9171 0 1777797283 829110
21 2041 7175 0 1777797283 831552
25 1985 4885 0 1777797283 831601
23 2011 4106 0 1777797283 833037
25 1986 6061 0 1777797283 837663
24 2044 10006 0 1777797283 837836
21 2042 6792 0 1777797283 838346
22 2118 10382 0 1777797283 839495
21 2043 2012 0 1777797283 840361
23 2012 11875 0 1777797283 844913
25 1987 7283 0 1777797283 844949
22 2119 6519 0 1777797283 846019
20 1790 18172 0 1777797283 846101
24 2045 8509 0 1777797283 846347
23 2013 2127 0 1777797283 847079
22 2120 3496 0 1777797283 849521
24 2046 6044 0 1777797283 852392
21 2044 12159 0 1777797283 852521
25 1988 7634 0 1777797283 852600
20 1791 8990 0 1777797283 855093
23 2014 10038 0 1777797283 857121
22 2121 7878 0 1777797283 857404
24 2047 7464 0 1777797283 859858
25 1989 7856 0 1777797283 860457
21 2045 8505 0 1777797283 861088
25 1990 3424 0 1777797283 863884
22 2122 9623 0 1777797283 867028
23 2015 10370 0 1777797283 867493
21 2046 8059 0 1777797283 869150
24 2048 9298 0 1777797283 869158
20 1792 16378 0 1777797283 871482
25 1991 7624 0 1777797283 871510
22 2123 5237 0 1777797283 872267
24 2049 3834 0 1777797283 873009
23 2016 9630 0 1777797283 877125
21 2047 7985 0 1777797283 877144
22 2124 8426 0 1777797283 880695
24 2050 10183 0 1777797283 883194
21 2048 7286 0 1777797283 884432
22 2125 7342 0 1777797283 888048
20 1793 16618 0 1777797283 888102
25 1992 16976 0 1777797283 888487
24 2051 8388 0 1777797283 891584
23 2017 17205 0 1777797283 894332
21 2049 11862 0 1777797283 896296
22 2126 11808 0 1777797283 899860
23 2018 9011 0 1777797283 903345
24 2052 12369 0 1777797283 903955
22 2127 4587 0 1777797283 904451
20 1794 16378 0 1777797283 904483
21 2050 8498 0 1777797283 904796
25 1993 18267 0 1777797283 906757
22 2128 6048 0 1777797283 910502
25 1994 4122 0 1777797283 910883
23 2019 8621 0 1777797283 911969
22 2129 2316 0 1777797283 912821
23 2020 1955 0 1777797283 913926
24 2053 11422 0 1777797283 915379
21 2051 15389 0 1777797283 920190
20 1795 16019 0 1777797283 920503
21 2052 5998 0 1777797283 926203
20 1796 14262 0 1777797283 934767
24 2054 19539 0 1777797283 934920
21 2053 8880 0 1777797283 935085
22 2130 22947 0 1777797283 935770
23 2021 22619 0 1777797283 936548
23 2022 1077 0 1777797283 937632
22 2131 3468 0 1777797283 939242
23 2023 2090 0 1777797283 939724
23 2024 1151 0 1777797283 940876
23 2025 7636 0 1777797283 948514
24 2055 18078 0 1777797283 953000
25 1995 43284 0 1777797283 954169
23 2026 8220 0 1777797283 956736
24 2056 5689 0 1777797283 958700
23 2027 9501 0 1777797283 966239
24 2057 12250 0 1777797283 970952
23 2028 5713 0 1777797283 971954
20 1797 40210 0 1777797283 974979
23 2029 3248 0 1777797283 975207
22 2132 36093 0 1777797283 975337
24 2058 5093 0 1777797283 976048
24 2059 1192 0 1777797283 977242
20 1798 5689 0 1777797283 980671
20 1799 3158 0 1777797283 983831
23 2030 9629 0 1777797283 984838
22 2133 9932 0 1777797283 985271
23 2031 3193 0 1777797283 988034
22 2134 4052 0 1777797283 989325
23 2032 3511 0 1777797283 991549
24 2060 15204 0 1777797283 992447
22 2135 4483 0 1777797283 993811
20 1800 12125 0 1777797283 995962
21 2054 62788 0 1777797283 997875
20 1801 6681 0 1777797284 2649
22 2136 13015 0 1777797284 6828
24 2061 14501 0 1777797284 6950
21 2055 9099 0 1777797284 6978
24 2062 1272 0 1777797284 8223
22 2137 1981 0 1777797284 8812
21 2056 2865 0 1777797284 9844
24 2063 1978 0 1777797284 10204
24 2064 1504 0 1777797284 11714
22 2138 2916 0 1777797284 11732
24 2065 1413 0 1777797284 13129
21 2057 3800 0 1777797284 13646
22 2139 1920 0 1777797284 13654
24 2066 585 0 1777797284 13716
25 1996 60402 0 1777797284 14573
24 2067 973 0 1777797284 14690
24 2068 1046 0 1777797284 15738
24 2069 2194 0 1777797284 17934
20 1802 17847 0 1777797284 20501
21 2058 9566 0 1777797284 23221
24 2070 7557 0 1777797284 25493
25 1997 12813 0 1777797284 27388
21 2059 5525 0 1777797284 28748
22 2140 16093 0 1777797284 29760
25 1998 3317 0 1777797284 30707
23 2033 39692 0 1777797284 31243
23 2034 2901 0 1777797284 34147
21 2060 6124 0 1777797284 34873
22 2141 5814 0 1777797284 35576
22 2142 3600 0 1777797284 39179
24 2071 20917 0 1777797284 46412
25 1999 16781 0 1777797284 47489
21 2061 14400 0 1777797284 49275
23 2035 15134 0 1777797284 49282
25 2000 1791 0 1777797284 49288
22 2143 10791 0 1777797284 49972
23 2036 1444 0 1777797284 50741
24 2072 7015 0 1777797284 53430
25 2001 6858 0 1777797284 56162
24 2073 3839 0 1777797284 57271
20 1803 37573 0 1777797284 58078
23 2037 7495 0 1777797284 58239
22 2144 11300 0 1777797284 61274
24 2074 9541 0 1777797284 66817
20 1804 9893 0 1777797284 67973
21 2062 21005 0 1777797284 70293
23 2038 13510 0 1777797284 71751
22 2145 12059 0 1777797284 73335
24 2075 6916 0 1777797284 73736
20 1805 7241 0 1777797284 75221
23 2039 7564 0 1777797284 79317
24 2076 6181 0 1777797284 79921
20 1806 6753 0 1777797284 81976
24 2077 6724 0 1777797284 86646
25 2002 31176 0 1777797284 87343
25 2003 2655 0 1777797284 90000
20 1807 8991 0 1777797284 90974
21 2063 21144 0 1777797284 91493
22 2146 21409 0 1777797284 94850
25 2004 5617 0 1777797284 95619
21 2064 4225 0 1777797284 95719
20 1808 6170 0 1777797284 97147
20 1809 4560 0 1777797284 101711
25 2005 6512 0 1777797284 102133
24 2078 20020 0 1777797284 106672
24 2079 805 0 1777797284 107479
21 2065 20373 0 1777797284 116094
24 2080 12044 0 1777797284 119526
23 2040 41593 0 1777797284 120912
22 2147 26882 0 1777797284 121737
25 2006 21181 0 1777797284 123315
20 1810 22757 0 1777797284 124472
21 2066 8655 0 1777797284 124752
25 2007 8383 0 1777797284 131700
22 2148 10123 0 1777797284 131862
23 2041 10965 0 1777797284 131879
20 1811 7454 0 1777797284 131930
21 2067 7311 0 1777797284 132064
24 2081 13117 0 1777797284 132649
23 2042 3632 0 1777797284 135512
24 2082 5328 0 1777797284 137980
25 2008 8378 0 1777797284 140080
21 2068 9586 0 1777797284 141652
21 2069 4291 0 1777797284 145945
25 2009 8514 0 1777797284 148597
20 1812 19674 0 1777797284 151605
21 2070 6516 0 1777797284 152463
23 2043 17542 0 1777797284 153055
21 2071 1222 0 1777797284 153688
20 1813 4594 0 1777797284 156201
23 2044 3284 0 1777797284 156341
21 2072 8370 0 1777797284 162073
20 1814 7233 0 1777797284 163437
25 2010 15555 0 1777797284 164154
23 2045 8791 0 1777797284 165133
24 2083 28648 0 1777797284 166631
20 1815 7637 0 1777797284 171076
21 2073 10264 0 1777797284 172339
21 2074 1851 0 1777797284 174192
23 2046 9408 0 1777797284 174545
20 1816 3685 0 1777797284 174763
21 2075 1364 0 1777797284 175559
23 2047 1465 0 1777797284 176012
23 2048 1913 0 1777797284 177927
21 2076 4791 0 1777797284 180352
21 2077 1340 0 1777797284 181695
23 2049 5415 0 1777797284 183344
21 2078 6109 0 1777797284 187806
20 1817 13253 0 1777797284 188018
22 2149 56166 0 1777797284 188029
23 2050 5467 0 1777797284 188819
24 2084 22871 0 1777797284 189508
22 2150 3001 0 1777797284 191044
24 2085 2238 0 1777797284 191748
22 2151 1566 0 1777797284 192615
21 2079 5008 0 1777797284 192817
22 2152 1584 0 1777797284 194203
20 1818 6873 0 1777797284 194904
23 2051 6108 0 1777797284 194940
22 2153 6038 0 1777797284 200248
23 2052 5555 0 1777797284 200497
25 2011 37176 0 1777797284 201332
24 2086 11245 0 1777797284 202998
23 2053 4477 0 1777797284 204976
25 2012 4645 0 1777797284 205984
22 2154 6832 0 1777797284 207081
24 2087 7499 0 1777797284 210504
25 2013 5056 0 1777797284 211042
20 1819 16318 0 1777797284 211224
22 2155 4696 0 1777797284 211781
24 2088 3503 0 1777797284 214009
22 2156 4858 0 1777797284 216641
23 2054 11717 0 1777797284 216704
24 2089 3018 0 1777797284 217035
23 2055 1403 0 1777797284 218109
20 1820 7009 0 1777797284 218235
21 2080 25758 0 1777797284 218577
21 2081 811 0 1777797284 219391
23 2056 1750 0 1777797284 219861
24 2090 3428 0 1777797284 220465
22 2157 5355 0 1777797284 222001
21 2082 2637 0 1777797284 222029
22 2158 2021 0 1777797284 224024
24 2091 4579 0 1777797284 225049
22 2159 4829 0 1777797284 228856
20 1821 10652 0 1777797284 228889
21 2083 7310 0 1777797284 229341
23 2057 9499 0 1777797284 229362
25 2014 19248 0 1777797284 230293
24 2092 6643 0 1777797284 231698
25 2015 1620 0 1777797284 231916
21 2084 4469 0 1777797284 233812
22 2160 4958 0 1777797284 233821
20 1822 7462 0 1777797284 236352
23 2058 9638 0 1777797284 239001
21 2085 5835 0 1777797284 239658
24 2093 8766 0 1777797284 240466
21 2086 1370 0 1777797284 241032
22 2161 10191 0 1777797284 244026
24 2094 5568 0 1777797284 246036
24 2095 1867 0 1777797284 247906
24 2096 1133 0 1777797284 249041
20 1823 13068 0 1777797284 249423
20 1824 3402 0 1777797284 252827
24 2097 5857 0 1777797284 254901
24 2098 2105 0 1777797284 257008
24 2099 2909 0 1777797284 259918
22 2162 16485 0 1777797284 260514
23 2059 22958 0 1777797284 261963
24 2100 3052 0 1777797284 262972
20 1825 10913 0 1777797284 263757
22 2163 4080 0 1777797284 264598
25 2016 32801 0 1777797284 264718
25 2017 860 0 1777797284 265579
25 2018 4203 0 1777797284 269784
24 2101 7221 0 1777797284 270196
21 2087 29467 0 1777797284 270502
22 2164 5923 0 1777797284 270573
20 1826 7793 0 1777797284 271553
25 2019 6224 0 1777797284 276010
21 2088 6699 0 1777797284 277273
20 1827 7522 0 1777797284 279088
22 2165 9965 0 1777797284 280555
24 2102 11374 0 1777797284 281571
25 2020 9341 0 1777797284 285354
21 2089 9088 0 1777797284 286367
22 2166 5854 0 1777797284 286415
24 2103 6410 0 1777797284 287984
25 2021 6830 0 1777797284 292192
24 2104 4786 0 1777797284 292776
20 1828 14542 0 1777797284 293632
22 2167 8412 0 1777797284 294828
24 2105 2548 0 1777797284 295326
23 2060 34798 0 1777797284 296762
21 2090 14973 0 1777797284 301345
25 2022 10939 0 1777797284 303134
20 1829 11903 0 1777797284 305538
23 2061 8854 0 1777797284 305618
21 2091 6968 0 1777797284 308315
22 2168 16570 0 1777797284 311401
24 2106 16135 0 1777797284 311466
21 2092 8366 0 1777797284 316685
25 2023 13897 0 1777797284 317033
23 2062 13010 0 1777797284 318630
20 1830 15888 0 1777797284 321436
24 2107 10604 0 1777797284 322071
25 2024 7713 0 1777797284 324748
24 2108 4890 0 1777797284 326963
25 2025 2722 0 1777797284 327473
21 2093 12097 0 1777797284 328784
23 2063 14232 0 1777797284 332863
23 2064 2339 0 1777797284 335205
23 2065 3164 0 1777797284 338371
21 2094 9844 0 1777797284 338630
23 2066 6431 0 1777797284 344804
21 2095 6535 0 1777797284 345168
20 1831 24388 0 1777797284 345835
21 2096 3120 0 1777797284 348290
25 2026 22547 0 1777797284 350022
21 2097 2021 0 1777797284 350313
21 2098 4131 0 1777797284 354448
25 2027 4887 0 1777797284 354916
21 2099 8272 0 1777797284 362723
20 1832 17550 0 1777797284 363388
25 2028 10236 0 1777797284 365153
21 2100 2587 0 1777797284 365314
23 2067 21312 0 1777797284 366129
20 1833 6567 0 1777797284 369959
23 2068 7309 0 1777797284 373444
24 2109 46532 0 1777797284 373497
21 2101 8292 0 1777797284 373607
25 2029 8672 0 1777797284 373831
22 2169 66628 0 1777797284 378033
25 2030 4281 0 1777797284 378113
24 2110 5956 0 1777797284 379454
20 1834 11070 0 1777797284 381034
22 2170 5224 0 1777797284 383259
20 1835 3673 0 1777797284 384712
23 2069 12807 0 1777797284 386253
24 2111 9055 0 1777797284 388511
20 1836 5189 0 1777797284 389904
24 2112 1572 0 1777797284 390085
24 2113 2532 0 1777797284 392618
20 1837 4668 0 1777797284 394575
24 2114 3685 0 1777797284 396305
22 2171 13260 0 1777797284 396523
23 2070 11631 0 1777797284 397887
25 2031 20409 0 1777797284 398524
23 2071 1432 0 1777797284 399329
24 2115 3701 0 1777797284 400008
23 2072 1723 0 1777797284 401053
21 2102 28363 0 1777797284 401971
20 1838 9937 0 1777797284 404514
25 2032 6753 0 1777797284 405279
24 2116 5905 0 1777797284 405915
21 2103 4717 0 1777797284 406693
23 2073 6217 0 1777797284 407272
25 2033 3229 0 1777797284 408513
22 2172 12770 0 1777797284 409295
24 2117 3949 0 1777797284 409866
20 1839 8669 0 1777797284 413186
21 2104 7049 0 1777797284 413744
22 2173 5015 0 1777797284 414312
21 2105 2913 0 1777797284 416661
25 2034 10126 0 1777797284 418640
23 2074 12422 0 1777797284 419696
20 1840 7980 0 1777797284 421169
21 2106 8483 0 1777797284 425146
20 1841 4027 0 1777797284 425198
21 2107 3142 0 1777797284 428300
21 2108 842 0 1777797284 429145
21 2109 2478 0 1777797284 431627
21 2110 1648 0 1777797284 433279
23 2075 15746 0 1777797284 435447
20 1842 11105 0 1777797284 436304
22 2174 23597 0 1777797284 437911
21 2111 6604 0 1777797284 439894
24 2118 30639 0 1777797284 440508
25 2035 24235 0 1777797284 442878
20 1843 6905 0 1777797284 443211
21 2112 6029 0 1777797284 445925
24 2119 5423 0 1777797284 445932
25 2036 3086 0 1777797284 445965
23 2076 10793 0 1777797284 446242
20 1844 4234 0 1777797284 447450
22 2175 11024 0 1777797284 448939
23 2077 6007 0 1777797284 452251
25 2037 9246 0 1777797284 455211
20 1845 9767 0 1777797284 457219
25 2038 3431 0 1777797284 458645
20 1846 7456 0 1777797284 464676
20 1847 7116 0 1777797284 471794
25 2039 17939 0 1777797284 476586
23 2078 25811 0 1777797284 478064
24 2120 32419 0 1777797284 478360
21 2113 32547 0 1777797284 478479
20 1848 14907 0 1777797284 486704
21 2114 8380 0 1777797284 486860
23 2079 8812 0 1777797284 486878
25 2040 10295 0 1777797284 486882
22 2176 38009 0 1777797284 486954
20 1849 3327 0 1777797284 490034
20 1850 3518 0 1777797284 493553
22 2177 9474 0 1777797284 496428
23 2080 10409 0 1777797284 497291
20 1851 5552 0 1777797284 499109
20 1852 7907 0 1777797284 507017
20 1853 18293 0 1777797284 525312
21 2115 38477 0 1777797284 525337
24 2121 46954 0 1777797284 525341
21 2116 4038 0 1777797284 529380
24 2122 5491 0 1777797284 530838
21 2117 3546 0 1777797284 532928
20 1854 21499 0 1777797284 546816
24 2123 16401 0 1777797284 547240
24 2124 1997 0 1777797284 549241
21 2118 16587 0 1777797284 549516
22 2178 53127 0 1777797284 549561
21 2119 8190 0 1777797284 557708
22 2179 15756 0 1777797284 565319
25 2041 79372 0 1777797284 566260
25 2042 2831 0 1777797284 569093
20 1855 22412 0 1777797284 569231
23 2081 72410 0 1777797284 569702
24 2125 21942 0 1777797284 571189
25 2043 2823 0 1777797284 571919
22 2180 12280 0 1777797284 577600
20 1856 8402 0 1777797284 577634
20 1857 3201 0 1777797284 580837
24 2126 11190 0 1777797284 582385
25 2044 11370 0 1777797284 583293
25 2045 6122 0 1777797284 589417
22 2181 14435 0 1777797284 592045
20 1858 11219 0 1777797284 592065
25 2046 5529 0 1777797284 594948
25 2047 4403 0 1777797284 599354
25 2048 5404 0 1777797284 604760
21 2120 47443 0 1777797284 605155
25 2049 3406 0 1777797284 608175
20 1859 17971 0 1777797284 610038
25 2050 2815 0 1777797284 610992
24 2127 28718 0 1777797284 611111
25 2051 1155 0 1777797284 612151
21 2121 7232 0 1777797284 612389
25 2052 3118 0 1777797284 615272
20 1860 6139 0 1777797284 616179
21 2122 3881 0 1777797284 616274
22 2182 26181 0 1777797284 618228
25 2053 2974 0 1777797284 618250
24 2128 11651 0 1777797284 622764
25 2054 4751 0 1777797284 623016
20 1861 7434 0 1777797284 623615
20 1862 3100 0 1777797284 626723
22 2183 9804 0 1777797284 628055
20 1863 2306 0 1777797284 629038
20 1864 3168 0 1777797284 632214
25 2055 10093 0 1777797284 633112
20 1865 3509 0 1777797284 635726
20 1866 1016 0 1777797284 636744
20 1867 1902 0 1777797284 638654
21 2123 24974 0 1777797284 641250
20 1868 3490 0 1777797284 642163
21 2124 2405 0 1777797284 643661
20 1869 3154 0 1777797284 645327
20 1870 3113 0 1777797284 648447
21 2125 4790 0 1777797284 648458
23 2082 86395 0 1777797284 656102
21 2126 7666 0 1777797284 656136
20 1871 7781 0 1777797284 656241
22 2184 28191 0 1777797284 656251
24 2129 33489 0 1777797284 656260
23 2083 8153 0 1777797284 664257
25 2056 32116 0 1777797284 665230
21 2127 9623 0 1777797284 665760
20 1872 9658 0 1777797284 665920
22 2185 9677 0 1777797284 665950
24 2130 17583 0 1777797284 673884
23 2084 9723 0 1777797284 673982
20 1873 15487 0 1777797284 681409
22 2186 15466 0 1777797284 681417
25 2057 16190 0 1777797284 681423
21 2128 17416 0 1777797284 683182
23 2085 9207 0 1777797284 683191
24 2131 14499 0 1777797284 688387
25 2058 7452 0 1777797284 688897
22 2187 7510 0 1777797284 688949
20 1874 10975 0 1777797284 692399
22 2188 11516 0 1777797284 700468
25 2059 14221 0 1777797284 703120
21 2129 20150 0 1777797284 703342
23 2086 21308 0 1777797284 704508
24 2132 16133 0 1777797284 704522
20 1875 12155 0 1777797284 704564
21 2130 5720 0 1777797284 709065
24 2133 6820 0 1777797284 711362
20 1876 6839 0 1777797284 711405
25 2060 8294 0 1777797284 711426
23 2087 11607 0 1777797284 716131
21 2131 7222 0 1777797284 716297
22 2189 15895 0 1777797284 716364
24 2134 19299 0 1777797284 730664
22 2190 17486 0 1777797284 733851
20 1877 26038 0 1777797284 737445
23 2088 21344 0 1777797284 737486
21 2132 22706 0 1777797284 739004
25 2061 27594 0 1777797284 739022
22 2191 19938 0 1777797284 753793
23 2089 16552 0 1777797284 754058
20 1878 26769 0 1777797284 764257
21 2133 25400 0 1777797284 764423
24 2135 33766 0 1777797284 764435
25 2062 25407 0 1777797284 764442
22 2192 24429 0 1777797284 778224
23 2090 24216 0 1777797284 778275
20 1879 14490 0 1777797284 778750
25 2063 14310 0 1777797284 778779
21 2134 16488 0 1777797284 780931
24 2136 18718 0 1777797284 783177
23 2091 9956 0 1777797284 788232
20 1880 9523 0 1777797284 788275
21 2135 7282 0 1777797284 788283
22 2193 14402 0 1777797284 792637
20 1881 7206 0 1777797284 795490
24 2137 12771 0 1777797284 795950
21 2136 8524 0 1777797284 796832
21 2137 3070 0 1777797284 799906
23 2092 14681 0 1777797284 802922
22 2194 12726 0 1777797284 805368
20 1882 9911 0 1777797284 805407
23 2093 2971 0 1777797284 805895
22 2195 7007 0 1777797284 812384
20 1883 7321 0 1777797284 812729
21 2138 22772 0 1777797284 822680
23 2094 16793 0 1777797284 822690
20 1884 10176 0 1777797284 822906
25 2064 44132 0 1777797284 822912
24 2138 28318 0 1777797284 824270
22 2196 12063 0 1777797284 824455
25 2065 3375 0 1777797284 826297
24 2139 3031 0 1777797284 827303
24 2140 2796 0 1777797284 830101
23 2095 7629 0 1777797284 830330
25 2066 5788 0 1777797284 832088
20 1885 9276 0 1777797284 832189
23 2096 1870 0 1777797284 832202
20 1886 3922 0 1777797284 836112
24 2141 6051 0 1777797284 836155
21 2139 15254 0 1777797284 837944
25 2067 6685 0 1777797284 838777
23 2097 7878 0 1777797284 840081
23 2098 1243 0 1777797284 841326
25 2068 6531 0 1777797284 845311
22 2197 21275 0 1777797284 845731
20 1887 10390 0 1777797284 846510
21 2140 11387 0 1777797284 849334
24 2142 15625 0 1777797284 851782
25 2069 7360 0 1777797284 852673
20 1888 9528 0 1777797284 856041
21 2141 7525 0 1777797284 856867
22 2198 12563 0 1777797284 858295
21 2142 5104 0 1777797284 861978
21 2143 2601 0 1777797284 864588
23 2099 23272 0 1777797284 864600
20 1889 10346 0 1777797284 866392
23 2100 1817 0 1777797284 866418
21 2144 5716 0 1777797284 870306
22 2199 12423 0 1777797284 870726
20 1890 6169 0 1777797284 872563
21 2145 2794 0 1777797284 873102
23 2101 6713 0 1777797284 873131
20 1891 4926 0 1777797284 877491
25 2070 25243 0 1777797284 877919
24 2143 28380 0 1777797284 880166
21 2146 7122 0 1777797284 880230
23 2102 7257 0 1777797284 880389
25 2071 3668 0 1777797284 881589
20 1892 6442 0 1777797284 883936
22 2200 13376 0 1777797284 884104
21 2147 4533 0 1777797284 884764
24 2144 4886 0 1777797284 885060
23 2103 6664 0 1777797284 887055
22 2201 4031 0 1777797284 888137
25 2072 8398 0 1777797284 889989
24 2145 4955 0 1777797284 890016
21 2148 6323 0 1777797284 891090
20 1893 8976 0 1777797284 892914
23 2104 6887 0 1777797284 893952
23 2105 1247 0 1777797284 895202
23 2106 941 0 1777797284 896146
21 2149 5273 0 1777797284 896369
21 2150 1212 0 1777797284 897584
23 2107 2640 0 1777797284 898790
20 1894 6478 0 1777797284 899398
23 2108 1385 0 1777797284 900178
23 2109 1034 0 1777797284 901214
21 2151 5016 0 1777797284 902602
23 2110 1455 0 1777797284 902671
23 2111 1890 0 1777797284 904563
25 2073 15365 0 1777797284 905356
20 1895 6895 0 1777797284 906297
22 2202 18575 0 1777797284 906716
22 2203 4469 0 1777797284 911188
24 2146 23831 0 1777797284 913849
21 2152 12597 0 1777797284 915201
25 2074 10822 0 1777797284 916181
20 1896 10796 0 1777797284 917095
21 2153 3452 0 1777797284 918662
22 2204 7485 0 1777797284 918675
20 1897 3557 0 1777797284 920654
23 2112 16661 0 1777797284 921226
25 2075 5052 0 1777797284 921236
22 2205 5533 0 1777797284 924220
25 2076 5890 0 1777797284 927137
21 2154 9027 0 1777797284 927703
20 1898 8356 0 1777797284 929012
21 2155 2915 0 1777797284 930622
23 2113 10931 0 1777797284 932168
24 2147 18873 0 1777797284 932723
25 2077 6412 0 1777797284 933551
24 2148 2794 0 1777797284 935522
21 2156 5428 0 1777797284 936052
22 2206 14480 0 1777797284 938702
23 2114 6562 0 1777797284 938732
20 1899 9740 0 1777797284 938754
25 2078 5592 0 1777797284 939144
21 2157 10028 0 1777797284 946083
20 1900 7407 0 1777797284 946162
23 2115 7435 0 1777797284 946168
24 2149 10650 0 1777797284 946174
22 2207 8664 0 1777797284 947374
22 2208 1787 0 1777797284 949163
24 2150 3184 0 1777797284 949376
25 2079 10739 0 1777797284 949884
24 2151 4345 0 1777797284 953722
25 2080 4851 0 1777797284 954738
22 2209 5843 0 1777797284 955008
23 2116 9229 0 1777797284 955414
21 2158 11343 0 1777797284 957428
24 2152 4601 0 1777797284 958326
25 2081 3896 0 1777797284 958636
24 2153 2983 0 1777797284 961310
20 1901 16001 0 1777797284 962176
25 2082 5148 0 1777797284 963847
23 2117 10032 0 1777797284 965449
21 2159 8140 0 1777797284 965570
24 2154 8066 0 1777797284 969380
22 2210 15608 0 1777797284 970618
25 2083 8193 0 1777797284 972044
21 2160 7035 0 1777797284 972606
25 2084 3740 0 1777797284 975786
23 2118 12626 0 1777797284 978081
22 2211 8149 0 1777797284 978769
20 1902 17128 0 1777797284 979312
24 2155 10209 0 1777797284 979591
24 2156 3398 0 1777797284 982992
25 2085 7208 0 1777797284 983000
21 2161 12291 0 1777797284 984901
22 2212 11152 0 1777797284 989926
25 2086 10269 0 1777797284 993280
22 2213 5692 0 1777797284 995622
24 2157 12840 0 1777797284 995842
21 2162 11558 0 1777797284 996464
25 2087 6532 0 1777797284 999815
22 2214 4905 0 1777797285 529
24 2158 5891 0 1777797285 1734
21 2163 8137 0 1777797285 4605
20 1903 25953 0 1777797285 5267
23 2119 27656 0 1777797285 5741
25 2088 8302 0 1777797285 8122
22 2215 10327 0 1777797285 10863
23 2120 8560 0 1777797285 14303
21 2164 11248 0 1777797285 15858
22 2216 5055 0 1777797285 15926
20 1904 17481 0 1777797285 22750
23 2121 8458 0 1777797285 22768
24 2159 21038 0 1777797285 22775
22 2217 6953 0 1777797285 22880
21 2165 15252 0 1777797285 31114
24 2160 8666 0 1777797285 31466
20 1905 17719 0 1777797285 40495
21 2166 9385 0 1777797285 40504
23 2122 17719 0 1777797285 40510
25 2089 32862 0 1777797285 40987
21 2167 3126 0 1777797285 43658
23 2123 6480 0 1777797285 47018
25 2090 6635 0 1777797285 47625
20 1906 7133 0 1777797285 47644
21 2168 5088 0 1777797285 48747
20 1907 4782 0 1777797285 52427
23 2124 5414 0 1777797285 52434
25 2091 7896 0 1777797285 55522
23 2125 3184 0 1777797285 55625
21 2169 9873 0 1777797285 58626
25 2092 3880 0 1777797285 59404
22 2218 36658 0 1777797285 59539
20 1908 8361 0 1777797285 60795
24 2161 29398 0 1777797285 60865
25 2093 5882 0 1777797285 65292
23 2126 11174 0 1777797285 66800
24 2162 6040 0 1777797285 66906
20 1909 6169 0 1777797285 66968
25 2094 2661 0 1777797285 67955
22 2219 10387 0 1777797285 69929
21 2170 13013 0 1777797285 71641
25 2095 3729 0 1777797285 71686
24 2163 7461 0 1777797285 74368
25 2096 6534 0 1777797285 78222
23 2127 11716 0 1777797285 78521
20 1910 12179 0 1777797285 79148
25 2097 3323 0 1777797285 81551
21 2171 10030 0 1777797285 81675
23 2128 3924 0 1777797285 82448
20 1911 6205 0 1777797285 85355
22 2220 15502 0 1777797285 85434
24 2164 11115 0 1777797285 85485
25 2098 5587 0 1777797285 87140
25 2099 4631 0 1777797285 91773
22 2221 8064 0 1777797285 93499
24 2165 8340 0 1777797285 93827
21 2172 14082 0 1777797285 95759
23 2129 14902 0 1777797285 97362
22 2222 3938 0 1777797285 97440
25 2100 6222 0 1777797285 97997
20 1912 15717 0 1777797285 101074
21 2173 5323 0 1777797285 101085
23 2130 6629 0 1777797285 103992
24 2166 10172 0 1777797285 104001
22 2223 7559 0 1777797285 105000
25 2101 7283 0 1777797285 105282
20 1913 6419 0 1777797285 107506
21 2174 10466 0 1777797285 111576
24 2167 7714 0 1777797285 111731
25 2102 6508 0 1777797285 111791
20 1914 4766 0 1777797285 112275
23 2131 9395 0 1777797285 113397
22 2224 9075 0 1777797285 114078
24 2168 4063 0 1777797285 115795
20 1915 3533 0 1777797285 115814
23 2132 3564 0 1777797285 116963
23 2133 7698 0 1777797285 124662
24 2169 8875 0 1777797285 124672
25 2103 12885 0 1777797285 124677
20 1916 10932 0 1777797285 126747
22 2225 12843 0 1777797285 126923
21 2175 15901 0 1777797285 127481
22 2226 9331 0 1777797285 136258
24 2170 11682 0 1777797285 136372
20 1917 9669 0 1777797285 136425
23 2134 11762 0 1777797285 136440
25 2104 11750 0 1777797285 136447
21 2176 10264 0 1777797285 137747
23 2135 10548 0 1777797285 147010
20 1918 11033 0 1777797285 147481
22 2227 11116 0 1777797285 147490
25 2105 12261 0 1777797285 148743
21 2177 11086 0 1777797285 148836
23 2136 3674 0 1777797285 150687
24 2171 14505 0 1777797285 150912
22 2228 7084 0 1777797285 154588
20 1919 10088 0 1777797285 157579
25 2106 10038 0 1777797285 158784
23 2137 11882 0 1777797285 162573
21 2178 14348 0 1777797285 163185
20 1920 11222 0 1777797285 168804
22 2229 14288 0 1777797285 168878
25 2107 10126 0 1777797285 168914
21 2179 10063 0 1777797285 173250
23 2138 14986 0 1777797285 177561
21 2180 4362 0 1777797285 177614
25 2108 13749 0 1777797285 182665
23 2139 8254 0 1777797285 185825
25 2109 4407 0 1777797285 187074
21 2181 12971 0 1777797285 190587
22 2230 21709 0 1777797285 190605
20 1921 21845 0 1777797285 190725
25 2110 7867 0 1777797285 194944
21 2182 4852 0 1777797285 195459
24 2172 47171 0 1777797285 198093
22 2231 7541 0 1777797285 198167
23 2140 12409 0 1777797285 198238
21 2183 4075 0 1777797285 199536
20 1922 13110 0 1777797285 203838
22 2232 6457 0 1777797285 204626
23 2141 6399 0 1777797285 204638
25 2111 10044 0 1777797285 204990
21 2184 13041 0 1777797285 212581
25 2112 7597 0 1777797285 212588
20 1923 9836 0 1777797285 213685
22 2233 13090 0 1777797285 217729
25 2113 5713 0 1777797285 218323
23 2142 14576 0 1777797285 219233
25 2114 2889 0 1777797285 221213
23 2143 4318 0 1777797285 223553
20 1924 14870 0 1777797285 228559
24 2173 31915 0 1777797285 230010
21 2185 17659 0 1777797285 230248
22 2234 13233 0 1777797285 230964
23 2144 8450 0 1777797285 232006
21 2186 5990 0 1777797285 236239
22 2235 5298 0 1777797285 236264
23 2145 6605 0 1777797285 238614
21 2187 11003 0 1777797285 247269
24 2174 17613 0 1777797285 247625
22 2236 12577 0 1777797285 248876
24 2175 2416 0 1777797285 250043
20 1925 25381 0 1777797285 253945
25 2115 32736 0 1777797285 253951
22 2237 6489 0 1777797285 255367
22 2238 3519 0 1777797285 258891
23 2146 25036 0 1777797285 263662
24 2176 14427 0 1777797285 264472
25 2116 10923 0 1777797285 264880
25 2117 4251 0 1777797285 269134
20 1926 20023 0 1777797285 273975
20 1927 753 0 1777797285 274732
25 2118 6194 0 1777797285 275329
25 2119 2173 0 1777797285 277504
22 2239 28458 0 1777797285 287352
25 2120 9858 0 1777797285 287365
21 2188 40146 0 1777797285 287417
20 1928 12945 0 1777797285 287679
23 2147 24055 0 1777797285 287720
21 2189 13237 0 1777797285 300656
22 2240 13297 0 1777797285 300663
23 2148 12948 0 1777797285 300669
20 1929 15922 0 1777797285 303603
24 2177 39160 0 1777797285 303636
24 2178 5666 0 1777797285 309320
25 2121 25743 0 1777797285 313115
20 1930 10815 0 1777797285 314452
21 2190 16355 0 1777797285 317027
22 2241 17262 0 1777797285 317943
24 2179 11242 0 1777797285 320566
22 2242 2936 0 1777797285 320883
21 2191 6202 0 1777797285 323232
22 2243 7577 0 1777797285 328463
25 2122 19410 0 1777797285 332529
20 1931 24926 0 1777797285 339380
21 2192 17956 0 1777797285 341193
25 2123 8897 0 1777797285 341429
20 1932 3683 0 1777797285 343067
22 2244 18675 0 1777797285 347140
21 2193 6509 0 1777797285 347709
20 1933 7945 0 1777797285 351014
23 2149 50348 0 1777797285 351039
21 2194 5027 0 1777797285 352738
22 2245 5598 0 1777797285 352747
24 2180 32176 0 1777797285 352753
25 2124 11327 0 1777797285 352759
20 1934 6846 0 1777797285 357886
25 2125 6450 0 1777797285 359234
21 2195 10735 0 1777797285 363495
22 2246 10735 0 1777797285 363503
25 2126 4319 0 1777797285 363560
24 2181 11785 0 1777797285 364562
20 1935 15531 0 1777797285 373419
24 2182 9274 0 1777797285 373838
22 2247 10891 0 1777797285 374407
23 2150 28591 0 1777797285 379661
20 1936 7724 0 1777797285 381146
22 2248 8632 0 1777797285 383043
21 2196 21949 0 1777797285 385455
24 2183 11812 0 1777797285 385653
23 2151 14280 0 1777797285 393948
24 2184 9257 0 1777797285 394912
20 1937 14690 0 1777797285 395842
21 2197 20299 0 1777797285 405758
23 2152 11823 0 1777797285 405776
20 1938 10485 0 1777797285 406332
25 2127 42780 0 1777797285 406342
25 2128 7224 0 1777797285 413579
20 1939 16460 0 1777797285 422803
25 2129 9231 0 1777797285 422812
22 2249 39782 0 1777797285 422835
24 2185 29896 0 1777797285 424810
23 2153 21551 0 1777797285 427343
25 2130 6251 0 1777797285 429073
25 2131 8165 0 1777797285 437240
25 2132 4338 0 1777797285 441580
20 1940 23157 0 1777797285 445970
20 1941 6583 0 1777797285 452557
25 2133 10994 0 1777797285 452575
20 1942 9596 0 1777797285 462173
21 2198 56404 0 1777797285 462182
22 2250 39408 0 1777797285 462245
25 2134 9633 0 1777797285 462252
24 2186 44171 0 1777797285 468991
22 2251 7314 0 1777797285 469675
23 2154 42344 0 1777797285 469689
25 2135 8648 0 1777797285 471016
20 1943 17163 0 1777797285 479507
22 2252 19297 0 1777797285 488987
24 2187 20182 0 1777797285 489175
25 2136 18626 0 1777797285 489643
20 1944 10709 0 1777797285 490218
24 2188 3168 0 1777797285 492348
22 2253 3454 0 1777797285 492443
20 1945 5805 0 1777797285 496025
20 1946 9799 0 1777797285 505826
22 2254 13490 0 1777797285 505935
24 2189 14024 0 1777797285 506373
25 2137 22108 0 1777797285 511753
20 1947 9022 0 1777797285 514850
22 2255 16131 0 1777797285 522068
20 1948 8390 0 1777797285 523245
25 2138 11924 0 1777797285 523690
25 2139 3775 0 1777797285 527469
21 2199 65160 0 1777797285 527514
21 2200 8639 0 1777797285 536155
25 2140 8686 0 1777797285 536166
24 2190 31383 0 1777797285 537758
23 2155 68082 0 1777797285 537781
22 2256 17416 0 1777797285 539487
21 2201 5328 0 1777797285 541496
23 2156 3771 0 1777797285 541554
25 2141 8018 0 1777797285 544197
21 2202 5869 0 1777797285 547372
20 1949 24958 0 1777797285 548205
23 2157 6663 0 1777797285 548220
22 2257 9095 0 1777797285 548585
24 2191 14451 0 1777797285 552212
25 2142 12836 0 1777797285 557035
24 2192 6306 0 1777797285 558521
21 2203 19612 0 1777797285 566986
22 2258 18415 0 1777797285 567005
23 2158 42150 0 1777797285 590390
24 2193 31872 0 1777797285 590400
25 2143 33382 0 1777797285 590419
20 1950 44569 0 1777797285 592790
22 2259 25766 0 1777797285 592800
23 2159 6202 0 1777797285 596622
21 2204 32858 0 1777797285 599866
25 2144 9427 0 1777797285 599873
22 2260 8045 0 1777797285 600858
24 2194 10443 0 1777797285 600873
23 2160 6587 0 1777797285 603215
22 2261 6942 0 1777797285 607816
20 1951 17856 0 1777797285 610657
24 2195 9793 0 1777797285 610681
22 2262 5359 0 1777797285 613177
23 2161 12816 0 1777797285 616034
24 2196 5340 0 1777797285 616041
22 2263 4574 0 1777797285 617754
25 2145 18465 0 1777797285 618349
25 2146 7083 0 1777797285 625437
24 2197 10472 0 1777797285 626525
22 2264 12244 0 1777797285 630000
25 2147 4573 0 1777797285 630012
23 2162 15855 0 1777797285 631897
22 2265 5317 0 1777797285 635330
21 2205 36838 0 1777797285 636712
25 2148 7875 0 1777797285 637899
20 1952 28318 0 1777797285 639001
22 2266 8423 0 1777797285 643761
24 2198 19761 0 1777797285 646304
24 2199 1341 0 1777797285 647649
20 1953 10635 0 1777797285 649639
22 2267 6990 0 1777797285 650759
21 2206 14602 0 1777797285 651316
24 2200 3674 0 1777797285 651325
23 2163 21244 0 1777797285 653146
20 1954 15551 0 1777797285 665200
23 2164 12054 0 1777797285 665207
24 2201 13878 0 1777797285 665215
25 2149 27323 0 1777797285 665224
21 2207 14151 0 1777797285 665477
22 2268 14719 0 1777797285 665483
20 1955 5679 0 1777797285 670904
25 2150 6042 0 1777797285 671298
23 2165 6224 0 1777797285 671456
21 2208 8324 0 1777797285 673808
24 2202 8566 0 1777797285 673815
20 1956 3733 0 1777797285 674639
20 1957 9842 0 1777797285 684488
21 2209 10707 0 1777797285 684523
22 2269 19055 0 1777797285 684550
23 2166 13104 0 1777797285 684561
24 2203 10752 0 1777797285 684577
25 2151 13288 0 1777797285 684588
22 2270 4539 0 1777797285 689156
21 2210 10865 0 1777797285 695473
24 2204 10765 0 1777797285 695482
21 2211 4095 0 1777797285 699578
23 2167 14891 0 1777797285 699597
24 2205 4113 0 1777797285 699606
20 1958 18726 0 1777797285 703316
21 2212 3721 0 1777797285 703327
23 2168 6289 0 1777797285 705904
25 2152 21158 0 1777797285 705912
23 2169 4701 0 1777797285 710614
24 2206 11000 0 1777797285 710623
20 1959 9231 0 1777797285 712559
20 1960 1552 0 1777797285 714116
24 2207 5895 0 1777797285 716531
20 1961 7395 0 1777797285 721514
21 2213 19380 0 1777797285 722720
23 2170 14548 0 1777797285 725172
20 1962 5261 0 1777797285 726781
23 2171 2567 0 1777797285 727742
20 1963 3560 0 1777797285 730343
21 2214 9795 0 1777797285 732521
23 2172 13153 0 1777797285 740897
24 2208 25772 0 1777797285 742306
20 1964 12044 0 1777797285 742395
21 2215 9924 0 1777797285 742447
25 2153 36655 0 1777797285 742577
22 2271 54979 0 1777797285 744138
21 2216 3718 0 1777797285 746166
23 2173 5265 0 1777797285 746173
22 2272 2487 0 1777797285 746628
23 2174 6822 0 1777797285 753057
25 2154 12540 0 1777797285 755119
21 2217 17002 0 1777797285 763227
23 2175 10789 0 1777797285 763847
22 2273 19749 0 1777797285 766379
25 2155 13833 0 1777797285 768957
21 2218 6884 0 1777797285 770116
22 2274 6523 0 1777797285 772905
21 2219 6631 0 1777797285 776749
24 2209 34520 0 1777797285 776829
22 2275 9105 0 1777797285 782012
20 1965 40151 0 1777797285 782547
24 2210 13170 0 1777797285 790002
25 2156 21051 0 1777797285 790010
20 1966 8973 0 1777797285 791522
21 2220 14841 0 1777797285 791596
22 2276 9746 0 1777797285 791787
24 2211 4194 0 1777797285 794206
21 2221 7301 0 1777797285 798899
24 2212 9992 0 1777797285 804204
25 2157 14310 0 1777797285 804333
22 2277 12587 0 1777797285 804375
20 1967 12870 0 1777797285 804394
23 2176 49259 0 1777797285 813111
20 1968 8753 0 1777797285 813148
25 2158 8821 0 1777797285 813156
21 2222 16125 0 1777797285 815025
25 2159 14129 0 1777797285 827296
22 2278 23064 0 1777797285 827440
20 1969 15336 0 1777797285 828493
23 2177 18526 0 1777797285 831647
24 2213 27451 0 1777797285 831657
21 2223 22842 0 1777797285 837869
22 2279 15794 0 1777797285 843235
25 2160 15960 0 1777797285 843259
20 1970 15336 0 1777797285 843832
24 2214 14174 0 1777797285 845842
22 2280 2906 0 1777797285 846143
23 2178 14491 0 1777797285 846149
21 2224 11096 0 1777797285 848967
22 2281 5492 0 1777797285 851642
24 2215 10121 0 1777797285 855967
20 1971 17076 0 1777797285 860912
22 2282 9382 0 1777797285 861026
25 2161 22011 0 1777797285 865272
24 2216 9361 0 1777797285 865329
21 2225 16458 0 1777797285 865427
22 2283 4851 0 1777797285 865879
24 2217 4738 0 1777797285 870070
21 2226 7171 0 1777797285 872599
22 2284 11376 0 1777797285 877257
24 2218 7195 0 1777797285 877266
23 2179 36455 0 1777797285 882625
20 1972 21772 0 1777797285 882688
25 2162 17475 0 1777797285 882755
22 2285 7202 0 1777797285 884470
21 2227 13645 0 1777797285 886247
22 2286 8912 0 1777797285 893384
25 2163 21483 0 1777797285 904240
20 1973 22124 0 1777797285 904814
22 2287 35139 0 1777797285 928524
21 2228 42862 0 1777797285 929112
21 2229 13052 0 1777797285 942165
22 2288 15368 0 1777797285 943893
20 1974 40243 0 1777797285 945058
22 2289 3859 0 1777797285 947754
21 2230 7620 0 1777797285 949788
25 2164 47787 0 1777797285 952030
23 2180 71473 0 1777797285 954107
22 2290 7124 0 1777797285 954880
25 2165 3230 0 1777797285 955263
22 2291 1881 0 1777797285 956766
24 2219 82844 0 1777797285 960122
21 2231 11622 0 1777797285 961412
20 1975 17151 0 1777797285 962210
25 2166 6984 0 1777797285 962250
22 2292 11253 0 1777797285 968021
20 1976 6311 0 1777797285 968522
21 2232 8923 0 1777797285 970338
20 1977 9698 0 1777797285 978222
22 2293 11620 0 1777797285 979644
23 2181 25689 0 1777797285 979800
21 2233 10125 0 1777797285 980494
25 2167 21985 0 1777797285 984236
21 2234 4810 0 1777797285 985306
24 2220 27641 0 1777797285 987765
20 1978 9744 0 1777797285 987968
20 1979 2044 0 1777797285 990013
22 2294 11505 0 1777797285 991152
21 2235 7210 0 1777797285 992519
23 2182 13169 0 1777797285 992971
20 1980 3269 0 1777797285 993284
22 2295 5599 0 1777797285 996754
25 2168 13019 0 1777797285 997257
22 2296 1370 0 1777797285 998127
22 2297 11804 0 1777797286 9933
21 2236 18173 0 1777797286 10698
24 2221 25363 0 1777797286 13139
23 2183 21366 0 1777797286 14339
20 1981 25715 0 1777797286 19001
22 2298 9773 0 1777797286 19708
21 2237 9026 0 1777797286 19728
23 2184 10104 0 1777797286 24448
22 2299 4892 0 1777797286 24603
20 1982 6367 0 1777797286 25370
22 2300 2115 0 1777797286 26719
21 2238 9780 0 1777797286 29510
22 2301 3309 0 1777797286 30031
23 2185 5796 0 1777797286 30247
23 2186 8743 0 1777797286 38992
20 1983 13745 0 1777797286 39117
21 2239 12005 0 1777797286 41517
24 2222 28617 0 1777797286 41760
22 2302 11947 0 1777797286 41981
20 1984 3039 0 1777797286 42158
25 2169 45475 0 1777797286 42734
22 2303 3138 0 1777797286 45120
21 2240 4455 0 1777797286 45975
22 2304 1732 0 1777797286 46858
24 2223 5495 0 1777797286 47257
22 2305 3207 0 1777797286 50067
23 2187 16292 0 1777797286 55291
20 1985 14042 0 1777797286 56201
24 2224 8953 0 1777797286 56212
21 2241 10377 0 1777797286 56357
25 2170 16653 0 1777797286 59392
21 2242 3296 0 1777797286 59654
23 2188 4699 0 1777797286 59992
24 2225 11030 0 1777797286 67262
21 2243 8818 0 1777797286 68474
20 1986 12481 0 1777797286 68694
22 2306 19795 0 1777797286 69936
20 1987 1681 0 1777797286 70376
25 2171 15289 0 1777797286 74684
22 2307 4813 0 1777797286 74754
24 2226 7554 0 1777797286 74817
21 2244 9284 0 1777797286 77761
22 2308 3300 0 1777797286 78055
20 1988 8466 0 1777797286 78844
25 2172 4313 0 1777797286 79004
20 1989 2962 0 1777797286 81808
22 2309 7369 0 1777797286 85425
22 2310 800 0 1777797286 86227
22 2311 1190 0 1777797286 87421
21 2245 11281 0 1777797286 89046
24 2227 14653 0 1777797286 89472
22 2312 2065 0 1777797286 89490
25 2173 12052 0 1777797286 91057
20 1990 10211 0 1777797286 92021
22 2313 3546 0 1777797286 93036
25 2174 4163 0 1777797286 95221
20 1991 5770 0 1777797286 97793
25 2175 3366 0 1777797286 98591
22 2314 5765 0 1777797286 98803
20 1992 2680 0 1777797286 100476
20 1993 2561 0 1777797286 103040
20 1994 4695 0 1777797286 107740
22 2315 9575 0 1777797286 108380
24 2228 19151 0 1777797286 108625
25 2176 10807 0 1777797286 109401
21 2246 21578 0 1777797286 110632
20 1995 6935 0 1777797286 114677
24 2229 6159 0 1777797286 114785
22 2316 6962 0 1777797286 115343
25 2177 8195 0 1777797286 117599
22 2317 4119 0 1777797286 119464
23 2189 59480 0 1777797286 119473
20 1996 6110 0 1777797286 120791
23 2190 3156 0 1777797286 122654
21 2247 12417 0 1777797286 123053
22 2318 4416 0 1777797286 123891
21 2248 4029 0 1777797286 127089
22 2319 5074 0 1777797286 128968
20 1997 8402 0 1777797286 129200
23 2191 6870 0 1777797286 129531
25 2178 12018 0 1777797286 129620
20 1998 7212 0 1777797286 136414
22 2320 7459 0 1777797286 136429
22 2321 2778 0 1777797286 139227
25 2179 10795 0 1777797286 140416
24 2230 26315 0 1777797286 141103
23 2192 12101 0 1777797286 141635
22 2322 7844 0 1777797286 147073
21 2249 20493 0 1777797286 147585
20 1999 11605 0 1777797286 148035
25 2180 7702 0 1777797286 148122
21 2250 6097 0 1777797286 153684
24 2231 17788 0 1777797286 158893
22 2323 11847 0 1777797286 158922
20 2000 11064 0 1777797286 159103
21 2251 7688 0 1777797286 161375
25 2181 13634 0 1777797286 161757
23 2193 23748 0 1777797286 165386
20 2001 8447 0 1777797286 167551
24 2232 9461 0 1777797286 168356
22 2324 9599 0 1777797286 168522
23 2194 4486 0 1777797286 169883
20 2002 4691 0 1777797286 172244
21 2252 11112 0 1777797286 172492
25 2182 12945 0 1777797286 174704
24 2233 8455 0 1777797286 176814
23 2195 9175 0 1777797286 179063
22 2325 11970 0 1777797286 180493
25 2183 5787 0 1777797286 180500
20 2003 8279 0 1777797286 180531
24 2234 10546 0 1777797286 187361
21 2253 15490 0 1777797286 187983
22 2326 7504 0 1777797286 188005
23 2196 8962 0 1777797286 188026
20 2004 7712 0 1777797286 188244
25 2184 7819 0 1777797286 188335
