48 1 1067050 0 1777797257 582260
48 2 11968 0 1777797257 594259
48 3 2940 0 1777797257 597208
48 4 2508 0 1777797257 599719
48 5 8073 0 1777797257 607795
48 6 4270 0 1777797257 612072
48 7 1242 0 1777797257 613319
48 8 649 0 1777797257 613973
48 9 911 0 1777797257 614887
48 10 10023 0 1777797257 624912
48 11 3563 0 1777797257 628478
48 12 1062 0 1777797257 629546
48 13 1015 0 1777797257 630564
48 14 1108 0 1777797257 631674
48 15 4406 0 1777797257 636085
48 16 1095 0 1777797257 637183
48 17 738 0 1777797257 637923
48 18 1861 0 1777797257 639786
48 19 9620 0 1777797257 649408
48 20 9382 0 1777797257 658792
48 21 10170 0 1777797257 668965
48 22 9528 0 1777797257 678497
48 23 12234 0 1777797257 690733
48 24 5082 0 1777797257 695820
48 25 8207 0 1777797257 704032
48 26 14825 0 1777797257 718865
48 27 18696 0 1777797257 737561
48 28 16639 0 1777797257 754202
48 29 12985 0 1777797257 767189
48 30 7516 0 1777797257 774707
48 31 2074 0 1777797257 776783
48 32 18787 0 1777797257 795573
48 33 2352 0 1777797257 797927
48 34 2656 0 1777797257 800588
48 35 4885 0 1777797257 805476
48 36 2003 0 1777797257 807482
48 37 13326 0 1777797257 820811
48 38 3629 0 1777797257 824448
48 39 1466 0 1777797257 825917
48 40 1927 0 1777797257 827846
48 41 803 0 1777797257 828652
48 42 2890 0 1777797257 831544
48 43 1366 0 1777797257 832914
48 44 700 0 1777797257 833618
48 45 2305 0 1777797257 835939
48 46 977 0 1777797257 836920
48 47 11281 0 1777797257 848204
46 1 1345956 0 1777797257 861134
48 48 22192 0 1777797257 870398
48 49 1044 0 1777797257 871450
48 50 2170 0 1777797257 873622
46 2 13922 0 1777797257 875058
48 51 2906 0 1777797257 876530
46 3 6456 0 1777797257 881522
46 4 6645 0 1777797257 888169
46 5 9556 0 1777797257 897730
48 52 21962 0 1777797257 898498
45 1 1383441 0 1777797257 898599
46 6 8722 0 1777797257 906460
45 2 8867 0 1777797257 907468
48 53 8976 0 1777797257 907476
45 3 16956 0 1777797257 924433
48 54 16956 0 1777797257 924443
46 7 20678 0 1777797257 927140
45 4 5648 0 1777797257 930093
46 8 8918 0 1777797257 936061
45 5 13634 0 1777797257 943729
46 9 10778 0 1777797257 946841
48 55 22587 0 1777797257 947044
48 56 8596 0 1777797257 955641
46 10 15442 0 1777797257 962292
45 6 19232 0 1777797257 962964
45 7 4381 0 1777797257 967347
44 1 1460310 0 1777797257 975439
46 11 13151 0 1777797257 975445
48 57 20905 0 1777797257 976549
45 8 11874 0 1777797257 979224
46 12 4210 0 1777797257 979781
44 2 11303 0 1777797257 986749
48 58 10833 0 1777797257 987384
45 9 8173 0 1777797257 987399
46 13 9794 0 1777797257 989577
44 3 7692 0 1777797257 994444
45 10 7047 0 1777797257 994447
48 59 8433 0 1777797257 995818
46 14 7383 0 1777797257 996964
46 15 6647 0 1777797258 3614
44 4 10022 0 1777797258 4470
45 11 11174 0 1777797258 5628
48 60 9895 0 1777797258 5715
48 61 6193 0 1777797258 11909
44 5 10675 0 1777797258 15148
46 16 11542 0 1777797258 15158
45 12 11050 0 1777797258 16680
48 62 6514 0 1777797258 18425
44 6 4179 0 1777797258 19339
46 17 5555 0 1777797258 20734
49 1 1507183 0 1777797258 22410
48 63 5462 0 1777797258 23890
47 1 1511192 0 1777797258 26384
49 2 6238 0 1777797258 28652
48 64 7443 0 1777797258 31336
45 13 14690 0 1777797258 31370
46 18 10640 0 1777797258 31376
47 2 4994 0 1777797258 31380
49 3 4667 0 1777797258 33321
45 14 3303 0 1777797258 34683
45 15 1953 0 1777797258 36639
45 16 1583 0 1777797258 38224
44 7 19007 0 1777797258 38353
45 17 1207 0 1777797258 39434
49 4 6699 0 1777797258 40022
45 18 1927 0 1777797258 41363
46 19 10009 0 1777797258 41398
44 8 3367 0 1777797258 41721
47 3 10368 0 1777797258 41764
49 5 4981 0 1777797258 45005
47 4 3722 0 1777797258 45488
44 9 4338 0 1777797258 46061
49 6 2659 0 1777797258 47666
47 5 2803 0 1777797258 48292
49 7 1931 0 1777797258 49599
47 6 2146 0 1777797258 50440
44 10 6901 0 1777797258 52968
47 7 3214 0 1777797258 53657
48 65 23057 0 1777797258 54400
46 20 13190 0 1777797258 54590
48 66 1181 0 1777797258 55583
48 67 833 0 1777797258 56418
45 19 16089 0 1777797258 57459
45 20 3559 0 1777797258 61023
46 21 8957 0 1777797258 63549
44 11 10594 0 1777797258 63568
45 21 2548 0 1777797258 63574
46 22 8339 0 1777797258 71889
47 8 18236 0 1777797258 71895
44 12 11058 0 1777797258 74706
45 22 11139 0 1777797258 74798
46 23 5359 0 1777797258 77255
47 9 5354 0 1777797258 77264
48 68 20902 0 1777797258 77321
49 8 27725 0 1777797258 77325
47 10 8633 0 1777797258 85935
49 9 9148 0 1777797258 86480
46 24 9266 0 1777797258 86530
48 69 9210 0 1777797258 86535
44 13 15279 0 1777797258 89987
45 23 15210 0 1777797258 90010
44 14 5434 0 1777797258 95423
45 24 5675 0 1777797258 95686
49 10 18429 0 1777797258 104910
47 11 19985 0 1777797258 105921
46 25 21489 0 1777797258 108026
48 70 21494 0 1777797258 108040
45 25 15558 0 1777797258 111246
44 15 16542 0 1777797258 111967
49 11 7062 0 1777797258 111974
47 12 6379 0 1777797258 112307
46 26 7287 0 1777797258 115329
49 12 4946 0 1777797258 116934
46 27 4126 0 1777797258 119458
47 13 7456 0 1777797258 119766
45 26 9646 0 1777797258 120895
48 71 13708 0 1777797258 121764
44 16 12354 0 1777797258 124329
46 28 9163 0 1777797258 128623
44 17 4463 0 1777797258 128794
48 72 12008 0 1777797258 133773
49 13 16863 0 1777797258 133799
44 18 5838 0 1777797258 134634
45 27 13743 0 1777797258 134642
47 14 14878 0 1777797258 134649
46 29 9885 0 1777797258 138510
46 30 1907 0 1777797258 140422
49 14 6883 0 1777797258 140703
47 15 7162 0 1777797258 141832
48 73 22295 0 1777797258 156095
47 16 14340 0 1777797258 156174
44 19 22438 0 1777797258 157088
45 28 22437 0 1777797258 157097
49 15 16398 0 1777797258 157103
46 31 17386 0 1777797258 157809
48 74 4570 0 1777797258 160674
44 20 8254 0 1777797258 165358
47 17 9186 0 1777797258 165366
49 16 11426 0 1777797258 168566
45 29 11504 0 1777797258 168628
46 32 11172 0 1777797258 168983
48 75 16351 0 1777797258 177028
44 21 17420 0 1777797258 182786
45 30 14196 0 1777797258 182826
47 18 17454 0 1777797258 182830
49 17 18393 0 1777797258 186961
45 31 10664 0 1777797258 193494
46 33 29347 0 1777797258 198332
48 76 27671 0 1777797258 204704
49 18 17748 0 1777797258 204711
44 22 24043 0 1777797258 206834
45 32 13339 0 1777797258 206838
47 19 24007 0 1777797258 206843
46 34 12730 0 1777797258 211067
48 77 6364 0 1777797258 211076
45 33 5854 0 1777797258 212702
44 23 10487 0 1777797258 217330
47 20 10965 0 1777797258 217818
49 19 13106 0 1777797258 217827
45 34 7279 0 1777797258 219984
46 35 8916 0 1777797258 219992
48 78 8912 0 1777797258 219998
44 24 10297 0 1777797258 227630
46 36 7627 0 1777797258 227636
47 21 9811 0 1777797258 227639
49 20 10553 0 1777797258 228395
48 79 8559 0 1777797258 228575
45 35 8664 0 1777797258 228664
48 80 8650 0 1777797258 237227
47 22 10019 0 1777797258 237669
49 21 9279 0 1777797258 237675
44 25 13535 0 1777797258 241175
46 37 13545 0 1777797258 241191
45 36 20113 0 1777797258 248778
46 38 7530 0 1777797258 248785
47 23 11113 0 1777797258 248789
48 81 11557 0 1777797258 248793
49 22 11103 0 1777797258 248797
44 26 16641 0 1777797258 257834
45 37 9046 0 1777797258 257843
46 39 9045 0 1777797258 257850
47 24 9069 0 1777797258 257880
48 82 9074 0 1777797258 257889
49 23 9074 0 1777797258 257894
44 27 11016 0 1777797258 268910
45 38 11037 0 1777797258 268938
47 25 11028 0 1777797258 268943
48 83 11025 0 1777797258 268946
49 24 11026 0 1777797258 268950
46 40 11592 0 1777797258 269498
47 26 8903 0 1777797258 277867
48 84 8906 0 1777797258 277875
44 28 15917 0 1777797258 284867
45 39 15927 0 1777797258 284884
46 41 15391 0 1777797258 284891
47 27 7020 0 1777797258 284896
48 85 7022 0 1777797258 284911
49 25 15956 0 1777797258 284930
44 29 12925 0 1777797258 297855
45 40 12924 0 1777797258 297864
46 42 12923 0 1777797258 297870
47 28 12922 0 1777797258 297876
48 86 12920 0 1777797258 297882
49 26 12847 0 1777797258 297888
45 41 7572 0 1777797258 305477
46 43 7575 0 1777797258 305488
49 27 7548 0 1777797258 305495
47 29 8251 0 1777797258 306178
48 87 8249 0 1777797258 306184
44 30 14603 0 1777797258 312491
45 42 10284 0 1777797258 315779
49 28 10248 0 1777797258 315817
47 30 12876 0 1777797258 319061
44 31 8648 0 1777797258 321145
46 44 15646 0 1777797258 321154
48 88 14959 0 1777797258 321160
45 43 6021 0 1777797258 321840
49 29 6015 0 1777797258 321848
44 32 10412 0 1777797258 331573
47 31 12521 0 1777797258 331589
46 45 10513 0 1777797258 331726
48 89 10513 0 1777797258 331735
45 44 13874 0 1777797258 335782
46 46 4067 0 1777797258 335803
49 30 13892 0 1777797258 335810
44 33 5443 0 1777797258 337034
47 32 5891 0 1777797258 337584
48 90 5846 0 1777797258 337599
44 34 9924 0 1777797258 346962
45 45 11163 0 1777797258 346974
46 47 11142 0 1777797258 346981
47 33 9387 0 1777797258 346987
48 91 9383 0 1777797258 346992
49 31 14176 0 1777797258 350039
44 35 7789 0 1777797258 354783
47 34 7771 0 1777797258 354794
48 92 7770 0 1777797258 354801
45 46 11707 0 1777797258 358712
46 48 11703 0 1777797258 358716
49 32 8679 0 1777797258 358720
44 36 7321 0 1777797258 362123
47 35 7304 0 1777797258 362129
48 93 7299 0 1777797258 362133
45 47 10957 0 1777797258 369677
46 49 10961 0 1777797258 369687
49 33 10975 0 1777797258 369706
47 36 10580 0 1777797258 372719
48 94 10583 0 1777797258 372728
49 34 2968 0 1777797258 372734
45 48 3241 0 1777797258 372956
46 50 3216 0 1777797258 372963
44 37 13015 0 1777797258 375148
44 38 7716 0 1777797258 382866
45 49 9906 0 1777797258 382870
46 51 9900 0 1777797258 382874
47 37 10145 0 1777797258 382879
48 95 10139 0 1777797258 382883
49 35 10136 0 1777797258 382886
47 38 5134 0 1777797258 388034
44 39 12421 0 1777797258 395307
45 50 12426 0 1777797258 395317
46 52 12428 0 1777797258 395323
47 39 7292 0 1777797258 395332
48 96 12470 0 1777797258 395376
49 36 12484 0 1777797258 395393
48 97 1806 0 1777797258 397242
48 98 7320 0 1777797258 404567
48 99 5632 0 1777797258 410201
49 37 14767 0 1777797258 410209
48 100 5953 0 1777797258 416163
49 38 8481 0 1777797258 418717
48 101 6905 0 1777797258 423070
49 39 11350 0 1777797258 430069
44 40 35212 0 1777797258 430606
47 40 35198 0 1777797258 430624
45 51 38157 0 1777797258 433563
46 53 38167 0 1777797258 433579
48 102 10514 0 1777797258 433586
44 41 4280 0 1777797258 434907
47 41 10864 0 1777797258 441506
49 40 13088 0 1777797258 443159
44 42 11484 0 1777797258 446394
45 52 13784 0 1777797258 447371
46 54 13807 0 1777797258 447403
48 103 16732 0 1777797258 450334
46 55 5227 0 1777797258 452631
45 53 7073 0 1777797258 454450
47 42 14227 0 1777797258 455735
48 104 6220 0 1777797258 456558
49 41 14422 0 1777797258 457583
45 54 10260 0 1777797258 464720
47 43 9476 0 1777797258 465212
46 56 12939 0 1777797258 465577
45 55 3748 0 1777797258 468470
46 57 3143 0 1777797258 468721
48 105 12246 0 1777797258 468809
44 43 22867 0 1777797258 469263
45 56 1035 0 1777797258 469513
46 58 1046 0 1777797258 469773
48 106 4181 0 1777797258 472993
44 44 4329 0 1777797258 473595
45 57 4205 0 1777797258 473721
44 45 2369 0 1777797258 475967
45 58 3765 0 1777797258 477488
48 107 5681 0 1777797258 478678
46 59 9515 0 1777797258 479290
45 59 3518 0 1777797258 481009
48 108 9160 0 1777797258 487841
45 60 6937 0 1777797258 487949
44 46 15449 0 1777797258 491418
47 44 29516 0 1777797258 494731
45 61 7563 0 1777797258 495519
48 109 8019 0 1777797258 495861
44 47 13382 0 1777797258 504802
45 62 9290 0 1777797258 504810
49 42 47425 0 1777797258 505010
46 60 26938 0 1777797258 506232
47 45 11546 0 1777797258 506279
44 48 2927 0 1777797258 507737
44 49 5019 0 1777797258 512759
46 61 7598 0 1777797258 513833
48 110 18790 0 1777797258 514651
45 63 11184 0 1777797258 516004
46 62 2175 0 1777797258 516009
44 50 11545 0 1777797258 524309
45 64 8306 0 1777797258 524316
46 63 8306 0 1777797258 524322
48 111 9676 0 1777797258 524328
45 65 5187 0 1777797258 529527
46 64 5188 0 1777797258 529535
47 46 23258 0 1777797258 529538
48 112 5787 0 1777797258 530141
49 43 25700 0 1777797258 530710
44 51 13102 0 1777797258 537431
45 66 7897 0 1777797258 537436
46 65 7893 0 1777797258 537441
47 47 7892 0 1777797258 537446
48 113 7285 0 1777797258 537451
49 44 9847 0 1777797258 540558
46 66 5415 0 1777797258 542875
47 48 5987 0 1777797258 543452
45 67 6033 0 1777797258 543489
44 52 8131 0 1777797258 545582
48 114 8122 0 1777797258 545590
49 45 6310 0 1777797258 546872
44 53 6606 0 1777797258 552197
46 67 9334 0 1777797258 552215
45 68 10701 0 1777797258 554193
48 115 8625 0 1777797258 554226
49 46 7358 0 1777797258 554231
47 49 10855 0 1777797258 554312
46 68 4777 0 1777797258 557072
44 54 5642 0 1777797258 557924
46 69 6017 0 1777797258 563092
48 116 8867 0 1777797258 563110
45 69 9023 0 1777797258 563256
47 50 9238 0 1777797258 563551
49 47 9307 0 1777797258 563557
44 55 8669 0 1777797258 566596
46 70 3712 0 1777797258 566823
45 70 4695 0 1777797258 567953
44 56 5428 0 1777797258 572025
48 117 9253 0 1777797258 572376
46 71 6090 0 1777797258 572915
47 51 14063 0 1777797258 577622
44 57 7955 0 1777797258 579983
45 71 12035 0 1777797258 579991
49 48 16432 0 1777797258 579998
47 52 3381 0 1777797258 581005
46 72 8427 0 1777797258 581343
45 72 8893 0 1777797258 588903
46 73 7575 0 1777797258 588920
48 118 17539 0 1777797258 589917
44 58 11447 0 1777797258 591446
47 53 10457 0 1777797258 591463
49 49 11452 0 1777797258 591473
45 73 6471 0 1777797258 595377
46 74 6471 0 1777797258 595392
48 119 5480 0 1777797258 595399
47 54 5523 0 1777797258 597005
44 59 8980 0 1777797258 600454
46 75 7450 0 1777797258 602858
49 50 11378 0 1777797258 602868
45 74 8066 0 1777797258 603466
48 120 8630 0 1777797258 604045
47 55 9926 0 1777797258 606933
44 60 10644 0 1777797258 611100
45 75 7641 0 1777797258 611109
46 76 8245 0 1777797258 611114
49 51 8236 0 1777797258 611118
48 121 8921 0 1777797258 612967
47 56 6064 0 1777797258 612999
44 61 10443 0 1777797258 621562
46 77 10435 0 1777797258 621571
48 122 8603 0 1777797258 621577
45 76 11159 0 1777797258 622286
47 57 9300 0 1777797258 622300
49 52 11209 0 1777797258 622350
44 62 6092 0 1777797258 627670
48 123 6093 0 1777797258 627687
47 58 9277 0 1777797258 631649
45 77 10011 0 1777797258 632363
46 78 10785 0 1777797258 632371
44 63 10129 0 1777797258 637817
47 59 6176 0 1777797258 637826
48 124 10112 0 1777797258 637833
49 53 15436 0 1777797258 637840
44 64 2828 0 1777797258 640669
45 78 8300 0 1777797258 640674
47 60 2825 0 1777797258 640677
48 125 2822 0 1777797258 640682
49 54 2819 0 1777797258 640686
44 65 5944 0 1777797258 646631
47 61 5948 0 1777797258 646643
48 126 5950 0 1777797258 646649
49 55 5952 0 1777797258 646655
47 62 5185 0 1777797258 651853
49 56 6881 0 1777797258 653566
48 127 7514 0 1777797258 654190
49 57 2646 0 1777797258 656214
49 58 5430 0 1777797258 661650
48 128 8133 0 1777797258 662325
48 129 11526 0 1777797258 673856
47 63 22250 0 1777797258 674105
45 79 35642 0 1777797258 676334
47 64 2244 0 1777797258 676351
49 59 15348 0 1777797258 677000
47 65 2886 0 1777797258 679249
49 60 2449 0 1777797258 679450
48 130 7198 0 1777797258 681058
45 80 5061 0 1777797258 681414
46 79 49058 0 1777797258 681439
48 131 1817 0 1777797258 682878
44 66 36373 0 1777797258 683029
47 66 5350 0 1777797258 684600
49 61 9879 0 1777797258 689332
47 67 4905 0 1777797258 689511
47 68 3375 0 1777797258 692888
47 69 5717 0 1777797258 698607
46 80 21186 0 1777797258 702626
47 70 4041 0 1777797258 702650
48 132 19773 0 1777797258 702657
44 67 24143 0 1777797258 707175
48 133 4734 0 1777797258 707410
48 134 1436 0 1777797258 708849
45 81 28901 0 1777797258 710318
46 81 10009 0 1777797258 712667
48 135 7393 0 1777797258 716244
49 62 27061 0 1777797258 716394
45 82 7005 0 1777797258 717325
49 63 4046 0 1777797258 720442
47 71 20154 0 1777797258 722821
48 136 7832 0 1777797258 724077
47 72 7642 0 1777797258 730467
49 64 10040 0 1777797258 730484
45 83 14896 0 1777797258 732225
48 137 8152 0 1777797258 732231
47 73 5597 0 1777797258 736082
45 84 13214 0 1777797258 745446
47 74 9367 0 1777797258 745452
48 138 13219 0 1777797258 745456
49 65 14965 0 1777797258 745460
44 68 43515 0 1777797258 750691
46 82 38054 0 1777797258 750724
48 139 5298 0 1777797258 750771
45 85 14688 0 1777797258 760148
48 140 9326 0 1777797258 760166
49 66 14696 0 1777797258 760173
44 69 13647 0 1777797258 764419
46 83 13603 0 1777797258 764430
47 75 18969 0 1777797258 764436
49 67 6766 0 1777797258 766958
45 86 7110 0 1777797258 767284
48 141 7111 0 1777797258 767294
46 84 10204 0 1777797258 774651
44 70 11119 0 1777797258 775556
45 87 10040 0 1777797258 777335
48 142 10093 0 1777797258 777398
49 68 12087 0 1777797258 779047
44 71 7294 0 1777797258 782853
46 85 10898 0 1777797258 785560
47 76 22750 0 1777797258 787205
49 69 12251 0 1777797258 791302
46 86 8067 0 1777797258 793628
45 88 17063 0 1777797258 794462
45 89 1655 0 1777797258 796118
47 77 11458 0 1777797258 798665
45 90 6609 0 1777797258 802729
47 78 14189 0 1777797258 812857
45 91 10793 0 1777797258 813526
44 72 31480 0 1777797258 814363
48 143 36976 0 1777797258 814386
46 87 21995 0 1777797258 815625
45 92 6001 0 1777797258 819529
48 144 7269 0 1777797258 821669
44 73 7689 0 1777797258 822076
47 79 13821 0 1777797258 826680
47 80 11773 0 1777797258 838457
44 74 16534 0 1777797258 838612
46 88 25978 0 1777797258 841606
45 93 30448 0 1777797258 849979
47 81 14910 0 1777797258 853369
45 94 4010 0 1777797258 853992
46 89 14911 0 1777797258 856519
49 70 66549 0 1777797258 857860
45 95 3893 0 1777797258 857890
44 75 23230 0 1777797258 861843
46 90 6337 0 1777797258 862864
48 145 42401 0 1777797258 864074
49 71 8687 0 1777797258 866548
45 96 17430 0 1777797258 875320
44 76 13495 0 1777797258 875339
49 72 9540 0 1777797258 876090
46 91 14674 0 1777797258 877538
44 77 8118 0 1777797258 883457
45 97 8137 0 1777797258 883460
48 146 19389 0 1777797258 883464
49 73 7376 0 1777797258 883467
47 82 31441 0 1777797258 884812
47 83 6333 0 1777797258 891146
46 92 16829 0 1777797258 894368
44 78 11062 0 1777797258 894530
45 98 12125 0 1777797258 895598
48 147 14356 0 1777797258 897832
45 99 3991 0 1777797258 899591
46 93 5849 0 1777797258 900221
49 74 20972 0 1777797258 904453
48 148 6895 0 1777797258 904729
45 100 5325 0 1777797258 904918
46 94 5430 0 1777797258 905655
45 101 4281 0 1777797258 909201
48 149 4478 0 1777797258 909209
49 75 4757 0 1777797258 909215
46 95 4287 0 1777797258 909943
47 84 19973 0 1777797258 911121
49 76 4296 0 1777797258 913539
48 150 4878 0 1777797258 914112
47 85 46763 0 1777797258 957893
44 79 63706 0 1777797258 958237
46 96 49968 0 1777797258 959913
45 102 53031 0 1777797258 962248
47 86 4362 0 1777797258 962258
48 151 48150 0 1777797258 962265
49 77 48731 0 1777797258 962272
44 80 5469 0 1777797258 963709
46 97 3804 0 1777797258 963720
47 87 3717 0 1777797258 966002
46 98 3075 0 1777797258 966805
48 152 4600 0 1777797258 966894
44 81 5106 0 1777797258 968827
45 103 8865 0 1777797258 971139
49 78 10196 0 1777797258 972499
46 99 6741 0 1777797258 973548
46 100 4070 0 1777797258 977621
49 79 5126 0 1777797258 977629
45 104 7983 0 1777797258 979125
47 88 13128 0 1777797258 979132
44 82 13036 0 1777797258 981865
49 80 5017 0 1777797258 982655
48 153 15831 0 1777797258 982727
46 101 7993 0 1777797258 985623
44 83 3966 0 1777797258 985836
44 84 1098 0 1777797258 986937
47 89 8343 0 1777797258 987485
48 154 5065 0 1777797258 987793
44 85 2483 0 1777797258 989427
46 102 5303 0 1777797258 990929
47 90 5237 0 1777797258 992728
48 155 4944 0 1777797258 992738
44 86 7305 0 1777797258 996734
46 103 5811 0 1777797258 996741
46 104 3474 0 1777797259 225
48 156 63554 0 1777797259 56314
47 91 63595 0 1777797259 56334
49 81 73682 0 1777797259 56339
44 87 60078 0 1777797259 56820
45 105 77695 0 1777797259 56828
46 105 56608 0 1777797259 56835
49 82 6089 0 1777797259 62435
44 88 10738 0 1777797259 67575
47 92 11255 0 1777797259 67594
48 157 11284 0 1777797259 67601
45 106 16940 0 1777797259 73789
49 83 16336 0 1777797259 78779
46 106 24965 0 1777797259 81824
44 89 15069 0 1777797259 82672
47 93 15058 0 1777797259 82685
48 158 15056 0 1777797259 82692
49 84 6199 0 1777797259 84986
45 107 13934 0 1777797259 87725
46 107 6292 0 1777797259 88119
47 94 5968 0 1777797259 88675
44 90 6011 0 1777797259 88704
48 159 9126 0 1777797259 91840
44 91 7227 0 1777797259 95933
45 108 8214 0 1777797259 95941
46 108 7827 0 1777797259 95948
47 95 7278 0 1777797259 95955
48 160 4112 0 1777797259 95960
49 85 10972 0 1777797259 95966
48 161 5858 0 1777797259 101859
49 86 5859 0 1777797259 101866
45 109 10457 0 1777797259 106434
47 96 14351 0 1777797259 110344
44 92 14491 0 1777797259 110458
46 109 17410 0 1777797259 113395
48 162 11545 0 1777797259 113412
49 87 11604 0 1777797259 113482
44 93 11434 0 1777797259 121895
45 110 15468 0 1777797259 121904
46 110 8428 0 1777797259 121911
47 97 11566 0 1777797259 121917
48 163 8422 0 1777797259 121924
49 88 8419 0 1777797259 121930
44 94 12870 0 1777797259 134800
45 111 12866 0 1777797259 134806
46 111 12863 0 1777797259 134810
47 98 12861 0 1777797259 134814
48 164 12856 0 1777797259 134817
49 89 12853 0 1777797259 134821
46 112 9924 0 1777797259 144755
47 99 9933 0 1777797259 144767
48 165 9946 0 1777797259 144784
44 95 10971 0 1777797259 145793
45 112 10973 0 1777797259 145800
49 90 12371 0 1777797259 147213
44 96 3632 0 1777797259 149434
47 100 11280 0 1777797259 156080
46 113 11912 0 1777797259 156697
48 166 11901 0 1777797259 156716
44 97 12211 0 1777797259 161648
45 113 22558 0 1777797259 168378
46 114 11687 0 1777797259 168404
47 101 12341 0 1777797259 168423
48 167 11711 0 1777797259 168439
49 91 21250 0 1777797259 168465
44 98 6865 0 1777797259 168516
44 99 9812 0 1777797259 178329
46 115 9859 0 1777797259 178337
47 102 9858 0 1777797259 178343
49 92 11531 0 1777797259 180032
44 100 9099 0 1777797259 187443
46 116 9098 0 1777797259 187450
49 93 11981 0 1777797259 192015
45 114 25451 0 1777797259 193917
47 103 15977 0 1777797259 194347
44 101 12000 0 1777797259 199451
46 117 11993 0 1777797259 199460
46 118 6945 0 1777797259 206417
47 104 12081 0 1777797259 206430
44 102 14835 0 1777797259 214296
45 115 20380 0 1777797259 214304
47 105 7853 0 1777797259 214321
48 168 45836 0 1777797259 214328
49 94 22318 0 1777797259 214335
46 119 11092 0 1777797259 217523
44 103 17234 0 1777797259 231570
45 116 17243 0 1777797259 231589
48 169 17305 0 1777797259 231671
44 104 6591 0 1777797259 238182
45 117 6576 0 1777797259 238189
48 170 6524 0 1777797259 238196
44 105 7652 0 1777797259 245850
45 118 7661 0 1777797259 245867
46 120 28349 0 1777797259 245874
48 171 7666 0 1777797259 245880
49 95 31511 0 1777797259 245886
44 106 3444 0 1777797259 249331
48 172 3432 0 1777797259 249345
45 119 4192 0 1777797259 250089
45 120 4753 0 1777797259 254848
48 173 7856 0 1777797259 257212
46 121 19057 0 1777797259 264962
48 174 7761 0 1777797259 264975
49 96 19062 0 1777797259 264982
44 107 17602 0 1777797259 266949
49 97 1958 0 1777797259 266960
46 122 6454 0 1777797259 271437
47 106 57093 0 1777797259 271451
48 175 6849 0 1777797259 271843
45 121 19630 0 1777797259 274487
47 107 3039 0 1777797259 274508
47 108 7648 0 1777797259 282176
46 123 19614 0 1777797259 291066
44 108 38371 0 1777797259 305332
45 122 30862 0 1777797259 305371
47 109 23213 0 1777797259 305391
48 176 38874 0 1777797259 310719
49 98 43847 0 1777797259 310827
46 124 24190 0 1777797259 315259
44 109 15561 0 1777797259 320953
45 123 15538 0 1777797259 320960
47 110 21578 0 1777797259 327010
44 110 16243 0 1777797259 337204
45 124 16242 0 1777797259 337211
48 177 26388 0 1777797259 337216
47 111 15628 0 1777797259 342641
49 99 31818 0 1777797259 342658
46 125 30908 0 1777797259 346168
44 111 18169 0 1777797259 355386
46 126 9225 0 1777797259 355395
47 112 12742 0 1777797259 355402
48 178 18825 0 1777797259 356103
45 125 21774 0 1777797259 359014
49 100 16219 0 1777797259 359054
47 113 8086 0 1777797259 363543
48 179 7449 0 1777797259 363554
49 101 8000 0 1777797259 367147
47 114 5661 0 1777797259 369217
47 115 5334 0 1777797259 374554
49 102 9575 0 1777797259 376724
48 180 14766 0 1777797259 378334
44 112 34359 0 1777797259 389763
48 181 11444 0 1777797259 389780
49 103 13109 0 1777797259 389835
46 127 35242 0 1777797259 390683
45 126 31996 0 1777797259 391052
47 116 20430 0 1777797259 394991
49 104 5962 0 1777797259 395799
44 113 6451 0 1777797259 396232
46 128 8662 0 1777797259 399348
49 105 4470 0 1777797259 400271
44 114 5859 0 1777797259 402093
48 182 12304 0 1777797259 402114
46 129 3852 0 1777797259 403209
45 127 12648 0 1777797259 403701
49 106 6546 0 1777797259 406821
46 130 5520 0 1777797259 408733
47 117 16254 0 1777797259 411254
45 128 9377 0 1777797259 413080
46 131 4948 0 1777797259 413683
45 129 3647 0 1777797259 416731
45 130 1025 0 1777797259 417758
45 131 1947 0 1777797259 419769
48 183 17997 0 1777797259 420133
46 132 6722 0 1777797259 420407
44 115 18623 0 1777797259 420739
49 107 14431 0 1777797259 421254
48 184 3203 0 1777797259 423337
44 116 3456 0 1777797259 424198
47 118 12967 0 1777797259 424224
48 185 2360 0 1777797259 425700
45 132 6101 0 1777797259 425872
46 133 5729 0 1777797259 426140
44 117 2168 0 1777797259 426373
44 118 3575 0 1777797259 429949
45 133 4089 0 1777797259 429962
46 134 4195 0 1777797259 430336
48 186 6644 0 1777797259 432347
46 135 3892 0 1777797259 434229
47 119 12673 0 1777797259 436899
44 119 7251 0 1777797259 437214
45 134 7249 0 1777797259 437223
49 108 15970 0 1777797259 437229
49 109 3759 0 1777797259 441018
44 120 4740 0 1777797259 441970
46 136 7973 0 1777797259 442205
44 121 1240 0 1777797259 443213
45 135 6114 0 1777797259 443365
46 137 2599 0 1777797259 444805
49 110 3804 0 1777797259 444825
46 138 4797 0 1777797259 449623
47 120 13552 0 1777797259 450453
44 122 8323 0 1777797259 451539
45 136 9394 0 1777797259 452760
49 111 7933 0 1777797259 452769
45 137 4188 0 1777797259 456958
46 139 8072 0 1777797259 457702
45 138 3043 0 1777797259 460003
44 123 8629 0 1777797259 460170
49 112 8782 0 1777797259 461562
47 121 12887 0 1777797259 463342
44 124 5567 0 1777797259 465738
49 113 4733 0 1777797259 466297
45 139 7656 0 1777797259 467666
48 187 37027 0 1777797259 469375
44 125 5384 0 1777797259 471126
47 122 7939 0 1777797259 471283
47 123 2400 0 1777797259 473685
45 140 7074 0 1777797259 474743
46 140 17051 0 1777797259 474755
47 124 4581 0 1777797259 478268
48 188 9187 0 1777797259 478564
44 126 8284 0 1777797259 479412
49 114 14296 0 1777797259 480597
49 115 1948 0 1777797259 482547
46 141 9169 0 1777797259 483934
47 125 5684 0 1777797259 483956
44 127 7026 0 1777797259 486441
49 116 3899 0 1777797259 486449
45 141 12165 0 1777797259 486921
44 128 2989 0 1777797259 489439
49 117 2968 0 1777797259 489445
47 126 5504 0 1777797259 489472
48 189 10927 0 1777797259 489493
45 142 3667 0 1777797259 490593
49 118 2372 0 1777797259 491826
45 143 4978 0 1777797259 495573
48 190 6393 0 1777797259 495896
49 119 5046 0 1777797259 496874
44 129 8046 0 1777797259 497493
45 144 2478 0 1777797259 498053
47 127 9773 0 1777797259 499267
48 191 3737 0 1777797259 499636
49 120 5066 0 1777797259 501942
47 128 5168 0 1777797259 504437
44 130 8573 0 1777797259 506068
49 121 5004 0 1777797259 506948
46 142 23309 0 1777797259 507266
48 192 8938 0 1777797259 508575
47 129 4596 0 1777797259 509035
48 193 3098 0 1777797259 511674
47 130 4061 0 1777797259 513097
45 145 18341 0 1777797259 516396
45 146 1282 0 1777797259 517680
47 131 4792 0 1777797259 517890
47 132 3829 0 1777797259 521721
44 131 23358 0 1777797259 529428
45 147 11750 0 1777797259 529433
46 143 22167 0 1777797259 529436
48 194 17764 0 1777797259 529440
47 133 8144 0 1777797259 529867
49 122 22925 0 1777797259 529875
44 132 10911 0 1777797259 540351
45 148 10912 0 1777797259 540357
46 144 10916 0 1777797259 540365
47 134 10495 0 1777797259 540370
49 123 10668 0 1777797259 540552
48 195 11568 0 1777797259 541023
48 196 12898 0 1777797259 553922
45 149 13621 0 1777797259 553998
46 145 14009 0 1777797259 554396
44 133 14091 0 1777797259 554461
49 124 13913 0 1777797259 554467
47 135 14137 0 1777797259 554529
49 125 7443 0 1777797259 561921
44 134 7578 0 1777797259 562046
47 136 7591 0 1777797259 562121
46 146 10345 0 1777797259 564742
48 197 10823 0 1777797259 564755
45 150 10812 0 1777797259 564812
48 198 7426 0 1777797259 572195
45 151 7842 0 1777797259 572657
46 147 7948 0 1777797259 572705
49 126 10808 0 1777797259 572733
47 137 15556 0 1777797259 577678
44 135 16506 0 1777797259 578554
48 199 6797 0 1777797259 578994
45 152 10229 0 1777797259 582888
47 138 5660 0 1777797259 583340
49 127 12197 0 1777797259 584931
46 148 12423 0 1777797259 585129
48 200 9668 0 1777797259 588667
44 136 12097 0 1777797259 590655
47 139 10024 0 1777797259 593366
48 201 5655 0 1777797259 594331
49 128 9411 0 1777797259 594343
45 153 11731 0 1777797259 594622
46 149 10421 0 1777797259 595552
44 137 8981 0 1777797259 599639
45 154 5157 0 1777797259 599781
49 129 5552 0 1777797259 599905
45 155 3634 0 1777797259 603416
47 140 10109 0 1777797259 603475
46 150 8383 0 1777797259 603941
48 202 10378 0 1777797259 604722
49 130 11555 0 1777797259 611461
44 138 12149 0 1777797259 611869
45 156 8458 0 1777797259 611875
46 151 7936 0 1777797259 611878
48 203 7159 0 1777797259 611883
47 141 8571 0 1777797259 612048
49 131 5457 0 1777797259 616919
48 204 10244 0 1777797259 622145
46 152 10424 0 1777797259 622318
45 157 10708 0 1777797259 622596
47 142 12268 0 1777797259 624318
44 139 15651 0 1777797259 627534
47 143 3710 0 1777797259 628030
49 132 11538 0 1777797259 628460
46 153 6742 0 1777797259 629061
45 158 7975 0 1777797259 630572
48 205 8433 0 1777797259 630580
44 140 3068 0 1777797259 630610
47 144 2583 0 1777797259 630614
46 154 3558 0 1777797259 632621
49 133 4127 0 1777797259 632629
45 159 7340 0 1777797259 637921
46 155 5299 0 1777797259 637929
47 145 7942 0 1777797259 638563
44 141 11877 0 1777797259 642491
46 156 7754 0 1777797259 645698
45 160 8109 0 1777797259 646039
48 206 18990 0 1777797259 649587
49 134 16983 0 1777797259 649622
47 146 14770 0 1777797259 653335
44 142 12110 0 1777797259 654602
46 157 9613 0 1777797259 655320
46 158 1126 0 1777797259 656449
46 159 2312 0 1777797259 658766
45 161 12857 0 1777797259 658897
48 207 13192 0 1777797259 662781
49 135 13182 0 1777797259 662805
44 143 8822 0 1777797259 663428
47 147 10117 0 1777797259 663455
44 144 2650 0 1777797259 666082
45 162 9573 0 1777797259 668472
46 160 9729 0 1777797259 668497
49 136 5720 0 1777797259 668526
47 148 5475 0 1777797259 668931
45 163 2722 0 1777797259 671221
48 208 8859 0 1777797259 671642
46 161 4273 0 1777797259 672784
48 209 2140 0 1777797259 673783
46 162 2080 0 1777797259 674867
45 164 3735 0 1777797259 674959
48 210 1707 0 1777797259 675493
48 211 2536 0 1777797259 678030
47 149 10247 0 1777797259 679180
47 150 1792 0 1777797259 680974
48 212 3874 0 1777797259 681906
49 137 14877 0 1777797259 683405
48 213 2625 0 1777797259 684533
46 163 9698 0 1777797259 684567
45 165 9890 0 1777797259 684850
49 138 3992 0 1777797259 687400
45 166 2813 0 1777797259 687664
46 164 3105 0 1777797259 687673
47 151 8550 0 1777797259 689526
48 214 5472 0 1777797259 690008
46 165 4606 0 1777797259 692290
48 215 2750 0 1777797259 692759
45 167 5572 0 1777797259 693246
46 166 4098 0 1777797259 696395
48 216 3638 0 1777797259 696400
45 168 3351 0 1777797259 696602
49 139 9205 0 1777797259 696606
47 152 9973 0 1777797259 699502
48 217 3103 0 1777797259 699509
45 169 5912 0 1777797259 702518
44 145 38334 0 1777797259 704418
46 167 8040 0 1777797259 704441
48 218 6770 0 1777797259 706296
45 170 6303 0 1777797259 708822
46 168 4368 0 1777797259 708830
44 146 7979 0 1777797259 712422
48 219 6235 0 1777797259 712535
46 169 11319 0 1777797259 720161
48 220 11747 0 1777797259 724284
44 147 13935 0 1777797259 726359
45 171 20977 0 1777797259 729808
46 170 12569 0 1777797259 732733
49 140 36149 0 1777797259 732762
45 172 7376 0 1777797259 737186
46 171 13224 0 1777797259 745960
44 148 23046 0 1777797259 749407
49 141 16672 0 1777797259 749437
45 173 13833 0 1777797259 751022
46 172 11988 0 1777797259 757950
49 142 10238 0 1777797259 759676
49 143 4025 0 1777797259 763704
46 173 24246 0 1777797259 782199
49 144 18508 0 1777797259 782213
44 149 36576 0 1777797259 785985
47 153 86483 0 1777797259 785993
45 174 35279 0 1777797259 786308
44 150 5598 0 1777797259 791592
48 221 67312 0 1777797259 791598
46 174 11875 0 1777797259 794089
49 145 11847 0 1777797259 794099
47 154 8155 0 1777797259 794170
45 175 27877 0 1777797259 814189
49 146 20237 0 1777797259 814344
46 175 20320 0 1777797259 814420
47 155 21495 0 1777797259 815666
48 222 24069 0 1777797259 815674
49 147 8490 0 1777797259 822836
44 151 31814 0 1777797259 823412
46 176 12767 0 1777797259 827188
45 176 18899 0 1777797259 833097
48 223 17478 0 1777797259 833159
47 156 19598 0 1777797259 835272
49 148 12442 0 1777797259 835281
44 152 16046 0 1777797259 839459
46 177 14232 0 1777797259 841427
48 224 8365 0 1777797259 841525
45 177 10647 0 1777797259 843747
49 149 11289 0 1777797259 846595
47 157 13461 0 1777797259 848743
44 153 9345 0 1777797259 848806
48 225 15242 0 1777797259 856814
45 178 13974 0 1777797259 857722
46 178 16299 0 1777797259 857728
49 150 16089 0 1777797259 862685
44 154 14236 0 1777797259 863043
47 158 14311 0 1777797259 863059
48 226 19245 0 1777797259 876061
45 179 18348 0 1777797259 876077
46 179 19403 0 1777797259 877141
44 155 21934 0 1777797259 884994
49 151 22311 0 1777797259 885002
47 159 23831 0 1777797259 886919
48 227 12808 0 1777797259 888870
46 180 13922 0 1777797259 891064
45 180 15699 0 1777797259 891777
49 152 8765 0 1777797259 893777
47 160 7491 0 1777797259 894414
44 156 10876 0 1777797259 895878
48 228 22634 0 1777797259 911509
44 157 15775 0 1777797259 911654
47 161 17415 0 1777797259 911836
45 181 20102 0 1777797259 911881
46 181 20897 0 1777797259 911963
49 153 18274 0 1777797259 912053
48 229 8513 0 1777797259 920030
45 182 15702 0 1777797259 927584
44 158 32085 0 1777797259 943741
45 183 16164 0 1777797259 943751
46 182 31794 0 1777797259 943759
48 230 23732 0 1777797259 943765
49 154 31717 0 1777797259 943771
47 162 31994 0 1777797259 943831
44 159 3291 0 1777797259 947064
45 184 3582 0 1777797259 947365
48 231 5286 0 1777797259 949088
47 163 10459 0 1777797259 954291
49 155 14183 0 1777797259 957995
47 164 12798 0 1777797259 967092
46 183 25820 0 1777797259 969612
47 165 7351 0 1777797259 974445
49 156 19553 0 1777797259 977552
44 160 31786 0 1777797259 978852
45 185 31866 0 1777797259 979234
48 232 31267 0 1777797259 980357
44 161 3648 0 1777797259 982506
45 186 3955 0 1777797259 983192
49 157 5648 0 1777797259 983204
47 166 13543 0 1777797259 987991
48 233 7642 0 1777797259 988001
49 158 7623 0 1777797259 990842
48 234 5087 0 1777797259 993101
44 162 13347 0 1777797259 995856
45 187 12667 0 1777797259 995872
47 167 7895 0 1777797259 995898
48 235 4792 0 1777797259 997896
47 168 3317 0 1777797259 999216
45 188 3610 0 1777797259 999494
44 163 3828 0 1777797259 999701
48 236 2917 0 1777797260 819
45 189 2483 0 1777797260 1979
45 190 3549 0 1777797260 5531
49 159 18561 0 1777797260 9407
44 164 10500 0 1777797260 10202
47 169 11280 0 1777797260 10498
48 237 10485 0 1777797260 11305
45 191 7836 0 1777797260 13371
48 238 2369 0 1777797260 13677
48 239 2858 0 1777797260 16536
49 160 7601 0 1777797260 17010
45 192 3672 0 1777797260 17045
47 170 9058 0 1777797260 19559
44 165 10224 0 1777797260 20429
45 193 7268 0 1777797260 24315
45 194 3072 0 1777797260 27389
48 240 10869 0 1777797260 27406
49 161 12798 0 1777797260 29810
45 195 4682 0 1777797260 32089
47 171 12540 0 1777797260 32103
44 166 11775 0 1777797260 32206
44 167 1914 0 1777797260 34121
45 196 3828 0 1777797260 35932
45 197 3289 0 1777797260 39226
49 162 11914 0 1777797260 41726
45 198 4190 0 1777797260 43418
48 241 16996 0 1777797260 44427
47 172 14856 0 1777797260 46976
49 163 5255 0 1777797260 46985
48 242 3368 0 1777797260 47798
44 168 13871 0 1777797260 47996
47 173 4377 0 1777797260 51363
44 169 4685 0 1777797260 52683
46 184 84129 0 1777797260 53742
45 199 11023 0 1777797260 54444
45 200 2649 0 1777797260 57094
47 174 6138 0 1777797260 57503
45 201 1787 0 1777797260 58883
48 243 15204 0 1777797260 63007
49 164 16042 0 1777797260 63037
49 165 2983 0 1777797260 66021
47 175 8803 0 1777797260 66310
48 244 3382 0 1777797260 66391
45 202 8127 0 1777797260 67013
47 176 2809 0 1777797260 69121
44 170 16719 0 1777797260 69405
46 185 15667 0 1777797260 69411
49 166 7202 0 1777797260 73225
48 245 7074 0 1777797260 73466
45 203 6807 0 1777797260 73822
44 171 5662 0 1777797260 75074
44 172 833 0 1777797260 75910
47 177 7499 0 1777797260 76627
45 204 3202 0 1777797260 77026
44 173 2581 0 1777797260 78495
46 186 9565 0 1777797260 78985
49 167 7446 0 1777797260 80672
48 246 9510 0 1777797260 82977
46 187 7643 0 1777797260 86630
47 178 10201 0 1777797260 86830
44 174 8644 0 1777797260 87141
49 168 7007 0 1777797260 87681
48 247 7573 0 1777797260 90552
45 205 14688 0 1777797260 91717
46 188 5463 0 1777797260 92095
47 179 5846 0 1777797260 92677
45 206 2876 0 1777797260 94595
46 189 2516 0 1777797260 94616
49 169 8181 0 1777797260 95864
47 180 3418 0 1777797260 96402
44 175 9429 0 1777797260 96572
46 190 3530 0 1777797260 98163
47 181 2317 0 1777797260 98720
44 176 2168 0 1777797260 98741
46 191 6222 0 1777797260 104388
47 182 5876 0 1777797260 104598
49 170 8783 0 1777797260 104649
45 207 10223 0 1777797260 104841
48 248 14295 0 1777797260 104848
47 183 3240 0 1777797260 107840
46 192 5551 0 1777797260 109948
45 208 8647 0 1777797260 113496
49 171 9110 0 1777797260 113760
45 209 2401 0 1777797260 115899
48 249 12995 0 1777797260 117851
49 172 5002 0 1777797260 118764
46 193 9482 0 1777797260 119432
47 184 12968 0 1777797260 120814
44 177 28320 0 1777797260 127062
47 185 6251 0 1777797260 127069
44 178 1483 0 1777797260 128554
49 173 10868 0 1777797260 129637
47 186 2812 0 1777797260 129895
46 194 13318 0 1777797260 132752
48 250 14896 0 1777797260 132762
46 195 3368 0 1777797260 136131
48 251 4209 0 1777797260 136982
45 210 21102 0 1777797260 137003
47 187 7720 0 1777797260 137616
49 174 8255 0 1777797260 137895
47 188 1179 0 1777797260 138797
47 189 3140 0 1777797260 141941
46 196 6454 0 1777797260 142587
44 179 14896 0 1777797260 143453
45 211 6704 0 1777797260 143708
49 175 6503 0 1777797260 144401
46 197 2083 0 1777797260 144673
48 252 8551 0 1777797260 145536
49 176 5271 0 1777797260 149675
46 198 5065 0 1777797260 149739
48 253 4938 0 1777797260 150477
46 199 3825 0 1777797260 153565
49 177 3907 0 1777797260 153584
45 212 9890 0 1777797260 153600
47 190 11691 0 1777797260 153634
44 180 11141 0 1777797260 154599
45 213 3732 0 1777797260 157333
47 191 3992 0 1777797260 157627
49 178 7382 0 1777797260 160967
44 181 7143 0 1777797260 161744
48 254 11762 0 1777797260 162240
49 179 2557 0 1777797260 163526
48 255 1453 0 1777797260 163694
45 214 7963 0 1777797260 165298
49 180 3055 0 1777797260 166588
47 192 9823 0 1777797260 167451
44 182 5845 0 1777797260 167591
47 193 4490 0 1777797260 171945
48 256 8281 0 1777797260 171976
45 215 6703 0 1777797260 172008
49 181 11350 0 1777797260 177940
44 183 10834 0 1777797260 178428
45 216 6486 0 1777797260 178506
48 257 6847 0 1777797260 178840
46 200 25689 0 1777797260 179256
46 201 1585 0 1777797260 180844
44 184 3028 0 1777797260 181458
49 182 4606 0 1777797260 182548
45 217 6299 0 1777797260 184807
48 258 9662 0 1777797260 188504
49 183 6592 0 1777797260 189143
46 202 9957 0 1777797260 190802
44 185 9384 0 1777797260 190847
44 186 1361 0 1777797260 192210
45 218 8628 0 1777797260 193436
49 184 5976 0 1777797260 195122
46 203 6629 0 1777797260 197435
45 219 4066 0 1777797260 197504
44 187 5367 0 1777797260 197579
49 185 4859 0 1777797260 199983
48 259 11519 0 1777797260 200024
46 204 3734 0 1777797260 201171
44 188 5403 0 1777797260 202983
45 220 6161 0 1777797260 203667
46 205 2501 0 1777797260 203674
48 260 5309 0 1777797260 205335
44 189 3178 0 1777797260 206171
47 194 34199 0 1777797260 206177
46 206 5994 0 1777797260 209677
47 195 3594 0 1777797260 209782
45 221 7516 0 1777797260 211192
48 261 8480 0 1777797260 213817
45 222 8076 0 1777797260 219277
47 196 9889 0 1777797260 219673
48 262 5951 0 1777797260 219774
45 223 1919 0 1777797260 221198
46 207 12951 0 1777797260 222630
44 190 17052 0 1777797260 223231
45 224 3987 0 1777797260 225188
45 225 2469 0 1777797260 227659
48 263 9220 0 1777797260 228996
45 226 2775 0 1777797260 230439
44 191 7442 0 1777797260 230674
46 208 9067 0 1777797260 231699
49 186 31807 0 1777797260 231793
47 197 13025 0 1777797260 232700
49 187 2353 0 1777797260 234149
44 192 4465 0 1777797260 235142
46 209 4931 0 1777797260 236632
49 188 3411 0 1777797260 237566
49 189 3232 0 1777797260 240804
45 227 11798 0 1777797260 242239
49 190 2902 0 1777797260 243709
44 193 13058 0 1777797260 248202
46 210 14606 0 1777797260 251240
47 198 21168 0 1777797260 253873
45 228 13076 0 1777797260 255318
49 191 12258 0 1777797260 255975
49 192 2090 0 1777797260 258068
44 194 11087 0 1777797260 259290
45 229 6412 0 1777797260 261732
46 211 12294 0 1777797260 263537
45 230 2133 0 1777797260 263867
49 193 7219 0 1777797260 265290
45 231 3415 0 1777797260 267284
45 232 4000 0 1777797260 271287
47 199 18786 0 1777797260 272661
49 194 11548 0 1777797260 276904
49 195 2935 0 1777797260 279840
47 200 9140 0 1777797260 281803
49 196 1965 0 1777797260 281811
44 195 22539 0 1777797260 281841
49 197 1524 0 1777797260 283344
45 233 14686 0 1777797260 285978
46 212 22470 0 1777797260 286009
48 264 57504 0 1777797260 286501
45 234 4533 0 1777797260 290514
44 196 8724 0 1777797260 290568
46 213 5580 0 1777797260 291589
49 198 9053 0 1777797260 292399
46 214 1781 0 1777797260 293373
45 235 3154 0 1777797260 293670
47 201 12784 0 1777797260 294596
48 265 8108 0 1777797260 294611
44 197 5548 0 1777797260 296117
45 236 3235 0 1777797260 296906
47 202 5152 0 1777797260 299764
48 266 8853 0 1777797260 303483
46 215 11446 0 1777797260 304824
44 198 9148 0 1777797260 305267
44 199 3075 0 1777797260 308345
47 203 8588 0 1777797260 308353
48 267 5037 0 1777797260 308521
46 216 5992 0 1777797260 310822
49 199 19622 0 1777797260 312023
48 268 4177 0 1777797260 312700
44 200 6338 0 1777797260 314692
47 204 7473 0 1777797260 315837
49 200 3871 0 1777797260 315896
46 217 5897 0 1777797260 316721
49 201 1927 0 1777797260 317824
48 269 12028 0 1777797260 324733
47 205 11026 0 1777797260 326869
48 270 2827 0 1777797260 327561
49 202 13764 0 1777797260 331595
44 201 16959 0 1777797260 331660
47 206 4854 0 1777797260 331727
49 203 3561 0 1777797260 335167
49 204 1193 0 1777797260 336365
46 218 27370 0 1777797260 344092
45 237 48747 0 1777797260 345655
46 219 3816 0 1777797260 347911
47 207 16284 0 1777797260 348013
44 202 16379 0 1777797260 348040
49 205 11811 0 1777797260 348178
48 271 21547 0 1777797260 349112
49 206 1787 0 1777797260 349966
49 207 2449 0 1777797260 352420
45 238 8104 0 1777797260 353762
46 220 7074 0 1777797260 354987
48 272 6943 0 1777797260 356057
46 221 2703 0 1777797260 357693
45 239 4045 0 1777797260 357813
44 203 11335 0 1777797260 359377
46 222 4068 0 1777797260 361768
47 208 13882 0 1777797260 361896
46 223 2997 0 1777797260 364767
45 240 10208 0 1777797260 368023
45 241 5352 0 1777797260 373379
46 224 10369 0 1777797260 375139
44 204 15864 0 1777797260 375243
47 209 15841 0 1777797260 377738
48 273 22201 0 1777797260 378262
49 208 28160 0 1777797260 380582
48 274 3085 0 1777797260 381349
45 242 8223 0 1777797260 381607
44 205 9279 0 1777797260 384523
47 210 10217 0 1777797260 387956
49 209 7388 0 1777797260 387972
45 243 6440 0 1777797260 388048
48 275 6802 0 1777797260 388157
44 206 3950 0 1777797260 388479
49 210 2402 0 1777797260 390375
44 207 1994 0 1777797260 390475
45 244 2479 0 1777797260 390528
48 276 2973 0 1777797260 391131
49 211 1567 0 1777797260 391945
46 225 18031 0 1777797260 393171
44 208 3276 0 1777797260 393752
44 209 1980 0 1777797260 395734
45 245 6280 0 1777797260 396810
44 210 3484 0 1777797260 399219
49 212 11995 0 1777797260 403941
46 226 10970 0 1777797260 404143
47 211 16905 0 1777797260 404863
45 246 8088 0 1777797260 404900
48 277 13919 0 1777797260 405051
44 211 6522 0 1777797260 405742
48 278 2453 0 1777797260 407505
46 227 3379 0 1777797260 407523
45 247 6885 0 1777797260 411786
49 213 7854 0 1777797260 411797
47 212 7295 0 1777797260 412161
48 279 6907 0 1777797260 414414
45 248 4281 0 1777797260 416079
46 228 8564 0 1777797260 416088
44 212 12451 0 1777797260 418198
49 214 6735 0 1777797260 418547
47 213 10324 0 1777797260 422487
46 229 6421 0 1777797260 422520
45 249 6582 0 1777797260 422672
48 280 8281 0 1777797260 422698
44 213 4738 0 1777797260 422938
47 214 6878 0 1777797260 429367
49 215 10824 0 1777797260 429372
48 281 8796 0 1777797260 431504
44 214 9442 0 1777797260 432381
46 230 9914 0 1777797260 432435
45 250 9804 0 1777797260 432504
47 215 6569 0 1777797260 435942
49 216 7355 0 1777797260 436751
48 282 5287 0 1777797260 436793
44 215 7380 0 1777797260 439766
48 283 3455 0 1777797260 440250
46 231 9875 0 1777797260 442312
49 217 5773 0 1777797260 442525
45 251 10847 0 1777797260 443352
48 284 5263 0 1777797260 445515
47 216 10845 0 1777797260 446796
49 218 4349 0 1777797260 446875
48 285 4047 0 1777797260 449565
49 219 2640 0 1777797260 449581
47 217 6282 0 1777797260 453081
49 220 3769 0 1777797260 453351
46 232 11107 0 1777797260 453427
45 252 13454 0 1777797260 456807
48 286 7898 0 1777797260 457464
46 233 4051 0 1777797260 457478
47 218 5054 0 1777797260 458138
48 287 2726 0 1777797260 460191
47 219 5275 0 1777797260 463417
45 253 6949 0 1777797260 463757
48 288 4099 0 1777797260 464293
46 234 6830 0 1777797260 464309
45 254 1942 0 1777797260 465701
46 235 2173 0 1777797260 466483
48 289 2601 0 1777797260 466895
49 221 13643 0 1777797260 466996
47 220 6160 0 1777797260 469579
44 216 30882 0 1777797260 470651
46 236 7117 0 1777797260 473602
49 222 6608 0 1777797260 473606
47 221 4356 0 1777797260 473937
48 290 7267 0 1777797260 474166
45 255 9736 0 1777797260 475439
48 291 4077 0 1777797260 478244
44 217 8259 0 1777797260 478917
47 222 5372 0 1777797260 479312
49 223 6093 0 1777797260 479707
45 256 5378 0 1777797260 480820
48 292 5597 0 1777797260 483843
46 237 13347 0 1777797260 486954
44 218 8214 0 1777797260 487133
47 223 8894 0 1777797260 488208
49 224 8512 0 1777797260 488220
45 257 7647 0 1777797260 488469
48 293 4906 0 1777797260 488751
46 238 4550 0 1777797260 491508
44 219 4810 0 1777797260 491945
45 258 7245 0 1777797260 495716
48 294 7083 0 1777797260 495835
49 225 7707 0 1777797260 495939
46 239 6625 0 1777797260 498135
47 224 9920 0 1777797260 498141
45 259 2802 0 1777797260 498520
44 220 7052 0 1777797260 499001
49 226 3724 0 1777797260 499665
47 225 3808 0 1777797260 501959
49 227 3985 0 1777797260 503653
46 240 6012 0 1777797260 504154
45 260 5877 0 1777797260 504400
48 295 9903 0 1777797260 505740
46 241 4038 0 1777797260 508193
47 226 6424 0 1777797260 508384
49 228 5209 0 1777797260 508864
45 261 5828 0 1777797260 510229
44 221 12081 0 1777797260 511084
47 227 4331 0 1777797260 512717
46 242 5341 0 1777797260 513536
45 262 5783 0 1777797260 516014
49 229 10520 0 1777797260 519386
44 222 8590 0 1777797260 519679
47 228 7306 0 1777797260 520025
46 243 7292 0 1777797260 520829
48 296 15097 0 1777797260 520840
46 244 695 0 1777797260 521536
47 229 1807 0 1777797260 521833
44 223 4185 0 1777797260 523866
47 230 2607 0 1777797260 524441
46 245 3455 0 1777797260 524993
45 263 12504 0 1777797260 528528
47 231 4132 0 1777797260 528575
49 230 9231 0 1777797260 528622
47 232 1804 0 1777797260 530380
49 231 2619 0 1777797260 531242
45 264 3894 0 1777797260 532424
48 297 11582 0 1777797260 532434
47 233 4133 0 1777797260 534515
44 224 13904 0 1777797260 537772
46 246 13024 0 1777797260 538020
45 265 5603 0 1777797260 538038
47 234 6436 0 1777797260 540957
48 298 8543 0 1777797260 540988
44 225 3306 0 1777797260 541079
49 232 11601 0 1777797260 542848
48 299 2819 0 1777797260 543808
46 247 6942 0 1777797260 544963
45 266 7957 0 1777797260 545996
44 226 5220 0 1777797260 546300
47 235 6585 0 1777797260 547550
47 236 2016 0 1777797260 549568
47 237 1461 0 1777797260 551031
45 267 5853 0 1777797260 551851
49 233 10012 0 1777797260 552862
48 300 10564 0 1777797260 554374
45 268 4138 0 1777797260 555992
47 238 5738 0 1777797260 556770
44 227 11584 0 1777797260 557886
49 234 5057 0 1777797260 557923
45 269 2142 0 1777797260 558140
48 301 4280 0 1777797260 558655
47 239 3201 0 1777797260 559973
49 235 3888 0 1777797260 561813
47 240 2249 0 1777797260 562224
48 302 4446 0 1777797260 563103
44 228 5393 0 1777797260 563282
45 270 5169 0 1777797260 563310
45 271 1034 0 1777797260 564345
44 229 1964 0 1777797260 565247
44 230 3242 0 1777797260 568495
49 236 7933 0 1777797260 569747
47 241 8142 0 1777797260 570368
48 303 10770 0 1777797260 573877
46 248 28938 0 1777797260 573903
44 231 5699 0 1777797260 574196
45 272 10906 0 1777797260 575252
47 242 8597 0 1777797260 578970
48 304 5101 0 1777797260 578980
44 232 4874 0 1777797260 579072
49 237 9332 0 1777797260 579081
45 273 4979 0 1777797260 580233
46 249 8676 0 1777797260 582580
44 233 7444 0 1777797260 586526
49 238 8324 0 1777797260 587415
45 274 8789 0 1777797260 589025
49 239 2108 0 1777797260 589525
45 275 1041 0 1777797260 590068
45 276 1463 0 1777797260 591536
47 243 12630 0 1777797260 591611
49 240 3011 0 1777797260 592539
45 277 4915 0 1777797260 596511
46 250 14152 0 1777797260 596734
47 244 7279 0 1777797260 598891
48 305 20572 0 1777797260 599567
47 245 2798 0 1777797260 601691
49 241 9155 0 1777797260 601696
45 278 6855 0 1777797260 603367
48 306 4436 0 1777797260 604004
47 246 5825 0 1777797260 607521
49 242 6615 0 1777797260 608318
48 307 11886 0 1777797260 615892
44 234 29380 0 1777797260 615908
46 251 19782 0 1777797260 616517
47 247 9136 0 1777797260 616661
45 279 13915 0 1777797260 617284
49 243 19552 0 1777797260 627880
46 252 12589 0 1777797260 629112
47 248 12452 0 1777797260 629115
44 235 13279 0 1777797260 629188
45 280 11906 0 1777797260 629192
48 308 18106 0 1777797260 634000
45 281 8320 0 1777797260 637519
46 253 9547 0 1777797260 638663
44 236 16045 0 1777797260 645237
45 282 7721 0 1777797260 645242
46 254 6579 0 1777797260 645245
49 244 17359 0 1777797260 645249
47 249 19640 0 1777797260 648763
48 309 15010 0 1777797260 649011
45 283 6417 0 1777797260 651673
46 255 8745 0 1777797260 654006
44 237 27924 0 1777797260 673173
45 284 21546 0 1777797260 673222
48 310 24720 0 1777797260 673733
47 250 25187 0 1777797260 673950
48 311 4216 0 1777797260 677953
46 256 23958 0 1777797260 677966
49 245 34074 0 1777797260 679341
48 312 2848 0 1777797260 680802
48 313 1047 0 1777797260 681854
48 314 1032 0 1777797260 682887
44 238 13816 0 1777797260 686991
44 239 2003 0 1777797260 689004
47 251 15059 0 1777797260 689010
49 246 9673 0 1777797260 689016
45 285 16528 0 1777797260 689752
46 257 12971 0 1777797260 690938
49 247 2223 0 1777797260 691255
47 252 3299 0 1777797260 692324
46 258 2973 0 1777797260 693917
44 240 9932 0 1777797260 698949
45 286 9279 0 1777797260 699033
47 253 8224 0 1777797260 700550
46 259 6878 0 1777797260 700800
49 248 10885 0 1777797260 702142
44 241 3347 0 1777797260 702300
47 254 2820 0 1777797260 703372
47 255 2261 0 1777797260 705639
46 260 5524 0 1777797260 706325
44 242 5795 0 1777797260 708097
48 315 26328 0 1777797260 709222
49 249 7590 0 1777797260 709734
44 243 2687 0 1777797260 710787
44 244 1076 0 1777797260 711865
48 316 4810 0 1777797260 714034
46 261 8532 0 1777797260 714862
46 262 2023 0 1777797260 716888
48 317 2892 0 1777797260 716928
44 245 5732 0 1777797260 717599
44 246 7593 0 1777797260 725194
48 318 9324 0 1777797260 726253
44 247 3974 0 1777797260 729174
46 263 12314 0 1777797260 729204
48 319 3019 0 1777797260 729274
45 287 30313 0 1777797260 729347
44 248 1562 0 1777797260 730738
48 320 3828 0 1777797260 733103
45 288 4015 0 1777797260 733363
47 256 30178 0 1777797260 735820
44 249 5112 0 1777797260 735852
49 250 26120 0 1777797260 735859
45 289 5145 0 1777797260 738509
48 321 5686 0 1777797260 738795
46 264 13589 0 1777797260 742794
48 322 4076 0 1777797260 742873
47 257 7709 0 1777797260 743534
48 323 3670 0 1777797260 746544
44 250 11941 0 1777797260 747801
45 290 9620 0 1777797260 748132
47 258 5568 0 1777797260 749110
49 251 13292 0 1777797260 749165
46 265 8916 0 1777797260 751712
48 324 5188 0 1777797260 751734
44 251 6060 0 1777797260 753863
47 259 6914 0 1777797260 756026
45 291 8830 0 1777797260 756964
47 260 1507 0 1777797260 757536
46 266 5998 0 1777797260 757712
44 252 9604 0 1777797260 763471
46 267 5765 0 1777797260 763479
45 292 9760 0 1777797260 766727
47 261 9202 0 1777797260 766741
44 253 3323 0 1777797260 766802
48 325 15180 0 1777797260 766915
46 268 7187 0 1777797260 770681
49 252 22784 0 1777797260 771951
44 254 5837 0 1777797260 772641
49 253 1939 0 1777797260 773891
47 262 8837 0 1777797260 775605
44 255 3071 0 1777797260 775716
49 254 2456 0 1777797260 776350
45 293 11176 0 1777797260 777918
44 256 2371 0 1777797260 778089
47 263 2517 0 1777797260 778124
44 257 3075 0 1777797260 781165
48 326 16992 0 1777797260 783909
46 269 13473 0 1777797260 784156
44 258 3016 0 1777797260 784183
47 264 6687 0 1777797260 784813
45 294 8572 0 1777797260 786495
45 295 3213 0 1777797260 789713
48 327 5809 0 1777797260 789721
47 265 6441 0 1777797260 791256
49 255 16375 0 1777797260 792727
45 296 3050 0 1777797260 792772
48 328 3125 0 1777797260 792857
44 259 10162 0 1777797260 794347
48 329 1790 0 1777797260 794657
45 297 4542 0 1777797260 797401
44 260 3304 0 1777797260 797653
48 330 3192 0 1777797260 797851
47 266 7134 0 1777797260 798394
47 267 1113 0 1777797260 799509
46 270 15901 0 1777797260 800059
44 261 4147 0 1777797260 801802
47 268 4456 0 1777797260 803967
48 331 6650 0 1777797260 804501
45 298 7485 0 1777797260 804895
47 269 940 0 1777797260 804909
49 256 13281 0 1777797260 806013
44 262 4453 0 1777797260 806257
47 270 3108 0 1777797260 808027
49 257 2053 0 1777797260 808069
44 263 4145 0 1777797260 810405
47 271 4819 0 1777797260 812849
45 299 9802 0 1777797260 814713
47 272 4305 0 1777797260 817155
45 300 3754 0 1777797260 818473
47 273 3233 0 1777797260 820391
46 271 21474 0 1777797260 821535
45 301 3174 0 1777797260 821648
47 274 2073 0 1777797260 822465
47 275 1648 0 1777797260 824116
46 272 2972 0 1777797260 824509
47 276 2521 0 1777797260 826639
49 258 18828 0 1777797260 826899
45 302 5998 0 1777797260 827649
46 273 5760 0 1777797260 830272
44 264 22352 0 1777797260 832760
48 332 28263 0 1777797260 832768
47 277 6667 0 1777797260 833310
49 259 8409 0 1777797260 835310
46 274 5112 0 1777797260 835387
47 278 5649 0 1777797260 838961
45 303 11520 0 1777797260 839170
48 333 6441 0 1777797260 839225
45 304 3729 0 1777797260 842902
47 279 6055 0 1777797260 845018
48 334 5800 0 1777797260 845027
46 275 10402 0 1777797260 845790
46 276 1195 0 1777797260 846991
45 305 4486 0 1777797260 847396
46 277 712 0 1777797260 847705
49 260 13610 0 1777797260 848923
46 278 1386 0 1777797260 849093
45 306 1707 0 1777797260 849108
44 265 16456 0 1777797260 849225
48 335 6794 0 1777797260 851836
49 261 3137 0 1777797260 852067
44 266 3690 0 1777797260 852916
45 307 4673 0 1777797260 853782
46 279 5435 0 1777797260 854529
47 280 9512 0 1777797260 854540
47 281 988 0 1777797260 855542
46 280 3739 0 1777797260 858280
49 262 6221 0 1777797260 858289
45 308 4865 0 1777797260 858650
49 263 3739 0 1777797260 862039
45 309 3421 0 1777797260 862073
44 267 9182 0 1777797260 862100
48 336 10624 0 1777797260 862467
47 282 8307 0 1777797260 863850
48 337 1698 0 1777797260 864166
46 281 6595 0 1777797260 864885
45 310 4761 0 1777797260 866835
48 338 5451 0 1777797260 869619
49 264 8138 0 1777797260 870183
47 283 7306 0 1777797260 871164
49 265 2777 0 1777797260 872962
44 268 10930 0 1777797260 873032
45 311 7992 0 1777797260 874830
47 284 3681 0 1777797260 874850
48 339 5251 0 1777797260 874873
46 282 10123 0 1777797260 875010
47 285 3104 0 1777797260 877998
46 283 4054 0 1777797260 879072
45 312 8513 0 1777797260 883387
44 269 11141 0 1777797260 884174
47 286 7587 0 1777797260 885587
46 284 6575 0 1777797260 885648
48 340 10942 0 1777797260 885844
49 266 13143 0 1777797260 886108
48 341 2727 0 1777797260 888572
46 285 3080 0 1777797260 888729
44 270 5123 0 1777797260 889299
47 287 5070 0 1777797260 890663
49 267 6627 0 1777797260 892736
45 313 10009 0 1777797260 893398
46 286 5718 0 1777797260 894448
49 268 2833 0 1777797260 895571
47 288 5000 0 1777797260 895666
46 287 2358 0 1777797260 896808
47 289 2244 0 1777797260 897913
47 290 898 0 1777797260 898812
47 291 1369 0 1777797260 900183
45 314 6906 0 1777797260 900305
45 315 2856 0 1777797260 903162
47 292 3047 0 1777797260 903232
44 271 14224 0 1777797260 903528
49 269 7959 0 1777797260 903534
45 316 3461 0 1777797260 906626
48 342 18060 0 1777797260 906634
49 270 3397 0 1777797260 906940
46 288 11234 0 1777797260 908047
48 343 1561 0 1777797260 908206
49 271 2278 0 1777797260 909220
44 272 7371 0 1777797260 910906
47 293 9943 0 1777797260 913176
48 344 5615 0 1777797260 913822
44 273 4813 0 1777797260 915727
49 272 7229 0 1777797260 916451
46 289 8514 0 1777797260 916563
47 294 3707 0 1777797260 916885
46 290 1322 0 1777797260 917887
49 273 1500 0 1777797260 917954
47 295 2215 0 1777797260 919104
49 274 3624 0 1777797260 921580
47 296 3469 0 1777797260 922575
44 274 7920 0 1777797260 923651
47 297 1085 0 1777797260 923662
49 275 3448 0 1777797260 925034
49 276 2385 0 1777797260 927424
46 291 11515 0 1777797260 929405
49 277 2070 0 1777797260 929558
47 298 6289 0 1777797260 929962
44 275 7513 0 1777797260 931176
47 299 1932 0 1777797260 931896
47 300 3128 0 1777797260 935027
44 276 7649 0 1777797260 938827
49 278 11783 0 1777797260 941342
47 301 6796 0 1777797260 941825
48 345 28488 0 1777797260 942312
44 277 5053 0 1777797260 943885
48 346 1679 0 1777797260 943993
45 317 38558 0 1777797260 945193
47 302 3601 0 1777797260 945429
49 279 5263 0 1777797260 946608
49 280 2414 0 1777797260 949023
45 318 5259 0 1777797260 950453
47 303 5661 0 1777797260 951091
47 304 3173 0 1777797260 954266
45 319 6250 0 1777797260 956707
47 305 3439 0 1777797260 957712
48 347 14470 0 1777797260 958464
49 281 10410 0 1777797260 959435
47 306 4000 0 1777797260 961715
44 278 18607 0 1777797260 962498
45 320 8429 0 1777797260 965141
44 279 4748 0 1777797260 967248
49 282 7820 0 1777797260 967257
45 321 2470 0 1777797260 967613
46 292 40570 0 1777797260 969977
49 283 3876 0 1777797260 971145
45 322 3551 0 1777797260 971168
45 323 1424 0 1777797260 972594
44 280 6972 0 1777797260 974230
49 284 3704 0 1777797260 974853
45 324 4322 0 1777797260 976919
45 325 3707 0 1777797260 980628
49 285 12821 0 1777797260 987676
45 326 7433 0 1777797260 988063
47 307 30732 0 1777797260 992448
45 327 4539 0 1777797260 992603
46 293 26365 0 1777797260 996344
48 348 38020 0 1777797260 996486
47 308 4258 0 1777797260 996708
49 286 10471 0 1777797260 998149
47 309 2516 0 1777797260 999226
49 287 2416 0 1777797261 567
44 281 26645 0 1777797261 877
48 349 4484 0 1777797261 972
44 282 1357 0 1777797261 2238
48 350 3294 0 1777797261 4267
46 294 9848 0 1777797261 6195
48 351 2129 0 1777797261 6398
49 288 6641 0 1777797261 7210
44 283 6587 0 1777797261 8830
46 295 3485 0 1777797261 9684
45 328 19650 0 1777797261 12254
48 352 5911 0 1777797261 12310
44 284 4275 0 1777797261 13107
47 310 16186 0 1777797261 15413
44 285 2376 0 1777797261 15485
48 353 3277 0 1777797261 15588
46 296 5965 0 1777797261 15651
45 329 4570 0 1777797261 16827
44 286 2475 0 1777797261 17962
49 289 10780 0 1777797261 17992
44 287 1059 0 1777797261 19027
49 290 1219 0 1777797261 19212
44 288 4364 0 1777797261 23393
45 330 7056 0 1777797261 23886
47 311 8482 0 1777797261 23902
49 291 7449 0 1777797261 26663
46 297 11692 0 1777797261 27345
48 354 11859 0 1777797261 27448
47 312 4326 0 1777797261 28229
44 289 4875 0 1777797261 28270
45 331 8094 0 1777797261 31981
47 313 4291 0 1777797261 32522
46 298 9497 0 1777797261 36946
48 355 10278 0 1777797261 37739
49 292 11105 0 1777797261 37775
47 314 5268 0 1777797261 37795
45 332 5853 0 1777797261 37836
44 290 9821 0 1777797261 38092
45 333 4095 0 1777797261 41932
44 291 4488 0 1777797261 42582
46 299 5987 0 1777797261 42936
48 356 5200 0 1777797261 42943
47 315 6249 0 1777797261 44045
49 293 6569 0 1777797261 44345
45 334 4276 0 1777797261 46210
48 357 5586 0 1777797261 48540
44 292 6021 0 1777797261 48605
47 316 4915 0 1777797261 48969
45 335 8686 0 1777797261 54898
44 293 6463 0 1777797261 55069
46 300 12132 0 1777797261 55076
47 317 6112 0 1777797261 55082
48 358 6580 0 1777797261 55123
49 294 10783 0 1777797261 55130
45 336 3609 0 1777797261 58515
49 295 7556 0 1777797261 62694
46 301 7937 0 1777797261 63033
48 359 8287 0 1777797261 63418
44 294 8462 0 1777797261 63545
45 337 5623 0 1777797261 64140
47 318 9310 0 1777797261 64415
46 302 7177 0 1777797261 70212
48 360 7257 0 1777797261 70678
49 296 8002 0 1777797261 70705
47 319 10811 0 1777797261 75230
44 295 14378 0 1777797261 77924
45 338 13804 0 1777797261 77949
46 303 8823 0 1777797261 79036
48 361 8363 0 1777797261 79043
47 320 4749 0 1777797261 79987
49 297 9525 0 1777797261 80232
49 298 8303 0 1777797261 88536
48 362 9842 0 1777797261 88896
44 296 11131 0 1777797261 89058
49 299 2655 0 1777797261 91195
46 304 16314 0 1777797261 95358
48 363 6468 0 1777797261 95365
49 300 4174 0 1777797261 95371
47 321 15607 0 1777797261 95598
44 297 6554 0 1777797261 95613
45 339 18544 0 1777797261 96494
44 298 2882 0 1777797261 98496
47 322 2904 0 1777797261 98503
46 305 3424 0 1777797261 98795
48 364 4225 0 1777797261 99605
45 340 6455 0 1777797261 102951
49 301 8080 0 1777797261 103466
44 299 5665 0 1777797261 104169
47 323 5660 0 1777797261 104176
45 341 3151 0 1777797261 106104
46 306 7911 0 1777797261 106771
48 365 8441 0 1777797261 108048
47 324 7054 0 1777797261 111240
48 366 6539 0 1777797261 114589
49 302 11194 0 1777797261 114669
44 300 11682 0 1777797261 115859
45 342 9805 0 1777797261 115911
46 307 12626 0 1777797261 119399
48 367 4852 0 1777797261 119443
49 303 5962 0 1777797261 120633
45 343 4988 0 1777797261 120900
44 301 7878 0 1777797261 123743
48 368 4519 0 1777797261 123963
47 325 13264 0 1777797261 124505
46 308 5645 0 1777797261 125046
49 304 5634 0 1777797261 126269
44 302 4864 0 1777797261 128610
46 309 3571 0 1777797261 128619
45 344 7745 0 1777797261 128646
48 369 8524 0 1777797261 132488
47 326 8008 0 1777797261 132516
49 305 6255 0 1777797261 132531
45 345 6743 0 1777797261 135390
46 310 7255 0 1777797261 135885
44 303 10285 0 1777797261 138906
45 346 4475 0 1777797261 139868
48 370 7388 0 1777797261 139877
49 306 7352 0 1777797261 139884
47 327 7691 0 1777797261 140208
46 311 5132 0 1777797261 141017
48 371 3752 0 1777797261 143660
45 347 6036 0 1777797261 145921
49 307 7754 0 1777797261 147670
44 304 8881 0 1777797261 147789
47 328 9281 0 1777797261 149491
48 372 8961 0 1777797261 152622
45 348 8463 0 1777797261 154386
45 349 1868 0 1777797261 156256
49 308 8607 0 1777797261 156283
46 312 16005 0 1777797261 157023
48 373 6290 0 1777797261 158915
46 313 2016 0 1777797261 159041
45 350 5831 0 1777797261 162089
49 309 5813 0 1777797261 162097
46 314 6265 0 1777797261 165307
48 374 9494 0 1777797261 168413
46 315 5420 0 1777797261 170733
47 329 22210 0 1777797261 171709
49 310 9625 0 1777797261 171735
47 330 3679 0 1777797261 175415
48 375 7096 0 1777797261 175510
46 316 5808 0 1777797261 176545
44 305 31880 0 1777797261 179670
47 331 4263 0 1777797261 179681
46 317 3163 0 1777797261 179711
44 306 3631 0 1777797261 183313
45 351 21251 0 1777797261 183349
47 332 3661 0 1777797261 183356
46 318 4537 0 1777797261 184249
48 376 9419 0 1777797261 184930
49 311 13575 0 1777797261 185330
47 333 4042 0 1777797261 187534
45 352 4847 0 1777797261 188330
46 319 6677 0 1777797261 190928
45 353 3300 0 1777797261 191633
46 320 2016 0 1777797261 192950
49 312 7626 0 1777797261 192957
47 334 6392 0 1777797261 193928
48 377 9058 0 1777797261 193990
45 354 3248 0 1777797261 194884
49 313 3395 0 1777797261 196363
48 378 2616 0 1777797261 196608
47 335 4294 0 1777797261 198224
45 355 3608 0 1777797261 198496
44 307 20041 0 1777797261 203399
49 314 8442 0 1777797261 204809
47 336 6659 0 1777797261 204885
45 356 7688 0 1777797261 206186
47 337 1315 0 1777797261 206201
48 379 9642 0 1777797261 206251
44 308 3260 0 1777797261 206662
48 380 2909 0 1777797261 209162
47 338 3564 0 1777797261 209785
46 321 18438 0 1777797261 211396
44 309 7456 0 1777797261 214120
47 339 4418 0 1777797261 214205
49 315 9407 0 1777797261 214220
45 357 9133 0 1777797261 215335
48 381 6259 0 1777797261 215426
47 340 2074 0 1777797261 216295
48 382 1792 0 1777797261 217220
46 322 7277 0 1777797261 218675
46 323 1551 0 1777797261 220228
49 316 6482 0 1777797261 220717
48 383 3730 0 1777797261 220954
45 358 6005 0 1777797261 221343
48 384 4510 0 1777797261 225466
49 317 5405 0 1777797261 226126
45 359 9467 0 1777797261 230811
47 341 14517 0 1777797261 230821
44 310 16843 0 1777797261 230965
46 324 10887 0 1777797261 231117
44 311 5245 0 1777797261 236212
48 385 10747 0 1777797261 236215
49 318 10091 0 1777797261 236219
47 342 7990 0 1777797261 238822
45 360 8980 0 1777797261 239802
48 386 8666 0 1777797261 244890
47 343 6127 0 1777797261 244950
45 361 7556 0 1777797261 247360
45 362 1728 0 1777797261 249089
47 344 4198 0 1777797261 249149
49 319 13312 0 1777797261 249541
44 312 13811 0 1777797261 250030
48 387 7348 0 1777797261 252241
45 363 4138 0 1777797261 253229
47 345 4131 0 1777797261 253281
49 320 5676 0 1777797261 255219
44 313 5980 0 1777797261 256032
45 364 9223 0 1777797261 262459
47 346 10140 0 1777797261 263423
48 388 19509 0 1777797261 271754
48 389 1862 0 1777797261 273679
48 390 2452 0 1777797261 276134
44 314 23690 0 1777797261 279726
47 347 16326 0 1777797261 279751
46 325 48741 0 1777797261 279859
48 391 3789 0 1777797261 279930
45 365 18876 0 1777797261 281338
45 366 1735 0 1777797261 283075
49 321 28133 0 1777797261 283354
46 326 3697 0 1777797261 283557
48 392 3635 0 1777797261 283565
49 322 3668 0 1777797261 287023
46 327 3717 0 1777797261 287284
45 367 5051 0 1777797261 288133
46 328 1310 0 1777797261 288597
46 329 2175 0 1777797261 290775
44 315 11281 0 1777797261 291009
45 368 3200 0 1777797261 291337
47 348 13645 0 1777797261 293397
46 330 5087 0 1777797261 295863
46 331 1140 0 1777797261 297005
46 332 2086 0 1777797261 299095
46 333 2710 0 1777797261 301813
44 316 11235 0 1777797261 302245
48 393 21518 0 1777797261 305096
47 349 11810 0 1777797261 305211
44 317 3694 0 1777797261 305944
46 334 6606 0 1777797261 308422
49 323 24343 0 1777797261 311368
48 394 6411 0 1777797261 311509
47 350 6437 0 1777797261 311650
44 318 6112 0 1777797261 312059
46 335 4916 0 1777797261 313363
47 351 2833 0 1777797261 314485
48 395 3493 0 1777797261 315004
47 352 4078 0 1777797261 318570
48 396 4286 0 1777797261 319292
49 324 8206 0 1777797261 319576
44 319 8232 0 1777797261 320293
45 369 30217 0 1777797261 321555
46 336 8202 0 1777797261 321570
47 353 3481 0 1777797261 322053
48 397 2970 0 1777797261 322266
45 370 933 0 1777797261 322504
46 337 2783 0 1777797261 324364
45 371 2597 0 1777797261 325103
49 325 5568 0 1777797261 325145
48 398 4487 0 1777797261 326755
47 354 4777 0 1777797261 326832
46 338 3658 0 1777797261 328024
45 372 4234 0 1777797261 329338
44 320 9189 0 1777797261 329488
49 326 7608 0 1777797261 332754
47 355 8217 0 1777797261 335050
46 339 7433 0 1777797261 335459
45 373 6526 0 1777797261 335869
48 399 11196 0 1777797261 337960
44 321 9313 0 1777797261 338803
45 374 4483 0 1777797261 340354
44 322 6925 0 1777797261 345730
46 340 13566 0 1777797261 349046
45 375 24353 0 1777797261 364711
46 341 15668 0 1777797261 364720
49 327 32028 0 1777797261 364786
44 323 23332 0 1777797261 369064
48 400 31285 0 1777797261 369247
49 328 8597 0 1777797261 373384
49 329 4116 0 1777797261 377502
44 324 12442 0 1777797261 381508
45 376 17236 0 1777797261 381958
49 330 7613 0 1777797261 385117
47 356 51970 0 1777797261 387022
49 331 2473 0 1777797261 387593
48 401 19366 0 1777797261 388615
49 332 2842 0 1777797261 390437
48 402 2390 0 1777797261 391006
48 403 8939 0 1777797261 399947
46 342 36730 0 1777797261 401462
44 325 23128 0 1777797261 404640
45 377 22704 0 1777797261 404664
46 343 3578 0 1777797261 405048
44 326 2718 0 1777797261 407361
47 357 21494 0 1777797261 408518
45 378 4667 0 1777797261 409332
49 333 19576 0 1777797261 410016
47 358 2882 0 1777797261 411402
46 344 7473 0 1777797261 412525
44 327 7638 0 1777797261 415000
49 334 4994 0 1777797261 415012
49 335 1108 0 1777797261 416131
47 359 10542 0 1777797261 421947
49 336 5859 0 1777797261 421991
48 404 22182 0 1777797261 422132
44 328 7187 0 1777797261 422200
46 345 9746 0 1777797261 422272
45 379 13022 0 1777797261 422356
49 337 5876 0 1777797261 427868
45 380 9305 0 1777797261 431662
48 405 9552 0 1777797261 431685
48 406 2601 0 1777797261 434288
46 346 12403 0 1777797261 434676
46 347 3643 0 1777797261 438320
48 407 4374 0 1777797261 438664
49 338 10861 0 1777797261 438731
44 329 19459 0 1777797261 441661
46 348 3348 0 1777797261 441670
45 381 11866 0 1777797261 443533
47 360 21616 0 1777797261 443566
44 330 5202 0 1777797261 446873
49 339 8793 0 1777797261 447525
47 361 6587 0 1777797261 450155
45 382 7022 0 1777797261 450556
48 408 13077 0 1777797261 451744
44 331 5316 0 1777797261 452192
48 409 1521 0 1777797261 453268
48 410 3141 0 1777797261 456411
49 340 10254 0 1777797261 457780
48 411 1590 0 1777797261 458002
44 332 7444 0 1777797261 459637
47 362 13419 0 1777797261 463581
48 412 5613 0 1777797261 463616
49 341 5893 0 1777797261 463675
45 383 13306 0 1777797261 463863
45 384 2035 0 1777797261 465900
46 349 24909 0 1777797261 466599
47 363 3866 0 1777797261 467449
49 342 6079 0 1777797261 469757
46 350 8124 0 1777797261 474727
48 413 12184 0 1777797261 475802
47 364 9228 0 1777797261 476751
46 351 2533 0 1777797261 477262
44 333 19071 0 1777797261 478710
47 365 3446 0 1777797261 480199
48 414 4523 0 1777797261 480326
44 334 1854 0 1777797261 480567
44 335 2151 0 1777797261 482719
46 352 6351 0 1777797261 483616
47 366 3834 0 1777797261 484035
47 367 7403 0 1777797261 491440
44 336 9195 0 1777797261 491917
45 385 26166 0 1777797261 492067
48 415 17540 0 1777797261 497867
49 343 28122 0 1777797261 497881
45 386 13177 0 1777797261 505245
48 416 7373 0 1777797261 505255
44 337 13452 0 1777797261 505372
47 368 13961 0 1777797261 505417
49 344 7663 0 1777797261 505558
46 353 21970 0 1777797261 505588
44 338 3073 0 1777797261 508446
49 345 3731 0 1777797261 509291
47 369 3893 0 1777797261 509311
45 387 5364 0 1777797261 510621
46 354 5665 0 1777797261 511255
47 370 2180 0 1777797261 511492
49 346 4888 0 1777797261 514182
47 371 2869 0 1777797261 514362
46 355 3829 0 1777797261 515086
44 339 6851 0 1777797261 515299
45 388 6098 0 1777797261 516721
48 417 12980 0 1777797261 518250
47 372 3905 0 1777797261 518268
44 340 3314 0 1777797261 518615
45 389 2416 0 1777797261 519139
48 418 1495 0 1777797261 519748
48 419 2078 0 1777797261 521829
47 373 4220 0 1777797261 522489
45 390 4841 0 1777797261 523982
44 341 5565 0 1777797261 524181
48 420 2572 0 1777797261 524403
49 347 10255 0 1777797261 524443
46 356 13946 0 1777797261 529034
44 342 10488 0 1777797261 534671
45 391 10771 0 1777797261 534761
47 374 12275 0 1777797261 534766
48 421 10422 0 1777797261 534827
49 348 10390 0 1777797261 534834
46 357 7617 0 1777797261 536660
48 422 2266 0 1777797261 537102
49 349 3820 0 1777797261 538663
45 392 4898 0 1777797261 539665
48 423 2710 0 1777797261 539816
46 358 6019 0 1777797261 542688
48 424 2899 0 1777797261 542717
49 350 5395 0 1777797261 544060
48 425 3607 0 1777797261 546342
46 359 3647 0 1777797261 546365
48 426 8930 0 1777797261 555275
45 393 16774 0 1777797261 556442
46 360 10089 0 1777797261 556455
44 343 23624 0 1777797261 558298
46 361 2427 0 1777797261 558892
45 394 2667 0 1777797261 559123
49 351 18043 0 1777797261 562106
47 375 30232 0 1777797261 565008
45 395 5916 0 1777797261 565041
44 344 6854 0 1777797261 565158
49 352 3328 0 1777797261 565436
46 362 8334 0 1777797261 567229
45 396 2323 0 1777797261 567365
47 376 2712 0 1777797261 567726
49 353 3362 0 1777797261 568799
44 345 4906 0 1777797261 570066
48 427 15438 0 1777797261 570719
46 363 4738 0 1777797261 571969
48 428 1696 0 1777797261 572419
47 377 5296 0 1777797261 573025
48 429 3439 0 1777797261 575861
49 354 8851 0 1777797261 577652
47 378 4643 0 1777797261 577670
44 346 8506 0 1777797261 578575
46 364 6623 0 1777797261 578595
45 397 11249 0 1777797261 578615
47 379 5608 0 1777797261 583279
48 430 7954 0 1777797261 583823
45 398 5742 0 1777797261 584358
44 347 6890 0 1777797261 585466
47 380 4391 0 1777797261 587672
44 348 3453 0 1777797261 588921
49 355 11962 0 1777797261 589616
45 399 6855 0 1777797261 591214
46 365 14169 0 1777797261 592765
47 381 5863 0 1777797261 593538
45 400 3960 0 1777797261 595176
44 349 9965 0 1777797261 598888
47 382 5400 0 1777797261 598943
49 356 9757 0 1777797261 599375
48 431 15949 0 1777797261 599775
46 366 9045 0 1777797261 601816
48 432 3773 0 1777797261 603551
47 383 4696 0 1777797261 603641
45 401 8510 0 1777797261 603689
46 367 3298 0 1777797261 605118
47 384 3920 0 1777797261 607562
46 368 6467 0 1777797261 611587
49 357 12564 0 1777797261 611940
44 350 13075 0 1777797261 611965
45 402 9257 0 1777797261 612948
47 385 5393 0 1777797261 612957
47 386 2577 0 1777797261 615545
48 433 12609 0 1777797261 616167
49 358 4254 0 1777797261 616195
45 403 4041 0 1777797261 616999
46 369 5966 0 1777797261 617561
44 351 5904 0 1777797261 617871
47 387 5925 0 1777797261 621472
48 434 6889 0 1777797261 623059
49 359 8235 0 1777797261 624433
46 370 9248 0 1777797261 626812
44 352 10332 0 1777797261 628209
45 404 11214 0 1777797261 628215
49 360 4371 0 1777797261 628805
45 405 3693 0 1777797261 631919
47 388 11306 0 1777797261 632780
46 371 9574 0 1777797261 636390
45 406 5060 0 1777797261 637019
49 361 8457 0 1777797261 637264
48 435 17165 0 1777797261 640227
45 407 3797 0 1777797261 640818
44 353 16715 0 1777797261 644931
48 436 9255 0 1777797261 649483
47 389 16896 0 1777797261 649682
46 372 13867 0 1777797261 650261
45 408 10799 0 1777797261 651619
49 362 14376 0 1777797261 651641
47 390 3470 0 1777797261 653153
46 373 3381 0 1777797261 653647
47 391 3039 0 1777797261 656199
45 409 4855 0 1777797261 656497
45 410 1070 0 1777797261 657569
48 437 8999 0 1777797261 658489
45 411 1285 0 1777797261 658856
47 392 4205 0 1777797261 660407
44 354 18873 0 1777797261 663809
45 412 6363 0 1777797261 665235
47 393 4833 0 1777797261 665242
48 438 8654 0 1777797261 667146
44 355 3971 0 1777797261 667784
49 363 20477 0 1777797261 672131
47 394 6896 0 1777797261 672149
46 374 21063 0 1777797261 674714
44 356 6972 0 1777797261 674762
49 364 3657 0 1777797261 675789
45 413 10724 0 1777797261 675967
46 375 5704 0 1777797261 680420
45 414 4496 0 1777797261 680464
44 357 5955 0 1777797261 680720
47 395 10625 0 1777797261 682775
48 439 15635 0 1777797261 682782
44 358 2225 0 1777797261 682946
45 415 4219 0 1777797261 684685
44 359 4635 0 1777797261 687583
45 416 3172 0 1777797261 687860
44 360 2390 0 1777797261 689976
48 440 7347 0 1777797261 690138
45 417 3956 0 1777797261 691818
44 361 4065 0 1777797261 694044
47 396 11467 0 1777797261 694251
48 441 4386 0 1777797261 694525
45 418 4821 0 1777797261 696641
49 365 24642 0 1777797261 700434
48 442 5925 0 1777797261 700452
46 376 20143 0 1777797261 700571
47 397 8912 0 1777797261 703164
48 443 3393 0 1777797261 703845
47 398 2794 0 1777797261 705960
49 366 5530 0 1777797261 705967
45 419 11386 0 1777797261 708029
45 420 1328 0 1777797261 709359
48 444 5884 0 1777797261 709732
44 362 16551 0 1777797261 710601
49 367 4937 0 1777797261 710917
46 377 11789 0 1777797261 712361
46 378 1647 0 1777797261 714010
48 445 5498 0 1777797261 715231
46 379 1253 0 1777797261 715264
47 399 9561 0 1777797261 715529
49 368 4635 0 1777797261 715555
46 380 2765 0 1777797261 718031
47 400 4712 0 1777797261 720245
49 369 5286 0 1777797261 720842
45 421 11553 0 1777797261 720914
47 401 4367 0 1777797261 724618
49 370 4667 0 1777797261 725513
45 422 4885 0 1777797261 725802
49 371 1255 0 1777797261 726769
47 402 3952 0 1777797261 728573
46 381 10642 0 1777797261 728675
49 372 3081 0 1777797261 729852
45 423 4784 0 1777797261 730588
46 382 4410 0 1777797261 733086
44 363 22941 0 1777797261 733545
47 403 5010 0 1777797261 733590
48 446 22160 0 1777797261 737398
44 364 5133 0 1777797261 738679
45 424 8116 0 1777797261 738710
49 373 10698 0 1777797261 740552
45 425 2962 0 1777797261 741673
47 404 8626 0 1777797261 742217
46 383 11346 0 1777797261 744435
44 365 5890 0 1777797261 744571
45 426 4143 0 1777797261 745821
49 374 6973 0 1777797261 747529
48 447 10191 0 1777797261 747591
44 366 4884 0 1777797261 749456
48 448 2108 0 1777797261 749701
46 384 10652 0 1777797261 755089
44 367 5957 0 1777797261 755417
49 375 8134 0 1777797261 755665
48 449 7035 0 1777797261 756739
44 368 2384 0 1777797261 757803
48 450 3476 0 1777797261 760218
47 405 19356 0 1777797261 761577
44 369 4048 0 1777797261 761853
48 451 3379 0 1777797261 763601
47 406 6501 0 1777797261 768080
46 385 14663 0 1777797261 769758
49 376 15106 0 1777797261 770774
47 407 3926 0 1777797261 772011
49 377 2936 0 1777797261 773716
47 408 3621 0 1777797261 775638
45 427 30000 0 1777797261 775826
46 386 8009 0 1777797261 777768
49 378 4117 0 1777797261 777836
45 428 2286 0 1777797261 778114
47 409 4556 0 1777797261 780197
45 429 2252 0 1777797261 780368
49 379 3007 0 1777797261 780844
48 452 19913 0 1777797261 783518
45 430 3479 0 1777797261 783848
47 410 5699 0 1777797261 785897
49 380 5094 0 1777797261 785940
48 453 2649 0 1777797261 786169
46 387 8523 0 1777797261 786297
44 370 26096 0 1777797261 787951
45 431 4108 0 1777797261 787958
49 381 7575 0 1777797261 793517
45 432 7570 0 1777797261 795539
46 388 11119 0 1777797261 797417
47 411 13220 0 1777797261 799119
49 382 7543 0 1777797261 801062
46 389 4031 0 1777797261 801451
44 371 17267 0 1777797261 805227
49 383 4772 0 1777797261 805836
45 433 10580 0 1777797261 806121
45 434 1793 0 1777797261 807915
49 384 2381 0 1777797261 808219
49 385 3947 0 1777797261 812169
47 412 14005 0 1777797261 813174
46 390 12681 0 1777797261 814136
46 391 1998 0 1777797261 816135
47 413 2970 0 1777797261 816145
47 414 1271 0 1777797261 817428
46 392 1306 0 1777797261 817453
46 393 1709 0 1777797261 819164
45 435 12532 0 1777797261 820449
48 454 36278 0 1777797261 822449
45 436 2531 0 1777797261 822984
49 386 11525 0 1777797261 823696
45 437 3087 0 1777797261 826074
48 455 3668 0 1777797261 826120
46 394 8987 0 1777797261 828153
48 456 3978 0 1777797261 830100
46 395 2035 0 1777797261 830194
45 438 6771 0 1777797261 832846
47 415 15824 0 1777797261 833255
45 439 1965 0 1777797261 834813
48 457 4717 0 1777797261 834819
47 416 4333 0 1777797261 837592
46 396 10922 0 1777797261 841118
48 458 6466 0 1777797261 841295
44 372 38221 0 1777797261 843457
45 440 9022 0 1777797261 843842
47 417 9930 0 1777797261 847524
44 373 4261 0 1777797261 847722
46 397 8307 0 1777797261 849427
45 441 5615 0 1777797261 849460
48 459 8190 0 1777797261 849486
47 418 3892 0 1777797261 851418
46 398 3584 0 1777797261 853018
44 374 5801 0 1777797261 853525
45 442 4070 0 1777797261 853531
48 460 4440 0 1777797261 853927
45 443 3094 0 1777797261 856634
45 444 804 0 1777797261 857442
45 445 1086 0 1777797261 858529
46 399 7702 0 1777797261 860722
45 446 2583 0 1777797261 861115
49 387 39049 0 1777797261 862751
49 388 1868 0 1777797261 864625
44 375 11310 0 1777797261 864843
48 461 12617 0 1777797261 866547
45 447 5784 0 1777797261 866901
46 400 7878 0 1777797261 868603
44 376 7460 0 1777797261 872305
45 448 5930 0 1777797261 872832
46 401 4468 0 1777797261 873072
49 389 8463 0 1777797261 873090
48 462 7834 0 1777797261 874390
47 419 22994 0 1777797261 874414
45 449 1915 0 1777797261 874749
49 390 3361 0 1777797261 876452
48 463 3979 0 1777797261 878372
44 377 6455 0 1777797261 878762
47 420 7589 0 1777797261 882004
48 464 4047 0 1777797261 882422
44 378 4260 0 1777797261 883024
46 402 15645 0 1777797261 888718
48 465 6301 0 1777797261 888724
47 421 7705 0 1777797261 889714
46 403 1513 0 1777797261 890238
47 422 899 0 1777797261 890615
46 404 1332 0 1777797261 891572
49 391 15139 0 1777797261 891593
47 423 1455 0 1777797261 892073
47 424 1379 0 1777797261 893454
46 405 3534 0 1777797261 895128
47 425 2842 0 1777797261 896299
48 466 7965 0 1777797261 896698
44 379 16758 0 1777797261 899785
47 426 9425 0 1777797261 905730
45 450 31964 0 1777797261 906716
46 406 12484 0 1777797261 907621
49 392 16032 0 1777797261 907635
45 451 1639 0 1777797261 908359
46 407 1291 0 1777797261 908927
47 427 5379 0 1777797261 911111
49 393 3690 0 1777797261 911349
46 408 2783 0 1777797261 911712
45 452 3559 0 1777797261 911924
45 453 1981 0 1777797261 913907
46 409 2205 0 1777797261 913919
46 410 2035 0 1777797261 915970
47 428 5469 0 1777797261 916582
47 429 2121 0 1777797261 918705
45 454 4901 0 1777797261 918821
49 394 7662 0 1777797261 919012
46 411 4225 0 1777797261 920196
48 467 25071 0 1777797261 921770
44 380 22130 0 1777797261 921918
45 455 3116 0 1777797261 921938
47 430 6308 0 1777797261 925017
44 381 3152 0 1777797261 925073
48 468 3903 0 1777797261 925678
47 431 1876 0 1777797261 926899
48 469 3022 0 1777797261 928701
47 432 1929 0 1777797261 928831
44 382 4536 0 1777797261 929612
48 470 3113 0 1777797261 931816
44 383 2429 0 1777797261 932042
47 433 3809 0 1777797261 932642
47 434 1527 0 1777797261 934171
47 435 2940 0 1777797261 937115
48 471 5423 0 1777797261 937241
47 436 2640 0 1777797261 939759
48 472 4501 0 1777797261 941744
47 437 3795 0 1777797261 943558
44 384 11617 0 1777797261 943661
48 473 3298 0 1777797261 945044
49 395 26856 0 1777797261 945869
47 438 2768 0 1777797261 946329
47 439 3313 0 1777797261 949644
44 385 6730 0 1777797261 950392
47 440 6267 0 1777797261 955914
48 474 12663 0 1777797261 957709
47 441 2736 0 1777797261 958652
44 386 10187 0 1777797261 960584
48 475 3078 0 1777797261 960788
47 442 3006 0 1777797261 961663
49 396 16248 0 1777797261 962120
44 387 2658 0 1777797261 963291
46 412 44549 0 1777797261 964748
48 476 3992 0 1777797261 964782
44 388 4437 0 1777797261 967732
47 443 7520 0 1777797261 969185
47 444 3226 0 1777797261 972412
45 456 53713 0 1777797261 975652
47 445 3249 0 1777797261 975663
49 397 13556 0 1777797261 975679
46 413 15872 0 1777797261 980627
45 457 4964 0 1777797261 980644
48 477 17017 0 1777797261 981800
47 446 6266 0 1777797261 981962
46 414 1663 0 1777797261 982293
45 458 2573 0 1777797261 983219
44 389 15838 0 1777797261 983574
47 447 1872 0 1777797261 983836
46 415 5459 0 1777797261 987756
45 459 4783 0 1777797261 988004
44 390 6608 0 1777797261 990185
47 448 12147 0 1777797261 995986
48 478 14533 0 1777797261 996335
48 479 2437 0 1777797261 998775
49 398 23231 0 1777797261 998936
45 460 11047 0 1777797261 999053
48 480 2127 0 1777797262 908
45 461 2388 0 1777797262 1444
44 391 11813 0 1777797262 2001
48 481 4467 0 1777797262 5382
47 449 9406 0 1777797262 5401
44 392 3998 0 1777797262 6002
44 393 704 0 1777797262 6708
44 394 2115 0 1777797262 8825
48 482 3460 0 1777797262 8844
47 450 6323 0 1777797262 11725
49 399 12839 0 1777797262 11776
45 462 10402 0 1777797262 11847
44 395 3277 0 1777797262 12104
48 483 4529 0 1777797262 13374
44 396 3686 0 1777797262 15792
45 463 4100 0 1777797262 15948
48 484 2796 0 1777797262 16174
46 416 29054 0 1777797262 16813
45 464 2971 0 1777797262 18920
46 417 3066 0 1777797262 19881
44 397 4508 0 1777797262 20308
49 400 9266 0 1777797262 21043
45 465 3956 0 1777797262 22883
46 418 4438 0 1777797262 24322
44 398 4683 0 1777797262 24993
48 485 8844 0 1777797262 25020
49 401 9834 0 1777797262 30890
45 466 8343 0 1777797262 31228
46 419 7385 0 1777797262 31709
48 486 6713 0 1777797262 31735
44 399 14094 0 1777797262 39092
49 402 8370 0 1777797262 39262
46 420 7590 0 1777797262 39303
45 467 8092 0 1777797262 39322
48 487 7628 0 1777797262 39364
46 421 7163 0 1777797262 46467
45 468 7560 0 1777797262 46883
47 451 35647 0 1777797262 47374
49 403 8624 0 1777797262 47887
45 469 2090 0 1777797262 48974
45 470 683 0 1777797262 49658
46 422 5890 0 1777797262 52358
49 404 5724 0 1777797262 53614
46 423 2973 0 1777797262 55333
45 471 6357 0 1777797262 56020
48 488 16682 0 1777797262 56047
48 489 2246 0 1777797262 58294
46 424 5840 0 1777797262 61175
45 472 5471 0 1777797262 61495
49 405 8166 0 1777797262 61781
48 490 3956 0 1777797262 62254
44 400 24610 0 1777797262 63704
47 452 16822 0 1777797262 64202
44 401 2630 0 1777797262 66338
48 491 6058 0 1777797262 68314
47 453 6323 0 1777797262 70526
48 492 4011 0 1777797262 72327
46 425 11248 0 1777797262 72425
48 493 2301 0 1777797262 74631
47 454 7429 0 1777797262 77958
48 494 6468 0 1777797262 81102
47 455 3200 0 1777797262 81162
49 406 19515 0 1777797262 81299
44 402 25665 0 1777797262 92005
48 495 11283 0 1777797262 92387
47 456 14077 0 1777797262 95241
49 407 16068 0 1777797262 97368
44 403 11837 0 1777797262 103845
45 473 42356 0 1777797262 103852
46 426 31431 0 1777797262 103858
47 457 14710 0 1777797262 109956
44 404 17633 0 1777797262 121494
49 408 27625 0 1777797262 124997
47 458 29390 0 1777797262 139356
48 496 46991 0 1777797262 139379
45 474 42935 0 1777797262 146804
49 409 21922 0 1777797262 146920
45 475 2402 0 1777797262 149209
48 497 9842 0 1777797262 149222
45 476 3104 0 1777797262 152327
47 459 16479 0 1777797262 155837
48 498 6812 0 1777797262 156063
45 477 6987 0 1777797262 159316
46 427 56739 0 1777797262 160617
48 499 5692 0 1777797262 161756
45 478 2732 0 1777797262 162055
47 460 8728 0 1777797262 164571
44 405 43357 0 1777797262 164857
45 479 5372 0 1777797262 167428
48 500 5681 0 1777797262 167439
47 461 3764 0 1777797262 168337
44 406 3523 0 1777797262 168384
46 428 8590 0 1777797262 169213
45 480 2864 0 1777797262 170304
47 462 3763 0 1777797262 172103
45 481 2365 0 1777797262 172672
48 501 5679 0 1777797262 173134
46 429 5107 0 1777797262 174324
48 502 3153 0 1777797262 176290
44 407 7983 0 1777797262 176368
47 463 4360 0 1777797262 176467
49 410 29552 0 1777797262 176473
46 430 2491 0 1777797262 176819
45 482 4691 0 1777797262 177366
45 483 907 0 1777797262 178276
44 408 6016 0 1777797262 182386
49 411 6291 0 1777797262 182827
47 464 6377 0 1777797262 182903
48 503 7286 0 1777797262 183579
46 431 7469 0 1777797262 184289
45 484 8170 0 1777797262 186450
46 432 4343 0 1777797262 188635
49 412 6704 0 1777797262 189533
49 413 1094 0 1777797262 190628
45 485 4714 0 1777797262 191166
48 504 7592 0 1777797262 191175
47 465 8417 0 1777797262 191322
49 414 1544 0 1777797262 192177
48 505 1270 0 1777797262 192457
44 409 12678 0 1777797262 195074
49 415 2907 0 1777797262 195088
47 466 4800 0 1777797262 196125
48 506 3904 0 1777797262 196362
44 410 4366 0 1777797262 199455
45 486 12606 0 1777797262 203782
46 433 15151 0 1777797262 203788
48 507 18154 0 1777797262 214518
49 416 19783 0 1777797262 214891
45 487 11165 0 1777797262 214954
46 434 11251 0 1777797262 215049
44 411 15741 0 1777797262 215198
47 467 23158 0 1777797262 219286
48 508 5956 0 1777797262 220476
46 435 7767 0 1777797262 222818
45 488 8111 0 1777797262 223066
48 509 6741 0 1777797262 227221
47 468 8019 0 1777797262 227315
45 489 7942 0 1777797262 231011
46 436 8951 0 1777797262 231771
49 417 17681 0 1777797262 232573
49 418 4736 0 1777797262 237312
44 412 25099 0 1777797262 240298
47 469 15933 0 1777797262 243249
48 510 16033 0 1777797262 243255
48 511 4436 0 1777797262 247700
49 419 10392 0 1777797262 247709
48 512 3421 0 1777797262 251131
47 470 15148 0 1777797262 258404
44 413 20647 0 1777797262 260948
48 513 14771 0 1777797262 265907
49 420 18321 0 1777797262 266042
45 490 47004 0 1777797262 278017
46 437 46252 0 1777797262 278026
47 471 19623 0 1777797262 278032
49 421 11995 0 1777797262 278038
44 414 20528 0 1777797262 281480
48 514 15583 0 1777797262 281491
45 491 9341 0 1777797262 287380
46 438 9336 0 1777797262 287384
47 472 10148 0 1777797262 288202
49 422 10147 0 1777797262 288208
48 515 9381 0 1777797262 290885
44 415 17497 0 1777797262 298989
45 492 11705 0 1777797262 299090
46 439 11713 0 1777797262 299102
47 473 10897 0 1777797262 299106
48 516 8223 0 1777797262 299110
49 423 10903 0 1777797262 299116
48 517 16598 0 1777797262 315742
49 424 16601 0 1777797262 315751
44 416 18205 0 1777797262 317321
45 493 18198 0 1777797262 317326
46 440 18194 0 1777797262 317329
47 474 18193 0 1777797262 317332
48 518 7539 0 1777797262 323292
49 425 7547 0 1777797262 323309
47 475 8349 0 1777797262 325696
45 494 11175 0 1777797262 328514
46 441 12828 0 1777797262 330170
48 519 6867 0 1777797262 330177
44 417 15340 0 1777797262 332673
49 426 9359 0 1777797262 332681
45 495 11120 0 1777797262 339637
46 442 9547 0 1777797262 339725
47 476 14035 0 1777797262 339733
48 520 9515 0 1777797262 339739
44 418 9120 0 1777797262 341802
49 427 9132 0 1777797262 341825
45 496 6947 0 1777797262 346687
46 443 6935 0 1777797262 346697
47 477 6932 0 1777797262 346706
48 521 8977 0 1777797262 348760
49 428 14083 0 1777797262 355956
44 419 22438 0 1777797262 364264
47 478 17507 0 1777797262 364280
48 522 15522 0 1777797262 364285
46 444 19126 0 1777797262 365873
49 429 9920 0 1777797262 365880
45 497 28535 0 1777797262 375246
44 420 12547 0 1777797262 376834
46 445 10967 0 1777797262 376848
48 523 13585 0 1777797262 377890
47 479 14850 0 1777797262 379148
49 430 13268 0 1777797262 379162
46 446 11106 0 1777797262 389011
48 524 11106 0 1777797262 389017
44 421 15532 0 1777797262 393426
45 498 18184 0 1777797262 393435
47 480 14290 0 1777797262 393439
49 431 14280 0 1777797262 393443
46 447 7315 0 1777797262 396332
48 525 7315 0 1777797262 396337
44 422 7888 0 1777797262 401331
49 432 18451 0 1777797262 411915
47 481 18837 0 1777797262 412296
45 499 20427 0 1777797262 413881
48 526 18474 0 1777797262 414819
48 527 14492 0 1777797262 429313
44 423 28985 0 1777797262 430321
45 500 18094 0 1777797262 431977
49 433 21135 0 1777797262 433052
47 482 21574 0 1777797262 433871
46 448 39993 0 1777797262 436331
47 483 2464 0 1777797262 436340
49 434 3291 0 1777797262 436346
49 435 2005 0 1777797262 438370
45 501 13272 0 1777797262 445255
46 449 8967 0 1777797262 445314
47 484 9005 0 1777797262 445363
49 436 9396 0 1777797262 447773
46 450 3213 0 1777797262 448586
47 485 7016 0 1777797262 452407
49 437 4654 0 1777797262 452429
45 502 7235 0 1777797262 452599
46 451 5537 0 1777797262 454125
47 486 3637 0 1777797262 456046
45 503 3466 0 1777797262 456066
49 438 4589 0 1777797262 457020
46 452 4091 0 1777797262 458218
47 487 2872 0 1777797262 458920
46 453 1203 0 1777797262 459424
47 488 885 0 1777797262 459806
46 454 1865 0 1777797262 461292
47 489 1589 0 1777797262 461399
49 439 4725 0 1777797262 461747
47 490 2386 0 1777797262 463787
46 455 4553 0 1777797262 465847
47 491 2071 0 1777797262 465860
49 440 4145 0 1777797262 465893
45 504 9844 0 1777797262 465911
49 441 2142 0 1777797262 468036
47 492 2948 0 1777797262 468822
49 442 2906 0 1777797262 470951
45 505 5075 0 1777797262 470987
44 424 41724 0 1777797262 472048
49 443 3005 0 1777797262 473961
44 425 2684 0 1777797262 474734
49 444 2116 0 1777797262 476079
44 426 3266 0 1777797262 478003
47 493 9188 0 1777797262 478011
49 445 2629 0 1777797262 478710
44 427 7704 0 1777797262 485716
47 494 7698 0 1777797262 485723
49 446 7027 0 1777797262 485738
46 456 20556 0 1777797262 486418
44 428 2530 0 1777797262 488270
46 457 8488 0 1777797262 494909
47 495 9186 0 1777797262 494935
49 447 9164 0 1777797262 494943
48 528 66573 0 1777797262 495888
49 448 3955 0 1777797262 498920
49 449 767 0 1777797262 499689
49 450 2234 0 1777797262 501925
49 451 3562 0 1777797262 505490
47 496 11389 0 1777797262 506346
49 452 1487 0 1777797262 506979
44 429 19140 0 1777797262 507411
47 497 2268 0 1777797262 508617
48 529 13304 0 1777797262 509194
48 530 1355 0 1777797262 510552
44 430 6081 0 1777797262 513495
49 453 6539 0 1777797262 513521
48 531 7531 0 1777797262 518084
49 454 4563 0 1777797262 518094
47 498 16086 0 1777797262 524704
48 532 6620 0 1777797262 524715
44 431 17734 0 1777797262 531256
45 506 60300 0 1777797262 531289
46 458 36353 0 1777797262 531298
47 499 6595 0 1777797262 531311
48 533 6589 0 1777797262 531319
47 500 5881 0 1777797262 537224
49 455 18553 0 1777797262 537235
46 459 6452 0 1777797262 537788
44 432 8595 0 1777797262 539915
48 534 10015 0 1777797262 541370
46 460 4115 0 1777797262 541904
45 507 12713 0 1777797262 544042
49 456 7214 0 1777797262 544461
46 461 5089 0 1777797262 546995
47 501 9777 0 1777797262 547012
48 535 5647 0 1777797262 547019
44 433 18792 0 1777797262 558714
45 508 14684 0 1777797262 558729
46 462 11716 0 1777797262 558736
47 502 11707 0 1777797262 558742
48 536 11706 0 1777797262 558749
49 457 14295 0 1777797262 558758
44 434 4598 0 1777797262 563356
45 509 4594 0 1777797262 563365
46 463 4592 0 1777797262 563373
47 503 4592 0 1777797262 563382
48 537 4590 0 1777797262 563388
49 458 4589 0 1777797262 563402
45 510 5443 0 1777797262 568854
46 464 5451 0 1777797262 568866
47 504 5449 0 1777797262 568869
48 538 5449 0 1777797262 568873
49 459 5447 0 1777797262 568877
44 435 15337 0 1777797262 578740
45 511 9871 0 1777797262 578748
46 465 9865 0 1777797262 578754
47 505 9865 0 1777797262 578760
48 539 9866 0 1777797262 578765
49 460 9868 0 1777797262 578772
46 466 6189 0 1777797262 584981
47 506 6176 0 1777797262 584991
44 436 8624 0 1777797262 587397
45 512 8631 0 1777797262 587415
48 540 8599 0 1777797262 587422
49 461 8599 0 1777797262 587429
47 507 5107 0 1777797262 590109
48 541 7720 0 1777797262 595175
45 513 10176 0 1777797262 597620
46 467 12637 0 1777797262 597629
49 462 10171 0 1777797262 597634
44 437 15826 0 1777797262 603256
45 514 10760 0 1777797262 608395
46 468 10749 0 1777797262 608398
48 542 19051 0 1777797262 614227
49 463 18107 0 1777797262 615763
48 543 2039 0 1777797262 616267
44 438 16642 0 1777797262 619907
46 469 12882 0 1777797262 621285
44 439 3107 0 1777797262 623023
45 515 14632 0 1777797262 623031
49 464 7274 0 1777797262 623038
47 508 32959 0 1777797262 623071
48 544 6836 0 1777797262 623103
45 516 5798 0 1777797262 628846
48 545 5745 0 1777797262 628849
47 509 6134 0 1777797262 629206
46 470 8171 0 1777797262 629457
49 465 6406 0 1777797262 629462
44 440 10418 0 1777797262 633457
48 546 5229 0 1777797262 634084
49 466 4620 0 1777797262 634088
44 441 5229 0 1777797262 638708
47 510 9536 0 1777797262 638742
46 471 15006 0 1777797262 644468
47 511 8193 0 1777797262 646937
48 547 12856 0 1777797262 646944
49 467 12853 0 1777797262 646946
44 442 8484 0 1777797262 647200
45 517 19130 0 1777797262 647980
44 443 4133 0 1777797262 651334
49 468 7349 0 1777797262 654306
47 512 7952 0 1777797262 654899
46 472 12897 0 1777797262 657367
47 513 2524 0 1777797262 657423
44 444 7280 0 1777797262 658619
48 548 12084 0 1777797262 659037
44 445 4253 0 1777797262 662873
48 549 4508 0 1777797262 663546
45 518 18005 0 1777797262 665989
49 469 11688 0 1777797262 665995
44 446 3901 0 1777797262 666775
44 447 4403 0 1777797262 671178
48 550 7647 0 1777797262 671194
44 448 7332 0 1777797262 678511
48 551 7321 0 1777797262 678516
46 473 23913 0 1777797262 681282
48 552 6561 0 1777797262 685082
44 449 9795 0 1777797262 688311
49 470 24356 0 1777797262 690359
44 450 3151 0 1777797262 691463
46 474 11929 0 1777797262 693214
48 553 9287 0 1777797262 694371
44 451 7162 0 1777797262 698628
47 514 45351 0 1777797262 702775
49 471 15195 0 1777797262 705556
48 554 12285 0 1777797262 706657
48 555 2673 0 1777797262 709337
48 556 5325 0 1777797262 714664
44 452 30100 0 1777797262 728728
46 475 37810 0 1777797262 731025
47 515 29639 0 1777797262 732415
49 472 27438 0 1777797262 732996
49 473 29415 0 1777797262 762421
45 519 108737 0 1777797262 774733
46 476 44736 0 1777797262 775763
47 516 43352 0 1777797262 775768
48 557 61106 0 1777797262 775771
49 474 13352 0 1777797262 775775
44 453 47530 0 1777797262 776259
45 520 11626 0 1777797262 786360
46 477 12548 0 1777797262 788323
48 558 12543 0 1777797262 788328
49 475 12543 0 1777797262 788332
47 517 12941 0 1777797262 788720
44 454 15159 0 1777797262 791427
46 478 11042 0 1777797262 799374
48 559 11039 0 1777797262 799377
49 476 11038 0 1777797262 799381
44 455 9939 0 1777797262 801368
47 518 14106 0 1777797262 802827
46 479 6520 0 1777797262 805901
49 477 6515 0 1777797262 805905
44 456 8095 0 1777797262 809465
45 521 23111 0 1777797262 809472
48 560 10091 0 1777797262 809476
47 519 13840 0 1777797262 816669
44 457 13337 0 1777797262 822815
49 478 16930 0 1777797262 822841
45 522 14520 0 1777797262 824006
48 561 17988 0 1777797262 827519
46 480 22958 0 1777797262 828863
47 520 13977 0 1777797262 830652
44 458 11610 0 1777797262 834452
49 479 11588 0 1777797262 834457
45 523 12480 0 1777797262 836487
48 562 10618 0 1777797262 838141
46 481 12381 0 1777797262 841245
47 521 10591 0 1777797262 841251
44 459 7968 0 1777797262 842425
49 480 7966 0 1777797262 842429
44 460 10295 0 1777797262 852726
45 524 16248 0 1777797262 852736
47 522 11485 0 1777797262 852743
48 563 14608 0 1777797262 852750
46 482 11948 0 1777797262 853199
49 481 10775 0 1777797262 853210
44 461 6839 0 1777797262 859590
45 525 6485 0 1777797262 859598
48 564 6459 0 1777797262 859602
49 482 6384 0 1777797262 859605
46 483 6562 0 1777797262 859773
47 523 6651 0 1777797262 859785
45 526 9639 0 1777797262 869256
46 484 9473 0 1777797262 869260
44 462 11466 0 1777797262 871071
47 524 11261 0 1777797262 871076
49 483 11453 0 1777797262 871080
48 565 15775 0 1777797262 875397
45 527 8707 0 1777797262 877968
46 485 8704 0 1777797262 877972
47 525 7964 0 1777797262 879050
49 484 7963 0 1777797262 879054
44 463 9071 0 1777797262 880151
48 566 5275 0 1777797262 880674
47 526 8135 0 1777797262 887190
45 528 10959 0 1777797262 888932
46 486 10957 0 1777797262 888936
44 464 9640 0 1777797262 889800
49 485 10743 0 1777797262 889803
48 567 12552 0 1777797262 893226
47 527 6474 0 1777797262 893665
46 487 7041 0 1777797262 895984
49 486 6927 0 1777797262 896736
44 465 7196 0 1777797262 896999
45 529 8066 0 1777797262 897003
44 466 6258 0 1777797262 903261
45 530 6310 0 1777797262 903318
45 531 7808 0 1777797262 911136
49 487 14407 0 1777797262 911144
44 467 8473 0 1777797262 911793
46 488 15804 0 1777797262 911796
48 568 18912 0 1777797262 912147
47 528 20907 0 1777797262 914573
44 468 8166 0 1777797262 919963
45 532 8908 0 1777797262 920052
47 529 5577 0 1777797262 920151
49 488 9012 0 1777797262 920164
46 489 9658 0 1777797262 921459
48 569 9332 0 1777797262 921481
44 469 7656 0 1777797262 927821
45 533 7617 0 1777797262 927824
46 490 6366 0 1777797262 927828
47 530 7601 0 1777797262 927831
48 570 6352 0 1777797262 927834
49 489 7597 0 1777797262 927837
44 470 11323 0 1777797262 939160
45 534 11322 0 1777797262 939165
46 491 11321 0 1777797262 939168
47 531 11322 0 1777797262 939172
48 571 11321 0 1777797262 939175
49 490 11321 0 1777797262 939178
44 471 6865 0 1777797262 946043
45 535 17777 0 1777797262 956960
46 492 17823 0 1777797262 957010
47 532 17826 0 1777797262 957017
48 572 17830 0 1777797262 957026
49 491 17833 0 1777797262 957033
44 472 12316 0 1777797262 958360
45 536 6044 0 1777797262 963078
46 493 6025 0 1777797262 963082
47 533 6019 0 1777797262 963086
48 573 6014 0 1777797262 963089
49 492 5867 0 1777797262 963093
44 473 8473 0 1777797262 966836
45 537 6304 0 1777797262 969399
46 494 6306 0 1777797262 969408
48 574 6305 0 1777797262 969416
44 474 8009 0 1777797262 974847
45 538 5440 0 1777797262 974856
49 493 11747 0 1777797262 974863
47 534 11854 0 1777797262 974962
47 535 5814 0 1777797262 980777
48 575 11349 0 1777797262 980793
44 475 6694 0 1777797262 981558
45 539 11507 0 1777797262 986386
46 495 16955 0 1777797262 986389
48 576 5584 0 1777797262 986393
47 536 7908 0 1777797262 988703
44 476 8166 0 1777797262 989726
49 494 15427 0 1777797262 990313
45 540 11387 0 1777797262 997781
46 496 11399 0 1777797262 997798
47 537 9098 0 1777797262 997804
48 577 11409 0 1777797262 997812
49 495 8054 0 1777797262 998368
44 477 8703 0 1777797262 998430
45 541 7393 0 1777797263 5206
46 497 7376 0 1777797263 5210
47 538 7372 0 1777797263 5214
48 578 7366 0 1777797263 5217
44 478 7122 0 1777797263 5553
49 496 12320 0 1777797263 10690
44 479 7671 0 1777797263 13226
46 498 8010 0 1777797263 13235
47 539 8006 0 1777797263 13241
48 579 8007 0 1777797263 13246
45 542 9689 0 1777797263 14907
49 497 5168 0 1777797263 15860
44 480 9780 0 1777797263 23027
45 543 8123 0 1777797263 23033
46 499 9781 0 1777797263 23037
47 540 9766 0 1777797263 23040
48 580 9722 0 1777797263 23044
44 481 10283 0 1777797263 33328
45 544 10284 0 1777797263 33335
46 500 10283 0 1777797263 33340
49 498 17485 0 1777797263 33347
47 541 10494 0 1777797263 33556
48 581 15453 0 1777797263 38520
45 545 7188 0 1777797263 40545
47 542 7074 0 1777797263 40631
44 482 7989 0 1777797263 41337
46 501 7978 0 1777797263 41346
44 483 5143 0 1777797263 46490
48 582 8963 0 1777797263 47485
46 502 8958 0 1777797263 50316
48 583 4455 0 1777797263 51942
44 484 7814 0 1777797263 54306
45 546 14696 0 1777797263 55245
49 499 22656 0 1777797263 56033
47 543 15421 0 1777797263 56054
45 547 3365 0 1777797263 58612
47 544 2567 0 1777797263 58622
44 485 9281 0 1777797263 63589
49 500 7560 0 1777797263 63596
44 486 7340 0 1777797263 70936
49 501 7337 0 1777797263 70943
46 503 21156 0 1777797263 71474
45 548 13027 0 1777797263 71650
48 584 19862 0 1777797263 71806
48 585 2390 0 1777797263 74198
45 549 7851 0 1777797263 79504
47 545 20878 0 1777797263 79511
44 487 9974 0 1777797263 80918
46 504 10451 0 1777797263 81926
46 505 1568 0 1777797263 83496
44 488 7170 0 1777797263 88091
47 546 8579 0 1777797263 88100
44 489 4645 0 1777797263 92746
48 586 30307 0 1777797263 104507
49 502 34739 0 1777797263 105692
45 550 35110 0 1777797263 114622
47 547 26522 0 1777797263 114633
44 490 22849 0 1777797263 115604
48 587 11109 0 1777797263 115618
44 491 4170 0 1777797263 119789
46 506 36302 0 1777797263 119802
45 551 19076 0 1777797263 133710
48 588 18097 0 1777797263 133725
49 503 28036 0 1777797263 133730
46 507 16331 0 1777797263 136148
44 492 26032 0 1777797263 145836
45 552 12110 0 1777797263 145841
46 508 9693 0 1777797263 145844
48 589 12104 0 1777797263 145848
46 509 9843 0 1777797263 155700
47 548 41059 0 1777797263 155707
48 590 9853 0 1777797263 155712
49 504 21969 0 1777797263 155718
44 493 17297 0 1777797263 163145
45 553 17299 0 1777797263 163152
46 510 7437 0 1777797263 163156
47 549 7430 0 1777797263 163161
48 591 7471 0 1777797263 163209
49 505 7469 0 1777797263 163213
45 554 8521 0 1777797263 171741
47 550 8520 0 1777797263 171749
48 592 8521 0 1777797263 171756
49 506 8523 0 1777797263 171762
44 494 9571 0 1777797263 172785
46 511 9567 0 1777797263 172792
44 495 5401 0 1777797263 178194
45 555 6434 0 1777797263 178197
47 551 6427 0 1777797263 178201
48 593 6422 0 1777797263 178203
49 507 6418 0 1777797263 178207
46 512 5761 0 1777797263 178564
45 556 4901 0 1777797263 183113
49 508 10346 0 1777797263 188571
48 594 10370 0 1777797263 188591
44 496 10399 0 1777797263 188606
47 552 10949 0 1777797263 189166
46 513 11424 0 1777797263 189990
45 557 14503 0 1777797263 197623
44 497 9040 0 1777797263 197647
47 553 8486 0 1777797263 197654
48 595 9410 0 1777797263 198002
46 514 8649 0 1777797263 198643
49 509 10076 0 1777797263 198649
48 596 2538 0 1777797263 200542
45 558 4423 0 1777797263 202048
44 498 4527 0 1777797263 202182
45 559 4614 0 1777797263 206670
46 515 8028 0 1777797263 206678
47 554 9022 0 1777797263 206686
49 510 8498 0 1777797263 207165
44 499 6314 0 1777797263 208499
48 597 11166 0 1777797263 211711
44 500 3525 0 1777797263 212027
46 516 8492 0 1777797263 215188
47 555 8492 0 1777797263 215195
49 511 8034 0 1777797263 215200
45 560 9410 0 1777797263 216098
48 598 4884 0 1777797263 216597
44 501 6538 0 1777797263 218567
46 517 5594 0 1777797263 220795
49 512 5588 0 1777797263 220803
47 556 6438 0 1777797263 221647
45 561 6231 0 1777797263 222331
48 599 5757 0 1777797263 222357
46 518 10996 0 1777797263 231800
49 513 10995 0 1777797263 231807
47 557 10742 0 1777797263 232394
44 502 13842 0 1777797263 232411
48 600 10089 0 1777797263 232447
45 562 11281 0 1777797263 233617
46 519 6573 0 1777797263 238380
44 503 8594 0 1777797263 241006
47 558 8619 0 1777797263 241015
48 601 8574 0 1777797263 241022
49 514 9209 0 1777797263 241028
45 563 9122 0 1777797263 242745
49 515 5368 0 1777797263 246428
44 504 6301 0 1777797263 247331
46 520 9173 0 1777797263 247555
47 559 6517 0 1777797263 247565
48 602 6792 0 1777797263 247844
45 564 5310 0 1777797263 248056
49 516 7454 0 1777797263 253884
44 505 8463 0 1777797263 255795
45 565 7756 0 1777797263 255814
46 521 8255 0 1777797263 255821
47 560 8252 0 1777797263 255827
48 603 7987 0 1777797263 255833
44 506 6505 0 1777797263 262339
45 566 6444 0 1777797263 262356
46 522 6443 0 1777797263 262363
47 561 6453 0 1777797263 262380
48 604 6444 0 1777797263 262386
49 517 8506 0 1777797263 262392
44 507 3831 0 1777797263 266223
49 518 3797 0 1777797263 266227
48 605 3819 0 1777797263 266243
45 567 4144 0 1777797263 266546
46 523 4249 0 1777797263 266660
47 562 4565 0 1777797263 266983
48 606 5376 0 1777797263 271620
49 519 5394 0 1777797263 271627
47 563 5223 0 1777797263 272209
44 508 6471 0 1777797263 272698
45 568 6903 0 1777797263 273451
46 524 10542 0 1777797263 277204
48 607 7876 0 1777797263 279504
49 520 7877 0 1777797263 279513
47 564 8580 0 1777797263 280791
45 569 9484 0 1777797263 282936
46 525 10250 0 1777797263 287457
48 608 7958 0 1777797263 287472
45 570 7925 0 1777797263 290863
49 521 11349 0 1777797263 290871
44 509 19776 0 1777797263 292477
48 609 4999 0 1777797263 292489
46 526 5058 0 1777797263 292531
47 565 12082 0 1777797263 292875
45 571 8501 0 1777797263 299373
45 572 3749 0 1777797263 303124
46 527 56133 0 1777797263 348666
47 566 55830 0 1777797263 348707
49 522 58345 0 1777797263 349230
48 610 56782 0 1777797263 349282
44 510 63567 0 1777797263 356057
45 573 52935 0 1777797263 356065
47 567 7346 0 1777797263 356071
48 611 6816 0 1777797263 356099
49 523 6872 0 1777797263 356107
47 568 2588 0 1777797263 358715
44 511 3258 0 1777797263 359367
48 612 3244 0 1777797263 359378
49 524 3735 0 1777797263 359874
45 574 13186 0 1777797263 369306
46 528 20603 0 1777797263 369313
47 569 10601 0 1777797263 369320
48 613 9936 0 1777797263 369327
49 525 11291 0 1777797263 371168
44 512 14201 0 1777797263 373580
48 614 4236 0 1777797263 373589
47 570 4315 0 1777797263 373659
45 575 6477 0 1777797263 375805
46 529 7124 0 1777797263 376461
47 571 5118 0 1777797263 378778
44 513 15039 0 1777797263 388629
45 576 12830 0 1777797263 388637
46 530 12181 0 1777797263 388644
47 572 9821 0 1777797263 388649
48 615 15073 0 1777797263 388673
49 526 17507 0 1777797263 388680
44 514 3834 0 1777797263 392515
45 577 3835 0 1777797263 392525
48 616 3840 0 1777797263 392551
46 531 6354 0 1777797263 395050
49 527 6350 0 1777797263 395068
48 617 2570 0 1777797263 395122
45 578 12734 0 1777797263 405269
44 515 13629 0 1777797263 406155
48 618 11047 0 1777797263 406170
49 528 11077 0 1777797263 406180
46 532 11377 0 1777797263 406447
49 529 6187 0 1777797263 412390
44 516 9677 0 1777797263 415858
45 579 10595 0 1777797263 415874
46 533 9433 0 1777797263 415881
47 573 27183 0 1777797263 415887
48 619 9699 0 1777797263 415893
44 517 12170 0 1777797263 428064
47 574 12133 0 1777797263 428073
46 534 16594 0 1777797263 432526
45 580 22720 0 1777797263 438641
48 620 22673 0 1777797263 438650
44 518 10944 0 1777797263 439018
47 575 10931 0 1777797263 439026
47 576 3479 0 1777797263 442515
44 519 7640 0 1777797263 446668
47 577 4320 0 1777797263 446839
46 535 15594 0 1777797263 448125
49 530 36633 0 1777797263 449025
47 578 7791 0 1777797263 454631
46 536 8042 0 1777797263 456169
46 537 1715 0 1777797263 457886
46 538 1159 0 1777797263 459048
46 539 1738 0 1777797263 460790
47 579 6463 0 1777797263 461097
47 580 1548 0 1777797263 462647
46 540 4161 0 1777797263 464953
49 531 17482 0 1777797263 466512
46 541 1785 0 1777797263 466740
45 581 31385 0 1777797263 470037
49 532 4159 0 1777797263 470675
45 582 7031 0 1777797263 477070
46 542 10375 0 1777797263 477119
49 533 6449 0 1777797263 477127
48 621 39394 0 1777797263 478055
46 543 2686 0 1777797263 479827
49 534 4061 0 1777797263 481208
46 544 2531 0 1777797263 482360
48 622 5744 0 1777797263 483801
49 535 3295 0 1777797263 484505
45 583 9556 0 1777797263 486684
49 536 4681 0 1777797263 489190
48 623 7346 0 1777797263 491150
48 624 2257 0 1777797263 493408
49 537 4605 0 1777797263 493799
48 625 2175 0 1777797263 495588
46 545 15255 0 1777797263 497617
45 584 13367 0 1777797263 500054
47 581 43062 0 1777797263 505713
49 538 11919 0 1777797263 505721
48 626 11102 0 1777797263 506692
44 520 64816 0 1777797263 511491
45 585 15564 0 1777797263 515621
47 582 14632 0 1777797263 520354
47 583 1212 0 1777797263 521568
48 627 15748 0 1777797263 522449
49 539 18700 0 1777797263 524431
45 586 14167 0 1777797263 529790
48 628 7348 0 1777797263 529798
47 584 11925 0 1777797263 533497
49 540 9472 0 1777797263 533905
44 521 24529 0 1777797263 536024
44 522 3801 0 1777797263 539828
47 585 6551 0 1777797263 540050
48 629 12396 0 1777797263 542205
48 630 7020 0 1777797263 549228
44 523 14717 0 1777797263 554551
44 524 2894 0 1777797263 557448
45 587 27983 0 1777797263 557782
47 586 18523 0 1777797263 558575
47 587 3109 0 1777797263 561686
45 588 4970 0 1777797263 562756
44 525 7174 0 1777797263 564625
49 541 37909 0 1777797263 571817
47 588 16878 0 1777797263 578568
49 542 8843 0 1777797263 580662
45 589 19445 0 1777797263 582204
44 526 18913 0 1777797263 583542
48 631 35316 0 1777797263 584546
47 589 6372 0 1777797263 584944
48 632 2155 0 1777797263 586704
47 590 2535 0 1777797263 587481
45 590 7321 0 1777797263 589527
49 543 9450 0 1777797263 590116
48 633 6614 0 1777797263 593325
44 527 15455 0 1777797263 599001
45 591 9478 0 1777797263 599008
47 591 11527 0 1777797263 599017
45 592 7569 0 1777797263 606598
48 634 20792 0 1777797263 614119
45 593 10395 0 1777797263 616995
47 592 17968 0 1777797263 617005
49 544 26887 0 1777797263 617011
46 546 119930 0 1777797263 617549
48 635 3433 0 1777797263 617557
44 528 18981 0 1777797263 617999
47 593 3302 0 1777797263 620324
44 529 11127 0 1777797263 629130
47 594 10167 0 1777797263 630494
44 530 3159 0 1777797263 632293
45 594 16904 0 1777797263 633917
44 531 3516 0 1777797263 635811
47 595 6171 0 1777797263 636669
47 596 4115 0 1777797263 640786
48 636 23222 0 1777797263 640799
47 597 1252 0 1777797263 642053
44 532 6261 0 1777797263 642078
44 533 2693 0 1777797263 644773
47 598 2724 0 1777797263 644781
47 599 916 0 1777797263 645707
45 595 14649 0 1777797263 648570
48 637 7841 0 1777797263 648651
49 545 31977 0 1777797263 649009
47 600 3336 0 1777797263 649106
46 547 36266 0 1777797263 653824
47 601 13090 0 1777797263 662197
45 596 14981 0 1777797263 663633
47 602 5694 0 1777797263 667900
48 638 19228 0 1777797263 667915
49 546 18911 0 1777797263 667921
44 534 25742 0 1777797263 670523
48 639 5669 0 1777797263 673602
49 547 7562 0 1777797263 675502
46 548 22106 0 1777797263 675933
45 597 14726 0 1777797263 678361
49 548 3451 0 1777797263 678956
48 640 6004 0 1777797263 679608
47 603 12328 0 1777797263 680250
47 604 2988 0 1777797263 683240
49 549 4288 0 1777797263 683246
46 549 7502 0 1777797263 683437
44 535 14389 0 1777797263 684914
45 598 6563 0 1777797263 684926
48 641 5401 0 1777797263 685012
47 605 5703 0 1777797263 688951
45 599 4385 0 1777797263 689425
49 550 6372 0 1777797263 689628
46 550 10924 0 1777797263 694363
44 536 9407 0 1777797263 694421
45 600 5821 0 1777797263 695250
49 551 9886 0 1777797263 699516
47 606 12827 0 1777797263 701781
49 552 2288 0 1777797263 701805
48 642 17500 0 1777797263 702554
44 537 16006 0 1777797263 710429
46 551 16055 0 1777797263 710437
47 607 8631 0 1777797263 710443
48 643 8445 0 1777797263 711002
49 553 11420 0 1777797263 713242
46 552 5285 0 1777797263 715738
49 554 2502 0 1777797263 715747
47 608 6620 0 1777797263 717085
49 555 1361 0 1777797263 717118
46 553 2973 0 1777797263 718721
47 609 2617 0 1777797263 719737
45 601 28673 0 1777797263 723926
49 556 6818 0 1777797263 723949
44 538 48431 0 1777797263 758875
46 554 40153 0 1777797263 758881
47 610 39156 0 1777797263 758895
48 644 47895 0 1777797263 758901
49 557 35732 0 1777797263 759696
45 602 36394 0 1777797263 760345
47 611 6105 0 1777797263 765036
47 612 2110 0 1777797263 767149
47 613 2087 0 1777797263 769239
45 603 13846 0 1777797263 774194
47 614 8550 0 1777797263 777791
44 539 21031 0 1777797263 779934
46 555 21035 0 1777797263 779952
48 645 21020 0 1777797263 779959
49 558 20269 0 1777797263 779966
45 604 7751 0 1777797263 781947
47 615 9381 0 1777797263 787179
44 540 7876 0 1777797263 787843
46 556 7873 0 1777797263 787849
48 646 7881 0 1777797263 787864
49 559 7880 0 1777797263 787871
44 541 8142 0 1777797263 796014
45 605 14068 0 1777797263 796020
46 557 8143 0 1777797263 796024
47 616 8847 0 1777797263 796028
48 647 8144 0 1777797263 796032
49 560 8143 0 1777797263 796037
46 558 9189 0 1777797263 805241
48 648 9200 0 1777797263 805263
44 542 9570 0 1777797263 805608
45 606 9577 0 1777797263 805623
47 617 9572 0 1777797263 805630
48 649 4871 0 1777797263 810135
49 561 14083 0 1777797263 810150
45 607 6351 0 1777797263 811996
46 559 6803 0 1777797263 812046
47 618 7174 0 1777797263 812828
48 650 5640 0 1777797263 815791
44 543 10234 0 1777797263 815865
49 562 6832 0 1777797263 816994
45 608 13453 0 1777797263 825501
46 560 13432 0 1777797263 825515
47 619 12691 0 1777797263 825524
48 651 9732 0 1777797263 825533
49 563 8551 0 1777797263 825547
44 544 10203 0 1777797263 826069
44 545 8245 0 1777797263 834320
45 609 8812 0 1777797263 834361
46 561 8798 0 1777797263 834371
48 652 8790 0 1777797263 834375
49 564 8789 0 1777797263 834379
47 620 10223 0 1777797263 835803
46 562 5706 0 1777797263 840101
45 610 6270 0 1777797263 840660
44 546 6957 0 1777797263 841337
48 653 6946 0 1777797263 841345
49 565 6948 0 1777797263 841351
47 621 8274 0 1777797263 844080
44 547 6919 0 1777797263 848272
45 611 7618 0 1777797263 848279
46 563 8183 0 1777797263 848286
48 654 8337 0 1777797263 849703
49 566 9201 0 1777797263 850584
46 564 5405 0 1777797263 853791
47 622 9726 0 1777797263 853807
44 548 7201 0 1777797263 855489
45 612 7193 0 1777797263 855495
48 655 5806 0 1777797263 855511
46 565 5465 0 1777797263 859273
47 623 5473 0 1777797263 859292
45 613 6987 0 1777797263 862518
44 549 14985 0 1777797263 870497
46 566 11617 0 1777797263 870910
47 624 11627 0 1777797263 870934
48 656 15405 0 1777797263 870942
49 567 20363 0 1777797263 870950
45 614 8617 0 1777797263 871136
45 615 5441 0 1777797263 876578
46 567 5623 0 1777797263 876595
48 657 6573 0 1777797263 877681
44 550 7027 0 1777797263 877978
47 625 7014 0 1777797263 878001
46 568 5242 0 1777797263 881893
45 616 5473 0 1777797263 882114
49 568 11006 0 1777797263 882121
47 626 4740 0 1777797263 882751
44 551 5354 0 1777797263 883356
45 617 3170 0 1777797263 885292
46 569 3398 0 1777797263 885300
49 569 3246 0 1777797263 885379
48 658 10185 0 1777797263 887870
47 627 6234 0 1777797263 888990
44 552 11867 0 1777797263 895225
45 618 9945 0 1777797263 895246
46 570 10509 0 1777797263 895837
49 570 10476 0 1777797263 895857
47 628 7478 0 1777797263 896469
48 659 9749 0 1777797263 897621
44 553 6848 0 1777797263 902078
46 571 6251 0 1777797263 902091
49 571 6239 0 1777797263 902096
48 660 4510 0 1777797263 902134
47 629 5688 0 1777797263 902158
45 619 7199 0 1777797263 902446
44 554 9039 0 1777797263 911136
47 630 9566 0 1777797263 911726
49 572 10475 0 1777797263 912595
47 631 1583 0 1777797263 913310
48 661 14013 0 1777797263 916150
46 572 16322 0 1777797263 918434
45 620 16374 0 1777797263 918821
47 632 15578 0 1777797263 928891
47 633 3257 0 1777797263 932150
47 634 6188 0 1777797263 938341
45 621 21414 0 1777797263 940240
46 573 40292 0 1777797263 958733
45 622 19167 0 1777797263 959409
44 555 49305 0 1777797263 960444
48 662 45273 0 1777797263 961430
47 635 23595 0 1777797263 961941
44 556 3940 0 1777797263 964388
45 623 4989 0 1777797263 964402
48 663 4409 0 1777797263 965840
47 636 9686 0 1777797263 971630
44 557 57705 0 1777797264 22109
47 637 51349 0 1777797264 22981
48 664 57145 0 1777797264 22987
45 624 60746 0 1777797264 25164
48 665 3964 0 1777797264 26961
49 573 114597 0 1777797264 27195
47 638 5448 0 1777797264 28436
46 574 70133 0 1777797264 28875
45 625 5761 0 1777797264 30928
49 574 3891 0 1777797264 31088
48 666 4467 0 1777797264 31430
47 639 8917 0 1777797264 37362
45 626 7222 0 1777797264 38152
44 558 16070 0 1777797264 38181
46 575 9443 0 1777797264 38320
48 667 6897 0 1777797264 38329
49 575 7246 0 1777797264 38335
46 576 2871 0 1777797264 41208
49 576 2859 0 1777797264 41218
45 627 8172 0 1777797264 46326
44 559 8658 0 1777797264 46840
48 668 8498 0 1777797264 46848
47 640 16473 0 1777797264 53840
49 577 14526 0 1777797264 55754
44 560 11847 0 1777797264 58695
45 628 12369 0 1777797264 58702
46 577 17490 0 1777797264 58709
48 669 12038 0 1777797264 58896
48 670 6315 0 1777797264 65278
44 561 8138 0 1777797264 67036
45 629 11964 0 1777797264 70892
46 578 11952 0 1777797264 70905
44 562 6497 0 1777797264 73535
45 630 3387 0 1777797264 74293
46 579 3836 0 1777797264 74753
44 563 5069 0 1777797264 78610
45 631 4492 0 1777797264 78786
46 580 4046 0 1777797264 78800
47 641 35392 0 1777797264 89240
44 564 16084 0 1777797264 94696
45 632 15918 0 1777797264 94719
46 581 15916 0 1777797264 94726
48 671 29455 0 1777797264 94735
49 578 38988 0 1777797264 94743
47 642 6112 0 1777797264 95359
44 565 9969 0 1777797264 104713
48 672 9954 0 1777797264 104735
45 633 10430 0 1777797264 105194
46 582 12042 0 1777797264 106816
47 643 11473 0 1777797264 106836
49 579 12058 0 1777797264 106846
44 566 8027 0 1777797264 112773
45 634 7586 0 1777797264 112782
48 673 8070 0 1777797264 112840
46 583 15402 0 1777797264 122249
47 644 15411 0 1777797264 122272
49 580 15411 0 1777797264 122281
44 567 11984 0 1777797264 124825
45 635 11929 0 1777797264 124829
48 674 11924 0 1777797264 124833
49 581 8432 0 1777797264 131086
46 584 15188 0 1777797264 137470
47 645 14908 0 1777797264 137479
44 568 14297 0 1777797264 139130
48 675 14303 0 1777797264 139146
49 582 8067 0 1777797264 139155
45 636 18286 0 1777797264 143125
46 585 5655 0 1777797264 143135
47 646 5650 0 1777797264 143142
48 676 9049 0 1777797264 148213
44 569 10546 0 1777797264 149702
45 637 7564 0 1777797264 150707
49 583 11737 0 1777797264 150910
46 586 12111 0 1777797264 155264
47 647 12091 0 1777797264 155292
48 677 7135 0 1777797264 155350
45 638 5008 0 1777797264 155719
44 570 6176 0 1777797264 155886
44 571 14777 0 1777797264 170664
45 639 15470 0 1777797264 171191
49 584 20284 0 1777797264 171197
48 678 16475 0 1777797264 171826
48 679 2677 0 1777797264 174505
48 680 4735 0 1777797264 179301
47 648 24379 0 1777797264 179711
48 681 1824 0 1777797264 181127
48 682 900 0 1777797264 182028
46 587 26836 0 1777797264 182129
47 649 2468 0 1777797264 182180
48 683 977 0 1777797264 183009
46 588 1508 0 1777797264 183638
47 650 2005 0 1777797264 184186
44 572 15826 0 1777797264 186492
47 651 2609 0 1777797264 186796
47 652 1069 0 1777797264 187893
47 653 726 0 1777797264 188621
45 640 17832 0 1777797264 189030
45 641 670 0 1777797264 189701
46 589 6859 0 1777797264 190506
47 654 2137 0 1777797264 190759
45 642 1276 0 1777797264 190979
48 684 8137 0 1777797264 191147
48 685 1431 0 1777797264 192579
46 590 2289 0 1777797264 192797
45 643 2053 0 1777797264 193034
47 655 3622 0 1777797264 194383
44 573 8643 0 1777797264 195138
47 656 4132 0 1777797264 198567
44 574 5343 0 1777797264 200483
47 657 1950 0 1777797264 200519
46 591 8484 0 1777797264 201283
48 686 9476 0 1777797264 202059
49 585 30827 0 1777797264 202065
45 644 11354 0 1777797264 204390
44 575 6039 0 1777797264 206559
47 658 6305 0 1777797264 206837
46 592 5569 0 1777797264 206854
49 586 6273 0 1777797264 208356
48 687 7404 0 1777797264 209470
46 593 4086 0 1777797264 210941
45 645 7521 0 1777797264 211913
49 587 3978 0 1777797264 212336
47 659 6382 0 1777797264 213220
45 646 1379 0 1777797264 213294
49 588 1379 0 1777797264 213718
46 594 4418 0 1777797264 215363
48 688 6049 0 1777797264 215522
49 589 2072 0 1777797264 215793
47 660 4005 0 1777797264 217227
49 590 1932 0 1777797264 217726
44 576 13911 0 1777797264 220481
49 591 3133 0 1777797264 220862
48 689 8651 0 1777797264 224175
46 595 9878 0 1777797264 225248
47 661 8039 0 1777797264 225272
49 592 4415 0 1777797264 225279
48 690 1499 0 1777797264 225678
45 647 13640 0 1777797264 226936
46 596 3582 0 1777797264 228863
44 577 10835 0 1777797264 231318
46 597 3099 0 1777797264 231964
47 662 8523 0 1777797264 233814
49 593 8627 0 1777797264 233926
44 578 2878 0 1777797264 234198
44 579 2110 0 1777797264 236310
49 594 4100 0 1777797264 238028
49 595 724 0 1777797264 238755
47 663 5643 0 1777797264 239461
49 596 4170 0 1777797264 242930
44 580 6989 0 1777797264 243307
48 691 18261 0 1777797264 243940
46 598 12214 0 1777797264 244181
45 648 17866 0 1777797264 244805
44 581 9660 0 1777797264 252970
47 664 13541 0 1777797264 253004
46 599 10692 0 1777797264 254874
48 692 10936 0 1777797264 254879
45 649 10169 0 1777797264 254976
49 597 12047 0 1777797264 254980
49 598 8317 0 1777797264 263305
45 650 10785 0 1777797264 265765
47 665 112598 0 1777797264 365618
44 582 113380 0 1777797264 366385
48 693 113612 0 1777797264 368500
44 583 2960 0 1777797264 369347
48 694 4380 0 1777797264 372884
44 584 5716 0 1777797264 375067
48 695 2191 0 1777797264 375080
44 585 2919 0 1777797264 378001
48 696 2927 0 1777797264 378022
48 697 1643 0 1777797264 379667
44 586 2238 0 1777797264 380242
47 666 17548 0 1777797264 383168
45 651 119323 0 1777797264 385092
47 667 4230 0 1777797264 387399
48 698 8832 0 1777797264 388502
47 668 2919 0 1777797264 390324
48 699 3185 0 1777797264 391689
45 652 11212 0 1777797264 396314
48 700 5014 0 1777797264 396709
48 701 2115 0 1777797264 398826
48 702 3356 0 1777797264 402184
44 587 24348 0 1777797264 404595
47 669 15052 0 1777797264 405377
44 588 1539 0 1777797264 406138
45 653 10339 0 1777797264 406663
45 654 1617 0 1777797264 408283
47 670 5700 0 1777797264 411083
48 703 9020 0 1777797264 411212
44 589 7119 0 1777797264 413260
49 599 150031 0 1777797264 413342
45 655 5696 0 1777797264 413981
46 600 166901 0 1777797264 421780
45 656 14289 0 1777797264 428271
47 671 17268 0 1777797264 428359
49 600 15023 0 1777797264 428366
44 590 15820 0 1777797264 429082
46 601 7304 0 1777797264 429092
44 591 3305 0 1777797264 432398
45 657 5068 0 1777797264 433340
49 601 6595 0 1777797264 434969
45 658 1831 0 1777797264 435173
44 592 3408 0 1777797264 435808
45 659 2338 0 1777797264 437513
49 602 4451 0 1777797264 439422
44 593 3671 0 1777797264 439494
45 660 2909 0 1777797264 440425
47 672 12209 0 1777797264 440576
49 603 9196 0 1777797264 448623
47 673 8473 0 1777797264 449050
46 602 21987 0 1777797264 451096
49 604 6018 0 1777797264 454660
47 674 5601 0 1777797264 454706
49 605 3980 0 1777797264 458643
47 675 5043 0 1777797264 459751
44 594 23241 0 1777797264 462737
45 661 22519 0 1777797264 462945
49 606 5915 0 1777797264 464559
44 595 2521 0 1777797264 465265
45 662 2925 0 1777797264 465872
49 607 3873 0 1777797264 468436
44 596 4225 0 1777797264 469492
44 597 1159 0 1777797264 470654
47 676 11633 0 1777797264 471386
45 663 5580 0 1777797264 471456
49 608 6973 0 1777797264 475412
46 603 24609 0 1777797264 475709
47 677 4720 0 1777797264 476108
48 704 68317 0 1777797264 479532
49 609 5828 0 1777797264 481242
47 678 6108 0 1777797264 482217
46 604 8008 0 1777797264 483718
48 705 4586 0 1777797264 484122
49 610 3487 0 1777797264 484731
46 605 1580 0 1777797264 485303
44 598 15154 0 1777797264 485811
45 664 14505 0 1777797264 485963
47 679 5365 0 1777797264 487587
49 611 4334 0 1777797264 489068
46 606 5800 0 1777797264 491107
48 706 13051 0 1777797264 497176
47 680 10832 0 1777797264 498424
49 612 10606 0 1777797264 499678
46 607 10230 0 1777797264 501340
45 665 16052 0 1777797264 502016
44 599 16431 0 1777797264 502244
44 600 3566 0 1777797264 505811
46 608 6303 0 1777797264 507644
47 681 9552 0 1777797264 507982
44 601 4599 0 1777797264 510412
44 602 1983 0 1777797264 512398
46 609 4765 0 1777797264 512411
45 666 13039 0 1777797264 515058
49 613 15382 0 1777797264 515066
48 707 19087 0 1777797264 516270
49 614 4585 0 1777797264 519665
44 603 8003 0 1777797264 520416
47 682 16466 0 1777797264 524452
45 667 9429 0 1777797264 524496
49 615 6870 0 1777797264 526538
46 610 14194 0 1777797264 526621
45 668 6212 0 1777797264 530709
48 708 14450 0 1777797264 530722
49 616 4698 0 1777797264 531241
47 683 7815 0 1777797264 532268
45 669 5570 0 1777797264 536293
46 611 11969 0 1777797264 538591
44 604 18728 0 1777797264 539149
47 684 7947 0 1777797264 540218
48 709 12858 0 1777797264 543592
46 612 5037 0 1777797264 543630
44 605 7954 0 1777797264 547106
45 670 11896 0 1777797264 548191
46 613 7462 0 1777797264 551093
48 710 7511 0 1777797264 551112
49 617 19886 0 1777797264 551128
47 685 13329 0 1777797264 553550
49 618 6472 0 1777797264 557631
45 671 12306 0 1777797264 560499
47 686 6962 0 1777797264 560514
44 606 17239 0 1777797264 564351
46 614 13231 0 1777797264 564360
48 711 15077 0 1777797264 566223
44 607 5969 0 1777797264 570330
45 672 9822 0 1777797264 570338
46 615 6002 0 1777797264 570375
49 619 14311 0 1777797264 571945
47 687 11454 0 1777797264 571991
48 712 5889 0 1777797264 572113
44 608 3585 0 1777797264 573926
45 673 8472 0 1777797264 578824
46 616 8588 0 1777797264 578964
47 688 7011 0 1777797264 579003
48 713 7370 0 1777797264 579484
44 609 5574 0 1777797264 579501
49 620 8074 0 1777797264 580021
45 674 2478 0 1777797264 581304
46 617 7951 0 1777797264 586916
47 689 7951 0 1777797264 586956
45 675 6760 0 1777797264 588068
48 714 8877 0 1777797264 588362
44 610 9442 0 1777797264 588944
49 621 11527 0 1777797264 591549
46 618 6441 0 1777797264 593360
47 690 8530 0 1777797264 595488
45 676 7957 0 1777797264 596029
46 619 3689 0 1777797264 597053
45 677 4059 0 1777797264 600089
46 620 6273 0 1777797264 603328
47 691 7867 0 1777797264 603357
45 678 4645 0 1777797264 604736
44 611 16699 0 1777797264 605646
48 715 17838 0 1777797264 606201
49 622 14987 0 1777797264 606537
47 692 6551 0 1777797264 609909
49 623 3411 0 1777797264 609950
48 716 6253 0 1777797264 612457
46 621 9276 0 1777797264 612607
44 612 10187 0 1777797264 615840
45 679 11122 0 1777797264 615860
47 693 6526 0 1777797264 616438
48 717 4634 0 1777797264 617099
49 624 7260 0 1777797264 617211
46 622 5558 0 1777797264 618166
45 680 7229 0 1777797264 623090
47 694 7828 0 1777797264 624268
44 613 10692 0 1777797264 626533
49 625 9361 0 1777797264 626573
48 718 9833 0 1777797264 626938
45 681 3937 0 1777797264 627029
46 623 8869 0 1777797264 627037
46 624 3502 0 1777797264 630550
47 695 6298 0 1777797264 630566
44 614 23851 0 1777797264 650425
49 626 23828 0 1777797264 650436
46 625 20049 0 1777797264 650616
45 682 23690 0 1777797264 650728
47 696 21709 0 1777797264 652294
48 719 26765 0 1777797264 653704
48 720 1860 0 1777797264 655566
44 615 6573 0 1777797264 657011
44 616 4542 0 1777797264 661556
45 683 10837 0 1777797264 661565
47 697 9276 0 1777797264 661572
48 721 6012 0 1777797264 661580
46 626 12789 0 1777797264 663434
48 722 4033 0 1777797264 665646
45 684 4080 0 1777797264 665671
49 627 16551 0 1777797264 667003
48 723 6505 0 1777797264 672154
46 627 16164 0 1777797264 679602
49 628 14598 0 1777797264 681605
46 628 2073 0 1777797264 681684
44 617 21767 0 1777797264 683349
47 698 26528 0 1777797264 688131
46 629 6468 0 1777797264 688155
45 685 22495 0 1777797264 688167
45 686 2959 0 1777797264 691127
46 630 9342 0 1777797264 697499
47 699 9375 0 1777797264 697507
44 618 14912 0 1777797264 698269
45 687 7289 0 1777797264 698418
45 688 5778 0 1777797264 704197
46 631 7297 0 1777797264 704805
46 632 2033 0 1777797264 706840
49 629 26714 0 1777797264 708320
45 689 6553 0 1777797264 710755
47 700 13243 0 1777797264 710764
44 619 12520 0 1777797264 710792
48 724 39893 0 1777797264 712049
45 690 1845 0 1777797264 712610
48 725 1519 0 1777797264 713569
46 633 6934 0 1777797264 713780
45 691 2117 0 1777797264 714730
46 634 975 0 1777797264 714756
44 620 5296 0 1777797264 716089
48 726 2738 0 1777797264 716308
45 692 2493 0 1777797264 717228
46 635 3654 0 1777797264 718411
48 727 5573 0 1777797264 721883
49 630 13654 0 1777797264 721981
45 693 5952 0 1777797264 723182
46 636 5187 0 1777797264 723605
44 621 7698 0 1777797264 723789
46 637 1588 0 1777797264 725195
44 622 2158 0 1777797264 725951
45 694 4900 0 1777797264 728083
49 631 6106 0 1777797264 728088
48 728 8138 0 1777797264 730028
44 623 5610 0 1777797264 731563
46 638 6470 0 1777797264 731668
45 695 5325 0 1777797264 733414
46 639 4052 0 1777797264 735721
48 729 6987 0 1777797264 737016
45 696 5255 0 1777797264 738671
46 640 4518 0 1777797264 740241
49 632 14584 0 1777797264 742681
47 701 34508 0 1777797264 745282
44 624 16834 0 1777797264 748405
49 633 6312 0 1777797264 748995
49 634 2667 0 1777797264 751665
49 635 1603 0 1777797264 753275
49 636 4631 0 1777797264 757908
44 625 11619 0 1777797264 760028
48 730 23014 0 1777797264 760036
46 641 21866 0 1777797264 762113
47 702 16838 0 1777797264 762122
44 626 3377 0 1777797264 763414
48 731 3924 0 1777797264 763986
49 637 6132 0 1777797264 764043
45 697 27138 0 1777797264 765811
48 732 2017 0 1777797264 766004
46 642 4262 0 1777797264 766385
46 643 2067 0 1777797264 768455
48 733 4125 0 1777797264 770132
49 638 6197 0 1777797264 770242
46 644 3861 0 1777797264 772319
47 703 10652 0 1777797264 772786
44 627 10714 0 1777797264 774133
48 734 4692 0 1777797264 774826
45 698 12222 0 1777797264 778036
44 628 5155 0 1777797264 779292
46 645 7056 0 1777797264 779377
49 639 9122 0 1777797264 779384
48 735 4971 0 1777797264 779799
49 640 1739 0 1777797264 781134
45 699 7084 0 1777797264 785124
49 641 4026 0 1777797264 785162
46 646 7654 0 1777797264 787039
44 629 8336 0 1777797264 787629
48 736 8039 0 1777797264 787839
44 630 3130 0 1777797264 790766
49 642 5817 0 1777797264 790980
46 647 4037 0 1777797264 791082
45 700 7540 0 1777797264 792666
47 704 20237 0 1777797264 793025
48 737 6977 0 1777797264 794818
49 643 3845 0 1777797264 794826
46 648 5019 0 1777797264 796102
45 701 6465 0 1777797264 799133
49 644 4756 0 1777797264 799593
48 738 7629 0 1777797264 802456
44 631 12194 0 1777797264 802970
46 649 6872 0 1777797264 802977
47 705 9957 0 1777797264 802984
44 632 3319 0 1777797264 806304
49 645 6918 0 1777797264 806512
47 706 5402 0 1777797264 808403
49 646 2217 0 1777797264 808731
45 702 9917 0 1777797264 809052
48 739 9690 0 1777797264 812149
46 650 9850 0 1777797264 812843
45 703 4067 0 1777797264 813120
44 633 6833 0 1777797264 813139
47 707 5485 0 1777797264 813890
44 634 7380 0 1777797264 820520
49 647 11963 0 1777797264 820695
45 704 7612 0 1777797264 820734
46 651 8626 0 1777797264 821471
48 740 10791 0 1777797264 822942
47 708 14073 0 1777797264 827964
44 635 7480 0 1777797264 828003
45 705 7289 0 1777797264 828024
49 648 7396 0 1777797264 828093
49 649 4330 0 1777797264 832425
44 636 4442 0 1777797264 832447
46 652 11087 0 1777797264 832560
49 650 1811 0 1777797264 834237
44 637 3935 0 1777797264 836384
48 741 13447 0 1777797264 836397
46 653 22653 0 1777797264 855214
49 651 20984 0 1777797264 855223
44 638 18858 0 1777797264 855256
47 709 27432 0 1777797264 855405
48 742 18997 0 1777797264 855411
45 706 28085 0 1777797264 856159
48 743 3273 0 1777797264 858693
44 639 5447 0 1777797264 860704
47 710 5724 0 1777797264 861136
49 652 6033 0 1777797264 861270
45 707 6389 0 1777797264 862550
48 744 5805 0 1777797264 864499
46 654 10626 0 1777797264 865850
48 745 6598 0 1777797264 871099
44 640 10472 0 1777797264 871178
46 655 5345 0 1777797264 871199
45 708 9223 0 1777797264 871779
49 653 10848 0 1777797264 872120
47 711 15027 0 1777797264 876165
44 641 5806 0 1777797264 876986
45 709 6116 0 1777797264 877897
48 746 6811 0 1777797264 877912
48 747 2016 0 1777797264 879938
49 654 10493 0 1777797264 882614
44 642 5940 0 1777797264 882927
45 710 6089 0 1777797264 884002
48 748 4726 0 1777797264 884666
47 712 11714 0 1777797264 887882
46 656 16967 0 1777797264 888167
44 643 6019 0 1777797264 888948
48 749 5967 0 1777797264 890639
44 644 6021 0 1777797264 894976
45 711 10982 0 1777797264 894986
49 655 12378 0 1777797264 894993
46 657 6860 0 1777797264 895029
48 750 6054 0 1777797264 896695
45 712 1883 0 1777797264 896887
44 645 9512 0 1777797264 904507
49 656 9632 0 1777797264 904645
46 658 10000 0 1777797264 905030
48 751 10432 0 1777797264 907132
47 713 20226 0 1777797264 908116
48 752 1092 0 1777797264 908226
48 753 1325 0 1777797264 909553
44 646 5983 0 1777797264 910493
46 659 5699 0 1777797264 910733
48 754 2941 0 1777797264 912496
45 713 16169 0 1777797264 913059
49 657 9110 0 1777797264 913757
45 714 1125 0 1777797264 914186
49 658 3792 0 1777797264 917551
46 660 7200 0 1777797264 917935
48 755 6931 0 1777797264 919429
45 715 8812 0 1777797264 923001
48 756 3632 0 1777797264 923063
48 757 1232 0 1777797264 924296
44 647 14229 0 1777797264 924724
46 661 8975 0 1777797264 926912
47 714 19440 0 1777797264 927564
48 758 4507 0 1777797264 928808
45 716 5881 0 1777797264 928886
49 659 11443 0 1777797264 928996
44 648 4905 0 1777797264 929631
48 759 961 0 1777797264 929771
49 660 1114 0 1777797264 930112
46 662 5589 0 1777797264 932503
47 715 8854 0 1777797264 936420
48 760 7031 0 1777797264 936803
46 663 5269 0 1777797264 937774
45 717 8903 0 1777797264 937791
49 661 7695 0 1777797264 937809
44 649 10738 0 1777797264 940371
49 662 3156 0 1777797264 940976
45 718 3733 0 1777797264 941543
46 664 3895 0 1777797264 941671
47 716 7437 0 1777797264 943860
48 761 8200 0 1777797264 945004
49 663 4893 0 1777797264 945870
46 665 6232 0 1777797264 947906
48 762 3161 0 1777797264 948167
47 717 4363 0 1777797264 948231
45 719 7973 0 1777797264 949520
49 664 3989 0 1777797264 949860
47 718 4297 0 1777797264 952529
45 720 3267 0 1777797264 952791
47 719 2633 0 1777797264 955166
48 763 9105 0 1777797264 957275
48 764 1546 0 1777797264 958822
47 720 4264 0 1777797264 959431
45 721 7657 0 1777797264 960451
44 650 21963 0 1777797264 962336
45 722 3055 0 1777797264 963507
48 765 4722 0 1777797264 963545
49 665 15303 0 1777797264 965167
46 666 17674 0 1777797264 965581
47 721 7047 0 1777797264 966480
49 666 1838 0 1777797264 967007
46 667 2579 0 1777797264 968161
47 722 3626 0 1777797264 970109
46 668 3180 0 1777797264 971344
47 723 1376 0 1777797264 971488
45 723 8586 0 1777797264 972097
45 724 2713 0 1777797264 974811
46 669 7068 0 1777797264 978414
48 766 14883 0 1777797264 978430
49 667 11431 0 1777797264 978440
45 725 3907 0 1777797264 978721
47 724 7740 0 1777797264 979230
47 725 2820 0 1777797264 982053
44 651 19792 0 1777797264 982131
48 767 4065 0 1777797264 982516
45 726 4175 0 1777797264 982898
44 652 2843 0 1777797264 984975
45 727 4883 0 1777797264 987783
46 670 10941 0 1777797264 989382
44 653 4467 0 1777797264 989445
46 671 1419 0 1777797264 990806
49 668 12355 0 1777797264 990813
48 768 8685 0 1777797264 991202
47 726 11216 0 1777797264 993272
48 769 2163 0 1777797264 993368
44 654 5308 0 1777797264 994755
45 728 8144 0 1777797264 995935
49 669 7727 0 1777797264 998550
47 727 5985 0 1777797264 999355
45 729 3645 0 1777797264 999582
48 770 6227 0 1777797264 999605
46 672 9115 0 1777797264 999929
47 728 1347 0 1777797265 703
45 730 2369 0 1777797265 1954
47 729 1856 0 1777797265 2561
47 730 2748 0 1777797265 5312
45 731 3587 0 1777797265 5546
44 655 11337 0 1777797265 6095
47 731 1356 0 1777797265 6671
45 732 2941 0 1777797265 8489
47 732 1825 0 1777797265 8499
48 771 8900 0 1777797265 8506
44 656 3419 0 1777797265 9517
47 733 2624 0 1777797265 11140
49 670 16056 0 1777797265 14607
45 733 6730 0 1777797265 15237
47 734 4400 0 1777797265 15542
44 657 6676 0 1777797265 16195
48 772 8181 0 1777797265 16708
49 671 4080 0 1777797265 18689
49 672 5368 0 1777797265 24059
47 735 9733 0 1777797265 25278
44 658 9150 0 1777797265 25347
48 773 8813 0 1777797265 25523
45 734 10512 0 1777797265 25751
48 774 2297 0 1777797265 27821
47 736 3831 0 1777797265 29116
48 775 2449 0 1777797265 30272
44 659 7620 0 1777797265 32970
46 673 33499 0 1777797265 33432
47 737 4323 0 1777797265 33441
45 735 10122 0 1777797265 35875
49 673 11821 0 1777797265 35883
48 776 7628 0 1777797265 37901
46 674 5739 0 1777797265 39181
47 738 5774 0 1777797265 39225
44 660 7349 0 1777797265 40322
49 674 4445 0 1777797265 40343
48 777 2477 0 1777797265 40380
45 736 5215 0 1777797265 41099
45 737 1976 0 1777797265 43079
47 739 3915 0 1777797265 43141
48 778 2781 0 1777797265 43162
44 661 4236 0 1777797265 44580
49 675 4770 0 1777797265 45132
47 740 3520 0 1777797265 46684
49 676 2043 0 1777797265 47176
44 662 3647 0 1777797265 48232
45 738 6011 0 1777797265 49091
47 741 3329 0 1777797265 50017
48 779 6844 0 1777797265 50024
44 663 2121 0 1777797265 50354
45 739 2708 0 1777797265 51802
49 677 5137 0 1777797265 52315
49 678 1438 0 1777797265 53754
44 664 3804 0 1777797265 54160
47 742 5322 0 1777797265 55347
48 780 6298 0 1777797265 56338
44 665 2747 0 1777797265 56908
49 679 3853 0 1777797265 57612
48 781 2181 0 1777797265 58521
47 743 5578 0 1777797265 60930
49 680 3388 0 1777797265 61002
49 681 2444 0 1777797265 63447
45 740 12393 0 1777797265 64198
47 744 3486 0 1777797265 64417
46 675 26721 0 1777797265 65904
49 682 3603 0 1777797265 67052
45 741 3573 0 1777797265 67773
47 745 3365 0 1777797265 67783
46 676 1916 0 1777797265 67822
48 782 11390 0 1777797265 69913
44 666 14975 0 1777797265 71886
49 683 4908 0 1777797265 71963
46 677 4193 0 1777797265 72016
47 746 4300 0 1777797265 72094
46 678 1844 0 1777797265 73861
49 684 2121 0 1777797265 74085
47 747 2178 0 1777797265 74273
48 783 6207 0 1777797265 76122
49 685 2241 0 1777797265 76328
47 748 2534 0 1777797265 76809
49 686 2559 0 1777797265 78888
46 679 5189 0 1777797265 79052
45 742 13576 0 1777797265 81360
47 749 4654 0 1777797265 81464
44 667 9918 0 1777797265 81811
46 680 3619 0 1777797265 82672
49 687 3832 0 1777797265 82722
44 668 927 0 1777797265 82739
45 743 5029 0 1777797265 86392
47 750 4934 0 1777797265 86399
48 784 10277 0 1777797265 86403
49 688 4773 0 1777797265 87497
47 751 4421 0 1777797265 90833
49 689 3400 0 1777797265 90899
46 681 8240 0 1777797265 90917
44 669 8527 0 1777797265 91267
48 785 7554 0 1777797265 93970
47 752 4216 0 1777797265 95052
46 682 4585 0 1777797265 95504
49 690 4865 0 1777797265 95765
45 744 9454 0 1777797265 95857
44 670 5445 0 1777797265 96714
45 745 6102 0 1777797265 101961
46 683 6461 0 1777797265 101966
47 753 7611 0 1777797265 102664
46 684 1729 0 1777797265 103702
46 685 868 0 1777797265 104575
46 686 1258 0 1777797265 105834
46 687 725 0 1777797265 106561
47 754 3907 0 1777797265 106573
47 755 1373 0 1777797265 107959
46 688 3866 0 1777797265 110440
49 691 14994 0 1777797265 110760
47 756 3469 0 1777797265 111430
46 689 3397 0 1777797265 113839
44 671 18845 0 1777797265 115563
45 746 13607 0 1777797265 115573
46 690 2372 0 1777797265 116215
45 747 4652 0 1777797265 120238
45 748 6708 0 1777797265 126948
44 672 11402 0 1777797265 126976
46 691 16177 0 1777797265 132394
46 692 1399 0 1777797265 133795
44 673 7803 0 1777797265 134781
45 749 8522 0 1777797265 135473
44 674 4390 0 1777797265 139223
46 693 5443 0 1777797265 139240
45 750 3990 0 1777797265 139465
48 786 47842 0 1777797265 141814
44 675 6382 0 1777797265 145623
46 694 7045 0 1777797265 146298
45 751 6908 0 1777797265 146374
48 787 5896 0 1777797265 147712
45 752 2955 0 1777797265 149331
48 788 1626 0 1777797265 149341
46 695 3083 0 1777797265 149383
48 789 4459 0 1777797265 153813
45 753 4726 0 1777797265 154069
46 696 4809 0 1777797265 154194
47 757 43058 0 1777797265 154492
49 692 44195 0 1777797265 154957
46 697 9953 0 1777797265 164149
48 790 10357 0 1777797265 164171
45 754 14442 0 1777797265 168513
47 758 14042 0 1777797265 168535
49 693 13581 0 1777797265 168542
46 698 10258 0 1777797265 174430
48 791 12680 0 1777797265 176875
46 699 2500 0 1777797265 176938
47 759 9313 0 1777797265 177874
49 694 12417 0 1777797265 180988
45 755 12492 0 1777797265 181035
44 676 38348 0 1777797265 183973
46 700 7169 0 1777797265 184109
45 756 5402 0 1777797265 186439
48 792 9565 0 1777797265 186444
49 695 8601 0 1777797265 189604
47 760 12424 0 1777797265 190305
44 677 6479 0 1777797265 190454
46 701 7106 0 1777797265 191216
49 696 2471 0 1777797265 192083
48 793 5969 0 1777797265 192420
46 702 4125 0 1777797265 195343
49 697 5449 0 1777797265 197534
46 703 3967 0 1777797265 199313
48 794 10750 0 1777797265 203173
46 704 4588 0 1777797265 203904
45 757 17808 0 1777797265 204252
49 698 6904 0 1777797265 204440
44 678 15249 0 1777797265 205704
49 699 3220 0 1777797265 207662
46 705 6757 0 1777797265 210662
48 795 7720 0 1777797265 210895
47 761 21120 0 1777797265 211427
46 706 3628 0 1777797265 214292
44 679 13687 0 1777797265 219393
48 796 8543 0 1777797265 219439
49 700 11790 0 1777797265 219454
45 758 17045 0 1777797265 221299
46 707 7423 0 1777797265 221717
47 762 11602 0 1777797265 223031
49 701 5413 0 1777797265 224868
45 759 3608 0 1777797265 224910
44 680 9427 0 1777797265 228822
48 797 9391 0 1777797265 228831
47 763 6419 0 1777797265 229455
46 708 7846 0 1777797265 229565
49 702 4694 0 1777797265 229570
46 709 2255 0 1777797265 231825
47 764 4208 0 1777797265 233665
49 703 4627 0 1777797265 234206
48 798 5732 0 1777797265 234578
49 704 6619 0 1777797265 240829
46 710 9480 0 1777797265 241307
48 799 7391 0 1777797265 241972
46 711 1181 0 1777797265 242490
47 765 12140 0 1777797265 245807
48 800 3857 0 1777797265 245831
46 712 4292 0 1777797265 246784
49 705 6593 0 1777797265 247429
46 713 3834 0 1777797265 250620
44 681 24305 0 1777797265 253136
45 760 28240 0 1777797265 253151
46 714 3035 0 1777797265 253657
49 706 6520 0 1777797265 253953
45 761 2102 0 1777797265 255263
44 682 3053 0 1777797265 256205
46 715 3986 0 1777797265 257646
44 683 5685 0 1777797265 261892
45 762 6634 0 1777797265 261902
47 766 16100 0 1777797265 261910
48 801 16085 0 1777797265 261918
49 707 8255 0 1777797265 262209
46 716 6620 0 1777797265 264268
45 763 3123 0 1777797265 265076
47 767 4909 0 1777797265 266869
48 802 7827 0 1777797265 269795
46 717 7012 0 1777797265 271283
49 708 9869 0 1777797265 272081
45 764 7024 0 1777797265 272102
47 768 6998 0 1777797265 273869
48 803 4356 0 1777797265 274152
44 684 13032 0 1777797265 274951
47 769 1561 0 1777797265 275437
48 804 4584 0 1777797265 278738
44 685 10220 0 1777797265 285176
47 770 9822 0 1777797265 285261
49 709 13331 0 1777797265 285415
45 765 13693 0 1777797265 285796
46 718 14891 0 1777797265 286176
48 805 8307 0 1777797265 287046
44 686 3995 0 1777797265 289179
47 771 3939 0 1777797265 289201
46 719 5114 0 1777797265 291292
44 687 2161 0 1777797265 291343
49 710 12066 0 1777797265 297483
46 720 6221 0 1777797265 297515
44 688 6235 0 1777797265 297581
48 806 11300 0 1777797265 298347
47 772 9730 0 1777797265 298932
45 766 17010 0 1777797265 302808
44 689 5557 0 1777797265 303139
46 721 5669 0 1777797265 303185
48 807 6670 0 1777797265 305019
49 711 8610 0 1777797265 306102
45 767 3622 0 1777797265 306432
47 773 7598 0 1777797265 306532
46 722 3473 0 1777797265 306659
48 808 2341 0 1777797265 307362
46 723 1566 0 1777797265 308228
47 774 2887 0 1777797265 309420
44 690 6778 0 1777797265 309920
49 712 4604 0 1777797265 310708
48 809 3686 0 1777797265 311050
46 724 3570 0 1777797265 311799
44 691 4032 0 1777797265 313953
47 775 6590 0 1777797265 316061
48 810 5042 0 1777797265 316096
49 713 5475 0 1777797265 316185
46 725 4911 0 1777797265 316711
48 811 2704 0 1777797265 318801
44 692 5184 0 1777797265 319141
49 714 3614 0 1777797265 319800
47 776 4503 0 1777797265 320566
49 715 1337 0 1777797265 321139
46 726 4830 0 1777797265 321543
48 812 3057 0 1777797265 321894
47 777 2323 0 1777797265 322899
48 813 1049 0 1777797265 322944
45 768 17042 0 1777797265 323478
44 693 6138 0 1777797265 325280
46 727 4221 0 1777797265 325768
44 694 3872 0 1777797265 329157
48 814 6217 0 1777797265 329162
49 716 8026 0 1777797265 329166
46 728 4507 0 1777797265 330277
45 769 8355 0 1777797265 331835
47 778 9088 0 1777797265 331989
44 695 9348 0 1777797265 338514
49 717 9710 0 1777797265 338885
46 729 8909 0 1777797265 339188
48 815 10023 0 1777797265 339193
47 779 8650 0 1777797265 340640
47 780 2727 0 1777797265 343369
46 730 9005 0 1777797265 348199
44 696 9728 0 1777797265 348244
47 781 7667 0 1777797265 351037
49 718 12153 0 1777797265 351040
46 731 5122 0 1777797265 353337
47 782 2939 0 1777797265 353980
49 719 3936 0 1777797265 354985
44 697 7945 0 1777797265 356190
47 783 2370 0 1777797265 356351
47 784 1449 0 1777797265 357801
49 720 4689 0 1777797265 359677
47 785 5140 0 1777797265 362942
49 721 4052 0 1777797265 363731
44 698 8285 0 1777797265 364477
46 732 11928 0 1777797265 365267
49 722 4716 0 1777797265 368454
48 816 30572 0 1777797265 369782
44 699 5523 0 1777797265 370003
48 817 1852 0 1777797265 371642
49 723 4845 0 1777797265 373302
44 700 3590 0 1777797265 373594
48 818 5957 0 1777797265 377600
45 770 46403 0 1777797265 378241
48 819 1225 0 1777797265 378828
47 786 16671 0 1777797265 379616
48 820 926 0 1777797265 379755
45 771 1646 0 1777797265 379892
48 821 910 0 1777797265 380667
45 772 1061 0 1777797265 380954
47 787 1462 0 1777797265 381080
46 733 17033 0 1777797265 382310
48 822 1652 0 1777797265 382320
45 773 1392 0 1777797265 382347
49 724 14555 0 1777797265 387866
48 823 5600 0 1777797265 387934
45 774 5761 0 1777797265 388109
47 788 10064 0 1777797265 391146
46 734 8933 0 1777797265 391254
48 824 3476 0 1777797265 391411
44 701 22950 0 1777797265 396546
48 825 6449 0 1777797265 397861
45 775 9789 0 1777797265 397899
47 789 7366 0 1777797265 398514
46 735 8940 0 1777797265 400196
44 702 3723 0 1777797265 400271
47 790 3999 0 1777797265 402516
45 776 6092 0 1777797265 403992
48 826 6417 0 1777797265 404285
46 736 5159 0 1777797265 405357
47 791 4403 0 1777797265 406920
48 827 4175 0 1777797265 408464
47 792 1893 0 1777797265 408814
48 828 2104 0 1777797265 410573
47 793 2930 0 1777797265 411747
44 703 11748 0 1777797265 412020
45 777 10352 0 1777797265 414348
48 829 4098 0 1777797265 414677
47 794 2957 0 1777797265 414706
45 778 2589 0 1777797265 416940
44 704 7053 0 1777797265 419075
46 737 14404 0 1777797265 419762
47 795 6205 0 1777797265 420913
44 705 2890 0 1777797265 421967
45 779 6111 0 1777797265 423052
44 706 6030 0 1777797265 428000
44 707 1467 0 1777797265 429470
45 780 9938 0 1777797265 432994
44 708 3850 0 1777797265 433325
46 738 14835 0 1777797265 434600
47 796 13697 0 1777797265 434614
49 725 46752 0 1777797265 434620
46 739 1814 0 1777797265 436435
49 726 1829 0 1777797265 436471
45 781 4078 0 1777797265 437074
47 797 3743 0 1777797265 438376
46 740 2624 0 1777797265 439097
45 782 3460 0 1777797265 440536
47 798 2163 0 1777797265 440542
44 709 7252 0 1777797265 440578
46 741 1856 0 1777797265 440957
49 727 4453 0 1777797265 440963
47 799 4745 0 1777797265 445305
49 728 5082 0 1777797265 446054
45 783 7902 0 1777797265 448445
47 800 5189 0 1777797265 450495
49 729 4874 0 1777797265 450929
48 830 36611 0 1777797265 451290
44 710 11931 0 1777797265 452510
47 801 3946 0 1777797265 454446
48 831 7263 0 1777797265 458554
45 784 13174 0 1777797265 461626
46 742 20876 0 1777797265 461840
47 802 7800 0 1777797265 462248
46 743 1638 0 1777797265 463480
47 803 2899 0 1777797265 465148
48 832 6645 0 1777797265 465202
44 711 13356 0 1777797265 465868
46 744 2355 0 1777797265 465877
46 745 3616 0 1777797265 469504
48 833 5046 0 1777797265 470249
45 785 9998 0 1777797265 471625
44 712 6687 0 1777797265 472565
45 786 1979 0 1777797265 473607
46 746 4253 0 1777797265 473759
44 713 1648 0 1777797265 474215
44 714 1348 0 1777797265 475565
48 834 5550 0 1777797265 475801
48 835 1512 0 1777797265 477315
44 715 2648 0 1777797265 478216
46 747 6055 0 1777797265 479815
48 836 2963 0 1777797265 480284
46 748 1395 0 1777797265 481213
46 749 3735 0 1777797265 484951
45 787 11712 0 1777797265 485321
48 837 5042 0 1777797265 485328
44 716 7478 0 1777797265 485697
47 804 21433 0 1777797265 486583
49 730 35659 0 1777797265 486590
46 750 6801 0 1777797265 491760
45 788 6638 0 1777797265 491967
48 838 6637 0 1777797265 491971
44 717 8151 0 1777797265 493850
48 839 4732 0 1777797265 496709
44 718 2963 0 1777797265 496817
49 731 11127 0 1777797265 497729
46 751 6543 0 1777797265 498305
46 752 938 0 1777797265 499249
44 719 3499 0 1777797265 500319
49 732 3530 0 1777797265 501260
46 753 2092 0 1777797265 501343
45 789 10156 0 1777797265 502127
45 790 4270 0 1777797265 506399
46 754 5918 0 1777797265 507263
48 840 11640 0 1777797265 508351
44 720 8898 0 1777797265 509228
45 791 4581 0 1777797265 510983
46 755 3908 0 1777797265 511174
44 721 3837 0 1777797265 513066
48 841 4750 0 1777797265 513107
45 792 5335 0 1777797265 516320
47 805 31445 0 1777797265 518036
44 722 6256 0 1777797265 519364
49 733 18239 0 1777797265 519502
47 806 2246 0 1777797265 520288
44 723 2386 0 1777797265 521760
46 756 10953 0 1777797265 522129
47 807 3678 0 1777797265 523968
49 734 4473 0 1777797265 523976
44 724 3235 0 1777797265 524997
48 842 16609 0 1777797265 529736
44 725 5108 0 1777797265 530106
47 808 8084 0 1777797265 532061
49 735 8092 0 1777797265 532079
44 726 3718 0 1777797265 533826
46 757 13429 0 1777797265 535559
44 727 4673 0 1777797265 538500
47 809 7552 0 1777797265 539615
45 793 23818 0 1777797265 540143
49 736 8234 0 1777797265 540314
44 728 4916 0 1777797265 543419
46 758 8342 0 1777797265 543904
47 810 4871 0 1777797265 544488
45 794 4823 0 1777797265 544968
46 759 1485 0 1777797265 545390
44 729 4243 0 1777797265 547664
45 795 2709 0 1777797265 547678
49 737 7424 0 1777797265 547739
47 811 5122 0 1777797265 549614
44 730 3575 0 1777797265 551255
49 738 5726 0 1777797265 553467
47 812 5025 0 1777797265 554640
48 843 24999 0 1777797265 554737
44 731 5407 0 1777797265 556665
47 813 2067 0 1777797265 556709
44 732 3516 0 1777797265 560182
44 733 1541 0 1777797265 561731
45 796 14374 0 1777797265 562065
48 844 10358 0 1777797265 565097
44 734 5787 0 1777797265 567521
49 739 14602 0 1777797265 568072
44 735 3047 0 1777797265 570572
45 797 8511 0 1777797265 570577
46 760 25935 0 1777797265 571328
45 798 2787 0 1777797265 573371
44 736 3461 0 1777797265 574039
48 845 9016 0 1777797265 574120
48 846 866 0 1777797265 574987
46 761 4653 0 1777797265 575984
44 737 2054 0 1777797265 576098
48 847 1159 0 1777797265 576147
45 799 3383 0 1777797265 576757
46 762 3245 0 1777797265 579231
45 800 3038 0 1777797265 579797
47 814 23587 0 1777797265 580298
48 848 5296 0 1777797265 581444
46 763 3615 0 1777797265 582849
47 815 2576 0 1777797265 582875
45 801 3149 0 1777797265 582948
44 738 6866 0 1777797265 582965
48 849 2276 0 1777797265 583722
46 764 2223 0 1777797265 585075
48 850 2548 0 1777797265 586271
45 802 3754 0 1777797265 586703
47 816 4133 0 1777797265 587010
44 739 4754 0 1777797265 587720
46 765 5668 0 1777797265 590745
45 803 4596 0 1777797265 591302
44 740 8280 0 1777797265 596002
47 817 9438 0 1777797265 596450
45 804 6641 0 1777797265 597945
44 741 2252 0 1777797265 598256
48 851 13216 0 1777797265 599490
47 818 3199 0 1777797265 599652
44 742 6627 0 1777797265 604885
47 819 5238 0 1777797265 604891
45 805 10157 0 1777797265 608103
45 806 1197 0 1777797265 609302
44 743 5498 0 1777797265 610390
47 820 6719 0 1777797265 611620
48 852 12642 0 1777797265 612134
49 740 45236 0 1777797265 613311
44 744 4077 0 1777797265 614472
45 807 6056 0 1777797265 615360
47 821 3750 0 1777797265 615372
48 853 3461 0 1777797265 615597
48 854 1602 0 1777797265 617202
45 808 1911 0 1777797265 617284
46 766 27430 0 1777797265 618179
44 745 4012 0 1777797265 618487
47 822 3873 0 1777797265 619262
48 855 2761 0 1777797265 619964
46 767 1808 0 1777797265 619989
44 746 2936 0 1777797265 621425
47 823 2181 0 1777797265 621450
45 809 4443 0 1777797265 621728
46 768 2565 0 1777797265 622555
47 824 8647 0 1777797265 630099
44 747 9415 0 1777797265 630844
45 810 9421 0 1777797265 631151
47 825 2305 0 1777797265 632406
46 769 9937 0 1777797265 632497
44 748 8048 0 1777797265 638897
47 826 6976 0 1777797265 639385
44 749 2583 0 1777797265 641483
47 827 2245 0 1777797265 641634
48 856 21689 0 1777797265 641655
44 750 2877 0 1777797265 644363
49 741 31598 0 1777797265 644964
48 857 5105 0 1777797265 646761
47 828 8901 0 1777797265 650537
49 742 5581 0 1777797265 650547
45 811 23842 0 1777797265 654995
46 770 22511 0 1777797265 655010
49 743 5474 0 1777797265 656034
44 751 11757 0 1777797265 656122
48 858 9618 0 1777797265 656386
47 829 6216 0 1777797265 656764
45 812 1770 0 1777797265 656782
45 813 2116 0 1777797265 658899
48 859 5233 0 1777797265 661621
44 752 5561 0 1777797265 661685
49 744 5653 0 1777797265 661691
47 830 4991 0 1777797265 661758
46 771 7006 0 1777797265 662027
45 814 7370 0 1777797265 666272
47 831 4731 0 1777797265 666490
48 860 6618 0 1777797265 668241
44 753 8172 0 1777797265 669864
46 772 8082 0 1777797265 670110
49 745 8683 0 1777797265 670381
46 773 4578 0 1777797265 674691
47 832 8220 0 1777797265 674711
45 815 10016 0 1777797265 676290
49 746 6365 0 1777797265 676747
46 774 3618 0 1777797265 678310
48 861 13252 0 1777797265 681494
47 833 10729 0 1777797265 685441
44 754 15650 0 1777797265 685517
46 775 7330 0 1777797265 685642
49 747 11286 0 1777797265 688035
45 816 12985 0 1777797265 689278
44 755 8703 0 1777797265 694222
46 776 8583 0 1777797265 694227
48 862 14951 0 1777797265 696447
47 834 12509 0 1777797265 697957
49 748 10339 0 1777797265 698376
45 817 11397 0 1777797265 700677
46 777 7755 0 1777797265 701990
44 756 10047 0 1777797265 704274
49 749 5938 0 1777797265 704315
47 835 10313 0 1777797265 708275
48 863 13659 0 1777797265 710107
46 778 8813 0 1777797265 710804
49 750 6750 0 1777797265 711065
44 757 13356 0 1777797265 717632
45 818 16969 0 1777797265 717649
47 836 9450 0 1777797265 717727
46 779 10143 0 1777797265 720948
48 864 10853 0 1777797265 720962
49 751 9898 0 1777797265 720965
49 752 6288 0 1777797265 727258
44 758 18216 0 1777797265 735866
45 819 18214 0 1777797265 735883
48 865 15189 0 1777797265 736155
47 837 20284 0 1777797265 738013
49 753 11331 0 1777797265 738590
46 780 17683 0 1777797265 738632
44 759 6526 0 1777797265 742411
45 820 6496 0 1777797265 742415
48 866 6497 0 1777797265 742653
47 838 14908 0 1777797265 752927
44 760 12107 0 1777797265 754522
45 821 12137 0 1777797265 754557
46 781 16014 0 1777797265 754647
49 754 16073 0 1777797265 754665
47 839 7823 0 1777797265 760751
48 867 18117 0 1777797265 760771
49 755 10720 0 1777797265 765395
44 761 15636 0 1777797265 770224
45 822 19230 0 1777797265 773837
47 840 13089 0 1777797265 773862
48 868 13851 0 1777797265 774631
46 782 20036 0 1777797265 774702
48 869 4862 0 1777797265 779499
46 783 7597 0 1777797265 782301
44 762 19090 0 1777797265 789316
48 870 9996 0 1777797265 789498
47 841 15815 0 1777797265 789678
46 784 9506 0 1777797265 791813
47 842 5738 0 1777797265 795417
46 785 4733 0 1777797265 796548
49 756 31163 0 1777797265 796559
48 871 7821 0 1777797265 797320
47 843 11382 0 1777797265 806801
45 823 32990 0 1777797265 806831
49 757 10331 0 1777797265 806901
48 872 11623 0 1777797265 808948
46 786 12429 0 1777797265 808989
44 763 20339 0 1777797265 809657
47 844 5129 0 1777797265 811932
48 873 2991 0 1777797265 811940
48 874 2867 0 1777797265 814828
46 787 7372 0 1777797265 816362
44 764 10332 0 1777797265 819994
49 758 14130 0 1777797265 821032
47 845 11053 0 1777797265 822994
46 788 6906 0 1777797265 823270
49 759 4706 0 1777797265 825739
44 765 6421 0 1777797265 826419
49 760 2438 0 1777797265 828223
49 761 1092 0 1777797265 829318
44 766 4850 0 1777797265 831274
46 789 8062 0 1777797265 831336
49 762 2973 0 1777797265 832292
46 790 3944 0 1777797265 835281
45 824 29859 0 1777797265 836693
49 763 6143 0 1777797265 838437
46 791 4200 0 1777797265 839483
44 767 8315 0 1777797265 839591
49 764 1243 0 1777797265 839682
49 765 3508 0 1777797265 843192
46 792 3831 0 1777797265 843316
44 768 3873 0 1777797265 843465
48 875 28651 0 1777797265 843481
45 825 18002 0 1777797265 854704
49 766 11534 0 1777797265 854728
48 876 11580 0 1777797265 855062
49 767 1074 0 1777797265 855803
49 768 2537 0 1777797265 858346
48 877 3629 0 1777797265 858692
44 769 17074 0 1777797265 860541
46 793 17417 0 1777797265 860734
48 878 2174 0 1777797265 860868
47 846 38087 0 1777797265 861082
45 826 8695 0 1777797265 863402
47 847 5221 0 1777797265 866305
46 794 7238 0 1777797265 867973
46 795 1041 0 1777797265 869016
49 769 12505 0 1777797265 870853
47 848 4971 0 1777797265 871278
46 796 4695 0 1777797265 873715
48 879 16574 0 1777797265 877443
48 880 2599 0 1777797265 880044
47 849 9371 0 1777797265 880651
46 797 7192 0 1777797265 880910
45 827 18978 0 1777797265 882382
47 850 1753 0 1777797265 882405
49 770 12789 0 1777797265 883644
44 770 23313 0 1777797265 883867
46 798 4581 0 1777797265 885494
48 881 5479 0 1777797265 885524
47 851 5271 0 1777797265 887677
49 771 5143 0 1777797265 888791
48 882 3842 0 1777797265 889367
49 772 1822 0 1777797265 890615
44 771 6965 0 1777797265 890835
44 772 3337 0 1777797265 894174
45 828 11947 0 1777797265 894331
47 852 6656 0 1777797265 894338
49 773 3723 0 1777797265 894345
45 829 17105 0 1777797265 911452
48 883 22188 0 1777797265 911556
47 853 18094 0 1777797265 912460
46 799 29056 0 1777797265 914554
44 773 20507 0 1777797265 914690
49 774 21221 0 1777797265 915593
47 854 9986 0 1777797265 922447
49 775 7085 0 1777797265 922680
44 774 8674 0 1777797265 923366
46 800 8876 0 1777797265 923439
48 884 12992 0 1777797265 924549
46 801 5477 0 1777797265 928917
47 855 8071 0 1777797265 930522
44 775 7234 0 1777797265 930602
49 776 7985 0 1777797265 930666
48 885 6855 0 1777797265 931406
45 830 23731 0 1777797265 935185
46 802 6296 0 1777797265 935215
44 776 5466 0 1777797265 936070
48 886 4669 0 1777797265 936077
45 831 3282 0 1777797265 938469
46 803 3582 0 1777797265 938798
47 856 8282 0 1777797265 938806
46 804 2063 0 1777797265 940871
45 832 5215 0 1777797265 943686
49 777 15263 0 1777797265 945930
44 777 10048 0 1777797265 946127
46 805 5583 0 1777797265 946455
47 857 7653 0 1777797265 946482
48 887 10456 0 1777797265 946549
45 833 5809 0 1777797265 949498
48 888 2995 0 1777797265 949623
44 778 3527 0 1777797265 949655
49 778 8314 0 1777797265 954246
44 779 5112 0 1777797265 954768
48 889 5152 0 1777797265 954777
47 858 13912 0 1777797265 960395
49 779 6157 0 1777797265 960404
45 834 12353 0 1777797265 961859
46 806 15637 0 1777797265 962093
48 890 7499 0 1777797265 962286
44 780 7558 0 1777797265 962336
49 780 4607 0 1777797265 965032
48 891 3128 0 1777797265 965416
44 781 5004 0 1777797265 967341
47 859 6943 0 1777797265 967348
49 781 4408 0 1777797265 969442
46 807 9352 0 1777797265 971448
44 782 4547 0 1777797265 971896
47 860 4547 0 1777797265 971903
48 892 6524 0 1777797265 971941
48 893 2397 0 1777797265 974340
44 783 4540 0 1777797265 976444
45 835 15530 0 1777797265 977391
47 861 5687 0 1777797265 977601
48 894 4943 0 1777797265 979285
49 782 9850 0 1777797265 979294
46 808 7890 0 1777797265 979341
44 784 3647 0 1777797265 980094
46 809 3061 0 1777797265 982404
48 895 3566 0 1777797265 982861
49 783 4565 0 1777797265 983870
44 785 6540 0 1777797265 986635
47 862 9824 0 1777797265 987426
45 836 10729 0 1777797265 988123
46 810 9163 0 1777797265 991569
47 863 4166 0 1777797265 991594
49 784 8150 0 1777797265 992020
44 786 9305 0 1777797265 995943
48 896 13086 0 1777797265 995950
47 864 5317 0 1777797265 996912
49 785 5281 0 1777797265 997302
46 811 11185 0 1777797266 2758
45 837 14847 0 1777797266 2972
48 897 8284 0 1777797266 4243
47 865 7403 0 1777797266 4319
49 786 7021 0 1777797266 4324
44 787 8399 0 1777797266 4349
46 812 5357 0 1777797266 8118
48 898 3873 0 1777797266 8164
45 838 11296 0 1777797266 14269
49 787 9942 0 1777797266 14277
48 899 6720 0 1777797266 14886
44 788 11124 0 1777797266 15474
47 866 11156 0 1777797266 15481
46 813 13182 0 1777797266 21302
49 788 7118 0 1777797266 21405
47 867 6353 0 1777797266 21841
44 789 7407 0 1777797266 22888
48 900 8156 0 1777797266 23043
45 839 9137 0 1777797266 23415
46 814 7576 0 1777797266 28886
49 789 7507 0 1777797266 28914
45 840 5544 0 1777797266 28960
47 868 7351 0 1777797266 29196
44 790 6362 0 1777797266 29255
48 901 6616 0 1777797266 29661
47 869 2825 0 1777797266 32022
46 815 6812 0 1777797266 35727
49 790 7969 0 1777797266 36896
46 816 2522 0 1777797266 38251
47 870 6515 0 1777797266 38539
44 791 9859 0 1777797266 39115
45 841 11356 0 1777797266 40318
45 842 2990 0 1777797266 43312
48 902 14063 0 1777797266 43725
44 792 5470 0 1777797266 44587
49 791 8205 0 1777797266 45103
47 871 8280 0 1777797266 46821
49 792 9124 0 1777797266 54229
44 793 10659 0 1777797266 55251
45 843 14463 0 1777797266 57778
45 844 1663 0 1777797266 59444
44 794 4482 0 1777797266 59739
48 903 16031 0 1777797266 59758
49 793 6821 0 1777797266 61053
47 872 15003 0 1777797266 61829
45 845 27954 0 1777797266 87399
48 904 27772 0 1777797266 87531
49 794 27396 0 1777797266 88455
47 873 28700 0 1777797266 90533
48 905 3583 0 1777797266 91115
48 906 5060 0 1777797266 96178
49 795 7822 0 1777797266 96279
47 874 6088 0 1777797266 96624
44 795 38433 0 1777797266 98174
45 846 11094 0 1777797266 98503
49 796 3426 0 1777797266 99707
47 875 10026 0 1777797266 106652
48 907 10633 0 1777797266 106819
46 817 68594 0 1777797266 106848
47 876 9694 0 1777797266 116349
48 908 16211 0 1777797266 123031
45 847 24771 0 1777797266 123276
46 818 16630 0 1777797266 123480
47 877 13522 0 1777797266 129876
49 797 32568 0 1777797266 132278
44 796 40923 0 1777797266 139104
46 819 16915 0 1777797266 140396
48 909 18357 0 1777797266 141391
45 848 21734 0 1777797266 145011
45 849 10680 0 1777797266 155696
47 878 25822 0 1777797266 155700
48 910 14698 0 1777797266 156092
49 798 23828 0 1777797266 156107
46 820 15870 0 1777797266 156273
44 797 17736 0 1777797266 156848
47 879 3278 0 1777797266 158986
45 850 5411 0 1777797266 161111
46 821 18167 0 1777797266 174440
48 911 18342 0 1777797266 174451
49 799 18339 0 1777797266 174458
44 798 18721 0 1777797266 175570
45 851 19626 0 1777797266 180740
47 880 21762 0 1777797266 180749
46 822 16629 0 1777797266 191088
48 912 16627 0 1777797266 191097
49 800 16624 0 1777797266 191101
44 799 26847 0 1777797266 202418
47 881 27131 0 1777797266 207894
45 852 30812 0 1777797266 211563
46 823 24069 0 1777797266 215171
48 913 24072 0 1777797266 215183
49 801 24464 0 1777797266 215580
44 800 22596 0 1777797266 225017
47 882 17259 0 1777797266 225154
45 853 20186 0 1777797266 231755
46 824 16576 0 1777797266 231761
49 802 16184 0 1777797266 231766
48 914 16960 0 1777797266 232172
44 801 21044 0 1777797266 246199
46 825 18615 0 1777797266 250390
47 883 25446 0 1777797266 250626
45 854 24564 0 1777797266 256330
48 915 24168 0 1777797266 256341
49 803 29117 0 1777797266 260897
44 802 28938 0 1777797266 275140
46 826 24999 0 1777797266 275627
47 884 24946 0 1777797266 275639
48 916 24975 0 1777797266 281331
45 855 29485 0 1777797266 285827
49 804 24942 0 1777797266 285844
44 803 16627 0 1777797266 292267
46 827 16627 0 1777797266 292277
47 885 16626 0 1777797266 292282
48 917 13813 0 1777797266 295146
45 856 21730 0 1777797266 307575
46 828 15285 0 1777797266 307582
47 886 15285 0 1777797266 307587
49 805 21709 0 1777797266 307593
44 804 16167 0 1777797266 308450
48 918 13312 0 1777797266 308459
44 805 13217 0 1777797266 321677
45 857 14093 0 1777797266 321686
46 829 14094 0 1777797266 321695
47 887 14097 0 1777797266 321703
48 919 13238 0 1777797266 321711
49 806 14105 0 1777797266 321717
44 806 5873 0 1777797266 327591
46 830 5855 0 1777797266 327599
48 920 5842 0 1777797266 327605
44 807 16445 0 1777797266 344050
45 858 22340 0 1777797266 344075
46 831 16457 0 1777797266 344079
47 888 22328 0 1777797266 344082
48 921 16424 0 1777797266 344086
49 807 22318 0 1777797266 344090
44 808 19368 0 1777797266 363459
45 859 19367 0 1777797266 363464
46 832 19366 0 1777797266 363468
47 889 19365 0 1777797266 363471
48 922 19364 0 1777797266 363475
49 808 19363 0 1777797266 363478
44 809 19000 0 1777797266 382478
46 833 18997 0 1777797266 382485
47 890 18998 0 1777797266 382490
48 923 18999 0 1777797266 382494
49 809 18998 0 1777797266 382499
45 860 31839 0 1777797266 395323
44 810 24592 0 1777797266 407091
46 834 24601 0 1777797266 407110
47 891 24602 0 1777797266 407117
48 924 24604 0 1777797266 407124
49 810 24604 0 1777797266 407130
44 811 15641 0 1777797266 422772
45 861 27583 0 1777797266 422920
46 835 15789 0 1777797266 422948
47 892 15787 0 1777797266 422956
48 925 15778 0 1777797266 422962
49 811 15778 0 1777797266 422970
44 812 13031 0 1777797266 436002
45 862 12976 0 1777797266 436009
46 836 13083 0 1777797266 436240
47 893 13024 0 1777797266 436246
48 926 13018 0 1777797266 436250
49 812 15611 0 1777797266 438851
44 813 20013 0 1777797266 456264
45 863 20012 0 1777797266 456292
46 837 20010 0 1777797266 456301
47 894 20008 0 1777797266 456307
48 927 20016 0 1777797266 456322
44 814 6790 0 1777797266 463115
45 864 6768 0 1777797266 463130
46 838 6765 0 1777797266 463137
47 895 6764 0 1777797266 463143
48 928 6761 0 1777797266 463149
49 813 24299 0 1777797266 463155
47 896 7772 0 1777797266 470969
44 815 9461 0 1777797266 472618
45 865 9472 0 1777797266 472643
46 839 9465 0 1777797266 472652
48 929 9456 0 1777797266 472660
49 814 9475 0 1777797266 472686
44 816 13473 0 1777797266 486160
45 866 13456 0 1777797266 486168
46 840 13448 0 1777797266 486175
47 897 15209 0 1777797266 486180
48 930 13449 0 1777797266 486186
49 815 13440 0 1777797266 486192
44 817 10035 0 1777797266 496228
45 867 10062 0 1777797266 496276
46 841 10054 0 1777797266 496283
47 898 9892 0 1777797266 496303
48 931 9886 0 1777797266 496310
49 816 9884 0 1777797266 496316
44 818 17830 0 1777797266 514147
45 868 17825 0 1777797266 514152
46 842 17822 0 1777797266 514156
47 899 17818 0 1777797266 514159
48 932 17814 0 1777797266 514163
49 817 17809 0 1777797266 514166
44 819 10835 0 1777797266 525002
45 869 10836 0 1777797266 525009
46 843 10837 0 1777797266 525014
48 933 10832 0 1777797266 525018
49 818 10833 0 1777797266 525022
47 900 17861 0 1777797266 532042
46 844 12801 0 1777797266 537840
49 819 24905 0 1777797266 549953
45 870 34050 0 1777797266 559082
48 934 34060 0 1777797266 559103
46 845 25992 0 1777797266 563834
46 846 5152 0 1777797266 568988
46 847 5678 0 1777797266 574668
46 848 4188 0 1777797266 578860
49 820 29254 0 1777797266 579211
46 849 4543 0 1777797266 583407
49 821 11661 0 1777797266 590873
46 850 9258 0 1777797266 592670
49 822 7119 0 1777797266 597997
46 851 10853 0 1777797266 603524
49 823 6593 0 1777797266 604592
45 871 55239 0 1777797266 614343
44 820 90927 0 1777797266 615950
48 935 58486 0 1777797266 617631
45 872 25403 0 1777797266 639748
48 936 23443 0 1777797266 641081
45 873 2386 0 1777797266 642140
48 937 2885 0 1777797266 643971
45 874 8053 0 1777797266 650198
47 901 118153 0 1777797266 650203
44 821 41375 0 1777797266 657326
45 875 12293 0 1777797266 662496
46 852 59206 0 1777797266 662732
47 902 12531 0 1777797266 662741
48 938 18770 0 1777797266 662745
49 824 58155 0 1777797266 662748
44 822 10872 0 1777797266 668200
45 876 16648 0 1777797266 679398
46 853 16655 0 1777797266 679409
47 903 16657 0 1777797266 679417
48 939 16658 0 1777797266 679423
44 823 14030 0 1777797266 682231
49 825 19526 0 1777797266 682295
45 877 9120 0 1777797266 688544
46 854 13136 0 1777797266 692714
47 904 13141 0 1777797266 692730
48 940 13133 0 1777797266 692737
49 826 16134 0 1777797266 698444
44 824 16169 0 1777797266 698466
45 878 19016 0 1777797266 707561
48 941 16468 0 1777797266 709239
44 825 25517 0 1777797266 723983
49 827 25539 0 1777797266 723988
45 879 23746 0 1777797266 731316
46 855 38589 0 1777797266 731327
47 905 38570 0 1777797266 731331
48 942 22166 0 1777797266 731405
49 828 30398 0 1777797266 754414
45 880 23048 0 1777797266 754453
46 856 25260 0 1777797266 756674
44 826 36558 0 1777797266 760548
47 906 29135 0 1777797266 760554
48 943 29133 0 1777797266 760558
46 857 12461 0 1777797266 769141
47 907 8580 0 1777797266 769146
49 829 14727 0 1777797266 769150
45 881 17892 0 1777797266 772346
48 944 12962 0 1777797266 773533
44 827 16268 0 1777797266 776826
47 908 26715 0 1777797266 795872
45 882 33732 0 1777797266 806080
48 945 35597 0 1777797266 809212
49 830 46541 0 1777797266 815702
46 858 54819 0 1777797266 823969
44 828 67691 0 1777797266 844540
48 946 39841 0 1777797266 849066
45 883 47000 0 1777797266 853083
45 884 20479 0 1777797266 873563
44 829 40931 0 1777797266 885473
46 859 65129 0 1777797266 889100
48 947 40036 0 1777797266 889108
49 831 79339 0 1777797266 895043
47 909 100052 0 1777797266 895925
47 910 11575 0 1777797266 907503
44 830 24473 0 1777797266 909948
45 885 36416 0 1777797266 909980
46 860 21049 0 1777797266 910157
48 948 21054 0 1777797266 910171
49 832 15143 0 1777797266 910188
47 911 10866 0 1777797266 918370
46 861 12264 0 1777797266 922471
49 833 12256 0 1777797266 922479
44 831 18637 0 1777797266 928826
45 886 18632 0 1777797266 928832
48 949 18626 0 1777797266 928837
47 912 11207 0 1777797266 929587
44 832 9959 0 1777797266 938796
48 950 9946 0 1777797266 938801
45 887 15803 0 1777797266 944652
49 834 22182 0 1777797266 944675
46 862 27654 0 1777797266 950134
44 833 14045 0 1777797266 952847
47 913 23270 0 1777797266 952858
48 951 14097 0 1777797266 952908
45 888 11130 0 1777797266 955807
49 835 10109 0 1777797266 955825
44 834 13769 0 1777797266 966677
45 889 10862 0 1777797266 966688
46 863 16560 0 1777797266 966696
47 914 13788 0 1777797266 966705
48 952 13771 0 1777797266 966713
49 836 10844 0 1777797266 966720
44 835 8492 0 1777797266 975234
46 864 8487 0 1777797266 975246
48 953 8481 0 1777797266 975252
49 837 8483 0 1777797266 975258
45 890 9480 0 1777797266 976233
47 915 9496 0 1777797266 976260
46 865 5096 0 1777797266 980370
48 954 5097 0 1777797266 980379
44 836 6610 0 1777797266 981869
47 916 8640 0 1777797266 984925
49 838 9646 0 1777797266 984936
45 891 9598 0 1777797266 985859
44 837 5439 0 1777797266 987310
48 955 6957 0 1777797266 987348
46 866 7173 0 1777797266 987553
47 917 5797 0 1777797266 990734
45 892 7157 0 1777797266 993019
49 839 9455 0 1777797266 994405
46 867 7170 0 1777797266 994724
44 838 10662 0 1777797266 998011
47 918 7290 0 1777797266 998025
48 956 10582 0 1777797266 998029
49 840 6869 0 1777797267 1278
45 893 8824 0 1777797267 1848
46 868 7127 0 1777797267 1853
48 957 9842 0 1777797267 7877
44 839 10932 0 1777797267 8944
46 869 8567 0 1777797267 10427
45 894 9756 0 1777797267 11610
47 919 13586 0 1777797267 11615
49 841 10338 0 1777797267 11618
44 840 6759 0 1777797267 15705
48 958 7829 0 1777797267 15712
46 870 5646 0 1777797267 16074
45 895 10517 0 1777797267 22135
47 920 10517 0 1777797267 22142
49 842 11690 0 1777797267 23319
48 959 13696 0 1777797267 29417
44 841 14049 0 1777797267 29761
44 842 16689 0 1777797267 46451
46 871 30384 0 1777797267 46459
47 921 24318 0 1777797267 46467
48 960 17055 0 1777797267 46474
49 843 23161 0 1777797267 46481
44 843 2967 0 1777797267 49448
45 896 27313 0 1777797267 49456
48 961 2947 0 1777797267 49461
49 844 2944 0 1777797267 49467
47 922 7660 0 1777797267 54158
44 844 8396 0 1777797267 57864
48 962 8371 0 1777797267 57872
49 845 8370 0 1777797267 57878
45 897 12384 0 1777797267 61876
47 923 7721 0 1777797267 61881
46 872 25112 0 1777797267 71602
44 845 18916 0 1777797267 76795
45 898 14920 0 1777797267 76802
47 924 14919 0 1777797267 76808
48 963 19862 0 1777797267 77762
47 925 3225 0 1777797267 80048
49 846 22153 0 1777797267 80062
48 964 10994 0 1777797267 88757
44 846 15038 0 1777797267 91847
47 926 11794 0 1777797267 91857
49 847 11840 0 1777797267 91917
45 899 20112 0 1777797267 96929
47 927 4875 0 1777797267 96936
49 848 4860 0 1777797267 96944
45 900 7720 0 1777797267 104665
47 928 7718 0 1777797267 104673
48 965 18325 0 1777797267 107087
49 849 10186 0 1777797267 107147
46 873 37168 0 1777797267 108772
47 929 11013 0 1777797267 115731
49 850 8585 0 1777797267 115743
49 851 4276 0 1777797267 120036
46 874 15959 0 1777797267 124734
47 930 9008 0 1777797267 124753
48 966 17614 0 1777797267 124762
49 852 4728 0 1777797267 124767
44 847 39076 0 1777797267 130995
44 848 6528 0 1777797267 137529
46 875 12784 0 1777797267 137552
47 931 12748 0 1777797267 137560
48 967 12744 0 1777797267 137566
49 853 12741 0 1777797267 137572
45 901 35822 0 1777797267 140497
44 849 8368 0 1777797267 145941
46 876 8368 0 1777797267 145958
47 932 8358 0 1777797267 145965
48 968 8316 0 1777797267 145972
49 854 8314 0 1777797267 145978
44 850 10913 0 1777797267 156892
45 902 16766 0 1777797267 157273
46 877 11690 0 1777797267 157690
47 933 11689 0 1777797267 157698
49 855 11681 0 1777797267 157705
48 969 11921 0 1777797267 157938
44 851 7429 0 1777797267 164325
45 903 12835 0 1777797267 170110
44 852 7452 0 1777797267 171779
46 878 20436 0 1777797267 178142
47 934 20433 0 1777797267 178148
49 856 20429 0 1777797267 178152
44 853 17641 0 1777797267 189428
45 904 19323 0 1777797267 189436
48 970 31502 0 1777797267 189442
47 935 12291 0 1777797267 190451
46 879 14232 0 1777797267 192385
45 905 5636 0 1777797267 195087
49 857 16934 0 1777797267 195098
45 906 6660 0 1777797267 201765
46 880 9381 0 1777797267 201774
44 854 16014 0 1777797267 205456
46 881 7059 0 1777797267 208844
47 936 18399 0 1777797267 208851
49 858 13733 0 1777797267 208856
44 855 4297 0 1777797267 209757
45 907 10169 0 1777797267 211945
45 908 6157 0 1777797267 218104
44 856 10672 0 1777797267 220432
46 882 15820 0 1777797267 224677
49 859 15903 0 1777797267 224826
46 883 3400 0 1777797267 228081
49 860 8744 0 1777797267 233571
45 909 16487 0 1777797267 234599
45 910 10787 0 1777797267 245392
49 861 12805 0 1777797267 246382
47 937 40651 0 1777797267 249539
48 971 66556 0 1777797267 256048
46 884 32287 0 1777797267 260374
44 857 40875 0 1777797267 261309
49 862 15040 0 1777797267 261424
45 911 16676 0 1777797267 262069
44 858 10933 0 1777797267 272250
47 938 22726 0 1777797267 272266
49 863 10847 0 1777797267 272273
48 972 16980 0 1777797267 273030
44 859 5063 0 1777797267 277337
45 912 15276 0 1777797267 277351
47 939 6345 0 1777797267 278712
48 973 6175 0 1777797267 279206
44 860 10225 0 1777797267 287578
46 885 27212 0 1777797267 287588
47 940 8882 0 1777797267 287596
48 974 8394 0 1777797267 287602
47 941 3802 0 1777797267 291517
44 861 4125 0 1777797267 291728
46 886 5790 0 1777797267 293403
48 975 7116 0 1777797267 294854
47 942 3528 0 1777797267 295047
44 862 3573 0 1777797267 295303
46 887 5069 0 1777797267 298477
48 976 6664 0 1777797267 301520
49 864 29936 0 1777797267 302313
46 888 4341 0 1777797267 302820
49 865 3902 0 1777797267 306221
46 889 4578 0 1777797267 307399
49 866 1685 0 1777797267 307911
45 913 38018 0 1777797267 315382
46 890 8898 0 1777797267 316299
44 863 22341 0 1777797267 317646
45 914 15473 0 1777797267 330857
49 867 22974 0 1777797267 330886
46 891 26934 0 1777797267 343235
47 943 48196 0 1777797267 343245
44 864 26828 0 1777797267 344476
48 977 42960 0 1777797267 344484
45 915 26707 0 1777797267 357594
44 865 13207 0 1777797267 357701
45 916 14627 0 1777797267 372226
47 944 28971 0 1777797267 372233
48 978 27715 0 1777797267 372239
46 892 30212 0 1777797267 373459
49 868 42734 0 1777797267 373632
48 979 3031 0 1777797267 375290
45 917 3127 0 1777797267 375367
44 866 19024 0 1777797267 376727
46 893 6518 0 1777797267 379978
48 980 6529 0 1777797267 381822
45 918 7238 0 1777797267 382608
44 867 6882 0 1777797267 383613
47 945 11372 0 1777797267 383624
46 894 5397 0 1777797267 385377
48 981 5581 0 1777797267 387407
47 946 5237 0 1777797267 388874
46 895 4655 0 1777797267 390034
44 868 10616 0 1777797267 394240
45 919 11637 0 1777797267 394248
48 982 8424 0 1777797267 395833
46 896 8238 0 1777797267 398275
46 897 11608 0 1777797267 409886
47 947 21018 0 1777797267 409895
49 869 36267 0 1777797267 409900
45 920 16159 0 1777797267 410522
48 983 16038 0 1777797267 411873
47 948 6964 0 1777797267 416878
47 949 10607 0 1777797267 427487
45 921 18470 0 1777797267 428994
45 922 10099 0 1777797267 439095
45 923 2170 0 1777797267 441266
47 950 14907 0 1777797267 442396
47 951 2446 0 1777797267 444844
44 869 51971 0 1777797267 446220
48 984 34290 0 1777797267 446227
49 870 36854 0 1777797267 446775
46 898 79101 0 1777797267 489002
45 924 51969 0 1777797267 493236
44 870 87144 0 1777797267 533372
46 899 44374 0 1777797267 533378
47 952 88536 0 1777797267 533381
48 985 87149 0 1777797267 533385
49 871 86612 0 1777797267 533388
45 925 48819 0 1777797267 542056
44 871 12890 0 1777797267 546279
47 953 14637 0 1777797267 548035
44 872 8088 0 1777797267 554369
47 954 6358 0 1777797267 554394
47 955 3488 0 1777797267 557929
49 872 27525 0 1777797267 560932
47 956 3988 0 1777797267 561924
46 900 31989 0 1777797267 565383
47 957 5926 0 1777797267 567852
48 986 38426 0 1777797267 571827
47 958 7023 0 1777797267 574877
46 901 10567 0 1777797267 575952
49 873 17526 0 1777797267 578463
46 902 6270 0 1777797267 582225
48 987 11291 0 1777797267 583127
44 873 35445 0 1777797267 589840
45 926 47800 0 1777797267 589858
47 959 15761 0 1777797267 590646
46 903 11049 0 1777797267 593276
48 988 20723 0 1777797267 603851
47 960 13448 0 1777797267 604095
46 904 12856 0 1777797267 606133
49 874 29254 0 1777797267 607718
46 905 4719 0 1777797267 610858
45 927 22468 0 1777797267 612326
48 989 8481 0 1777797267 612334
44 874 25852 0 1777797267 615694
47 961 11602 0 1777797267 615698
49 875 9369 0 1777797267 617091
45 928 5172 0 1777797267 617507
46 906 12075 0 1777797267 622935
48 990 10655 0 1777797267 622997
44 875 20599 0 1777797267 636298
46 907 13494 0 1777797267 636432
44 876 3771 0 1777797267 640071
45 929 22569 0 1777797267 640077
47 962 25384 0 1777797267 641090
48 991 22767 0 1777797267 645765
49 876 28686 0 1777797267 645779
45 930 7491 0 1777797267 647576
44 877 7850 0 1777797267 647927
46 908 16226 0 1777797267 652659
47 963 16067 0 1777797267 657158
45 931 10946 0 1777797267 658525
48 992 12837 0 1777797267 658617
44 878 14219 0 1777797267 662148
45 932 4054 0 1777797267 662584
46 909 10646 0 1777797267 663306
48 993 8955 0 1777797267 667578
47 964 13098 0 1777797267 670258
49 877 27539 0 1777797267 673332
44 879 19396 0 1777797267 681546
49 878 8224 0 1777797267 681559
45 933 19327 0 1777797267 681912
46 910 18611 0 1777797267 681918
47 965 11657 0 1777797267 681924
48 994 14343 0 1777797267 681930
47 966 6486 0 1777797267 688432
47 967 2055 0 1777797267 690490
45 934 13888 0 1777797267 695818
44 880 14400 0 1777797267 695960
46 911 17717 0 1777797267 699657
49 879 20822 0 1777797267 702393
44 881 6716 0 1777797267 702678
45 935 6865 0 1777797267 702685
47 968 13269 0 1777797267 703761
48 995 22879 0 1777797267 704849
45 936 4383 0 1777797267 707096
47 969 6700 0 1777797267 710464
48 996 6091 0 1777797267 710942
45 937 9161 0 1777797267 716258
48 997 5318 0 1777797267 716262
46 912 23469 0 1777797267 723128
47 970 12668 0 1777797267 723133
49 880 21619 0 1777797267 724014
48 998 8010 0 1777797267 724279
45 938 9554 0 1777797267 725817
48 999 10798 0 1777797267 735078
44 882 37867 0 1777797267 740553
46 913 19924 0 1777797267 743058
45 939 17840 0 1777797267 743659
46 914 5262 0 1777797267 748321
45 940 5618 0 1777797267 749279
48 1000 19034 0 1777797267 754114
45 941 13754 0 1777797267 763034
48 1001 9161 0 1777797267 763277
46 915 15011 0 1777797267 763335
46 916 5763 0 1777797267 769100
49 881 46304 0 1777797267 770319
45 942 14852 0 1777797267 777890
46 917 8795 0 1777797267 777896
48 1002 14626 0 1777797267 777904
44 883 43176 0 1777797267 783732
45 943 13480 0 1777797267 791385
46 918 13481 0 1777797267 791394
48 1003 13481 0 1777797267 791402
49 882 21088 0 1777797267 791408
44 884 10224 0 1777797267 793957
47 971 70823 0 1777797267 793964
46 919 8697 0 1777797267 800391
48 1004 9418 0 1777797267 801118
45 944 14043 0 1777797267 805452
49 883 14764 0 1777797267 806470
44 885 19394 0 1777797267 813359
46 920 14431 0 1777797267 814823
47 972 20852 0 1777797267 814828
48 1005 14706 0 1777797267 815831
45 945 10424 0 1777797267 815881
49 884 11959 0 1777797267 818452
44 886 8219 0 1777797267 821581
48 1006 8263 0 1777797267 824097
45 946 9314 0 1777797267 825231
47 973 10411 0 1777797267 825246
49 885 6799 0 1777797267 825254
44 887 6453 0 1777797267 828036
46 921 13255 0 1777797267 828083
47 974 2844 0 1777797267 828116
48 1007 4020 0 1777797267 828131
45 947 3140 0 1777797267 828395
49 886 5286 0 1777797267 830566
44 888 14481 0 1777797267 842566
45 948 14187 0 1777797267 842583
46 922 14590 0 1777797267 842685
47 975 14581 0 1777797267 842698
48 1008 14572 0 1777797267 842704
49 887 12148 0 1777797267 842722
44 889 11224 0 1777797267 853949
49 888 11126 0 1777797267 853967
46 923 11191 0 1777797267 854009
44 890 3659 0 1777797267 857628
45 949 14833 0 1777797267 857639
47 976 14820 0 1777797267 857645
46 924 6774 0 1777797267 860785
48 1009 19245 0 1777797267 862078
49 889 8101 0 1777797267 862094
47 977 7485 0 1777797267 865181
44 891 12358 0 1777797267 870004
45 950 12339 0 1777797267 870011
47 978 4863 0 1777797267 870045
46 925 11909 0 1777797267 872704
49 890 10761 0 1777797267 872875
48 1010 13489 0 1777797267 875584
44 892 6970 0 1777797267 877016
45 951 6968 0 1777797267 877024
47 979 6924 0 1777797267 877029
46 926 8603 0 1777797267 881480
47 980 4463 0 1777797267 881511
48 1011 5962 0 1777797267 881549
44 893 10541 0 1777797267 887571
47 981 6044 0 1777797267 887582
45 952 11186 0 1777797267 888227
49 891 15617 0 1777797267 888522
45 953 2614 0 1777797267 890843
47 982 4706 0 1777797267 892318
44 894 5905 0 1777797267 893494
45 954 6659 0 1777797267 897504
48 1012 15958 0 1777797267 897508
49 892 9166 0 1777797267 897690
46 927 16545 0 1777797267 898058
47 983 6498 0 1777797267 898817
47 984 5067 0 1777797267 903888
46 928 6312 0 1777797267 904372
44 895 16843 0 1777797267 910339
45 955 12840 0 1777797267 910349
48 1013 12842 0 1777797267 910356
46 929 7380 0 1777797267 911753
47 985 10816 0 1777797267 914706
49 893 17026 0 1777797267 914716
44 896 8774 0 1777797267 919131
48 1014 8761 0 1777797267 919135
45 956 10065 0 1777797267 920432
46 930 8682 0 1777797267 920435
44 897 5584 0 1777797267 924720
49 894 10001 0 1777797267 924729
45 957 8738 0 1777797267 929174
47 986 14466 0 1777797267 929183
47 987 1832 0 1777797267 931027
45 958 3712 0 1777797267 932896
49 895 8170 0 1777797267 932911
48 1015 16722 0 1777797267 935862
47 988 4990 0 1777797267 936019
46 931 19531 0 1777797267 939972
45 959 7647 0 1777797267 940559
45 960 2982 0 1777797267 943545
45 961 3702 0 1777797267 947250
49 896 14560 0 1777797267 947487
47 989 11543 0 1777797267 947564
45 962 8134 0 1777797267 955389
49 897 7909 0 1777797267 955398
47 990 9058 0 1777797267 956623
49 898 4865 0 1777797267 960280
47 991 4247 0 1777797267 960877
47 992 1214 0 1777797267 962093
47 993 1774 0 1777797267 963869
47 994 780 0 1777797267 964652
47 995 898 0 1777797267 965552
48 1016 29822 0 1777797267 965688
47 996 911 0 1777797267 966465
48 1017 2359 0 1777797267 968049
47 997 1677 0 1777797267 968144
45 963 12831 0 1777797267 968230
47 998 6265 0 1777797267 974410
48 1018 6387 0 1777797267 974438
49 899 15912 0 1777797267 976195
46 932 39503 0 1777797267 979478
47 999 11593 0 1777797267 986032
49 900 9840 0 1777797267 986040
45 964 20074 0 1777797267 988306
46 933 10135 0 1777797267 989615
44 898 65232 0 1777797267 989962
45 965 2660 0 1777797267 990973
44 899 5502 0 1777797267 995466
45 966 4501 0 1777797267 995477
49 901 11415 0 1777797267 997466
46 934 8434 0 1777797267 998056
46 935 6618 0 1777797268 4676
49 902 7222 0 1777797268 4690
46 936 2285 0 1777797268 6976
46 937 7383 0 1777797268 14361
49 903 9688 0 1777797268 14390
48 1019 40850 0 1777797268 15305
45 967 20240 0 1777797268 15729
47 1000 30888 0 1777797268 16930
44 900 21480 0 1777797268 16959
48 1020 5431 0 1777797268 20737
49 904 9406 0 1777797268 23833
45 968 12905 0 1777797268 28636
47 1001 11716 0 1777797268 28651
44 901 12250 0 1777797268 29211
44 902 3171 0 1777797268 32384
44 903 5241 0 1777797268 37627
48 1021 16900 0 1777797268 37638
47 1002 9173 0 1777797268 37840
46 938 24483 0 1777797268 38874
49 905 15644 0 1777797268 39479
46 939 4410 0 1777797268 43343
46 940 3950 0 1777797268 47295
46 941 2194 0 1777797268 49493
48 1022 14064 0 1777797268 51780
49 906 12306 0 1777797268 51787
45 969 23803 0 1777797268 52455
47 1003 15108 0 1777797268 52950
44 904 16017 0 1777797268 53656
47 1004 2017 0 1777797268 54969
44 905 1603 0 1777797268 55263
44 906 853 0 1777797268 56118
48 1023 5556 0 1777797268 57345
47 1005 3130 0 1777797268 58102
44 907 2010 0 1777797268 58130
48 1024 3031 0 1777797268 60378
47 1006 3726 0 1777797268 61834
46 942 14703 0 1777797268 64201
44 908 6360 0 1777797268 64492
45 970 12043 0 1777797268 64500
49 907 12750 0 1777797268 64547
44 909 5919 0 1777797268 70467
49 908 5917 0 1777797268 70481
48 1025 10271 0 1777797268 70650
46 943 6778 0 1777797268 70986
46 944 6647 0 1777797268 77636
48 1026 7009 0 1777797268 77660
45 971 15231 0 1777797268 79787
44 910 9750 0 1777797268 80232
46 945 3593 0 1777797268 81254
48 1027 3796 0 1777797268 81470
44 911 1422 0 1777797268 81655
44 912 1459 0 1777797268 83116
46 946 2277 0 1777797268 83537
48 1028 2935 0 1777797268 84406
49 909 15808 0 1777797268 86307
45 972 8038 0 1777797268 87829
48 1029 3458 0 1777797268 87866
44 913 6160 0 1777797268 89278
46 947 7196 0 1777797268 90736
47 1007 31665 0 1777797268 93501
44 914 5825 0 1777797268 95105
45 973 7278 0 1777797268 95111
46 948 4706 0 1777797268 95444
48 1030 8262 0 1777797268 96129
47 1008 3534 0 1777797268 97037
46 949 2244 0 1777797268 97689
45 974 2683 0 1777797268 97804
45 975 991 0 1777797268 98796
47 1009 2043 0 1777797268 99084
44 915 6818 0 1777797268 101931
48 1031 5807 0 1777797268 101938
45 976 4851 0 1777797268 103649
49 910 18202 0 1777797268 104511
48 1032 2891 0 1777797268 104839
48 1033 1057 0 1777797268 105897
48 1034 2451 0 1777797268 108350
45 977 9594 0 1777797268 113254
48 1035 4968 0 1777797268 113319
46 950 16087 0 1777797268 113778
49 911 9638 0 1777797268 114151
47 1010 15690 0 1777797268 114777
46 951 1715 0 1777797268 115497
48 1036 4081 0 1777797268 117409
45 978 4347 0 1777797268 117667
45 979 1203 0 1777797268 118871
48 1037 2927 0 1777797268 120340
46 952 5065 0 1777797268 120565
48 1038 1990 0 1777797268 122332
45 980 3822 0 1777797268 122702
47 1011 9154 0 1777797268 123934
47 1012 2102 0 1777797268 126042
49 912 12198 0 1777797268 126351
45 981 12124 0 1777797268 134829
47 1013 8820 0 1777797268 134864
48 1039 12529 0 1777797268 134871
48 1040 3777 0 1777797268 138667
49 913 12322 0 1777797268 138674
45 982 4215 0 1777797268 139087
46 953 18520 0 1777797268 139095
47 1014 7717 0 1777797268 142599
45 983 3656 0 1777797268 142753
48 1041 4982 0 1777797268 143658
46 954 4990 0 1777797268 144098
47 1015 1903 0 1777797268 144504
45 984 7684 0 1777797268 150438
48 1042 6788 0 1777797268 150447
47 1016 6485 0 1777797268 150990
49 914 14231 0 1777797268 152916
44 916 53585 0 1777797268 155524
46 955 11881 0 1777797268 155983
49 915 6536 0 1777797268 159454
46 956 6585 0 1777797268 162572
47 1017 11597 0 1777797268 162589
49 916 3855 0 1777797268 163311
45 985 16129 0 1777797268 166577
48 1043 16138 0 1777797268 166597
44 917 11338 0 1777797268 166867
49 917 3572 0 1777797268 166884
44 918 11729 0 1777797268 178598
46 957 16057 0 1777797268 178648
47 1018 16052 0 1777797268 178656
49 918 11779 0 1777797268 178664
45 986 16664 0 1777797268 183245
48 1044 16667 0 1777797268 183265
44 919 8609 0 1777797268 187274
46 958 8617 0 1777797268 187306
49 919 8623 0 1777797268 187329
47 1019 9817 0 1777797268 188515
49 920 6072 0 1777797268 193443
45 987 13820 0 1777797268 197086
47 1020 8966 0 1777797268 197483
48 1045 15995 0 1777797268 199324
49 921 8333 0 1777797268 201781
44 920 24474 0 1777797268 211805
45 988 14758 0 1777797268 211847
46 959 24521 0 1777797268 211868
47 1021 14458 0 1777797268 211944
48 1046 12637 0 1777797268 211965
49 922 10211 0 1777797268 211994
45 989 5271 0 1777797268 217281
48 1047 6429 0 1777797268 218470
49 923 8249 0 1777797268 220299
44 921 16333 0 1777797268 228328
46 960 16315 0 1777797268 228337
48 1048 9870 0 1777797268 228343
49 924 8045 0 1777797268 228348
48 1049 5316 0 1777797268 233720
49 925 6399 0 1777797268 234810
44 922 8200 0 1777797268 236586
48 1050 8662 0 1777797268 242385
47 1022 30825 0 1777797268 242856
48 1051 2721 0 1777797268 245109
47 1023 5312 0 1777797268 248171
48 1052 4294 0 1777797268 249404
45 990 37475 0 1777797268 254764
46 961 26375 0 1777797268 254771
48 1053 5583 0 1777797268 254995
45 991 1805 0 1777797268 256579
44 923 21407 0 1777797268 257996
48 1054 3014 0 1777797268 258010
45 992 7226 0 1777797268 263807
46 962 9029 0 1777797268 263814
47 1024 15645 0 1777797268 263819
49 926 29040 0 1777797268 263855
45 993 3095 0 1777797268 266951
48 1055 8938 0 1777797268 266960
45 994 6882 0 1777797268 273843
46 963 9988 0 1777797268 273854
48 1056 6891 0 1777797268 273861
47 1025 11469 0 1777797268 275341
44 924 21258 0 1777797268 279270
49 927 15839 0 1777797268 279718
44 925 19595 0 1777797268 298866
45 995 25010 0 1777797268 298872
46 964 24999 0 1777797268 298876
47 1026 23538 0 1777797268 298883
48 1057 25000 0 1777797268 298887
49 928 19171 0 1777797268 298891
45 996 16623 0 1777797268 315523
46 965 16626 0 1777797268 315531
47 1027 16625 0 1777797268 315536
48 1058 16624 0 1777797268 315540
44 926 18918 0 1777797268 317810
49 929 18896 0 1777797268 317817
44 927 10806 0 1777797268 328625
45 997 13101 0 1777797268 328641
47 1028 13093 0 1777797268 328647
48 1059 13094 0 1777797268 328653
49 930 10851 0 1777797268 328677
44 928 8100 0 1777797268 336779
47 1029 8080 0 1777797268 336796
48 1060 7981 0 1777797268 336801
49 931 7974 0 1777797268 336805
46 966 23301 0 1777797268 338849
49 932 7933 0 1777797268 344763
44 929 11111 0 1777797268 347916
47 1030 11105 0 1777797268 347925
49 933 3166 0 1777797268 347931
47 1031 4339 0 1777797268 352290
44 930 8705 0 1777797268 356637
49 934 8684 0 1777797268 356646
47 1032 5344 0 1777797268 357636
48 1061 25348 0 1777797268 362174
49 935 5526 0 1777797268 362188
46 967 23577 0 1777797268 362427
44 931 13766 0 1777797268 370414
47 1033 12787 0 1777797268 370424
49 936 8246 0 1777797268 370447
46 968 10059 0 1777797268 372487
49 937 9767 0 1777797268 380237
44 932 10662 0 1777797268 381110
47 1034 11455 0 1777797268 381916
44 933 5962 0 1777797268 387074
45 998 60561 0 1777797268 389258
45 999 11946 0 1777797268 401208
47 1035 21873 0 1777797268 403792
49 938 23570 0 1777797268 403810
44 934 17990 0 1777797268 405067
46 969 34434 0 1777797268 406924
45 1000 6547 0 1777797268 407761
48 1062 45627 0 1777797268 407816
47 1036 9033 0 1777797268 412844
49 939 8951 0 1777797268 412853
44 935 16552 0 1777797268 421629
45 1001 13874 0 1777797268 421636
46 970 15127 0 1777797268 422057
48 1063 14250 0 1777797268 422066
47 1037 9798 0 1777797268 422652
47 1038 7537 0 1777797268 430191
45 1002 10597 0 1777797268 432244
46 971 10208 0 1777797268 432275
48 1064 10202 0 1777797268 432284
44 936 15008 0 1777797268 436645
47 1039 6460 0 1777797268 436653
49 940 23794 0 1777797268 436660
45 1003 6768 0 1777797268 439054
46 972 6732 0 1777797268 439061
48 1065 8589 0 1777797268 440930
44 937 6148 0 1777797268 442809
47 1040 6131 0 1777797268 442813
49 941 6047 0 1777797268 442817
44 938 21516 0 1777797268 464333
45 1004 25311 0 1777797268 464374
46 973 25312 0 1777797268 464392
47 1041 21594 0 1777797268 464417
48 1066 23520 0 1777797268 464457
49 942 21880 0 1777797268 464706
44 939 17302 0 1777797268 481762
46 974 17233 0 1777797268 481768
47 1042 21231 0 1777797268 485824
49 943 21104 0 1777797268 485831
48 1067 24882 0 1777797268 489523
46 975 37448 0 1777797268 519225
48 1068 32655 0 1777797268 522182
49 944 57914 0 1777797268 543758
48 1069 33913 0 1777797268 556099
46 976 39458 0 1777797268 558758
44 940 87041 0 1777797268 568810
45 1005 104317 0 1777797268 568817
47 1043 101239 0 1777797268 587070
49 945 47494 0 1777797268 591258
48 1070 35855 0 1777797268 591955
46 977 33626 0 1777797268 592405
45 1006 42983 0 1777797268 611809
49 946 20558 0 1777797268 611818
44 941 46517 0 1777797268 615335
46 978 22946 0 1777797268 615352
47 1044 28295 0 1777797268 615373
48 1071 23420 0 1777797268 615377
45 1007 25515 0 1777797268 637335
46 979 22065 0 1777797268 637496
47 1045 22060 0 1777797268 637504
48 1072 22057 0 1777797268 637509
49 947 25683 0 1777797268 637514
44 942 27719 0 1777797268 643097
46 980 10130 0 1777797268 647656
47 1046 10138 0 1777797268 647669
48 1073 10513 0 1777797268 648050
49 948 11561 0 1777797268 649104
45 1008 16774 0 1777797268 654289
44 943 38945 0 1777797268 682043
45 1009 27752 0 1777797268 682049
46 981 34384 0 1777797268 682054
47 1047 34375 0 1777797268 682058
48 1074 34012 0 1777797268 682063
49 949 32964 0 1777797268 682068
45 1010 17964 0 1777797268 700044
47 1048 17985 0 1777797268 700075
46 982 22724 0 1777797268 704810
47 1049 4572 0 1777797268 704821
47 1050 2475 0 1777797268 707310
46 983 3491 0 1777797268 708314
47 1051 2768 0 1777797268 710080
47 1052 2396 0 1777797268 712477
48 1075 32166 0 1777797268 714262
44 944 42558 0 1777797268 724626
49 950 44418 0 1777797268 726518
47 1053 15416 0 1777797268 727896
46 984 25031 0 1777797268 733351
49 951 8260 0 1777797268 734781
47 1054 7463 0 1777797268 735363
47 1055 2240 0 1777797268 737605
49 952 2842 0 1777797268 737631
44 945 14277 0 1777797268 738909
46 985 8033 0 1777797268 741393
47 1056 5141 0 1777797268 742748
49 953 9778 0 1777797268 747410
45 1011 49274 0 1777797268 749351
48 1076 35098 0 1777797268 749363
44 946 18151 0 1777797268 757063
49 954 16850 0 1777797268 764268
44 947 15480 0 1777797268 772551
46 986 35570 0 1777797268 776965
49 955 12702 0 1777797268 776975
47 1057 34352 0 1777797268 777122
45 1012 29988 0 1777797268 779352
48 1077 34930 0 1777797268 784308
47 1058 15380 0 1777797268 792503
45 1013 17801 0 1777797268 797156
46 987 20191 0 1777797268 797166
49 956 22013 0 1777797268 798999
48 1078 18167 0 1777797268 802477
44 948 30541 0 1777797268 803096
46 988 7015 0 1777797268 804263
47 1059 13035 0 1777797268 805542
45 1014 9543 0 1777797268 806711
44 949 25949 0 1777797268 829050
45 1015 22348 0 1777797268 829061
47 1060 23524 0 1777797268 829068
49 957 30074 0 1777797268 829075
46 989 25757 0 1777797268 830022
48 1079 27551 0 1777797268 830030
48 1080 15534 0 1777797268 845574
48 1081 9160 0 1777797268 854737
45 1016 25674 0 1777797268 854761
48 1082 4700 0 1777797268 859442
47 1061 34686 0 1777797268 863780
45 1017 13007 0 1777797268 867769
45 1018 7679 0 1777797268 875456
47 1062 13273 0 1777797268 877057
44 950 53739 0 1777797268 882815
47 1063 5794 0 1777797268 882853
49 958 55401 0 1777797268 884553
45 1019 11283 0 1777797268 886744
44 951 22308 0 1777797268 905162
45 1020 18423 0 1777797268 905171
47 1064 22298 0 1777797268 905179
46 990 77404 0 1777797268 907435
48 1083 48610 0 1777797268 908059
49 959 23512 0 1777797268 908067
44 952 15994 0 1777797268 921174
45 1021 15995 0 1777797268 921183
46 991 13751 0 1777797268 921189
47 1065 16000 0 1777797268 921196
48 1084 13146 0 1777797268 921215
49 960 13144 0 1777797268 921223
44 953 9449 0 1777797268 930673
45 1022 9444 0 1777797268 930681
46 992 9442 0 1777797268 930686
47 1066 9449 0 1777797268 930701
48 1085 9443 0 1777797268 930708
49 961 9442 0 1777797268 930714
46 993 5821 0 1777797268 936561
48 1086 5813 0 1777797268 936575
49 962 5807 0 1777797268 936582
45 1023 5896 0 1777797268 936627
44 954 14792 0 1777797268 945507
47 1067 14804 0 1777797268 945558
45 1024 12507 0 1777797268 949136
46 994 12562 0 1777797268 949145
48 1087 12551 0 1777797268 949153
49 963 17760 0 1777797268 954371
44 955 9372 0 1777797268 954932
47 1068 9362 0 1777797268 954944
46 995 17063 0 1777797268 966229
48 1088 17059 0 1777797268 966233
44 956 23572 0 1777797268 978519
45 1025 29377 0 1777797268 978531
47 1069 23570 0 1777797268 978537
49 964 24162 0 1777797268 978543
47 1070 13253 0 1777797268 991819
44 957 17252 0 1777797268 995795
45 1026 17240 0 1777797268 995800
46 996 29571 0 1777797268 995805
49 965 17236 0 1777797268 995808
48 1089 32323 0 1777797268 998563
47 1071 13055 0 1777797269 4876
44 958 20008 0 1777797269 15817
46 997 20005 0 1777797269 15826
49 966 20003 0 1777797269 15831
45 1027 25063 0 1777797269 20878
47 1072 23357 0 1777797269 28241
46 998 50132 0 1777797269 65974
48 1090 67500 0 1777797269 66065
49 967 50228 0 1777797269 66075
44 959 54382 0 1777797269 70213
45 1028 49342 0 1777797269 70225
49 968 6482 0 1777797269 72589
46 999 7254 0 1777797269 73330
47 1073 45098 0 1777797269 73340
45 1029 9290 0 1777797269 79533
44 960 11737 0 1777797269 81964
48 1091 15875 0 1777797269 81974
47 1074 12527 0 1777797269 85884
45 1030 16694 0 1777797269 96230
48 1092 14211 0 1777797269 96242
49 969 178381 0 1777797269 250975
44 961 169325 0 1777797269 251300
46 1000 178228 0 1777797269 251570
45 1031 155488 0 1777797269 251731
49 970 6567 0 1777797269 257544
44 962 10191 0 1777797269 261492
45 1032 9767 0 1777797269 261499
48 1093 165240 0 1777797269 261504
46 1001 10800 0 1777797269 262371
47 1075 180761 0 1777797269 266648
45 1033 11842 0 1777797269 273352
48 1094 11868 0 1777797269 273381
49 971 15844 0 1777797269 273389
44 963 53559 0 1777797269 315063
47 1076 49974 0 1777797269 316625
46 1002 54277 0 1777797269 316650
44 964 55295 0 1777797269 370362
45 1034 96975 0 1777797269 370365
46 1003 53717 0 1777797269 370368
47 1077 53743 0 1777797269 370371
48 1095 96968 0 1777797269 370374
49 972 100061 0 1777797269 373475
47 1078 28734 0 1777797269 399121
49 973 45863 0 1777797269 419340
48 1096 62536 0 1777797269 432926
46 1004 68450 0 1777797269 438833
44 965 83687 0 1777797269 454062
47 1079 54974 0 1777797269 454101
49 974 38229 0 1777797269 457572
46 1005 52235 0 1777797269 491071
45 1035 134691 0 1777797269 505071
48 1097 72159 0 1777797269 505086
46 1006 16512 0 1777797269 507584
47 1080 60262 0 1777797269 514386
48 1098 12608 0 1777797269 517823
44 966 78204 0 1777797269 532307
45 1036 27225 0 1777797269 532312
46 1007 24732 0 1777797269 532318
47 1081 17930 0 1777797269 532323
49 975 74754 0 1777797269 532327
44 967 28371 0 1777797269 560698
45 1037 28219 0 1777797269 560708
46 1008 28230 0 1777797269 560724
47 1082 28234 0 1777797269 560733
48 1099 42914 0 1777797269 560741
49 976 28243 0 1777797269 560747
48 1100 13516 0 1777797269 574320
49 977 13698 0 1777797269 574509
45 1038 17236 0 1777797269 578006
46 1009 17235 0 1777797269 578015
47 1083 17222 0 1777797269 578018
44 968 24755 0 1777797269 585503
48 1101 11183 0 1777797269 585509
45 1039 9576 0 1777797269 587595
46 1010 9575 0 1777797269 587603
49 978 13097 0 1777797269 587607
47 1084 19151 0 1777797269 597185
44 969 16337 0 1777797269 601848
45 1040 14279 0 1777797269 601886
46 1011 14289 0 1777797269 601906
48 1102 16398 0 1777797269 601915
49 979 14298 0 1777797269 601920
47 1085 9089 0 1777797269 606280
44 970 6494 0 1777797269 608415
46 1012 6003 0 1777797269 608423
48 1103 6601 0 1777797269 609031
45 1041 10375 0 1777797269 612770
49 980 10350 0 1777797269 612790
47 1086 10142 0 1777797269 616430
48 1104 7414 0 1777797269 616446
44 971 12261 0 1777797269 620686
49 981 7919 0 1777797269 620785
45 1042 8592 0 1777797269 621383
46 1013 12967 0 1777797269 621403
47 1087 8456 0 1777797269 624904
44 972 8734 0 1777797269 629456
45 1043 8059 0 1777797269 629463
46 1014 8050 0 1777797269 629469
48 1105 12997 0 1777797269 629477
49 982 8697 0 1777797269 629485
44 973 4659 0 1777797269 634146
47 1088 9249 0 1777797269 634155
46 1015 5230 0 1777797269 634758
48 1106 5229 0 1777797269 634765
49 983 5227 0 1777797269 634771
45 1044 8197 0 1777797269 637703
44 974 10565 0 1777797269 644721
46 1016 9965 0 1777797269 644737
48 1107 9964 0 1777797269 644745
49 984 9973 0 1777797269 644761
45 1045 9427 0 1777797269 647133
47 1089 15082 0 1777797269 649252
45 1046 7747 0 1777797269 654883
49 985 10098 0 1777797269 654893
47 1090 8625 0 1777797269 657879
49 986 4381 0 1777797269 659286
45 1047 4422 0 1777797269 659316
47 1091 2801 0 1777797269 660682
45 1048 11659 0 1777797269 670976
49 987 13750 0 1777797269 673039
47 1092 16617 0 1777797269 677301
49 988 5481 0 1777797269 678524
45 1049 8205 0 1777797269 679186
45 1050 11433 0 1777797269 690627
47 1093 14292 0 1777797269 691596
49 989 17689 0 1777797269 696218
46 1017 81139 0 1777797269 725911
48 1108 111148 0 1777797269 755936
46 1018 34222 0 1777797269 760137
44 975 142699 0 1777797269 787462
48 1109 44150 0 1777797269 800088
44 976 45635 0 1777797269 833195
47 1094 144824 0 1777797269 836421
45 1051 151967 0 1777797269 842597
49 990 151557 0 1777797269 847783
48 1110 51297 0 1777797269 851388
46 1019 95174 0 1777797269 855313
44 977 41266 0 1777797269 874462
49 991 40726 0 1777797269 888511
45 1052 78976 0 1777797269 921577
47 1095 85157 0 1777797269 921583
48 1111 70188 0 1777797269 921587
49 992 33076 0 1777797269 921591
44 978 49495 0 1777797269 923960
46 1020 68651 0 1777797269 923966
45 1053 12260 0 1777797269 933851
48 1112 12258 0 1777797269 933863
47 1096 13078 0 1777797269 934675
49 993 13069 0 1777797269 934679
45 1054 13793 0 1777797269 947656
47 1097 12984 0 1777797269 947663
49 994 12985 0 1777797269 947670
48 1113 32111 0 1777797269 965986
46 1021 42051 0 1777797269 966026
44 979 43980 0 1777797269 967947
45 1055 20280 0 1777797269 967950
47 1098 31930 0 1777797269 979610
49 995 35372 0 1777797269 983890
45 1056 32463 0 1777797270 421
48 1114 34429 0 1777797270 426
46 1022 35997 0 1777797270 2026
47 1099 22440 0 1777797270 2058
44 980 34273 0 1777797270 2224
47 1100 20014 0 1777797270 22080
48 1115 22803 0 1777797270 23238
45 1057 49756 0 1777797270 50182
49 996 66305 0 1777797270 50199
46 1023 72022 0 1777797270 74081
48 1116 58726 0 1777797270 81972
44 981 113191 0 1777797270 115417
45 1058 65237 0 1777797270 115437
47 1101 93362 0 1777797270 115444
48 1117 33475 0 1777797270 115449
49 997 65245 0 1777797270 115464
46 1024 53384 0 1777797270 127467
44 982 25298 0 1777797270 140763
45 1059 25298 0 1777797270 140773
46 1025 13311 0 1777797270 140780
47 1102 25298 0 1777797270 140786
49 998 25284 0 1777797270 140793
48 1118 36518 0 1777797270 152014
49 999 11262 0 1777797270 152086
44 983 35144 0 1777797270 175937
46 1026 35137 0 1777797270 175948
47 1103 35139 0 1777797270 175956
45 1060 39811 0 1777797270 180616
46 1027 23634 0 1777797270 200246
47 1104 23629 0 1777797270 200258
48 1119 48177 0 1777797270 200265
44 984 39794 0 1777797270 215751
45 1061 49418 0 1777797270 230036
46 1028 38250 0 1777797270 238516
48 1120 38245 0 1777797270 238536
44 985 59745 0 1777797270 275506
47 1105 75233 0 1777797270 275514
49 1000 145269 0 1777797270 297378
46 1029 105367 0 1777797270 343904
45 1062 222712 0 1777797270 452758
48 1121 214205 0 1777797270 452768
46 1030 106810 0 1777797270 453213
47 1106 177694 0 1777797270 453218
49 1001 155837 0 1777797270 453227
44 986 177809 0 1777797270 453325
47 1107 6478 0 1777797270 459714
46 1031 7500 0 1777797270 460728
44 987 42475 0 1777797270 495801
45 1063 46450 0 1777797270 499220
48 1122 47620 0 1777797270 500400
45 1064 4689 0 1777797270 503918
48 1123 5713 0 1777797270 506121
48 1124 6807 0 1777797270 512931
45 1065 10289 0 1777797270 514222
46 1032 61058 0 1777797270 521799
47 1108 69170 0 1777797270 528889
44 988 33582 0 1777797270 529395
45 1066 15178 0 1777797270 529405
49 1002 77427 0 1777797270 530728
46 1033 9707 0 1777797270 531531
48 1125 18607 0 1777797270 531542
45 1067 18885 0 1777797270 548312
48 1126 16770 0 1777797270 548326
49 1003 17603 0 1777797270 548332
44 989 25008 0 1777797270 554414
47 1109 25855 0 1777797270 554747
46 1034 32637 0 1777797270 564182
48 1127 33883 0 1777797270 582231
45 1068 43940 0 1777797270 592272
46 1035 28092 0 1777797270 592276
47 1110 37529 0 1777797270 592279
48 1128 10048 0 1777797270 592283
44 990 45948 0 1777797270 600367
49 1004 64328 0 1777797270 612684
45 1069 24516 0 1777797270 616799
48 1129 24549 0 1777797270 616847
46 1036 25618 0 1777797270 617907
47 1111 30894 0 1777797270 623188
44 991 28985 0 1777797270 629356
49 1005 16665 0 1777797270 629360
45 1070 14441 0 1777797270 631289
48 1130 19181 0 1777797270 636041
44 992 11161 0 1777797270 640522
47 1112 17328 0 1777797270 640528
49 1006 14141 0 1777797270 643904
46 1037 35853 0 1777797270 653763
48 1131 18168 0 1777797270 654213
45 1071 24701 0 1777797270 655991
44 993 19307 0 1777797270 659836
49 1007 18175 0 1777797270 662083
46 1038 9937 0 1777797270 663703
44 994 31908 0 1777797270 691748
45 1072 35761 0 1777797270 691758
46 1039 28128 0 1777797270 691834
47 1113 51306 0 1777797270 691841
48 1132 37627 0 1777797270 691848
49 1008 29761 0 1777797270 691855
47 1114 31760 0 1777797270 723650
47 1115 11153 0 1777797270 734807
45 1073 52669 0 1777797270 744539
45 1074 12669 0 1777797270 757235
47 1116 30665 0 1777797270 765481
45 1075 21803 0 1777797270 779042
46 1040 87171 0 1777797270 779051
48 1133 87154 0 1777797270 779056
49 1009 87152 0 1777797270 779061
44 995 93431 0 1777797270 785286
44 996 47931 0 1777797270 833219
45 1076 65474 0 1777797270 844535
45 1077 6905 0 1777797270 851444
44 997 22679 0 1777797270 855913
48 1134 76842 0 1777797270 855922
45 1078 6908 0 1777797270 858356
49 1010 88594 0 1777797270 867682
44 998 13409 0 1777797270 869332
48 1135 13403 0 1777797270 869336
45 1079 13943 0 1777797270 872300
49 1011 9968 0 1777797270 877652
48 1136 15703 0 1777797270 885045
49 1012 7394 0 1777797270 885051
45 1080 21843 0 1777797270 894144
49 1013 9093 0 1777797270 894153
48 1137 14223 0 1777797270 899275
45 1081 20442 0 1777797270 914596
46 1041 135527 0 1777797270 914600
47 1117 149119 0 1777797270 914604
49 1014 20440 0 1777797270 914606
44 999 46904 0 1777797270 916240
49 1015 3848 0 1777797270 918474
45 1082 7577 0 1777797270 922184
49 1016 3934 0 1777797270 922410
45 1083 5761 0 1777797270 927948
47 1118 16717 0 1777797270 931340
44 1000 16647 0 1777797270 932932
44 1001 5413 0 1777797270 938351
44 1002 2774 0 1777797270 941129
46 1042 33970 0 1777797270 948587
47 1119 17256 0 1777797270 948598
44 1003 8239 0 1777797270 949370
44 1004 9011 0 1777797270 958386
46 1043 12083 0 1777797270 960682
47 1120 12078 0 1777797270 960693
47 1121 5534 0 1777797270 966240
44 1005 10175 0 1777797270 968565
44 1006 6166 0 1777797270 974736
48 1138 82844 0 1777797270 982121
46 1044 28190 0 1777797270 988886
47 1122 32509 0 1777797270 998750
49 1017 83073 0 1777797271 5483
44 1007 40268 0 1777797271 15006
47 1123 16258 0 1777797271 15013
48 1139 32896 0 1777797271 15020
45 1084 91582 0 1777797271 19531
46 1045 32068 0 1777797271 20956
48 1140 8285 0 1777797271 23321
44 1008 26065 0 1777797271 41085
45 1085 21557 0 1777797271 41091
48 1141 24441 0 1777797271 47766
49 1018 45004 0 1777797271 50490
46 1046 30246 0 1777797271 51211
47 1124 36204 0 1777797271 51233
44 1009 17211 0 1777797271 58303
45 1086 22807 0 1777797271 63904
48 1142 16105 0 1777797271 63912
49 1019 21126 0 1777797271 71625
46 1047 27559 0 1777797271 78793
47 1125 27553 0 1777797271 78799
44 1010 22631 0 1777797271 80937
48 1143 25498 0 1777797271 89418
45 1087 34091 0 1777797271 98004
45 1088 16988 0 1777797271 114995
46 1048 36203 0 1777797271 115004
47 1126 36202 0 1777797271 115010
48 1144 25599 0 1777797271 115019
49 1020 43397 0 1777797271 115025
44 1011 45399 0 1777797271 126338
45 1089 14040 0 1777797271 129066
48 1145 14025 0 1777797271 129081
49 1021 14026 0 1777797271 129088
46 1049 18377 0 1777797271 133418
47 1127 18436 0 1777797271 133485
44 1012 22809 0 1777797271 149150
45 1090 21446 0 1777797271 150535
46 1050 17195 0 1777797271 150683
48 1146 21577 0 1777797271 150693
49 1022 21575 0 1777797271 150700
47 1128 18878 0 1777797271 152396
46 1051 11802 0 1777797271 162513
46 1052 20533 0 1777797271 183049
44 1013 34462 0 1777797271 183619
44 1014 11932 0 1777797271 195554
46 1053 19688 0 1777797271 202742
44 1015 17886 0 1777797271 213443
46 1054 20765 0 1777797271 223522
47 1129 71112 0 1777797271 223527
45 1091 118268 0 1777797271 268968
46 1055 45444 0 1777797271 268971
47 1130 56081 0 1777797271 279615
48 1147 128898 0 1777797271 279619
44 1016 67369 0 1777797271 280815
49 1023 130072 0 1777797271 280819
45 1092 21557 0 1777797271 290530
46 1056 21557 0 1777797271 290537
47 1131 20584 0 1777797271 300205
48 1148 20593 0 1777797271 300220
49 1024 40280 0 1777797271 321213
44 1017 43906 0 1777797271 324726
46 1057 34711 0 1777797271 325254
45 1093 34733 0 1777797271 325271
48 1149 25016 0 1777797271 325275
47 1132 25506 0 1777797271 325727
49 1025 16393 0 1777797271 337607
44 1018 22503 0 1777797271 347234
46 1058 21986 0 1777797271 347241
48 1150 21963 0 1777797271 347244
45 1094 23464 0 1777797271 348739
47 1133 32144 0 1777797271 357873
46 1059 21347 0 1777797271 368641
49 1026 31143 0 1777797271 368751
48 1151 24745 0 1777797271 372044
44 1019 27138 0 1777797271 374424
45 1095 25771 0 1777797271 374515
47 1134 16648 0 1777797271 374522
48 1152 27179 0 1777797271 399227
46 1060 31035 0 1777797271 399788
47 1135 25255 0 1777797271 399795
49 1027 31009 0 1777797271 399801
45 1096 31836 0 1777797271 406369
48 1153 15592 0 1777797271 414821
47 1136 15290 0 1777797271 415109
48 1154 9493 0 1777797271 424338
49 1028 29545 0 1777797271 429372
48 1155 5152 0 1777797271 429491
45 1097 25622 0 1777797271 431996
49 1029 3626 0 1777797271 432999
47 1137 25757 0 1777797271 440869
48 1156 11380 0 1777797271 440872
46 1061 42039 0 1777797271 441841
47 1138 8417 0 1777797271 449290
45 1098 17853 0 1777797271 449850
48 1157 11464 0 1777797271 452342
48 1158 8550 0 1777797271 460893
44 1020 89262 0 1777797271 463786
49 1030 32722 0 1777797271 465721
45 1099 31977 0 1777797271 481828
47 1139 32541 0 1777797271 481832
44 1021 18327 0 1777797271 482114
44 1022 1846 0 1777797271 483961
44 1023 3301 0 1777797271 487264
44 1024 13748 0 1777797271 501015
44 1025 3090 0 1777797271 504109
44 1026 4174 0 1777797271 508285
45 1100 50085 0 1777797271 531917
48 1159 71067 0 1777797271 531962
49 1031 66288 0 1777797271 532010
47 1140 54986 0 1777797271 536826
45 1101 8848 0 1777797271 540812
48 1160 9035 0 1777797271 541022
49 1032 9017 0 1777797271 541030
44 1027 32805 0 1777797271 541093
46 1062 101632 0 1777797271 543475
47 1141 13778 0 1777797271 550606
45 1102 18071 0 1777797271 559101
46 1063 15630 0 1777797271 559106
48 1161 18073 0 1777797271 559111
49 1033 18070 0 1777797271 559114
44 1028 24632 0 1777797271 565728
47 1142 16248 0 1777797271 566857
44 1029 16438 0 1777797271 582173
46 1064 23060 0 1777797271 582180
45 1103 23849 0 1777797271 582965
49 1034 24460 0 1777797271 583591
47 1143 21789 0 1777797271 588649
48 1162 29528 0 1777797271 588655
46 1065 23854 0 1777797271 606046
44 1030 24817 0 1777797271 606998
47 1144 19699 0 1777797271 608354
48 1163 19696 0 1777797271 608360
49 1035 24633 0 1777797271 608364
45 1104 26438 0 1777797271 610030
44 1031 6432 0 1777797271 613431
46 1066 10060 0 1777797271 616107
45 1105 12490 0 1777797271 622521
48 1164 14155 0 1777797271 622528
49 1036 14155 0 1777797271 622533
47 1145 16947 0 1777797271 625311
49 1037 7328 0 1777797271 629877
46 1067 14299 0 1777797271 630409
44 1032 17539 0 1777797271 630977
45 1106 14667 0 1777797271 637200
48 1165 14665 0 1777797271 637208
49 1038 9122 0 1777797271 639001
47 1146 18910 0 1777797271 644224
44 1033 17059 0 1777797271 648039
46 1068 17632 0 1777797271 648047
48 1166 10819 0 1777797271 648052
45 1107 11992 0 1777797271 649201
49 1039 14230 0 1777797271 653233
44 1034 7828 0 1777797271 655880
45 1108 9630 0 1777797271 658832
49 1040 6734 0 1777797271 659968
44 1035 6749 0 1777797271 662633
48 1167 21880 0 1777797271 669946
46 1069 21926 0 1777797271 669988
47 1147 25782 0 1777797271 670009
49 1041 12949 0 1777797271 672919
46 1070 4569 0 1777797271 674560
44 1036 13465 0 1777797271 676100
48 1168 6153 0 1777797271 676105
47 1148 8791 0 1777797271 678802
45 1109 21793 0 1777797271 680627
48 1169 14333 0 1777797271 690444
49 1042 17532 0 1777797271 690452
44 1037 15047 0 1777797271 691153
45 1110 10568 0 1777797271 691196
46 1071 16745 0 1777797271 691307
49 1043 3408 0 1777797271 693869
48 1170 8710 0 1777797271 699162
46 1072 8384 0 1777797271 699692
49 1044 5828 0 1777797271 699698
45 1111 9540 0 1777797271 700737
44 1038 10858 0 1777797271 702016
48 1171 6550 0 1777797271 705717
49 1045 8254 0 1777797271 707960
46 1073 9029 0 1777797271 708727
45 1112 11917 0 1777797271 712655
49 1046 6155 0 1777797271 714116
45 1113 3188 0 1777797271 715844
48 1172 15971 0 1777797271 721689
45 1114 12537 0 1777797271 728382
46 1074 21826 0 1777797271 730554
49 1047 18603 0 1777797271 732722
47 1149 54938 0 1777797271 733741
48 1173 12693 0 1777797271 734383
47 1150 12340 0 1777797271 746082
48 1174 11929 0 1777797271 746313
47 1151 3778 0 1777797271 749861
44 1039 51746 0 1777797271 753764
46 1075 27341 0 1777797271 757896
44 1040 10905 0 1777797271 764670
46 1076 11169 0 1777797271 769066
48 1175 31518 0 1777797271 777860
48 1176 4205 0 1777797271 782070
44 1041 26976 0 1777797271 791647
47 1152 41799 0 1777797271 791666
49 1048 58963 0 1777797271 791685
44 1042 13896 0 1777797271 805582
46 1077 36525 0 1777797271 805593
47 1153 13890 0 1777797271 805598
48 1177 23530 0 1777797271 805602
48 1178 26549 0 1777797271 832173
45 1115 112425 0 1777797271 840809
49 1049 49110 0 1777797271 840828
44 1043 51572 0 1777797271 857174
46 1078 51587 0 1777797271 857201
48 1179 31936 0 1777797271 864112
46 1079 13332 0 1777797271 870534
47 1154 64921 0 1777797271 870540
49 1050 29716 0 1777797271 870545
48 1180 10364 0 1777797271 874477
45 1116 35724 0 1777797271 876535
47 1155 9617 0 1777797271 880170
45 1117 6519 0 1777797271 883057
48 1181 8579 0 1777797271 883061
44 1044 33335 0 1777797271 890511
47 1156 13270 0 1777797271 893442
49 1051 24589 0 1777797271 895148
44 1045 7407 0 1777797271 897920
44 1046 5201 0 1777797271 903124
48 1182 21919 0 1777797271 904997
46 1080 35781 0 1777797271 906326
47 1157 12886 0 1777797271 906329
46 1081 14999 0 1777797271 921328
47 1158 15001 0 1777797271 921335
48 1183 16341 0 1777797271 921339
44 1047 21910 0 1777797271 925035
45 1118 42002 0 1777797271 925063
47 1159 3723 0 1777797271 925071
46 1082 7600 0 1777797271 928940
48 1184 7595 0 1777797271 928948
46 1083 8058 0 1777797271 937007
48 1185 9034 0 1777797271 937993
44 1048 19623 0 1777797271 944695
46 1084 12154 0 1777797271 949163
45 1119 24225 0 1777797271 949320
48 1186 11332 0 1777797271 949326
47 1160 24871 0 1777797271 949977
47 1161 4281 0 1777797271 954263
48 1187 4935 0 1777797271 954271
49 1052 59144 0 1777797271 954293
44 1049 13799 0 1777797271 958499
45 1120 9191 0 1777797271 958518
47 1162 4230 0 1777797271 958525
48 1188 4207 0 1777797271 958532
44 1050 6357 0 1777797271 964890
45 1121 6347 0 1777797271 964897
46 1085 15741 0 1777797271 964906
47 1163 6322 0 1777797271 964912
48 1189 6317 0 1777797271 964917
46 1086 10762 0 1777797271 975705
48 1190 10758 0 1777797271 975728
47 1164 12150 0 1777797271 977107
45 1122 12576 0 1777797271 977511
44 1051 12991 0 1777797271 977919
44 1052 11599 0 1777797271 989520
45 1123 12065 0 1777797271 989577
47 1165 12473 0 1777797271 989583
48 1191 13843 0 1777797271 989587
46 1087 18004 0 1777797271 993733
44 1053 9040 0 1777797271 998627
48 1192 9742 0 1777797271 999350
46 1088 8051 0 1777797272 1785
47 1166 12189 0 1777797272 1791
44 1054 12191 0 1777797272 10819
45 1124 21233 0 1777797272 10828
48 1193 11482 0 1777797272 10832
49 1053 56481 0 1777797272 10837
46 1089 9071 0 1777797272 10863
47 1167 9066 0 1777797272 10866
44 1055 10307 0 1777797272 21144
48 1194 10334 0 1777797272 21183
46 1090 14510 0 1777797272 25376
47 1168 14513 0 1777797272 25384
49 1054 16164 0 1777797272 27016
45 1125 16677 0 1777797272 27521
48 1195 10171 0 1777797272 31387
45 1126 4271 0 1777797272 31797
49 1055 8332 0 1777797272 35350
47 1169 10663 0 1777797272 36057
44 1056 17204 0 1777797272 38388
44 1057 8060 0 1777797272 46451
45 1127 14659 0 1777797272 46458
47 1170 10402 0 1777797272 46464
49 1056 11116 0 1777797272 46470
46 1091 23687 0 1777797272 49073
47 1171 8099 0 1777797272 54586
48 1196 23205 0 1777797272 54595
49 1057 8105 0 1777797272 54600
45 1128 8860 0 1777797272 55341
44 1058 17527 0 1777797272 63998
45 1129 15941 0 1777797272 71284
49 1058 17207 0 1777797272 71827
44 1059 10871 0 1777797272 74872
49 1059 4964 0 1777797272 76793
45 1130 9694 0 1777797272 80980
47 1172 26760 0 1777797272 81362
44 1060 25036 0 1777797272 99914
46 1092 50846 0 1777797272 99924
47 1173 18563 0 1777797272 99931
48 1197 45332 0 1777797272 99944
49 1060 23156 0 1777797272 99951
47 1174 12344 0 1777797272 112317
44 1061 17933 0 1777797272 117885
49 1061 17928 0 1777797272 117918
44 1062 7822 0 1777797272 125741
47 1175 13433 0 1777797272 125774
48 1198 25803 0 1777797272 125784
49 1062 7852 0 1777797272 125793
46 1093 39175 0 1777797272 139138
45 1131 61923 0 1777797272 142907
44 1063 22957 0 1777797272 148751
49 1063 23324 0 1777797272 149154
46 1094 9967 0 1777797272 149174
47 1176 23377 0 1777797272 149179
44 1064 23786 0 1777797272 172941
46 1095 23766 0 1777797272 172945
49 1064 23785 0 1777797272 172949
48 1199 49318 0 1777797272 175127
47 1177 28409 0 1777797272 177594
48 1200 9423 0 1777797272 184552
47 1178 12848 0 1777797272 190444
48 1201 9303 0 1777797272 193865
45 1132 51804 0 1777797272 194714
45 1133 814 0 1777797272 195529
47 1179 5479 0 1777797272 195924
45 1134 2886 0 1777797272 198416
45 1135 1943 0 1777797272 200360
48 1202 10978 0 1777797272 204847
45 1136 4929 0 1777797272 205290
45 1137 5595 0 1777797272 210885
44 1065 55744 0 1777797272 228693
46 1096 55744 0 1777797272 228699
47 1180 32778 0 1777797272 228703
49 1065 56575 0 1777797272 229543
48 1203 25185 0 1777797272 230034
45 1138 26130 0 1777797272 237016
47 1181 24457 0 1777797272 253176
45 1139 24421 0 1777797272 261439
44 1066 44349 0 1777797272 273052
45 1140 13143 0 1777797272 274588
48 1204 60273 0 1777797272 290308
49 1066 60765 0 1777797272 290312
48 1205 22434 0 1777797272 312746
47 1182 59974 0 1777797272 313151
44 1067 43807 0 1777797272 316861
46 1097 89055 0 1777797272 317767
46 1098 3851 0 1777797272 321622
46 1099 1067 0 1777797272 322693
45 1141 53875 0 1777797272 328471
49 1067 38163 0 1777797272 328481
47 1183 19720 0 1777797272 332873
48 1206 20143 0 1777797272 332892
49 1068 12502 0 1777797272 341008
44 1068 28966 0 1777797272 345830
45 1142 17358 0 1777797272 345839
46 1100 23149 0 1777797272 345845
47 1184 12957 0 1777797272 345851
48 1207 12944 0 1777797272 345859
49 1069 6833 0 1777797272 347843
48 1208 6133 0 1777797272 352026
47 1185 6587 0 1777797272 352471
49 1070 15819 0 1777797272 363665
47 1186 12603 0 1777797272 365079
48 1209 13053 0 1777797272 365088
44 1069 23434 0 1777797272 369295
46 1101 23691 0 1777797272 369568
45 1143 33586 0 1777797272 379457
44 1070 11121 0 1777797272 380693
47 1187 15612 0 1777797272 380701
49 1071 19104 0 1777797272 382771
46 1102 14574 0 1777797272 384173
48 1210 19093 0 1777797272 384194
44 1071 14750 0 1777797272 395452
49 1072 14938 0 1777797272 397714
46 1103 13898 0 1777797272 398093
44 1072 13947 0 1777797272 409403
46 1104 11314 0 1777797272 409410
47 1188 28704 0 1777797272 409416
49 1073 11706 0 1777797272 409423
48 1211 29605 0 1777797272 413818
47 1189 4974 0 1777797272 414418
46 1105 13710 0 1777797272 423145
44 1073 16173 0 1777797272 425597
49 1074 22030 0 1777797272 431520
44 1074 7985 0 1777797272 433593
46 1106 13685 0 1777797272 436838
49 1075 7736 0 1777797272 439257
44 1075 13198 0 1777797272 446794
47 1190 33190 0 1777797272 447610
49 1076 9719 0 1777797272 448978
47 1191 17287 0 1777797272 464899
46 1107 31141 0 1777797272 467980
48 1212 56385 0 1777797272 470206
44 1076 33032 0 1777797272 479829
48 1213 11536 0 1777797272 481742
47 1192 18019 0 1777797272 482919
48 1214 8264 0 1777797272 490008
47 1193 8160 0 1777797272 491080
47 1194 6119 0 1777797272 497200
46 1108 29718 0 1777797272 497699
47 1195 5422 0 1777797272 502624
47 1196 5861 0 1777797272 508486
47 1197 4472 0 1777797272 512959
47 1198 1708 0 1777797272 514669
47 1199 3180 0 1777797272 517849
47 1200 3709 0 1777797272 521559
44 1077 42230 0 1777797272 522065
48 1215 33312 0 1777797272 523324
46 1109 33471 0 1777797272 531171
44 1078 13513 0 1777797272 535579
45 1144 156115 0 1777797272 535582
49 1077 86609 0 1777797272 535587
46 1110 14970 0 1777797272 546142
47 1201 24593 0 1777797272 546153
45 1145 18354 0 1777797272 553947
44 1079 18777 0 1777797272 554364
49 1078 18773 0 1777797272 554372
48 1216 34471 0 1777797272 557796
45 1146 8495 0 1777797272 562444
48 1217 4656 0 1777797272 562454
45 1147 4210 0 1777797272 566665
48 1218 4214 0 1777797272 566679
48 1219 10417 0 1777797272 577106
47 1202 30959 0 1777797272 577137
45 1148 11720 0 1777797272 578400
49 1079 24224 0 1777797272 578606
47 1203 3663 0 1777797272 580802
49 1080 2643 0 1777797272 581251
44 1080 30843 0 1777797272 585216
48 1220 8328 0 1777797272 585440
44 1081 10255 0 1777797272 595474
47 1204 15135 0 1777797272 595944
48 1221 10515 0 1777797272 595956
49 1081 14709 0 1777797272 595962
46 1111 51265 0 1777797272 597419
44 1082 10248 0 1777797272 606212
46 1112 8798 0 1777797272 606219
47 1205 10248 0 1777797272 606222
48 1222 10244 0 1777797272 606227
49 1082 10238 0 1777797272 606230
45 1149 31495 0 1777797272 609898
46 1113 6895 0 1777797272 613135
49 1083 6889 0 1777797272 613142
44 1083 18682 0 1777797272 624914
45 1150 15017 0 1777797272 624921
46 1114 11784 0 1777797272 624927
47 1206 18695 0 1777797272 624939
48 1223 18984 0 1777797272 625233
49 1084 12096 0 1777797272 625248
44 1084 10683 0 1777797272 635932
45 1151 10681 0 1777797272 635942
46 1115 10682 0 1777797272 635949
47 1207 10683 0 1777797272 635955
48 1224 10697 0 1777797272 635975
49 1085 10700 0 1777797272 635983
44 1085 5237 0 1777797272 641222
49 1086 5193 0 1777797272 641232
46 1116 6198 0 1777797272 642205
47 1208 6224 0 1777797272 642238
45 1152 10124 0 1777797272 646121
44 1086 11885 0 1777797272 653119
46 1117 10912 0 1777797272 653152
47 1209 10894 0 1777797272 653175
48 1225 17185 0 1777797272 653206
49 1087 11979 0 1777797272 653351
45 1153 10896 0 1777797272 657019
47 1210 3737 0 1777797272 657025
48 1226 3700 0 1777797272 657030
44 1087 11004 0 1777797272 664211
46 1118 11205 0 1777797272 664472
49 1088 11136 0 1777797272 664488
45 1154 12899 0 1777797272 669930
48 1227 21992 0 1777797272 679038
47 1211 22033 0 1777797272 679072
46 1119 17645 0 1777797272 682155
44 1088 17680 0 1777797272 682169
49 1089 23055 0 1777797272 687575
47 1212 12812 0 1777797272 691885
45 1155 25576 0 1777797272 695511
44 1089 20589 0 1777797272 702759
46 1120 20626 0 1777797272 702782
49 1090 15206 0 1777797272 702789
47 1213 16851 0 1777797272 708738
48 1228 29704 0 1777797272 708745
45 1156 20002 0 1777797272 715516
44 1090 22108 0 1777797272 724898
46 1121 22145 0 1777797272 724954
49 1091 22148 0 1777797272 724964
47 1214 22006 0 1777797272 730752
48 1229 22002 0 1777797272 730759
45 1157 57944 0 1777797272 773467
44 1091 49411 0 1777797272 774376
46 1122 49388 0 1777797272 774379
47 1215 43623 0 1777797272 774383
48 1230 43621 0 1777797272 774387
49 1092 63092 0 1777797272 788093
44 1092 24085 0 1777797272 798473
48 1231 24081 0 1777797272 798482
49 1093 10395 0 1777797272 798489
47 1216 31192 0 1777797272 805591
47 1217 7358 0 1777797272 812965
48 1232 14693 0 1777797272 813195
46 1123 40964 0 1777797272 815358
49 1094 16834 0 1777797272 815367
48 1233 4370 0 1777797272 817566
47 1218 6809 0 1777797272 819785
48 1234 3844 0 1777797272 821414
46 1124 10069 0 1777797272 825437
49 1095 24653 0 1777797272 840032
44 1093 41904 0 1777797272 840394
45 1158 74303 0 1777797272 847772
49 1096 10961 0 1777797272 850999
45 1159 4524 0 1777797272 852306
49 1097 8549 0 1777797272 859552
44 1094 29463 0 1777797272 869859
45 1160 17571 0 1777797272 869881
46 1125 44500 0 1777797272 869940
49 1098 12341 0 1777797272 871898
45 1161 4229 0 1777797272 874185
45 1162 21253 0 1777797272 895441
46 1126 25479 0 1777797272 895456
44 1095 47890 0 1777797272 917831
49 1099 45936 0 1777797272 917836
48 1235 97539 0 1777797272 918956
48 1236 4440 0 1777797272 923403
48 1237 950 0 1777797272 924356
44 1096 11873 0 1777797272 929710
49 1100 11877 0 1777797272 929719
44 1097 5662 0 1777797272 935382
45 1163 39951 0 1777797272 935408
46 1127 41636 0 1777797272 937109
46 1128 2790 0 1777797272 939901
45 1164 7352 0 1777797272 942790
49 1101 13067 0 1777797272 942797
44 1098 10550 0 1777797272 945959
44 1099 5681 0 1777797272 951642
46 1129 13710 0 1777797272 953613
44 1100 10270 0 1777797272 961921
47 1219 142142 0 1777797272 961930
48 1238 38261 0 1777797272 962619
46 1130 10554 0 1777797272 964170
45 1165 21597 0 1777797272 964395
44 1101 4970 0 1777797272 966916
48 1239 7931 0 1777797272 970552
46 1131 7124 0 1777797272 971296
45 1166 16076 0 1777797272 980473
46 1132 9211 0 1777797272 980510
47 1220 18508 0 1777797272 980516
48 1240 9969 0 1777797272 980523
49 1102 38702 0 1777797272 981519
47 1221 3316 0 1777797272 983858
45 1167 10067 0 1777797272 990591
46 1133 10093 0 1777797272 990627
47 1222 6774 0 1777797272 990634
49 1103 9120 0 1777797272 990641
44 1102 33065 0 1777797272 999984
45 1168 9350 0 1777797272 999992
46 1134 9334 0 1777797272 999997
47 1223 9332 0 1777797273 3
48 1241 19440 0 1777797273 9
49 1104 9336 0 1777797273 14
46 1135 5133 0 1777797273 5335
45 1169 8215 0 1777797273 8238
44 1103 15803 0 1777797273 15819
45 1170 7596 0 1777797273 15837
49 1105 15613 0 1777797273 15846
47 1224 15700 0 1777797273 15915
46 1136 14672 0 1777797273 20018
48 1242 19804 0 1777797273 20028
45 1171 6303 0 1777797273 22169
44 1104 6495 0 1777797273 22342
44 1105 10624 0 1777797273 32968
45 1172 10808 0 1777797273 32980
46 1137 12958 0 1777797273 32987
47 1225 17076 0 1777797273 32993
48 1243 12938 0 1777797273 33001
49 1106 17121 0 1777797273 33008
44 1106 8454 0 1777797273 41463
45 1173 8446 0 1777797273 41473
47 1226 8423 0 1777797273 41479
48 1244 8779 0 1777797273 41852
46 1138 8869 0 1777797273 41916
49 1107 8842 0 1777797273 41922
46 1139 7732 0 1777797273 49654
49 1108 7728 0 1777797273 49659
48 1245 10781 0 1777797273 52680
44 1107 24078 0 1777797273 65935
45 1174 24079 0 1777797273 65958
46 1140 16307 0 1777797273 65966
48 1246 13283 0 1777797273 65972
49 1109 16325 0 1777797273 65990
44 1108 14471 0 1777797273 80463
45 1175 14465 0 1777797273 80482
46 1141 14464 0 1777797273 80489
48 1247 14462 0 1777797273 80496
49 1110 14460 0 1777797273 80502
47 1227 41697 0 1777797273 83586
46 1142 12155 0 1777797273 92677
48 1248 12088 0 1777797273 92699
49 1111 12068 0 1777797273 92706
44 1109 19197 0 1777797273 99700
45 1176 19194 0 1777797273 99709
48 1249 6997 0 1777797273 99716
49 1112 6995 0 1777797273 99723
46 1143 12149 0 1777797273 104857
44 1110 8020 0 1777797273 107744
49 1113 8001 0 1777797273 107754
45 1177 8785 0 1777797273 108520
48 1250 19492 0 1777797273 119238
45 1178 14042 0 1777797273 122564
49 1114 14803 0 1777797273 122570
44 1111 15681 0 1777797273 123436
46 1144 18579 0 1777797273 123446
47 1228 45556 0 1777797273 129152
48 1251 9930 0 1777797273 129170
44 1112 14134 0 1777797273 137581
45 1179 15024 0 1777797273 137595
47 1229 8431 0 1777797273 137602
48 1252 8417 0 1777797273 137609
46 1145 26024 0 1777797273 149483
49 1115 26920 0 1777797273 149496
47 1230 12151 0 1777797273 149946
44 1113 12459 0 1777797273 150070
45 1180 12446 0 1777797273 150074
48 1253 13833 0 1777797273 151639
46 1146 6782 0 1777797273 156279
49 1116 8120 0 1777797273 157630
44 1114 11802 0 1777797273 161877
45 1181 11816 0 1777797273 161896
47 1231 13605 0 1777797273 163555
44 1115 18422 0 1777797273 180320
46 1147 24046 0 1777797273 180328
47 1232 16778 0 1777797273 180342
48 1254 28708 0 1777797273 180350
49 1117 22725 0 1777797273 180357
45 1182 28253 0 1777797273 190170
47 1233 9704 0 1777797273 190188
48 1255 9703 0 1777797273 190196
49 1118 9702 0 1777797273 190202
44 1116 14284 0 1777797273 194642
46 1148 14299 0 1777797273 194666
48 1256 50628 0 1777797273 240854
44 1117 173710 0 1777797273 368377
45 1183 178186 0 1777797273 368389
49 1119 184889 0 1777797273 375127
45 1184 27487 0 1777797273 395894
48 1257 159210 0 1777797273 400078
45 1185 13418 0 1777797273 409315
47 1234 219110 0 1777797273 409329
49 1120 36205 0 1777797273 411334
49 1121 5122 0 1777797273 416461
47 1235 16067 0 1777797273 425413
48 1258 25315 0 1777797273 425421
45 1186 16356 0 1777797273 425686
44 1118 60125 0 1777797273 428515
47 1236 4869 0 1777797273 430292
48 1259 5332 0 1777797273 430767
45 1187 6658 0 1777797273 432345
49 1122 17131 0 1777797273 433597
48 1260 14469 0 1777797273 445238
49 1123 11645 0 1777797273 445248
48 1261 13021 0 1777797273 458270
49 1124 13024 0 1777797273 458289
48 1262 5872 0 1777797273 464162
49 1125 5708 0 1777797273 464176
49 1126 4766 0 1777797273 468971
48 1263 5218 0 1777797273 469396
48 1264 2251 0 1777797273 471652
48 1265 1072 0 1777797273 472729
45 1188 43164 0 1777797273 475511
48 1266 3231 0 1777797273 475964
44 1119 50162 0 1777797273 478679
46 1149 284194 0 1777797273 478884
44 1120 10308 0 1777797273 488990
48 1267 13037 0 1777797273 489003
45 1189 40090 0 1777797273 515603
47 1237 85365 0 1777797273 515663
49 1127 46682 0 1777797273 515669
49 1128 26842 0 1777797273 542606
46 1150 65939 0 1777797273 544825
47 1238 43066 0 1777797273 558824
48 1268 69731 0 1777797273 558833
49 1129 16229 0 1777797273 558837
45 1190 48326 0 1777797273 563996
44 1121 80847 0 1777797273 569934
46 1151 29815 0 1777797273 574644
47 1239 24774 0 1777797273 583612
48 1269 24777 0 1777797273 583622
44 1122 25372 0 1777797273 595313
45 1191 31316 0 1777797273 595318
46 1152 20676 0 1777797273 595322
47 1240 11703 0 1777797273 595326
48 1270 11690 0 1777797273 595329
49 1130 36483 0 1777797273 595333
45 1192 20343 0 1777797273 615683
48 1271 20332 0 1777797273 615687
44 1123 30960 0 1777797273 626294
46 1153 33670 0 1777797273 629013
47 1241 33680 0 1777797273 629032
48 1272 13348 0 1777797273 629041
49 1131 33690 0 1777797273 629049
45 1193 13556 0 1777797273 629243
44 1124 15017 0 1777797273 644067
45 1194 14827 0 1777797273 644072
46 1154 15009 0 1777797273 644076
47 1242 14995 0 1777797273 644080
48 1273 14982 0 1777797273 644084
49 1132 14955 0 1777797273 644088
48 1274 26915 0 1777797273 671023
49 1133 26930 0 1777797273 671043
47 1243 31318 0 1777797273 675422
45 1195 36839 0 1777797273 680933
49 1134 9955 0 1777797273 681029
44 1125 40022 0 1777797273 684112
46 1155 41786 0 1777797273 685885
46 1156 9411 0 1777797273 695300
44 1126 13829 0 1777797273 697954
45 1196 16980 0 1777797273 698011
48 1275 26977 0 1777797273 698021
47 1244 23691 0 1777797273 699125
49 1135 18241 0 1777797273 699286
46 1157 4053 0 1777797273 699355
49 1136 4413 0 1777797273 703700
46 1158 4949 0 1777797273 704305
49 1137 4850 0 1777797273 708557
47 1245 11127 0 1777797273 710253
46 1159 8253 0 1777797273 712562
44 1127 15206 0 1777797273 713228
45 1197 18384 0 1777797273 716418
48 1276 18382 0 1777797273 716426
46 1160 10053 0 1777797273 722617
45 1198 8469 0 1777797273 724896
47 1246 14648 0 1777797273 724904
44 1128 12996 0 1777797273 726229
49 1138 19766 0 1777797273 728325
46 1161 15923 0 1777797273 738542
47 1247 13635 0 1777797273 738550
49 1139 10251 0 1777797273 738578
44 1129 16389 0 1777797273 742621
45 1199 18543 0 1777797273 743448
47 1248 5083 0 1777797273 743732
49 1140 5280 0 1777797273 743938
46 1162 14642 0 1777797273 753223
47 1249 9503 0 1777797273 753237
48 1277 36807 0 1777797273 753245
49 1141 9312 0 1777797273 753252
49 1142 10591 0 1777797273 763894
47 1250 12710 0 1777797273 765989
45 1200 26827 0 1777797273 770291
49 1143 6404 0 1777797273 770300
48 1278 17184 0 1777797273 770475
47 1251 6015 0 1777797273 772007
49 1144 2894 0 1777797273 773269
49 1145 1617 0 1777797273 774896
49 1146 2941 0 1777797273 777839
48 1279 8124 0 1777797273 778600
45 1201 8741 0 1777797273 779043
47 1252 9039 0 1777797273 781050
46 1163 33538 0 1777797273 786791
49 1147 26761 0 1777797273 804602
46 1164 18135 0 1777797273 804928
48 1280 33137 0 1777797273 811740
44 1130 79224 0 1777797273 821847
46 1165 27109 0 1777797273 832039
44 1131 18151 0 1777797273 840002
45 1202 60952 0 1777797273 840021
47 1253 60442 0 1777797273 841502
45 1203 2123 0 1777797273 842193
44 1132 3054 0 1777797273 843078
45 1204 1956 0 1777797273 844153
47 1254 5158 0 1777797273 846668
45 1205 5439 0 1777797273 849599
47 1255 2936 0 1777797273 849610
44 1133 14186 0 1777797273 857270
47 1256 7668 0 1777797273 857289
48 1281 45551 0 1777797273 857297
47 1257 5494 0 1777797273 862800
46 1166 35569 0 1777797273 867611
48 1282 10305 0 1777797273 867619
47 1258 5129 0 1777797273 867931
44 1134 10701 0 1777797273 867999
46 1167 2794 0 1777797273 870415
48 1283 3762 0 1777797273 871396
47 1259 8871 0 1777797273 876803
49 1148 72206 0 1777797273 876812
45 1206 28386 0 1777797273 877997
44 1135 11693 0 1777797273 879693
48 1284 15272 0 1777797273 886670
49 1149 9844 0 1777797273 886677
45 1207 9311 0 1777797273 887310
46 1168 17594 0 1777797273 888014
47 1260 14306 0 1777797273 891119
46 1169 9125 0 1777797273 897143
47 1261 6107 0 1777797273 897234
46 1170 5249 0 1777797273 902400
47 1262 5205 0 1777797273 902440
44 1136 31864 0 1777797273 911560
45 1208 24299 0 1777797273 911611
48 1285 24938 0 1777797273 911616
49 1150 24891 0 1777797273 911620
46 1171 9983 0 1777797273 912425
47 1263 10373 0 1777797273 912897
46 1172 5162 0 1777797273 917589
44 1137 13887 0 1777797273 925508
45 1209 13900 0 1777797273 925527
46 1173 7943 0 1777797273 925535
48 1286 13921 0 1777797273 925553
49 1151 13924 0 1777797273 925561
46 1174 7256 0 1777797273 932849
44 1138 15125 0 1777797273 940687
46 1175 7843 0 1777797273 940697
48 1287 15104 0 1777797273 940705
45 1210 21232 0 1777797273 946815
45 1211 2178 0 1777797273 948997
46 1176 8297 0 1777797273 949019
44 1139 11774 0 1777797273 952480
48 1288 11765 0 1777797273 952498
48 1289 4107 0 1777797273 956617
46 1177 8237 0 1777797273 957288
49 1152 33003 0 1777797273 958612
44 1140 15861 0 1777797273 968360
45 1212 19366 0 1777797273 968387
46 1178 11108 0 1777797273 968398
48 1290 11786 0 1777797273 968405
49 1153 9798 0 1777797273 968412
47 1264 60604 0 1777797273 973503
45 1213 12787 0 1777797273 981215
44 1141 13029 0 1777797273 981442
49 1154 17525 0 1777797273 985976
44 1142 7177 0 1777797273 988620
48 1291 20188 0 1777797273 988631
49 1155 2833 0 1777797273 988829
45 1214 7932 0 1777797273 989150
47 1265 17292 0 1777797273 990798
46 1179 27214 0 1777797273 995650
45 1215 52271 0 1777797274 41423
46 1180 46920 0 1777797274 42578
47 1266 53966 0 1777797274 44774
49 1156 59757 0 1777797274 48587
47 1267 10453 0 1777797274 55233
46 1181 13672 0 1777797274 56253
44 1143 76238 0 1777797274 64870
46 1182 8623 0 1777797274 64878
45 1216 24526 0 1777797274 65958
47 1268 10755 0 1777797274 65991
48 1292 79059 0 1777797274 67700
47 1269 1767 0 1777797274 67759
49 1157 19870 0 1777797274 68458
47 1270 1141 0 1777797274 68902
47 1271 1163 0 1777797274 70069
48 1293 5119 0 1777797274 72824
49 1158 6089 0 1777797274 74556
47 1272 8198 0 1777797274 78270
48 1294 5456 0 1777797274 78289
44 1144 14577 0 1777797274 79458
46 1183 31436 0 1777797274 96327
49 1159 21781 0 1777797274 96346
45 1217 31223 0 1777797274 97188
48 1295 18871 0 1777797274 97196
44 1145 18708 0 1777797274 98168
47 1273 21174 0 1777797274 99465
44 1146 8830 0 1777797274 107001
48 1296 14665 0 1777797274 111871
48 1297 9249 0 1777797274 121123
44 1147 15034 0 1777797274 122039
49 1160 26478 0 1777797274 122850
44 1148 7222 0 1777797274 129263
48 1298 8145 0 1777797274 129273
49 1161 8514 0 1777797274 131365
45 1218 34470 0 1777797274 131667
48 1299 7316 0 1777797274 136611
44 1149 9626 0 1777797274 138899
46 1184 44090 0 1777797274 140437
47 1274 41498 0 1777797274 140970
46 1185 6305 0 1777797274 146748
45 1219 18625 0 1777797274 150294
47 1275 9350 0 1777797274 150322
48 1300 20754 0 1777797274 157366
49 1162 26008 0 1777797274 157375
44 1150 18639 0 1777797274 157540
46 1186 10799 0 1777797274 157550
45 1220 9383 0 1777797274 159706
46 1187 3595 0 1777797274 161161
49 1163 8091 0 1777797274 165478
44 1151 8430 0 1777797274 165981
45 1221 6276 0 1777797274 165990
48 1301 8620 0 1777797274 165996
46 1188 6069 0 1777797274 167232
45 1222 2554 0 1777797274 168561
49 1164 3274 0 1777797274 168754
47 1276 21781 0 1777797274 172123
49 1165 6266 0 1777797274 175021
44 1152 11015 0 1777797274 177011
47 1277 8073 0 1777797274 180205
46 1189 13725 0 1777797274 180959
45 1223 12943 0 1777797274 181506
47 1278 3169 0 1777797274 183376
47 1279 8181 0 1777797274 191560
48 1302 25564 0 1777797274 191577
49 1166 16559 0 1777797274 191582
44 1153 15149 0 1777797274 192161
45 1224 10660 0 1777797274 192169
46 1190 11212 0 1777797274 192174
49 1167 3654 0 1777797274 195263
46 1191 5469 0 1777797274 197658
46 1192 1086 0 1777797274 198746
45 1225 7213 0 1777797274 199395
44 1154 13085 0 1777797274 205260
49 1168 10018 0 1777797274 205284
44 1155 4805 0 1777797274 210091
45 1226 10697 0 1777797274 210098
46 1193 11357 0 1777797274 210105
47 1280 18527 0 1777797274 210110
48 1303 18517 0 1777797274 210117
49 1169 4820 0 1777797274 210122
47 1281 7076 0 1777797274 217254
44 1156 7672 0 1777797274 217795
45 1227 7648 0 1777797274 217801
46 1194 7647 0 1777797274 217808
48 1304 7629 0 1777797274 217814
49 1170 7663 0 1777797274 217862
47 1282 2720 0 1777797274 219979
45 1228 6508 0 1777797274 224381
46 1195 6509 0 1777797274 224387
48 1305 6501 0 1777797274 224393
49 1171 7030 0 1777797274 224931
45 1229 10778 0 1777797274 235171
46 1196 10782 0 1777797274 235184
46 1197 3753 0 1777797274 238950
45 1230 4349 0 1777797274 239534
46 1198 1615 0 1777797274 240568
45 1231 2180 0 1777797274 241716
46 1199 2999 0 1777797274 243568
45 1232 3874 0 1777797274 245592
46 1200 2027 0 1777797274 245599
46 1201 1742 0 1777797274 247368
45 1233 2273 0 1777797274 247879
44 1157 35734 0 1777797274 253597
45 1234 7096 0 1777797274 254976
46 1202 9339 0 1777797274 256709
47 1283 40341 0 1777797274 260322
45 1235 6988 0 1777797274 261971
47 1284 6659 0 1777797274 266988
49 1172 53172 0 1777797274 278105
44 1158 26645 0 1777797274 280245
45 1236 18305 0 1777797274 280278
48 1306 55878 0 1777797274 280286
47 1285 17970 0 1777797274 284961
46 1203 30643 0 1777797274 287354
49 1173 9264 0 1777797274 287371
44 1159 7947 0 1777797274 288234
47 1286 5950 0 1777797274 290916
48 1307 10616 0 1777797274 290927
45 1237 16332 0 1777797274 296629
49 1174 9276 0 1777797274 296666
44 1160 10870 0 1777797274 299109
46 1204 14179 0 1777797274 301551
47 1287 10629 0 1777797274 301557
48 1308 10643 0 1777797274 301582
49 1175 7487 0 1777797274 304165
45 1238 9904 0 1777797274 306571
44 1161 13588 0 1777797274 312699
46 1205 11141 0 1777797274 312724
45 1239 12658 0 1777797274 319231
47 1288 17644 0 1777797274 319241
48 1309 17648 0 1777797274 319261
49 1176 15111 0 1777797274 319278
44 1162 14652 0 1777797274 327377
46 1206 14641 0 1777797274 327386
48 1310 9701 0 1777797274 329005
49 1177 9694 0 1777797274 329012
47 1289 9981 0 1777797274 329276
45 1240 12408 0 1777797274 331687
46 1207 11816 0 1777797274 339223
49 1178 10210 0 1777797274 339229
44 1163 13182 0 1777797274 340570
45 1241 8900 0 1777797274 340589
47 1290 11320 0 1777797274 340597
48 1311 11591 0 1777797274 340604
45 1242 6671 0 1777797274 347295
47 1291 6700 0 1777797274 347332
48 1312 6699 0 1777797274 347340
49 1179 8112 0 1777797274 347346
44 1164 8754 0 1777797274 349359
46 1208 10136 0 1777797274 349366
45 1243 8711 0 1777797274 356058
47 1292 8687 0 1777797274 356065
48 1313 8682 0 1777797274 356071
49 1180 8673 0 1777797274 356077
44 1165 8565 0 1777797274 357933
47 1293 5951 0 1777797274 362037
48 1314 5962 0 1777797274 362054
45 1244 8816 0 1777797274 364893
49 1181 8812 0 1777797274 364910
45 1245 4433 0 1777797274 369345
46 1209 19986 0 1777797274 369362
44 1166 12557 0 1777797274 370493
47 1294 10293 0 1777797274 372348
44 1167 7840 0 1777797274 378335
45 1246 8983 0 1777797274 378346
46 1210 9023 0 1777797274 378396
47 1295 6059 0 1777797274 378410
48 1315 16350 0 1777797274 378415
49 1182 13487 0 1777797274 378419
46 1211 8436 0 1777797274 386868
47 1296 9809 0 1777797274 388245
49 1183 9810 0 1777797274 388259
44 1168 9928 0 1777797274 388348
45 1247 9937 0 1777797274 388363
48 1316 12438 0 1777797274 390882
47 1297 7669 0 1777797274 395930
44 1169 8500 0 1777797274 396864
48 1317 5984 0 1777797274 396871
45 1248 9850 0 1777797274 398224
46 1212 11377 0 1777797274 398247
49 1184 10932 0 1777797274 399210
44 1170 4815 0 1777797274 401687
47 1298 5758 0 1777797274 401698
44 1171 7357 0 1777797274 409056
45 1249 10811 0 1777797274 409060
46 1213 10800 0 1777797274 409063
48 1318 12185 0 1777797274 409067
49 1185 9855 0 1777797274 409070
47 1299 9809 0 1777797274 411520
45 1250 13546 0 1777797274 422623
46 1214 13553 0 1777797274 422633
44 1172 21770 0 1777797274 430841
49 1186 21772 0 1777797274 430859
45 1251 8272 0 1777797274 430906
48 1319 27068 0 1777797274 436152
47 1300 26159 0 1777797274 437898
45 1252 22472 0 1777797274 453380
49 1187 22509 0 1777797274 453393
45 1253 26825 0 1777797274 480220
49 1188 26814 0 1777797274 480225
44 1173 105166 0 1777797274 536026
46 1215 113409 0 1777797274 536056
46 1216 10291 0 1777797274 546379
47 1301 108486 0 1777797274 546402
48 1320 110785 0 1777797274 546947
44 1174 17925 0 1777797274 553983
46 1217 8380 0 1777797274 554784
47 1302 8969 0 1777797274 555394
48 1321 10925 0 1777797274 557879
46 1218 7701 0 1777797274 563097
44 1175 9468 0 1777797274 563453
47 1303 8294 0 1777797274 563705
44 1176 16933 0 1777797274 580390
45 1254 100174 0 1777797274 580399
46 1219 17306 0 1777797274 580405
47 1304 16703 0 1777797274 580411
48 1322 22532 0 1777797274 580417
49 1189 100606 0 1777797274 580869
44 1177 9223 0 1777797274 589641
45 1255 9232 0 1777797274 589660
46 1220 9231 0 1777797274 589666
49 1190 8801 0 1777797274 589673
49 1191 3418 0 1777797274 593122
45 1256 70285 0 1777797274 659971
46 1221 70285 0 1777797274 659981
47 1305 79547 0 1777797274 659988
48 1323 79545 0 1777797274 659995
44 1178 72806 0 1777797274 662480
49 1192 69385 0 1777797274 662510
45 1257 14644 0 1777797274 674640
47 1306 14538 0 1777797274 674651
48 1324 14552 0 1777797274 674673
46 1222 18770 0 1777797274 678873
49 1193 16320 0 1777797274 678881
44 1179 16907 0 1777797274 679418
44 1180 16851 0 1777797274 696271
45 1258 21625 0 1777797274 696299
46 1223 17424 0 1777797274 696306
47 1307 21630 0 1777797274 696313
48 1325 21631 0 1777797274 696319
49 1194 17701 0 1777797274 696591
44 1181 9183 0 1777797274 705504
45 1259 14196 0 1777797274 710529
47 1308 14193 0 1777797274 710547
48 1326 14194 0 1777797274 710556
46 1224 15853 0 1777797274 712194
49 1195 16678 0 1777797274 713270
45 1260 12817 0 1777797274 723374
46 1225 11187 0 1777797274 723383
48 1327 12804 0 1777797274 723389
49 1196 10121 0 1777797274 723395
44 1182 24765 0 1777797274 730272
45 1261 6893 0 1777797274 730289
46 1226 6886 0 1777797274 730292
47 1309 19721 0 1777797274 730297
48 1328 6886 0 1777797274 730300
49 1197 14424 0 1777797274 737844
45 1262 14656 0 1777797274 744958
48 1329 14680 0 1777797274 744995
46 1227 17367 0 1777797274 747673
47 1310 17532 0 1777797274 747844
49 1198 11585 0 1777797274 749431
45 1263 10798 0 1777797274 755795
46 1228 7966 0 1777797274 755813
47 1311 10699 0 1777797274 758575
48 1330 13510 0 1777797274 758585
49 1199 9157 0 1777797274 758590
46 1229 8833 0 1777797274 764670
45 1264 15516 0 1777797274 771332
47 1312 12754 0 1777797274 771345
48 1331 12749 0 1777797274 771353
49 1200 12750 0 1777797274 771360
46 1230 13530 0 1777797274 778209
44 1183 55951 0 1777797274 786247
48 1332 22105 0 1777797274 793489
46 1231 21087 0 1777797274 799300
44 1184 20193 0 1777797274 806468
45 1265 35114 0 1777797274 806475
47 1313 35107 0 1777797274 806481
48 1333 17882 0 1777797274 811372
47 1314 8168 0 1777797274 814668
48 1334 3320 0 1777797274 814694
49 1201 45884 0 1777797274 817274
48 1335 3655 0 1777797274 818350
44 1185 14543 0 1777797274 821026
47 1315 6369 0 1777797274 821040
49 1202 5106 0 1777797274 822386
48 1336 8818 0 1777797274 827173
49 1203 5225 0 1777797274 827612
49 1204 927 0 1777797274 828541
49 1205 954 0 1777797274 829500
48 1337 4494 0 1777797274 831669
48 1338 5851 0 1777797274 837528
49 1206 8058 0 1777797274 837560
46 1232 40889 0 1777797274 840190
44 1186 23500 0 1777797274 844541
48 1339 6989 0 1777797274 844551
49 1207 6976 0 1777797274 844558
44 1187 3957 0 1777797274 848516
46 1233 8337 0 1777797274 848530
48 1340 3965 0 1777797274 848542
49 1208 6328 0 1777797274 850938
48 1341 5507 0 1777797274 854109
46 1234 8502 0 1777797274 857093
46 1235 3594 0 1777797274 860691
48 1342 9867 0 1777797274 863980
48 1343 8644 0 1777797274 872626
48 1344 5537 0 1777797274 878165
48 1345 1922 0 1777797274 880089
48 1346 8072 0 1777797274 888163
46 1236 29111 0 1777797274 889805
49 1209 40178 0 1777797274 891122
48 1347 11564 0 1777797274 899729
44 1188 58514 0 1777797274 907057
46 1237 17258 0 1777797274 907066
48 1348 7340 0 1777797274 907072
49 1210 15947 0 1777797274 907078
44 1189 5465 0 1777797274 912544
47 1316 91555 0 1777797274 912615
49 1211 5515 0 1777797274 912623
44 1190 5635 0 1777797274 918259
46 1238 11181 0 1777797274 918272
47 1317 5646 0 1777797274 918280
48 1349 11188 0 1777797274 918288
49 1212 5679 0 1777797274 918320
45 1266 120542 0 1777797274 927035
47 1318 8708 0 1777797274 927053
48 1350 8708 0 1777797274 927060
46 1239 11179 0 1777797274 929517
44 1191 12313 0 1777797274 930635
49 1213 12285 0 1777797274 930645
45 1267 3774 0 1777797274 930835
48 1351 4180 0 1777797274 931277
44 1192 9859 0 1777797274 940506
46 1240 10967 0 1777797274 940539
47 1319 13464 0 1777797274 940550
49 1214 9907 0 1777797274 940562
45 1268 10811 0 1777797274 941651
48 1352 10805 0 1777797274 942087
47 1320 23911 0 1777797274 964492
49 1215 23914 0 1777797274 964502
44 1193 25490 0 1777797274 966053
44 1194 9012 0 1777797274 975066
46 1241 34503 0 1777797274 975075
47 1321 10576 0 1777797274 975079
49 1216 10565 0 1777797274 975084
45 1269 36500 0 1777797274 978157
49 1217 7686 0 1777797274 982787
44 1195 7820 0 1777797274 982904
47 1322 7817 0 1777797274 982912
46 1242 14747 0 1777797274 989837
44 1196 7158 0 1777797274 990071
48 1353 48449 0 1777797274 990544
45 1270 12517 0 1777797274 990679
49 1218 8771 0 1777797274 991560
44 1197 7903 0 1777797274 997975
45 1271 7305 0 1777797274 997985
46 1243 8144 0 1777797274 997992
47 1323 15066 0 1777797274 997997
48 1354 7458 0 1777797274 998003
49 1219 10344 0 1777797275 1907
44 1198 11886 0 1777797275 9890
46 1244 11906 0 1777797275 9929
47 1324 11906 0 1777797275 9936
45 1272 12940 0 1777797275 10956
48 1355 12927 0 1777797275 10964
49 1220 15499 0 1777797275 17408
44 1199 10639 0 1777797275 20577
46 1245 10665 0 1777797275 20610
45 1273 9678 0 1777797275 20642
47 1325 10694 0 1777797275 20645
48 1356 13006 0 1777797275 23981
47 1326 4739 0 1777797275 25390
44 1200 5446 0 1777797275 26060
49 1221 8658 0 1777797275 26069
46 1246 8398 0 1777797275 29025
45 1274 9020 0 1777797275 29666
47 1327 4280 0 1777797275 29673
46 1247 2402 0 1777797275 31437
48 1357 7620 0 1777797275 31604
46 1248 7180 0 1777797275 38619
49 1222 13775 0 1777797275 39861
44 1201 14301 0 1777797275 40371
46 1249 2533 0 1777797275 41155
46 1250 1138 0 1777797275 42299
44 1202 8100 0 1777797275 48474
45 1275 20135 0 1777797275 49809
46 1251 7521 0 1777797275 49822
44 1203 6044 0 1777797275 54522
46 1252 4652 0 1777797275 54528
45 1276 5511 0 1777797275 55335
45 1277 5263 0 1777797275 60602
44 1204 7739 0 1777797275 62268
46 1253 7737 0 1777797275 62275
49 1223 22420 0 1777797275 62282
45 1278 3353 0 1777797275 63957
46 1254 2655 0 1777797275 64950
44 1205 4202 0 1777797275 66485
46 1255 4899 0 1777797275 69852
45 1279 6560 0 1777797275 70522
47 1328 45021 0 1777797275 74704
46 1256 6551 0 1777797275 76407
49 1224 16042 0 1777797275 78346
46 1257 5350 0 1777797275 81761
49 1225 5387 0 1777797275 83743
46 1258 5262 0 1777797275 87027
48 1358 55439 0 1777797275 87045
45 1280 17400 0 1777797275 87929
48 1359 1363 0 1777797275 88427
45 1281 1341 0 1777797275 89273
45 1282 1258 0 1777797275 90534
47 1329 16315 0 1777797275 91021
46 1259 5634 0 1777797275 92681
49 1226 8942 0 1777797275 92689
45 1283 2820 0 1777797275 93356
46 1260 2251 0 1777797275 94941
46 1261 1536 0 1777797275 96479
48 1360 8062 0 1777797275 96491
47 1330 6140 0 1777797275 97163
47 1331 1723 0 1777797275 98888
45 1284 5752 0 1777797275 99110
46 1262 4999 0 1777797275 101491
45 1285 4437 0 1777797275 103549
47 1332 4677 0 1777797275 103567
46 1263 3751 0 1777797275 105249
46 1264 4854 0 1777797275 110106
47 1333 6732 0 1777797275 110324
48 1361 15118 0 1777797275 111620
45 1286 11189 0 1777797275 114758
46 1265 6125 0 1777797275 116233
44 1206 60446 0 1777797275 126933
48 1362 15318 0 1777797275 126940
49 1227 34238 0 1777797275 126948
45 1287 13572 0 1777797275 128336
46 1266 12111 0 1777797275 128352
47 1334 18045 0 1777797275 128371
49 1228 4018 0 1777797275 130984
47 1335 5015 0 1777797275 133457
46 1267 8892 0 1777797275 137281
48 1363 10434 0 1777797275 137393
44 1207 19530 0 1777797275 146478
46 1268 9091 0 1777797275 146485
48 1364 9077 0 1777797275 146492
47 1336 13400 0 1777797275 146864
49 1229 15881 0 1777797275 146871
45 1288 18654 0 1777797275 147026
44 1208 13523 0 1777797275 160016
45 1289 13012 0 1777797275 160039
48 1365 13537 0 1777797275 160047
49 1230 13175 0 1777797275 160056
46 1269 13612 0 1777797275 160114
47 1337 13775 0 1777797275 160648
45 1290 5633 0 1777797275 165701
46 1270 5662 0 1777797275 165777
44 1209 13040 0 1777797275 173096
47 1338 12455 0 1777797275 173104
48 1366 13038 0 1777797275 173113
49 1231 13033 0 1777797275 173120
45 1291 10443 0 1777797275 176222
46 1271 10453 0 1777797275 176247
48 1367 5331 0 1777797275 178469
44 1210 9275 0 1777797275 182396
47 1339 9276 0 1777797275 182406
46 1272 14091 0 1777797275 190369
49 1232 17234 0 1777797275 190381
44 1211 13150 0 1777797275 195556
45 1292 19311 0 1777797275 195560
47 1340 13145 0 1777797275 195563
48 1368 17096 0 1777797275 195566
49 1233 11682 0 1777797275 202084
46 1273 16895 0 1777797275 207277
47 1341 11712 0 1777797275 207289
48 1369 11714 0 1777797275 207296
45 1293 12175 0 1777797275 207747
44 1212 20921 0 1777797275 216488
49 1234 14371 0 1777797275 216499
47 1342 16461 0 1777797275 223767
46 1274 18694 0 1777797275 225991
44 1213 21701 0 1777797275 238202
45 1294 30499 0 1777797275 238249
49 1235 21758 0 1777797275 238265
46 1275 12406 0 1777797275 238403
47 1343 14642 0 1777797275 238412
48 1370 31128 0 1777797275 238443
44 1214 10899 0 1777797275 249165
46 1276 10746 0 1777797275 249190
49 1236 10814 0 1777797275 249196
45 1295 13202 0 1777797275 251532
48 1371 13072 0 1777797275 251541
47 1344 15942 0 1777797275 254403
46 1277 10069 0 1777797275 259281
44 1215 11204 0 1777797275 260400
49 1237 11214 0 1777797275 260433
48 1372 10618 0 1777797275 262169
45 1296 13510 0 1777797275 265052
47 1345 12439 0 1777797275 266844
49 1238 9320 0 1777797275 269754
44 1216 13660 0 1777797275 274063
45 1297 9023 0 1777797275 274077
46 1278 14800 0 1777797275 274083
47 1346 7897 0 1777797275 274745
49 1239 5905 0 1777797275 275661
48 1373 16460 0 1777797275 278634
45 1298 22918 0 1777797275 297020
46 1279 26808 0 1777797275 300917
47 1347 34881 0 1777797275 309628
45 1299 19725 0 1777797275 316747
46 1280 28355 0 1777797275 329277
47 1348 19653 0 1777797275 329284
48 1374 50653 0 1777797275 329289
46 1281 13822 0 1777797275 343112
47 1349 13833 0 1777797275 343129
45 1300 32033 0 1777797275 348791
48 1375 19547 0 1777797275 348848
46 1282 11740 0 1777797275 354870
47 1350 11727 0 1777797275 354881
47 1351 15641 0 1777797275 370539
48 1376 21698 0 1777797275 370548
44 1217 115298 0 1777797275 389383
45 1301 40595 0 1777797275 389395
46 1283 34522 0 1777797275 389404
47 1352 18863 0 1777797275 389412
48 1377 18857 0 1777797275 389420
46 1284 12982 0 1777797275 402481
47 1353 13022 0 1777797275 402532
45 1302 26749 0 1777797275 416199
48 1378 26678 0 1777797275 416205
44 1218 27486 0 1777797275 416907
49 1240 141257 0 1777797275 416921
47 1354 18541 0 1777797275 421164
45 1303 11960 0 1777797275 428166
44 1219 15644 0 1777797275 432567
49 1241 16896 0 1777797275 433829
47 1355 12722 0 1777797275 433897
44 1220 6403 0 1777797275 438973
47 1356 10670 0 1777797275 444570
45 1304 18070 0 1777797275 446246
49 1242 12430 0 1777797275 446266
47 1357 3438 0 1777797275 448010
44 1221 16263 0 1777797275 455239
45 1305 12890 0 1777797275 459157
44 1222 8648 0 1777797275 463889
44 1223 2027 0 1777797275 465920
45 1306 12880 0 1777797275 472043
44 1224 8592 0 1777797275 474515
44 1225 5958 0 1777797275 480480
44 1226 5695 0 1777797275 486178
45 1307 14142 0 1777797275 486188
48 1379 73085 0 1777797275 489299
44 1227 11922 0 1777797275 498112
45 1308 11933 0 1777797275 498135
46 1285 95609 0 1777797275 498143
48 1380 16159 0 1777797275 505461
47 1358 65113 0 1777797275 513125
49 1243 66858 0 1777797275 513135
46 1286 18821 0 1777797275 516991
48 1381 15215 0 1777797275 520678
49 1244 9162 0 1777797275 522309
47 1359 10588 0 1777797275 523724
44 1228 30371 0 1777797275 528515
45 1309 34560 0 1777797275 532722
48 1382 22211 0 1777797275 542895
49 1245 20600 0 1777797275 542912
47 1360 33623 0 1777797275 557351
46 1287 44846 0 1777797275 561841
49 1246 18913 0 1777797275 561850
47 1361 11634 0 1777797275 568987
45 1310 47224 0 1777797275 579950
46 1288 18110 0 1777797275 579961
48 1383 37054 0 1777797275 579968
47 1362 11887 0 1777797275 580878
45 1311 3387 0 1777797275 583357
46 1289 10675 0 1777797275 590667
47 1363 9797 0 1777797275 590677
48 1384 10777 0 1777797275 590777
49 1247 28924 0 1777797275 590786
44 1229 62540 0 1777797275 591058
45 1312 7705 0 1777797275 591065
49 1248 8806 0 1777797275 599844
45 1313 24587 0 1777797275 615665
47 1364 24654 0 1777797275 615674
48 1385 24649 0 1777797275 615678
44 1230 51492 0 1777797275 642558
45 1314 26903 0 1777797275 642582
44 1231 61550 0 1777797275 704133
46 1290 113355 0 1777797275 704142
47 1365 88457 0 1777797275 704148
49 1249 104308 0 1777797275 704153
48 1386 90513 0 1777797275 706210
45 1315 67339 0 1777797275 712966
47 1366 19413 0 1777797275 723591
44 1232 27524 0 1777797275 731677
46 1291 27939 0 1777797275 732109
48 1387 29325 0 1777797275 735536
47 1367 19368 0 1777797275 742966
44 1233 11910 0 1777797275 743591
44 1234 4953 0 1777797275 748547
47 1368 5588 0 1777797275 748557
48 1388 20516 0 1777797275 756059
49 1250 54445 0 1777797275 758633
45 1316 103313 0 1777797275 816287
46 1292 88878 0 1777797275 820990
47 1369 72437 0 1777797275 821008
48 1389 64954 0 1777797275 821016
49 1251 62378 0 1777797275 821023
44 1235 74723 0 1777797275 823282
47 1370 6020 0 1777797275 827062
45 1317 11295 0 1777797275 827584
48 1390 6539 0 1777797275 827591
49 1252 6532 0 1777797275 827598
44 1236 13071 0 1777797275 836358
45 1318 8768 0 1777797275 836367
47 1371 9318 0 1777797275 836383
48 1391 8790 0 1777797275 836407
49 1253 8788 0 1777797275 836414
46 1293 17394 0 1777797275 838418
44 1237 8426 0 1777797275 844841
45 1319 8375 0 1777797275 844855
48 1392 8356 0 1777797275 844861
49 1254 8370 0 1777797275 844884
44 1238 13805 0 1777797275 858691
45 1320 13791 0 1777797275 858700
46 1294 20288 0 1777797275 858708
47 1372 22226 0 1777797275 858716
48 1393 13803 0 1777797275 858722
49 1255 13802 0 1777797275 858728
44 1239 13627 0 1777797275 872356
45 1321 13625 0 1777797275 872366
46 1295 21733 0 1777797275 880483
47 1373 21733 0 1777797275 880491
49 1256 21728 0 1777797275 880502
48 1394 24301 0 1777797275 883068
44 1240 15446 0 1777797275 887814
45 1322 15444 0 1777797275 887825
47 1374 21679 0 1777797275 903756
49 1257 33777 0 1777797275 915862
46 1296 47753 0 1777797275 928256
44 1241 48173 0 1777797275 936000
45 1323 48170 0 1777797275 936011
48 1395 52950 0 1777797275 936020
47 1375 46225 0 1777797275 949986
49 1258 34128 0 1777797275 949999
45 1324 19133 0 1777797275 955189
48 1396 20710 0 1777797275 956776
44 1242 27513 0 1777797275 963534
45 1325 19465 0 1777797275 974656
48 1397 17881 0 1777797275 974665
49 1259 25604 0 1777797275 975618
46 1297 48008 0 1777797275 976267
46 1298 4596 0 1777797275 980868
49 1260 5268 0 1777797275 980888
44 1243 20122 0 1777797275 983659
47 1376 39990 0 1777797275 989990
45 1326 22085 0 1777797275 996751
48 1398 23242 0 1777797275 997920
45 1327 10290 0 1777797276 7046
47 1377 17071 0 1777797276 7066
46 1299 32304 0 1777797276 13193
44 1244 32344 0 1777797276 16014
48 1399 22744 0 1777797276 20667
46 1300 18009 0 1777797276 31211
49 1261 50314 0 1777797276 31221
46 1301 12890 0 1777797276 44112
49 1262 14004 0 1777797276 45238
48 1400 27740 0 1777797276 48410
47 1378 42655 0 1777797276 49744
44 1245 35203 0 1777797276 51219
45 1328 45094 0 1777797276 52162
46 1302 15032 0 1777797276 59146
49 1263 13917 0 1777797276 59157
48 1401 15606 0 1777797276 64025
47 1379 14729 0 1777797276 64477
44 1246 14014 0 1777797276 65237
45 1329 18708 0 1777797276 70874
49 1264 15000 0 1777797276 74189
46 1303 15255 0 1777797276 74412
44 1247 15315 0 1777797276 80556
47 1380 16085 0 1777797276 80565
48 1402 16553 0 1777797276 80580
45 1330 16031 0 1777797276 86909
46 1304 12501 0 1777797276 86914
49 1265 12725 0 1777797276 86917
44 1248 9737 0 1777797276 90319
48 1403 11171 0 1777797276 91774
46 1305 6548 0 1777797276 93472
49 1266 10520 0 1777797276 97448
44 1249 16188 0 1777797276 106510
46 1306 13418 0 1777797276 106895
48 1404 18414 0 1777797276 110196
45 1331 23530 0 1777797276 110448
49 1267 15225 0 1777797276 112675
47 1381 36842 0 1777797276 117436
44 1250 17946 0 1777797276 124464
46 1307 17591 0 1777797276 124488
49 1268 11821 0 1777797276 124498
48 1405 14761 0 1777797276 124959
45 1332 18220 0 1777797276 128671
44 1251 15553 0 1777797276 140053
45 1333 11386 0 1777797276 140062
46 1308 15679 0 1777797276 140189
48 1406 15233 0 1777797276 140260
49 1269 15750 0 1777797276 140269
45 1334 8217 0 1777797276 148512
46 1309 8218 0 1777797276 148522
49 1270 9676 0 1777797276 150067
44 1252 24579 0 1777797276 164849
47 1382 47422 0 1777797276 164860
48 1407 24559 0 1777797276 164871
46 1310 24014 0 1777797276 172551
49 1271 22495 0 1777797276 172565
44 1253 18045 0 1777797276 182917
45 1335 34400 0 1777797276 182924
44 1254 264869 0 1777797276 447794
46 1311 275236 0 1777797276 447802
48 1408 282912 0 1777797276 447808
47 1383 291639 0 1777797276 456525
49 1272 293265 0 1777797276 465848
45 1336 290617 0 1777797276 473551
48 1409 60905 0 1777797276 508736
44 1255 77230 0 1777797276 525038
47 1384 68516 0 1777797276 525052
49 1273 59208 0 1777797276 525059
48 1410 17312 0 1777797276 526053
45 1337 58309 0 1777797276 531863
49 1274 6788 0 1777797276 531870
44 1256 10370 0 1777797276 535431
49 1275 3561 0 1777797276 535443
44 1257 1269 0 1777797276 536713
45 1338 9907 0 1777797276 541778
48 1411 15733 0 1777797276 541789
44 1258 8683 0 1777797276 545398
49 1276 9952 0 1777797276 545406
45 1339 5398 0 1777797276 547188
48 1412 5404 0 1777797276 547203
44 1259 2788 0 1777797276 548195
45 1340 3328 0 1777797276 550533
44 1260 2728 0 1777797276 550927
48 1413 8159 0 1777797276 555395
44 1261 6512 0 1777797276 557441
48 1414 2746 0 1777797276 558148
44 1262 1047 0 1777797276 558490
48 1415 1436 0 1777797276 559585
46 1312 114258 0 1777797276 562079
48 1416 3105 0 1777797276 562695
44 1263 4898 0 1777797276 563391
44 1264 941 0 1777797276 564336
48 1417 2141 0 1777797276 564837
46 1313 6736 0 1777797276 568817
48 1418 4195 0 1777797276 569036
48 1419 2923 0 1777797276 571962
45 1341 24801 0 1777797276 575340
48 1420 5166 0 1777797276 577132
48 1421 1513 0 1777797276 578648
46 1314 25138 0 1777797276 593958
49 1277 48536 0 1777797276 593964
48 1422 15345 0 1777797276 593995
44 1265 30151 0 1777797276 594489
47 1385 69723 0 1777797276 594798
45 1342 21152 0 1777797276 596494
49 1278 11176 0 1777797276 605149
44 1266 11222 0 1777797276 605712
47 1386 10922 0 1777797276 605721
46 1315 12036 0 1777797276 606001
48 1423 12010 0 1777797276 606006
44 1267 8000 0 1777797276 613722
46 1316 7725 0 1777797276 613732
49 1279 8585 0 1777797276 613737
48 1424 7984 0 1777797276 614000
45 1343 19257 0 1777797276 615753
47 1387 10049 0 1777797276 615781
48 1425 2577 0 1777797276 616579
44 1268 4961 0 1777797276 618699
46 1317 5000 0 1777797276 618753
49 1280 9713 0 1777797276 623472
48 1426 7998 0 1777797276 624582
44 1269 6066 0 1777797276 624773
49 1281 4647 0 1777797276 628121
48 1427 3839 0 1777797276 628423
45 1344 14111 0 1777797276 629869
48 1428 1613 0 1777797276 630038
48 1429 5116 0 1777797276 635156
44 1270 10767 0 1777797276 635542
45 1345 7986 0 1777797276 637858
49 1282 10715 0 1777797276 638838
44 1271 4809 0 1777797276 640355
45 1346 5105 0 1777797276 642966
49 1283 7311 0 1777797276 646154
44 1272 10549 0 1777797276 650906
47 1388 35146 0 1777797276 650928
45 1347 8082 0 1777797276 651052
46 1318 47069 0 1777797276 665823
49 1284 19755 0 1777797276 665912
48 1430 30794 0 1777797276 665952
47 1389 15041 0 1777797276 665970
44 1273 15774 0 1777797276 666685
45 1348 15640 0 1777797276 666693
46 1319 2778 0 1777797276 668693
49 1285 5158 0 1777797276 671091
44 1274 6062 0 1777797276 672756
46 1320 5693 0 1777797276 674389
49 1286 3304 0 1777797276 674397
46 1321 5101 0 1777797276 679499
49 1287 12043 0 1777797276 686451
49 1288 5345 0 1777797276 691798
47 1390 32659 0 1777797276 698631
49 1289 9511 0 1777797276 701311
48 1431 37535 0 1777797276 703488
46 1322 24020 0 1777797276 703521
47 1391 6250 0 1777797276 704885
49 1290 5578 0 1777797276 706893
49 1291 1610 0 1777797276 708505
49 1292 1216 0 1777797276 709723
49 1293 2291 0 1777797276 712017
49 1294 5026 0 1777797276 717045
49 1295 1990 0 1777797276 719039
47 1392 17831 0 1777797276 722725
49 1296 4283 0 1777797276 723327
49 1297 1367 0 1777797276 724695
46 1323 21761 0 1777797276 725284
49 1298 2469 0 1777797276 727425
46 1324 3674 0 1777797276 728959
49 1299 2084 0 1777797276 729512
49 1300 4260 0 1777797276 733775
46 1325 6909 0 1777797276 735870
45 1349 69861 0 1777797276 736690
48 1432 34176 0 1777797276 737667
46 1326 2242 0 1777797276 738125
45 1350 3083 0 1777797276 739776
47 1393 19084 0 1777797276 741812
49 1301 8432 0 1777797276 742208
44 1275 69801 0 1777797276 742564
46 1327 9202 0 1777797276 747328
44 1276 7248 0 1777797276 749813
48 1433 13258 0 1777797276 750927
49 1302 8881 0 1777797276 751091
45 1351 11341 0 1777797276 751120
47 1394 9937 0 1777797276 751754
46 1328 10691 0 1777797276 758026
45 1352 7711 0 1777797276 758832
47 1395 9526 0 1777797276 761292
44 1277 13981 0 1777797276 763797
49 1303 20768 0 1777797276 771872
48 1434 27446 0 1777797276 778538
44 1278 14992 0 1777797276 778792
46 1329 23656 0 1777797276 781692
45 1353 25705 0 1777797276 784538
44 1279 8184 0 1777797276 786979
48 1435 8603 0 1777797276 787143
49 1304 15278 0 1777797276 787153
46 1330 6517 0 1777797276 788215
47 1396 26935 0 1777797276 788228
44 1280 4702 0 1777797276 791857
45 1354 7319 0 1777797276 791864
49 1305 4690 0 1777797276 791870
47 1397 5756 0 1777797276 793994
46 1331 9779 0 1777797276 798008
44 1281 9367 0 1777797276 801239
45 1355 9374 0 1777797276 801253
47 1398 7273 0 1777797276 801269
48 1436 14108 0 1777797276 801280
46 1332 12110 0 1777797276 810121
49 1306 18246 0 1777797276 810132
44 1282 10460 0 1777797276 811742
45 1356 10376 0 1777797276 811757
47 1399 10367 0 1777797276 811763
48 1437 10307 0 1777797276 811770
44 1283 12931 0 1777797276 824702
45 1357 12920 0 1777797276 824708
46 1333 14583 0 1777797276 824716
47 1400 12922 0 1777797276 824719
48 1438 12920 0 1777797276 824724
49 1307 14582 0 1777797276 824728
44 1284 18291 0 1777797276 843020
45 1358 18313 0 1777797276 843050
46 1334 18352 0 1777797276 843114
47 1401 18359 0 1777797276 843125
48 1439 18363 0 1777797276 843133
49 1308 22312 0 1777797276 847088
44 1285 12808 0 1777797276 855943
45 1359 12787 0 1777797276 855947
46 1335 12781 0 1777797276 855951
47 1402 12774 0 1777797276 855954
48 1440 12768 0 1777797276 855958
49 1309 17156 0 1777797276 864251
44 1286 10830 0 1777797276 866789
45 1360 10833 0 1777797276 866798
46 1336 10834 0 1777797276 866804
47 1403 10839 0 1777797276 866814
48 1441 16292 0 1777797276 872272
44 1287 10364 0 1777797276 877179
46 1337 10346 0 1777797276 877187
47 1404 10366 0 1777797276 877214
45 1361 10396 0 1777797276 877229
45 1362 5741 0 1777797276 882970
48 1442 10700 0 1777797276 882975
49 1310 18727 0 1777797276 882979
46 1338 10562 0 1777797276 887762
47 1405 10554 0 1777797276 887769
44 1288 11092 0 1777797276 888281
47 1406 10409 0 1777797276 898192
48 1443 15938 0 1777797276 898926
44 1289 14713 0 1777797276 902996
46 1339 15236 0 1777797276 903006
45 1363 23253 0 1777797276 906234
49 1311 23250 0 1777797276 906242
44 1290 44407 0 1777797276 947414
45 1364 42025 0 1777797276 948268
46 1340 45257 0 1777797276 948275
47 1407 50085 0 1777797276 948280
48 1444 49358 0 1777797276 948286
49 1312 42035 0 1777797276 948291
45 1365 9949 0 1777797276 958242
46 1341 9952 0 1777797276 958251
44 1291 17024 0 1777797276 964441
47 1408 16146 0 1777797276 964453
49 1313 16141 0 1777797276 964461
46 1342 6889 0 1777797276 965157
45 1366 10381 0 1777797276 968634
45 1367 3837 0 1777797276 972480
47 1409 8025 0 1777797276 972496
49 1314 11154 0 1777797276 975709
44 1292 17362 0 1777797276 981824
46 1343 16694 0 1777797276 981856
47 1410 9363 0 1777797276 981877
48 1445 33572 0 1777797276 981887
45 1368 11967 0 1777797276 984464
47 1411 7902 0 1777797276 989809
44 1293 15084 0 1777797276 996971
46 1344 15094 0 1777797276 996993
48 1446 17681 0 1777797276 999595
44 1294 5780 0 1777797277 2775
46 1345 8543 0 1777797277 5553
48 1447 7174 0 1777797277 6773
48 1448 6194 0 1777797277 12970
46 1346 14495 0 1777797277 20050
44 1295 21039 0 1777797277 23816
47 1412 34105 0 1777797277 23917
48 1449 14569 0 1777797277 27541
49 1315 53944 0 1777797277 29655
45 1369 48084 0 1777797277 32554
46 1347 12549 0 1777797277 32609
49 1316 6343 0 1777797277 36004
44 1296 15894 0 1777797277 39816
47 1413 15884 0 1777797277 39826
49 1317 6876 0 1777797277 42884
45 1370 10801 0 1777797277 43411
46 1348 10803 0 1777797277 43425
48 1450 15887 0 1777797277 43430
49 1318 9581 0 1777797277 52468
45 1371 9884 0 1777797277 53315
47 1414 13479 0 1777797277 53323
48 1451 9879 0 1777797277 53327
46 1349 11347 0 1777797277 54788
44 1297 22946 0 1777797277 62774
45 1372 9463 0 1777797277 62791
46 1350 8004 0 1777797277 62799
47 1415 9468 0 1777797277 62805
49 1319 10349 0 1777797277 62819
48 1452 12157 0 1777797277 65500
44 1298 13820 0 1777797277 76640
45 1373 13808 0 1777797277 76645
46 1351 13802 0 1777797277 76648
47 1416 13798 0 1777797277 76651
49 1320 13769 0 1777797277 76655
48 1453 12212 0 1777797277 77722
44 1299 15933 0 1777797277 92588
45 1374 15937 0 1777797277 92597
46 1352 15935 0 1777797277 92600
47 1417 15932 0 1777797277 92602
49 1321 15931 0 1777797277 92605
48 1454 16792 0 1777797277 94530
49 1322 10973 0 1777797277 103596
44 1300 18964 0 1777797277 111570
46 1353 18963 0 1777797277 111578
47 1418 18965 0 1777797277 111584
48 1455 17043 0 1777797277 111590
49 1323 8001 0 1777797277 111599
45 1375 20765 0 1777797277 113377
48 1456 4345 0 1777797277 115970
49 1324 4379 0 1777797277 116023
46 1354 8135 0 1777797277 119744
47 1419 8136 0 1777797277 119754
44 1301 8184 0 1777797277 119784
45 1376 7503 0 1777797277 120881
45 1377 7995 0 1777797277 128879
47 1420 9130 0 1777797277 128899
49 1325 12872 0 1777797277 128907
48 1457 12928 0 1777797277 128952
45 1378 9517 0 1777797277 138426
47 1421 9508 0 1777797277 138435
44 1302 19233 0 1777797277 139019
46 1355 19273 0 1777797277 139028
48 1458 10089 0 1777797277 139042
49 1326 11231 0 1777797277 140167
44 1303 7850 0 1777797277 146893
49 1327 6731 0 1777797277 146900
46 1356 8068 0 1777797277 147148
45 1379 9469 0 1777797277 147906
44 1304 6513 0 1777797277 153414
47 1422 14977 0 1777797277 153424
48 1459 14335 0 1777797277 153428
49 1328 6517 0 1777797277 153432
47 1423 4529 0 1777797277 157973
48 1460 4721 0 1777797277 158173
45 1380 14121 0 1777797277 162029
49 1329 8583 0 1777797277 162041
47 1424 7979 0 1777797277 165954
46 1357 19206 0 1777797277 166355
48 1461 8187 0 1777797277 166362
45 1381 8946 0 1777797277 170988
49 1330 8936 0 1777797277 171006
49 1331 5435 0 1777797277 176455
47 1425 11055 0 1777797277 177017
48 1462 10653 0 1777797277 177025
46 1358 12114 0 1777797277 178477
48 1463 2865 0 1777797277 179901
46 1359 4044 0 1777797277 182523
48 1464 3127 0 1777797277 183030
44 1305 32145 0 1777797277 185578
46 1360 6822 0 1777797277 189351
48 1465 7915 0 1777797277 190946
46 1361 4754 0 1777797277 194107
48 1466 3185 0 1777797277 194133
46 1362 9361 0 1777797277 203470
48 1467 12524 0 1777797277 206658
45 1382 42140 0 1777797277 213147
46 1363 9684 0 1777797277 213159
44 1306 29273 0 1777797277 214857
48 1468 8206 0 1777797277 214866
44 1307 9828 0 1777797277 224695
48 1469 9852 0 1777797277 224764
47 1426 48953 0 1777797277 225979
45 1383 16955 0 1777797277 230115
48 1470 5029 0 1777797277 230120
49 1332 53667 0 1777797277 230123
45 1384 14843 0 1777797277 244967
45 1385 15951 0 1777797277 260993
45 1386 15681 0 1777797277 276678
49 1333 48861 0 1777797277 278996
47 1427 54480 0 1777797277 280461
49 1334 1560 0 1777797277 280558
49 1335 1995 0 1777797277 282554
45 1387 7064 0 1777797277 283747
47 1428 4703 0 1777797277 285167
48 1471 56669 0 1777797277 286799
45 1388 7865 0 1777797277 291614
49 1336 13939 0 1777797277 296495
44 1308 73882 0 1777797277 298650
46 1364 85480 0 1777797277 298659
48 1472 11863 0 1777797277 298665
47 1429 14236 0 1777797277 299404
49 1337 6075 0 1777797277 302575
45 1389 12636 0 1777797277 304251
45 1390 7710 0 1777797277 311964
46 1365 13302 0 1777797277 311986
45 1391 4745 0 1777797277 316732
47 1430 17351 0 1777797277 316761
48 1473 18596 0 1777797277 317290
49 1338 16293 0 1777797277 318871
46 1366 7719 0 1777797277 319725
47 1431 6382 0 1777797277 323176
46 1367 3474 0 1777797277 323202
49 1339 4848 0 1777797277 323720
48 1474 7101 0 1777797277 324396
45 1392 11850 0 1777797277 328612
46 1368 5450 0 1777797277 328653
44 1309 32223 0 1777797277 330889
49 1340 7130 0 1777797277 330896
46 1369 2791 0 1777797277 331486
45 1393 3193 0 1777797277 331847
45 1394 3887 0 1777797277 335736
46 1370 4257 0 1777797277 335744
44 1310 5670 0 1777797277 336567
46 1371 3762 0 1777797277 339525
45 1395 4152 0 1777797277 339898
47 1432 22455 0 1777797277 345635
48 1475 21244 0 1777797277 345642
46 1372 7941 0 1777797277 347468
44 1311 17009 0 1777797277 353579
45 1396 13693 0 1777797277 353593
46 1373 6131 0 1777797277 353600
44 1312 2881 0 1777797277 356482
45 1397 2876 0 1777797277 356492
46 1374 2876 0 1777797277 356499
47 1433 10863 0 1777797277 356506
48 1476 10858 0 1777797277 356512
49 1341 33621 0 1777797277 364527
44 1313 7995 0 1777797277 364555
45 1398 9746 0 1777797277 366327
46 1375 9748 0 1777797277 366335
49 1342 3204 0 1777797277 367733
44 1314 3511 0 1777797277 368068
44 1315 2119 0 1777797277 370188
46 1376 3841 0 1777797277 370196
46 1377 4962 0 1777797277 375169
44 1316 8342 0 1777797277 378539
45 1399 12211 0 1777797277 378547
46 1378 3381 0 1777797277 378552
49 1343 10824 0 1777797277 378559
46 1379 2986 0 1777797277 381584
45 1400 3839 0 1777797277 382406
44 1317 3976 0 1777797277 382535
49 1344 7843 0 1777797277 386465
46 1380 8016 0 1777797277 389602
47 1434 33795 0 1777797277 390389
44 1318 9832 0 1777797277 392369
46 1381 3494 0 1777797277 393098
47 1435 14228 0 1777797277 404620
48 1477 48921 0 1777797277 405546
44 1319 21400 0 1777797277 413772
45 1401 31370 0 1777797277 413779
49 1345 27320 0 1777797277 413787
48 1478 8274 0 1777797277 413822
46 1382 20833 0 1777797277 413936
47 1436 9321 0 1777797277 413942
48 1479 6289 0 1777797277 420112
49 1346 6610 0 1777797277 420416
47 1437 8838 0 1777797277 422793
47 1438 1087 0 1777797277 423882
45 1402 15239 0 1777797277 429036
48 1480 8920 0 1777797277 429047
47 1439 6286 0 1777797277 430170
49 1347 9761 0 1777797277 430180
46 1383 16550 0 1777797277 430493
46 1384 6160 0 1777797277 436654
45 1403 9892 0 1777797277 438940
46 1385 2286 0 1777797277 438946
45 1404 2615 0 1777797277 441563
48 1481 12630 0 1777797277 441689
46 1386 13764 0 1777797277 452740
45 1405 12535 0 1777797277 454101
45 1406 942 0 1777797277 455049
45 1407 1462 0 1777797277 456517
48 1482 16929 0 1777797277 458619
45 1408 2390 0 1777797277 458909
46 1387 6309 0 1777797277 459051
45 1409 6191 0 1777797277 465102
44 1320 54279 0 1777797277 468067
45 1410 3076 0 1777797277 468180
46 1388 9632 0 1777797277 468684
49 1348 44488 0 1777797277 474682
44 1321 8504 0 1777797277 476574
45 1411 13896 0 1777797277 482078
49 1349 11105 0 1777797277 485790
47 1440 56538 0 1777797277 486718
48 1483 30784 0 1777797277 489406
45 1412 13287 0 1777797277 495374
49 1350 9764 0 1777797277 495558
46 1389 27080 0 1777797277 495765
48 1484 8344 0 1777797277 497753
44 1322 22415 0 1777797277 498990
47 1441 15783 0 1777797277 502506
49 1351 7330 0 1777797277 502889
45 1413 8112 0 1777797277 503496
48 1485 6264 0 1777797277 504022
44 1323 7957 0 1777797277 506950
48 1486 3624 0 1777797277 507648
45 1414 4727 0 1777797277 508228
47 1442 7232 0 1777797277 509741
46 1390 14740 0 1777797277 510507
49 1352 9524 0 1777797277 512415
45 1415 5222 0 1777797277 513453
46 1391 3081 0 1777797277 513590
48 1487 7611 0 1777797277 515261
44 1324 8664 0 1777797277 515616
45 1416 4016 0 1777797277 517472
47 1443 8125 0 1777797277 517868
49 1353 6275 0 1777797277 518692
46 1392 6517 0 1777797277 520108
45 1417 6511 0 1777797277 523987
45 1418 1930 0 1777797277 525921
47 1444 11950 0 1777797277 529822
46 1393 13259 0 1777797277 533371
49 1354 14682 0 1777797277 533376
47 1445 7157 0 1777797277 536988
46 1394 5370 0 1777797277 538746
49 1355 7019 0 1777797277 540403
45 1419 14663 0 1777797277 540586
44 1325 30209 0 1777797277 545827
45 1420 6428 0 1777797277 547016
47 1446 11525 0 1777797277 548514
46 1395 10220 0 1777797277 548968
49 1356 9153 0 1777797277 549559
49 1357 5397 0 1777797277 554960
47 1447 6566 0 1777797277 555083
46 1396 7803 0 1777797277 556773
45 1421 10485 0 1777797277 557504
49 1358 3088 0 1777797277 558051
46 1397 4590 0 1777797277 561425
48 1488 46446 0 1777797277 561709
45 1422 5379 0 1777797277 562890
48 1489 1366 0 1777797277 563079
49 1359 6405 0 1777797277 564461
46 1398 3177 0 1777797277 564605
44 1326 26154 0 1777797277 571985
45 1423 9099 0 1777797277 571992
48 1490 8919 0 1777797277 571999
46 1399 7996 0 1777797277 572602
47 1448 17862 0 1777797277 572947
45 1424 3856 0 1777797277 575880
44 1327 4818 0 1777797277 576818
46 1400 4813 0 1777797277 577418
45 1425 4251 0 1777797277 580133
48 1491 8111 0 1777797277 580142
48 1492 3163 0 1777797277 583317
47 1449 10458 0 1777797277 583406
46 1401 6255 0 1777797277 583676
48 1493 4745 0 1777797277 588072
46 1402 6955 0 1777797277 590632
48 1494 6300 0 1777797277 594374
47 1450 18722 0 1777797277 602133
48 1495 8345 0 1777797277 602720
44 1328 32889 0 1777797277 609711
46 1403 19105 0 1777797277 609743
49 1360 45615 0 1777797277 610078
45 1426 34614 0 1777797277 614758
46 1404 5051 0 1777797277 614811
44 1329 5921 0 1777797277 615667
44 1330 6026 0 1777797277 621695
47 1451 20729 0 1777797277 622865
49 1361 15070 0 1777797277 625149
49 1362 1216 0 1777797277 626367
44 1331 6594 0 1777797277 628293
44 1332 2014 0 1777797277 630309
49 1363 4737 0 1777797277 631106
44 1333 1407 0 1777797277 631718
49 1364 3681 0 1777797277 634791
46 1405 20727 0 1777797277 635539
44 1334 4822 0 1777797277 636545
48 1496 35584 0 1777797277 638306
46 1406 4626 0 1777797277 640169
49 1365 6295 0 1777797277 641088
47 1452 19714 0 1777797277 642581
44 1335 6483 0 1777797277 643033
46 1407 4296 0 1777797277 644470
44 1336 1452 0 1777797277 644490
48 1497 6819 0 1777797277 645128
46 1408 2355 0 1777797277 646827
48 1498 2132 0 1777797277 647263
44 1337 3465 0 1777797277 647957
48 1499 2046 0 1777797277 649310
49 1366 8265 0 1777797277 649360
46 1409 4017 0 1777797277 650848
49 1367 2119 0 1777797277 651480
48 1500 2463 0 1777797277 651775
44 1338 6797 0 1777797277 654756
47 1453 15239 0 1777797277 657822
44 1339 3317 0 1777797277 658076
45 1427 46194 0 1777797277 660954
49 1368 10053 0 1777797277 661535
45 1428 2770 0 1777797277 663731
44 1340 8013 0 1777797277 666091
49 1369 4700 0 1777797277 666236
45 1429 2725 0 1777797277 666459
45 1430 2003 0 1777797277 668464
45 1431 2208 0 1777797277 670680
47 1454 14980 0 1777797277 672805
48 1501 21045 0 1777797277 672822
44 1341 7532 0 1777797277 673625
46 1410 24359 0 1777797277 675209
44 1342 3365 0 1777797277 676992
46 1411 3222 0 1777797277 678439
49 1370 14213 0 1777797277 680450
48 1502 7642 0 1777797277 680479
46 1412 3022 0 1777797277 681469
49 1371 2522 0 1777797277 682979
47 1455 15909 0 1777797277 688732
45 1432 18559 0 1777797277 689244
48 1503 13456 0 1777797277 693936
49 1372 14829 0 1777797277 697816
44 1343 21634 0 1777797277 698631
47 1456 10937 0 1777797277 699675
48 1504 5767 0 1777797277 699705
45 1433 11349 0 1777797277 700598
49 1373 4156 0 1777797277 701973
46 1413 23950 0 1777797277 705422
47 1457 5750 0 1777797277 705431
46 1414 4786 0 1777797277 710218
49 1374 8255 0 1777797277 710230
44 1344 14565 0 1777797277 713197
48 1505 13528 0 1777797277 713234
47 1458 9783 0 1777797277 715228
49 1375 5053 0 1777797277 715296
46 1415 9005 0 1777797277 719236
49 1376 12512 0 1777797277 727809
44 1345 16445 0 1777797277 729643
47 1459 14430 0 1777797277 729663
46 1416 12679 0 1777797277 731918
44 1346 3529 0 1777797277 733193
49 1377 9224 0 1777797277 737035
44 1347 6060 0 1777797277 739255
45 1434 38672 0 1777797277 739273
47 1460 13384 0 1777797277 743077
49 1378 6042 0 1777797277 743086
45 1435 5570 0 1777797277 744858
44 1348 9246 0 1777797277 748521
47 1461 8661 0 1777797277 751749
49 1379 10198 0 1777797277 753297
44 1349 8725 0 1777797277 757252
46 1417 25505 0 1777797277 757424
45 1436 13410 0 1777797277 758270
49 1380 4978 0 1777797277 758277
48 1506 46760 0 1777797277 759995
46 1418 5235 0 1777797277 762662
48 1507 6891 0 1777797277 766889
45 1437 8788 0 1777797277 767066
48 1508 7329 0 1777797277 774221
44 1350 21185 0 1777797277 778439
45 1438 11611 0 1777797277 778681
48 1509 5187 0 1777797277 779409
49 1381 21215 0 1777797277 779503
49 1382 4595 0 1777797277 784099
48 1510 4721 0 1777797277 784132
46 1419 21539 0 1777797277 784206
46 1420 4659 0 1777797277 788867
47 1462 37127 0 1777797277 788878
49 1383 4898 0 1777797277 789004
44 1351 11280 0 1777797277 789721
48 1511 5609 0 1777797277 789743
48 1512 847 0 1777797277 790591
48 1513 1758 0 1777797277 792351
45 1439 14715 0 1777797277 793414
44 1352 3721 0 1777797277 793445
49 1384 4486 0 1777797277 793492
47 1463 4659 0 1777797277 793549
46 1421 7744 0 1777797277 796624
48 1514 4278 0 1777797277 796631
44 1353 3887 0 1777797277 797333
45 1440 5528 0 1777797277 798948
47 1464 5445 0 1777797277 798995
48 1515 8403 0 1777797277 805044
44 1354 8102 0 1777797277 805438
45 1441 6597 0 1777797277 805547
47 1465 6625 0 1777797277 805623
49 1385 12136 0 1777797277 805629
46 1422 9487 0 1777797277 806119
49 1386 6692 0 1777797277 812330
46 1423 6261 0 1777797277 812381
47 1466 9003 0 1777797277 814633
45 1442 9330 0 1777797277 814878
44 1355 15726 0 1777797277 821166
48 1516 16127 0 1777797277 821173
49 1387 8850 0 1777797277 821182
46 1424 10055 0 1777797277 822438
47 1467 7809 0 1777797277 822452
45 1443 12047 0 1777797277 826927
44 1356 6971 0 1777797277 828154
47 1468 6230 0 1777797277 829056
45 1444 2457 0 1777797277 829386
46 1425 6939 0 1777797277 829392
49 1388 11230 0 1777797277 832430
45 1445 4054 0 1777797277 833447
44 1357 7031 0 1777797277 835187
46 1426 5792 0 1777797277 835194
48 1517 14008 0 1777797277 835200
47 1469 7092 0 1777797277 836150
49 1389 6666 0 1777797277 839098
45 1446 7365 0 1777797277 840816
44 1358 8401 0 1777797277 843601
47 1470 7458 0 1777797277 843610
44 1359 4935 0 1777797277 848546
45 1447 7736 0 1777797277 848554
46 1427 13345 0 1777797277 848563
48 1518 13342 0 1777797277 848569
49 1390 9475 0 1777797277 848575
47 1471 5004 0 1777797277 848626
44 1360 7400 0 1777797277 855976
45 1448 7397 0 1777797277 855983
46 1428 7397 0 1777797277 855990
47 1472 7368 0 1777797277 855996
48 1519 7412 0 1777797277 856014
49 1391 7411 0 1777797277 856024
44 1361 6159 0 1777797277 862184
46 1429 7803 0 1777797277 863846
47 1473 8051 0 1777797277 864101
49 1392 8022 0 1777797277 864116
48 1520 9039 0 1777797277 865125
44 1362 9992 0 1777797277 872178
45 1449 16149 0 1777797277 872184
46 1430 8340 0 1777797277 872188
48 1521 7067 0 1777797277 872193
49 1393 8070 0 1777797277 872197
47 1474 10342 0 1777797277 874459
44 1363 8333 0 1777797277 880530
45 1450 8335 0 1777797277 880539
46 1431 8335 0 1777797277 880546
48 1522 8336 0 1777797277 880552
47 1475 7368 0 1777797277 881831
45 1451 1732 0 1777797277 882324
49 1394 11334 0 1777797277 883554
44 1364 7226 0 1777797277 887779
45 1452 5464 0 1777797277 887790
46 1432 7196 0 1777797277 887796
48 1523 9519 0 1777797277 890127
47 1476 8767 0 1777797277 890600
49 1395 7086 0 1777797277 890643
45 1453 8306 0 1777797277 896113
46 1433 8294 0 1777797277 896121
44 1365 11509 0 1777797277 899306
47 1477 8680 0 1777797277 899324
49 1396 8681 0 1777797277 899336
45 1454 5611 0 1777797277 901734
46 1434 5604 0 1777797277 901740
48 1524 11608 0 1777797277 901744
44 1366 8743 0 1777797277 908082
49 1397 8741 0 1777797277 908102
45 1455 9913 0 1777797277 911658
46 1435 9916 0 1777797277 911667
47 1478 12326 0 1777797277 911673
48 1525 10092 0 1777797277 911849
46 1436 3805 0 1777797277 915489
49 1398 8081 0 1777797277 916207
44 1367 14228 0 1777797277 922331
45 1456 10669 0 1777797277 922343
47 1479 10892 0 1777797277 922714
46 1437 7469 0 1777797277 922963
48 1526 11924 0 1777797277 923774
49 1399 10211 0 1777797277 926419
44 1368 8865 0 1777797277 931209
46 1438 8258 0 1777797277 931223
47 1480 8512 0 1777797277 931228
46 1439 5114 0 1777797277 936357
47 1481 5118 0 1777797277 936368
48 1527 12598 0 1777797277 936375
49 1400 9968 0 1777797277 936392
44 1369 7207 0 1777797277 938436
45 1457 16098 0 1777797277 938455
46 1440 3563 0 1777797277 939956
45 1458 7951 0 1777797277 946429
48 1528 10022 0 1777797277 946445
49 1401 10035 0 1777797277 946465
47 1482 10483 0 1777797277 946889
46 1441 7632 0 1777797277 947591
45 1459 7599 0 1777797277 954065
47 1483 7142 0 1777797277 954079
46 1442 6530 0 1777797277 954122
49 1402 7645 0 1777797277 954138
48 1529 10065 0 1777797277 956547
44 1370 18675 0 1777797277 957132
45 1460 4869 0 1777797277 958949
49 1403 4936 0 1777797277 959085
46 1443 7300 0 1777797277 961439
47 1484 7351 0 1777797277 961446
48 1530 5955 0 1777797277 962504
49 1404 7358 0 1777797277 966467
44 1371 12669 0 1777797277 969802
47 1485 8357 0 1777797277 969813
46 1444 9205 0 1777797277 970652
48 1531 8197 0 1777797277 970703
45 1461 15258 0 1777797277 974345
49 1405 9838 0 1777797277 976308
44 1372 7595 0 1777797277 977411
46 1445 6714 0 1777797277 977419
48 1532 6402 0 1777797277 977434
47 1486 8480 0 1777797277 978308
44 1373 10645 0 1777797277 988080
45 1462 13707 0 1777797277 988088
48 1533 10631 0 1777797277 988094
49 1406 11783 0 1777797277 988101
46 1446 13506 0 1777797277 990953
44 1374 7750 0 1777797277 995852
47 1487 17562 0 1777797277 995872
48 1534 9387 0 1777797277 997534
45 1463 10081 0 1777797277 998191
49 1407 10244 0 1777797277 998417
46 1447 12013 0 1777797278 2970
47 1488 7096 0 1777797278 2990
44 1375 11360 0 1777797278 7233
47 1489 4248 0 1777797278 7251
48 1535 9724 0 1777797278 7260
49 1408 8855 0 1777797278 7273
46 1448 7295 0 1777797278 10286
45 1464 15209 0 1777797278 13402
49 1409 7962 0 1777797278 15311
44 1376 9645 0 1777797278 16920
46 1449 6651 0 1777797278 16949
47 1490 9634 0 1777797278 16956
48 1536 10032 0 1777797278 17372
45 1465 8101 0 1777797278 21505
47 1491 4533 0 1777797278 21519
49 1410 6212 0 1777797278 21525
44 1377 7938 0 1777797278 24895
46 1450 7936 0 1777797278 24912
45 1466 6463 0 1777797278 27989
48 1537 10634 0 1777797278 28007
47 1492 7489 0 1777797278 29032
49 1411 7487 0 1777797278 29040
44 1378 17997 0 1777797278 42911
46 1451 17988 0 1777797278 42921
47 1493 13896 0 1777797278 42937
45 1467 15920 0 1777797278 43929
49 1412 16098 0 1777797278 45150
44 1379 4195 0 1777797278 47134
44 1380 1122 0 1777797278 48262
49 1413 5278 0 1777797278 50430
47 1494 9399 0 1777797278 52380
48 1538 27331 0 1777797278 55425
45 1468 15026 0 1777797278 58956
46 1452 16001 0 1777797278 58962
44 1381 22272 0 1777797278 70541
45 1469 11586 0 1777797278 70549
46 1453 11584 0 1777797278 70554
47 1495 18178 0 1777797278 70560
48 1539 15137 0 1777797278 70564
49 1414 20135 0 1777797278 70568
46 1454 11934 0 1777797278 82519
47 1496 11944 0 1777797278 82536
49 1415 11942 0 1777797278 82544
48 1540 12997 0 1777797278 83594
44 1382 14132 0 1777797278 84701
47 1497 4692 0 1777797278 87246
49 1416 6364 0 1777797278 88928
46 1455 7045 0 1777797278 89590
45 1470 21200 0 1777797278 91780
47 1498 5101 0 1777797278 92354
49 1417 8171 0 1777797278 97102
46 1456 7545 0 1777797278 97137
48 1541 13544 0 1777797278 97142
47 1499 5465 0 1777797278 97821
45 1471 8906 0 1777797278 100689
47 1500 5409 0 1777797278 103232
49 1418 7957 0 1777797278 105068
45 1472 4674 0 1777797278 105365
45 1473 2168 0 1777797278 107537
44 1383 23541 0 1777797278 108251
46 1457 11473 0 1777797278 108617
47 1501 5769 0 1777797278 109005
49 1419 5587 0 1777797278 110660
47 1502 3344 0 1777797278 112350
48 1542 15996 0 1777797278 113147
45 1474 6934 0 1777797278 114475
45 1475 1453 0 1777797278 115931
45 1476 824 0 1777797278 116758
45 1477 1452 0 1777797278 118213
49 1420 7574 0 1777797278 118242
49 1421 1860 0 1777797278 120103
47 1503 8679 0 1777797278 121031
47 1504 679 0 1777797278 121712
45 1478 3891 0 1777797278 122109
47 1505 621 0 1777797278 122335
45 1479 867 0 1777797278 122979
44 1384 14971 0 1777797278 123225
48 1543 10732 0 1777797278 123881
49 1422 4626 0 1777797278 124732
45 1480 3254 0 1777797278 126236
47 1506 4863 0 1777797278 127200
45 1481 3446 0 1777797278 129684
47 1507 2789 0 1777797278 129992
44 1385 12828 0 1777797278 136055
46 1458 27442 0 1777797278 136062
47 1508 6072 0 1777797278 136066
48 1544 12187 0 1777797278 136070
49 1423 11338 0 1777797278 136073
45 1482 8279 0 1777797278 137966
45 1483 4836 0 1777797278 142805
45 1484 6821 0 1777797278 149631
47 1509 13556 0 1777797278 149638
45 1485 3159 0 1777797278 152860
47 1510 3159 0 1777797278 152874
49 1424 16793 0 1777797278 152883
44 1386 21186 0 1777797278 157260
45 1486 6127 0 1777797278 159011
47 1511 6863 0 1777797278 159757
47 1512 4597 0 1777797278 164356
47 1513 5834 0 1777797278 170192
45 1487 12832 0 1777797278 171846
45 1488 3057 0 1777797278 174906
45 1489 2466 0 1777797278 177376
47 1514 7888 0 1777797278 178083
49 1425 25849 0 1777797278 178751
49 1426 3018 0 1777797278 181771
44 1387 32888 0 1777797278 190158
47 1515 17209 0 1777797278 195293
49 1427 13954 0 1777797278 195728
47 1516 2031 0 1777797278 197331
44 1388 7814 0 1777797278 197977
44 1389 5343 0 1777797278 203322
47 1517 9269 0 1777797278 206602
49 1428 12286 0 1777797278 208016
44 1390 6164 0 1777797278 209488
47 1518 6717 0 1777797278 213322
48 1545 77245 0 1777797278 213331
49 1429 5464 0 1777797278 213482
47 1519 1477 0 1777797278 214809
44 1391 5672 0 1777797278 215162
47 1520 761 0 1777797278 215573
49 1430 2435 0 1777797278 215918
47 1521 1395 0 1777797278 216971
49 1431 2343 0 1777797278 218263
47 1522 2683 0 1777797278 219658
44 1392 7252 0 1777797278 222418
47 1523 3142 0 1777797278 222802
47 1524 3430 0 1777797278 226237
49 1432 10242 0 1777797278 228509
44 1393 6433 0 1777797278 228853
47 1525 2613 0 1777797278 228861
48 1546 17137 0 1777797278 230477
49 1433 1974 0 1777797278 230486
47 1526 3497 0 1777797278 232367
49 1434 3129 0 1777797278 233627
47 1527 3397 0 1777797278 235766
49 1435 3436 0 1777797278 237068
49 1436 5218 0 1777797278 242292
47 1528 9527 0 1777797278 245295
49 1437 3687 0 1777797278 245981
47 1529 3308 0 1777797278 248605
45 1490 72569 0 1777797278 249949
49 1438 3984 0 1777797278 249970
45 1491 1914 0 1777797278 251886
45 1492 2976 0 1777797278 254864
49 1439 5723 0 1777797278 255728
47 1530 7554 0 1777797278 256162
49 1440 2834 0 1777797278 258565
47 1531 3178 0 1777797278 259343
47 1532 1279 0 1777797278 260625
46 1459 125256 0 1777797278 261334
45 1493 9600 0 1777797278 264467
44 1394 36159 0 1777797278 265021
44 1395 5795 0 1777797278 270818
46 1460 13599 0 1777797278 274935
47 1533 14756 0 1777797278 275385
45 1494 14927 0 1777797278 279404
46 1461 5028 0 1777797278 279968
49 1441 21409 0 1777797278 279976
44 1396 9408 0 1777797278 280232
47 1534 6437 0 1777797278 281824
45 1495 3877 0 1777797278 283283
47 1535 2597 0 1777797278 284424
49 1442 6611 0 1777797278 286599
44 1397 7986 0 1777797278 288220
46 1462 8261 0 1777797278 288238
45 1496 7846 0 1777797278 291133
48 1547 60655 0 1777797278 291142
44 1398 6881 0 1777797278 295121
47 1536 10705 0 1777797278 295131
49 1443 8537 0 1777797278 295137
48 1548 5031 0 1777797278 296182
45 1497 5697 0 1777797278 296839
46 1463 8729 0 1777797278 297306
44 1399 9392 0 1777797278 304530
45 1498 7696 0 1777797278 304540
47 1537 9844 0 1777797278 305000
48 1549 8826 0 1777797278 305010
49 1444 9854 0 1777797278 305018
45 1499 8276 0 1777797278 313308
46 1464 16008 0 1777797278 313316
48 1550 8272 0 1777797278 313322
44 1400 11414 0 1777797278 316433
47 1538 11412 0 1777797278 316454
49 1445 11405 0 1777797278 316463
44 1401 7385 0 1777797278 323849
45 1500 10535 0 1777797278 323858
46 1465 10533 0 1777797278 323866
47 1539 7396 0 1777797278 323934
48 1551 10602 0 1777797278 323942
49 1446 7401 0 1777797278 323948
44 1402 6306 0 1777797278 330256
46 1466 6300 0 1777797278 330266
47 1540 6301 0 1777797278 330274
48 1552 6302 0 1777797278 330281
49 1447 6303 0 1777797278 330288
45 1501 7416 0 1777797278 331375
44 1403 7062 0 1777797278 337352
45 1502 6164 0 1777797278 337542
47 1541 7265 0 1777797278 337574
49 1448 7253 0 1777797278 337584
46 1467 11032 0 1777797278 341333
48 1553 11018 0 1777797278 341342
45 1503 4562 0 1777797278 342164
47 1542 6139 0 1777797278 343750
46 1468 7092 0 1777797278 348435
49 1449 10821 0 1777797278 348444
44 1404 12138 0 1777797278 349723
45 1504 7569 0 1777797278 349738
48 1554 8390 0 1777797278 349746
47 1543 9265 0 1777797278 353023
46 1469 6697 0 1777797278 355142
48 1555 5386 0 1777797278 355149
49 1450 6586 0 1777797278 355155
45 1505 5582 0 1777797278 355339
44 1405 12061 0 1777797278 361808
46 1470 6659 0 1777797278 361816
48 1556 6653 0 1777797278 361821
49 1451 6650 0 1777797278 361825
45 1506 8026 0 1777797278 364867
47 1544 11849 0 1777797278 364875
45 1507 6087 0 1777797278 370963
49 1452 9117 0 1777797278 370970
48 1557 9666 0 1777797278 371513
44 1406 9748 0 1777797278 371574
44 1407 3017 0 1777797278 374592
48 1558 4908 0 1777797278 376423
47 1545 16896 0 1777797278 381782
44 1408 10393 0 1777797278 384987
45 1508 14025 0 1777797278 384996
48 1559 8563 0 1777797278 385004
49 1453 14030 0 1777797278 385010
44 1409 6134 0 1777797278 391145
45 1509 6143 0 1777797278 391164
46 1471 29330 0 1777797278 391171
47 1546 9383 0 1777797278 391177
48 1560 6156 0 1777797278 391183
49 1454 6109 0 1777797278 391189
44 1410 11017 0 1777797278 402206
45 1510 11014 0 1777797278 402222
46 1472 10999 0 1777797278 402228
49 1455 10978 0 1777797278 402236
47 1547 11333 0 1777797278 402570
48 1561 11326 0 1777797278 402576
49 1456 3123 0 1777797278 405398
47 1548 4762 0 1777797278 407340
48 1562 9821 0 1777797278 412408
49 1457 7016 0 1777797278 412416
44 1411 11383 0 1777797278 413620
45 1511 11621 0 1777797278 413872
45 1512 2203 0 1777797278 416078
47 1549 13444 0 1777797278 420787
44 1412 7724 0 1777797278 421351
49 1458 8942 0 1777797278 421372
46 1473 19749 0 1777797278 422010
48 1563 11962 0 1777797278 424379
47 1550 4618 0 1777797278 425411
48 1564 2262 0 1777797278 426643
49 1459 8418 0 1777797278 429803
46 1474 8534 0 1777797278 430546
46 1475 2230 0 1777797278 432779
45 1513 24191 0 1777797278 440276
46 1476 7532 0 1777797278 440314
47 1551 14910 0 1777797278 440324
49 1460 10527 0 1777797278 440332
44 1413 20240 0 1777797278 441613
48 1565 18296 0 1777797278 444942
44 1414 4143 0 1777797278 445759
49 1461 5392 0 1777797278 445789
44 1415 2477 0 1777797278 448267
45 1514 9715 0 1777797278 450048
44 1416 2065 0 1777797278 450335
45 1515 1256 0 1777797278 451307
46 1477 11818 0 1777797278 452191
44 1417 2520 0 1777797278 452857
47 1552 12488 0 1777797278 452870
44 1418 2067 0 1777797278 454939
47 1553 4230 0 1777797278 457113
46 1478 5498 0 1777797278 457693
45 1516 9131 0 1777797278 460440
46 1479 4704 0 1777797278 462400
47 1554 6704 0 1777797278 463818
45 1517 5480 0 1777797278 465923
49 1462 21003 0 1777797278 466802
47 1555 4351 0 1777797278 468171
45 1518 3213 0 1777797278 469139
44 1419 15680 0 1777797278 470624
48 1566 27652 0 1777797278 472619
45 1519 4075 0 1777797278 473222
48 1567 1602 0 1777797278 474224
46 1480 12126 0 1777797278 474528
44 1420 9381 0 1777797278 480007
45 1520 6794 0 1777797278 480017
47 1556 11848 0 1777797278 480022
48 1568 5803 0 1777797278 480028
49 1463 13229 0 1777797278 480033
44 1421 4906 0 1777797278 484939
47 1557 5862 0 1777797278 485917
48 1569 5880 0 1777797278 485941
45 1521 8783 0 1777797278 488830
48 1570 3876 0 1777797278 489833
48 1571 2629 0 1777797278 492465
45 1522 5904 0 1777797278 494736
45 1523 2740 0 1777797278 497481
47 1558 12088 0 1777797278 498030
48 1572 6364 0 1777797278 498831
45 1524 3000 0 1777797278 500483
45 1525 2131 0 1777797278 502616
45 1526 2150 0 1777797278 504769
45 1527 3955 0 1777797278 508726
46 1481 34203 0 1777797278 508733
48 1573 11122 0 1777797278 509955
49 1464 30206 0 1777797278 510274
48 1574 1352 0 1777797278 511310
47 1559 14536 0 1777797278 512568
45 1528 6858 0 1777797278 515612
46 1482 6858 0 1777797278 515644
49 1465 8585 0 1777797278 518861
45 1529 3880 0 1777797278 519525
48 1575 8520 0 1777797278 519832
48 1576 2973 0 1777797278 522807
45 1530 7581 0 1777797278 527108
48 1577 4305 0 1777797278 527115
47 1560 17865 0 1777797278 530435
45 1531 5589 0 1777797278 532705
47 1561 2267 0 1777797278 532712
45 1532 2769 0 1777797278 535483
46 1483 20082 0 1777797278 535740
44 1422 53112 0 1777797278 538053
45 1533 2571 0 1777797278 538062
46 1484 2336 0 1777797278 538081
47 1562 6762 0 1777797278 539485
46 1485 2319 0 1777797278 540435
47 1563 1621 0 1777797278 541108
45 1534 3817 0 1777797278 541924
46 1486 3709 0 1777797278 544149
45 1535 3128 0 1777797278 545055
48 1578 18456 0 1777797278 545600
47 1564 6581 0 1777797278 547692
46 1487 4722 0 1777797278 548884
48 1579 3434 0 1777797278 549076
48 1580 1496 0 1777797278 550574
44 1423 16590 0 1777797278 554673
45 1536 9664 0 1777797278 554721
47 1565 7031 0 1777797278 554730
48 1581 4742 0 1777797278 555318
44 1424 4447 0 1777797278 559179
47 1566 6960 0 1777797278 561801
45 1537 7288 0 1777797278 562102
44 1425 3204 0 1777797278 562385
48 1582 7975 0 1777797278 563298
47 1567 1803 0 1777797278 563606
45 1538 2904 0 1777797278 565007
45 1539 1366 0 1777797278 566376
46 1488 18301 0 1777797278 567187
47 1568 4328 0 1777797278 567935
48 1583 7030 0 1777797278 570334
47 1569 2667 0 1777797278 570604
46 1489 5047 0 1777797278 572236
45 1540 6034 0 1777797278 572411
47 1570 3449 0 1777797278 574055
45 1541 3184 0 1777797278 575597
46 1490 3360 0 1777797278 575604
48 1584 6608 0 1777797278 576946
47 1571 3483 0 1777797278 577540
47 1572 1780 0 1777797278 579322
48 1585 2633 0 1777797278 579586
44 1426 19488 0 1777797278 581876
47 1573 8590 0 1777797278 587914
46 1491 14155 0 1777797278 589792
47 1574 3553 0 1777797278 591475
46 1492 2588 0 1777797278 592385
47 1575 2104 0 1777797278 593587
46 1493 4752 0 1777797278 597143
47 1576 4769 0 1777797278 598360
44 1427 16556 0 1777797278 598434
45 1542 26509 0 1777797278 602114
48 1586 23574 0 1777797278 603161
49 1466 85610 0 1777797278 604474
46 1494 8879 0 1777797278 606025
45 1543 6565 0 1777797278 608682
46 1495 4449 0 1777797278 610480
48 1587 10072 0 1777797278 613235
49 1467 11599 0 1777797278 616078
47 1577 18652 0 1777797278 617021
48 1588 10047 0 1777797278 623286
47 1578 7210 0 1777797278 624236
49 1468 9680 0 1777797278 625760
47 1579 1892 0 1777797278 626130
48 1589 6472 0 1777797278 629760
44 1428 34028 0 1777797278 632465
46 1496 21987 0 1777797278 632474
45 1544 25076 0 1777797278 633761
48 1590 6632 0 1777797278 636400
44 1429 4022 0 1777797278 636497
44 1430 4417 0 1777797278 640915
47 1580 14803 0 1777797278 640935
46 1497 11351 0 1777797278 643844
48 1591 8695 0 1777797278 645099
44 1431 8287 0 1777797278 649204
46 1498 5363 0 1777797278 649212
49 1469 23456 0 1777797278 649218
47 1581 13130 0 1777797278 654066
45 1545 20351 0 1777797278 654115
46 1499 6950 0 1777797278 656178
48 1592 11696 0 1777797278 656797
48 1593 2297 0 1777797278 659098
46 1500 2980 0 1777797278 659163
47 1582 5098 0 1777797278 659177
49 1470 10550 0 1777797278 659806
46 1501 3562 0 1777797278 662741
48 1594 5089 0 1777797278 664189
45 1546 10242 0 1777797278 664358
49 1471 6009 0 1777797278 665825
44 1432 16956 0 1777797278 666175
48 1595 2825 0 1777797278 667017
44 1433 1913 0 1777797278 668091
45 1547 6019 0 1777797278 670379
47 1583 11974 0 1777797278 671161
49 1472 6367 0 1777797278 672194
46 1502 9990 0 1777797278 672736
48 1596 5820 0 1777797278 672839
49 1473 3849 0 1777797278 676044
45 1548 7161 0 1777797278 677542
49 1474 1503 0 1777797278 677549
47 1584 6748 0 1777797278 677911
48 1597 5579 0 1777797278 678422
46 1503 6160 0 1777797278 678898
44 1434 13052 0 1777797278 681145
48 1598 4189 0 1777797278 682612
49 1475 8246 0 1777797278 685806
48 1599 3848 0 1777797278 686462
47 1585 8696 0 1777797278 686609
44 1435 5911 0 1777797278 687059
48 1600 692 0 1777797278 687157
48 1601 548 0 1777797278 687707
45 1549 10190 0 1777797278 687740
49 1476 3170 0 1777797278 688981
48 1602 1711 0 1777797278 689419
44 1436 2721 0 1777797278 689783
45 1550 3038 0 1777797278 690779
45 1551 4645 0 1777797278 695427
44 1437 7956 0 1777797278 697740
45 1552 4227 0 1777797278 699661
46 1504 21453 0 1777797278 700352
47 1586 14713 0 1777797278 701323
45 1553 7170 0 1777797278 706833
48 1603 19244 0 1777797278 708665
49 1477 19691 0 1777797278 708673
49 1478 3940 0 1777797278 712622
45 1554 5805 0 1777797278 712640
46 1505 13174 0 1777797278 713528
47 1587 12494 0 1777797278 713820
48 1604 6050 0 1777797278 714724
49 1479 2958 0 1777797278 715581
45 1555 3958 0 1777797278 716599
48 1605 1881 0 1777797278 716607
49 1480 1032 0 1777797278 716615
49 1481 2589 0 1777797278 719226
46 1506 5815 0 1777797278 719351
47 1588 6958 0 1777797278 720779
45 1556 4871 0 1777797278 721488
49 1482 3343 0 1777797278 722573
45 1557 2988 0 1777797278 724487
47 1589 4792 0 1777797278 725647
45 1558 1395 0 1777797278 725885
49 1483 6320 0 1777797278 728895
45 1559 5369 0 1777797278 731257
44 1438 34401 0 1777797278 732144
49 1484 3837 0 1777797278 732735
44 1439 2637 0 1777797278 734784
44 1440 5463 0 1777797278 740250
45 1560 9001 0 1777797278 740260
47 1590 14641 0 1777797278 740291
49 1485 7733 0 1777797278 740473
48 1606 25071 0 1777797278 741698
49 1486 3142 0 1777797278 743616
45 1561 3400 0 1777797278 743674
46 1507 27813 0 1777797278 747166
44 1441 7309 0 1777797278 747572
47 1591 7606 0 1777797278 747898
45 1562 4685 0 1777797278 748360
49 1487 5144 0 1777797278 748764
46 1508 5714 0 1777797278 752882
44 1442 6716 0 1777797278 754289
45 1563 7613 0 1777797278 755975
46 1509 3756 0 1777797278 756641
49 1488 9600 0 1777797278 758366
45 1564 3832 0 1777797278 759814
47 1592 12300 0 1777797278 760201
46 1510 3955 0 1777797278 760599
44 1443 7659 0 1777797278 761953
47 1593 2033 0 1777797278 762235
48 1607 22187 0 1777797278 763887
44 1444 4417 0 1777797278 766372
46 1511 5784 0 1777797278 766387
47 1594 4697 0 1777797278 766934
45 1565 10528 0 1777797278 770345
48 1608 8181 0 1777797278 772073
44 1445 6332 0 1777797278 772721
46 1512 8051 0 1777797278 774451
47 1595 8855 0 1777797278 775791
48 1609 6814 0 1777797278 778888
44 1446 6989 0 1777797278 779717
46 1513 8510 0 1777797278 782965
44 1447 5795 0 1777797278 785517
45 1566 20218 0 1777797278 790565
46 1514 7613 0 1777797278 790585
47 1596 15123 0 1777797278 790916
49 1489 36540 0 1777797278 794908
44 1448 9456 0 1777797278 794981
48 1610 16205 0 1777797278 795096
45 1567 4559 0 1777797278 795126
49 1490 2867 0 1777797278 797778
46 1515 7237 0 1777797278 797824
45 1568 4985 0 1777797278 800113
47 1597 11002 0 1777797278 801919
49 1491 6324 0 1777797278 804105
45 1569 5140 0 1777797278 805256
47 1598 5783 0 1777797278 807703
46 1516 10183 0 1777797278 808009
48 1611 15373 0 1777797278 810480
44 1449 17548 0 1777797278 812530
49 1492 8427 0 1777797278 812540
48 1612 2262 0 1777797278 812745
49 1493 3769 0 1777797278 816320
47 1599 8678 0 1777797278 816383
45 1570 11969 0 1777797278 817228
44 1450 7395 0 1777797278 819937
46 1517 12606 0 1777797278 820617
47 1600 7324 0 1777797278 823708
48 1613 11265 0 1777797278 824012
49 1494 11530 0 1777797278 827854
44 1451 8402 0 1777797278 828343
46 1518 8698 0 1777797278 829317
45 1571 14989 0 1777797278 832221
46 1519 3303 0 1777797278 832623
48 1614 9426 0 1777797278 833440
49 1495 6705 0 1777797278 834561
44 1452 10229 0 1777797278 838575
47 1601 15363 0 1777797278 839073
46 1520 6838 0 1777797278 839464
48 1615 8794 0 1777797278 842236
49 1496 7773 0 1777797278 842336
47 1602 6538 0 1777797278 845613
45 1572 13968 0 1777797278 846197
44 1453 7648 0 1777797278 846226
46 1521 6767 0 1777797278 846233
49 1497 5917 0 1777797278 848254
48 1616 12089 0 1777797278 854331
44 1454 8258 0 1777797278 854492
45 1573 8293 0 1777797278 854496
46 1522 8437 0 1777797278 854679
47 1603 9068 0 1777797278 854684
49 1498 6436 0 1777797278 854692
44 1455 1812 0 1777797278 856309
48 1617 3902 0 1777797278 858235
45 1574 4269 0 1777797278 858774
49 1499 5388 0 1777797278 860093
45 1575 1979 0 1777797278 860757
47 1604 6206 0 1777797278 860907
49 1500 5656 0 1777797278 865754
48 1618 7856 0 1777797278 866093
46 1523 11447 0 1777797278 866139
45 1576 8705 0 1777797278 869464
44 1456 13187 0 1777797278 869499
46 1524 5805 0 1777797278 871945
49 1501 8117 0 1777797278 873873
44 1457 8168 0 1777797278 877669
45 1577 8205 0 1777797278 877679
48 1619 12458 0 1777797278 878553
46 1525 6911 0 1777797278 878860
48 1620 3290 0 1777797278 881845
45 1578 4244 0 1777797278 881935
49 1502 8255 0 1777797278 882130
47 1605 21873 0 1777797278 882781
45 1579 3603 0 1777797278 885539
46 1526 6688 0 1777797278 885550
47 1606 3102 0 1777797278 885885
49 1503 6340 0 1777797278 888472
48 1621 7505 0 1777797278 889352
46 1527 7391 0 1777797278 892967
49 1504 4690 0 1777797278 893164
45 1580 9268 0 1777797278 894819
44 1458 18881 0 1777797278 896561
45 1581 1979 0 1777797278 896854
49 1505 8630 0 1777797278 901796
46 1528 9182 0 1777797278 902158
47 1607 16327 0 1777797278 902213
49 1506 2732 0 1777797278 904531
49 1507 2407 0 1777797278 906941
44 1459 12433 0 1777797278 908997
49 1508 2484 0 1777797278 909426
45 1582 14226 0 1777797278 911082
44 1460 3328 0 1777797278 912335
49 1509 2999 0 1777797278 912427
47 1608 12451 0 1777797278 914666
46 1529 12875 0 1777797278 915034
48 1622 31595 0 1777797278 920949
45 1583 10074 0 1777797278 921158
46 1530 6138 0 1777797278 921175
46 1531 4377 0 1777797278 925554
49 1510 16289 0 1777797278 928718
48 1623 11297 0 1777797278 932248
45 1584 12316 0 1777797278 933475
45 1585 2717 0 1777797278 936194
48 1624 4292 0 1777797278 936542
47 1609 22645 0 1777797278 937316
49 1511 10098 0 1777797278 938817
45 1586 3360 0 1777797278 939557
44 1461 28025 0 1777797278 940362
47 1610 3450 0 1777797278 940773
48 1625 5978 0 1777797278 942523
46 1532 18031 0 1777797278 943589
45 1587 5238 0 1777797278 944798
49 1512 7012 0 1777797278 945831
49 1513 3260 0 1777797278 949093
44 1462 10161 0 1777797278 950525
47 1611 10108 0 1777797278 950883
48 1626 9603 0 1777797278 952128
47 1612 3275 0 1777797278 954170
49 1514 7100 0 1777797278 956195
44 1463 6740 0 1777797278 957271
47 1613 3469 0 1777797278 957642
44 1464 2314 0 1777797278 959592
48 1627 8030 0 1777797278 960164
47 1614 3628 0 1777797278 961271
48 1628 2760 0 1777797278 962926
47 1615 5840 0 1777797278 967117
45 1588 26673 0 1777797278 971473
44 1465 11976 0 1777797278 971571
48 1629 8667 0 1777797278 971595
47 1616 4786 0 1777797278 971907
49 1515 16941 0 1777797278 973139
49 1516 1094 0 1777797278 974237
44 1466 5157 0 1777797278 976730
45 1589 5271 0 1777797278 976746
47 1617 5815 0 1777797278 977726
48 1630 7828 0 1777797278 979424
47 1618 2522 0 1777797278 980250
47 1619 1554 0 1777797278 981810
48 1631 2912 0 1777797278 982338
44 1467 6513 0 1777797278 983260
44 1468 2359 0 1777797278 985625
46 1533 42047 0 1777797278 985639
47 1620 4213 0 1777797278 986026
45 1590 9280 0 1777797278 986044
46 1534 8563 0 1777797278 994218
44 1469 9003 0 1777797278 994643
45 1591 8605 0 1777797278 994650
47 1621 8628 0 1777797278 994655
48 1632 12319 0 1777797278 994660
49 1517 21418 0 1777797278 995657
49 1518 6567 0 1777797279 2229
45 1592 10236 0 1777797279 4913
49 1519 3092 0 1777797279 5324
47 1622 10682 0 1777797279 5373
48 1633 12469 0 1777797279 7172
47 1623 2086 0 1777797279 7460
45 1593 5094 0 1777797279 10012
45 1594 2428 0 1777797279 12442
47 1624 5755 0 1777797279 13217
46 1535 20085 0 1777797279 14314
45 1595 2648 0 1777797279 15093
44 1470 21862 0 1777797279 16524
49 1520 11370 0 1777797279 16695
47 1625 3700 0 1777797279 16921
48 1634 13296 0 1777797279 20470
49 1521 3781 0 1777797279 20478
44 1471 4023 0 1777797279 20555
47 1626 5611 0 1777797279 22533
49 1522 4520 0 1777797279 25007
45 1596 10647 0 1777797279 25742
44 1472 9578 0 1777797279 30134
47 1627 7610 0 1777797279 30145
48 1635 9671 0 1777797279 30150
46 1536 19258 0 1777797279 33575
45 1597 10570 0 1777797279 36313
48 1636 6150 0 1777797279 36321
49 1523 11310 0 1777797279 36327
47 1628 11377 0 1777797279 41540
44 1473 14323 0 1777797279 44474
49 1524 9107 0 1777797279 45464
48 1637 11767 0 1777797279 48116
45 1598 11860 0 1777797279 48188
46 1537 14787 0 1777797279 48367
44 1474 10476 0 1777797279 54953
49 1525 9515 0 1777797279 54981
47 1629 13594 0 1777797279 55141
48 1638 7032 0 1777797279 55150
45 1599 7049 0 1777797279 55239
44 1475 2118 0 1777797279 57074
47 1630 7251 0 1777797279 62402
49 1526 7435 0 1777797279 62418
44 1476 6737 0 1777797279 63813
45 1600 9032 0 1777797279 64272
46 1538 16149 0 1777797279 64517
48 1639 9417 0 1777797279 64578
45 1601 6660 0 1777797279 70933
47 1631 8522 0 1777797279 70941
48 1640 6518 0 1777797279 71098
44 1477 7324 0 1777797279 71140
49 1527 10352 0 1777797279 72789
48 1641 4748 0 1777797279 75849
45 1602 5020 0 1777797279 75962
47 1632 8000 0 1777797279 78952
44 1478 8305 0 1777797279 79447
49 1528 6736 0 1777797279 79526
45 1603 3591 0 1777797279 79554
46 1539 16591 0 1777797279 81110
45 1604 7579 0 1777797279 87195
49 1529 7684 0 1777797279 87212
48 1642 13618 0 1777797279 89469
47 1633 10548 0 1777797279 89502
44 1479 11537 0 1777797279 90986
45 1605 8083 0 1777797279 95296
46 1540 14189 0 1777797279 95301
47 1634 6800 0 1777797279 96303
49 1530 9088 0 1777797279 96311
44 1480 9477 0 1777797279 100466
45 1606 5172 0 1777797279 100474
46 1541 5169 0 1777797279 100481
48 1643 11594 0 1777797279 101065
47 1635 7737 0 1777797279 104048
49 1531 9159 0 1777797279 105479
44 1481 8811 0 1777797279 109294
46 1542 11264 0 1777797279 111780
45 1607 11296 0 1777797279 111804
48 1644 10744 0 1777797279 111811
47 1636 7929 0 1777797279 111980
44 1482 5164 0 1777797279 114465
49 1532 12013 0 1777797279 117497
47 1637 5603 0 1777797279 117584
48 1645 6977 0 1777797279 118798
44 1483 4711 0 1777797279 119179
45 1608 8349 0 1777797279 120161
47 1638 4251 0 1777797279 121837
49 1533 7092 0 1777797279 124606
46 1543 12885 0 1777797279 124668
48 1646 6114 0 1777797279 124914
44 1484 9202 0 1777797279 128384
46 1544 4729 0 1777797279 129399
45 1609 9488 0 1777797279 129652
47 1639 9512 0 1777797279 131352
49 1534 6760 0 1777797279 131368
44 1485 8030 0 1777797279 136416
45 1610 6897 0 1777797279 136552
46 1545 10344 0 1777797279 139748
49 1535 9336 0 1777797279 140715
48 1647 16085 0 1777797279 141002
47 1640 9671 0 1777797279 141040
46 1546 8339 0 1777797279 148090
45 1611 11615 0 1777797279 148168
44 1486 13298 0 1777797279 149718
47 1641 9513 0 1777797279 150555
48 1648 11334 0 1777797279 152339
49 1536 11884 0 1777797279 152601
46 1547 8216 0 1777797279 156308
49 1537 4879 0 1777797279 157482
45 1612 9396 0 1777797279 157565
47 1642 14047 0 1777797279 164608
48 1649 12712 0 1777797279 165053
49 1538 7635 0 1777797279 165126
44 1487 15415 0 1777797279 165143
45 1613 8695 0 1777797279 166261
47 1643 3812 0 1777797279 168423
45 1614 5059 0 1777797279 171324
46 1548 16634 0 1777797279 172951
49 1539 7844 0 1777797279 172972
46 1549 979 0 1777797279 173933
46 1550 1091 0 1777797279 175027
49 1540 4012 0 1777797279 176986
44 1488 12181 0 1777797279 177325
45 1615 7598 0 1777797279 178926
47 1644 10502 0 1777797279 178932
48 1650 13882 0 1777797279 178936
46 1551 10295 0 1777797279 185325
48 1651 8934 0 1777797279 187882
45 1616 10453 0 1777797279 189390
48 1652 2300 0 1777797279 190183
45 1617 3643 0 1777797279 193035
46 1552 8108 0 1777797279 193434
48 1653 8233 0 1777797279 198417
46 1553 5658 0 1777797279 199093
48 1654 1245 0 1777797279 199664
48 1655 716 0 1777797279 200383
46 1554 2486 0 1777797279 201584
48 1656 2704 0 1777797279 203090
45 1618 10599 0 1777797279 203637
47 1645 34647 0 1777797279 213588
44 1489 36436 0 1777797279 213762
48 1657 10678 0 1777797279 213771
46 1555 12224 0 1777797279 213810
45 1619 10655 0 1777797279 214296
49 1541 37326 0 1777797279 214313
46 1556 6117 0 1777797279 219928
49 1542 5621 0 1777797279 219944
48 1658 7452 0 1777797279 221240
49 1543 2329 0 1777797279 222291
46 1557 3901 0 1777797279 223848
48 1659 3606 0 1777797279 224848
45 1620 13185 0 1777797279 227499
49 1544 5245 0 1777797279 227538
46 1558 4372 0 1777797279 228229
47 1646 18758 0 1777797279 232348
44 1490 19361 0 1777797279 233135
47 1647 1919 0 1777797279 234269
45 1621 9873 0 1777797279 237377
44 1491 4784 0 1777797279 237922
45 1622 3606 0 1777797279 240986
45 1623 2999 0 1777797279 243987
49 1545 16836 0 1777797279 244375
48 1660 22148 0 1777797279 246998
47 1648 14766 0 1777797279 249042
49 1546 4713 0 1777797279 249090
46 1559 21273 0 1777797279 249504
48 1661 3774 0 1777797279 250774
46 1560 4785 0 1777797279 254291
48 1662 5141 0 1777797279 255917
49 1547 6834 0 1777797279 255925
45 1624 11988 0 1777797279 255981
46 1561 1946 0 1777797279 256238
49 1548 1804 0 1777797279 257750
49 1549 1060 0 1777797279 258813
44 1492 22030 0 1777797279 259954
45 1625 4717 0 1777797279 260700
47 1649 13030 0 1777797279 262074
45 1626 2808 0 1777797279 263513
44 1493 5624 0 1777797279 265584
49 1550 6779 0 1777797279 265594
47 1650 7002 0 1777797279 269078
49 1551 6868 0 1777797279 272476
45 1627 11802 0 1777797279 275317
46 1562 22073 0 1777797279 278313
48 1663 22460 0 1777797279 278386
45 1628 3190 0 1777797279 278512
49 1552 6558 0 1777797279 279075
45 1629 4309 0 1777797279 282823
49 1553 6737 0 1777797279 285815
47 1651 17642 0 1777797279 286726
44 1494 21903 0 1777797279 287498
45 1630 6309 0 1777797279 289134
49 1554 7855 0 1777797279 293672
47 1652 7154 0 1777797279 293885
46 1563 16009 0 1777797279 294324
48 1664 16818 0 1777797279 295206
44 1495 9127 0 1777797279 296627
45 1631 10008 0 1777797279 299160
46 1564 5859 0 1777797279 300185
47 1653 10012 0 1777797279 303906
49 1555 10248 0 1777797279 303923
44 1496 8051 0 1777797279 304681
48 1665 9588 0 1777797279 304797
45 1632 7481 0 1777797279 306643
46 1565 11048 0 1777797279 311235
44 1497 7009 0 1777797279 311693
45 1633 5769 0 1777797279 312416
49 1556 8561 0 1777797279 312497
47 1654 9356 0 1777797279 313280
45 1634 3881 0 1777797279 316302
44 1498 5039 0 1777797279 316733
49 1557 4240 0 1777797279 316741
46 1566 8238 0 1777797279 319476
48 1666 17012 0 1777797279 321812
45 1635 5692 0 1777797279 321997
45 1636 6955 0 1777797279 328954
44 1499 12634 0 1777797279 329376
47 1655 16344 0 1777797279 329628
49 1558 12871 0 1777797279 329633
48 1667 7841 0 1777797279 329655
46 1567 10760 0 1777797279 330237
47 1656 5256 0 1777797279 334890
45 1637 6499 0 1777797279 335456
48 1668 5828 0 1777797279 335483
49 1559 5850 0 1777797279 335490
46 1568 5724 0 1777797279 335963
44 1500 10984 0 1777797279 340364
46 1569 5223 0 1777797279 341189
49 1560 9455 0 1777797279 344954
48 1669 11373 0 1777797279 346869
47 1657 12075 0 1777797279 346967
45 1638 11838 0 1777797279 347328
46 1570 13070 0 1777797279 354265
49 1561 9321 0 1777797279 354277
44 1501 15367 0 1777797279 355732
46 1571 9048 0 1777797279 363326
47 1658 16984 0 1777797279 363952
48 1670 17115 0 1777797279 363986
49 1562 10114 0 1777797279 364414
44 1502 8974 0 1777797279 364715
45 1639 18036 0 1777797279 365365
46 1572 7943 0 1777797279 371272
48 1671 11052 0 1777797279 375040
49 1563 10637 0 1777797279 375052
45 1640 9950 0 1777797279 375319
44 1503 14078 0 1777797279 378794
47 1659 14852 0 1777797279 378806
47 1660 10736 0 1777797279 389554
45 1641 14342 0 1777797279 389662
44 1504 11472 0 1777797279 390279
45 1642 6498 0 1777797279 396161
46 1573 24904 0 1777797279 396179
44 1505 6129 0 1777797279 396410
47 1661 7273 0 1777797279 396836
48 1672 30753 0 1777797279 405806
45 1643 10138 0 1777797279 406319
49 1564 31614 0 1777797279 406684
45 1644 4555 0 1777797279 410877
47 1662 14336 0 1777797279 411177
49 1565 5284 0 1777797279 411970
48 1673 6788 0 1777797279 412614
44 1506 22823 0 1777797279 419237
48 1674 8399 0 1777797279 421017
44 1507 2772 0 1777797279 422011
49 1566 12530 0 1777797279 424503
48 1675 3531 0 1777797279 424551
45 1645 13690 0 1777797279 424568
46 1574 29273 0 1777797279 425473
44 1508 4279 0 1777797279 426294
49 1567 4590 0 1777797279 429095
48 1676 6992 0 1777797279 431544
45 1646 7231 0 1777797279 431801
44 1509 6964 0 1777797279 433262
46 1575 7975 0 1777797279 433455
45 1647 3046 0 1777797279 434848
45 1648 3492 0 1777797279 438347
46 1576 5344 0 1777797279 438801
46 1577 1139 0 1777797279 439941
45 1649 1957 0 1777797279 440305
46 1578 3694 0 1777797279 443637
45 1650 3472 0 1777797279 443780
48 1677 13387 0 1777797279 444935
45 1651 3002 0 1777797279 446784
46 1579 3168 0 1777797279 446814
48 1678 5450 0 1777797279 450388
45 1652 3789 0 1777797279 450575
47 1663 40144 0 1777797279 451323
46 1580 7265 0 1777797279 454080
45 1653 5254 0 1777797279 455831
47 1664 8465 0 1777797279 459791
45 1654 5796 0 1777797279 461631
48 1679 11442 0 1777797279 461833
46 1581 7945 0 1777797279 462029
49 1568 33784 0 1777797279 462883
44 1510 32432 0 1777797279 465698
45 1655 5282 0 1777797279 466917
46 1582 6107 0 1777797279 468138
45 1656 10046 0 1777797279 476967
46 1583 9030 0 1777797279 477169
44 1511 11753 0 1777797279 477453
45 1657 5467 0 1777797279 482436
46 1584 5279 0 1777797279 482449
45 1658 2145 0 1777797279 484596
45 1659 1564 0 1777797279 486166
46 1585 4022 0 1777797279 486489
45 1660 1424 0 1777797279 487595
46 1586 2210 0 1777797279 488765
44 1512 15318 0 1777797279 492773
47 1665 35104 0 1777797279 494897
44 1513 4798 0 1777797279 497573
46 1587 12884 0 1777797279 501651
45 1661 14772 0 1777797279 502370
45 1662 2488 0 1777797279 504862
46 1588 4365 0 1777797279 506024
44 1514 9120 0 1777797279 506696
45 1663 2828 0 1777797279 507693
46 1589 5379 0 1777797279 511406
46 1590 1333 0 1777797279 512743
47 1666 20928 0 1777797279 515827
45 1664 8279 0 1777797279 515974
49 1569 53558 0 1777797279 516443
45 1665 3675 0 1777797279 519650
47 1667 3840 0 1777797279 519671
47 1668 1325 0 1777797279 521019
49 1570 5238 0 1777797279 521684
47 1669 913 0 1777797279 521941
44 1515 19337 0 1777797279 526037
45 1666 6374 0 1777797279 526046
46 1591 13327 0 1777797279 526074
49 1571 6241 0 1777797279 527929
48 1680 69604 0 1777797279 531439
45 1667 7622 0 1777797279 533681
46 1592 12669 0 1777797279 538744
47 1670 18702 0 1777797279 540645
48 1681 9211 0 1777797279 540652
49 1572 12718 0 1777797279 540657
49 1573 6577 0 1777797279 547254
47 1671 6754 0 1777797279 547412
45 1668 13774 0 1777797279 547458
48 1682 6960 0 1777797279 547630
46 1593 8908 0 1777797279 547653
47 1672 8444 0 1777797279 555857
45 1669 9047 0 1777797279 556507
46 1594 8986 0 1777797279 556640
49 1574 9444 0 1777797279 556699
44 1516 37362 0 1777797279 563409
47 1673 8924 0 1777797279 564784
48 1683 17214 0 1777797279 564845
49 1575 8244 0 1777797279 564944
45 1670 8904 0 1777797279 565415
46 1595 17221 0 1777797279 573862
47 1674 9084 0 1777797279 573871
44 1517 13095 0 1777797279 576506
48 1684 11674 0 1777797279 576520
49 1576 11829 0 1777797279 576774
45 1671 11375 0 1777797279 576792
48 1685 6263 0 1777797279 582798
45 1672 7039 0 1777797279 583833
46 1596 10005 0 1777797279 583877
49 1577 10588 0 1777797279 587364
44 1518 11730 0 1777797279 588251
47 1675 14823 0 1777797279 588705
45 1673 7968 0 1777797279 591807
49 1578 5777 0 1777797279 593143
44 1519 6643 0 1777797279 594897
46 1597 11861 0 1777797279 595741
48 1686 13243 0 1777797279 596045
49 1579 4986 0 1777797279 598130
44 1520 3251 0 1777797279 598150
47 1676 9451 0 1777797279 598157
47 1677 7325 0 1777797279 605491
45 1674 13752 0 1777797279 605575
49 1580 7750 0 1777797279 605882
46 1598 10324 0 1777797279 606071
48 1687 10033 0 1777797279 606079
44 1521 8160 0 1777797279 606318
49 1581 2776 0 1777797279 608659
45 1675 3688 0 1777797279 609264
47 1678 4607 0 1777797279 610100
48 1688 4356 0 1777797279 610446
46 1599 4574 0 1777797279 610654
49 1582 11242 0 1777797279 619904
47 1679 9835 0 1777797279 619937
48 1689 9646 0 1777797279 620093
44 1522 13882 0 1777797279 620202
45 1676 10942 0 1777797279 620208
46 1600 11004 0 1777797279 621660
47 1680 16528 0 1777797279 636466
45 1677 17437 0 1777797279 637662
44 1523 20393 0 1777797279 640602
46 1601 19247 0 1777797279 640915
48 1690 21021 0 1777797279 641116
49 1583 21212 0 1777797279 641121
47 1681 6726 0 1777797279 643193
45 1678 8363 0 1777797279 646027
48 1691 11956 0 1777797279 653078
45 1679 12355 0 1777797279 658384
49 1584 18462 0 1777797279 659589
44 1524 20687 0 1777797279 661290
46 1602 20376 0 1777797279 661294
47 1682 19422 0 1777797279 662624
45 1680 7045 0 1777797279 665432
48 1692 12763 0 1777797279 665844
46 1603 5768 0 1777797279 667068
47 1683 4746 0 1777797279 667375
49 1585 9451 0 1777797279 669041
44 1525 8853 0 1777797279 670154
49 1586 1375 0 1777797279 670418
46 1604 6903 0 1777797279 673976
48 1693 8138 0 1777797279 673985
44 1526 7233 0 1777797279 677390
48 1694 4952 0 1777797279 678949
45 1681 13719 0 1777797279 679153
49 1587 10797 0 1777797279 681219
47 1684 15420 0 1777797279 682801
44 1527 7807 0 1777797279 685200
45 1682 7685 0 1777797279 686839
48 1695 10479 0 1777797279 689430
45 1683 3290 0 1777797279 690134
45 1684 3579 0 1777797279 693715
49 1588 15494 0 1777797279 696716
46 1605 23441 0 1777797279 697427
48 1696 8389 0 1777797279 697820
45 1685 4780 0 1777797279 698497
48 1697 1186 0 1777797279 699008
44 1528 14260 0 1777797279 699466
44 1529 1000 0 1777797279 700468
48 1698 5033 0 1777797279 704044
46 1606 6820 0 1777797279 704248
48 1699 6845 0 1777797279 710892
46 1607 7732 0 1777797279 711981
45 1686 14793 0 1777797279 713294
44 1530 14243 0 1777797279 714772
47 1685 32951 0 1777797279 715755
49 1589 24456 0 1777797279 721178
49 1590 2751 0 1777797279 723932
44 1531 9289 0 1777797279 724063
46 1608 12088 0 1777797279 724071
45 1687 14363 0 1777797279 727670
44 1532 6430 0 1777797279 730502
49 1591 6662 0 1777797279 730604
44 1533 3761 0 1777797279 734265
48 1700 34355 0 1777797279 745249
45 1688 18731 0 1777797279 746406
44 1534 13559 0 1777797279 747827
47 1686 32841 0 1777797279 748598
46 1609 30411 0 1777797279 754512
48 1701 9682 0 1777797279 754933
45 1689 9389 0 1777797279 755799
45 1690 1645 0 1777797279 757446
48 1702 2738 0 1777797279 757672
48 1703 800 0 1777797279 758475
47 1687 10527 0 1777797279 759129
47 1688 1743 0 1777797279 760874
47 1689 3143 0 1777797279 764020
47 1690 3138 0 1777797279 767160
47 1691 4780 0 1777797279 771944
48 1704 13737 0 1777797279 772215
44 1535 27736 0 1777797279 775570
49 1592 45897 0 1777797279 776502
48 1705 6395 0 1777797279 778611
44 1536 12893 0 1777797279 788466
46 1610 34825 0 1777797279 789339
49 1593 13995 0 1777797279 790499
49 1594 7194 0 1777797279 797697
48 1706 19150 0 1777797279 797763
46 1611 11365 0 1777797279 800710
44 1537 18535 0 1777797279 807003
48 1707 11208 0 1777797279 808973
49 1595 13804 0 1777797279 811504
46 1612 11842 0 1777797279 812554
48 1708 3603 0 1777797279 812578
47 1692 41598 0 1777797279 813545
47 1693 1620 0 1777797279 815167
44 1538 14701 0 1777797279 821715
47 1694 8139 0 1777797279 823308
44 1539 3200 0 1777797279 824917
48 1709 16335 0 1777797279 828914
44 1540 4830 0 1777797279 829750
48 1710 1925 0 1777797279 830847
49 1596 21700 0 1777797279 833208
47 1695 14408 0 1777797279 837721
48 1711 7168 0 1777797279 838017
49 1597 5053 0 1777797279 838263
46 1613 27343 0 1777797279 839899
44 1541 12477 0 1777797279 842230
46 1614 2594 0 1777797279 842495
48 1712 4494 0 1777797279 842514
47 1696 5535 0 1777797279 843259
49 1598 5595 0 1777797279 843859
45 1691 86512 0 1777797279 843960
49 1599 3224 0 1777797279 847085
44 1542 7237 0 1777797279 849469
47 1697 8868 0 1777797279 852130
46 1615 14196 0 1777797279 856694
49 1600 10538 0 1777797279 857625
44 1543 9069 0 1777797279 858544
45 1692 15583 0 1777797279 859544
49 1601 1941 0 1777797279 859567
48 1713 18958 0 1777797279 861474
44 1544 3930 0 1777797279 862476
46 1616 6218 0 1777797279 862914
48 1714 3344 0 1777797279 864821
48 1715 2078 0 1777797279 866901
48 1716 2010 0 1777797279 868913
48 1717 1801 0 1777797279 870716
46 1617 8165 0 1777797279 871081
46 1618 1055 0 1777797279 872138
45 1693 14606 0 1777797279 874174
48 1718 4314 0 1777797279 875036
47 1698 24105 0 1777797279 876236
46 1619 5189 0 1777797279 877329
48 1719 2643 0 1777797279 877681
47 1699 2764 0 1777797279 879002
48 1720 1788 0 1777797279 879471
47 1700 4765 0 1777797279 883770
49 1602 24366 0 1777797279 883946
44 1545 22066 0 1777797279 884544
45 1694 10375 0 1777797279 884552
49 1603 6378 0 1777797279 890325
48 1721 11678 0 1777797279 891151
44 1546 9905 0 1777797279 894458
47 1701 11463 0 1777797279 895236
48 1722 6777 0 1777797279 897933
45 1695 14238 0 1777797279 898800
49 1604 8656 0 1777797279 898985
48 1723 3019 0 1777797279 900955
49 1605 4015 0 1777797279 903002
47 1702 10848 0 1777797279 906086
44 1547 11694 0 1777797279 906153
48 1724 6916 0 1777797279 907877
49 1606 4915 0 1777797279 907921
47 1703 4859 0 1777797279 910947
44 1548 4827 0 1777797279 910982
45 1696 15553 0 1777797279 914355
47 1704 4264 0 1777797279 915218
49 1607 7355 0 1777797279 915278
46 1620 42783 0 1777797279 920115
48 1725 12666 0 1777797279 920547
49 1608 5278 0 1777797279 920557
44 1549 9731 0 1777797279 920714
48 1726 5477 0 1777797279 926035
45 1697 12275 0 1777797279 926632
47 1705 11397 0 1777797279 926639
46 1621 7098 0 1777797279 927223
49 1609 6686 0 1777797279 927257
44 1550 8041 0 1777797279 928756
45 1698 8902 0 1777797279 935542
47 1706 9052 0 1777797279 935699
46 1622 8633 0 1777797279 935858
44 1551 7528 0 1777797279 936286
48 1727 10950 0 1777797279 936990
49 1610 9760 0 1777797279 937018
47 1707 3191 0 1777797279 938892
45 1699 9786 0 1777797279 945341
48 1728 10227 0 1777797279 947219
44 1552 10975 0 1777797279 947262
47 1708 8375 0 1777797279 947269
46 1623 11581 0 1777797279 947478
45 1700 2753 0 1777797279 948105
49 1611 17630 0 1777797279 954649
48 1729 7522 0 1777797279 954752
47 1709 7590 0 1777797279 954884
45 1701 7948 0 1777797279 956055
44 1553 13175 0 1777797279 960445
49 1612 6657 0 1777797279 961317
47 1710 6511 0 1777797279 961398
48 1730 8618 0 1777797279 963371
46 1624 17318 0 1777797279 964797
45 1702 12426 0 1777797279 968483
47 1711 7093 0 1777797279 968492
44 1554 11647 0 1777797279 972103
46 1625 7305 0 1777797279 972111
48 1731 15590 0 1777797279 978962
49 1613 17771 0 1777797279 979090
45 1703 10774 0 1777797279 979267
47 1712 10866 0 1777797279 979368
46 1626 7893 0 1777797279 980015
44 1555 8472 0 1777797279 980584
47 1713 8419 0 1777797279 987788
44 1556 7787 0 1777797279 988372
45 1704 9389 0 1777797279 988657
48 1732 15480 0 1777797279 994448
46 1627 14469 0 1777797279 994487
49 1614 15831 0 1777797279 994922
47 1714 7435 0 1777797279 995225
45 1705 7079 0 1777797279 995739
44 1557 8114 0 1777797279 996488
48 1733 6572 0 1777797280 1029
49 1615 7329 0 1777797280 2258
46 1628 9682 0 1777797280 4171
45 1706 8541 0 1777797280 4282
47 1715 10079 0 1777797280 5306
44 1558 9299 0 1777797280 5789
49 1616 6876 0 1777797280 9135
48 1734 8181 0 1777797280 9213
46 1629 8395 0 1777797280 12568
47 1716 7675 0 1777797280 12988
45 1707 9199 0 1777797280 13482
44 1559 7748 0 1777797280 13539
45 1708 7010 0 1777797280 20494
47 1717 7542 0 1777797280 20531
48 1735 11501 0 1777797280 20716
49 1617 11604 0 1777797280 20741
46 1630 8448 0 1777797280 21018
44 1560 10161 0 1777797280 23701
48 1736 3509 0 1777797280 24226
45 1709 7249 0 1777797280 27746
46 1631 7645 0 1777797280 28664
47 1718 8140 0 1777797280 28674
49 1618 7940 0 1777797280 28682
47 1719 2215 0 1777797280 30911
44 1561 9011 0 1777797280 32714
47 1720 2720 0 1777797280 33633
46 1632 5885 0 1777797280 34568
48 1737 11396 0 1777797280 35624
45 1710 8555 0 1777797280 36304
44 1562 3767 0 1777797280 36484
49 1619 10682 0 1777797280 39397
45 1711 4244 0 1777797280 40550
45 1712 7320 0 1777797280 47875
48 1738 12355 0 1777797280 47982
49 1620 8794 0 1777797280 48192
44 1563 11784 0 1777797280 48269
46 1633 13714 0 1777797280 48284
47 1721 14655 0 1777797280 48290
47 1722 5915 0 1777797280 54214
44 1564 6347 0 1777797280 54617
45 1713 7546 0 1777797280 55424
47 1723 2402 0 1777797280 56618
49 1621 9625 0 1777797280 57818
44 1565 3850 0 1777797280 58469
46 1634 14043 0 1777797280 62335
44 1566 4117 0 1777797280 62588
45 1714 7168 0 1777797280 62594
49 1622 4780 0 1777797280 62600
47 1724 6115 0 1777797280 62735
48 1739 15408 0 1777797280 63392
49 1623 2175 0 1777797280 64813
48 1740 5472 0 1777797280 68868
45 1715 9168 0 1777797280 71777
47 1725 9597 0 1777797280 72335
45 1716 2875 0 1777797280 74654
44 1567 13161 0 1777797280 75762
47 1726 4350 0 1777797280 76686
46 1635 15083 0 1777797280 77422
48 1741 9079 0 1777797280 77954
49 1624 14110 0 1777797280 78926
45 1717 5367 0 1777797280 80023
44 1568 9559 0 1777797280 85325
47 1727 8816 0 1777797280 85505
45 1718 6924 0 1777797280 86949
46 1636 9576 0 1777797280 87001
49 1625 9671 0 1777797280 88598
44 1569 6649 0 1777797280 91976
49 1626 4936 0 1777797280 93538
44 1570 5091 0 1777797280 97071
46 1637 12557 0 1777797280 99559
44 1571 2875 0 1777797280 99951
46 1638 5547 0 1777797280 105110
49 1627 13502 0 1777797280 107043
46 1639 5026 0 1777797280 110141
49 1628 3161 0 1777797280 110206
47 1728 26176 0 1777797280 111682
45 1719 28499 0 1777797280 115450
45 1720 1066 0 1777797280 116521
47 1729 7159 0 1777797280 118845
45 1721 2511 0 1777797280 119035
46 1640 14400 0 1777797280 124543
44 1572 25230 0 1777797280 125182
45 1722 10707 0 1777797280 129744
46 1641 5421 0 1777797280 129968
46 1642 1020 0 1777797280 130990
44 1573 6846 0 1777797280 132031
45 1723 2297 0 1777797280 132043
46 1643 24770 0 1777797280 155763
47 1730 36927 0 1777797280 155773
48 1742 78049 0 1777797280 156004
44 1574 23939 0 1777797280 156023
45 1724 23933 0 1777797280 156029
49 1629 48520 0 1777797280 158727
47 1731 7142 0 1777797280 162928
48 1743 6933 0 1777797280 162938
44 1575 6937 0 1777797280 162967
45 1725 6936 0 1777797280 162974
46 1644 7206 0 1777797280 162981
44 1576 4343 0 1777797280 167325
48 1744 7355 0 1777797280 170306
49 1630 11665 0 1777797280 170396
47 1732 7509 0 1777797280 170448
45 1726 9233 0 1777797280 172224
46 1645 9234 0 1777797280 172235
44 1577 5253 0 1777797280 172580
45 1727 5835 0 1777797280 178072
46 1646 6047 0 1777797280 178295
44 1578 5849 0 1777797280 178430
49 1631 8740 0 1777797280 179137
48 1745 8884 0 1777797280 179191
47 1733 9675 0 1777797280 180125
46 1647 10099 0 1777797280 188397
44 1579 10597 0 1777797280 189029
45 1728 10961 0 1777797280 189036
48 1746 10700 0 1777797280 189892
49 1632 11336 0 1777797280 190475
47 1734 10527 0 1777797280 190653
46 1648 4448 0 1777797280 192847
45 1729 9874 0 1777797280 198920
49 1633 9539 0 1777797280 200015
44 1580 13620 0 1777797280 202658
46 1649 9825 0 1777797280 202673
47 1735 12269 0 1777797280 202923
45 1730 7659 0 1777797280 206581
48 1747 16701 0 1777797280 206596
46 1650 4209 0 1777797280 206898
44 1581 5226 0 1777797280 207901
49 1634 12305 0 1777797280 212322
46 1651 5484 0 1777797280 212383
48 1748 5854 0 1777797280 212467
45 1731 6078 0 1777797280 212675
47 1736 10111 0 1777797280 213035
45 1732 4021 0 1777797280 216697
44 1582 8794 0 1777797280 216725
49 1635 5959 0 1777797280 218283
47 1737 7700 0 1777797280 220744
48 1749 8794 0 1777797280 221262
46 1652 8896 0 1777797280 221281
45 1733 5790 0 1777797280 222489
49 1636 7179 0 1777797280 225464
47 1738 4749 0 1777797280 225496
48 1750 7785 0 1777797280 229050
46 1653 9775 0 1777797280 231057
44 1583 14990 0 1777797280 231716
45 1734 9244 0 1777797280 231735
49 1637 7806 0 1777797280 233272
47 1739 10413 0 1777797280 235910
48 1751 6942 0 1777797280 235995
46 1654 6134 0 1777797280 237194
44 1584 5619 0 1777797280 237337
45 1735 5639 0 1777797280 237375
46 1655 3116 0 1777797280 240312
48 1752 8741 0 1777797280 244738
47 1740 9086 0 1777797280 245005
49 1638 11886 0 1777797280 245159
46 1656 5115 0 1777797280 245432
45 1736 8074 0 1777797280 245450
44 1585 9849 0 1777797280 247187
47 1741 3152 0 1777797280 248159
48 1753 8101 0 1777797280 252847
46 1657 7454 0 1777797280 252888
45 1737 7719 0 1777797280 253170
44 1586 8078 0 1777797280 255267
46 1658 2398 0 1777797280 255287
49 1639 10143 0 1777797280 255303
45 1738 2260 0 1777797280 255432
48 1754 5266 0 1777797280 258120
45 1739 2748 0 1777797280 258181
46 1659 2899 0 1777797280 258187
47 1742 10032 0 1777797280 258193
44 1587 7535 0 1777797280 262804
45 1740 4618 0 1777797280 262812
46 1660 5075 0 1777797280 263282
49 1640 8135 0 1777797280 263439
48 1755 5651 0 1777797280 263777
47 1743 7406 0 1777797280 265622
45 1741 6878 0 1777797280 269701
46 1661 6424 0 1777797280 269708
49 1641 6803 0 1777797280 270244
44 1588 11005 0 1777797280 273819
47 1744 8329 0 1777797280 273953
46 1662 5097 0 1777797280 274818
48 1756 12198 0 1777797280 275977
45 1742 8091 0 1777797280 277800
49 1642 7902 0 1777797280 278148
48 1757 4757 0 1777797280 280736
47 1745 6802 0 1777797280 280756
45 1743 2983 0 1777797280 280785
44 1589 7137 0 1777797280 280958
49 1643 6250 0 1777797280 284399
48 1758 3874 0 1777797280 284612
47 1746 6245 0 1777797280 287003
44 1590 7241 0 1777797280 288200
46 1663 14201 0 1777797280 289022
45 1744 9616 0 1777797280 290402
46 1664 1541 0 1777797280 290566
48 1759 10072 0 1777797280 294686
44 1591 6755 0 1777797280 294957
49 1644 10579 0 1777797280 294980
45 1745 4726 0 1777797280 295136
46 1665 4577 0 1777797280 295144
47 1747 9189 0 1777797280 296198
47 1748 2404 0 1777797280 298607
45 1746 6967 0 1777797280 302113
48 1760 7785 0 1777797280 302473
46 1666 7440 0 1777797280 302595
47 1749 4425 0 1777797280 303043
49 1645 9700 0 1777797280 304681
44 1592 12683 0 1777797280 307643
49 1646 3296 0 1777797280 307983
44 1593 1661 0 1777797280 309307
46 1667 6906 0 1777797280 309502
49 1647 3438 0 1777797280 311499
46 1668 2020 0 1777797280 311523
45 1747 9931 0 1777797280 312054
44 1594 3154 0 1777797280 312463
47 1750 10355 0 1777797280 313403
47 1751 1487 0 1777797280 314893
49 1648 4252 0 1777797280 315754
47 1752 3170 0 1777797280 318067
46 1669 7576 0 1777797280 319100
49 1649 3347 0 1777797280 319107
47 1753 1663 0 1777797280 319732
44 1595 9646 0 1777797280 322112
46 1670 7765 0 1777797280 326874
48 1761 24550 0 1777797280 327025
49 1650 9584 0 1777797280 328702
47 1754 10216 0 1777797280 329950
45 1748 18745 0 1777797280 330800
46 1671 8008 0 1777797280 334883
44 1596 13176 0 1777797280 335294
47 1755 5641 0 1777797280 335593
46 1672 2437 0 1777797280 337323
44 1597 2834 0 1777797280 338134
46 1673 1608 0 1777797280 338934
47 1756 4742 0 1777797280 340338
46 1674 3856 0 1777797280 342792
47 1757 4048 0 1777797280 344394
46 1675 5835 0 1777797280 348629
46 1676 2717 0 1777797280 351350
44 1598 18952 0 1777797280 357088
46 1677 7643 0 1777797280 358996
44 1599 4214 0 1777797280 361324
46 1678 2964 0 1777797280 361969
44 1600 10151 0 1777797280 371478
45 1749 40703 0 1777797280 371505
46 1679 9553 0 1777797280 371525
49 1651 43666 0 1777797280 372371
45 1750 2584 0 1777797280 374138
45 1751 4984 0 1777797280 379125
45 1752 2253 0 1777797280 381385
49 1652 12841 0 1777797280 385214
46 1680 15211 0 1777797280 386778
46 1681 5080 0 1777797280 391860
44 1601 20483 0 1777797280 392010
46 1682 2548 0 1777797280 394411
44 1602 2533 0 1777797280 394545
46 1683 2412 0 1777797280 396825
46 1684 1524 0 1777797280 398352
44 1603 5366 0 1777797280 399912
49 1653 14709 0 1777797280 399925
46 1685 2142 0 1777797280 400496
46 1686 1588 0 1777797280 402090
46 1687 2155 0 1777797280 404247
49 1654 8422 0 1777797280 408362
48 1762 82189 0 1777797280 409216
46 1688 6034 0 1777797280 410283
46 1689 1151 0 1777797280 411436
49 1655 3462 0 1777797280 411833
46 1690 2471 0 1777797280 413909
49 1656 5088 0 1777797280 416923
47 1758 77636 0 1777797280 422037
48 1763 12856 0 1777797280 422076
44 1604 22695 0 1777797280 422621
45 1753 41636 0 1777797280 423025
44 1605 2260 0 1777797280 424883
46 1691 12728 0 1777797280 426641
44 1606 3683 0 1777797280 428568
48 1764 6719 0 1777797280 428796
47 1759 7401 0 1777797280 429441
45 1754 6842 0 1777797280 429870
49 1657 16208 0 1777797280 433132
47 1760 6513 0 1777797280 435956
44 1607 11449 0 1777797280 440023
48 1765 14508 0 1777797280 443307
47 1761 7902 0 1777797280 443860
48 1766 6993 0 1777797280 450307
46 1692 24720 0 1777797280 451363
49 1658 18370 0 1777797280 451504
47 1762 9687 0 1777797280 453548
46 1693 3767 0 1777797280 455132
46 1694 2334 0 1777797280 457468
47 1763 5725 0 1777797280 459276
44 1608 23620 0 1777797280 463651
46 1695 6183 0 1777797280 463659
48 1767 15424 0 1777797280 465733
49 1659 14885 0 1777797280 466391
47 1764 9383 0 1777797280 468669
47 1765 10609 0 1777797280 479281
49 1660 12896 0 1777797280 479289
49 1661 1119 0 1777797280 480431
49 1662 1335 0 1777797280 481771
48 1768 17151 0 1777797280 482887
45 1755 59999 0 1777797280 489874
48 1769 8074 0 1777797280 490964
44 1609 27819 0 1777797280 491479
49 1663 9713 0 1777797280 491487
48 1770 5465 0 1777797280 496430
47 1766 17175 0 1777797280 496465
44 1610 149367 0 1777797280 640855
46 1696 177195 0 1777797280 640865
47 1767 144691 0 1777797280 641157
45 1756 151292 0 1777797280 641174
48 1771 153521 0 1777797280 649954
49 1664 158466 0 1777797280 649963
44 1611 12282 0 1777797280 653148
46 1697 14088 0 1777797280 654964
47 1768 13821 0 1777797280 654980
46 1698 10241 0 1777797280 665222
47 1769 14687 0 1777797280 669686
44 1612 16673 0 1777797280 669823
48 1772 21314 0 1777797280 671277
45 1757 30134 0 1777797280 671310
49 1665 21593 0 1777797280 671562
48 1773 19464 0 1777797280 690749
47 1770 23586 0 1777797280 693282
47 1771 5336 0 1777797280 698624
46 1699 33422 0 1777797280 698646
46 1700 2050 0 1777797280 700698
47 1772 7948 0 1777797280 706574
48 1774 18549 0 1777797280 709301
46 1701 11775 0 1777797280 712476
48 1775 9696 0 1777797280 719000
46 1702 10738 0 1777797280 723221
47 1773 16917 0 1777797280 723499
48 1776 8563 0 1777797280 727615
45 1758 58165 0 1777797280 729477
49 1666 58540 0 1777797280 730105
46 1703 10857 0 1777797280 734082
45 1759 9246 0 1777797280 738725
48 1777 16038 0 1777797280 743656
44 1613 88798 0 1777797280 758623
45 1760 20019 0 1777797280 758746
48 1778 15166 0 1777797280 758828
49 1667 30060 0 1777797280 760167
46 1704 26140 0 1777797280 760229
47 1774 36750 0 1777797280 760250
44 1614 6195 0 1777797280 764821
49 1668 7163 0 1777797280 767337
46 1705 9990 0 1777797280 770220
49 1669 8736 0 1777797280 776078
46 1706 5993 0 1777797280 776217
44 1615 18053 0 1777797280 782883
45 1761 24960 0 1777797280 783708
47 1775 30229 0 1777797280 790480
48 1779 31919 0 1777797280 790748
49 1670 15813 0 1777797280 791899
46 1707 21389 0 1777797280 797608
44 1616 14750 0 1777797280 797637
45 1762 14345 0 1777797280 798055
47 1776 13714 0 1777797280 804197
48 1780 14252 0 1777797280 805002
49 1671 14030 0 1777797280 805931
46 1708 8502 0 1777797280 806115
45 1763 8256 0 1777797280 806312
44 1617 16358 0 1777797280 813996
47 1777 10614 0 1777797280 814813
46 1709 11116 0 1777797280 817232
48 1781 12632 0 1777797280 817635
44 1618 6560 0 1777797280 820559
49 1672 14653 0 1777797280 820586
45 1764 16976 0 1777797280 823291
47 1778 12923 0 1777797280 827738
44 1619 7423 0 1777797280 827984
48 1782 10380 0 1777797280 828017
46 1710 10823 0 1777797280 828058
49 1673 13880 0 1777797280 834467
45 1765 12649 0 1777797280 835948
46 1711 10819 0 1777797280 838878
44 1620 11853 0 1777797280 839839
49 1674 11532 0 1777797280 846004
48 1783 18066 0 1777797280 846084
45 1766 10183 0 1777797280 846134
46 1712 8985 0 1777797280 847876
47 1779 20166 0 1777797280 847906
44 1621 10809 0 1777797280 850650
49 1675 8910 0 1777797280 854917
45 1767 8816 0 1777797280 854951
46 1713 7833 0 1777797280 855740
47 1780 9179 0 1777797280 857102
48 1784 16024 0 1777797280 862109
49 1676 8627 0 1777797280 863546
44 1622 13085 0 1777797280 863737
46 1714 8874 0 1777797280 864617
45 1768 10181 0 1777797280 865134
44 1623 2216 0 1777797280 865954
48 1785 7938 0 1777797280 870058
46 1715 6782 0 1777797280 871400
45 1769 6917 0 1777797280 872053
49 1677 8516 0 1777797280 872064
46 1716 2962 0 1777797280 874364
48 1786 6549 0 1777797280 876608
47 1781 19894 0 1777797280 877000
44 1624 13085 0 1777797280 879042
45 1770 6986 0 1777797280 879051
46 1717 5907 0 1777797280 880273
46 1718 3152 0 1777797280 883430
48 1787 7436 0 1777797280 884047
49 1678 15444 0 1777797280 887516
45 1771 8476 0 1777797280 887548
47 1782 10852 0 1777797280 887854
46 1719 6165 0 1777797280 889618
45 1772 4738 0 1777797280 892288
48 1788 8247 0 1777797280 892298
47 1783 6458 0 1777797280 894323
45 1773 4081 0 1777797280 896380
46 1720 6766 0 1777797280 896386
49 1679 8869 0 1777797280 896390
48 1789 4198 0 1777797280 896507
47 1784 10945 0 1777797280 905271
49 1680 9414 0 1777797280 905818
48 1790 10113 0 1777797280 906621
46 1721 10478 0 1777797280 906876
47 1785 2144 0 1777797280 907417
47 1786 1159 0 1777797280 908578
45 1774 12893 0 1777797280 909284
44 1625 30746 0 1777797280 909798
47 1787 3110 0 1777797280 911689
44 1626 2400 0 1777797280 912200
46 1722 10301 0 1777797280 917178
44 1627 5562 0 1777797280 917764
45 1775 9659 0 1777797280 918945
48 1791 14849 0 1777797280 921473
49 1681 16155 0 1777797280 921978
47 1788 16107 0 1777797280 927799
44 1628 10187 0 1777797280 927953
49 1682 5982 0 1777797280 927962
45 1776 10043 0 1777797280 928994
48 1792 14760 0 1777797280 936235
49 1683 9960 0 1777797280 937944
44 1629 13082 0 1777797280 941046
46 1723 23874 0 1777797280 941055
44 1630 6467 0 1777797280 947524
45 1777 18634 0 1777797280 947630
45 1778 6907 0 1777797280 954538
46 1724 14024 0 1777797280 955094
49 1684 17230 0 1777797280 955177
48 1793 21185 0 1777797280 957422
47 1789 31245 0 1777797280 959048
44 1631 16606 0 1777797280 964133
46 1725 9153 0 1777797280 964252
48 1794 8220 0 1777797280 965644
49 1685 10980 0 1777797280 966160
48 1795 6431 0 1777797280 972080
46 1726 7865 0 1777797280 972118
45 1779 18206 0 1777797280 972747
47 1790 14180 0 1777797280 973231
44 1632 12799 0 1777797280 976935
47 1791 4381 0 1777797280 977613
47 1792 928 0 1777797280 978544
44 1633 2338 0 1777797280 979275
48 1796 8663 0 1777797280 980744
47 1793 2490 0 1777797280 981037
49 1686 16777 0 1777797280 982942
44 1634 4016 0 1777797280 983297
47 1794 2720 0 1777797280 983759
48 1797 3580 0 1777797280 984326
46 1727 16289 0 1777797280 988466
47 1795 4717 0 1777797280 988478
45 1780 17265 0 1777797280 990017
45 1781 2420 0 1777797280 992444
47 1796 5928 0 1777797280 994423
48 1798 10129 0 1777797280 994457
45 1782 4429 0 1777797280 996878
46 1728 9666 0 1777797280 998145
47 1797 4429 0 1777797280 998887
49 1687 16499 0 1777797280 999450
48 1799 6211 0 1777797281 684
44 1635 20982 0 1777797281 4281
45 1783 14212 0 1777797281 11095
47 1798 12214 0 1777797281 11104
49 1688 11802 0 1777797281 11254
46 1729 13319 0 1777797281 11467
48 1800 10787 0 1777797281 11473
44 1636 9167 0 1777797281 13451
46 1730 3459 0 1777797281 14934
44 1637 2471 0 1777797281 15924
49 1689 4755 0 1777797281 16011
46 1731 3063 0 1777797281 18003
48 1801 7076 0 1777797281 18570
49 1690 5758 0 1777797281 21771
48 1802 3841 0 1777797281 22415
44 1638 9362 0 1777797281 25289
44 1639 2148 0 1777797281 27440
45 1784 16954 0 1777797281 28059
46 1732 11510 0 1777797281 29515
49 1691 8585 0 1777797281 30362
45 1785 2607 0 1777797281 30668
48 1803 10908 0 1777797281 33326
45 1786 2826 0 1777797281 33496
47 1799 24550 0 1777797281 35672
44 1640 9761 0 1777797281 37208
45 1787 6314 0 1777797281 39811
44 1641 5262 0 1777797281 42472
44 1642 4036 0 1777797281 46511
45 1788 6758 0 1777797281 46572
44 1643 7766 0 1777797281 54280
45 1789 8290 0 1777797281 54863
44 1644 2309 0 1777797281 56591
48 1804 25664 0 1777797281 58999
48 1805 1956 0 1777797281 60959
48 1806 1259 0 1777797281 62222
44 1645 9316 0 1777797281 65918
48 1807 5451 0 1777797281 67676
44 1646 2230 0 1777797281 68155
47 1800 32843 0 1777797281 68519
48 1808 6723 0 1777797281 74401
45 1790 19829 0 1777797281 74695
46 1733 46179 0 1777797281 75696
48 1809 3232 0 1777797281 77636
45 1791 5201 0 1777797281 79898
47 1801 11978 0 1777797281 80499
46 1734 7705 0 1777797281 83403
45 1792 3968 0 1777797281 83869
48 1810 11838 0 1777797281 89476
45 1793 6144 0 1777797281 90015
45 1794 6225 0 1777797281 96243
46 1735 13065 0 1777797281 96472
44 1647 30249 0 1777797281 98405
49 1692 68055 0 1777797281 98419
48 1811 9114 0 1777797281 98592
49 1693 6392 0 1777797281 104824
47 1802 25548 0 1777797281 106050
48 1812 7477 0 1777797281 106071
48 1813 2997 0 1777797281 109069
49 1694 4909 0 1777797281 109735
45 1795 20357 0 1777797281 116602
46 1736 20195 0 1777797281 116669
47 1803 11433 0 1777797281 117485
47 1804 3095 0 1777797281 120581
48 1814 14034 0 1777797281 123105
44 1648 25855 0 1777797281 124276
45 1796 10171 0 1777797281 126776
47 1805 6197 0 1777797281 126783
49 1695 17403 0 1777797281 127140
44 1649 4668 0 1777797281 128947
44 1650 3021 0 1777797281 131971
44 1651 6927 0 1777797281 138903
45 1797 18881 0 1777797281 145665
44 1652 8717 0 1777797281 147626
44 1653 1431 0 1777797281 149060
47 1806 26957 0 1777797281 153751
46 1737 39188 0 1777797281 155858
45 1798 12300 0 1777797281 157971
46 1738 2119 0 1777797281 157981
44 1654 11422 0 1777797281 160485
46 1739 2849 0 1777797281 160841
45 1799 5470 0 1777797281 163452
46 1740 2713 0 1777797281 163555
48 1815 40455 0 1777797281 163562
44 1655 3217 0 1777797281 163704
44 1656 6488 0 1777797281 170195
48 1816 10914 0 1777797281 174487
44 1657 4480 0 1777797281 174678
45 1800 11231 0 1777797281 174685
44 1658 4446 0 1777797281 179132
48 1817 5097 0 1777797281 179589
48 1818 8611 0 1777797281 188205
47 1807 39759 0 1777797281 193513
46 1741 30155 0 1777797281 193718
49 1696 69135 0 1777797281 196277
48 1819 9962 0 1777797281 198169
44 1659 19214 0 1777797281 198354
46 1742 7418 0 1777797281 201138
47 1808 11033 0 1777797281 204548
48 1820 10350 0 1777797281 208522
46 1743 10497 0 1777797281 211639
47 1809 7111 0 1777797281 211662
45 1801 37208 0 1777797281 211904
45 1802 1710 0 1777797281 213665
47 1810 2973 0 1777797281 214699
46 1744 3830 0 1777797281 215494
44 1660 17308 0 1777797281 215664
45 1803 2657 0 1777797281 216327
45 1804 744 0 1777797281 217073
47 1811 3436 0 1777797281 218137
45 1805 7461 0 1777797281 224539
48 1821 19750 0 1777797281 228273
46 1745 13455 0 1777797281 228951
44 1661 14013 0 1777797281 229678
49 1697 36199 0 1777797281 232483
44 1662 6579 0 1777797281 236260
49 1698 3783 0 1777797281 236268
46 1746 7426 0 1777797281 236379
45 1806 13825 0 1777797281 238366
48 1822 32127 0 1777797281 260402
47 1812 43419 0 1777797281 261561
49 1699 25820 0 1777797281 262098
46 1747 27172 0 1777797281 263554
48 1823 3408 0 1777797281 263814
49 1700 2361 0 1777797281 264461
44 1663 28705 0 1777797281 264973
49 1701 967 0 1777797281 265431
45 1807 27309 0 1777797281 265684
46 1748 2519 0 1777797281 266076
48 1824 5229 0 1777797281 269045
47 1813 11696 0 1777797281 273259
45 1808 11277 0 1777797281 276962
44 1664 13272 0 1777797281 278247
47 1814 4993 0 1777797281 278254
48 1825 9205 0 1777797281 278259
46 1749 13080 0 1777797281 279159
46 1750 1544 0 1777797281 280705
44 1665 3494 0 1777797281 281753
45 1809 4942 0 1777797281 281907
48 1826 4040 0 1777797281 282313
46 1751 2926 0 1777797281 283633
45 1810 2575 0 1777797281 284484
44 1666 4653 0 1777797281 286409
49 1702 21051 0 1777797281 286484
47 1815 8962 0 1777797281 287229
48 1827 5319 0 1777797281 287636
44 1667 2564 0 1777797281 288976
45 1811 12429 0 1777797281 296915
46 1752 13295 0 1777797281 296934
47 1816 9701 0 1777797281 296943
48 1828 9385 0 1777797281 297022
44 1668 8059 0 1777797281 297038
49 1703 10625 0 1777797281 297110
45 1812 1351 0 1777797281 298268
45 1813 1223 0 1777797281 299493
44 1669 3779 0 1777797281 300818
49 1704 4646 0 1777797281 301757
45 1814 3276 0 1777797281 302772
45 1815 970 0 1777797281 303746
48 1829 8089 0 1777797281 305112
45 1816 2684 0 1777797281 306432
47 1817 10181 0 1777797281 307133
45 1817 995 0 1777797281 307429
44 1670 8046 0 1777797281 308866
45 1818 3019 0 1777797281 310451
48 1830 6773 0 1777797281 311890
44 1671 3507 0 1777797281 312377
49 1705 10640 0 1777797281 312401
45 1819 5215 0 1777797281 315669
44 1672 4020 0 1777797281 316399
45 1820 1904 0 1777797281 317577
46 1753 22106 0 1777797281 319050
45 1821 2890 0 1777797281 320468
44 1673 4896 0 1777797281 321297
47 1818 15137 0 1777797281 322271
44 1674 1275 0 1777797281 322575
45 1822 2169 0 1777797281 322639
49 1706 11618 0 1777797281 324021
47 1819 2241 0 1777797281 324514
47 1820 1626 0 1777797281 326145
44 1675 4382 0 1777797281 326960
48 1831 15084 0 1777797281 326981
46 1754 9732 0 1777797281 328786
49 1707 6254 0 1777797281 330278
48 1832 3644 0 1777797281 330626
45 1823 8115 0 1777797281 330756
44 1676 5211 0 1777797281 332173
49 1708 4081 0 1777797281 334368
44 1677 3683 0 1777797281 335858
45 1824 5109 0 1777797281 335867
45 1825 1761 0 1777797281 337639
44 1678 3046 0 1777797281 338915
44 1679 2354 0 1777797281 341271
44 1680 2423 0 1777797281 343698
44 1681 1409 0 1777797281 345113
49 1709 11056 0 1777797281 345431
45 1826 7938 0 1777797281 345581
48 1833 15800 0 1777797281 346428
44 1682 2345 0 1777797281 347461
46 1755 18708 0 1777797281 347497
45 1827 2208 0 1777797281 347791
44 1683 4582 0 1777797281 352045
45 1828 8380 0 1777797281 356173
45 1829 6770 0 1777797281 362946
44 1684 10919 0 1777797281 362966
48 1834 17231 0 1777797281 363663
44 1685 925 0 1777797281 363892
46 1756 16750 0 1777797281 364250
47 1821 38109 0 1777797281 364257
44 1686 2756 0 1777797281 366651
45 1830 3710 0 1777797281 366658
48 1835 4857 0 1777797281 368525
46 1757 5096 0 1777797281 369354
49 1710 24555 0 1777797281 369987
44 1687 4292 0 1777797281 370951
48 1836 2573 0 1777797281 371105
45 1831 5304 0 1777797281 371971
44 1688 2456 0 1777797281 373410
49 1711 4179 0 1777797281 374169
45 1832 2571 0 1777797281 374545
44 1689 1805 0 1777797281 375217
44 1690 7109 0 1777797281 382328
47 1822 20193 0 1777797281 384460
44 1691 4885 0 1777797281 387215
44 1692 2911 0 1777797281 390127
45 1833 15588 0 1777797281 390135
47 1823 7208 0 1777797281 391672
44 1693 1723 0 1777797281 391910
47 1824 3337 0 1777797281 395013
47 1825 3904 0 1777797281 398919
49 1712 28474 0 1777797281 402645
45 1834 12577 0 1777797281 402794
48 1837 32025 0 1777797281 403132
44 1694 13454 0 1777797281 405366
46 1758 36956 0 1777797281 406314
49 1713 6117 0 1777797281 408764
48 1838 5702 0 1777797281 408836
45 1835 9672 0 1777797281 412468
47 1826 13685 0 1777797281 412608
44 1695 7650 0 1777797281 413018
48 1839 4822 0 1777797281 413661
46 1759 13095 0 1777797281 419411
45 1836 7853 0 1777797281 420324
47 1827 9097 0 1777797281 421707
45 1837 3788 0 1777797281 424120
45 1838 2715 0 1777797281 426837
48 1840 14227 0 1777797281 427892
46 1760 10411 0 1777797281 429824
46 1761 1815 0 1777797281 431641
45 1839 7510 0 1777797281 434349
46 1762 6571 0 1777797281 438214
45 1840 13445 0 1777797281 447799
45 1841 5958 0 1777797281 453761
47 1828 33015 0 1777797281 454727
48 1841 26842 0 1777797281 454736
44 1696 42232 0 1777797281 455252
44 1697 1691 0 1777797281 456948
49 1714 48224 0 1777797281 456990
46 1763 19399 0 1777797281 457614
48 1842 4531 0 1777797281 459280
47 1829 5404 0 1777797281 460142
45 1842 7506 0 1777797281 461275
49 1715 5470 0 1777797281 462462
46 1764 14458 0 1777797281 472074
44 1698 15493 0 1777797281 472443
45 1843 11352 0 1777797281 472630
48 1843 13548 0 1777797281 472830
49 1716 10374 0 1777797281 472839
47 1830 16290 0 1777797281 476433
45 1844 5288 0 1777797281 477919
47 1831 1598 0 1777797281 478034
47 1832 3578 0 1777797281 481614
49 1717 9964 0 1777797281 482815
44 1699 14436 0 1777797281 486893
48 1844 14299 0 1777797281 487139
47 1833 6175 0 1777797281 487794
46 1765 19069 0 1777797281 491147
45 1845 13686 0 1777797281 491608
47 1834 6081 0 1777797281 493876
44 1700 7138 0 1777797281 494033
45 1846 5748 0 1777797281 497357
47 1835 3861 0 1777797281 497739
47 1836 1168 0 1777797281 498910
49 1718 16101 0 1777797281 498922
46 1766 9209 0 1777797281 500359
48 1845 13234 0 1777797281 500374
47 1837 2477 0 1777797281 501400
44 1701 9904 0 1777797281 503940
49 1719 6448 0 1777797281 505380
48 1846 6451 0 1777797281 506842
48 1847 873 0 1777797281 507717
49 1720 6080 0 1777797281 511467
48 1848 4091 0 1777797281 511811
47 1838 11394 0 1777797281 512797
45 1847 15529 0 1777797281 512888
49 1721 3146 0 1777797281 514617
46 1767 14622 0 1777797281 514997
48 1849 6802 0 1777797281 518616
48 1850 1269 0 1777797281 519886
47 1839 7146 0 1777797281 519944
45 1848 9613 0 1777797281 522503
47 1840 4373 0 1777797281 524319
46 1768 9802 0 1777797281 524800
44 1702 21152 0 1777797281 525109
45 1849 3433 0 1777797281 525938
47 1841 5624 0 1777797281 529950
44 1703 8380 0 1777797281 533491
47 1842 7534 0 1777797281 537488
46 1769 13711 0 1777797281 538514
46 1770 6706 0 1777797281 545224
47 1843 8628 0 1777797281 546121
45 1850 20733 0 1777797281 546673
46 1771 3263 0 1777797281 548490
45 1851 1944 0 1777797281 548622
45 1852 1425 0 1777797281 550049
47 1844 3950 0 1777797281 550077
46 1772 6496 0 1777797281 554990
47 1845 26307 0 1777797281 576412
45 1853 26637 0 1777797281 576716
49 1722 62172 0 1777797281 576795
46 1773 21884 0 1777797281 576877
48 1851 56995 0 1777797281 576883
44 1704 44168 0 1777797281 577661
49 1723 5698 0 1777797281 582495
44 1705 6101 0 1777797281 583765
45 1854 8773 0 1777797281 585490
48 1852 8932 0 1777797281 585824
44 1706 2481 0 1777797281 586248
48 1853 1434 0 1777797281 587259
45 1855 2350 0 1777797281 587842
49 1724 5567 0 1777797281 588065
45 1856 2345 0 1777797281 590193
48 1854 3007 0 1777797281 590275
44 1707 4630 0 1777797281 590882
49 1725 2827 0 1777797281 590894
45 1857 2755 0 1777797281 592950
45 1858 4175 0 1777797281 597127
45 1859 3735 0 1777797281 600863
49 1726 11814 0 1777797281 602723
44 1708 12630 0 1777797281 603525
49 1727 1720 0 1777797281 604445
44 1709 1550 0 1777797281 605077
48 1855 15547 0 1777797281 605823
45 1860 5131 0 1777797281 606000
49 1728 1938 0 1777797281 606386
45 1861 1966 0 1777797281 607967
44 1710 2912 0 1777797281 607991
48 1856 2394 0 1777797281 608219
46 1774 34780 0 1777797281 611663
49 1729 5889 0 1777797281 612276
47 1846 36918 0 1777797281 613332
44 1711 12451 0 1777797281 620443
48 1857 12232 0 1777797281 620453
47 1847 8439 0 1777797281 621774
45 1862 13975 0 1777797281 621947
46 1775 10294 0 1777797281 622149
46 1776 4524 0 1777797281 626674
47 1848 6021 0 1777797281 627805
45 1863 7083 0 1777797281 629032
48 1858 8792 0 1777797281 629258
48 1859 1703 0 1777797281 630965
48 1860 1171 0 1777797281 632138
48 1861 1386 0 1777797281 633527
49 1730 25222 0 1777797281 637500
48 1862 6268 0 1777797281 639798
46 1777 20678 0 1777797281 647362
48 1863 8847 0 1777797281 648647
45 1864 20545 0 1777797281 649580
45 1865 5830 0 1777797281 655413
49 1731 18679 0 1777797281 656181
49 1732 2278 0 1777797281 658466
46 1778 12236 0 1777797281 659601
45 1866 4358 0 1777797281 659774
47 1849 32025 0 1777797281 659831
47 1850 4745 0 1777797281 664578
44 1712 44975 0 1777797281 665430
45 1867 5666 0 1777797281 665441
46 1779 5840 0 1777797281 665448
48 1864 18158 0 1777797281 666808
49 1733 8749 0 1777797281 667217
47 1851 4781 0 1777797281 669361
45 1868 3960 0 1777797281 669420
47 1852 4504 0 1777797281 673868
45 1869 5833 0 1777797281 675255
48 1865 8761 0 1777797281 675570
49 1734 9136 0 1777797281 676354
45 1870 1487 0 1777797281 676745
46 1780 12165 0 1777797281 677633
48 1866 5361 0 1777797281 680933
49 1735 4597 0 1777797281 680953
44 1713 20513 0 1777797281 685962
45 1871 11356 0 1777797281 688103
47 1853 14741 0 1777797281 688620
46 1781 11157 0 1777797281 688791
49 1736 10906 0 1777797281 691873
45 1872 7728 0 1777797281 695834
48 1867 15626 0 1777797281 696581
46 1782 8877 0 1777797281 697670
47 1854 11188 0 1777797281 699814
48 1868 5736 0 1777797281 702320
46 1783 7103 0 1777797281 704778
45 1873 10658 0 1777797281 706494
46 1784 2061 0 1777797281 706841
48 1869 7053 0 1777797281 709383
45 1874 3630 0 1777797281 710129
47 1855 10415 0 1777797281 710232
48 1870 5851 0 1777797281 715240
44 1714 29290 0 1777797281 715257
44 1715 3649 0 1777797281 718907
45 1875 8812 0 1777797281 718943
46 1785 12788 0 1777797281 719635
47 1856 10491 0 1777797281 720725
45 1876 2417 0 1777797281 721361
46 1786 2675 0 1777797281 722313
49 1737 30449 0 1777797281 722325
47 1857 2610 0 1777797281 723337
45 1877 2511 0 1777797281 723875
46 1787 6480 0 1777797281 728806
47 1858 7123 0 1777797281 730462
45 1878 7213 0 1777797281 731090
47 1859 2204 0 1777797281 732668
49 1738 11254 0 1777797281 733602
45 1879 6739 0 1777797281 737831
47 1860 6749 0 1777797281 739419
45 1880 2034 0 1777797281 739867
48 1871 28242 0 1777797281 743483
44 1716 24585 0 1777797281 743502
48 1872 5791 0 1777797281 749276
44 1717 7111 0 1777797281 750615
46 1788 23801 0 1777797281 752610
47 1861 13197 0 1777797281 752619
49 1739 19019 0 1777797281 752623
45 1881 14831 0 1777797281 754701
46 1789 2626 0 1777797281 755249
44 1718 5696 0 1777797281 756316
46 1790 2265 0 1777797281 757524
49 1740 5459 0 1777797281 758101
47 1862 5815 0 1777797281 758450
48 1873 10274 0 1777797281 759553
44 1719 3288 0 1777797281 759611
45 1882 8455 0 1777797281 763158
44 1720 4230 0 1777797281 763843
49 1741 8225 0 1777797281 766329
48 1874 6833 0 1777797281 766391
47 1863 13034 0 1777797281 771487
46 1791 14025 0 1777797281 771551
45 1883 10302 0 1777797281 773465
46 1792 2605 0 1777797281 774159
44 1721 12610 0 1777797281 776456
48 1875 10919 0 1777797281 777311
47 1864 7144 0 1777797281 778632
46 1793 4832 0 1777797281 778992
48 1876 1941 0 1777797281 779254
45 1884 7313 0 1777797281 780782
49 1742 14459 0 1777797281 780791
47 1865 4396 0 1777797281 783030
46 1794 7358 0 1777797281 786351
48 1877 9093 0 1777797281 788349
46 1795 9416 0 1777797281 795770
45 1885 15862 0 1777797281 796654
49 1743 15866 0 1777797281 796670
47 1866 13750 0 1777797281 796781
44 1722 21330 0 1777797281 797788
45 1886 3780 0 1777797281 800452
46 1796 4736 0 1777797281 800509
47 1867 4429 0 1777797281 801211
49 1744 4994 0 1777797281 801677
48 1878 13544 0 1777797281 801895
47 1868 2520 0 1777797281 803733
45 1887 4393 0 1777797281 804847
48 1879 2981 0 1777797281 804877
46 1797 5928 0 1777797281 806439
45 1888 5246 0 1777797281 810099
47 1869 6744 0 1777797281 810479
44 1723 13319 0 1777797281 811114
46 1798 4611 0 1777797281 811120
45 1889 1437 0 1777797281 811539
46 1799 1260 0 1777797281 812391
47 1870 2027 0 1777797281 812509
45 1890 1190 0 1777797281 812735
46 1800 1845 0 1777797281 814241
44 1724 3817 0 1777797281 814938
45 1891 2934 0 1777797281 815671
47 1871 3306 0 1777797281 815816
49 1745 15630 0 1777797281 817311
46 1801 5045 0 1777797281 819288
46 1802 3168 0 1777797281 822459
44 1725 8115 0 1777797281 823055
49 1746 6194 0 1777797281 823511
45 1892 7888 0 1777797281 823564
47 1872 8067 0 1777797281 823886
44 1726 2482 0 1777797281 825539
48 1880 24240 0 1777797281 829119
46 1803 6680 0 1777797281 829141
45 1893 5867 0 1777797281 829433
47 1873 5562 0 1777797281 829450
47 1874 1236 0 1777797281 830688
46 1804 3118 0 1777797281 832260
47 1875 3802 0 1777797281 834492
45 1894 5594 0 1777797281 835030
47 1876 1355 0 1777797281 835851
45 1895 2011 0 1777797281 837046
48 1881 8631 0 1777797281 837752
46 1805 6107 0 1777797281 838370
47 1877 3064 0 1777797281 838923
48 1882 2346 0 1777797281 840100
46 1806 1754 0 1777797281 840126
45 1896 3223 0 1777797281 840276
47 1878 1731 0 1777797281 840655
48 1883 1833 0 1777797281 841935
45 1897 3515 0 1777797281 843793
49 1747 21073 0 1777797281 844586
47 1879 4196 0 1777797281 844852
45 1898 2302 0 1777797281 846098
44 1727 20906 0 1777797281 846447
48 1884 6516 0 1777797281 848453
45 1899 3413 0 1777797281 849515
47 1880 4699 0 1777797281 849553
46 1807 10147 0 1777797281 850274
45 1900 3182 0 1777797281 852702
47 1881 3344 0 1777797281 852898
47 1882 2400 0 1777797281 855300
45 1901 3579 0 1777797281 856284
48 1885 10584 0 1777797281 859039
47 1883 4243 0 1777797281 859545
45 1902 4148 0 1777797281 860435
48 1886 1523 0 1777797281 860564
47 1884 1576 0 1777797281 861123
44 1728 15673 0 1777797281 862123
48 1887 2726 0 1777797281 863292
46 1808 13175 0 1777797281 863450
48 1888 1849 0 1777797281 865143
49 1748 20560 0 1777797281 865151
45 1903 4736 0 1777797281 865175
44 1729 4704 0 1777797281 866832
49 1749 3645 0 1777797281 868808
48 1889 4501 0 1777797281 869653
48 1890 1708 0 1777797281 871363
46 1809 9625 0 1777797281 873077
48 1891 1756 0 1777797281 873121
49 1750 5611 0 1777797281 874421
48 1892 1775 0 1777797281 874899
46 1810 2348 0 1777797281 875427
44 1730 13294 0 1777797281 880133
49 1751 5743 0 1777797281 880169
48 1893 5509 0 1777797281 880412
44 1731 6693 0 1777797281 886864
47 1885 25775 0 1777797281 886901
48 1894 6531 0 1777797281 886944
49 1752 6769 0 1777797281 886951
45 1904 21810 0 1777797281 886985
46 1811 11565 0 1777797281 886994
48 1895 3321 0 1777797281 890286
48 1896 1566 0 1777797281 891857
48 1897 2629 0 1777797281 894488
48 1898 969 0 1777797281 895459
46 1812 10070 0 1777797281 897073
47 1886 12052 0 1777797281 899004
45 1905 16417 0 1777797281 903412
44 1732 17301 0 1777797281 904171
46 1813 7644 0 1777797281 904720
45 1906 7172 0 1777797281 910589
49 1753 23635 0 1777797281 910607
46 1814 7441 0 1777797281 912163
44 1733 11808 0 1777797281 915985
47 1887 16993 0 1777797281 915999
45 1907 5714 0 1777797281 916305
49 1754 5757 0 1777797281 916364
46 1815 5276 0 1777797281 917441
46 1816 5878 0 1777797281 923328
47 1888 7301 0 1777797281 923351
44 1734 7892 0 1777797281 923892
45 1908 8336 0 1777797281 924642
47 1889 4309 0 1777797281 927660
44 1735 8683 0 1777797281 932578
45 1909 7954 0 1777797281 932598
46 1817 10369 0 1777797281 933702
47 1890 9423 0 1777797281 937086
47 1891 2127 0 1777797281 939215
47 1892 1922 0 1777797281 941140
46 1818 9270 0 1777797281 942979
45 1910 12088 0 1777797281 944687
46 1819 2118 0 1777797281 945104
47 1893 4381 0 1777797281 945524
48 1899 53752 0 1777797281 949213
44 1736 16801 0 1777797281 949379
49 1755 33927 0 1777797281 950292
44 1737 2299 0 1777797281 951680
45 1911 11347 0 1777797281 956036
49 1756 5843 0 1777797281 956137
48 1900 7309 0 1777797281 956524
46 1820 14132 0 1777797281 959238
48 1901 5605 0 1777797281 962131
46 1821 3056 0 1777797281 962302
49 1757 6313 0 1777797281 962465
45 1912 6407 0 1777797281 962547
44 1738 13129 0 1777797281 964811
47 1894 19305 0 1777797281 964831
46 1822 4255 0 1777797281 966559
44 1739 4642 0 1777797281 969474
47 1895 4659 0 1777797281 969505
46 1823 5883 0 1777797281 972444
45 1913 9917 0 1777797281 972466
48 1902 10330 0 1777797281 972470
49 1758 9947 0 1777797281 972473
47 1896 4711 0 1777797281 974217
46 1824 1807 0 1777797281 974254
48 1903 2951 0 1777797281 975431
44 1740 8600 0 1777797281 978076
48 1904 2799 0 1777797281 978233
46 1825 4204 0 1777797281 978460
49 1759 7404 0 1777797281 979891
47 1897 5985 0 1777797281 980210
48 1905 3767 0 1777797281 982001
45 1914 14239 0 1777797281 986713
46 1826 8270 0 1777797281 986731
49 1760 7547 0 1777797281 987442
48 1906 5469 0 1777797281 987472
45 1915 8823 0 1777797281 995556
47 1898 15501 0 1777797281 995714
44 1741 17670 0 1777797281 995754
49 1761 12860 0 1777797282 308
47 1899 8964 0 1777797282 4680
44 1742 13941 0 1777797282 9696
46 1827 25825 0 1777797282 12581
48 1907 25436 0 1777797282 12911
44 1743 4779 0 1777797282 14478
45 1916 23102 0 1777797282 18660
47 1900 13988 0 1777797282 18669
46 1828 7385 0 1777797282 19969
44 1744 8086 0 1777797282 22566
47 1901 5135 0 1777797282 23821
46 1829 4071 0 1777797282 24042
44 1745 3598 0 1777797282 26169
48 1908 13741 0 1777797282 26656
44 1746 1721 0 1777797282 27897
46 1830 5900 0 1777797282 29944
45 1917 17839 0 1777797282 36509
47 1902 12724 0 1777797282 36547
46 1831 11531 0 1777797282 41479
48 1909 14829 0 1777797282 41487
47 1903 5754 0 1777797282 42312
44 1747 15849 0 1777797282 43749
45 1918 10195 0 1777797282 46743
49 1762 46950 0 1777797282 47261
45 1919 6659 0 1777797282 53404
46 1832 17027 0 1777797282 58515
46 1833 8800 0 1777797282 67317
44 1748 24490 0 1777797282 68247
48 1910 26771 0 1777797282 68273
45 1920 17081 0 1777797282 70488
44 1749 2463 0 1777797282 70738
49 1763 24635 0 1777797282 71899
45 1921 2793 0 1777797282 73282
45 1922 5230 0 1777797282 78517
44 1750 11176 0 1777797282 81916
49 1764 10848 0 1777797282 82750
45 1923 4935 0 1777797282 83453
47 1904 41214 0 1777797282 83527
46 1834 18374 0 1777797282 85693
45 1924 2513 0 1777797282 85972
49 1765 8485 0 1777797282 91236
48 1911 25314 0 1777797282 93614
46 1835 8570 0 1777797282 94273
45 1925 10231 0 1777797282 96218
44 1751 19066 0 1777797282 100984
48 1912 12504 0 1777797282 106120
46 1836 12159 0 1777797282 106435
49 1766 15594 0 1777797282 106832
45 1926 12108 0 1777797282 108330
49 1767 4275 0 1777797282 111109
45 1927 5752 0 1777797282 114086
48 1913 9464 0 1777797282 115592
44 1752 15639 0 1777797282 116625
49 1768 5926 0 1777797282 117037
48 1914 4192 0 1777797282 119787
46 1837 13738 0 1777797282 120176
46 1838 1415 0 1777797282 121593
45 1928 8124 0 1777797282 122212
46 1839 2258 0 1777797282 123854
45 1929 1756 0 1777797282 123974
48 1915 5629 0 1777797282 125428
49 1769 8454 0 1777797282 125494
45 1930 1781 0 1777797282 125756
45 1931 2037 0 1777797282 127794
46 1840 4699 0 1777797282 128555
48 1916 4128 0 1777797282 129557
49 1770 5509 0 1777797282 131006
44 1753 14439 0 1777797282 131068
45 1932 5289 0 1777797282 133086
48 1917 7502 0 1777797282 137066
46 1841 9736 0 1777797282 138295
45 1933 12561 0 1777797282 145649
46 1842 9213 0 1777797282 147511
45 1934 2868 0 1777797282 148519
45 1935 3559 0 1777797282 152082
46 1843 9255 0 1777797282 156768
48 1918 20371 0 1777797282 157440
44 1754 28162 0 1777797282 159232
45 1936 13198 0 1777797282 165286
48 1919 9362 0 1777797282 166803
44 1755 10031 0 1777797282 169266
47 1905 85747 0 1777797282 169275
49 1771 38273 0 1777797282 169281
46 1844 12548 0 1777797282 169318
49 1772 7721 0 1777797282 177021
45 1937 12750 0 1777797282 178039
47 1906 8756 0 1777797282 178046
48 1920 11308 0 1777797282 178114
46 1845 10217 0 1777797282 179536
44 1756 10514 0 1777797282 179795
44 1757 1989 0 1777797282 181786
49 1773 7056 0 1777797282 184080
48 1921 13569 0 1777797282 191685
45 1938 13861 0 1777797282 191908
46 1846 12813 0 1777797282 192356
44 1758 18455 0 1777797282 200245
45 1939 12688 0 1777797282 204598
48 1922 16727 0 1777797282 208419
49 1774 24553 0 1777797282 208640
44 1759 8541 0 1777797282 208788
46 1847 17176 0 1777797282 209534
47 1907 33798 0 1777797282 211858
45 1940 12119 0 1777797282 216718
44 1760 12232 0 1777797282 221023
47 1908 10029 0 1777797282 221889
44 1761 3210 0 1777797282 224236
46 1848 14760 0 1777797282 224300
45 1941 9445 0 1777797282 226167
44 1762 3731 0 1777797282 227974
46 1849 4179 0 1777797282 228481
47 1909 7735 0 1777797282 229635
46 1850 3531 0 1777797282 232015
45 1942 6167 0 1777797282 232336
45 1943 1461 0 1777797282 233800
44 1763 8571 0 1777797282 236547
46 1851 5373 0 1777797282 237390
46 1852 2284 0 1777797282 239681
45 1944 9422 0 1777797282 243230
49 1775 34909 0 1777797282 243551
44 1764 10586 0 1777797282 247140
44 1765 3214 0 1777797282 250356
45 1945 10879 0 1777797282 254112
49 1776 10727 0 1777797282 254280
47 1910 25981 0 1777797282 255619
49 1777 4257 0 1777797282 258539
49 1778 3365 0 1777797282 261908
45 1946 9563 0 1777797282 263680
47 1911 9577 0 1777797282 265199
49 1779 3304 0 1777797282 265215
46 1853 25821 0 1777797282 265505
45 1947 2077 0 1777797282 265759
48 1923 58217 0 1777797282 266709
46 1854 2922 0 1777797282 268428
44 1766 18801 0 1777797282 269159
48 1924 4221 0 1777797282 270936
49 1780 9248 0 1777797282 274475
47 1912 10107 0 1777797282 275323
44 1767 6782 0 1777797282 275949
45 1948 10196 0 1777797282 275957
46 1855 11048 0 1777797282 279478
44 1768 5550 0 1777797282 281508
46 1856 7919 0 1777797282 287399
47 1913 12092 0 1777797282 287421
44 1769 5978 0 1777797282 287488
49 1781 13488 0 1777797282 287965
49 1782 6077 0 1777797282 294044
46 1857 6686 0 1777797282 294087
44 1770 7344 0 1777797282 294833
45 1949 18873 0 1777797282 294842
47 1914 10957 0 1777797282 298380
46 1858 5174 0 1777797282 299266
48 1925 29508 0 1777797282 300452
47 1915 2374 0 1777797282 300756
44 1771 10086 0 1777797282 304930
45 1950 10803 0 1777797282 305656
49 1783 19318 0 1777797282 313364
48 1926 14094 0 1777797282 314550
45 1951 9927 0 1777797282 315585
49 1784 5825 0 1777797282 319193
45 1952 5072 0 1777797282 320659
44 1772 17778 0 1777797282 322712
45 1953 2905 0 1777797282 323566
48 1927 10220 0 1777797282 324772
44 1773 6546 0 1777797282 329261
49 1785 11680 0 1777797282 330874
48 1928 13046 0 1777797282 337820
46 1859 38749 0 1777797282 338016
49 1786 9470 0 1777797282 340346
46 1860 2516 0 1777797282 340533
46 1861 1295 0 1777797282 341830
45 1954 21176 0 1777797282 344744
49 1787 5113 0 1777797282 345461
45 1955 1408 0 1777797282 346161
48 1929 8673 0 1777797282 346495
45 1956 839 0 1777797282 347002
48 1930 3391 0 1777797282 349900
48 1931 4812 0 1777797282 354714
44 1774 25538 0 1777797282 354811
47 1916 59095 0 1777797282 359852
48 1932 5645 0 1777797282 360362
44 1775 5805 0 1777797282 360617
47 1917 4622 0 1777797282 364476
48 1933 6528 0 1777797282 366892
47 1918 2658 0 1777797282 367137
49 1788 21676 0 1777797282 367141
44 1776 7896 0 1777797282 368515
45 1957 23860 0 1777797282 370864
48 1934 4215 0 1777797282 371114
46 1862 31361 0 1777797282 373193
45 1958 2431 0 1777797282 373298
47 1919 7554 0 1777797282 374697
46 1863 1566 0 1777797282 374764
45 1959 2190 0 1777797282 375491
46 1864 3297 0 1777797282 378062
48 1935 8038 0 1777797282 379154
48 1936 1245 0 1777797282 380402
45 1960 6066 0 1777797282 381561
48 1937 1163 0 1777797282 381567
49 1789 14427 0 1777797282 381574
48 1938 989 0 1777797282 382576
46 1865 5038 0 1777797282 383105
48 1939 1018 0 1777797282 383597
49 1790 3477 0 1777797282 385072
48 1940 4275 0 1777797282 387873
46 1866 11136 0 1777797282 394243
48 1941 6374 0 1777797282 394249
45 1961 15574 0 1777797282 397151
46 1867 3778 0 1777797282 398027
48 1942 4910 0 1777797282 399171
49 1791 14986 0 1777797282 400060
48 1943 1737 0 1777797282 400910
46 1868 3366 0 1777797282 401399
48 1944 4318 0 1777797282 405229
49 1792 7834 0 1777797282 407955
45 1962 13601 0 1777797282 410756
48 1945 5533 0 1777797282 410765
46 1869 10781 0 1777797282 412182
49 1793 6042 0 1777797282 413999
48 1946 6477 0 1777797282 417263
47 1920 43497 0 1777797282 418200
48 1947 5667 0 1777797282 422937
49 1794 9012 0 1777797282 423014
47 1921 6143 0 1777797282 424345
46 1870 12592 0 1777797282 424776
46 1871 4819 0 1777797282 429597
49 1795 6871 0 1777797282 429897
47 1922 5593 0 1777797282 429941
48 1948 6931 0 1777797282 429947
45 1963 19875 0 1777797282 430641
45 1964 1956 0 1777797282 432598
46 1872 3209 0 1777797282 432808
46 1873 3232 0 1777797282 436042
48 1949 6091 0 1777797282 436047
45 1965 4685 0 1777797282 437291
47 1923 8679 0 1777797282 438626
49 1796 9825 0 1777797282 439723
46 1874 5732 0 1777797282 441780
44 1777 76033 0 1777797282 444554
49 1797 4866 0 1777797282 444591
47 1924 7133 0 1777797282 445762
48 1950 10346 0 1777797282 446403
45 1966 13038 0 1777797282 450332
46 1875 9660 0 1777797282 451442
44 1778 8021 0 1777797282 452613
49 1798 8011 0 1777797282 452625
45 1967 5833 0 1777797282 456168
47 1925 11445 0 1777797282 457208
48 1951 14907 0 1777797282 461315
46 1876 9920 0 1777797282 461364
45 1968 5718 0 1777797282 461889
44 1779 9428 0 1777797282 462063
46 1877 3252 0 1777797282 464617
49 1799 12766 0 1777797282 465416
44 1780 9223 0 1777797282 471289
45 1969 9461 0 1777797282 471352
48 1952 10365 0 1777797282 471688
47 1926 15395 0 1777797282 472605
46 1878 13622 0 1777797282 478241
49 1800 12850 0 1777797282 478268
44 1781 7835 0 1777797282 479126
47 1927 6897 0 1777797282 479503
48 1953 7943 0 1777797282 479633
45 1970 10224 0 1777797282 481584
45 1971 4503 0 1777797282 486090
49 1801 7946 0 1777797282 486215
46 1879 8635 0 1777797282 486878
48 1954 7772 0 1777797282 487406
44 1782 8725 0 1777797282 487853
49 1802 3396 0 1777797282 489612
45 1972 4577 0 1777797282 490669
46 1880 6683 0 1777797282 493564
47 1928 17433 0 1777797282 496938
46 1881 3397 0 1777797282 496964
48 1955 10435 0 1777797282 497844
45 1973 11121 0 1777797282 501794
46 1882 4840 0 1777797282 501805
48 1956 4222 0 1777797282 502072
44 1783 16363 0 1777797282 504219
49 1803 15685 0 1777797282 505302
47 1929 10000 0 1777797282 506941
44 1784 3514 0 1777797282 507737
49 1804 5568 0 1777797282 510872
46 1883 9090 0 1777797282 510909
48 1957 12402 0 1777797282 514477
49 1805 3610 0 1777797282 514486
47 1930 7787 0 1777797282 514731
45 1974 17835 0 1777797282 519641
49 1806 6159 0 1777797282 520658
44 1785 13255 0 1777797282 520997
46 1884 10093 0 1777797282 521003
48 1958 6838 0 1777797282 521325
45 1975 9196 0 1777797282 528839
48 1959 8324 0 1777797282 529652
46 1885 10972 0 1777797282 531986
49 1807 11608 0 1777797282 532267
47 1931 21682 0 1777797282 536414
46 1886 6822 0 1777797282 538817
49 1808 6579 0 1777797282 538847
45 1976 10305 0 1777797282 539146
44 1786 19982 0 1777797282 540986
44 1787 3988 0 1777797282 544977
48 1960 15344 0 1777797282 544997
46 1887 6221 0 1777797282 545044
45 1977 6389 0 1777797282 545538
45 1978 1611 0 1777797282 547152
48 1961 4360 0 1777797282 549358
44 1788 5302 0 1777797282 550281
49 1809 15914 0 1777797282 554764
45 1979 7764 0 1777797282 554918
46 1888 11003 0 1777797282 556049
48 1962 6807 0 1777797282 556167
47 1932 22260 0 1777797282 558677
47 1933 4320 0 1777797282 563017
46 1889 7953 0 1777797282 564005
45 1980 10155 0 1777797282 565075
49 1810 10950 0 1777797282 565721
47 1934 3553 0 1777797282 566573
44 1789 17119 0 1777797282 567403
44 1790 2491 0 1777797282 569896
49 1811 4504 0 1777797282 570228
48 1963 15397 0 1777797282 571565
47 1935 5471 0 1777797282 572045
44 1791 4263 0 1777797282 574161
49 1812 7608 0 1777797282 577838
44 1792 4580 0 1777797282 578745
47 1936 7317 0 1777797282 579364
46 1890 16326 0 1777797282 580332
48 1964 9338 0 1777797282 580906
44 1793 4730 0 1777797282 583478
44 1794 2239 0 1777797282 585720
44 1795 2129 0 1777797282 587853
46 1891 8019 0 1777797282 588353
44 1796 1462 0 1777797282 589317
47 1937 13085 0 1777797282 592454
44 1797 5221 0 1777797282 594541
49 1813 25463 0 1777797282 603305
44 1798 10980 0 1777797282 605526
48 1965 25564 0 1777797282 606471
44 1799 3051 0 1777797282 608596
46 1892 21994 0 1777797282 610349
47 1938 19669 0 1777797282 612128
44 1800 4556 0 1777797282 613158
45 1981 50387 0 1777797282 615464
49 1814 13085 0 1777797282 616395
45 1982 2138 0 1777797282 617604
49 1815 2044 0 1777797282 618515
44 1801 7803 0 1777797282 620963
49 1816 3580 0 1777797282 622097
45 1983 7717 0 1777797282 625323
49 1817 3279 0 1777797282 625385
46 1893 16040 0 1777797282 626392
45 1984 5381 0 1777797282 630707
49 1818 6072 0 1777797282 631458
44 1802 10636 0 1777797282 631603
47 1939 20685 0 1777797282 632816
49 1819 2610 0 1777797282 634070
46 1894 8449 0 1777797282 634845
47 1940 4739 0 1777797282 637556
44 1803 6014 0 1777797282 637618
45 1985 7555 0 1777797282 638264
49 1820 4969 0 1777797282 639041
47 1941 4359 0 1777797282 641924
49 1821 4601 0 1777797282 643644
45 1986 6364 0 1777797282 644637
44 1804 8526 0 1777797282 646145
46 1895 11328 0 1777797282 646175
49 1822 4931 0 1777797282 648584
44 1805 4178 0 1777797282 650326
48 1966 44515 0 1777797282 650993
49 1823 3184 0 1777797282 651770
45 1987 8369 0 1777797282 653014
44 1806 3018 0 1777797282 653346
49 1824 2347 0 1777797282 654121
48 1967 7838 0 1777797282 658835
44 1807 10074 0 1777797282 663422
48 1968 5699 0 1777797282 664536
48 1969 2936 0 1777797282 667474
46 1896 24685 0 1777797282 670862
48 1970 4975 0 1777797282 672452
48 1971 7571 0 1777797282 680026
49 1825 25935 0 1777797282 680063
49 1826 4161 0 1777797282 684225
46 1897 15834 0 1777797282 686697
49 1827 3793 0 1777797282 688021
45 1988 35670 0 1777797282 688692
44 1808 26018 0 1777797282 689444
48 1972 9683 0 1777797282 689710
49 1828 5293 0 1777797282 693316
46 1898 7000 0 1777797282 693705
44 1809 4623 0 1777797282 694070
45 1989 6096 0 1777797282 694790
48 1973 5544 0 1777797282 695255
47 1942 53534 0 1777797282 695460
45 1990 5678 0 1777797282 700473
49 1829 7437 0 1777797282 700762
44 1810 7812 0 1777797282 701885
46 1899 9157 0 1777797282 702863
44 1811 2783 0 1777797282 704671
48 1974 12169 0 1777797282 707428
49 1830 7364 0 1777797282 708127
44 1812 3552 0 1777797282 708225
46 1900 6591 0 1777797282 709456
48 1975 4730 0 1777797282 712162
46 1901 3242 0 1777797282 712701
44 1813 5781 0 1777797282 714008
49 1831 8144 0 1777797282 716275
46 1902 3894 0 1777797282 716597
49 1832 1011 0 1777797282 717288
47 1943 22910 0 1777797282 718372
48 1976 7903 0 1777797282 720066
47 1944 2469 0 1777797282 720843
45 1991 21092 0 1777797282 721568
46 1903 8206 0 1777797282 724806
45 1992 3528 0 1777797282 725097
49 1833 10408 0 1777797282 727698
45 1993 2828 0 1777797282 727926
49 1834 3446 0 1777797282 731147
46 1904 7582 0 1777797282 732391
49 1835 1861 0 1777797282 733011
44 1814 19549 0 1777797282 733560
45 1994 6230 0 1777797282 734160
49 1836 4606 0 1777797282 737619
48 1977 17886 0 1777797282 737968
44 1815 5233 0 1777797282 738795
45 1995 5962 0 1777797282 740125
46 1905 8486 0 1777797282 740880
47 1945 20141 0 1777797282 740990
45 1996 1978 0 1777797282 742105
49 1837 4494 0 1777797282 742115
46 1906 1708 0 1777797282 742590
48 1978 5205 0 1777797282 743176
47 1946 3212 0 1777797282 744204
48 1979 1034 0 1777797282 744211
45 1997 5051 0 1777797282 747167
44 1816 10212 0 1777797282 749009
49 1838 6891 0 1777797282 749025
46 1907 6589 0 1777797282 749180
47 1947 7745 0 1777797282 751958
45 1998 4943 0 1777797282 752114
48 1980 9774 0 1777797282 753997
49 1839 9133 0 1777797282 758173
46 1908 10050 0 1777797282 759231
47 1948 7958 0 1777797282 759918
49 1840 1753 0 1777797282 759929
48 1981 6653 0 1777797282 760653
44 1817 12015 0 1777797282 761042
49 1841 1486 0 1777797282 761428
45 1999 13263 0 1777797282 765381
49 1842 4374 0 1777797282 765805
46 1909 6727 0 1777797282 765973
48 1982 7063 0 1777797282 767720
49 1843 4221 0 1777797282 770028
45 2000 5606 0 1777797282 770993
49 1844 2788 0 1777797282 772818
45 2001 3328 0 1777797282 774327
47 1949 20663 0 1777797282 780593
45 2002 6310 0 1777797282 780640
49 1845 9432 0 1777797282 782253
48 1983 14872 0 1777797282 782595
46 1910 16889 0 1777797282 782864
49 1846 6562 0 1777797282 788817
47 1950 8320 0 1777797282 788921
44 1818 28510 0 1777797282 789553
46 1911 7344 0 1777797282 790210
48 1984 12490 0 1777797282 795088
47 1951 6307 0 1777797282 795229
49 1847 6446 0 1777797282 795265
44 1819 5886 0 1777797282 795442
46 1912 5379 0 1777797282 795591
45 2003 19630 0 1777797282 800271
44 1820 7156 0 1777797282 802599
46 1913 7017 0 1777797282 802609
48 1985 7528 0 1777797282 802619
49 1848 7312 0 1777797282 802636
47 1952 8562 0 1777797282 803793
45 2004 5422 0 1777797282 805695
49 1849 4520 0 1777797282 807201
48 1986 6531 0 1777797282 809201
44 1821 7771 0 1777797282 810409
46 1914 7809 0 1777797282 810463
45 2005 7241 0 1777797282 812938
47 1953 9148 0 1777797282 812948
48 1987 3752 0 1777797282 812955
49 1850 5773 0 1777797282 812976
46 1915 7202 0 1777797282 817667
48 1988 4686 0 1777797282 817684
45 2006 6193 0 1777797282 819171
47 1954 6677 0 1777797282 819667
49 1851 6668 0 1777797282 819674
44 1822 10139 0 1777797282 820551
48 1989 5380 0 1777797282 823082
45 2007 4762 0 1777797282 823935
46 1916 6258 0 1777797282 823943
47 1955 4806 0 1777797282 824482
44 1823 8274 0 1777797282 828827
45 2008 6250 0 1777797282 830194
46 1917 6274 0 1777797282 830233
47 1956 6153 0 1777797282 830640
44 1824 3765 0 1777797282 832602
49 1852 13418 0 1777797282 833102
44 1825 5365 0 1777797282 837975
48 1990 15275 0 1777797282 838366
46 1918 9059 0 1777797282 839294
49 1853 8836 0 1777797282 841945
44 1826 3993 0 1777797282 841989
45 2009 11800 0 1777797282 841997
47 1957 11364 0 1777797282 842005
46 1919 6419 0 1777797282 845715
45 2010 4627 0 1777797282 846643
48 1991 8311 0 1777797282 846678
49 1854 4852 0 1777797282 846805
44 1827 7016 0 1777797282 849022
47 1958 12573 0 1777797282 854611
48 1992 7940 0 1777797282 854619
44 1828 5827 0 1777797282 854851
49 1855 8052 0 1777797282 854859
45 2011 8239 0 1777797282 854886
46 1920 9176 0 1777797282 854893
47 1959 8746 0 1777797282 863366
48 1993 9490 0 1777797282 864119
45 2012 9275 0 1777797282 864169
46 1921 9275 0 1777797282 864176
49 1856 9551 0 1777797282 864421
44 1829 9925 0 1777797282 864784
44 1830 5711 0 1777797282 870496
48 1994 6386 0 1777797282 870507
45 2013 6562 0 1777797282 870739
49 1857 9595 0 1777797282 874018
47 1960 14721 0 1777797282 878089
46 1922 15104 0 1777797282 879292
44 1831 9218 0 1777797282 879726
45 2014 8993 0 1777797282 879733
48 1995 9238 0 1777797282 879759
46 1923 4086 0 1777797282 883380
49 1858 9369 0 1777797282 883389
45 2015 6704 0 1777797282 886446
47 1961 10055 0 1777797282 888146
44 1832 8548 0 1777797282 888282
48 1996 8710 0 1777797282 888470
46 1924 5975 0 1777797282 889365
49 1859 6878 0 1777797282 890283
45 2016 8744 0 1777797282 895195
48 1997 6731 0 1777797282 895205
44 1833 7608 0 1777797282 895891
46 1925 6532 0 1777797282 895899
47 1962 8717 0 1777797282 896866
49 1860 7572 0 1777797282 897856
45 2017 5823 0 1777797282 901028
48 1998 5823 0 1777797282 901039
44 1834 8107 0 1777797282 904007
46 1926 8779 0 1777797282 904707
47 1963 7851 0 1777797282 904718
49 1861 9365 0 1777797282 907227
48 1999 7580 0 1777797282 908631
44 1835 5160 0 1777797282 909169
45 2018 8136 0 1777797282 909176
49 1862 4819 0 1777797282 912048
44 1836 5448 0 1777797282 914625
48 2000 6009 0 1777797282 914642
47 1964 12403 0 1777797282 917134
45 2019 9143 0 1777797282 918330
46 1927 13849 0 1777797282 918568
48 2001 8775 0 1777797282 923429
47 1965 6529 0 1777797282 923665
44 1837 10610 0 1777797282 925253
48 2002 1998 0 1777797282 925429
46 1928 10182 0 1777797282 928752
49 1863 16709 0 1777797282 928759
44 1838 10837 0 1777797282 936093
45 2020 18390 0 1777797282 936723
47 1966 14840 0 1777797282 938507
48 2003 15322 0 1777797282 940753
49 1864 11995 0 1777797282 940770
44 1839 8890 0 1777797282 944992
49 1865 5300 0 1777797282 946084
47 1967 7673 0 1777797282 946183
48 2004 7133 0 1777797282 947904
47 1968 5141 0 1777797282 951326
49 1866 8734 0 1777797282 954820
47 1969 5574 0 1777797282 956904
48 2005 16363 0 1777797282 964269
49 1867 9449 0 1777797282 964276
44 1840 21007 0 1777797282 966000
47 1970 9249 0 1777797282 966155
48 2006 6749 0 1777797282 971027
44 1841 5119 0 1777797282 971123
45 2021 37327 0 1777797282 974055
44 1842 3927 0 1777797282 975052
47 1971 9603 0 1777797282 975760
48 2007 5879 0 1777797282 976915
46 1929 50159 0 1777797282 978919
49 1868 14763 0 1777797282 979049
47 1972 5595 0 1777797282 981360
45 2022 14701 0 1777797282 988760
44 1843 13992 0 1777797282 989058
49 1869 10494 0 1777797282 989545
46 1930 12472 0 1777797282 991393
47 1973 10052 0 1777797282 991414
44 1844 6342 0 1777797282 995403
49 1870 6926 0 1777797282 996476
47 1974 7208 0 1777797282 998636
44 1845 4070 0 1777797282 999474
49 1871 3459 0 1777797282 999936
45 2023 13106 0 1777797283 1878
48 2008 27035 0 1777797283 4021
47 1975 5662 0 1777797283 4302
44 1846 8781 0 1777797283 8258
49 1872 8325 0 1777797283 8266
47 1976 5294 0 1777797283 9599
45 2024 9354 0 1777797283 11239
49 1873 6173 0 1777797283 14451
47 1977 11050 0 1777797283 20657
45 2025 10137 0 1777797283 21378
46 1931 32069 0 1777797283 23485
48 2009 21845 0 1777797283 25868
47 1978 10675 0 1777797283 31334
45 2026 10021 0 1777797283 31400
46 1932 7922 0 1777797283 31408
49 1874 16957 0 1777797283 31414
44 1847 24810 0 1777797283 33076
48 2010 11237 0 1777797283 37107
47 1979 6501 0 1777797283 37849
46 1933 7683 0 1777797283 39111
45 2027 8257 0 1777797283 39672
49 1875 14963 0 1777797283 46399
47 1980 8906 0 1777797283 46757
44 1848 13771 0 1777797283 46858
48 2011 9811 0 1777797283 46929
45 2028 7842 0 1777797283 47518
49 1876 2835 0 1777797283 49236
48 2012 2903 0 1777797283 49834
46 1934 15199 0 1777797283 54313
47 1981 7721 0 1777797283 54480
44 1849 11502 0 1777797283 58362
49 1877 9408 0 1777797283 58646
48 2013 8822 0 1777797283 58661
45 2029 15620 0 1777797283 63139
47 1982 8670 0 1777797283 63151
44 1850 9022 0 1777797283 67385
46 1935 13067 0 1777797283 67403
45 2030 10563 0 1777797283 73716
47 1983 10560 0 1777797283 73724
49 1878 15086 0 1777797283 73733
48 2014 15187 0 1777797283 73850
46 1936 14318 0 1777797283 81736
44 1851 14659 0 1777797283 82063
45 2031 14348 0 1777797283 88093
47 1984 19871 0 1777797283 93626
49 1879 19870 0 1777797283 93632
48 2015 20107 0 1777797283 93958
46 1937 12343 0 1777797283 94081
44 1852 12223 0 1777797283 94288
45 2032 16877 0 1777797283 104971
46 1938 10904 0 1777797283 104986
47 1985 11359 0 1777797283 104992
49 1880 11359 0 1777797283 104998
44 1853 12057 0 1777797283 106346
48 2016 12413 0 1777797283 106372
45 2033 9033 0 1777797283 114032
47 1986 9019 0 1777797283 114037
49 1881 9825 0 1777797283 114850
46 1939 9885 0 1777797283 114893
48 2017 12207 0 1777797283 118592
44 1854 17746 0 1777797283 124119
47 1987 11578 0 1777797283 125624
49 1882 10987 0 1777797283 125845
48 2018 7492 0 1777797283 126087
44 1855 5617 0 1777797283 129738
45 2034 15741 0 1777797283 129778
46 1940 14891 0 1777797283 129785
45 2035 5708 0 1777797283 135494
46 1941 5709 0 1777797283 135505
47 1988 9907 0 1777797283 135537
48 2019 9487 0 1777797283 135576
44 1856 5924 0 1777797283 135668
49 1883 10147 0 1777797283 135994
45 2036 9198 0 1777797283 144776
48 2020 9181 0 1777797283 144807
47 1989 9547 0 1777797283 145147
44 1857 11799 0 1777797283 147469
46 1942 11887 0 1777797283 147476
49 1884 13356 0 1777797283 149351
47 1990 9942 0 1777797283 155090
45 2037 10569 0 1777797283 155347
44 1858 9976 0 1777797283 157452
46 1943 10522 0 1777797283 158007
48 2021 13207 0 1777797283 158015
47 1991 5615 0 1777797283 160708
45 2038 6502 0 1777797283 161851
47 1992 4925 0 1777797283 165635
48 2022 7664 0 1777797283 165690
47 1993 2629 0 1777797283 168270
44 1859 12447 0 1777797283 169901
47 1994 3212 0 1777797283 171487
47 1995 1106 0 1777797283 172595
45 2039 11657 0 1777797283 173513
49 1885 29578 0 1777797283 178931
48 2023 13326 0 1777797283 179018
44 1860 9273 0 1777797283 179178
47 1996 7755 0 1777797283 180353
48 2024 2564 0 1777797283 181584
44 1861 3507 0 1777797283 182687
48 2025 4822 0 1777797283 186409
49 1886 10321 0 1777797283 189257
47 1997 8974 0 1777797283 189333
45 2040 17851 0 1777797283 191367
47 1998 3729 0 1777797283 193065
49 1887 8583 0 1777797283 197843
49 1888 1890 0 1777797283 199739
47 1999 9273 0 1777797283 202386
48 2026 16229 0 1777797283 202646
44 1862 22036 0 1777797283 204726
45 2041 17932 0 1777797283 209305
46 1944 51561 0 1777797283 209577
47 2000 8119 0 1777797283 210511
44 1863 6049 0 1777797283 210781
49 1889 11559 0 1777797283 211302
46 1945 3446 0 1777797283 213071
44 1864 2540 0 1777797283 213323
48 2027 10684 0 1777797283 213331
45 2042 4817 0 1777797283 214125
47 2001 4824 0 1777797283 215339
49 1890 7125 0 1777797283 218431
48 2028 10429 0 1777797283 223771
45 2043 10902 0 1777797283 225029
46 1946 11970 0 1777797283 225044
47 2002 13113 0 1777797283 228454
48 2029 5249 0 1777797283 229028
47 2003 1832 0 1777797283 230296
47 2004 644 0 1777797283 230942
46 1947 10060 0 1777797283 235115
48 2030 6095 0 1777797283 235125
45 2044 10842 0 1777797283 235888
47 2005 11370 0 1777797283 242315
47 2006 3719 0 1777797283 246039
46 1948 11219 0 1777797283 246345
49 1891 28349 0 1777797283 246782
46 1949 3436 0 1777797283 249784
49 1892 8730 0 1777797283 255516
44 1865 42826 0 1777797283 256158
47 2007 23738 0 1777797283 269780
48 2031 35522 0 1777797283 270660
46 1950 21300 0 1777797283 271088
47 2008 2454 0 1777797283 272241
49 1893 21127 0 1777797283 276646
48 2032 6032 0 1777797283 276698
45 2045 43245 0 1777797283 279135
46 1951 8044 0 1777797283 279140
48 2033 5440 0 1777797283 282140
49 1894 5491 0 1777797283 282147
47 2009 11786 0 1777797283 284029
46 1952 6485 0 1777797283 285635
47 2010 4031 0 1777797283 288062
45 2046 17453 0 1777797283 296594
47 2011 9205 0 1777797283 297269
49 1895 15265 0 1777797283 297421
46 1953 11790 0 1777797283 297445
48 2034 19291 0 1777797283 301440
44 1866 49083 0 1777797283 305243
45 2047 8716 0 1777797283 305312
47 2012 8086 0 1777797283 305359
49 1896 15390 0 1777797283 312812
48 2035 11421 0 1777797283 312873
44 1867 7714 0 1777797283 312960
45 2048 8120 0 1777797283 313433
46 1954 16129 0 1777797283 313576
47 2013 8294 0 1777797283 313655
46 1955 5777 0 1777797283 319354
44 1868 6455 0 1777797283 319416
49 1897 7607 0 1777797283 320432
47 2014 10498 0 1777797283 324155
48 2036 11290 0 1777797283 324164
45 2049 10763 0 1777797283 324197
46 1956 4846 0 1777797283 324202
47 2015 4280 0 1777797283 328445
44 1869 9105 0 1777797283 328523
45 2050 7204 0 1777797283 331407
48 2037 7465 0 1777797283 331644
49 1898 11294 0 1777797283 331730
46 1957 11467 0 1777797283 335677
48 2038 4416 0 1777797283 336061
45 2051 5327 0 1777797283 336736
49 1899 6224 0 1777797283 337955
45 2052 3936 0 1777797283 340673
46 1958 6270 0 1777797283 341960
48 2039 6007 0 1777797283 342069
47 2016 18216 0 1777797283 346667
44 1870 18186 0 1777797283 346712
45 2053 8665 0 1777797283 349340
49 1900 17022 0 1777797283 354979
48 2040 15250 0 1777797283 357321
44 1871 11522 0 1777797283 358236
47 2017 11585 0 1777797283 358257
45 2054 10688 0 1777797283 360033
46 1959 21169 0 1777797283 363132
47 2018 14600 0 1777797283 372859
45 2055 12842 0 1777797283 372882
44 1872 14855 0 1777797283 373093
49 1901 18217 0 1777797283 373202
48 2041 16199 0 1777797283 373522
46 1960 16351 0 1777797283 379493
44 1873 6487 0 1777797283 379581
49 1902 7239 0 1777797283 380444
47 2019 8248 0 1777797283 381109
48 2042 7593 0 1777797283 381117
45 2056 8352 0 1777797283 381235
46 1961 5541 0 1777797283 385036
47 2020 5897 0 1777797283 387015
44 1874 11173 0 1777797283 390755
45 2057 9529 0 1777797283 390765
48 2043 9649 0 1777797283 390777
49 1903 10340 0 1777797283 390785
47 2021 5541 0 1777797283 392559
46 1962 13007 0 1777797283 398046
49 1904 7948 0 1777797283 398778
48 2044 8104 0 1777797283 398925
44 1875 8208 0 1777797283 398994
45 2058 8191 0 1777797283 399001
47 2022 6874 0 1777797283 399434
46 1963 5657 0 1777797283 403706
45 2059 5341 0 1777797283 404354
49 1905 5587 0 1777797283 404371
48 2045 6259 0 1777797283 405186
47 2023 7959 0 1777797283 407395
46 1964 4953 0 1777797283 408673
47 2024 2103 0 1777797283 409509
45 2060 6156 0 1777797283 410528
44 1876 13678 0 1777797283 412680
47 2025 3727 0 1777797283 413238
49 1906 9713 0 1777797283 414099
45 2061 5767 0 1777797283 416297
45 2062 1796 0 1777797283 418095
47 2026 5217 0 1777797283 418458
48 2046 15170 0 1777797283 420358
47 2027 2178 0 1777797283 420639
45 2063 5262 0 1777797283 423358
46 1965 14980 0 1777797283 423655
44 1877 12480 0 1777797283 425165
49 1907 12443 0 1777797283 426547
48 2047 6485 0 1777797283 426845
46 1966 4177 0 1777797283 427906
48 2048 1517 0 1777797283 428364
48 2049 1531 0 1777797283 429898
44 1878 5266 0 1777797283 430434
46 1967 3352 0 1777797283 431262
47 2028 11955 0 1777797283 432595
45 2064 11696 0 1777797283 435059
44 1879 4981 0 1777797283 435418
49 1908 13703 0 1777797283 440253
46 1968 9862 0 1777797283 441127
48 2050 11848 0 1777797283 441748
47 2029 10807 0 1777797283 443405
48 2051 2975 0 1777797283 444727
45 2065 10304 0 1777797283 445370
46 1969 7684 0 1777797283 448812
49 1909 8566 0 1777797283 448825
47 2030 5895 0 1777797283 449301
49 1910 10044 0 1777797283 458890
49 1911 8442 0 1777797283 467336
47 2031 18846 0 1777797283 468149
44 1880 35437 0 1777797283 470858
49 1912 4092 0 1777797283 471431
49 1913 3365 0 1777797283 474799
44 1881 5034 0 1777797283 475895
46 1970 29326 0 1777797283 478152
44 1882 2546 0 1777797283 478444
48 2052 34450 0 1777797283 479180
49 1914 12018 0 1777797283 486820
44 1883 13301 0 1777797283 491747
46 1971 14957 0 1777797283 493114
46 1972 1834 0 1777797283 494953
47 2032 27203 0 1777797283 495355
46 1973 1901 0 1777797283 496857
44 1884 6092 0 1777797283 497842
49 1915 11577 0 1777797283 498404
48 2053 19798 0 1777797283 498979
49 1916 4814 0 1777797283 503223
45 2066 61179 0 1777797283 506552
46 1974 10337 0 1777797283 507196
45 2067 2060 0 1777797283 508615
49 1917 11328 0 1777797283 514554
46 1975 9142 0 1777797283 516340
49 1918 5338 0 1777797283 519895
45 2068 13823 0 1777797283 522442
49 1919 6509 0 1777797283 526410
46 1976 11269 0 1777797283 527612
47 2033 32722 0 1777797283 528078
46 1977 4987 0 1777797283 532607
47 2034 4636 0 1777797283 532716
45 2069 13197 0 1777797283 535643
49 1920 10107 0 1777797283 536520
47 2035 5281 0 1777797283 537998
48 2054 40384 0 1777797283 539365
46 1978 8466 0 1777797283 541082
49 1921 4642 0 1777797283 541163
47 2036 5733 0 1777797283 543737
48 2055 5204 0 1777797283 544571
45 2070 10335 0 1777797283 545981
48 2056 5566 0 1777797283 550138
45 2071 7804 0 1777797283 553791
46 1979 12720 0 1777797283 553806
47 2037 11767 0 1777797283 555507
47 2038 9493 0 1777797283 565003
48 2057 14882 0 1777797283 565023
49 1922 23873 0 1777797283 565037
44 1885 69827 0 1777797283 567671
45 2072 15744 0 1777797283 569537
46 1980 15738 0 1777797283 569545
48 2058 7774 0 1777797283 572824
47 2039 8222 0 1777797283 573260
49 1923 17647 0 1777797283 582706
44 1886 15221 0 1777797283 582896
47 2040 9650 0 1777797283 582913
45 2073 14068 0 1777797283 583615
46 1981 14063 0 1777797283 583620
48 2059 10798 0 1777797283 583625
46 1982 8593 0 1777797283 592227
49 1924 9527 0 1777797283 592235
48 2060 13177 0 1777797283 596819
45 2074 13219 0 1777797283 596845
44 1887 18019 0 1777797283 600916
47 2041 18009 0 1777797283 600922
45 2075 11533 0 1777797283 608379
46 1983 16300 0 1777797283 608536
47 2042 9666 0 1777797283 610598
44 1888 11746 0 1777797283 612669
48 2061 15864 0 1777797283 612686
46 1984 7539 0 1777797283 616077
49 1925 23900 0 1777797283 616147
45 2076 8695 0 1777797283 617084
44 1889 10076 0 1777797283 622764
47 2043 12170 0 1777797283 622780
48 2062 11840 0 1777797283 624540
45 2077 8829 0 1777797283 625916
47 2044 6798 0 1777797283 629594
48 2063 5069 0 1777797283 629611
46 1985 14139 0 1777797283 630218
49 1926 14285 0 1777797283 630433
46 1986 7206 0 1777797283 637427
48 2064 8682 0 1777797283 638330
44 1890 16161 0 1777797283 638943
47 2045 9362 0 1777797283 638975
49 1927 8546 0 1777797283 638981
45 2078 15738 0 1777797283 641657
46 1987 4370 0 1777797283 641799
48 2065 9489 0 1777797283 647822
47 2046 9943 0 1777797283 648925
49 1928 13477 0 1777797283 652469
44 1891 14749 0 1777797283 653694
46 1988 11901 0 1777797283 653701
48 2066 5880 0 1777797283 653705
45 2079 18478 0 1777797283 660146
49 1929 11396 0 1777797283 663866
48 2067 17006 0 1777797283 670728
46 1989 17988 0 1777797283 671703
48 2068 1823 0 1777797283 672554
48 2069 1292 0 1777797283 673851
46 1990 3407 0 1777797283 675112
48 2070 1271 0 1777797283 675124
49 1930 13091 0 1777797283 676962
48 2071 4922 0 1777797283 680744
46 1991 5825 0 1777797283 681021
48 2072 1237 0 1777797283 681986
46 1992 1385 0 1777797283 682408
46 1993 1271 0 1777797283 683681
48 2073 1974 0 1777797283 683962
44 1892 34632 0 1777797283 688338
47 2047 39754 0 1777797283 688685
45 2080 28576 0 1777797283 688724
46 1994 6069 0 1777797283 689755
48 2074 7269 0 1777797283 691235
49 1931 14388 0 1777797283 691351
46 1995 2396 0 1777797283 692153
48 2075 1470 0 1777797283 692708
49 1932 1725 0 1777797283 693078
44 1893 4990 0 1777797283 693330
48 2076 2973 0 1777797283 695683
49 1933 2778 0 1777797283 695860
45 2081 8630 0 1777797283 697356
48 2077 1976 0 1777797283 697661
48 2078 2642 0 1777797283 700306
47 2048 14343 0 1777797283 703029
44 1894 10665 0 1777797283 703997
48 2079 6541 0 1777797283 706850
44 1895 3277 0 1777797283 707277
48 2080 844 0 1777797283 707696
44 1896 1103 0 1777797283 708383
44 1897 779 0 1777797283 709165
44 1898 1569 0 1777797283 710741
48 2081 3310 0 1777797283 711010
48 2082 1078 0 1777797283 712092
45 2082 15156 0 1777797283 712514
49 1934 18143 0 1777797283 714004
44 1899 3510 0 1777797283 714252
49 1935 1054 0 1777797283 715061
44 1900 6438 0 1777797283 720693
44 1901 3117 0 1777797283 723816
48 2083 14329 0 1777797283 726429
45 2083 14474 0 1777797283 726991
47 2049 23974 0 1777797283 727012
44 1902 5952 0 1777797283 729770
49 1936 14813 0 1777797283 729877
44 1903 5673 0 1777797283 735445
48 2084 9510 0 1777797283 735967
45 2084 9161 0 1777797283 736175
46 1996 48732 0 1777797283 740889
49 1937 12232 0 1777797283 742111
46 1997 1441 0 1777797283 742333
44 1904 8020 0 1777797283 743467
49 1938 2374 0 1777797283 744487
46 1998 2414 0 1777797283 744748
49 1939 787 0 1777797283 745276
48 2085 11243 0 1777797283 747213
48 2086 2400 0 1777797283 749621
46 1999 5771 0 1777797283 750521
48 2087 2422 0 1777797283 752047
47 2050 25468 0 1777797283 752495
45 2085 16339 0 1777797283 752515
48 2088 1365 0 1777797283 753416
49 1940 11252 0 1777797283 756533
48 2089 5119 0 1777797283 758538
46 2000 8514 0 1777797283 759038
44 1905 16346 0 1777797283 759816
45 2086 8144 0 1777797283 760660
48 2090 2694 0 1777797283 761235
44 1906 2219 0 1777797283 762038
49 1941 5891 0 1777797283 762428
48 2091 3547 0 1777797283 764784
44 1907 2921 0 1777797283 764961
46 2001 5950 0 1777797283 764993
45 2087 5573 0 1777797283 766240
44 1908 1305 0 1777797283 766268
45 2088 4937 0 1777797283 771182
48 2092 6407 0 1777797283 771193
47 2051 18925 0 1777797283 771423
48 2093 2014 0 1777797283 773225
44 1909 8119 0 1777797283 774388
48 2094 2099 0 1777797283 775326
45 2089 6575 0 1777797283 777769
44 1910 5154 0 1777797283 779562
48 2095 4286 0 1777797283 779615
49 1942 18879 0 1777797283 781311
46 2002 16728 0 1777797283 781722
47 2052 14683 0 1777797283 786107
48 2096 6500 0 1777797283 786116
49 1943 4825 0 1777797283 786139
45 2090 11230 0 1777797283 789001
46 2003 8716 0 1777797283 790440
44 1911 10868 0 1777797283 790457
49 1944 7220 0 1777797283 793401
46 2004 7061 0 1777797283 797502
48 2097 11347 0 1777797283 797515
49 1945 5749 0 1777797283 799158
44 1912 11596 0 1777797283 802054
48 2098 4559 0 1777797283 802086
45 2091 13117 0 1777797283 802121
47 2053 17792 0 1777797283 803933
46 2005 6796 0 1777797283 804312
49 1946 6578 0 1777797283 805741
48 2099 5475 0 1777797283 807580
45 2092 7111 0 1777797283 809233
44 1913 8348 0 1777797283 810437
46 2006 7351 0 1777797283 811666
45 2093 3367 0 1777797283 812603
46 2007 3805 0 1777797283 815474
48 2100 7925 0 1777797283 815507
49 1947 10437 0 1777797283 816180
44 1914 6626 0 1777797283 817066
45 2094 7588 0 1777797283 820196
48 2101 6457 0 1777797283 821965
49 1948 6602 0 1777797283 822823
47 2054 18937 0 1777797283 822871
46 2008 12399 0 1777797283 827875
49 1949 5696 0 1777797283 828522
44 1915 11794 0 1777797283 828862
45 2095 9631 0 1777797283 829839
48 2102 8080 0 1777797283 830047
48 2103 3552 0 1777797283 833600
44 1916 8815 0 1777797283 837681
49 1950 9165 0 1777797283 837690
45 2096 7900 0 1777797283 837741
46 2009 11649 0 1777797283 839526
49 1951 1921 0 1777797283 839628
48 2104 11779 0 1777797283 845381
44 1917 8399 0 1777797283 846090
45 2097 8355 0 1777797283 846097
49 1952 6474 0 1777797283 846104
46 2010 6758 0 1777797283 846366
47 2055 23879 0 1777797283 846752
48 2105 7039 0 1777797283 852422
47 2056 5861 0 1777797283 852616
44 1918 9109 0 1777797283 855214
49 1953 9307 0 1777797283 855429
45 2098 9680 0 1777797283 855793
46 2011 9444 0 1777797283 855811
48 2106 7386 0 1777797283 859811
44 1919 4804 0 1777797283 860020
49 1954 5409 0 1777797283 860839
44 1920 3897 0 1777797283 863919
46 2012 10917 0 1777797283 866730
47 2057 14918 0 1777797283 867536
49 1955 6733 0 1777797283 867575
48 2107 7871 0 1777797283 867694
44 1921 6842 0 1777797283 870763
45 2099 16408 0 1777797283 872203
46 2013 6024 0 1777797283 872766
45 2100 5193 0 1777797283 877404
44 1922 6667 0 1777797283 877432
48 2108 9907 0 1777797283 877602
49 1956 10562 0 1777797283 878138
44 1923 6182 0 1777797283 883616
46 2014 11862 0 1777797283 884632
45 2101 7659 0 1777797283 885065
49 1957 7003 0 1777797283 885146
48 2109 10316 0 1777797283 887920
47 2058 21525 0 1777797283 889064
44 1924 5966 0 1777797283 889584
46 2015 5829 0 1777797283 890463
49 1958 6405 0 1777797283 891552
45 2102 6453 0 1777797283 891572
48 2110 5517 0 1777797283 893448
46 2016 4205 0 1777797283 894671
44 1925 6728 0 1777797283 896315
49 1959 5128 0 1777797283 896682
48 2111 6319 0 1777797283 899777
44 1926 6233 0 1777797283 902551
46 2017 7945 0 1777797283 902620
45 2103 11723 0 1777797283 903296
47 2059 14929 0 1777797283 903996
48 2112 5217 0 1777797283 905007
49 1960 9531 0 1777797283 906216
48 2113 3358 0 1777797283 908384
44 1927 6758 0 1777797283 909312
45 2104 9395 0 1777797283 912696
47 2060 10388 0 1777797283 914385
45 2105 3247 0 1777797283 915945
49 1961 9862 0 1777797283 916080
48 2114 8039 0 1777797283 916430
46 2018 17716 0 1777797283 920339
45 2106 4473 0 1777797283 920420
44 1928 11225 0 1777797283 920540
48 2115 6107 0 1777797283 922539
46 2019 4889 0 1777797283 925230
45 2107 4947 0 1777797283 925369
49 1962 9962 0 1777797283 926043
44 1929 5675 0 1777797283 926216
48 2116 4289 0 1777797283 926832
44 1930 8723 0 1777797283 934941
46 2020 12037 0 1777797283 937278
45 2108 12565 0 1777797283 937935
49 1963 12578 0 1777797283 938624
48 2117 12061 0 1777797283 938897
45 2109 2185 0 1777797283 940123
48 2118 1643 0 1777797283 940541
46 2021 3645 0 1777797283 940925
44 1931 6384 0 1777797283 941327
49 1964 4164 0 1777797283 942790
48 2119 3307 0 1777797283 943850
46 2022 4248 0 1777797283 945175
47 2061 31051 0 1777797283 945438
45 2110 5943 0 1777797283 946068
46 2023 3021 0 1777797283 948199
47 2062 3073 0 1777797283 948514
47 2063 1197 0 1777797283 949713
45 2111 7460 0 1777797283 953532
48 2120 9698 0 1777797283 953549
44 1932 12390 0 1777797283 953721
46 2024 5949 0 1777797283 954151
48 2121 3316 0 1777797283 956887
45 2112 3401 0 1777797283 956952
49 1965 15720 0 1777797283 958519
44 1933 8525 0 1777797283 962248
45 2113 5980 0 1777797283 962933
48 2122 6062 0 1777797283 962951
46 2025 10605 0 1777797283 964759
44 1934 2771 0 1777797283 965021
49 1966 6508 0 1777797283 965029
49 1967 2411 0 1777797283 967452
48 2123 4675 0 1777797283 967638
46 2026 3163 0 1777797283 967926
47 2064 18895 0 1777797283 968611
44 1935 3603 0 1777797283 968633
45 2114 9852 0 1777797283 972805
46 2027 5923 0 1777797283 973851
49 1968 6680 0 1777797283 974135
48 2124 8976 0 1777797283 976616
49 1969 3798 0 1777797283 977937
46 2028 5726 0 1777797283 979580
45 2115 8834 0 1777797283 981641
47 2065 13509 0 1777797283 982122
45 2116 4559 0 1777797283 986202
49 1970 8986 0 1777797283 986925
44 1936 18503 0 1777797283 987138
46 2029 9006 0 1777797283 988591
48 2125 12439 0 1777797283 989058
45 2117 3226 0 1777797283 989431
48 2126 903 0 1777797283 989965
49 1971 3968 0 1777797283 990896
46 2030 3545 0 1777797283 992138
45 2118 3172 0 1777797283 992605
49 1972 2235 0 1777797283 993133
48 2127 3757 0 1777797283 993725
47 2066 12097 0 1777797283 994222
44 1937 9771 0 1777797283 996910
46 2031 4783 0 1777797283 996923
45 2119 4877 0 1777797283 997483
44 1938 2056 0 1777797283 999028
48 2128 8537 0 1777797284 2263
47 2067 8967 0 1777797284 3192
46 2032 6274 0 1777797284 3258
45 2120 7221 0 1777797284 4707
49 1973 11985 0 1777797284 5120
44 1939 6452 0 1777797284 5483
46 2033 7281 0 1777797284 10540
48 2129 9042 0 1777797284 11309
44 1940 9983 0 1777797284 15469
45 2121 13199 0 1777797284 17920
48 2130 6648 0 1777797284 17958
47 2068 16489 0 1777797284 19686
46 2034 12669 0 1777797284 23211
45 2122 5428 0 1777797284 23355
44 1941 9302 0 1777797284 24774
48 2131 7355 0 1777797284 25314
46 2035 7225 0 1777797284 30438
49 1974 25391 0 1777797284 30516
44 1942 7806 0 1777797284 32613
49 1975 2474 0 1777797284 32991
44 1943 1888 0 1777797284 34504
49 1976 2195 0 1777797284 35188
45 2123 13692 0 1777797284 37049
47 2069 18097 0 1777797284 37790
49 1977 3186 0 1777797284 38376
44 1944 5349 0 1777797284 39856
48 2132 16272 0 1777797284 41587
48 2133 2810 0 1777797284 44399
44 1945 6551 0 1777797284 46412
46 2036 15985 0 1777797284 46425
45 2124 9595 0 1777797284 46648
49 1978 10846 0 1777797284 49225
47 2070 11476 0 1777797284 49270
48 2134 6123 0 1777797284 50524
45 2125 6716 0 1777797284 53365
48 2135 3209 0 1777797284 53736
46 2037 8246 0 1777797284 54687
46 2038 3222 0 1777797284 57911
44 1946 11528 0 1777797284 57955
47 2071 9605 0 1777797284 58876
48 2136 6080 0 1777797284 59818
45 2126 8859 0 1777797284 62230
45 2127 3416 0 1777797284 65652
46 2039 10450 0 1777797284 68363
48 2137 9172 0 1777797284 68991
47 2072 12855 0 1777797284 71733
49 1979 22801 0 1777797284 72035
44 1947 14192 0 1777797284 72149
48 2138 6171 0 1777797284 75164
46 2040 6834 0 1777797284 75201
49 1980 7723 0 1777797284 79759
48 2139 4810 0 1777797284 79983
46 2041 5241 0 1777797284 80443
45 2128 17842 0 1777797284 83500
44 1948 13322 0 1777797284 85472
46 2042 5061 0 1777797284 85506
48 2140 5954 0 1777797284 85939
45 2129 5948 0 1777797284 89451
46 2043 8254 0 1777797284 93762
44 1949 8411 0 1777797284 93888
45 2130 4444 0 1777797284 93897
48 2141 13509 0 1777797284 99451
46 2044 10880 0 1777797284 104653
44 1950 13135 0 1777797284 107034
48 2142 8158 0 1777797284 107611
44 1951 2709 0 1777797284 109746
45 2131 22364 0 1777797284 116274
46 2045 14934 0 1777797284 119593
47 2073 49146 0 1777797284 120881
48 2143 14814 0 1777797284 122426
49 1981 43330 0 1777797284 123090
48 2144 9250 0 1777797284 131679
44 1952 21969 0 1777797284 131718
46 2046 12354 0 1777797284 131949
49 1982 8865 0 1777797284 131957
47 2074 11096 0 1777797284 131981
46 2047 3419 0 1777797284 135377
47 2075 4033 0 1777797284 136015
49 1983 4997 0 1777797284 136962
45 2132 21732 0 1777797284 138009
44 1953 6917 0 1777797284 138638
48 2145 8902 0 1777797284 140590
46 2048 6498 0 1777797284 141879
46 2049 7403 0 1777797284 149285
47 2076 13796 0 1777797284 149812
44 1954 12903 0 1777797284 151544
48 2146 13119 0 1777797284 153712
45 2133 16764 0 1777797284 154776
47 2077 4973 0 1777797284 154787
45 2134 7318 0 1777797284 162107
47 2078 7314 0 1777797284 162113
46 2050 13760 0 1777797284 163049
44 1955 12581 0 1777797284 164135
47 2079 9064 0 1777797284 171187
45 2135 11871 0 1777797284 173985
47 2080 3965 0 1777797284 175155
46 2051 12232 0 1777797284 175283
47 2081 1990 0 1777797284 177147
45 2136 4335 0 1777797284 178324
47 2082 1789 0 1777797284 178939
47 2083 696 0 1777797284 179637
47 2084 1008 0 1777797284 180648
47 2085 1189 0 1777797284 181840
45 2137 5140 0 1777797284 183468
44 1956 23641 0 1777797284 187779
47 2086 5994 0 1777797284 187835
46 2052 12730 0 1777797284 188014
49 1984 51067 0 1777797284 188034
47 2087 7212 0 1777797284 195048
49 1985 7082 0 1777797284 195148
46 2053 8994 0 1777797284 197029
45 2138 16305 0 1777797284 199775
44 1957 12762 0 1777797284 200552
49 1986 8653 0 1777797284 203802
47 2088 10386 0 1777797284 205437
49 1987 4229 0 1777797284 208035
44 1958 7703 0 1777797284 208257
46 2054 11523 0 1777797284 208555
49 1988 2953 0 1777797284 210994
49 1989 3683 0 1777797284 214682
44 1959 7028 0 1777797284 215287
46 2055 8395 0 1777797284 216952
49 1990 3597 0 1777797284 218281
47 2089 16730 0 1777797284 222177
49 1991 3887 0 1777797284 222229
45 2139 24173 0 1777797284 223950
47 2090 7215 0 1777797284 229394
45 2140 5640 0 1777797284 229592
49 1992 8165 0 1777797284 230396
48 2147 77954 0 1777797284 231670
49 1993 1559 0 1777797284 231957
47 2091 5405 0 1777797284 234801
45 2141 7262 0 1777797284 236855
48 2148 5565 0 1777797284 237236
45 2142 2141 0 1777797284 239001
47 2092 5911 0 1777797284 240715
45 2143 2864 0 1777797284 241869
47 2093 1824 0 1777797284 242542
48 2149 8443 0 1777797284 245681
49 1994 14509 0 1777797284 246467
49 1995 6827 0 1777797284 253296
45 2144 14190 0 1777797284 256063
48 2150 11156 0 1777797284 256839
45 2145 902 0 1777797284 256967
45 2146 862 0 1777797284 257830
45 2147 1501 0 1777797284 259333
49 1996 6043 0 1777797284 259343
47 2094 18178 0 1777797284 260723
47 2095 905 0 1777797284 261630
49 1997 2913 0 1777797284 262268
49 1998 1849 0 1777797284 264120
45 2148 5255 0 1777797284 264599
47 2096 3351 0 1777797284 264983
45 2149 844 0 1777797284 265445
46 2056 49185 0 1777797284 266139
49 1999 2883 0 1777797284 267006
45 2150 4286 0 1777797284 269733
46 2057 3753 0 1777797284 269894
47 2097 5552 0 1777797284 270537
47 2098 2874 0 1777797284 273415
46 2058 5087 0 1777797284 274983
45 2151 7995 0 1777797284 277739
47 2099 4414 0 1777797284 277831
47 2100 3731 0 1777797284 281564
48 2151 24830 0 1777797284 281671
47 2101 2316 0 1777797284 283885
49 2000 18495 0 1777797284 285506
45 2152 9726 0 1777797284 287467
49 2001 4488 0 1777797284 289996
46 2059 15914 0 1777797284 290904
47 2102 11457 0 1777797284 295346
45 2153 8926 0 1777797284 296396
49 2002 6402 0 1777797284 296403
47 2103 1586 0 1777797284 296934
47 2104 1703 0 1777797284 298639
48 2152 18563 0 1777797284 300235
47 2105 2790 0 1777797284 301431
44 1960 88169 0 1777797284 303461
46 2060 14785 0 1777797284 305694
47 2106 4349 0 1777797284 305783
47 2107 5090 0 1777797284 310875
49 2003 14912 0 1777797284 311329
46 2061 7782 0 1777797284 313480
47 2108 2935 0 1777797284 313812
49 2004 4364 0 1777797284 315695
45 2154 19308 0 1777797284 315712
44 1961 12476 0 1777797284 315939
46 2062 2522 0 1777797284 316004
47 2109 2232 0 1777797284 316045
45 2155 2857 0 1777797284 318570
46 2063 6090 0 1777797284 322095
47 2110 6515 0 1777797284 322562
46 2064 1338 0 1777797284 323435
44 1962 10911 0 1777797284 326851
48 2153 26674 0 1777797284 326911
45 2156 9905 0 1777797284 328481
46 2065 6548 0 1777797284 329987
46 2066 1661 0 1777797284 331652
47 2111 10229 0 1777797284 332792
46 2067 3004 0 1777797284 334659
47 2112 2393 0 1777797284 335188
47 2113 3375 0 1777797284 338564
49 2005 23426 0 1777797284 339123
44 1963 15756 0 1777797284 342610
46 2068 8147 0 1777797284 342811
47 2114 7131 0 1777797284 345698
47 2115 3472 0 1777797284 349173
46 2069 8819 0 1777797284 351631
47 2116 2489 0 1777797284 351664
44 1964 11896 0 1777797284 354518
47 2117 3026 0 1777797284 354691
46 2070 3217 0 1777797284 354850
45 2157 29589 0 1777797284 358080
45 2158 1299 0 1777797284 359385
46 2071 6227 0 1777797284 361080
45 2159 9762 0 1777797284 369154
46 2072 12594 0 1777797284 373680
47 2118 20318 0 1777797284 375012
45 2160 8749 0 1777797284 377907
46 2073 4243 0 1777797284 377925
44 1965 23447 0 1777797284 377968
49 2006 39366 0 1777797284 378494
48 2154 52409 0 1777797284 379321
49 2007 8196 0 1777797284 386691
44 1966 13732 0 1777797284 391701
48 2155 15221 0 1777797284 394545
49 2008 7882 0 1777797284 394580
44 1967 10338 0 1777797284 402046
49 2009 10769 0 1777797284 405350
45 2161 28080 0 1777797284 406007
48 2156 12117 0 1777797284 406663
46 2074 28963 0 1777797284 406912
44 1968 7469 0 1777797284 409519
48 2157 7719 0 1777797284 414383
44 1969 9130 0 1777797284 418651
46 2075 11759 0 1777797284 418673
48 2158 10818 0 1777797284 425203
47 2119 50783 0 1777797284 425797
49 2010 20471 0 1777797284 425823
46 2076 7583 0 1777797284 426257
45 2162 21860 0 1777797284 427869
47 2120 3233 0 1777797284 429034
44 1970 12652 0 1777797284 431305
46 2077 7042 0 1777797284 433305
45 2163 7570 0 1777797284 435442
44 1971 5926 0 1777797284 437235
49 2011 12206 0 1777797284 438030
48 2159 14057 0 1777797284 439262
45 2164 4384 0 1777797284 439827
46 2078 6810 0 1777797284 440118
48 2160 1759 0 1777797284 441024
45 2165 6077 0 1777797284 445906
46 2079 5816 0 1777797284 445937
44 1972 8933 0 1777797284 446242
48 2161 6636 0 1777797284 447666
46 2080 6230 0 1777797284 452169
45 2166 7639 0 1777797284 453547
44 1973 9037 0 1777797284 455281
45 2167 3664 0 1777797284 457213
46 2081 5251 0 1777797284 457423
46 2082 4468 0 1777797284 461899
49 2012 23931 0 1777797284 461963
45 2168 4759 0 1777797284 461975
47 2121 34680 0 1777797284 463717
44 1974 11301 0 1777797284 466584
45 2169 4893 0 1777797284 466868
46 2083 4970 0 1777797284 466872
48 2162 22483 0 1777797284 470151
46 2084 5725 0 1777797284 472603
45 2170 8092 0 1777797284 474965
49 2013 14519 0 1777797284 476483
44 1975 9909 0 1777797284 476494
47 2122 15068 0 1777797284 478791
45 2171 11844 0 1777797284 486810
44 1976 10348 0 1777797284 486843
46 2085 14806 0 1777797284 487412
48 2163 17271 0 1777797284 487423
48 2164 6152 0 1777797284 493577
45 2172 9572 0 1777797284 496387
46 2086 8984 0 1777797284 496397
49 2014 20611 0 1777797284 497096
48 2165 6162 0 1777797284 499740
48 2166 3182 0 1777797284 502933
49 2015 6751 0 1777797284 503847
45 2173 9320 0 1777797284 505718
47 2123 28102 0 1777797284 506894
48 2167 4075 0 1777797284 507009
44 1977 21913 0 1777797284 508757
46 2087 12353 0 1777797284 508765
45 2174 5392 0 1777797284 511111
47 2124 6905 0 1777797284 513800
48 2168 6926 0 1777797284 513935
45 2175 3500 0 1777797284 514612
46 2088 16540 0 1777797284 525312
45 2176 10724 0 1777797284 525337
49 2016 23745 0 1777797284 527593
47 2125 17023 0 1777797284 530825
47 2126 2165 0 1777797284 532992
44 1978 25885 0 1777797284 534650
48 2169 20837 0 1777797284 534774
44 1979 14589 0 1777797284 549241
48 2170 16497 0 1777797284 551272
49 2017 24047 0 1777797284 551642
44 1980 8864 0 1777797284 558110
45 2177 39970 0 1777797284 565308
46 2089 40002 0 1777797284 565318
49 2018 17355 0 1777797284 569001
45 2178 3777 0 1777797284 569098
48 2171 17834 0 1777797284 569109
46 2090 3828 0 1777797284 569161
48 2172 2878 0 1777797284 572022
44 1981 16639 0 1777797284 574762
45 2179 9734 0 1777797284 578844
46 2091 9690 0 1777797284 578852
48 2173 11024 0 1777797284 583050
45 2180 7911 0 1777797284 586766
48 2174 6225 0 1777797284 589282
44 1982 14559 0 1777797284 589323
46 2092 11868 0 1777797284 590745
45 2181 5255 0 1777797284 592030
44 1983 10759 0 1777797284 600084
45 2182 11539 0 1777797284 603575
45 2183 4578 0 1777797284 608158
44 1984 9786 0 1777797284 609876
45 2184 3613 0 1777797284 611774
45 2185 2414 0 1777797284 614194
45 2186 1179 0 1777797284 615376
45 2187 3262 0 1777797284 618641
45 2188 4277 0 1777797284 622923
49 2019 55380 0 1777797284 624392
46 2093 39741 0 1777797284 630488
48 2175 43667 0 1777797284 632951
45 2189 10605 0 1777797284 633530
48 2176 5745 0 1777797284 638699
44 1985 29725 0 1777797284 639613
46 2094 12040 0 1777797284 642537
44 1986 4299 0 1777797284 643914
49 2020 30613 0 1777797284 655010
44 1987 12297 0 1777797284 656215
45 2190 22695 0 1777797284 656228
46 2095 14182 0 1777797284 656723
47 2127 131239 0 1777797284 664232
44 1988 8968 0 1777797284 665197
45 2191 8966 0 1777797284 665207
49 2021 10802 0 1777797284 665836
48 2177 32223 0 1777797284 670929
46 2096 14531 0 1777797284 671256
44 1989 8772 0 1777797284 673980
47 2128 9806 0 1777797284 674040
46 2097 11339 0 1777797284 682597
44 1990 9037 0 1777797284 683021
47 2129 14320 0 1777797284 688362
45 2192 23733 0 1777797284 688963
48 2178 18068 0 1777797284 689009
49 2022 23423 0 1777797284 689262
48 2179 7899 0 1777797284 696909
49 2023 7746 0 1777797284 697009
45 2193 8071 0 1777797284 697036
46 2098 17788 0 1777797284 700388
47 2130 12035 0 1777797284 700400
44 1991 21302 0 1777797284 704328
48 2180 9422 0 1777797284 706334
46 2099 13105 0 1777797284 713506
48 2181 7189 0 1777797284 713525
45 2194 16712 0 1777797284 713749
44 1992 18301 0 1777797284 722637
49 2024 25651 0 1777797284 722661
48 2182 20265 0 1777797284 733808
46 2100 20387 0 1777797284 733914
45 2195 25363 0 1777797284 739114
47 2131 38639 0 1777797284 739123
44 1993 17725 0 1777797284 740387
49 2025 17723 0 1777797284 740405
48 2183 19985 0 1777797284 753855
46 2101 20011 0 1777797284 753927
44 1994 24106 0 1777797284 764495
47 2132 25384 0 1777797284 764521
45 2196 25433 0 1777797284 764557
49 2026 28251 0 1777797284 768657
46 2102 19526 0 1777797284 773454
45 2197 13765 0 1777797284 778323
48 2184 24474 0 1777797284 778331
44 1995 14273 0 1777797284 778795
47 2133 14282 0 1777797284 778813
46 2103 7733 0 1777797284 781190
49 2027 12748 0 1777797284 781407
48 2185 4812 0 1777797284 783154
46 2104 2077 0 1777797284 783269
44 1996 4548 0 1777797284 783345
47 2134 6800 0 1777797284 785614
48 2186 2528 0 1777797284 785685
44 1997 3152 0 1777797284 786498
46 2105 4962 0 1777797284 788232
47 2135 2664 0 1777797284 788286
48 2187 5960 0 1777797284 791647
44 1998 5214 0 1777797284 791715
48 2188 2198 0 1777797284 793852
47 2136 6396 0 1777797284 794683
46 2106 6480 0 1777797284 794721
44 1999 3369 0 1777797284 795087
46 2107 1749 0 1777797284 796471
44 2000 2058 0 1777797284 797147
47 2137 2466 0 1777797284 797158
46 2108 2464 0 1777797284 798940
45 2198 21426 0 1777797284 799758
44 2001 3815 0 1777797284 800974
46 2109 2566 0 1777797284 801508
46 2110 1187 0 1777797284 802697
44 2002 2240 0 1777797284 803220
44 2003 2487 0 1777797284 805712
45 2199 6105 0 1777797284 805865
47 2138 8882 0 1777797284 806055
46 2111 4034 0 1777797284 806734
46 2112 1183 0 1777797284 807919
46 2113 2487 0 1777797284 810421
45 2200 5170 0 1777797284 811037
46 2114 1961 0 1777797284 812385
47 2139 6335 0 1777797284 812392
44 2004 6706 0 1777797284 812420
44 2005 2757 0 1777797284 815177
45 2201 11711 0 1777797284 822751
48 2189 28905 0 1777797284 822759
44 2006 7758 0 1777797284 822939
46 2115 10552 0 1777797284 822945
47 2140 10548 0 1777797284 822951
49 2028 41548 0 1777797284 822957
46 2116 4262 0 1777797284 827230
49 2029 5791 0 1777797284 828784
46 2117 2409 0 1777797284 829641
46 2118 2530 0 1777797284 832173
44 2007 9314 0 1777797284 832272
45 2202 9517 0 1777797284 832277
49 2030 3494 0 1777797284 832281
47 2141 13177 0 1777797284 836152
44 2008 3935 0 1777797284 836217
46 2119 4054 0 1777797284 836229
45 2203 5522 0 1777797284 837811
46 2120 4969 0 1777797284 841220
48 2190 18502 0 1777797284 841270
45 2204 5031 0 1777797284 842847
44 2009 7595 0 1777797284 843825
46 2121 4074 0 1777797284 845296
47 2142 10314 0 1777797284 846471
48 2191 6553 0 1777797284 847825
45 2205 6640 0 1777797284 849489
48 2192 1698 0 1777797284 849525
49 2031 17519 0 1777797284 849814
45 2206 1835 0 1777797284 851326
48 2193 5863 0 1777797284 855390
48 2194 1665 0 1777797284 857061
48 2195 3439 0 1777797284 860502
44 2010 20698 0 1777797284 864525
47 2143 19957 0 1777797284 866435
48 2196 6946 0 1777797284 867452
49 2032 20438 0 1777797284 870255
44 2011 7594 0 1777797284 872130
46 2122 27236 0 1777797284 872541
48 2197 5135 0 1777797284 872588
47 2144 8518 0 1777797284 874955
48 2198 2379 0 1777797284 874968
49 2033 5104 0 1777797284 875365
44 2012 5452 0 1777797284 877590
46 2123 5055 0 1777797284 877597
48 2199 6549 0 1777797284 881533
47 2145 8681 0 1777797284 883651
46 2124 6387 0 1777797284 883994
44 2013 7161 0 1777797284 884759
46 2125 3252 0 1777797284 887248
44 2014 3529 0 1777797284 888292
49 2034 16016 0 1777797284 891383
48 2200 10754 0 1777797284 892290
44 2015 6924 0 1777797284 895219
48 2201 3853 0 1777797284 896145
46 2126 8947 0 1777797284 896197
47 2146 13824 0 1777797284 897477
44 2016 2442 0 1777797284 897663
48 2202 2697 0 1777797284 898847
44 2017 2275 0 1777797284 899939
47 2147 4149 0 1777797284 901628
46 2127 5704 0 1777797284 901902
44 2018 4610 0 1777797284 904551
47 2148 3421 0 1777797284 905051
48 2203 6500 0 1777797284 905349
49 2035 15067 0 1777797284 906452
48 2204 2989 0 1777797284 908342
49 2036 2765 0 1777797284 909219
44 2019 6605 0 1777797284 911158
48 2205 2822 0 1777797284 911166
49 2037 4955 0 1777797284 914177
48 2206 5009 0 1777797284 916190
47 2149 11994 0 1777797284 917050
44 2020 7492 0 1777797284 918659
48 2207 2476 0 1777797284 918667
46 2128 20449 0 1777797284 922352
48 2208 6488 0 1777797284 925165
48 2209 3340 0 1777797284 928508
46 2129 6351 0 1777797284 928705
44 2021 11606 0 1777797284 930274
48 2210 7250 0 1777797284 935761
49 2038 21771 0 1777797284 935950
47 2150 20283 0 1777797284 938702
49 2039 9646 0 1777797284 945598
48 2211 10093 0 1777797284 945855
44 2022 15865 0 1777797284 946142
47 2151 7449 0 1777797284 946158
45 2207 98048 0 1777797284 949378
49 2040 5972 0 1777797284 951581
44 2023 7539 0 1777797284 953682
46 2130 26255 0 1777797284 954962
49 2041 5794 0 1777797284 957376
45 2208 9535 0 1777797284 958916
48 2212 13098 0 1777797284 958954
49 2042 3343 0 1777797284 960721
45 2209 4394 0 1777797284 963312
48 2213 6717 0 1777797284 965672
46 2131 10915 0 1777797284 965879
44 2024 13186 0 1777797284 966873
49 2043 6888 0 1777797284 967611
45 2210 5290 0 1777797284 968606
46 2132 2791 0 1777797284 968671
48 2214 4809 0 1777797284 970483
47 2152 25622 0 1777797284 971781
46 2133 13771 0 1777797284 982443
49 2044 14838 0 1777797284 982451
47 2153 10798 0 1777797284 982582
45 2211 14384 0 1777797284 982992
49 2045 4160 0 1777797284 986628
48 2215 18407 0 1777797284 988894
44 2025 23016 0 1777797284 989893
46 2134 8183 0 1777797284 990635
45 2212 9257 0 1777797284 992254
44 2026 3158 0 1777797284 993057
48 2216 5947 0 1777797284 994845
49 2046 8240 0 1777797284 994872
47 2154 14874 0 1777797284 997458
46 2135 8703 0 1777797284 999340
45 2213 9274 0 1777797285 1531
49 2047 9744 0 1777797285 4618
47 2155 7420 0 1777797285 4883
48 2217 10404 0 1777797285 5251
44 2027 13888 0 1777797285 6948
48 2218 6894 0 1777797285 12148
45 2214 12035 0 1777797285 13567
46 2136 14281 0 1777797285 13626
44 2028 8686 0 1777797285 15644
47 2156 17933 0 1777797285 22820
49 2048 18214 0 1777797285 22834
48 2219 10704 0 1777797285 22870
45 2215 10776 0 1777797285 24348
48 2220 8544 0 1777797285 31416
46 2137 18575 0 1777797285 32203
45 2216 11043 0 1777797285 35400
46 2138 8238 0 1777797285 40444
47 2157 17618 0 1777797285 40453
48 2221 9528 0 1777797285 40946
45 2217 5806 0 1777797285 41209
44 2029 27919 0 1777797285 43572
47 2158 3180 0 1777797285 43644
47 2159 3992 0 1777797285 47637
45 2218 6898 0 1777797285 48108
46 2139 8892 0 1777797285 49346
48 2222 11442 0 1777797285 52390
46 2140 5248 0 1777797285 54597
47 2160 6970 0 1777797285 54609
45 2219 10482 0 1777797285 58592
46 2141 6318 0 1777797285 60928
47 2161 6419 0 1777797285 61045
45 2220 4385 0 1777797285 62981
48 2223 11359 0 1777797285 63752
48 2224 5627 0 1777797285 69382
46 2142 13152 0 1777797285 74082
47 2162 13175 0 1777797285 74221
45 2221 11436 0 1777797285 74424
44 2030 30899 0 1777797285 74480
45 2222 4724 0 1777797285 79149
48 2225 10211 0 1777797285 79595
46 2143 6404 0 1777797285 80498
47 2163 12397 0 1777797285 86620
45 2223 9439 0 1777797285 88591
46 2144 8331 0 1777797285 88831
46 2145 2939 0 1777797285 91772
48 2226 13830 0 1777797285 93427
47 2164 7747 0 1777797285 94369
45 2224 6432 0 1777797285 95031
46 2146 3571 0 1777797285 95345
44 2031 26665 0 1777797285 101146
47 2165 6784 0 1777797285 101155
48 2227 7724 0 1777797285 101162
49 2049 81092 0 1777797285 103942
45 2225 10499 0 1777797285 105534
48 2228 5973 0 1777797285 107155
46 2147 11874 0 1777797285 107221
46 2148 5514 0 1777797285 112738
48 2229 5582 0 1777797285 112745
45 2226 7892 0 1777797285 113428
47 2166 12845 0 1777797285 114018
46 2149 6869 0 1777797285 119616
47 2167 10826 0 1777797285 124848
48 2230 14614 0 1777797285 127379
45 2227 16048 0 1777797285 129479
46 2150 9876 0 1777797285 129494
47 2168 11322 0 1777797285 136174
45 2228 8150 0 1777797285 137646
46 2151 17911 0 1777797285 147415
47 2169 11349 0 1777797285 147524
45 2229 11463 0 1777797285 149111
48 2231 21844 0 1777797285 149225
47 2170 7691 0 1777797285 155216
46 2152 8445 0 1777797285 155862
49 2050 52890 0 1777797285 156835
44 2032 55691 0 1777797285 156854
48 2232 8357 0 1777797285 157583
44 2033 6285 0 1777797285 163141
48 2233 5566 0 1777797285 163150
45 2230 14129 0 1777797285 163242
46 2153 7943 0 1777797285 163808
48 2234 1693 0 1777797285 164853
44 2034 2672 0 1777797285 165824
47 2171 13591 0 1777797285 168888
48 2235 4439 0 1777797285 169294
44 2035 4208 0 1777797285 170034
49 2051 15380 0 1777797285 172218
46 2154 9389 0 1777797285 173198
47 2172 4569 0 1777797285 173460
44 2036 3854 0 1777797285 173897
45 2231 11669 0 1777797285 174955
44 2037 3687 0 1777797285 177586
48 2236 8414 0 1777797285 177710
46 2155 5684 0 1777797285 178886
49 2052 6673 0 1777797285 178894
47 2173 5745 0 1777797285 179206
46 2156 3758 0 1777797285 182653
44 2038 7439 0 1777797285 185028
47 2174 12077 0 1777797285 191284
49 2053 15007 0 1777797285 193914
46 2157 11363 0 1777797285 194019
44 2039 9433 0 1777797285 194466
45 2232 20079 0 1777797285 195039
44 2040 10497 0 1777797285 204966
49 2054 11143 0 1777797285 205059
46 2158 11250 0 1777797285 205270
48 2237 27566 0 1777797285 205277
45 2233 11489 0 1777797285 206531
47 2175 21150 0 1777797285 212436
48 2238 8014 0 1777797285 213300
49 2055 8247 0 1777797285 213309
44 2041 10300 0 1777797285 215268
49 2056 1960 0 1777797285 215282
48 2239 2278 0 1777797285 215588
49 2057 5210 0 1777797285 220511
44 2042 5815 0 1777797285 221098
49 2058 1802 0 1777797285 222321
48 2240 7744 0 1777797285 223337
45 2234 17957 0 1777797285 224491
44 2043 7793 0 1777797285 228897
48 2241 5580 0 1777797285 228923
46 2159 24697 0 1777797285 229975
49 2059 8612 0 1777797285 230951
47 2176 19136 0 1777797285 231575
45 2235 9211 0 1777797285 233707
47 2177 4601 0 1777797285 236182
48 2242 7356 0 1777797285 236288
44 2044 8130 0 1777797285 237054
46 2160 7589 0 1777797285 237566
49 2060 8250 0 1777797285 239206
47 2178 10984 0 1777797285 247214
44 2045 10553 0 1777797285 247613
46 2161 10058 0 1777797285 247630
46 2162 2115 0 1777797285 249747
48 2243 17602 0 1777797285 253891
45 2236 20415 0 1777797285 254125
44 2046 6968 0 1777797285 254583
49 2061 16159 0 1777797285 255367
49 2062 1304 0 1777797285 256677
49 2063 1610 0 1777797285 258289
46 2163 8598 0 1777797285 258347
46 2164 3952 0 1777797285 262300
49 2064 4029 0 1777797285 262320
44 2047 8167 0 1777797285 262759
46 2165 3386 0 1777797285 265708
49 2065 3793 0 1777797285 266127
46 2166 5306 0 1777797285 271017
49 2066 4924 0 1777797285 271053
48 2244 18484 0 1777797285 272384
48 2245 5906 0 1777797285 278294
49 2067 7630 0 1777797285 278696
48 2246 2091 0 1777797285 280387
46 2167 10094 0 1777797285 281149
48 2247 1305 0 1777797285 281696
48 2248 693 0 1777797285 282391
44 2048 24559 0 1777797285 287320
45 2237 33202 0 1777797285 287328
46 2168 6202 0 1777797285 287353
48 2249 4970 0 1777797285 287362
49 2068 10499 0 1777797285 289197
48 2250 2069 0 1777797285 289453
48 2251 1804 0 1777797285 291260
45 2238 13288 0 1777797285 300659
46 2169 13288 0 1777797285 300666
44 2049 15579 0 1777797285 302943
47 2179 56484 0 1777797285 303708
48 2252 13124 0 1777797285 304390
44 2050 5586 0 1777797285 308544
45 2239 7912 0 1777797285 308580
47 2180 4881 0 1777797285 308590
46 2170 7957 0 1777797285 308636
48 2253 5041 0 1777797285 309435
44 2051 4023 0 1777797285 312570
48 2254 3149 0 1777797285 312586
45 2240 4573 0 1777797285 313164
46 2171 5763 0 1777797285 314400
45 2241 4799 0 1777797285 317966
48 2255 5911 0 1777797285 318511
47 2181 10561 0 1777797285 319166
47 2182 2034 0 1777797285 321202
46 2172 7037 0 1777797285 321439
45 2242 4069 0 1777797285 322037
48 2256 4335 0 1777797285 322850
46 2173 4107 0 1777797285 325549
48 2257 3053 0 1777797285 325909
46 2174 1151 0 1777797285 326703
45 2243 5142 0 1777797285 327182
44 2052 15476 0 1777797285 328063
48 2258 4363 0 1777797285 330274
45 2244 3363 0 1777797285 330547
46 2175 4449 0 1777797285 331154
48 2259 2853 0 1777797285 333129
46 2176 4087 0 1777797285 335245
44 2053 8484 0 1777797285 336552
47 2183 17413 0 1777797285 338618
47 2184 13271 0 1777797285 351894
44 2054 21437 0 1777797285 357990
45 2245 27446 0 1777797285 357995
46 2177 22750 0 1777797285 357999
48 2260 24872 0 1777797285 358003
48 2261 6388 0 1777797285 364407
45 2246 7522 0 1777797285 365531
48 2262 2389 0 1777797285 366798
44 2055 13274 0 1777797285 371278
46 2178 13410 0 1777797285 371424
45 2247 8607 0 1777797285 374141
45 2248 640 0 1777797285 374785
44 2056 4165 0 1777797285 375444
45 2249 1232 0 1777797285 376021
48 2263 9338 0 1777797285 376805
45 2250 1102 0 1777797285 377128
45 2251 1420 0 1777797285 378552
46 2179 8629 0 1777797285 380054
48 2264 6870 0 1777797285 383681
44 2057 9995 0 1777797285 385455
47 2185 33577 0 1777797285 385473
45 2252 10518 0 1777797285 389074
45 2253 2114 0 1777797285 391192
45 2254 1477 0 1777797285 392675
44 2058 7847 0 1777797285 393322
45 2255 2777 0 1777797285 395454
46 2180 15794 0 1777797285 395852
48 2265 12468 0 1777797285 396152
44 2059 3047 0 1777797285 396373
44 2060 9792 0 1777797285 406167
46 2181 10731 0 1777797285 406584
48 2266 10437 0 1777797285 406591
49 2069 117396 0 1777797285 406598
45 2256 11639 0 1777797285 407097
44 2061 6126 0 1777797285 412295
49 2070 6997 0 1777797285 413614
48 2267 7543 0 1777797285 414152
45 2257 7599 0 1777797285 414700
44 2062 10313 0 1777797285 422615
45 2258 7929 0 1777797285 422631
46 2182 16041 0 1777797285 422640
48 2268 8493 0 1777797285 422647
49 2071 9039 0 1777797285 422655
45 2259 5688 0 1777797285 428374
46 2183 5697 0 1777797285 428392
44 2063 6372 0 1777797285 429028
49 2072 6916 0 1777797285 429692
45 2260 4121 0 1777797285 432515
46 2184 4117 0 1777797285 432523
49 2073 7428 0 1777797285 437122
44 2064 11967 0 1777797285 440997
45 2261 8480 0 1777797285 441004
48 2269 18654 0 1777797285 441421
46 2185 9122 0 1777797285 441655
44 2065 4753 0 1777797285 445759
45 2262 4754 0 1777797285 445768
49 2074 9647 0 1777797285 446774
44 2066 9656 0 1777797285 455425
45 2263 9650 0 1777797285 455433
46 2186 13783 0 1777797285 455439
49 2075 8676 0 1777797285 455452
47 2186 76716 0 1777797285 462200
48 2270 20801 0 1777797285 462224
45 2264 13322 0 1777797285 468811
46 2187 13483 0 1777797285 468981
48 2271 7302 0 1777797285 469527
44 2067 14290 0 1777797285 469744
47 2187 7550 0 1777797285 469752
49 2076 15382 0 1777797285 470894
45 2265 4713 0 1777797285 473526
46 2188 5614 0 1777797285 474597
45 2266 5202 0 1777797285 478731
48 2272 9842 0 1777797285 479371
46 2189 4842 0 1777797285 479442
47 2188 18990 0 1777797285 488754
49 2077 17966 0 1777797285 488895
45 2267 10493 0 1777797285 489227
46 2190 9815 0 1777797285 489259
48 2273 10214 0 1777797285 489590
44 2068 19864 0 1777797285 489617
49 2078 6514 0 1777797285 495410
46 2191 6334 0 1777797285 495595
48 2274 6048 0 1777797285 495640
45 2268 6809 0 1777797285 496039
47 2189 10282 0 1777797285 499039
49 2079 3659 0 1777797285 499079
46 2192 9604 0 1777797285 505201
48 2275 10254 0 1777797285 505895
45 2269 9877 0 1777797285 505917
47 2190 7319 0 1777797285 506365
44 2069 18449 0 1777797285 508068
47 2191 5738 0 1777797285 512105
48 2276 6221 0 1777797285 512118
45 2270 8996 0 1777797285 514914
46 2193 9711 0 1777797285 514922
46 2194 7194 0 1777797285 522128
45 2271 7511 0 1777797285 522434
48 2277 10392 0 1777797285 522538
47 2192 13609 0 1777797285 525728
45 2272 6476 0 1777797285 528915
44 2070 24375 0 1777797285 532445
49 2080 33869 0 1777797285 532951
46 2195 14942 0 1777797285 537072
45 2273 12655 0 1777797285 541572
49 2081 9490 0 1777797285 542445
46 2196 7072 0 1777797285 544148
48 2278 22059 0 1777797285 544598
45 2274 7636 0 1777797285 549210
44 2071 21037 0 1777797285 553493
46 2197 18734 0 1777797285 562891
48 2279 18416 0 1777797285 563019
49 2082 20880 0 1777797285 563332
46 2198 4093 0 1777797285 566986
44 2072 36731 0 1777797285 590233
45 2275 41028 0 1777797285 590242
48 2280 27230 0 1777797285 590250
49 2083 26923 0 1777797285 590256
47 2193 66966 0 1777797285 592697
44 2073 4816 0 1777797285 595074
45 2276 5592 0 1777797285 595863
46 2199 32491 0 1777797285 599502
49 2084 9196 0 1777797285 599543
45 2277 6042 0 1777797285 601908
48 2281 12783 0 1777797285 603113
44 2074 8364 0 1777797285 603440
47 2194 18246 0 1777797285 610952
45 2278 9227 0 1777797285 611137
46 2200 18018 0 1777797285 617532
45 2279 7629 0 1777797285 618768
44 2075 18078 0 1777797285 621519
46 2201 7673 0 1777797285 625206
47 2195 16696 0 1777797285 627651
46 2202 4716 0 1777797285 630000
46 2203 8548 0 1777797285 638555
47 2196 11361 0 1777797285 639015
49 2085 39701 0 1777797285 639246
48 2282 36954 0 1777797285 640070
44 2076 22259 0 1777797285 643780
47 2197 5240 0 1777797285 644257
46 2204 7135 0 1777797285 645693
45 2280 29517 0 1777797285 648287
47 2198 6519 0 1777797285 650778
45 2281 3534 0 1777797285 651826
46 2205 7162 0 1777797285 652857
44 2077 20896 0 1777797285 664679
45 2282 12870 0 1777797285 664699
46 2206 11849 0 1777797285 664707
49 2086 25467 0 1777797285 664714
47 2199 15160 0 1777797285 665940
48 2283 25876 0 1777797285 665949
44 2078 6092 0 1777797285 670808
45 2283 6081 0 1777797285 670816
46 2207 6079 0 1777797285 670823
49 2087 6102 0 1777797285 670855
47 2200 5468 0 1777797285 671418
48 2284 7797 0 1777797285 673757
44 2079 14005 0 1777797285 684861
45 2284 14002 0 1777797285 684872
46 2208 14069 0 1777797285 684948
47 2201 13539 0 1777797285 684958
49 2088 14074 0 1777797285 684965
46 2209 4688 0 1777797285 689672
48 2285 15933 0 1777797285 689698
49 2089 10076 0 1777797285 695076
46 2210 7366 0 1777797285 697065
48 2286 7341 0 1777797285 697072
44 2080 14450 0 1777797285 699416
48 2287 2340 0 1777797285 699425
45 2285 18300 0 1777797285 703276
46 2211 6222 0 1777797285 703295
47 2202 18312 0 1777797285 703303
48 2288 3867 0 1777797285 703310
44 2081 5450 0 1777797285 704876
45 2286 4911 0 1777797285 708222
49 2090 13151 0 1777797285 708229
48 2289 7208 0 1777797285 710732
44 2082 7990 0 1777797285 712872
49 2091 6145 0 1777797285 714392
46 2212 12346 0 1777797285 715734
44 2083 4091 0 1777797285 716968
46 2213 5257 0 1777797285 720994
47 2203 20578 0 1777797285 724070
45 2287 16471 0 1777797285 724701
47 2204 1623 0 1777797285 725695
47 2205 929 0 1777797285 726627
44 2084 9964 0 1777797285 726935
46 2214 6846 0 1777797285 727845
45 2288 4174 0 1777797285 728879
44 2085 5479 0 1777797285 732416
49 2092 18813 0 1777797285 733207
49 2093 2032 0 1777797285 735243
46 2215 14379 0 1777797285 742227
49 2094 7060 0 1777797285 742309
45 2289 13475 0 1777797285 742361
47 2206 15794 0 1777797285 742423
44 2086 13751 0 1777797285 746170
46 2216 3943 0 1777797285 746178
45 2290 10473 0 1777797285 752836
47 2207 10428 0 1777797285 752853
46 2217 6720 0 1777797285 752911
44 2087 6960 0 1777797285 753139
49 2095 12441 0 1777797285 754752
48 2290 48359 0 1777797285 759093
49 2096 7620 0 1777797285 762378
45 2291 9693 0 1777797285 762547
44 2088 10870 0 1777797285 764011
48 2291 6616 0 1777797285 765712
46 2218 13878 0 1777797285 766791
45 2292 5981 0 1777797285 768539
47 2208 15674 0 1777797285 768549
49 2097 6835 0 1777797285 769215
44 2089 8860 0 1777797285 772873
48 2292 8906 0 1777797285 774622
47 2209 8018 0 1777797285 776580
48 2293 2585 0 1777797285 777210
46 2219 12300 0 1777797285 779094
48 2294 4770 0 1777797285 781983
45 2293 13473 0 1777797285 782024
48 2295 8106 0 1777797285 790102
47 2210 14792 0 1777797285 791377
44 2090 19480 0 1777797285 792361
46 2220 13271 0 1777797285 792371
45 2294 12181 0 1777797285 794207
47 2211 7415 0 1777797285 798796
48 2296 8762 0 1777797285 798866
49 2098 29670 0 1777797285 798888
44 2091 11762 0 1777797285 804134
46 2221 11941 0 1777797285 804328
46 2222 8922 0 1777797285 813251
45 2295 19383 0 1777797285 813595
49 2099 14742 0 1777797285 813645
44 2092 10232 0 1777797285 814369
48 2297 15486 0 1777797285 814375
45 2296 5800 0 1777797285 819400
48 2298 13019 0 1777797285 827401
46 2223 15207 0 1777797285 828461
49 2100 16206 0 1777797285 829852
44 2093 15635 0 1777797285 830011
47 2212 32875 0 1777797285 831684
45 2297 18524 0 1777797285 837937
48 2299 14360 0 1777797285 841763
44 2094 13765 0 1777797285 843777
46 2224 15322 0 1777797285 843790
49 2101 13942 0 1777797285 843796
47 2213 12158 0 1777797285 843844
48 2300 7046 0 1777797285 848812
45 2298 10910 0 1777797285 848850
44 2095 6580 0 1777797285 850377
47 2214 7756 0 1777797285 851603
48 2301 11353 0 1777797285 860169
44 2096 9908 0 1777797285 860291
46 2225 16490 0 1777797285 860297
49 2102 17174 0 1777797285 860989
47 2215 13726 0 1777797285 865347
44 2097 5554 0 1777797285 865852
48 2302 5708 0 1777797285 865880
45 2299 18625 0 1777797285 867478
47 2216 7318 0 1777797285 872667
44 2098 7589 0 1777797285 873444
48 2303 10982 0 1777797285 876863
45 2300 12071 0 1777797285 879559
49 2103 21621 0 1777797285 882660
46 2226 22454 0 1777797285 882761
44 2099 9380 0 1777797285 882827
48 2304 8083 0 1777797285 884951
45 2301 10801 0 1777797285 890386
48 2305 5666 0 1777797285 890619
49 2104 10706 0 1777797285 893369
47 2217 21135 0 1777797285 893804
46 2227 11168 0 1777797285 893931
44 2100 21432 0 1777797285 904261
46 2228 30204 0 1777797285 924136
44 2101 20115 0 1777797285 924377
48 2306 41492 0 1777797285 932112
46 2229 8607 0 1777797285 932747
44 2102 12143 0 1777797285 936521
48 2307 10051 0 1777797285 942165
46 2230 10514 0 1777797285 943262
45 2302 52888 0 1777797285 943276
49 2105 49910 0 1777797285 943280
47 2218 51265 0 1777797285 945070
46 2231 3027 0 1777797285 946290
44 2103 10811 0 1777797285 947333
49 2106 6493 0 1777797285 949779
45 2303 6974 0 1777797285 950255
45 2304 3086 0 1777797285 953345
46 2232 10085 0 1777797285 956377
45 2305 3201 0 1777797285 956548
48 2308 14847 0 1777797285 957015
49 2107 7379 0 1777797285 957161
44 2104 10256 0 1777797285 957590
46 2233 7203 0 1777797285 963582
47 2219 18522 0 1777797285 963593
45 2306 7077 0 1777797285 963627
48 2309 8454 0 1777797285 965470
44 2105 10501 0 1777797285 968094
47 2220 6766 0 1777797285 970370
46 2234 7301 0 1777797285 970895
49 2108 19798 0 1777797285 976961
48 2310 12892 0 1777797285 978364
47 2221 8444 0 1777797285 978816
46 2235 10334 0 1777797285 981230
48 2311 4449 0 1777797285 982814
47 2222 4781 0 1777797285 983602
46 2236 6532 0 1777797285 987765
48 2312 5316 0 1777797285 988132
48 2313 2559 0 1777797285 990693
44 2106 22845 0 1777797285 990943
48 2314 1863 0 1777797285 992560
46 2237 6148 0 1777797285 993924
47 2223 11339 0 1777797285 994943
47 2224 10847 0 1777797286 5794
48 2315 14203 0 1777797286 6766
49 2109 29855 0 1777797286 6818
44 2107 16810 0 1777797286 7754
47 2225 2636 0 1777797286 8433
48 2316 2569 0 1777797286 9337
46 2238 21654 0 1777797286 15580
48 2317 8132 0 1777797286 17473
47 2226 9301 0 1777797286 17736
45 2307 54239 0 1777797286 17867
49 2110 13132 0 1777797286 19952
44 2108 12380 0 1777797286 20138
49 2111 2659 0 1777797286 22613
48 2318 5361 0 1777797286 22836
44 2109 4300 0 1777797286 24448
46 2239 12393 0 1777797286 27975
48 2319 6136 0 1777797286 28974
47 2227 11615 0 1777797286 29352
46 2240 2935 0 1777797286 30913
45 2308 14295 0 1777797286 32165
44 2110 14539 0 1777797286 38992
48 2320 10733 0 1777797286 39713
49 2112 19148 0 1777797286 41766
46 2241 10942 0 1777797286 41857
45 2309 9936 0 1777797286 42103
48 2321 3363 0 1777797286 43079
47 2228 14540 0 1777797286 43894
46 2242 3261 0 1777797286 45120
47 2229 2456 0 1777797286 46355
48 2322 6615 0 1777797286 49696
44 2111 11073 0 1777797286 50075
47 2230 7081 0 1777797286 53438
49 2113 12322 0 1777797286 54090
45 2310 12627 0 1777797286 54731
49 2114 3554 0 1777797286 57645
45 2311 2943 0 1777797286 57676
47 2231 4435 0 1777797286 57875
44 2112 8331 0 1777797286 58408
47 2232 1536 0 1777797286 59413
48 2323 10209 0 1777797286 59907
46 2243 15013 0 1777797286 60139
45 2312 3387 0 1777797286 61066
49 2115 4146 0 1777797286 61793
45 2313 2035 0 1777797286 63105
49 2116 2404 0 1777797286 64203
46 2244 8888 0 1777797286 69028
48 2324 11228 0 1777797286 71136
46 2245 2905 0 1777797286 71937
45 2314 9521 0 1777797286 72627
49 2117 9466 0 1777797286 73671
45 2315 4067 0 1777797286 76699
49 2118 4366 0 1777797286 78040
46 2246 6871 0 1777797286 78811
44 2113 21197 0 1777797286 79607
47 2233 20617 0 1777797286 80032
49 2119 2389 0 1777797286 80430
45 2316 5451 0 1777797286 82155
47 2234 2131 0 1777797286 82166
44 2114 4656 0 1777797286 84266
49 2120 5388 0 1777797286 85822
44 2115 1683 0 1777797286 85952
46 2247 8881 0 1777797286 87694
47 2235 7315 0 1777797286 89493
45 2317 9641 0 1777797286 91808
47 2236 4323 0 1777797286 93817
46 2248 8033 0 1777797286 95731
47 2237 3406 0 1777797286 97227
45 2318 5499 0 1777797286 97310
47 2238 1742 0 1777797286 99020
47 2239 8962 0 1777797286 107984
49 2121 22270 0 1777797286 108094
44 2116 22262 0 1777797286 108215
46 2249 17916 0 1777797286 113650
47 2240 7010 0 1777797286 114996
47 2241 4596 0 1777797286 119595
49 2122 14205 0 1777797286 122301
44 2117 14426 0 1777797286 122643
47 2242 4518 0 1777797286 124114
49 2123 4620 0 1777797286 126939
47 2243 4731 0 1777797286 128847
46 2250 15392 0 1777797286 129044
44 2118 7591 0 1777797286 130236
44 2119 1239 0 1777797286 131479
47 2244 3443 0 1777797286 132292
46 2251 4796 0 1777797286 133841
44 2120 2474 0 1777797286 133955
44 2121 3581 0 1777797286 137538
47 2245 7009 0 1777797286 139303
44 2122 2518 0 1777797286 140059
49 2124 15426 0 1777797286 142369
46 2252 13166 0 1777797286 147009
45 2319 49912 0 1777797286 147223
47 2246 7936 0 1777797286 147241
44 2123 7593 0 1777797286 147659
48 2325 76894 0 1777797286 148032
48 2326 3343 0 1777797286 151379
47 2247 6122 0 1777797286 153364
44 2124 6078 0 1777797286 153738
48 2327 6967 0 1777797286 158351
47 2248 5230 0 1777797286 158596
44 2125 5081 0 1777797286 158821
49 2125 19318 0 1777797286 161689
46 2253 18554 0 1777797286 165574
44 2126 8648 0 1777797286 167472
48 2328 9361 0 1777797286 167717
47 2249 9744 0 1777797286 168341
46 2254 5911 0 1777797286 171488
48 2329 4930 0 1777797286 172648
49 2126 15485 0 1777797286 177177
44 2127 9888 0 1777797286 177362
45 2320 31711 0 1777797286 178936
47 2250 10617 0 1777797286 178964
48 2330 7816 0 1777797286 180466
44 2128 9984 0 1777797286 187348
47 2251 9051 0 1777797286 188031
45 2321 9091 0 1777797286 188057
46 2255 16576 0 1777797286 188073
48 2331 7616 0 1777797286 188084
49 2127 10915 0 1777797286 188095
