31 1 748180 0 1777797257 263363
31 2 2001 0 1777797257 265389
31 3 3919 0 1777797257 269316
31 4 4451 0 1777797257 273772
31 5 10443 0 1777797257 284219
31 6 3927 0 1777797257 288150
31 7 1960 0 1777797257 290120
31 8 1416 0 1777797257 291545
31 9 5937 0 1777797257 297485
31 10 1015 0 1777797257 298506
31 11 5304 0 1777797257 303814
31 12 1723 0 1777797257 305539
31 13 4557 0 1777797257 310101
31 14 11686 0 1777797257 321794
31 15 11852 0 1777797257 333655
31 16 11375 0 1777797257 345034
31 17 3800 0 1777797257 348840
31 18 7567 0 1777797257 356414
31 19 2117 0 1777797257 358533
31 20 4201 0 1777797257 362737
31 21 10708 0 1777797257 373452
31 22 7540 0 1777797257 381003
31 23 5689 0 1777797257 386696
31 24 7725 0 1777797257 394423
31 25 4054 0 1777797257 398477
31 26 1057 0 1777797257 399537
31 27 2334 0 1777797257 401874
31 28 1643 0 1777797257 403519
31 29 1145 0 1777797257 404668
31 30 1358 0 1777797257 406030
31 31 899 0 1777797257 406932
31 32 1387 0 1777797257 408321
31 33 3254 0 1777797257 411577
31 34 11484 0 1777797257 423066
31 35 1646 0 1777797257 424716
31 36 1696 0 1777797257 426417
31 37 10407 0 1777797257 436826
31 38 7197 0 1777797257 444030
31 39 26950 0 1777797257 470982
31 40 1931 0 1777797257 472922
30 1 965814 0 1777797257 480989
30 2 9319 0 1777797257 490313
31 41 21706 0 1777797257 494633
30 3 4519 0 1777797257 494839
30 4 1050 0 1777797257 495891
30 5 643 0 1777797257 496536
30 6 2067 0 1777797257 498607
30 7 1040 0 1777797257 499651
30 8 5952 0 1777797257 505608
30 9 1956 0 1777797257 507567
30 10 3365 0 1777797257 510934
30 11 3228 0 1777797257 514163
30 12 2793 0 1777797257 516958
31 42 25229 0 1777797257 519870
31 43 4570 0 1777797257 524449
31 44 2249 0 1777797257 526703
30 13 11054 0 1777797257 528016
31 45 3958 0 1777797257 530667
30 14 3732 0 1777797257 531752
31 46 2455 0 1777797257 533125
31 47 6423 0 1777797257 539555
30 15 9306 0 1777797257 541061
31 48 6062 0 1777797257 545623
30 16 4633 0 1777797257 545701
31 49 1316 0 1777797257 546949
31 50 1801 0 1777797257 548757
30 17 6090 0 1777797257 551794
31 51 4463 0 1777797257 553227
30 18 4493 0 1777797257 556290
30 19 1592 0 1777797257 557892
30 20 3157 0 1777797257 561052
30 21 3934 0 1777797257 564995
30 22 1831 0 1777797257 566836
30 23 3116 0 1777797257 569966
30 24 729 0 1777797257 570700
30 25 1356 0 1777797257 572059
31 52 18830 0 1777797257 572070
30 26 1652 0 1777797257 573724
30 27 2029 0 1777797257 575761
30 28 4716 0 1777797257 580484
30 29 1771 0 1777797257 582257
30 30 10147 0 1777797257 592408
31 53 22192 0 1777797257 594275
31 54 1385 0 1777797257 595662
31 55 1048 0 1777797257 596712
31 56 767 0 1777797257 597481
31 57 1797 0 1777797257 599280
30 31 9243 0 1777797257 601653
30 32 11902 0 1777797257 613558
30 33 4959 0 1777797257 618519
31 58 25650 0 1777797257 624932
31 59 3544 0 1777797257 628479
31 60 1055 0 1777797257 629539
31 61 1020 0 1777797257 630564
30 34 14042 0 1777797257 632568
31 62 3949 0 1777797257 634515
31 63 1132 0 1777797257 635652
31 64 1545 0 1777797257 637201
30 35 5088 0 1777797257 637658
31 65 3196 0 1777797257 640399
30 36 3624 0 1777797257 641284
31 66 9020 0 1777797257 649421
30 37 8260 0 1777797257 649546
31 67 9878 0 1777797257 659301
31 68 10580 0 1777797257 669884
30 38 23561 0 1777797257 673110
30 39 9801 0 1777797257 682913
31 69 13047 0 1777797257 682934
29 1 1175595 0 1777797257 690756
30 40 7850 0 1777797257 690766
31 70 12032 0 1777797257 694968
29 2 4570 0 1777797257 695337
30 41 5997 0 1777797257 696778
29 3 4084 0 1777797257 699423
29 4 4041 0 1777797257 703466
31 71 18177 0 1777797257 713147
30 42 22062 0 1777797257 718843
31 72 15492 0 1777797257 728641
30 43 18344 0 1777797257 737190
31 73 8968 0 1777797257 737614
29 5 42686 0 1777797257 746155
30 44 8966 0 1777797257 746164
31 74 8578 0 1777797257 746193
31 75 17409 0 1777797257 763603
30 45 20971 0 1777797257 767149
29 6 21140 0 1777797257 767306
30 46 9596 0 1777797257 776747
31 76 18837 0 1777797257 782442
29 7 17340 0 1777797257 784648
29 8 10727 0 1777797257 795380
30 47 19475 0 1777797257 796228
30 48 734 0 1777797257 796969
30 49 3589 0 1777797257 800631
30 50 4234 0 1777797257 804867
29 9 10477 0 1777797257 805859
27 1 1295282 0 1777797257 810425
29 10 6818 0 1777797257 812679
31 77 30362 0 1777797257 812812
30 51 8900 0 1777797257 813769
31 78 2186 0 1777797257 815000
31 79 2080 0 1777797257 817083
31 80 3770 0 1777797257 820857
30 52 7275 0 1777797257 821047
27 2 13555 0 1777797257 823982
30 53 6660 0 1777797257 827710
27 3 7088 0 1777797257 831075
29 11 18418 0 1777797257 831102
29 12 1595 0 1777797257 832720
30 54 13589 0 1777797257 841304
29 13 8721 0 1777797257 841443
31 81 22515 0 1777797257 843374
29 14 3261 0 1777797257 844705
31 82 4091 0 1777797257 847467
29 15 3473 0 1777797257 848182
27 4 30093 0 1777797257 861205
30 55 20042 0 1777797257 861348
29 16 13228 0 1777797257 861411
31 83 16406 0 1777797257 863877
31 84 2804 0 1777797257 866684
27 5 5815 0 1777797257 867022
30 56 9764 0 1777797257 871115
27 6 5669 0 1777797257 872694
27 7 1230 0 1777797257 873928
31 85 8319 0 1777797257 875011
27 8 4134 0 1777797257 878063
30 57 7828 0 1777797257 878944
29 17 20066 0 1777797257 881478
30 58 2857 0 1777797257 881803
29 18 3933 0 1777797257 885413
30 59 5586 0 1777797257 887390
31 86 17832 0 1777797257 892849
30 60 10345 0 1777797257 897737
31 87 5581 0 1777797257 898432
29 19 13144 0 1777797257 898559
27 9 21015 0 1777797257 899080
30 61 12287 0 1777797257 910029
29 20 11592 0 1777797257 910153
27 10 11840 0 1777797257 910922
30 62 2734 0 1777797257 912771
31 88 18723 0 1777797257 917159
30 63 10647 0 1777797257 923420
27 11 12608 0 1777797257 923533
29 21 16261 0 1777797257 926415
30 64 3779 0 1777797257 927209
31 89 12868 0 1777797257 930037
27 12 11060 0 1777797257 934595
29 22 8314 0 1777797257 934731
30 65 7595 0 1777797257 934805
31 90 8198 0 1777797257 938238
26 1 1427605 0 1777797257 942732
29 23 8010 0 1777797257 942743
30 66 8821 0 1777797257 943627
27 13 14120 0 1777797257 948718
31 91 10489 0 1777797257 948729
31 92 6715 0 1777797257 955461
26 2 14181 0 1777797257 956926
29 24 15845 0 1777797257 958603
26 3 1803 0 1777797257 958731
30 67 18634 0 1777797257 962262
31 93 6811 0 1777797257 962280
27 14 14644 0 1777797257 963374
30 68 6006 0 1777797257 968269
26 4 9556 0 1777797257 968288
27 15 7905 0 1777797257 971280
28 1 1461451 0 1777797257 976603
26 5 10927 0 1777797257 979215
31 94 16943 0 1777797257 979225
27 16 13557 0 1777797257 984839
30 69 16587 0 1777797257 984859
29 25 26289 0 1777797257 984897
31 95 5685 0 1777797257 984924
28 2 10156 0 1777797257 986760
29 26 4279 0 1777797257 989204
30 70 4332 0 1777797257 989210
31 96 4285 0 1777797257 989215
26 6 15206 0 1777797257 994432
27 17 9597 0 1777797257 994457
31 97 6760 0 1777797257 995986
28 3 9641 0 1777797257 996403
30 71 10604 0 1777797257 999826
31 98 3847 0 1777797257 999835
29 27 14339 0 1777797258 3554
28 4 8075 0 1777797258 4480
27 18 10136 0 1777797258 4611
26 7 11072 0 1777797258 5531
31 99 6029 0 1777797258 5875
27 19 3417 0 1777797258 8029
30 72 10620 0 1777797258 10456
26 8 6383 0 1777797258 11920
28 5 10653 0 1777797258 15135
27 20 8663 0 1777797258 16694
29 28 13141 0 1777797258 16697
31 100 10826 0 1777797258 16702
26 9 8215 0 1777797258 20137
28 6 5427 0 1777797258 20567
28 7 4541 0 1777797258 25110
31 101 9521 0 1777797258 26232
30 73 16784 0 1777797258 27245
26 10 7367 0 1777797258 27507
30 74 2443 0 1777797258 29690
26 11 5168 0 1777797258 32678
28 8 11986 0 1777797258 37101
31 102 12763 0 1777797258 38996
26 12 6698 0 1777797258 39377
30 75 12087 0 1777797258 41781
26 13 3109 0 1777797258 42489
29 29 28244 0 1777797258 44952
31 103 5961 0 1777797258 44959
26 14 3571 0 1777797258 46061
26 15 984 0 1777797258 47051
30 76 6732 0 1777797258 48514
26 16 1604 0 1777797258 48657
31 104 4453 0 1777797258 49462
28 9 12961 0 1777797258 50066
29 30 5484 0 1777797258 50444
31 105 1698 0 1777797258 51162
28 10 1828 0 1777797258 51895
30 77 3617 0 1777797258 52134
28 11 1071 0 1777797258 52967
26 17 5595 0 1777797258 54253
26 18 674 0 1777797258 54929
30 78 3659 0 1777797258 55795
30 79 833 0 1777797258 56630
26 19 2562 0 1777797258 57493
28 12 4612 0 1777797258 57586
29 31 7726 0 1777797258 58172
28 13 2184 0 1777797258 59827
30 80 3204 0 1777797258 59835
28 14 4642 0 1777797258 64478
30 81 4729 0 1777797258 64578
27 21 48253 0 1777797258 64955
27 22 997 0 1777797258 65954
30 82 2893 0 1777797258 67473
29 32 10964 0 1777797258 69139
28 15 7457 0 1777797258 71937
31 106 20780 0 1777797258 71945
27 23 6019 0 1777797258 71978
30 83 7267 0 1777797258 74743
26 20 18060 0 1777797258 75554
27 24 5433 0 1777797258 77414
31 107 5465 0 1777797258 77421
28 16 5879 0 1777797258 77825
29 33 12355 0 1777797258 81496
31 108 8549 0 1777797258 85982
27 25 8892 0 1777797258 86314
26 21 10888 0 1777797258 86444
30 84 15078 0 1777797258 89823
28 17 12081 0 1777797258 89911
27 26 9045 0 1777797258 95361
28 18 5463 0 1777797258 95376
31 109 9578 0 1777797258 95592
29 34 23438 0 1777797258 104936
30 85 15117 0 1777797258 104942
26 22 19924 0 1777797258 106369
28 19 16246 0 1777797258 111683
26 23 5595 0 1777797258 111968
30 86 7025 0 1777797258 111976
27 27 16931 0 1777797258 112308
29 35 9161 0 1777797258 114104
31 110 18542 0 1777797258 114135
30 87 4236 0 1777797258 116225
28 20 4718 0 1777797258 116404
30 88 2962 0 1777797258 119189
26 24 8917 0 1777797258 120895
28 21 5303 0 1777797258 121710
27 28 9423 0 1777797258 121732
29 36 8656 0 1777797258 122792
31 111 10157 0 1777797258 124302
27 29 6808 0 1777797258 128542
30 89 9416 0 1777797258 128606
26 25 7878 0 1777797258 128775
31 112 4475 0 1777797258 128779
28 22 7570 0 1777797258 129284
29 37 6669 0 1777797258 129466
27 30 5268 0 1777797258 133818
26 26 5755 0 1777797258 134534
28 23 5276 0 1777797258 134564
29 38 5106 0 1777797258 134573
31 113 8308 0 1777797258 137093
30 90 8551 0 1777797258 137159
31 114 4263 0 1777797258 141358
28 24 7132 0 1777797258 141715
28 25 15320 0 1777797258 157036
29 39 22451 0 1777797258 157057
31 115 15702 0 1777797258 157064
27 31 23919 0 1777797258 157739
26 27 23194 0 1777797258 157768
30 91 20625 0 1777797258 157786
31 116 8330 0 1777797258 165414
28 26 11690 0 1777797258 168755
29 40 11787 0 1777797258 168862
30 92 11544 0 1777797258 169331
26 28 16155 0 1777797258 173924
27 32 19218 0 1777797258 176962
29 41 17741 0 1777797258 186604
28 27 20492 0 1777797258 189248
30 93 19941 0 1777797258 189274
26 29 16394 0 1777797258 190323
26 30 16538 0 1777797258 206863
28 28 17592 0 1777797258 206867
29 42 20259 0 1777797258 206872
30 94 17581 0 1777797258 206876
27 33 30573 0 1777797258 207540
31 117 42136 0 1777797258 207554
29 43 4644 0 1777797258 211532
30 95 4656 0 1777797258 211548
26 31 5864 0 1777797258 212741
27 34 10473 0 1777797258 218028
28 29 11154 0 1777797258 218036
30 96 6451 0 1777797258 218043
31 118 12318 0 1777797258 219881
27 35 9175 0 1777797258 227219
29 44 15684 0 1777797258 227233
30 97 9179 0 1777797258 227240
26 32 15799 0 1777797258 228542
28 30 10493 0 1777797258 228547
31 119 8668 0 1777797258 228552
26 33 8790 0 1777797258 237342
27 36 10539 0 1777797258 237780
29 45 10529 0 1777797258 237786
31 120 9226 0 1777797258 237791
28 31 14378 0 1777797258 242938
30 98 15709 0 1777797258 242974
26 34 10916 0 1777797258 248262
27 37 10487 0 1777797258 248279
28 32 5310 0 1777797258 248285
31 121 10487 0 1777797258 248293
30 99 5319 0 1777797258 249616
26 35 9514 0 1777797258 257807
27 38 9505 0 1777797258 257817
28 33 9506 0 1777797258 257826
29 46 20034 0 1777797258 257833
30 100 8224 0 1777797258 257842
31 122 9522 0 1777797258 257850
26 36 10786 0 1777797258 268637
27 39 10809 0 1777797258 268677
28 34 10807 0 1777797258 268685
29 47 10810 0 1777797258 268699
30 101 10891 0 1777797258 268787
31 123 11331 0 1777797258 269235
29 48 8208 0 1777797258 276969
26 37 9856 0 1777797258 278557
30 102 9779 0 1777797258 278567
31 124 9336 0 1777797258 278573
26 38 6399 0 1777797258 284973
27 40 16250 0 1777797258 284980
28 35 16242 0 1777797258 284990
29 49 8024 0 1777797258 284996
30 103 6417 0 1777797258 285003
31 125 6237 0 1777797258 285057
26 39 11113 0 1777797258 296118
27 41 11119 0 1777797258 296130
28 36 11121 0 1777797258 296138
29 50 11119 0 1777797258 296143
30 104 11119 0 1777797258 296149
31 126 11446 0 1777797258 296505
26 40 6372 0 1777797258 302881
27 42 6263 0 1777797258 302891
29 51 6253 0 1777797258 302900
30 105 6249 0 1777797258 302907
31 127 6247 0 1777797258 302913
28 37 8219 0 1777797258 304856
30 106 9880 0 1777797258 312823
31 128 9879 0 1777797258 312829
26 41 11859 0 1777797258 314773
27 43 11865 0 1777797258 314789
28 38 9935 0 1777797258 314796
29 52 11880 0 1777797258 314814
31 129 8704 0 1777797258 321543
30 107 8733 0 1777797258 321563
28 39 17149 0 1777797258 331994
30 108 10445 0 1777797258 332010
31 130 11192 0 1777797258 332737
26 42 18343 0 1777797258 333160
27 44 18356 0 1777797258 333193
29 53 18340 0 1777797258 333200
30 109 6365 0 1777797258 338385
28 40 9415 0 1777797258 341426
26 43 8308 0 1777797258 341509
31 131 8780 0 1777797258 341519
29 54 8321 0 1777797258 341554
27 45 13712 0 1777797258 346922
28 41 8496 0 1777797258 349930
29 55 8392 0 1777797258 349947
30 110 11601 0 1777797258 349988
31 132 8468 0 1777797258 350006
26 44 12227 0 1777797258 353748
27 46 11959 0 1777797258 358888
29 56 8875 0 1777797258 358895
31 133 8745 0 1777797258 358899
26 45 8260 0 1777797258 362010
28 42 12010 0 1777797258 362017
30 111 11995 0 1777797258 362022
27 47 11002 0 1777797258 369902
28 43 7898 0 1777797258 369931
29 57 11038 0 1777797258 369950
31 134 11052 0 1777797258 369969
26 46 10932 0 1777797258 372954
27 48 2993 0 1777797258 372963
28 44 2988 0 1777797258 372969
31 135 2979 0 1777797258 372977
29 58 4906 0 1777797258 374894
30 112 12866 0 1777797258 374904
26 47 9889 0 1777797258 382866
27 49 9874 0 1777797258 382870
28 45 9870 0 1777797258 382874
30 113 7960 0 1777797258 382879
31 136 9871 0 1777797258 382882
29 59 10205 0 1777797258 385110
26 48 11864 0 1777797258 394747
27 50 11864 0 1777797258 394751
28 46 11863 0 1777797258 394754
30 114 11862 0 1777797258 394758
31 137 11861 0 1777797258 394761
29 60 11083 0 1777797258 396195
31 138 3323 0 1777797258 398101
28 47 7491 0 1777797258 402262
26 49 9204 0 1777797258 403965
30 115 9202 0 1777797258 403976
31 139 5896 0 1777797258 403999
27 51 10330 0 1777797258 405096
26 50 7588 0 1777797258 411589
28 48 9913 0 1777797258 412181
27 52 8800 0 1777797258 413898
29 61 17710 0 1777797258 413907
28 49 3957 0 1777797258 416141
31 140 14046 0 1777797258 418167
26 51 7041 0 1777797258 418640
30 116 16736 0 1777797258 420827
28 50 6959 0 1777797258 423102
29 62 12574 0 1777797258 426495
31 141 12082 0 1777797258 430251
26 52 15069 0 1777797258 433713
27 53 19810 0 1777797258 433719
28 51 10672 0 1777797258 433775
29 63 7308 0 1777797258 433805
30 117 12983 0 1777797258 433812
31 142 12889 0 1777797258 443141
27 54 13503 0 1777797258 447411
26 53 16218 0 1777797258 450032
27 55 2636 0 1777797258 450049
29 64 16754 0 1777797258 450762
27 56 5601 0 1777797258 455674
26 54 10421 0 1777797258 460472
27 57 4812 0 1777797258 460491
31 143 22966 0 1777797258 466111
29 65 16607 0 1777797258 467372
27 58 10953 0 1777797258 471465
26 55 11513 0 1777797258 472006
31 144 8173 0 1777797258 474286
26 56 4954 0 1777797258 476962
31 145 4461 0 1777797258 478750
27 59 9250 0 1777797258 480717
26 57 10392 0 1777797258 487359
27 60 7408 0 1777797258 488137
26 58 6266 0 1777797258 493626
27 61 7059 0 1777797258 495197
29 66 37449 0 1777797258 504825
27 62 9773 0 1777797258 504972
30 118 72220 0 1777797258 506235
28 52 72297 0 1777797258 506289
26 59 14130 0 1777797258 507757
29 67 2934 0 1777797258 507760
31 146 29013 0 1777797258 507764
27 63 9020 0 1777797258 513992
30 119 8387 0 1777797258 514628
27 64 2010 0 1777797258 516004
26 60 16186 0 1777797258 523950
27 65 7952 0 1777797258 523959
28 53 17674 0 1777797258 523965
29 68 16202 0 1777797258 523971
31 147 16298 0 1777797258 524071
30 120 10293 0 1777797258 524922
27 66 5717 0 1777797258 529732
29 69 5679 0 1777797258 529736
28 54 6500 0 1777797258 530545
30 121 5798 0 1777797258 530733
26 61 13492 0 1777797258 537464
27 67 7732 0 1777797258 537469
29 70 7732 0 1777797258 537473
31 148 13404 0 1777797258 537477
28 55 9521 0 1777797258 540068
30 122 9344 0 1777797258 540078
27 68 7797 0 1777797258 545278
29 71 7858 0 1777797258 545345
26 62 8181 0 1777797258 545659
28 56 5596 0 1777797258 545675
31 149 8190 0 1777797258 545681
30 123 6189 0 1777797258 546668
28 57 5592 0 1777797258 551293
26 63 7608 0 1777797258 553290
27 69 7951 0 1777797258 553297
31 150 7587 0 1777797258 553304
30 124 6809 0 1777797258 553479
29 72 9489 0 1777797258 554864
26 64 4682 0 1777797258 557988
27 70 4650 0 1777797258 557995
28 58 6710 0 1777797258 558010
30 125 4538 0 1777797258 558018
29 73 7267 0 1777797258 562132
31 151 8770 0 1777797258 562144
26 65 8371 0 1777797258 566390
31 152 4233 0 1777797258 566402
27 71 8578 0 1777797258 566607
29 74 4714 0 1777797258 566859
30 126 8919 0 1777797258 566962
28 59 9845 0 1777797258 567882
26 66 5712 0 1777797258 572115
29 75 6584 0 1777797258 573444
27 72 8125 0 1777797258 574734
30 127 7784 0 1777797258 574748
31 153 8342 0 1777797258 574755
26 67 7160 0 1777797258 579277
28 60 11456 0 1777797258 579347
29 76 5909 0 1777797258 579357
27 73 6270 0 1777797258 581026
29 77 2732 0 1777797258 582120
30 128 11956 0 1777797258 586728
28 61 8576 0 1777797258 587956
27 74 7915 0 1777797258 588943
31 154 14789 0 1777797258 589584
26 68 10541 0 1777797258 589899
29 78 8370 0 1777797258 590494
27 75 4729 0 1777797258 593674
28 62 5722 0 1777797258 593687
29 79 3222 0 1777797258 593720
30 129 8758 0 1777797258 595489
31 155 7022 0 1777797258 596608
26 69 9955 0 1777797258 599860
29 80 6165 0 1777797258 599886
27 76 8870 0 1777797258 602559
28 63 8880 0 1777797258 602583
30 130 7101 0 1777797258 602591
26 70 6917 0 1777797258 606804
27 77 4224 0 1777797258 606816
28 64 4205 0 1777797258 606823
31 156 10216 0 1777797258 606829
29 81 10882 0 1777797258 610789
30 131 8144 0 1777797258 610798
28 65 7076 0 1777797258 613928
31 157 7902 0 1777797258 614761
26 71 9034 0 1777797258 615864
27 78 9028 0 1777797258 615872
28 66 7343 0 1777797258 621272
29 82 10482 0 1777797258 621281
30 132 10448 0 1777797258 621287
31 158 6609 0 1777797258 621372
27 79 8786 0 1777797258 624669
26 72 9755 0 1777797258 625628
27 80 6660 0 1777797258 631331
28 67 9972 0 1777797258 631345
26 73 6858 0 1777797258 632487
30 133 11318 0 1777797258 632831
31 159 11358 0 1777797258 632884
29 83 16591 0 1777797258 637975
27 81 8487 0 1777797258 639835
28 68 8454 0 1777797258 639847
30 134 6968 0 1777797258 639853
29 84 2882 0 1777797258 640860
31 160 8128 0 1777797258 641023
26 74 13164 0 1777797258 645653
27 82 6955 0 1777797258 646809
28 69 6940 0 1777797258 646815
29 85 5983 0 1777797258 646846
26 75 1829 0 1777797258 647484
29 86 2939 0 1777797258 649862
26 76 4222 0 1777797258 651709
28 70 5135 0 1777797258 652050
29 87 4267 0 1777797258 654131
26 77 3207 0 1777797258 654918
30 135 17548 0 1777797258 657432
26 78 4367 0 1777797258 659287
28 71 7504 0 1777797258 659557
29 88 7417 0 1777797258 661552
26 79 3038 0 1777797258 662328
31 161 21311 0 1777797258 662335
28 72 5621 0 1777797258 665179
26 80 4656 0 1777797258 666992
29 89 5807 0 1777797258 667361
27 83 22362 0 1777797258 669209
28 73 4764 0 1777797258 669946
31 162 8184 0 1777797258 670531
28 74 1911 0 1777797258 671859
26 81 5417 0 1777797258 672411
30 136 17041 0 1777797258 674475
30 137 1917 0 1777797258 676394
29 90 9858 0 1777797258 677222
27 84 12605 0 1777797258 681817
29 91 8092 0 1777797258 685316
27 85 3941 0 1777797258 685760
26 82 14816 0 1777797258 687240
29 92 2207 0 1777797258 687525
27 86 5204 0 1777797258 690966
29 93 3458 0 1777797258 690985
27 87 1642 0 1777797258 692610
27 88 3178 0 1777797258 695792
26 83 8998 0 1777797258 696241
27 89 1353 0 1777797258 697147
26 84 1123 0 1777797258 697368
31 163 26852 0 1777797258 697385
31 164 1468 0 1777797258 698854
31 165 805 0 1777797258 699662
26 85 2926 0 1777797258 700296
29 94 9407 0 1777797258 700393
31 166 4539 0 1777797258 704203
30 138 30670 0 1777797258 707065
26 86 7401 0 1777797258 707701
29 95 7984 0 1777797258 708381
26 87 1144 0 1777797258 708847
31 167 4776 0 1777797258 708984
26 88 2112 0 1777797258 710962
31 168 2778 0 1777797258 711763
28 75 41331 0 1777797258 713192
29 96 7687 0 1777797258 716073
28 76 3538 0 1777797258 716734
27 90 24900 0 1777797258 722055
29 97 5919 0 1777797258 722063
26 89 11409 0 1777797258 722373
31 169 11654 0 1777797258 723420
26 90 9075 0 1777797258 731450
28 77 14729 0 1777797258 731464
29 98 9396 0 1777797258 731470
30 139 24423 0 1777797258 731490
31 170 10150 0 1777797258 733572
26 91 4068 0 1777797258 735560
27 91 13505 0 1777797258 735569
30 140 4085 0 1777797258 735606
29 99 5533 0 1777797258 737047
26 92 9992 0 1777797258 745599
28 78 14108 0 1777797258 745613
30 141 9915 0 1777797258 745621
31 171 12056 0 1777797258 745629
29 100 13827 0 1777797258 750877
31 172 7304 0 1777797258 752969
28 79 8406 0 1777797258 754055
28 80 6188 0 1777797258 760247
31 173 7281 0 1777797258 760256
29 101 9522 0 1777797258 760401
26 93 15867 0 1777797258 761497
27 92 28875 0 1777797258 764545
26 94 5165 0 1777797258 766664
28 81 6443 0 1777797258 766700
30 142 21051 0 1777797258 766709
31 174 9721 0 1777797258 769986
29 102 11450 0 1777797258 771853
27 93 10406 0 1777797258 774952
30 143 9962 0 1777797258 776719
26 95 10052 0 1777797258 776762
28 82 12849 0 1777797258 779595
27 94 7807 0 1777797258 782761
30 144 6054 0 1777797258 782781
29 103 11792 0 1777797258 783654
26 96 8808 0 1777797258 785571
31 175 17312 0 1777797258 787303
27 95 11329 0 1777797258 794092
26 97 9200 0 1777797258 794773
27 96 1807 0 1777797258 795900
28 83 18146 0 1777797258 797743
30 145 14999 0 1777797258 797782
26 98 3927 0 1777797258 798702
27 97 7308 0 1777797258 803213
28 84 7790 0 1777797258 805536
29 104 21899 0 1777797258 805557
27 98 9615 0 1777797258 812830
28 85 7291 0 1777797258 812849
30 146 15800 0 1777797258 813585
31 176 26315 0 1777797258 813619
29 105 8689 0 1777797258 814319
31 177 6520 0 1777797258 820176
27 99 8936 0 1777797258 821786
28 86 12515 0 1777797258 825375
30 147 11772 0 1777797258 825392
26 99 36787 0 1777797258 835491
31 178 18324 0 1777797258 838503
27 100 18493 0 1777797258 840281
27 101 2293 0 1777797258 842575
29 106 28273 0 1777797258 842593
28 87 18071 0 1777797258 843464
30 148 21037 0 1777797258 846450
27 102 5937 0 1777797258 848530
28 88 5069 0 1777797258 848534
28 89 5982 0 1777797258 854522
26 100 19166 0 1777797258 854658
27 103 7876 0 1777797258 856411
28 90 2220 0 1777797258 856744
31 179 21254 0 1777797258 859758
26 101 7198 0 1777797258 861857
27 104 5449 0 1777797258 861861
28 91 5120 0 1777797258 861865
27 105 8303 0 1777797258 870174
28 92 8411 0 1777797258 870287
31 180 10531 0 1777797258 870290
26 102 9026 0 1777797258 870891
30 149 26644 0 1777797258 873096
27 106 5164 0 1777797258 875339
31 181 5048 0 1777797258 875343
28 93 5790 0 1777797258 876080
29 107 40712 0 1777797258 883312
31 182 7977 0 1777797258 883327
26 103 12666 0 1777797258 883561
27 107 9568 0 1777797258 884912
28 94 10275 0 1777797258 886356
30 150 13518 0 1777797258 886616
26 104 6241 0 1777797258 889802
27 108 9532 0 1777797258 894445
26 105 7994 0 1777797258 897797
27 109 3360 0 1777797258 897805
28 95 11443 0 1777797258 897811
28 96 2074 0 1777797258 899905
27 110 3834 0 1777797258 901656
26 106 4317 0 1777797258 902129
31 183 18844 0 1777797258 902172
30 151 22427 0 1777797258 909043
27 111 7810 0 1777797258 909469
28 97 9568 0 1777797258 909476
31 184 8961 0 1777797258 911146
26 107 9101 0 1777797258 911274
29 108 29818 0 1777797258 913132
28 98 5692 0 1777797258 915178
27 112 6821 0 1777797258 916298
26 108 5076 0 1777797258 916352
29 109 3225 0 1777797258 916359
31 185 5713 0 1777797258 916860
26 109 44385 0 1777797258 960745
27 113 44448 0 1777797258 960752
30 152 51701 0 1777797258 960759
31 186 43904 0 1777797258 960766
28 99 45672 0 1777797258 960851
29 110 46638 0 1777797258 963007
29 111 2859 0 1777797258 965869
28 100 5448 0 1777797258 966301
31 187 7372 0 1777797258 968206
30 153 10159 0 1777797258 970984
26 110 10622 0 1777797258 971389
27 114 10583 0 1777797258 971396
28 101 11418 0 1777797258 977721
27 115 7621 0 1777797258 979027
29 112 13165 0 1777797258 979035
31 188 10833 0 1777797258 979041
30 154 11239 0 1777797258 982225
26 111 11062 0 1777797258 982459
31 189 5670 0 1777797258 984732
28 102 7097 0 1777797258 984820
29 113 6582 0 1777797258 985636
30 155 6352 0 1777797258 988579
27 116 11835 0 1777797258 990877
28 103 6107 0 1777797258 990929
29 114 5608 0 1777797258 991245
31 190 11713 0 1777797258 996517
26 112 14097 0 1777797258 996558
30 156 9240 0 1777797258 997822
27 117 7305 0 1777797258 998190
28 104 7268 0 1777797258 998198
29 115 8744 0 1777797258 999990
27 118 2267 0 1777797259 466
26 113 59756 0 1777797259 56316
30 157 58498 0 1777797259 56326
28 105 58253 0 1777797259 56465
27 119 56412 0 1777797259 56881
29 116 56905 0 1777797259 56897
31 191 60392 0 1777797259 56911
30 158 6274 0 1777797259 62615
26 114 10008 0 1777797259 66336
28 106 9877 0 1777797259 66343
31 192 9420 0 1777797259 66349
27 120 16896 0 1777797259 73808
29 117 16894 0 1777797259 73816
30 159 15144 0 1777797259 77761
28 107 15631 0 1777797259 81989
26 115 16144 0 1777797259 82494
27 121 8685 0 1777797259 82502
31 193 16142 0 1777797259 82508
30 160 5799 0 1777797259 83567
29 118 11213 0 1777797259 85039
28 108 5923 0 1777797259 87914
26 116 13171 0 1777797259 95680
27 122 13163 0 1777797259 95690
28 109 7779 0 1777797259 95695
29 119 10657 0 1777797259 95699
30 161 12134 0 1777797259 95703
31 194 13172 0 1777797259 95707
30 162 6254 0 1777797259 101989
28 110 9012 0 1777797259 104739
31 195 9008 0 1777797259 104747
26 117 13894 0 1777797259 109602
27 123 13910 0 1777797259 109631
29 120 13910 0 1777797259 109641
28 111 10088 0 1777797259 114836
30 163 12854 0 1777797259 114844
31 196 10094 0 1777797259 114851
26 118 12274 0 1777797259 121916
27 124 12267 0 1777797259 121939
29 121 12276 0 1777797259 121958
28 112 14250 0 1777797259 129101
30 164 14250 0 1777797259 129110
31 197 14249 0 1777797259 129116
26 119 12949 0 1777797259 134908
27 125 12931 0 1777797259 134911
28 113 5797 0 1777797259 134914
29 122 12929 0 1777797259 134917
30 165 5789 0 1777797259 134921
31 198 7124 0 1777797259 136265
26 120 9957 0 1777797259 144878
29 123 9982 0 1777797259 144915
27 126 11161 0 1777797259 146086
28 114 11165 0 1777797259 146094
30 166 11203 0 1777797259 146140
31 199 11841 0 1777797259 148107
28 115 2947 0 1777797259 149096
26 121 10784 0 1777797259 155700
29 124 10819 0 1777797259 155745
30 167 10725 0 1777797259 156882
27 127 15105 0 1777797259 161246
28 116 12172 0 1777797259 161272
31 200 13174 0 1777797259 161283
26 122 11667 0 1777797259 167415
28 117 6127 0 1777797259 167427
29 125 11659 0 1777797259 167431
30 168 10551 0 1777797259 167435
31 201 9836 0 1777797259 171143
27 128 13972 0 1777797259 175256
28 118 10816 0 1777797259 178261
30 169 10831 0 1777797259 178285
26 123 12915 0 1777797259 180351
29 126 12909 0 1777797259 180359
31 202 9216 0 1777797259 180367
28 119 8942 0 1777797259 187229
30 170 8938 0 1777797259 187239
26 124 11412 0 1777797259 191780
27 129 16532 0 1777797259 191796
29 127 11423 0 1777797259 191803
31 203 11423 0 1777797259 191812
28 120 7398 0 1777797259 194638
30 171 12272 0 1777797259 199522
28 121 11892 0 1777797259 206532
31 204 14654 0 1777797259 206553
26 125 20920 0 1777797259 212733
27 130 20860 0 1777797259 212740
29 128 20867 0 1777797259 212760
30 172 13243 0 1777797259 212767
31 205 6192 0 1777797259 212773
28 122 10930 0 1777797259 217484
30 173 18910 0 1777797259 231710
27 131 25215 0 1777797259 238000
28 123 20534 0 1777797259 238019
30 174 6322 0 1777797259 238034
27 132 6491 0 1777797259 244528
28 124 6475 0 1777797259 244543
30 175 6471 0 1777797259 244551
27 133 4551 0 1777797259 249103
28 125 4544 0 1777797259 249114
30 176 4475 0 1777797259 249120
27 134 7934 0 1777797259 257056
30 177 7850 0 1777797259 257067
28 126 7889 0 1777797259 257097
27 135 8969 0 1777797259 266037
28 127 8947 0 1777797259 266046
26 126 58663 0 1777797259 271437
30 178 14371 0 1777797259 271451
30 179 3192 0 1777797259 274682
31 206 61945 0 1777797259 274752
26 127 3514 0 1777797259 274966
26 128 6836 0 1777797259 281803
29 129 69018 0 1777797259 281810
30 180 7064 0 1777797259 281817
27 136 39236 0 1777797259 305285
31 207 30466 0 1777797259 305297
26 129 29128 0 1777797259 310946
28 128 44952 0 1777797259 311009
29 130 29189 0 1777797259 311015
30 181 29186 0 1777797259 311021
27 137 9959 0 1777797259 315257
31 208 9953 0 1777797259 315262
26 130 25938 0 1777797259 336960
27 138 21706 0 1777797259 336968
29 131 25915 0 1777797259 336974
31 209 21713 0 1777797259 336980
28 129 35148 0 1777797259 346199
30 182 35142 0 1777797259 346207
28 130 9440 0 1777797259 355648
30 183 10282 0 1777797259 356499
26 131 22272 0 1777797259 359253
27 139 22267 0 1777797259 359257
31 210 22256 0 1777797259 359260
29 132 23029 0 1777797259 360026
28 131 7961 0 1777797259 363611
30 184 7125 0 1777797259 363626
26 132 8033 0 1777797259 367293
27 140 9718 0 1777797259 368983
28 132 6655 0 1777797259 370282
30 185 6709 0 1777797259 370348
29 133 11276 0 1777797259 371307
26 133 9272 0 1777797259 376567
28 133 6314 0 1777797259 376607
29 134 5305 0 1777797259 376615
30 186 8016 0 1777797259 378365
29 135 3225 0 1777797259 379866
26 134 5913 0 1777797259 382529
30 187 4272 0 1777797259 382639
27 141 21645 0 1777797259 390632
28 134 14012 0 1777797259 390638
31 211 31384 0 1777797259 390653
31 212 4700 0 1777797259 395372
26 135 13140 0 1777797259 395781
27 142 6207 0 1777797259 396862
30 188 14979 0 1777797259 397632
29 136 18037 0 1777797259 397907
27 143 1252 0 1777797259 398117
31 213 4014 0 1777797259 399388
26 136 3891 0 1777797259 399674
26 137 3891 0 1777797259 403567
27 144 5666 0 1777797259 403786
29 137 6359 0 1777797259 404269
28 135 16007 0 1777797259 406670
31 214 7290 0 1777797259 406680
30 189 10948 0 1777797259 408584
26 138 7142 0 1777797259 410713
27 145 6934 0 1777797259 410721
29 138 6466 0 1777797259 410738
31 215 5750 0 1777797259 412443
27 146 2410 0 1777797259 413165
31 216 2752 0 1777797259 415198
26 139 5277 0 1777797259 416016
27 147 2857 0 1777797259 416024
29 139 5937 0 1777797259 416730
27 148 1008 0 1777797259 417043
31 217 2413 0 1777797259 417612
27 149 1531 0 1777797259 418576
28 136 13687 0 1777797259 420368
29 140 6097 0 1777797259 422830
30 190 14250 0 1777797259 422837
28 137 2982 0 1777797259 423351
28 138 2033 0 1777797259 425386
30 191 3785 0 1777797259 426633
28 139 1284 0 1777797259 426672
27 150 11438 0 1777797259 430017
29 141 10488 0 1777797259 433327
31 218 15719 0 1777797259 433333
31 219 936 0 1777797259 434280
26 140 18523 0 1777797259 434548
29 142 2476 0 1777797259 435810
28 140 11248 0 1777797259 437922
30 192 12979 0 1777797259 439614
27 151 10569 0 1777797259 440588
26 141 6226 0 1777797259 440776
29 143 6163 0 1777797259 441977
26 142 1804 0 1777797259 442582
28 141 6812 0 1777797259 444737
26 143 2800 0 1777797259 445384
29 144 4120 0 1777797259 446099
31 220 13032 0 1777797259 447313
27 152 7951 0 1777797259 448541
26 144 4237 0 1777797259 449623
29 145 6776 0 1777797259 452879
30 193 14266 0 1777797259 453881
28 142 9257 0 1777797259 454002
26 145 5755 0 1777797259 455386
29 146 2841 0 1777797259 455721
31 221 8505 0 1777797259 455820
30 194 3190 0 1777797259 457073
26 146 2741 0 1777797259 458134
29 147 3000 0 1777797259 458722
30 195 3005 0 1777797259 460080
31 222 4521 0 1777797259 460344
28 143 7252 0 1777797259 461255
31 223 1707 0 1777797259 462053
30 196 2611 0 1777797259 462693
28 144 1724 0 1777797259 462981
31 224 4254 0 1777797259 466308
26 147 8485 0 1777797259 466622
27 153 20871 0 1777797259 469414
30 197 6724 0 1777797259 469421
31 225 3116 0 1777797259 469426
29 148 12066 0 1777797259 470791
28 145 7841 0 1777797259 470824
29 149 2849 0 1777797259 473645
26 148 8113 0 1777797259 474736
27 154 6998 0 1777797259 476426
27 155 4155 0 1777797259 480584
27 156 4378 0 1777797259 484966
30 198 16533 0 1777797259 485976
29 150 15823 0 1777797259 489470
30 199 4136 0 1777797259 490114
28 146 19965 0 1777797259 490792
31 226 21366 0 1777797259 490818
29 151 4042 0 1777797259 493514
31 227 4628 0 1777797259 495447
29 152 2203 0 1777797259 495719
29 153 1843 0 1777797259 497565
30 200 11720 0 1777797259 501838
31 228 6886 0 1777797259 502336
27 157 19812 0 1777797259 504780
26 149 31014 0 1777797259 505756
30 201 3923 0 1777797259 505764
31 229 5824 0 1777797259 508163
27 158 3549 0 1777797259 508331
28 147 19337 0 1777797259 510139
30 202 6909 0 1777797259 512686
31 230 4493 0 1777797259 512716
29 154 16244 0 1777797259 513810
27 159 7508 0 1777797259 515840
28 148 5735 0 1777797259 515877
30 203 4573 0 1777797259 517290
31 231 8811 0 1777797259 521551
27 160 6272 0 1777797259 522120
29 155 8318 0 1777797259 522130
28 149 13592 0 1777797259 529470
30 204 12495 0 1777797259 529787
31 232 8373 0 1777797259 529932
26 150 24596 0 1777797259 530361
27 161 8234 0 1777797259 530365
29 156 8227 0 1777797259 530368
27 162 10005 0 1777797259 540378
30 205 10605 0 1777797259 540393
26 151 10641 0 1777797259 541010
28 150 11543 0 1777797259 541014
29 157 10639 0 1777797259 541017
31 233 11090 0 1777797259 541022
31 234 13069 0 1777797259 554104
30 206 13739 0 1777797259 554279
27 163 13902 0 1777797259 554297
29 158 13386 0 1777797259 554418
26 152 13473 0 1777797259 554496
28 151 13476 0 1777797259 554503
31 235 8086 0 1777797259 562192
29 159 7796 0 1777797259 562215
28 152 8148 0 1777797259 562662
26 153 8585 0 1777797259 563089
30 207 17784 0 1777797259 572064
27 164 17885 0 1777797259 572184
31 236 9997 0 1777797259 572190
26 154 14596 0 1777797259 577686
28 153 16808 0 1777797259 579475
31 237 7494 0 1777797259 579691
30 208 10707 0 1777797259 582773
27 165 11576 0 1777797259 583766
29 160 21555 0 1777797259 583772
26 155 12936 0 1777797259 590624
28 154 11159 0 1777797259 590636
29 161 9528 0 1777797259 593309
31 238 13658 0 1777797259 593351
27 166 9986 0 1777797259 593759
30 209 11527 0 1777797259 594307
28 155 5791 0 1777797259 596443
26 156 9168 0 1777797259 599805
29 162 7138 0 1777797259 600491
31 239 7123 0 1777797259 600500
28 156 4954 0 1777797259 601403
27 167 9452 0 1777797259 603213
30 210 8918 0 1777797259 603227
26 157 4162 0 1777797259 603969
29 163 10913 0 1777797259 611414
30 211 8185 0 1777797259 611422
28 157 10034 0 1777797259 611445
27 168 8381 0 1777797259 611609
31 240 11100 0 1777797259 611614
26 158 7929 0 1777797259 611899
30 212 4049 0 1777797259 615482
28 158 5184 0 1777797259 616630
31 241 10096 0 1777797259 621715
29 164 10515 0 1777797259 621939
27 169 10413 0 1777797259 622027
26 159 10572 0 1777797259 622472
28 159 11307 0 1777797259 627940
30 213 12466 0 1777797259 627949
27 170 6990 0 1777797259 629018
31 242 8835 0 1777797259 630560
29 165 10686 0 1777797259 632626
30 214 4867 0 1777797259 632828
27 171 7854 0 1777797259 636875
26 160 15120 0 1777797259 637594
28 160 9752 0 1777797259 637703
31 243 7354 0 1777797259 637921
30 215 9307 0 1777797259 642145
28 161 4527 0 1777797259 642232
31 244 8005 0 1777797259 645928
29 166 13406 0 1777797259 646034
27 172 12451 0 1777797259 649330
26 161 11812 0 1777797259 649413
31 245 7424 0 1777797259 653355
28 162 11152 0 1777797259 653386
29 167 10603 0 1777797259 656638
30 216 14671 0 1777797259 656840
31 246 9273 0 1777797259 662630
27 173 13359 0 1777797259 662691
26 162 13463 0 1777797259 662878
30 217 6606 0 1777797259 663447
28 163 10218 0 1777797259 663605
29 168 7797 0 1777797259 664437
29 169 938 0 1777797259 665377
31 247 3424 0 1777797259 666056
28 164 2736 0 1777797259 666342
28 165 2202 0 1777797259 668546
30 218 5105 0 1777797259 668553
31 248 3262 0 1777797259 669321
30 219 2997 0 1777797259 671560
28 166 4023 0 1777797259 672577
31 249 3758 0 1777797259 673080
28 167 3510 0 1777797259 676092
31 250 3019 0 1777797259 676101
30 220 6548 0 1777797259 678111
27 174 16962 0 1777797259 679654
28 168 3794 0 1777797259 679896
26 163 17333 0 1777797259 680212
31 251 4405 0 1777797259 680516
31 252 2652 0 1777797259 683170
28 169 4618 0 1777797259 684515
31 253 1668 0 1777797259 684841
27 175 6043 0 1777797259 685700
26 164 7510 0 1777797259 687725
28 170 3387 0 1777797259 687908
30 221 11573 0 1777797259 689686
31 254 4849 0 1777797259 689692
28 171 3320 0 1777797259 691231
31 255 2592 0 1777797259 692293
28 172 5402 0 1777797259 696636
31 256 4664 0 1777797259 696961
26 165 11618 0 1777797259 699345
28 173 4041 0 1777797259 700678
30 222 10988 0 1777797259 700681
31 257 7528 0 1777797259 704489
28 174 4588 0 1777797259 705270
28 175 2404 0 1777797259 707726
28 176 2225 0 1777797259 709954
31 258 10367 0 1777797259 714858
28 177 10246 0 1777797259 720202
28 178 3571 0 1777797259 723776
31 259 11391 0 1777797259 726255
29 170 67356 0 1777797259 732737
27 176 47681 0 1777797259 733385
26 166 46561 0 1777797259 745909
28 179 22144 0 1777797259 745923
30 223 47628 0 1777797259 748315
29 171 15676 0 1777797259 748415
31 260 23183 0 1777797259 749447
28 180 11082 0 1777797259 757015
27 177 30237 0 1777797259 763637
30 224 18500 0 1777797259 766823
27 178 18654 0 1777797259 782293
26 167 40140 0 1777797259 786064
28 181 29051 0 1777797259 786071
29 172 37660 0 1777797259 786077
30 225 19270 0 1777797259 786110
27 179 9328 0 1777797259 791623
31 261 44669 0 1777797259 794117
28 182 8104 0 1777797259 794193
29 173 8691 0 1777797259 794788
26 168 8756 0 1777797259 794835
30 226 17303 0 1777797259 803415
27 180 22745 0 1777797259 814369
31 262 20258 0 1777797259 814376
28 183 20344 0 1777797259 814538
26 169 23789 0 1777797259 818625
29 174 23843 0 1777797259 818633
27 181 8450 0 1777797259 822827
31 263 8456 0 1777797259 822844
28 184 8340 0 1777797259 822879
30 227 19948 0 1777797259 823369
26 170 8582 0 1777797259 827217
29 175 16597 0 1777797259 835238
27 182 12561 0 1777797259 835406
28 185 12594 0 1777797259 835474
31 264 12619 0 1777797259 835479
30 228 16065 0 1777797259 839436
26 171 14244 0 1777797259 841463
31 265 8214 0 1777797259 843723
28 186 10362 0 1777797259 845842
27 183 11177 0 1777797259 846585
29 176 13501 0 1777797259 848741
30 229 11140 0 1777797259 850579
26 172 15131 0 1777797259 856596
31 266 13077 0 1777797259 856802
27 184 13159 0 1777797259 859747
28 187 17233 0 1777797259 863078
29 177 14338 0 1777797259 863086
31 267 16111 0 1777797259 872914
26 173 16357 0 1777797259 872955
30 230 22398 0 1777797259 872978
27 185 17377 0 1777797259 877125
29 178 23867 0 1777797259 886968
31 268 15931 0 1777797259 888854
30 231 15912 0 1777797259 888911
28 188 27894 0 1777797259 890981
26 174 18030 0 1777797259 891009
27 186 16720 0 1777797259 893846
29 179 9129 0 1777797259 896099
30 232 22668 0 1777797259 911580
29 180 15713 0 1777797259 911813
31 269 22924 0 1777797259 911819
27 187 18042 0 1777797259 911890
26 175 20893 0 1777797259 911904
28 189 20930 0 1777797259 911917
28 190 6993 0 1777797259 918911
31 270 8215 0 1777797259 920044
29 181 10877 0 1777797259 922698
31 271 2906 0 1777797259 922956
28 191 8315 0 1777797259 927233
26 176 31727 0 1777797259 943632
29 182 20955 0 1777797259 943657
30 233 32139 0 1777797259 943720
27 188 31901 0 1777797259 943792
31 272 20903 0 1777797259 943860
28 192 19610 0 1777797259 946846
30 234 3392 0 1777797259 947113
27 189 3687 0 1777797259 947481
31 273 13474 0 1777797259 957336
29 183 13975 0 1777797259 957677
27 190 15044 0 1777797259 962527
26 177 19021 0 1777797259 962680
30 235 15572 0 1777797259 962687
27 191 5277 0 1777797259 967813
27 192 2736 0 1777797259 970554
26 178 8038 0 1777797259 970726
30 236 9591 0 1777797259 972292
28 193 27751 0 1777797259 974599
29 184 22639 0 1777797259 980325
31 274 24388 0 1777797259 981726
26 179 17276 0 1777797259 988003
28 194 13408 0 1777797259 988010
30 237 15723 0 1777797259 988017
29 185 7997 0 1777797259 988327
31 275 7029 0 1777797259 988761
31 276 4286 0 1777797259 993052
30 238 5603 0 1777797259 993647
29 186 5472 0 1777797259 993801
26 180 8467 0 1777797259 996486
30 239 2876 0 1777797259 996525
29 187 3222 0 1777797259 997026
26 181 2548 0 1777797259 999039
31 277 6010 0 1777797259 999068
29 188 2358 0 1777797259 999389
30 240 3090 0 1777797259 999617
28 195 12767 0 1777797260 800
26 182 5908 0 1777797260 4977
28 196 5727 0 1777797260 6530
31 278 8717 0 1777797260 7809
29 189 11241 0 1777797260 10631
28 197 4630 0 1777797260 11165
29 190 2502 0 1777797260 13136
28 198 2313 0 1777797260 13481
29 191 2268 0 1777797260 15409
28 199 3502 0 1777797260 16985
26 183 13622 0 1777797260 18601
27 193 48592 0 1777797260 19148
31 279 12513 0 1777797260 20326
30 241 21315 0 1777797260 20934
27 194 3469 0 1777797260 22619
27 195 5529 0 1777797260 28153
31 280 8497 0 1777797260 28828
26 184 10243 0 1777797260 28846
28 200 11860 0 1777797260 28849
30 242 8684 0 1777797260 29620
27 196 3273 0 1777797260 32102
26 185 4345 0 1777797260 33195
29 192 17792 0 1777797260 33203
27 197 1733 0 1777797260 33838
26 186 1537 0 1777797260 34741
29 193 4630 0 1777797260 37846
30 243 8278 0 1777797260 37903
26 187 3287 0 1777797260 38030
26 188 1168 0 1777797260 39199
28 201 10356 0 1777797260 39211
28 202 2035 0 1777797260 41258
26 189 3967 0 1777797260 43180
27 198 9574 0 1777797260 43414
29 194 5572 0 1777797260 43425
31 281 15124 0 1777797260 43959
30 244 7923 0 1777797260 45830
27 199 4544 0 1777797260 47971
28 203 8061 0 1777797260 49321
30 245 5491 0 1777797260 51326
29 195 9203 0 1777797260 52637
28 204 4341 0 1777797260 53665
26 190 10806 0 1777797260 53987
31 282 10035 0 1777797260 53995
27 200 7778 0 1777797260 55752
29 196 3664 0 1777797260 56308
26 191 3084 0 1777797260 57079
31 283 3765 0 1777797260 57771
30 246 7574 0 1777797260 58902
27 201 3881 0 1777797260 59635
28 205 7859 0 1777797260 61526
30 247 3269 0 1777797260 62173
28 206 1148 0 1777797260 62677
31 284 6331 0 1777797260 64105
28 207 3308 0 1777797260 65986
30 248 3867 0 1777797260 66041
27 202 6740 0 1777797260 66377
26 192 10405 0 1777797260 67486
27 203 6704 0 1777797260 73083
28 208 7276 0 1777797260 73264
31 285 9354 0 1777797260 73464
26 193 6073 0 1777797260 73563
30 249 7765 0 1777797260 73807
27 204 5225 0 1777797260 78309
30 250 5052 0 1777797260 78861
26 194 7790 0 1777797260 81354
27 205 4943 0 1777797260 83258
30 251 4929 0 1777797260 83793
30 252 907 0 1777797260 84702
29 197 30637 0 1777797260 86947
29 198 1336 0 1777797260 88285
31 286 16625 0 1777797260 90092
31 287 1344 0 1777797260 91437
31 288 1674 0 1777797260 93114
28 209 20639 0 1777797260 93904
26 195 13823 0 1777797260 95182
28 210 1280 0 1777797260 95191
30 253 10738 0 1777797260 95441
29 199 7173 0 1777797260 95461
31 289 2353 0 1777797260 95468
29 200 9332 0 1777797260 104801
31 290 9330 0 1777797260 104807
28 211 9627 0 1777797260 104830
27 206 22495 0 1777797260 105757
30 254 10322 0 1777797260 105765
28 212 2172 0 1777797260 107003
29 201 5125 0 1777797260 109933
29 202 1427 0 1777797260 111366
27 207 7549 0 1777797260 113315
28 213 6660 0 1777797260 113666
30 255 8313 0 1777797260 114088
26 196 20154 0 1777797260 115346
30 256 1804 0 1777797260 115894
29 203 10574 0 1777797260 121943
26 197 7896 0 1777797260 123245
29 204 2736 0 1777797260 124682
26 198 2158 0 1777797260 125406
28 214 13423 0 1777797260 127091
26 199 2495 0 1777797260 127903
27 208 15542 0 1777797260 128859
31 291 24751 0 1777797260 129567
31 292 2068 0 1777797260 131640
30 257 15877 0 1777797260 131772
27 209 4345 0 1777797260 133207
30 258 4368 0 1777797260 136142
26 200 8312 0 1777797260 136217
31 293 5497 0 1777797260 137139
27 210 6317 0 1777797260 139526
31 294 2405 0 1777797260 139546
28 215 13416 0 1777797260 140508
26 201 4611 0 1777797260 140830
27 211 2425 0 1777797260 141973
31 295 2514 0 1777797260 142072
28 216 3483 0 1777797260 143993
28 217 5629 0 1777797260 149624
26 202 8884 0 1777797260 149716
27 212 8431 0 1777797260 150406
30 259 15696 0 1777797260 151840
31 296 11466 0 1777797260 153541
26 203 5386 0 1777797260 155103
27 213 5901 0 1777797260 156310
29 205 32632 0 1777797260 157316
31 297 3786 0 1777797260 157329
29 206 3529 0 1777797260 160858
31 298 6284 0 1777797260 163626
29 207 2806 0 1777797260 163666
27 214 9867 0 1777797260 166179
31 299 2947 0 1777797260 166575
26 204 11806 0 1777797260 166911
27 215 2192 0 1777797260 168373
29 208 5782 0 1777797260 169450
30 260 17997 0 1777797260 169843
27 216 3543 0 1777797260 171918
26 205 6219 0 1777797260 173132
29 209 3678 0 1777797260 173143
28 218 23826 0 1777797260 173459
27 217 3331 0 1777797260 175252
28 219 2999 0 1777797260 176462
29 210 4578 0 1777797260 177732
26 206 6033 0 1777797260 179177
31 300 13601 0 1777797260 180179
26 207 1488 0 1777797260 180667
27 218 6677 0 1777797260 181933
30 261 12304 0 1777797260 182149
29 211 5506 0 1777797260 183242
28 220 8356 0 1777797260 184825
27 219 6489 0 1777797260 188424
28 221 4307 0 1777797260 189175
29 212 6049 0 1777797260 189293
26 208 12712 0 1777797260 193382
28 222 4706 0 1777797260 193883
29 213 5637 0 1777797260 194932
27 220 6962 0 1777797260 195395
26 209 5065 0 1777797260 198449
26 210 2377 0 1777797260 200832
28 223 7117 0 1777797260 201003
29 214 6330 0 1777797260 201265
27 221 6300 0 1777797260 201697
29 215 4874 0 1777797260 206141
26 211 10454 0 1777797260 211297
30 262 29836 0 1777797260 211987
29 216 13117 0 1777797260 219262
31 301 39472 0 1777797260 219656
30 263 7773 0 1777797260 219765
26 212 9322 0 1777797260 220620
27 222 18931 0 1777797260 220630
26 213 844 0 1777797260 221475
26 214 1782 0 1777797260 223260
26 215 1101 0 1777797260 224363
27 223 4938 0 1777797260 225581
26 216 2289 0 1777797260 226654
26 217 2342 0 1777797260 229004
27 224 3496 0 1777797260 229079
29 217 11190 0 1777797260 230454
29 218 1373 0 1777797260 231828
27 225 4047 0 1777797260 233127
30 264 13368 0 1777797260 233137
31 302 13671 0 1777797260 233330
28 224 35824 0 1777797260 236829
29 219 8409 0 1777797260 240240
26 218 11258 0 1777797260 240264
27 226 8525 0 1777797260 241663
26 219 3575 0 1777797260 243840
27 227 3023 0 1777797260 244694
29 220 4456 0 1777797260 244698
26 220 4095 0 1777797260 247937
27 228 3684 0 1777797260 248382
29 221 6508 0 1777797260 251212
26 221 3379 0 1777797260 251318
26 222 1865 0 1777797260 253184
27 229 5509 0 1777797260 253893
31 303 20575 0 1777797260 253907
30 265 22103 0 1777797260 255260
26 223 2291 0 1777797260 255480
29 222 4729 0 1777797260 255948
26 224 1295 0 1777797260 256776
28 225 21473 0 1777797260 258304
26 225 3509 0 1777797260 260290
27 230 7061 0 1777797260 260970
29 223 5627 0 1777797260 261579
27 231 736 0 1777797260 261708
28 226 5017 0 1777797260 263324
29 224 1860 0 1777797260 263441
26 226 4927 0 1777797260 265221
31 304 11305 0 1777797260 265235
27 232 3551 0 1777797260 265260
27 233 1261 0 1777797260 266522
29 225 4193 0 1777797260 267636
26 227 2526 0 1777797260 267762
27 234 2242 0 1777797260 268766
28 227 5755 0 1777797260 269087
26 228 2324 0 1777797260 270087
29 226 3273 0 1777797260 270911
26 229 1583 0 1777797260 271675
28 228 3533 0 1777797260 272623
27 235 3917 0 1777797260 272685
29 227 5963 0 1777797260 276876
30 266 21626 0 1777797260 276892
28 229 4650 0 1777797260 277277
26 230 5694 0 1777797260 277371
27 236 4694 0 1777797260 277381
28 230 4401 0 1777797260 281681
27 237 4470 0 1777797260 281872
26 231 5943 0 1777797260 283325
27 238 4122 0 1777797260 285996
29 228 9271 0 1777797260 286165
28 231 4809 0 1777797260 286500
30 267 10126 0 1777797260 287037
31 305 21797 0 1777797260 287044
30 268 3376 0 1777797260 290421
29 229 4751 0 1777797260 290917
26 232 8260 0 1777797260 291589
27 239 6203 0 1777797260 292201
26 233 1780 0 1777797260 293373
31 306 10402 0 1777797260 297458
28 232 11310 0 1777797260 297810
30 269 7431 0 1777797260 297853
29 230 8785 0 1777797260 299704
30 270 2347 0 1777797260 300202
29 231 1961 0 1777797260 301667
26 234 8908 0 1777797260 302285
28 233 5586 0 1777797260 303397
31 307 7807 0 1777797260 305267
31 308 1960 0 1777797260 307230
26 235 7786 0 1777797260 310075
28 234 7342 0 1777797260 310741
31 309 3516 0 1777797260 310748
30 271 11642 0 1777797260 311847
29 232 10337 0 1777797260 312009
27 240 19965 0 1777797260 312167
28 235 2048 0 1777797260 312797
26 236 3341 0 1777797260 313417
27 241 2575 0 1777797260 314745
29 233 2741 0 1777797260 314751
26 237 4518 0 1777797260 317938
28 236 5159 0 1777797260 317958
30 272 6110 0 1777797260 317965
31 310 9960 0 1777797260 320719
29 234 7383 0 1777797260 322143
31 311 1567 0 1777797260 322288
26 238 5692 0 1777797260 323632
28 237 5672 0 1777797260 323638
31 312 1368 0 1777797260 323657
30 273 6696 0 1777797260 324672
31 313 4390 0 1777797260 328048
30 274 4794 0 1777797260 329467
31 314 3702 0 1777797260 331754
29 235 10219 0 1777797260 332363
26 239 8745 0 1777797260 332383
31 315 3742 0 1777797260 335497
30 275 6643 0 1777797260 336112
27 242 22198 0 1777797260 336951
31 316 1836 0 1777797260 337337
28 238 14111 0 1777797260 337756
27 243 1902 0 1777797260 338857
30 276 4439 0 1777797260 340555
31 317 8263 0 1777797260 345660
29 236 13340 0 1777797260 345705
31 318 2192 0 1777797260 347855
30 277 9443 0 1777797260 350000
30 278 2495 0 1777797260 352497
31 319 5916 0 1777797260 353777
29 237 8302 0 1777797260 354008
28 239 18826 0 1777797260 356583
29 238 3684 0 1777797260 357694
30 279 5794 0 1777797260 358293
29 239 1632 0 1777797260 359332
30 280 2537 0 1777797260 360831
29 240 3506 0 1777797260 362840
30 281 2595 0 1777797260 363428
29 241 3368 0 1777797260 366210
30 282 3569 0 1777797260 367000
28 240 11438 0 1777797260 368026
31 320 14495 0 1777797260 368274
27 244 29817 0 1777797260 368679
26 240 36986 0 1777797260 369370
29 242 4149 0 1777797260 370363
28 241 2791 0 1777797260 370818
27 245 3697 0 1777797260 372378
26 241 4055 0 1777797260 373427
27 246 1298 0 1777797260 373679
29 243 3888 0 1777797260 374252
30 283 7259 0 1777797260 374261
26 242 4264 0 1777797260 377692
28 242 7409 0 1777797260 378228
29 244 3973 0 1777797260 378235
30 284 3968 0 1777797260 378241
27 247 4703 0 1777797260 378383
26 243 2114 0 1777797260 379809
31 321 11587 0 1777797260 379865
27 248 1958 0 1777797260 380342
30 285 2133 0 1777797260 380392
27 249 2184 0 1777797260 382532
30 286 2298 0 1777797260 382694
31 322 3546 0 1777797260 383412
26 244 3813 0 1777797260 383625
28 243 6311 0 1777797260 384553
30 287 5134 0 1777797260 387830
27 250 5391 0 1777797260 387924
26 245 4318 0 1777797260 387944
31 323 4757 0 1777797260 388170
28 244 4452 0 1777797260 389007
31 324 3427 0 1777797260 391598
30 288 3923 0 1777797260 391754
28 245 4194 0 1777797260 393206
29 245 17463 0 1777797260 395713
27 251 8888 0 1777797260 396814
26 246 10947 0 1777797260 398892
31 325 7407 0 1777797260 399007
29 246 4236 0 1777797260 399952
30 289 12125 0 1777797260 403881
26 247 5836 0 1777797260 404738
28 246 11594 0 1777797260 404803
29 247 4997 0 1777797260 404950
27 252 8149 0 1777797260 404965
31 326 5962 0 1777797260 404971
31 327 2506 0 1777797260 407500
30 290 3920 0 1777797260 407803
27 253 7258 0 1777797260 412230
29 248 7285 0 1777797260 412236
26 248 7637 0 1777797260 412377
28 247 7578 0 1777797260 412383
26 249 5766 0 1777797260 418150
31 328 10656 0 1777797260 418158
30 291 10622 0 1777797260 418427
27 254 6298 0 1777797260 418535
29 249 6605 0 1777797260 418853
30 292 3985 0 1777797260 422415
28 248 10109 0 1777797260 422502
27 255 4776 0 1777797260 423312
29 250 4986 0 1777797260 423841
31 329 5688 0 1777797260 423860
26 250 6337 0 1777797260 424496
27 256 5535 0 1777797260 428848
28 249 6382 0 1777797260 428885
31 330 5455 0 1777797260 429317
29 251 5586 0 1777797260 429429
26 251 6376 0 1777797260 430874
28 250 2496 0 1777797260 431383
30 293 9005 0 1777797260 431422
27 257 2727 0 1777797260 431577
31 331 6660 0 1777797260 435989
26 252 5153 0 1777797260 436028
29 252 7033 0 1777797260 436463
27 258 5044 0 1777797260 436623
28 251 5246 0 1777797260 436631
30 294 5215 0 1777797260 436638
29 253 3248 0 1777797260 439713
31 332 3792 0 1777797260 439784
27 259 6039 0 1777797260 442678
26 253 6665 0 1777797260 442695
30 295 6669 0 1777797260 443324
28 252 7572 0 1777797260 444220
29 254 5748 0 1777797260 445464
30 296 3535 0 1777797260 446861
26 254 5430 0 1777797260 448127
29 255 3822 0 1777797260 449294
28 253 5168 0 1777797260 449391
27 260 7595 0 1777797260 450275
28 254 3935 0 1777797260 453328
29 256 4557 0 1777797260 453860
26 255 5879 0 1777797260 454008
31 333 14314 0 1777797260 454099
30 297 9920 0 1777797260 456782
26 256 3385 0 1777797260 457395
31 334 3315 0 1777797260 457416
29 257 3763 0 1777797260 457625
28 255 5593 0 1777797260 458923
27 261 9688 0 1777797260 459964
30 298 3257 0 1777797260 460041
26 257 6081 0 1777797260 463478
29 258 5970 0 1777797260 463597
31 335 6816 0 1777797260 464234
27 262 5049 0 1777797260 465016
30 299 4984 0 1777797260 465026
29 259 3364 0 1777797260 466963
31 336 3834 0 1777797260 468069
26 258 5730 0 1777797260 469211
28 256 10302 0 1777797260 469227
29 260 7703 0 1777797260 474667
26 259 5524 0 1777797260 474752
27 263 9731 0 1777797260 474759
30 300 9720 0 1777797260 474764
31 337 6983 0 1777797260 475054
28 257 8693 0 1777797260 477932
29 261 3485 0 1777797260 478220
31 338 4604 0 1777797260 479661
26 260 5647 0 1777797260 480412
27 264 6650 0 1777797260 481423
30 301 12223 0 1777797260 487003
27 265 6869 0 1777797260 488294
29 262 10723 0 1777797260 488945
28 258 11050 0 1777797260 488984
26 261 8955 0 1777797260 489368
31 339 9984 0 1777797260 489647
31 340 2303 0 1777797260 491951
29 263 6749 0 1777797260 495696
26 262 6349 0 1777797260 495718
30 302 8966 0 1777797260 495971
28 259 8890 0 1777797260 497875
27 266 9682 0 1777797260 497976
31 341 6881 0 1777797260 498834
26 263 6064 0 1777797260 501783
29 264 7846 0 1777797260 503545
28 260 5741 0 1777797260 503618
27 267 6138 0 1777797260 504117
31 342 5310 0 1777797260 504146
26 264 6446 0 1777797260 508231
30 303 12267 0 1777797260 508239
28 261 4858 0 1777797260 508478
31 343 5997 0 1777797260 510147
29 265 7120 0 1777797260 510666
30 304 4353 0 1777797260 512601
28 262 4744 0 1777797260 513224
27 268 12318 0 1777797260 516438
26 265 8240 0 1777797260 516480
28 263 6142 0 1777797260 519370
29 266 8919 0 1777797260 519588
30 305 7172 0 1777797260 519775
31 344 10680 0 1777797260 520829
27 269 5072 0 1777797260 521513
30 306 2810 0 1777797260 522586
31 345 2154 0 1777797260 522988
29 267 3897 0 1777797260 523487
28 264 4875 0 1777797260 524252
31 346 1984 0 1777797260 524974
30 307 3783 0 1777797260 526371
28 265 3480 0 1777797260 527735
26 266 13989 0 1777797260 530470
28 266 2964 0 1777797260 530701
29 268 7767 0 1777797260 531256
30 308 5097 0 1777797260 531469
26 267 3045 0 1777797260 533518
28 267 6772 0 1777797260 537474
29 269 6234 0 1777797260 537491
31 347 12520 0 1777797260 537498
30 309 6294 0 1777797260 537765
27 270 19543 0 1777797260 541062
31 348 4835 0 1777797260 542363
29 270 5431 0 1777797260 542945
27 271 2843 0 1777797260 543908
28 268 7204 0 1777797260 544704
26 268 12097 0 1777797260 545618
30 310 8080 0 1777797260 545847
27 272 5061 0 1777797260 548970
28 269 4272 0 1777797260 548980
29 271 6082 0 1777797260 549029
27 273 1731 0 1777797260 550712
31 349 8704 0 1777797260 551068
28 270 3330 0 1777797260 552321
26 269 9276 0 1777797260 554897
30 311 10141 0 1777797260 555992
27 274 5331 0 1777797260 556045
29 272 7171 0 1777797260 556202
26 270 3019 0 1777797260 557918
29 273 3724 0 1777797260 559927
26 271 3993 0 1777797260 561913
30 312 5922 0 1777797260 561920
27 275 6225 0 1777797260 562272
29 274 3174 0 1777797260 563103
30 313 4017 0 1777797260 565947
28 271 13723 0 1777797260 566048
29 275 4776 0 1777797260 567883
28 272 1900 0 1777797260 567949
28 273 891 0 1777797260 568841
27 276 7419 0 1777797260 569692
30 314 4672 0 1777797260 570624
31 350 23300 0 1777797260 574370
28 274 10128 0 1777797260 578971
31 351 4614 0 1777797260 578986
30 315 8511 0 1777797260 579137
26 272 18776 0 1777797260 580697
31 352 2631 0 1777797260 581644
27 277 12871 0 1777797260 582564
31 353 4774 0 1777797260 586433
29 276 18590 0 1777797260 586479
28 275 8432 0 1777797260 587420
26 273 8111 0 1777797260 588809
28 276 1827 0 1777797260 589256
29 277 2925 0 1777797260 589405
28 277 832 0 1777797260 590090
30 316 10959 0 1777797260 590097
29 278 923 0 1777797260 590329
26 274 1656 0 1777797260 590472
28 278 1285 0 1777797260 591383
30 317 1299 0 1777797260 591406
29 279 1795 0 1777797260 592126
26 275 1830 0 1777797260 592303
31 354 6198 0 1777797260 592644
28 279 1623 0 1777797260 593008
26 276 4087 0 1777797260 596400
27 278 13897 0 1777797260 596464
28 280 4359 0 1777797260 597369
28 281 1454 0 1777797260 598826
31 355 7539 0 1777797260 600186
26 277 7328 0 1777797260 603730
28 282 5017 0 1777797260 603845
27 279 9265 0 1777797260 605731
30 318 14430 0 1777797260 605838
29 280 14855 0 1777797260 606986
30 319 9709 0 1777797260 615548
27 280 9946 0 1777797260 615680
29 281 8699 0 1777797260 615686
26 278 12213 0 1777797260 615946
28 283 13415 0 1777797260 617262
31 356 17081 0 1777797260 617269
26 279 3836 0 1777797260 619784
29 282 13442 0 1777797260 629138
30 320 13641 0 1777797260 629191
31 357 11906 0 1777797260 629195
27 281 16799 0 1777797260 632486
28 284 16024 0 1777797260 633302
31 358 8088 0 1777797260 637295
28 285 4278 0 1777797260 637585
28 286 4268 0 1777797260 641854
29 283 13586 0 1777797260 642782
27 282 12618 0 1777797260 645179
26 280 25698 0 1777797260 645491
30 321 19544 0 1777797260 648747
28 287 8362 0 1777797260 650218
31 359 12964 0 1777797260 650261
27 283 27929 0 1777797260 673113
28 288 23027 0 1777797260 673246
31 360 22990 0 1777797260 673253
26 281 29382 0 1777797260 674877
27 284 1886 0 1777797260 675002
31 361 4681 0 1777797260 677942
28 289 8411 0 1777797260 681665
31 362 3774 0 1777797260 681716
28 290 2902 0 1777797260 684568
31 363 2880 0 1777797260 684597
26 282 11199 0 1777797260 686079
31 364 1509 0 1777797260 686108
31 365 908 0 1777797260 687018
26 283 3006 0 1777797260 689091
31 366 2698 0 1777797260 689717
29 284 46979 0 1777797260 689765
28 291 6493 0 1777797260 691069
29 285 2624 0 1777797260 692390
31 367 2819 0 1777797260 692540
27 285 18913 0 1777797260 693917
31 368 1849 0 1777797260 694391
29 286 2205 0 1777797260 694598
31 369 954 0 1777797260 695350
30 322 46776 0 1777797260 695524
26 284 9872 0 1777797260 698965
28 292 7935 0 1777797260 699014
30 323 4984 0 1777797260 700510
26 285 2041 0 1777797260 701008
27 286 8124 0 1777797260 702045
28 293 3463 0 1777797260 702478
31 370 8376 0 1777797260 703730
29 287 9780 0 1777797260 704381
26 286 5347 0 1777797260 706356
30 324 6630 0 1777797260 707142
26 287 1249 0 1777797260 707608
28 294 6274 0 1777797260 708754
31 371 5041 0 1777797260 708778
29 288 6344 0 1777797260 710726
26 288 4199 0 1777797260 711810
29 289 1269 0 1777797260 712001
28 295 3637 0 1777797260 712417
27 287 13701 0 1777797260 715752
26 289 4648 0 1777797260 716460
29 290 6401 0 1777797260 718403
31 372 9624 0 1777797260 718415
28 296 6905 0 1777797260 719324
28 297 1168 0 1777797260 720494
31 373 2252 0 1777797260 720680
26 290 4559 0 1777797260 721022
29 291 3980 0 1777797260 722396
30 325 15265 0 1777797260 722410
28 298 2384 0 1777797260 722881
26 291 2434 0 1777797260 723458
27 288 9584 0 1777797260 725341
27 289 1941 0 1777797260 727284
28 299 4420 0 1777797260 727303
27 290 1909 0 1777797260 729213
26 292 6012 0 1777797260 729472
31 374 9450 0 1777797260 730131
30 326 9295 0 1777797260 731718
28 300 5806 0 1777797260 733134
26 293 3679 0 1777797260 733153
29 292 10860 0 1777797260 733271
27 291 4666 0 1777797260 733881
31 375 5765 0 1777797260 735898
29 293 3435 0 1777797260 736707
30 327 5160 0 1777797260 736882
31 376 2902 0 1777797260 738802
27 292 5749 0 1777797260 739632
26 294 7533 0 1777797260 740687
29 294 4061 0 1777797260 740770
29 295 1974 0 1777797260 742746
28 301 9691 0 1777797260 742826
27 293 3318 0 1777797260 742956
28 302 1937 0 1777797260 744764
31 377 7577 0 1777797260 746381
26 295 5746 0 1777797260 746439
27 294 3952 0 1777797260 746909
28 303 2275 0 1777797260 747045
29 296 4870 0 1777797260 747621
31 378 4827 0 1777797260 751211
29 297 4104 0 1777797260 751727
30 328 16453 0 1777797260 753337
27 295 6467 0 1777797260 753378
28 304 6957 0 1777797260 754003
26 296 8346 0 1777797260 754787
29 298 3664 0 1777797260 755393
29 299 2140 0 1777797260 757536
28 305 5771 0 1777797260 759777
29 300 2273 0 1777797260 759812
26 297 5624 0 1777797260 760416
31 379 9331 0 1777797260 760546
27 296 10409 0 1777797260 763788
29 301 5316 0 1777797260 765129
31 380 6205 0 1777797260 766753
29 302 2241 0 1777797260 767378
26 298 8473 0 1777797260 768895
31 381 4260 0 1777797260 771014
30 329 18671 0 1777797260 772015
26 299 3737 0 1777797260 772641
29 303 7609 0 1777797260 774991
30 330 3400 0 1777797260 775417
26 300 5266 0 1777797260 777911
29 304 3145 0 1777797260 778139
31 382 7332 0 1777797260 778349
29 305 2734 0 1777797260 780876
28 306 21213 0 1777797260 781003
27 297 17269 0 1777797260 781059
30 331 6324 0 1777797260 781744
26 301 4316 0 1777797260 782237
28 307 1896 0 1777797260 782901
31 383 5362 0 1777797260 783713
26 302 1798 0 1777797260 784036
27 298 3556 0 1777797260 784616
28 308 2315 0 1777797260 785222
29 306 5083 0 1777797260 785966
26 303 4067 0 1777797260 788106
31 384 4402 0 1777797260 788119
28 309 2940 0 1777797260 788164
27 299 4834 0 1777797260 789514
29 307 3575 0 1777797260 789544
29 308 1318 0 1777797260 790863
31 385 3124 0 1777797260 791256
27 300 3251 0 1777797260 792772
26 304 6535 0 1777797260 794656
27 301 2738 0 1777797260 795512
28 310 7370 0 1777797260 795535
31 386 4649 0 1777797260 795908
27 302 2137 0 1777797260 797653
31 387 2214 0 1777797260 798124
28 311 2890 0 1777797260 798426
26 305 4815 0 1777797260 799473
27 303 2865 0 1777797260 800521
28 312 3350 0 1777797260 801778
29 309 11926 0 1777797260 802790
27 304 2550 0 1777797260 803074
31 388 5724 0 1777797260 803851
26 306 4396 0 1777797260 803874
27 305 2011 0 1777797260 805092
27 306 1185 0 1777797260 806278
26 307 4346 0 1777797260 808222
28 313 7266 0 1777797260 809049
27 307 2808 0 1777797260 809087
30 332 27347 0 1777797260 809094
31 389 5247 0 1777797260 809100
27 308 2868 0 1777797260 811969
29 310 9301 0 1777797260 812096
26 308 3970 0 1777797260 812194
28 314 3768 0 1777797260 812819
30 333 3755 0 1777797260 812866
31 390 6064 0 1777797260 815183
27 309 6463 0 1777797260 818436
31 391 3600 0 1777797260 818785
30 334 6023 0 1777797260 818890
28 315 7262 0 1777797260 820083
27 310 3662 0 1777797260 822100
30 335 5380 0 1777797260 824272
31 392 5545 0 1777797260 824333
28 316 4812 0 1777797260 824897
27 311 3426 0 1777797260 825528
31 393 2814 0 1777797260 827148
30 336 3354 0 1777797260 827628
27 312 4568 0 1777797260 830099
29 311 18022 0 1777797260 830119
28 317 5346 0 1777797260 830247
26 309 20537 0 1777797260 832732
29 312 3273 0 1777797260 833393
30 337 7676 0 1777797260 835305
31 394 8201 0 1777797260 835351
29 313 5528 0 1777797260 838923
26 310 6265 0 1777797260 838999
27 313 10630 0 1777797260 840732
28 318 10516 0 1777797260 840765
30 338 5522 0 1777797260 840830
26 311 1895 0 1777797260 840895
29 314 2225 0 1777797260 841156
29 315 1945 0 1777797260 843102
28 319 2556 0 1777797260 843322
27 314 4281 0 1777797260 845024
26 312 4194 0 1777797260 845091
30 339 4476 0 1777797260 845307
31 395 10462 0 1777797260 845814
30 340 1285 0 1777797260 846595
31 396 1026 0 1777797260 846842
26 313 3987 0 1777797260 849079
31 397 2278 0 1777797260 849122
29 316 7509 0 1777797260 850612
28 320 8527 0 1777797260 851851
31 398 3551 0 1777797260 852674
30 341 6318 0 1777797260 852920
27 315 9556 0 1777797260 854583
27 316 829 0 1777797260 855415
30 342 4251 0 1777797260 857174
31 399 4709 0 1777797260 857386
28 321 8223 0 1777797260 860077
27 317 7039 0 1777797260 862457
27 318 2444 0 1777797260 864902
31 400 7532 0 1777797260 864920
29 317 16047 0 1777797260 866667
30 343 9867 0 1777797260 867044
27 319 4500 0 1777797260 869404
26 314 20436 0 1777797260 869517
28 322 9998 0 1777797260 870080
31 401 6242 0 1777797260 871164
30 344 5480 0 1777797260 872526
29 318 8218 0 1777797260 874891
31 402 6382 0 1777797260 877551
28 323 7913 0 1777797260 877994
27 320 9571 0 1777797260 878977
31 403 1433 0 1777797260 878986
26 315 11092 0 1777797260 880611
30 345 8295 0 1777797260 880826
29 319 6234 0 1777797260 881127
30 346 2574 0 1777797260 883401
27 321 5146 0 1777797260 884133
26 316 3781 0 1777797260 884394
29 320 4636 0 1777797260 885764
31 404 10399 0 1777797260 889398
31 405 2257 0 1777797260 891657
31 406 2340 0 1777797260 894001
27 322 11982 0 1777797260 896119
30 347 14430 0 1777797260 897832
31 407 4036 0 1777797260 898040
28 324 20646 0 1777797260 898643
31 408 2095 0 1777797260 900136
31 409 1585 0 1777797260 901724
31 410 1851 0 1777797260 903578
28 325 7254 0 1777797260 905901
29 321 20823 0 1777797260 906589
30 348 9102 0 1777797260 906938
27 323 11798 0 1777797260 907921
29 322 2362 0 1777797260 908956
26 317 26511 0 1777797260 910907
31 411 7341 0 1777797260 910921
29 323 2556 0 1777797260 911514
31 412 1927 0 1777797260 912862
26 318 4783 0 1777797260 915706
29 324 5573 0 1777797260 917089
31 413 5896 0 1777797260 918762
31 414 2813 0 1777797260 921580
30 349 15668 0 1777797260 922609
29 325 6559 0 1777797260 923650
31 415 2233 0 1777797260 923819
26 319 9358 0 1777797260 925066
30 350 3140 0 1777797260 925750
28 326 22066 0 1777797260 927969
31 416 4156 0 1777797260 927976
31 417 2648 0 1777797260 930636
27 324 22757 0 1777797260 930680
28 327 3644 0 1777797260 931621
29 326 8071 0 1777797260 931783
27 325 2559 0 1777797260 933241
26 320 8192 0 1777797260 933260
31 418 2725 0 1777797260 933365
30 351 10764 0 1777797260 936519
29 327 6748 0 1777797260 938533
30 352 4010 0 1777797260 940535
26 321 7946 0 1777797260 941207
31 419 9640 0 1777797260 943007
27 326 11169 0 1777797260 944412
29 328 6061 0 1777797260 944596
30 353 4468 0 1777797260 945007
28 328 13921 0 1777797260 945544
27 327 2888 0 1777797260 947303
28 329 2834 0 1777797260 948380
31 420 5996 0 1777797260 949004
31 421 5639 0 1777797260 954646
26 322 14883 0 1777797260 956092
28 330 9135 0 1777797260 957518
29 329 14593 0 1777797260 959191
31 422 6685 0 1777797260 961333
30 354 16594 0 1777797260 961603
28 331 4101 0 1777797260 961621
26 323 7165 0 1777797260 963264
31 423 4146 0 1777797260 965481
28 332 5352 0 1777797260 966974
29 330 8455 0 1777797260 967648
27 328 21263 0 1777797260 968571
27 329 2011 0 1777797260 970585
28 333 3620 0 1777797260 970596
30 355 9840 0 1777797260 971446
27 330 1088 0 1777797260 971686
30 356 687 0 1777797260 972136
26 324 10787 0 1777797260 974054
29 331 7244 0 1777797260 974894
30 357 3407 0 1777797260 975546
28 334 6202 0 1777797260 976813
26 325 3924 0 1777797260 977980
27 331 6944 0 1777797260 978632
28 335 3491 0 1777797260 980307
26 326 2525 0 1777797260 980507
31 424 15044 0 1777797260 980527
29 332 7846 0 1777797260 982742
28 336 4522 0 1777797260 984833
28 337 1104 0 1777797260 985939
31 425 7394 0 1777797260 987922
28 338 3059 0 1777797260 989001
29 333 6824 0 1777797260 989569
27 332 13766 0 1777797260 992402
26 327 12153 0 1777797260 992662
31 426 4799 0 1777797260 992723
30 358 21037 0 1777797260 996585
29 334 7060 0 1777797260 996632
28 339 7757 0 1777797260 996759
26 328 4368 0 1777797260 997032
29 335 1765 0 1777797260 998398
31 427 5681 0 1777797260 998406
30 359 1842 0 1777797260 998429
26 329 1997 0 1777797260 999030
29 336 1547 0 1777797260 999953
28 340 3220 0 1777797260 999980
30 360 2117 0 1777797261 548
28 341 1264 0 1777797261 1246
30 361 2790 0 1777797261 3344
27 333 10962 0 1777797261 3372
26 330 4638 0 1777797261 3670
27 334 2808 0 1777797261 6181
29 337 6469 0 1777797261 6428
30 362 3255 0 1777797261 6605
26 331 3629 0 1777797261 7303
29 338 1409 0 1777797261 7848
27 335 2526 0 1777797261 8714
28 342 7719 0 1777797261 8967
26 332 1916 0 1777797261 9220
29 339 3319 0 1777797261 11168
30 363 5194 0 1777797261 11801
27 336 3112 0 1777797261 11832
26 333 3033 0 1777797261 12254
29 340 4339 0 1777797261 15509
31 428 17185 0 1777797261 15600
26 334 4828 0 1777797261 17085
31 429 7412 0 1777797261 23013
28 343 14093 0 1777797261 23062
29 341 7560 0 1777797261 23071
26 335 6739 0 1777797261 23827
27 337 12085 0 1777797261 23918
29 342 3602 0 1777797261 26698
30 364 15612 0 1777797261 27414
26 336 4811 0 1777797261 28639
27 338 5070 0 1777797261 28989
30 365 3362 0 1777797261 30778
27 339 2932 0 1777797261 31923
26 337 5567 0 1777797261 34207
31 430 11193 0 1777797261 34214
28 344 13916 0 1777797261 36988
29 343 11012 0 1777797261 37712
30 366 6941 0 1777797261 37722
27 340 5826 0 1777797261 37751
31 431 7920 0 1777797261 42143
29 344 4503 0 1777797261 42225
28 345 5281 0 1777797261 42271
26 338 8070 0 1777797261 42285
27 341 5196 0 1777797261 42948
30 367 7054 0 1777797261 44789
28 346 3952 0 1777797261 46224
31 432 4107 0 1777797261 46251
29 345 4942 0 1777797261 47169
27 342 5584 0 1777797261 48535
31 433 4125 0 1777797261 50378
26 339 12733 0 1777797261 55019
27 343 6482 0 1777797261 55025
29 346 7863 0 1777797261 55033
30 368 10247 0 1777797261 55038
28 347 10134 0 1777797261 56359
31 434 6001 0 1777797261 56384
28 348 7078 0 1777797261 63440
30 369 8393 0 1777797261 63475
29 347 8435 0 1777797261 63491
31 435 7384 0 1777797261 63769
27 344 8952 0 1777797261 64001
26 340 9750 0 1777797261 64789
28 349 6577 0 1777797261 70019
30 370 6637 0 1777797261 70113
29 348 7299 0 1777797261 70791
31 436 8560 0 1777797261 72330
27 345 11450 0 1777797261 75453
30 371 7547 0 1777797261 77662
28 350 8972 0 1777797261 79001
29 349 8281 0 1777797261 79073
26 341 14882 0 1777797261 79741
31 437 7849 0 1777797261 80181
30 372 2961 0 1777797261 80624
27 346 6821 0 1777797261 82275
29 350 9447 0 1777797261 88521
27 347 6294 0 1777797261 88574
31 438 8444 0 1777797261 88627
28 351 9838 0 1777797261 88840
29 351 2663 0 1777797261 91192
31 439 2672 0 1777797261 91300
30 373 14602 0 1777797261 95227
28 352 6409 0 1777797261 95251
31 440 4272 0 1777797261 95574
29 352 4400 0 1777797261 95595
26 342 18757 0 1777797261 98503
28 353 7613 0 1777797261 102865
30 374 8836 0 1777797261 104065
26 343 5690 0 1777797261 104195
27 348 15746 0 1777797261 104321
29 353 8816 0 1777797261 104412
31 441 8843 0 1777797261 104419
28 354 3464 0 1777797261 106342
26 344 3796 0 1777797261 107993
31 442 6776 0 1777797261 111210
29 354 10082 0 1777797261 114502
27 349 10371 0 1777797261 114694
30 375 10634 0 1777797261 114704
26 345 7859 0 1777797261 115859
28 355 12136 0 1777797261 118482
29 355 5005 0 1777797261 119510
31 443 8313 0 1777797261 119526
30 376 4826 0 1777797261 119541
27 350 9121 0 1777797261 123826
26 346 7987 0 1777797261 123852
28 356 5379 0 1777797261 123870
31 444 5358 0 1777797261 124885
30 377 5507 0 1777797261 125049
29 356 6932 0 1777797261 126444
27 351 2641 0 1777797261 126470
26 347 4918 0 1777797261 128771
26 348 7082 0 1777797261 135856
27 352 9389 0 1777797261 135860
28 357 11992 0 1777797261 135864
29 357 9423 0 1777797261 135868
30 378 10822 0 1777797261 135872
31 445 11300 0 1777797261 136187
27 353 4020 0 1777797261 139899
28 358 4312 0 1777797261 140195
26 349 5331 0 1777797261 141203
30 379 5462 0 1777797261 141356
29 358 7745 0 1777797261 143634
31 446 9512 0 1777797261 145700
26 350 4745 0 1777797261 145950
28 359 6072 0 1777797261 146270
31 447 4269 0 1777797261 149976
30 380 11839 0 1777797261 153197
26 351 10033 0 1777797261 155984
27 354 16202 0 1777797261 156104
28 360 10486 0 1777797261 156757
31 448 6789 0 1777797261 156767
30 381 4430 0 1777797261 157629
30 382 1958 0 1777797261 159589
26 352 6081 0 1777797261 162066
28 361 5305 0 1777797261 162073
28 362 1413 0 1777797261 163498
30 383 3963 0 1777797261 163559
26 353 3705 0 1777797261 165780
28 363 3556 0 1777797261 167055
26 354 2376 0 1777797261 168158
30 384 7194 0 1777797261 170756
27 355 15548 0 1777797261 171653
29 359 28029 0 1777797261 171664
31 449 15656 0 1777797261 172440
31 450 1231 0 1777797261 173673
30 385 4869 0 1777797261 175626
26 355 8182 0 1777797261 176343
29 360 6090 0 1777797261 177767
27 356 6676 0 1777797261 178341
30 386 4078 0 1777797261 179705
27 357 2381 0 1777797261 180726
31 451 9646 0 1777797261 183324
30 387 3657 0 1777797261 183363
26 356 7096 0 1777797261 183441
29 361 5680 0 1777797261 183448
28 364 17000 0 1777797261 184060
27 358 4338 0 1777797261 185069
29 362 4007 0 1777797261 187465
31 452 6044 0 1777797261 189370
27 359 4637 0 1777797261 189708
29 363 3499 0 1777797261 190971
30 388 7943 0 1777797261 191308
27 360 2316 0 1777797261 192027
30 389 4001 0 1777797261 195313
28 365 11284 0 1777797261 195346
27 361 4366 0 1777797261 196396
28 366 2527 0 1777797261 197874
30 390 3438 0 1777797261 198755
29 364 9094 0 1777797261 200067
26 357 18559 0 1777797261 202008
28 367 4330 0 1777797261 202205
30 391 3461 0 1777797261 202217
29 365 3315 0 1777797261 203384
31 453 14025 0 1777797261 203400
27 362 11565 0 1777797261 207965
30 392 5756 0 1777797261 207997
26 358 6090 0 1777797261 208099
28 368 6955 0 1777797261 209173
29 366 6504 0 1777797261 209905
31 454 6491 0 1777797261 209912
27 363 3439 0 1777797261 211412
28 369 6350 0 1777797261 215537
26 359 8228 0 1777797261 216329
27 364 4922 0 1777797261 216336
29 367 10101 0 1777797261 220013
27 365 5618 0 1777797261 221963
27 366 1698 0 1777797261 223665
30 393 15680 0 1777797261 223679
26 360 9293 0 1777797261 225630
28 370 10149 0 1777797261 225688
30 394 7370 0 1777797261 231068
31 455 21187 0 1777797261 231109
29 368 11105 0 1777797261 231123
27 367 7719 0 1777797261 231399
28 371 7016 0 1777797261 232705
26 361 10682 0 1777797261 236315
29 369 5196 0 1777797261 236319
31 456 5209 0 1777797261 236323
30 395 5479 0 1777797261 236589
28 372 7094 0 1777797261 239800
30 396 4832 0 1777797261 241422
28 373 3558 0 1777797261 243360
29 370 7047 0 1777797261 243374
26 362 7187 0 1777797261 243510
31 457 9934 0 1777797261 246268
31 458 1978 0 1777797261 248249
28 374 5696 0 1777797261 249072
29 371 6363 0 1777797261 249747
30 397 8340 0 1777797261 249763
31 459 3390 0 1777797261 251640
26 363 8820 0 1777797261 252331
30 398 4235 0 1777797261 253999
29 372 4430 0 1777797261 254179
28 375 13081 0 1777797261 262158
26 364 11026 0 1777797261 263359
27 368 32750 0 1777797261 264150
30 399 10450 0 1777797261 264450
27 369 1596 0 1777797261 265748
26 365 3369 0 1777797261 266731
27 370 996 0 1777797261 266749
27 371 1066 0 1777797261 267817
30 400 3373 0 1777797261 267826
28 376 6030 0 1777797261 268190
27 372 1488 0 1777797261 269315
27 373 4515 0 1777797261 273832
28 377 5755 0 1777797261 273946
30 401 8540 0 1777797261 276376
26 366 12977 0 1777797261 279710
27 374 5886 0 1777797261 279720
28 378 5781 0 1777797261 279728
29 373 26104 0 1777797261 280285
30 402 4860 0 1777797261 281238
31 460 29644 0 1777797261 281286
30 403 1834 0 1777797261 283075
28 379 5688 0 1777797261 285441
30 404 2650 0 1777797261 285732
27 375 8239 0 1777797261 287983
30 405 2260 0 1777797261 287993
27 376 1514 0 1777797261 289508
28 380 5177 0 1777797261 290622
31 461 9455 0 1777797261 290743
29 374 10473 0 1777797261 290761
27 377 1331 0 1777797261 290846
30 406 3171 0 1777797261 291180
27 378 5457 0 1777797261 296304
30 407 5824 0 1777797261 297005
27 379 1464 0 1777797261 297770
30 408 2147 0 1777797261 299157
27 380 1426 0 1777797261 299201
26 367 19658 0 1777797261 299387
29 375 9582 0 1777797261 300344
30 409 1461 0 1777797261 300619
30 410 1712 0 1777797261 302333
27 381 3227 0 1777797261 302429
28 381 11806 0 1777797261 302435
26 368 3672 0 1777797261 303061
29 376 4704 0 1777797261 305050
27 382 4255 0 1777797261 306691
28 382 4277 0 1777797261 306721
29 377 3631 0 1777797261 308688
27 383 4190 0 1777797261 310886
28 383 4822 0 1777797261 311544
27 384 1483 0 1777797261 312377
28 384 4934 0 1777797261 316480
30 411 16341 0 1777797261 318675
27 385 7018 0 1777797261 319397
28 385 2919 0 1777797261 319405
26 369 17256 0 1777797261 320318
28 386 2837 0 1777797261 322254
27 386 5656 0 1777797261 325063
28 387 4609 0 1777797261 326865
31 462 36140 0 1777797261 326884
30 412 9455 0 1777797261 328131
27 387 3548 0 1777797261 328612
30 413 1358 0 1777797261 329490
26 370 9344 0 1777797261 329664
29 378 23166 0 1777797261 331856
31 463 6941 0 1777797261 333826
29 379 2309 0 1777797261 334167
28 388 8257 0 1777797261 335124
26 371 5507 0 1777797261 335172
30 414 6181 0 1777797261 335672
27 388 7570 0 1777797261 336184
27 389 2632 0 1777797261 338818
27 390 1573 0 1777797261 340393
30 415 8248 0 1777797261 343922
26 372 9548 0 1777797261 344722
29 380 10562 0 1777797261 344732
30 416 2355 0 1777797261 346278
27 391 5916 0 1777797261 346311
31 464 14168 0 1777797261 347998
30 417 2765 0 1777797261 349046
28 389 14839 0 1777797261 349964
27 392 4005 0 1777797261 350318
31 465 9371 0 1777797261 357374
27 393 7374 0 1777797261 357696
28 390 8496 0 1777797261 358465
26 373 19747 0 1777797261 364480
29 381 20182 0 1777797261 364926
31 466 7941 0 1777797261 365318
26 374 5616 0 1777797261 370104
26 375 2006 0 1777797261 372117
29 382 9114 0 1777797261 374041
26 376 2511 0 1777797261 374630
29 383 830 0 1777797261 374878
29 384 2640 0 1777797261 377520
26 377 2930 0 1777797261 377565
31 467 12686 0 1777797261 378007
30 418 28983 0 1777797261 378035
26 378 4732 0 1777797261 382298
31 468 8433 0 1777797261 386441
26 379 4690 0 1777797261 386991
31 469 2051 0 1777797261 388501
26 380 5534 0 1777797261 392527
27 394 34894 0 1777797261 392592
29 385 15525 0 1777797261 393047
30 419 21920 0 1777797261 399956
31 470 12135 0 1777797261 400641
27 395 10705 0 1777797261 403300
27 396 3987 0 1777797261 407296
30 420 7390 0 1777797261 407349
31 471 8628 0 1777797261 409317
26 381 17455 0 1777797261 409987
30 421 4557 0 1777797261 411907
26 382 4113 0 1777797261 414101
31 472 5957 0 1777797261 415281
30 422 4775 0 1777797261 416684
26 383 4255 0 1777797261 418358
27 397 12629 0 1777797261 419932
29 386 28917 0 1777797261 421965
31 473 7070 0 1777797261 422352
27 398 2465 0 1777797261 422400
26 384 4647 0 1777797261 423007
27 399 4204 0 1777797261 426605
29 387 6198 0 1777797261 428165
27 400 2902 0 1777797261 429509
31 474 7169 0 1777797261 429522
29 388 2887 0 1777797261 431053
26 385 8143 0 1777797261 431151
26 386 2200 0 1777797261 433353
31 475 4761 0 1777797261 434295
29 389 5488 0 1777797261 436542
31 476 3020 0 1777797261 437317
26 387 4168 0 1777797261 437524
30 423 22010 0 1777797261 438696
28 391 80477 0 1777797261 438946
30 424 2061 0 1777797261 440759
29 390 6939 0 1777797261 443491
28 392 8084 0 1777797261 447032
31 477 11132 0 1777797261 448451
26 388 12777 0 1777797261 450303
29 391 6875 0 1777797261 450370
30 425 10803 0 1777797261 451570
31 478 3124 0 1777797261 451576
26 389 2774 0 1777797261 453079
26 390 2210 0 1777797261 455291
29 392 4960 0 1777797261 455332
31 479 3829 0 1777797261 455414
28 393 9248 0 1777797261 456282
26 391 1112 0 1777797261 456406
26 392 1464 0 1777797261 457871
29 393 2554 0 1777797261 457887
31 480 4163 0 1777797261 459578
30 426 9600 0 1777797261 461177
29 394 5602 0 1777797261 463505
27 401 34128 0 1777797261 463651
28 394 9312 0 1777797261 465596
27 402 2047 0 1777797261 465699
29 395 2515 0 1777797261 466025
31 481 7358 0 1777797261 466938
28 395 2305 0 1777797261 467908
26 393 10127 0 1777797261 468015
26 394 2897 0 1777797261 470914
29 396 5682 0 1777797261 471708
28 396 4876 0 1777797261 472786
29 397 5041 0 1777797261 476750
30 427 15749 0 1777797261 476928
31 482 10002 0 1777797261 476943
31 483 3488 0 1777797261 480449
31 484 3892 0 1777797261 484344
30 428 9959 0 1777797261 486903
29 398 10438 0 1777797261 487191
26 395 20565 0 1777797261 491481
31 485 7708 0 1777797261 492053
27 403 28136 0 1777797261 493838
30 429 18132 0 1777797261 505040
26 396 13931 0 1777797261 505415
28 397 32934 0 1777797261 505722
29 399 18535 0 1777797261 505728
27 404 11963 0 1777797261 505809
31 486 13759 0 1777797261 505813
29 400 2421 0 1777797261 508155
30 430 3122 0 1777797261 508167
28 398 4826 0 1777797261 510554
29 401 6061 0 1777797261 514229
30 431 6139 0 1777797261 514317
28 399 4105 0 1777797261 514661
26 397 17176 0 1777797261 522592
28 400 9575 0 1777797261 524238
27 405 23221 0 1777797261 529034
28 401 4811 0 1777797261 529051
31 487 23242 0 1777797261 529060
26 398 6515 0 1777797261 529108
29 402 14886 0 1777797261 529117
30 432 15020 0 1777797261 529338
28 402 12606 0 1777797261 541687
29 403 14685 0 1777797261 543812
29 404 1573 0 1777797261 545391
30 433 22937 0 1777797261 552277
31 488 23195 0 1777797261 552286
26 399 23970 0 1777797261 553088
29 405 9907 0 1777797261 555300
30 434 8979 0 1777797261 561266
29 406 6048 0 1777797261 561351
27 406 32590 0 1777797261 561651
31 489 9373 0 1777797261 561674
29 407 3780 0 1777797261 565132
26 400 13554 0 1777797261 566645
29 408 2660 0 1777797261 567794
28 403 28483 0 1777797261 570175
30 435 9558 0 1777797261 570830
31 490 11815 0 1777797261 573490
28 404 3442 0 1777797261 573619
27 407 12210 0 1777797261 573864
30 436 5133 0 1777797261 575965
26 401 11423 0 1777797261 578070
29 409 10729 0 1777797261 578525
28 405 4999 0 1777797261 578620
27 408 4972 0 1777797261 578837
27 409 6582 0 1777797261 585421
26 402 8119 0 1777797261 586191
27 410 1851 0 1777797261 587274
28 406 8823 0 1777797261 587444
29 410 10100 0 1777797261 588627
30 437 12762 0 1777797261 588728
27 411 2553 0 1777797261 589829
26 403 4922 0 1777797261 591117
28 407 5390 0 1777797261 592835
27 412 3778 0 1777797261 593609
26 404 3881 0 1777797261 595005
31 491 21700 0 1777797261 595192
29 411 6639 0 1777797261 595271
30 438 10097 0 1777797261 598827
28 408 7065 0 1777797261 599902
31 492 6600 0 1777797261 601793
26 405 7240 0 1777797261 602247
27 413 10255 0 1777797261 603865
26 406 1886 0 1777797261 604138
29 412 11271 0 1777797261 606544
28 409 9415 0 1777797261 609320
31 493 7506 0 1777797261 609332
27 414 9047 0 1777797261 612924
26 407 8808 0 1777797261 612950
29 413 8563 0 1777797261 615113
28 410 6041 0 1777797261 615374
26 408 3673 0 1777797261 616623
27 415 4682 0 1777797261 617609
31 494 11891 0 1777797261 621233
30 439 22638 0 1777797261 621466
29 414 6770 0 1777797261 621884
26 409 6127 0 1777797261 622752
27 416 5461 0 1777797261 623073
27 417 1308 0 1777797261 624385
26 410 1731 0 1777797261 624486
29 415 6299 0 1777797261 628184
28 411 12968 0 1777797261 628344
31 495 7252 0 1777797261 628486
27 418 5570 0 1777797261 629957
30 440 8653 0 1777797261 630120
26 411 7198 0 1777797261 631685
26 412 3258 0 1777797261 634952
27 419 5100 0 1777797261 635059
29 416 6891 0 1777797261 635077
26 413 2325 0 1777797261 637279
27 420 2907 0 1777797261 637967
26 414 3522 0 1777797261 640803
27 421 3632 0 1777797261 641605
30 441 12948 0 1777797261 643070
29 417 8677 0 1777797261 643755
26 415 4721 0 1777797261 645526
27 422 4436 0 1777797261 646045
31 496 19572 0 1777797261 648059
27 423 4739 0 1777797261 650786
28 412 22468 0 1777797261 650813
30 442 7860 0 1777797261 650935
26 416 6091 0 1777797261 651619
29 418 7964 0 1777797261 651721
30 443 2023 0 1777797261 652959
29 419 1415 0 1777797261 653137
26 417 10210 0 1777797261 661835
27 424 11140 0 1777797261 661930
31 497 15585 0 1777797261 663647
26 418 1969 0 1777797261 663806
27 425 5213 0 1777797261 667145
29 420 16927 0 1777797261 670065
26 419 6904 0 1777797261 670711
27 426 4823 0 1777797261 671970
26 420 1589 0 1777797261 672302
28 413 23857 0 1777797261 674671
31 498 11093 0 1777797261 674741
27 427 3033 0 1777797261 675006
26 421 3046 0 1777797261 675350
30 444 22390 0 1777797261 675357
27 428 6010 0 1777797261 681018
30 445 5867 0 1777797261 681235
28 414 8006 0 1777797261 682685
27 429 6960 0 1777797261 687980
27 430 2670 0 1777797261 690652
26 422 16346 0 1777797261 691705
27 431 1261 0 1777797261 691915
28 415 11496 0 1777797261 694183
27 432 3044 0 1777797261 694967
31 499 21861 0 1777797261 696603
30 446 16614 0 1777797261 697851
29 421 30207 0 1777797261 700281
27 433 5372 0 1777797261 700340
30 447 2695 0 1777797261 700552
28 416 6809 0 1777797261 700994
31 500 6561 0 1777797261 703168
28 417 5037 0 1777797261 706033
29 422 5757 0 1777797261 706040
26 423 14737 0 1777797261 706446
31 501 3647 0 1777797261 706818
27 434 7318 0 1777797261 707659
29 423 6239 0 1777797261 712289
28 418 7325 0 1777797261 713366
30 448 13022 0 1777797261 713575
31 502 6762 0 1777797261 713581
26 424 7708 0 1777797261 714156
29 424 1867 0 1777797261 714163
29 425 1079 0 1777797261 715252
29 426 1028 0 1777797261 716282
30 449 3835 0 1777797261 717417
29 427 1725 0 1777797261 718012
30 450 3972 0 1777797261 721392
29 428 3413 0 1777797261 721431
30 451 1338 0 1777797261 722735
29 429 2534 0 1777797261 723966
30 452 1236 0 1777797261 723973
29 430 1838 0 1777797261 725813
27 435 20982 0 1777797261 728648
29 431 2874 0 1777797261 728691
30 453 5176 0 1777797261 729160
30 454 3588 0 1777797261 732749
27 436 4201 0 1777797261 732851
31 503 19470 0 1777797261 733062
28 419 21264 0 1777797261 734634
29 432 8607 0 1777797261 737299
31 504 4259 0 1777797261 737322
28 420 6441 0 1777797261 741081
28 421 1362 0 1777797261 742447
27 437 11706 0 1777797261 744558
30 455 11840 0 1777797261 744597
26 425 33363 0 1777797261 747527
27 438 2986 0 1777797261 747546
28 422 7087 0 1777797261 749536
28 423 3540 0 1777797261 753078
26 426 5971 0 1777797261 753500
26 427 7965 0 1777797261 761467
29 433 25446 0 1777797261 762769
26 428 1409 0 1777797261 762880
28 424 10746 0 1777797261 763832
28 425 833 0 1777797261 764668
28 426 859 0 1777797261 765528
30 456 22371 0 1777797261 766973
28 427 4224 0 1777797261 769754
29 434 6992 0 1777797261 769762
31 505 35063 0 1777797261 772397
28 428 4047 0 1777797261 773809
31 506 2890 0 1777797261 775289
31 507 1409 0 1777797261 776700
30 457 9884 0 1777797261 776859
29 435 8219 0 1777797261 777994
28 429 4840 0 1777797261 778651
30 458 2026 0 1777797261 778939
31 508 3343 0 1777797261 780045
28 430 3427 0 1777797261 782080
29 436 5232 0 1777797261 783228
31 509 5823 0 1777797261 785874
30 459 8099 0 1777797261 787039
26 429 25056 0 1777797261 787937
29 437 4716 0 1777797261 787947
27 439 40440 0 1777797261 787988
28 431 5909 0 1777797261 787994
31 510 2515 0 1777797261 788391
26 430 3061 0 1777797261 791023
27 440 3256 0 1777797261 791251
31 511 2914 0 1777797261 791307
28 432 4014 0 1777797261 792016
30 460 8323 0 1777797261 795367
29 438 8047 0 1777797261 796021
28 433 4175 0 1777797261 796196
28 434 945 0 1777797261 797142
30 461 3715 0 1777797261 799084
28 435 1976 0 1777797261 799120
31 512 7818 0 1777797261 799127
29 439 4779 0 1777797261 800804
28 436 2344 0 1777797261 801471
27 441 12913 0 1777797261 804165
28 437 3404 0 1777797261 804877
28 438 1317 0 1777797261 806197
26 431 16868 0 1777797261 807893
28 439 3626 0 1777797261 809824
29 440 11025 0 1777797261 811830
27 442 8045 0 1777797261 812214
28 440 4691 0 1777797261 814518
29 441 3432 0 1777797261 815268
27 443 3936 0 1777797261 816152
29 442 1277 0 1777797261 816546
27 444 2100 0 1777797261 818254
28 441 5076 0 1777797261 819597
26 432 13159 0 1777797261 821059
29 443 4652 0 1777797261 821201
28 442 1794 0 1777797261 821392
31 513 22854 0 1777797261 821996
26 433 1839 0 1777797261 822899
28 443 2530 0 1777797261 823923
26 434 2624 0 1777797261 825528
28 444 1747 0 1777797261 825674
31 514 4463 0 1777797261 826464
26 435 2616 0 1777797261 828153
30 462 30816 0 1777797261 829907
28 445 4417 0 1777797261 830093
31 515 5341 0 1777797261 831809
28 446 2397 0 1777797261 832492
30 463 2665 0 1777797261 832573
26 436 5224 0 1777797261 833383
28 447 3033 0 1777797261 835526
31 516 5762 0 1777797261 837572
30 464 6118 0 1777797261 838692
29 444 17949 0 1777797261 839151
30 465 2416 0 1777797261 841110
26 437 7760 0 1777797261 841146
31 517 4591 0 1777797261 842165
28 448 6876 0 1777797261 842404
30 466 3546 0 1777797261 844662
30 467 2393 0 1777797261 847056
26 438 6016 0 1777797261 847163
29 445 8026 0 1777797261 847179
28 449 4801 0 1777797261 847206
27 445 29423 0 1777797261 847684
31 518 7260 0 1777797261 849427
29 446 2639 0 1777797261 849819
30 468 4406 0 1777797261 851469
29 447 3245 0 1777797261 853065
26 439 6021 0 1777797261 853185
28 450 7085 0 1777797261 854292
31 519 4877 0 1777797261 854311
27 446 8459 0 1777797261 856144
30 469 6729 0 1777797261 858200
29 448 6019 0 1777797261 859086
28 451 6409 0 1777797261 860703
26 440 7545 0 1777797261 860731
27 447 8200 0 1777797261 864352
30 470 6636 0 1777797261 864843
31 520 12415 0 1777797261 866727
26 441 7877 0 1777797261 868608
27 448 4254 0 1777797261 868614
29 449 9531 0 1777797261 868622
28 452 7948 0 1777797261 868655
30 471 3814 0 1777797261 868659
26 442 4206 0 1777797261 872829
30 472 4211 0 1777797261 872875
27 449 4460 0 1777797261 873091
29 450 4574 0 1777797261 873217
31 521 6502 0 1777797261 873232
31 522 2495 0 1777797261 875728
28 453 7754 0 1777797261 876413
28 454 1687 0 1777797261 878103
27 450 8072 0 1777797261 881164
31 523 6283 0 1777797261 882017
28 455 4392 0 1777797261 882504
29 451 9806 0 1777797261 883024
26 443 10436 0 1777797261 883267
28 456 1229 0 1777797261 883734
27 451 3474 0 1777797261 884639
28 457 2676 0 1777797261 886411
30 473 15739 0 1777797261 888615
29 452 5692 0 1777797261 888718
30 474 2209 0 1777797261 890830
30 475 1118 0 1777797261 891951
28 458 6784 0 1777797261 893197
29 453 6796 0 1777797261 895515
28 459 3409 0 1777797261 896607
26 444 15779 0 1777797261 899047
31 524 17778 0 1777797261 899797
27 452 21103 0 1777797261 905743
28 460 9713 0 1777797261 906322
29 454 12234 0 1777797261 907751
29 455 1646 0 1777797261 909398
27 453 5288 0 1777797261 911034
28 461 4897 0 1777797261 911224
27 454 3740 0 1777797261 914783
29 456 6032 0 1777797261 915432
27 455 4022 0 1777797261 918812
28 462 7594 0 1777797261 918819
31 525 20374 0 1777797261 920172
29 457 4926 0 1777797261 920360
29 458 3388 0 1777797261 923750
28 463 6598 0 1777797261 925422
28 464 9657 0 1777797261 935080
26 445 38163 0 1777797261 937217
31 526 17359 0 1777797261 937534
28 465 4202 0 1777797261 939285
27 456 21585 0 1777797261 940404
29 459 16725 0 1777797261 940525
27 457 1231 0 1777797261 941637
26 446 6399 0 1777797261 943619
28 466 5612 0 1777797261 944899
31 527 8843 0 1777797261 946380
30 476 55475 0 1777797261 947429
26 447 5628 0 1777797261 949248
29 460 8852 0 1777797261 949379
28 467 11095 0 1777797261 955995
27 458 15081 0 1777797261 956719
29 461 8335 0 1777797261 957715
31 528 14366 0 1777797261 960748
30 477 13473 0 1777797261 960904
27 459 4507 0 1777797261 961233
26 448 13332 0 1777797261 962582
28 468 8851 0 1777797261 964848
26 449 3139 0 1777797261 965726
31 529 5046 0 1777797261 965797
28 469 2448 0 1777797261 967297
30 478 6887 0 1777797261 967792
26 450 3400 0 1777797261 969130
31 530 3359 0 1777797261 969157
31 531 1492 0 1777797261 970650
26 451 2627 0 1777797261 971763
28 470 4477 0 1777797261 971776
31 532 2975 0 1777797261 973626
30 479 7848 0 1777797261 975641
28 471 5193 0 1777797261 976985
27 460 16261 0 1777797261 977495
26 452 6644 0 1777797261 978421
29 462 20791 0 1777797261 978508
30 480 4745 0 1777797261 980389
28 472 3899 0 1777797261 980886
29 463 2506 0 1777797261 981016
31 533 9008 0 1777797261 982640
30 481 3879 0 1777797261 984270
29 464 4527 0 1777797261 985544
30 482 1920 0 1777797261 986193
28 473 5406 0 1777797261 986293
31 534 6998 0 1777797261 989640
29 465 4665 0 1777797261 990211
28 474 4476 0 1777797261 990771
30 483 4615 0 1777797261 990812
26 453 17587 0 1777797261 996011
29 466 6321 0 1777797261 996533
28 475 6957 0 1777797261 997730
26 454 1765 0 1777797261 997779
30 484 7961 0 1777797261 998775
29 467 3302 0 1777797261 999837
31 535 11772 0 1777797262 1414
26 455 6661 0 1777797262 4441
31 536 4566 0 1777797262 5982
31 537 2811 0 1777797262 8796
27 461 31416 0 1777797262 8913
26 456 7187 0 1777797262 11630
31 538 3810 0 1777797262 12608
28 476 15642 0 1777797262 13374
29 468 14410 0 1777797262 14249
31 539 1651 0 1777797262 14261
26 457 7326 0 1777797262 18963
28 477 5601 0 1777797262 18979
31 540 5576 0 1777797262 19850
29 469 6784 0 1777797262 21047
30 485 22771 0 1777797262 21552
31 541 2805 0 1777797262 22661
27 462 13902 0 1777797262 22816
28 478 3834 0 1777797262 22846
26 458 11549 0 1777797262 30529
27 463 8337 0 1777797262 31154
28 479 8313 0 1777797262 31160
29 470 10119 0 1777797262 31168
30 486 9621 0 1777797262 31175
31 542 8519 0 1777797262 31182
27 464 7609 0 1777797262 38792
30 487 7645 0 1777797262 38857
28 480 7677 0 1777797262 38876
31 543 7802 0 1777797262 39020
26 459 8655 0 1777797262 39186
29 471 8108 0 1777797262 39315
28 481 3210 0 1777797262 42087
30 488 4585 0 1777797262 43443
31 544 4993 0 1777797262 44015
27 465 7342 0 1777797262 46140
26 460 7292 0 1777797262 46480
28 482 4395 0 1777797262 46484
29 472 7172 0 1777797262 46488
27 466 6198 0 1777797262 52344
29 473 5859 0 1777797262 52356
30 489 10512 0 1777797262 53956
26 461 7490 0 1777797262 53978
29 474 2432 0 1777797262 54809
31 545 10825 0 1777797262 54842
28 483 8824 0 1777797262 55317
28 484 1490 0 1777797262 56812
26 462 3686 0 1777797262 57665
30 490 3739 0 1777797262 57697
27 467 5936 0 1777797262 58294
28 485 1900 0 1777797262 58713
29 475 4005 0 1777797262 58817
30 491 3580 0 1777797262 61278
31 546 6572 0 1777797262 61416
27 468 4086 0 1777797262 62384
29 476 3652 0 1777797262 62470
28 486 3835 0 1777797262 62550
26 463 6513 0 1777797262 64180
31 547 4812 0 1777797262 66230
28 487 6567 0 1777797262 69119
26 464 6338 0 1777797262 70520
27 469 8623 0 1777797262 71009
28 488 3204 0 1777797262 72327
26 465 4064 0 1777797262 74590
29 477 12126 0 1777797262 74597
28 489 2341 0 1777797262 74671
27 470 6821 0 1777797262 77832
28 490 17262 0 1777797262 91935
29 478 17333 0 1777797262 91941
31 548 25709 0 1777797262 91945
27 471 17400 0 1777797262 95236
28 491 6667 0 1777797262 98612
29 479 8293 0 1777797262 100243
30 492 39391 0 1777797262 100672
28 492 6480 0 1777797262 105097
31 549 19646 0 1777797262 111599
28 493 8857 0 1777797262 113957
27 472 27559 0 1777797262 122802
26 466 48551 0 1777797262 123149
28 494 10968 0 1777797262 124984
31 550 27722 0 1777797262 139328
28 495 16526 0 1777797262 141514
27 473 23141 0 1777797262 145946
26 467 28783 0 1777797262 151933
28 496 10423 0 1777797262 151941
31 551 12615 0 1777797262 151946
27 474 8686 0 1777797262 154637
27 475 2120 0 1777797262 156759
29 480 57806 0 1777797262 158051
27 476 2860 0 1777797262 159622
26 468 10478 0 1777797262 162424
29 481 4650 0 1777797262 162702
29 482 1730 0 1777797262 164434
31 552 13016 0 1777797262 164977
29 483 3169 0 1777797262 167605
29 484 4497 0 1777797262 172103
31 553 7743 0 1777797262 172724
30 493 77137 0 1777797262 177814
31 554 9759 0 1777797262 182485
29 485 13222 0 1777797262 185330
28 497 34302 0 1777797262 186258
31 555 4192 0 1777797262 186679
30 494 9683 0 1777797262 187499
29 486 11081 0 1777797262 196413
27 477 37690 0 1777797262 197316
28 498 11062 0 1777797262 197322
30 495 12000 0 1777797262 199502
28 499 6483 0 1777797262 203815
29 487 7406 0 1777797262 203821
30 496 14594 0 1777797262 214098
29 488 11289 0 1777797262 215115
28 500 11427 0 1777797262 215248
29 489 5264 0 1777797262 220381
31 556 34198 0 1777797262 220879
30 497 7688 0 1777797262 221788
26 469 60125 0 1777797262 222552
28 501 7937 0 1777797262 223187
26 470 4476 0 1777797262 227029
31 557 6176 0 1777797262 227060
27 478 31046 0 1777797262 228369
29 490 10514 0 1777797262 230903
30 498 9287 0 1777797262 231079
27 479 4136 0 1777797262 232507
28 502 9919 0 1777797262 233107
30 499 3263 0 1777797262 234344
31 558 14004 0 1777797262 241075
28 503 8505 0 1777797262 241626
27 480 11100 0 1777797262 243611
26 471 27554 0 1777797262 254616
31 559 15301 0 1777797262 256378
30 500 22171 0 1777797262 256517
29 491 26211 0 1777797262 257116
27 481 15300 0 1777797262 258914
26 472 10952 0 1777797262 265571
29 492 8765 0 1777797262 265883
28 504 24376 0 1777797262 266005
30 501 9491 0 1777797262 266010
27 482 13991 0 1777797262 272908
31 560 16537 0 1777797262 272917
28 505 11451 0 1777797262 277462
29 493 11582 0 1777797262 277471
30 502 11460 0 1777797262 277477
31 561 4561 0 1777797262 277492
27 483 8609 0 1777797262 281527
28 506 4040 0 1777797262 281534
31 562 4010 0 1777797262 281539
26 473 20684 0 1777797262 286259
28 507 4714 0 1777797262 286263
27 484 6617 0 1777797262 288157
29 494 10658 0 1777797262 288165
30 503 10648 0 1777797262 288169
31 563 6617 0 1777797262 288173
27 485 7623 0 1777797262 295797
26 474 12347 0 1777797262 298610
28 508 12351 0 1777797262 298620
29 495 10444 0 1777797262 298626
30 504 10445 0 1777797262 298632
31 564 10447 0 1777797262 298638
27 486 9884 0 1777797262 305683
26 475 8640 0 1777797262 307279
31 565 8651 0 1777797262 307325
26 476 10061 0 1777797262 317388
27 487 11669 0 1777797262 317392
28 509 18747 0 1777797262 317396
29 496 18740 0 1777797262 317399
30 505 18736 0 1777797262 317403
31 566 10029 0 1777797262 317407
26 477 7592 0 1777797262 324999
27 488 7605 0 1777797262 325017
28 510 7606 0 1777797262 325024
29 497 7607 0 1777797262 325029
30 506 7618 0 1777797262 325044
31 567 14895 0 1777797262 332324
26 478 8058 0 1777797262 333103
28 511 8055 0 1777797262 333118
29 498 8226 0 1777797262 333303
27 489 8582 0 1777797262 333638
30 507 8561 0 1777797262 333646
28 512 6474 0 1777797262 339845
29 499 6471 0 1777797262 339853
31 568 7532 0 1777797262 339859
26 479 9233 0 1777797262 342538
27 490 8915 0 1777797262 342565
30 508 8914 0 1777797262 342573
27 491 7673 0 1777797262 350270
28 513 10417 0 1777797262 350278
31 569 10399 0 1777797262 350288
26 480 11391 0 1777797262 353965
29 500 14104 0 1777797262 353972
30 509 11373 0 1777797262 353979
28 514 5971 0 1777797262 356278
31 570 5906 0 1777797262 356305
26 481 6835 0 1777797262 360828
30 510 6822 0 1777797262 360838
27 492 15610 0 1777797262 365899
29 501 11897 0 1777797262 365905
31 571 14672 0 1777797262 370978
28 515 17091 0 1777797262 373374
26 482 16034 0 1777797262 376872
27 493 13230 0 1777797262 379136
30 511 18294 0 1777797262 379143
29 502 21599 0 1777797262 387513
31 572 16536 0 1777797262 387518
26 483 11789 0 1777797262 388664
27 494 9496 0 1777797262 388668
28 516 15294 0 1777797262 388671
30 512 14490 0 1777797262 393695
31 573 6162 0 1777797262 393699
26 484 7429 0 1777797262 396101
27 495 7429 0 1777797262 396105
29 503 8579 0 1777797262 396109
28 517 9767 0 1777797262 398513
30 513 6245 0 1777797262 399944
31 574 11654 0 1777797262 405358
31 575 11345 0 1777797262 416708
26 485 28032 0 1777797262 424142
29 504 28686 0 1777797262 424808
28 518 34394 0 1777797262 432910
27 496 48792 0 1777797262 444910
28 519 12013 0 1777797262 444926
29 505 21127 0 1777797262 445937
29 506 2753 0 1777797262 448692
28 520 4497 0 1777797262 449439
28 521 3104 0 1777797262 452546
28 522 1764 0 1777797262 454313
29 507 5625 0 1777797262 454319
27 497 11083 0 1777797262 456011
29 508 3084 0 1777797262 457419
27 498 7583 0 1777797262 463600
29 509 6654 0 1777797262 464075
27 499 2299 0 1777797262 465907
29 510 2347 0 1777797262 466423
30 514 73497 0 1777797262 473443
30 515 2914 0 1777797262 476360
30 516 2272 0 1777797262 478633
26 486 54880 0 1777797262 479024
28 523 25758 0 1777797262 480077
27 500 19566 0 1777797262 485474
28 524 5404 0 1777797262 485484
30 517 6857 0 1777797262 485492
28 525 1056 0 1777797262 486732
27 501 1257 0 1777797262 486750
30 518 2150 0 1777797262 487837
27 502 8555 0 1777797262 495306
30 519 7473 0 1777797262 495315
26 487 16702 0 1777797262 495729
28 526 9001 0 1777797262 495736
31 576 79655 0 1777797262 496368
26 488 1671 0 1777797262 497407
27 503 4012 0 1777797262 499328
27 504 2760 0 1777797262 502091
27 505 2666 0 1777797262 504760
27 506 1010 0 1777797262 505772
31 577 11449 0 1777797262 507821
27 507 2665 0 1777797262 508440
30 520 13341 0 1777797262 508666
27 508 1171 0 1777797262 509613
31 578 1806 0 1777797262 509628
31 579 1275 0 1777797262 510926
29 511 47140 0 1777797262 513565
31 580 4525 0 1777797262 515453
30 521 7994 0 1777797262 516663
26 489 20449 0 1777797262 517857
31 581 3630 0 1777797262 519089
29 512 5849 0 1777797262 519416
27 509 17239 0 1777797262 526869
28 527 31505 0 1777797262 527280
29 513 7893 0 1777797262 527312
31 582 8230 0 1777797262 527321
26 490 13311 0 1777797262 531176
30 522 14520 0 1777797262 531184
29 514 3858 0 1777797262 531209
27 510 7412 0 1777797262 534735
28 528 7407 0 1777797262 534750
31 583 10263 0 1777797262 537621
30 523 8210 0 1777797262 539404
26 491 9940 0 1777797262 541125
27 511 9344 0 1777797262 544096
28 529 9355 0 1777797262 544126
26 492 3324 0 1777797262 544452
29 515 13260 0 1777797262 544470
30 524 6180 0 1777797262 545593
28 530 2948 0 1777797262 547075
27 512 5480 0 1777797262 549577
28 531 7072 0 1777797262 554150
31 584 16547 0 1777797262 554170
26 493 13488 0 1777797262 557959
27 513 8385 0 1777797262 557968
29 516 13488 0 1777797262 557975
30 525 12386 0 1777797262 557980
26 494 5021 0 1777797262 563003
27 514 5017 0 1777797262 563014
28 532 8848 0 1777797262 563019
30 526 5011 0 1777797262 563024
31 585 8826 0 1777797262 563028
29 517 5794 0 1777797262 563800
28 533 3323 0 1777797262 566366
27 515 5967 0 1777797262 569005
28 534 2631 0 1777797262 569008
30 527 5965 0 1777797262 569012
26 495 6545 0 1777797262 569573
26 496 6859 0 1777797262 576435
27 516 7451 0 1777797262 576463
29 518 12686 0 1777797262 576491
30 528 7484 0 1777797262 576504
31 586 13461 0 1777797262 576514
28 535 8153 0 1777797262 577170
29 519 4226 0 1777797262 580769
30 529 4225 0 1777797262 580776
31 587 4223 0 1777797262 580782
26 497 8043 0 1777797262 584559
28 536 7518 0 1777797262 584693
28 537 5306 0 1777797262 590031
30 530 9376 0 1777797262 590168
31 588 9375 0 1777797262 590175
26 498 10084 0 1777797262 594781
27 517 18553 0 1777797262 595088
29 520 17022 0 1777797262 597805
26 499 12700 0 1777797262 607789
30 531 18351 0 1777797262 608535
29 521 10952 0 1777797262 608759
27 518 14894 0 1777797262 609989
30 532 5956 0 1777797262 614492
28 538 25194 0 1777797262 615369
27 519 10733 0 1777797262 620729
28 539 5366 0 1777797262 620736
29 522 11979 0 1777797262 620739
31 589 30554 0 1777797262 620743
26 500 15344 0 1777797262 623134
30 533 9509 0 1777797262 624002
27 520 6611 0 1777797262 627355
26 501 6246 0 1777797262 629421
30 534 6905 0 1777797262 630912
28 540 12984 0 1777797262 633735
26 502 4563 0 1777797262 633991
31 590 13239 0 1777797262 633998
27 521 7655 0 1777797262 635011
29 523 14260 0 1777797262 635016
26 503 4709 0 1777797262 638708
28 541 4987 0 1777797262 638723
27 522 9711 0 1777797262 644728
31 591 10726 0 1777797262 644732
26 504 7458 0 1777797262 646182
30 535 15276 0 1777797262 646189
28 542 8242 0 1777797262 646979
29 524 11960 0 1777797262 646984
29 525 7313 0 1777797262 654307
27 523 10526 0 1777797262 655258
26 505 19710 0 1777797262 665901
28 543 18922 0 1777797262 665907
27 524 34044 0 1777797262 689303
27 525 6738 0 1777797262 696042
27 526 2485 0 1777797262 698535
30 536 52558 0 1777797262 698755
31 592 54020 0 1777797262 698759
26 506 36908 0 1777797262 702816
29 526 50289 0 1777797262 704597
26 507 6918 0 1777797262 709736
27 527 14289 0 1777797262 712830
31 593 29836 0 1777797262 728600
29 527 27237 0 1777797262 731837
30 537 54588 0 1777797262 753347
30 538 6359 0 1777797262 759708
31 594 36173 0 1777797262 764774
26 508 65702 0 1777797262 775439
27 528 62612 0 1777797262 775443
28 544 109534 0 1777797262 775447
29 528 43612 0 1777797262 775450
30 539 15745 0 1777797262 775454
31 595 11733 0 1777797262 776508
28 545 12932 0 1777797262 788397
29 529 12930 0 1777797262 788400
30 540 12928 0 1777797262 788403
31 596 11896 0 1777797262 788405
27 529 13248 0 1777797262 788709
26 509 14477 0 1777797262 789931
29 530 5734 0 1777797262 794144
30 541 5736 0 1777797262 794150
31 597 5736 0 1777797262 794154
30 542 7049 0 1777797262 801212
31 598 7049 0 1777797262 801216
29 531 7856 0 1777797262 802010
28 546 15787 0 1777797262 804192
27 530 17513 0 1777797262 806226
26 510 19732 0 1777797262 809665
31 599 8450 0 1777797262 809671
29 532 8499 0 1777797262 810510
30 543 9301 0 1777797262 810518
28 547 14831 0 1777797262 819024
27 531 16795 0 1777797262 823022
26 511 13457 0 1777797262 823129
29 533 12649 0 1777797262 823167
30 544 13679 0 1777797262 824203
31 600 19465 0 1777797262 829163
28 548 12763 0 1777797262 831789
26 512 11658 0 1777797262 834826
29 534 14234 0 1777797262 837422
30 545 13259 0 1777797262 837463
27 532 14460 0 1777797262 837536
26 513 7622 0 1777797262 842449
28 549 10663 0 1777797262 842453
31 601 13986 0 1777797262 843151
26 514 11454 0 1777797262 853908
27 533 16377 0 1777797262 853917
28 550 11466 0 1777797262 853923
29 535 16502 0 1777797262 853931
30 546 16473 0 1777797262 853938
31 602 10816 0 1777797262 853974
26 515 9572 0 1777797262 863548
30 547 9472 0 1777797262 863573
29 536 12600 0 1777797262 866697
28 551 17166 0 1777797262 871259
27 534 21299 0 1777797262 875385
31 603 21283 0 1777797262 875390
26 516 13486 0 1777797262 877038
29 537 10348 0 1777797262 877046
30 548 13475 0 1777797262 877050
28 552 8310 0 1777797262 879570
31 604 13770 0 1777797262 889166
26 517 12832 0 1777797262 889882
27 535 14494 0 1777797262 889884
29 538 12830 0 1777797262 889888
30 549 12829 0 1777797262 889891
28 553 13725 0 1777797262 893296
26 518 6920 0 1777797262 896811
31 605 7649 0 1777797262 896816
30 550 9162 0 1777797262 899066
28 554 9194 0 1777797262 902493
27 536 13619 0 1777797262 903515
29 539 13617 0 1777797262 903518
30 551 5700 0 1777797262 904769
31 606 7951 0 1777797262 904773
29 540 8577 0 1777797262 912100
30 552 7373 0 1777797262 912146
26 519 17751 0 1777797262 914568
28 555 12075 0 1777797262 914572
31 607 9798 0 1777797262 914576
27 537 11815 0 1777797262 915334
29 541 8335 0 1777797262 920441
30 553 8303 0 1777797262 920451
26 520 11961 0 1777797262 926537
27 538 11210 0 1777797262 926545
28 556 11969 0 1777797262 926551
31 608 11988 0 1777797262 926574
29 542 7417 0 1777797262 927878
30 554 7412 0 1777797262 927884
26 521 12672 0 1777797262 939247
27 539 12667 0 1777797262 939253
29 543 12543 0 1777797262 940427
30 555 12553 0 1777797262 940440
31 609 12579 0 1777797262 940446
28 557 18302 0 1777797262 944895
26 522 17355 0 1777797262 956608
27 540 17759 0 1777797262 957079
28 558 12197 0 1777797262 957093
29 544 16707 0 1777797262 957155
30 556 16721 0 1777797262 957187
31 610 16713 0 1777797262 957196
26 523 5793 0 1777797262 962990
27 541 5794 0 1777797262 963004
30 557 5778 0 1777797262 963010
31 611 5765 0 1777797262 963018
28 559 9282 0 1777797262 966501
29 545 9290 0 1777797262 966516
26 524 6285 0 1777797262 969305
27 542 6325 0 1777797262 969360
30 558 7985 0 1777797262 971028
28 560 5520 0 1777797262 972039
31 612 12060 0 1777797262 975111
26 525 6383 0 1777797262 975746
29 546 11438 0 1777797262 977969
30 559 6947 0 1777797262 977977
27 543 8840 0 1777797262 978218
28 561 9372 0 1777797262 981419
31 613 10981 0 1777797262 986094
30 560 10530 0 1777797262 988521
27 544 11226 0 1777797262 989446
26 526 13991 0 1777797262 989739
28 562 8670 0 1777797262 990092
29 547 16088 0 1777797262 994066
26 527 8173 0 1777797262 997913
27 545 8499 0 1777797262 997946
28 563 8093 0 1777797262 998187
30 561 9663 0 1777797262 998193
31 614 12102 0 1777797262 998198
26 528 7041 0 1777797263 5239
29 548 11170 0 1777797263 5246
27 546 7144 0 1777797263 5349
30 562 7138 0 1777797263 5355
28 564 12556 0 1777797263 10768
30 563 5529 0 1777797263 10889
27 547 5563 0 1777797263 10918
29 549 6342 0 1777797263 11600
26 529 8158 0 1777797263 13404
31 615 16787 0 1777797263 15008
27 548 5943 0 1777797263 16863
26 530 9006 0 1777797263 22413
29 550 10821 0 1777797263 22423
30 564 11528 0 1777797263 22430
28 565 12400 0 1777797263 23291
27 549 7524 0 1777797263 24394
30 565 1973 0 1777797263 24424
29 551 6301 0 1777797263 28743
30 566 8794 0 1777797263 33229
26 531 10824 0 1777797263 33255
28 566 9979 0 1777797263 33271
27 550 13986 0 1777797263 38411
29 552 9674 0 1777797263 38419
31 616 23437 0 1777797263 38446
26 532 7289 0 1777797263 40545
30 567 7324 0 1777797263 40556
27 551 3627 0 1777797263 42047
29 553 9037 0 1777797263 47467
29 554 2497 0 1777797263 49966
30 568 9399 0 1777797263 49973
28 567 21077 0 1777797263 54349
26 533 14088 0 1777797263 54645
27 552 16681 0 1777797263 58733
29 555 10355 0 1777797263 60328
30 569 13612 0 1777797263 63594
30 570 3351 0 1777797263 66946
28 568 16478 0 1777797263 70829
31 617 32396 0 1777797263 70843
26 534 24780 0 1777797263 79426
30 571 12491 0 1777797263 79440
29 556 20758 0 1777797263 81089
29 557 6585 0 1777797263 87676
30 572 8239 0 1777797263 87690
30 573 5977 0 1777797263 93699
30 574 2091 0 1777797263 95795
30 575 9970 0 1777797263 105771
31 618 34938 0 1777797263 105796
26 535 34319 0 1777797263 113760
27 553 55042 0 1777797263 113776
28 569 42939 0 1777797263 113783
29 558 26098 0 1777797263 113789
30 576 14094 0 1777797263 119892
28 570 17760 0 1777797263 131569
29 559 17762 0 1777797263 131578
31 619 25760 0 1777797263 131585
30 577 16673 0 1777797263 136567
28 571 14101 0 1777797263 145687
29 560 14096 0 1777797263 145693
30 578 9128 0 1777797263 145697
31 620 14095 0 1777797263 145701
26 536 43776 0 1777797263 157567
30 579 11864 0 1777797263 157580
26 537 5287 0 1777797263 162869
27 554 49087 0 1777797263 162887
28 572 17194 0 1777797263 162896
29 561 17194 0 1777797263 162904
30 580 5303 0 1777797263 162912
31 621 17198 0 1777797263 162919
28 573 3567 0 1777797263 166515
29 562 3624 0 1777797263 166581
27 555 8717 0 1777797263 171655
31 622 8664 0 1777797263 171663
26 538 9698 0 1777797263 172619
28 574 6123 0 1777797263 172641
29 563 6065 0 1777797263 172648
30 581 10540 0 1777797263 173504
27 556 6576 0 1777797263 178239
29 564 5586 0 1777797263 178244
31 623 6575 0 1777797263 178247
30 582 7895 0 1777797263 181401
26 539 15462 0 1777797263 188084
27 557 9845 0 1777797263 188094
28 575 15452 0 1777797263 188100
29 565 9850 0 1777797263 188105
31 624 19638 0 1777797263 197897
29 566 10056 0 1777797263 198190
27 558 10427 0 1777797263 198545
30 583 17167 0 1777797263 198570
28 576 12352 0 1777797263 200478
30 584 1913 0 1777797263 200496
29 567 5193 0 1777797263 203385
28 577 6042 0 1777797263 206540
31 625 8656 0 1777797263 206555
27 559 9221 0 1777797263 207792
26 540 20337 0 1777797263 208443
30 585 7940 0 1777797263 208450
29 568 7455 0 1777797263 210856
31 626 5079 0 1777797263 211644
28 578 5378 0 1777797263 211934
30 586 6464 0 1777797263 214925
26 541 7581 0 1777797263 216032
27 560 8241 0 1777797263 216039
29 569 5140 0 1777797263 216045
31 627 4969 0 1777797263 216619
28 579 8719 0 1777797263 220656
30 587 5739 0 1777797263 220672
29 570 5622 0 1777797263 221684
26 542 6326 0 1777797263 222372
27 561 12592 0 1777797263 228648
31 628 12037 0 1777797263 228657
28 580 8347 0 1777797263 229020
30 588 11346 0 1777797263 232035
26 543 10046 0 1777797263 232420
29 571 10740 0 1777797263 232426
28 581 5455 0 1777797263 234477
27 562 6019 0 1777797263 234677
31 629 9411 0 1777797263 238081
26 544 8759 0 1777797263 241186
30 589 9158 0 1777797263 241195
28 582 8003 0 1777797263 242482
29 572 10057 0 1777797263 242492
31 630 7723 0 1777797263 245809
27 563 11510 0 1777797263 246189
30 590 5137 0 1777797263 246349
26 545 6104 0 1777797263 247300
28 583 5131 0 1777797263 247624
29 573 5350 0 1777797263 247858
27 564 7005 0 1777797263 253197
31 631 7457 0 1777797263 253268
26 546 9485 0 1777797263 256787
28 584 9167 0 1777797263 256793
29 574 8940 0 1777797263 256799
30 591 10455 0 1777797263 256805
31 632 4825 0 1777797263 258129
27 565 8003 0 1777797263 261272
28 585 6427 0 1777797263 263242
30 592 6444 0 1777797263 263272
26 547 6612 0 1777797263 263418
29 575 7036 0 1777797263 263858
31 633 5735 0 1777797263 263866
27 566 3438 0 1777797263 264713
28 586 8129 0 1777797263 271403
29 576 7545 0 1777797263 271412
30 593 8130 0 1777797263 271417
31 634 8581 0 1777797263 272461
29 577 3090 0 1777797263 274520
30 594 3208 0 1777797263 274650
27 567 12055 0 1777797263 276775
28 587 5364 0 1777797263 276782
27 568 2896 0 1777797263 279680
29 578 5705 0 1777797263 280227
26 548 17341 0 1777797263 280761
30 595 6117 0 1777797263 280768
28 588 4308 0 1777797263 281111
29 579 7645 0 1777797263 287877
30 596 7107 0 1777797263 287886
26 549 9836 0 1777797263 290605
28 589 9507 0 1777797263 290620
27 569 13978 0 1777797263 293660
29 580 5784 0 1777797263 293671
30 597 5777 0 1777797263 293675
31 635 21216 0 1777797263 293679
26 550 6105 0 1777797263 296727
29 581 3059 0 1777797263 296750
29 582 1485 0 1777797263 298236
29 583 1458 0 1777797263 299695
31 636 6556 0 1777797263 300257
30 598 6758 0 1777797263 300454
26 551 5023 0 1777797263 301753
29 584 2844 0 1777797263 302541
28 590 58089 0 1777797263 348720
27 570 61802 0 1777797263 355482
29 585 52943 0 1777797263 355490
30 599 55042 0 1777797263 355497
31 637 55260 0 1777797263 355519
28 591 7927 0 1777797263 356649
27 571 5478 0 1777797263 360999
29 586 13917 0 1777797263 369447
30 600 13803 0 1777797263 369457
31 638 13767 0 1777797263 369464
27 572 12777 0 1777797263 373780
31 639 4386 0 1777797263 373872
26 552 74687 0 1777797263 376442
28 592 20276 0 1777797263 376926
29 587 8104 0 1777797263 377569
26 553 12625 0 1777797263 389069
27 573 15294 0 1777797263 389075
28 593 12155 0 1777797263 389082
29 588 11516 0 1777797263 389089
30 601 19618 0 1777797263 389095
31 640 15227 0 1777797263 389101
27 574 17042 0 1777797263 406157
30 602 17020 0 1777797263 406169
31 641 17011 0 1777797263 406178
26 554 17177 0 1777797263 406278
28 594 17148 0 1777797263 406284
29 589 17148 0 1777797263 406291
29 590 2058 0 1777797263 408384
31 642 6068 0 1777797263 412304
27 575 6157 0 1777797263 412347
28 595 9744 0 1777797263 416046
29 591 8483 0 1777797263 416869
31 643 5543 0 1777797263 417856
27 576 5820 0 1777797263 418169
30 603 12326 0 1777797263 418526
26 555 17940 0 1777797263 424232
28 596 9099 0 1777797263 425146
30 604 6639 0 1777797263 425166
27 577 10258 0 1777797263 428431
29 592 12389 0 1777797263 429262
28 597 8154 0 1777797263 433322
31 644 20545 0 1777797263 438406
29 593 9819 0 1777797263 439087
27 578 11273 0 1777797263 439705
30 605 15526 0 1777797263 440704
26 556 17255 0 1777797263 441490
29 594 2876 0 1777797263 441965
28 598 8718 0 1777797263 442045
27 579 5237 0 1777797263 444944
29 595 5636 0 1777797263 447603
29 596 6721 0 1777797263 454330
29 597 8961 0 1777797263 463295
29 598 1376 0 1777797263 464675
31 645 29986 0 1777797263 468395
29 599 6167 0 1777797263 470843
30 606 35976 0 1777797263 476681
31 646 8259 0 1777797263 476694
31 647 2825 0 1777797263 479529
31 648 3806 0 1777797263 483340
31 649 4018 0 1777797263 487360
31 650 4248 0 1777797263 491611
30 607 18423 0 1777797263 495118
30 608 2135 0 1777797263 497256
29 600 27981 0 1777797263 498826
26 557 64451 0 1777797263 505944
27 580 61005 0 1777797263 505951
28 599 63917 0 1777797263 505965
31 651 14368 0 1777797263 505981
27 581 5575 0 1777797263 511565
28 600 5586 0 1777797263 511583
26 558 6597 0 1777797263 512579
27 582 3724 0 1777797263 515309
26 559 3420 0 1777797263 516000
27 583 4749 0 1777797263 520060
28 601 9651 0 1777797263 521253
27 584 7944 0 1777797263 528008
30 609 30756 0 1777797263 528021
26 560 14936 0 1777797263 530938
30 610 3953 0 1777797263 531991
27 585 4372 0 1777797263 532395
28 602 17792 0 1777797263 539047
26 561 8407 0 1777797263 539348
30 611 12121 0 1777797263 544117
27 586 15094 0 1777797263 547491
28 603 10592 0 1777797263 549643
27 587 6694 0 1777797263 554188
26 562 17118 0 1777797263 556475
30 612 12369 0 1777797263 556491
28 604 7146 0 1777797263 556792
30 613 5177 0 1777797263 561681
26 563 6379 0 1777797263 562872
28 605 7756 0 1777797263 564550
27 588 11670 0 1777797263 565861
27 589 5832 0 1777797263 571697
31 652 66662 0 1777797263 572666
29 601 74592 0 1777797263 573421
27 590 5235 0 1777797263 576934
26 564 15734 0 1777797263 578608
29 602 5816 0 1777797263 579240
31 653 7079 0 1777797263 579747
30 614 18342 0 1777797263 580030
31 654 1657 0 1777797263 581407
29 603 2903 0 1777797263 582147
26 565 4044 0 1777797263 582654
28 606 18315 0 1777797263 582875
31 655 1736 0 1777797263 583145
29 604 1413 0 1777797263 583564
30 615 4548 0 1777797263 584580
26 566 3069 0 1777797263 585725
26 567 2010 0 1777797263 587739
31 656 6414 0 1777797263 589562
29 605 6593 0 1777797263 590158
26 568 11625 0 1777797263 599367
27 591 22432 0 1777797263 599373
28 607 16530 0 1777797263 599406
30 616 14835 0 1777797263 599417
29 606 9937 0 1777797263 600097
29 607 2156 0 1777797263 602256
28 608 4815 0 1777797263 604250
26 569 6105 0 1777797263 605523
28 609 1466 0 1777797263 605718
28 610 2162 0 1777797263 607882
29 608 11021 0 1777797263 613279
31 657 24555 0 1777797263 614119
26 570 11899 0 1777797263 617424
27 592 18002 0 1777797263 617430
28 611 9550 0 1777797263 617435
29 609 4159 0 1777797263 617440
30 617 18004 0 1777797263 617445
31 658 3326 0 1777797263 617450
27 593 3028 0 1777797263 620487
26 571 4716 0 1777797263 622168
27 594 3125 0 1777797263 623615
26 572 1906 0 1777797263 624076
27 595 2394 0 1777797263 626011
26 573 4227 0 1777797263 628306
27 596 5152 0 1777797263 631168
27 597 1676 0 1777797263 632848
28 612 15389 0 1777797263 632854
29 610 15439 0 1777797263 632911
29 611 1331 0 1777797263 634245
29 612 2367 0 1777797263 636614
27 598 6996 0 1777797263 639851
28 613 6992 0 1777797263 639863
27 599 2401 0 1777797263 642265
27 600 2571 0 1777797263 644838
31 659 28075 0 1777797263 645559
31 660 3205 0 1777797263 648767
27 601 4191 0 1777797263 649031
29 613 13632 0 1777797263 650249
26 574 23049 0 1777797263 651368
27 602 5155 0 1777797263 654187
28 614 24803 0 1777797263 664679
27 603 11764 0 1777797263 665953
30 618 48591 0 1777797263 666069
26 575 18939 0 1777797263 670310
29 614 23129 0 1777797263 673380
26 576 5601 0 1777797263 675914
26 577 3709 0 1777797263 679625
28 615 16947 0 1777797263 681629
29 615 9770 0 1777797263 683152
30 619 17087 0 1777797263 683158
31 661 34740 0 1777797263 683508
28 616 5391 0 1777797263 687028
26 578 7486 0 1777797263 687113
30 620 5628 0 1777797263 688797
31 662 7407 0 1777797263 690918
29 616 8441 0 1777797263 691600
27 604 27004 0 1777797263 692959
30 621 7726 0 1777797263 696525
31 663 6688 0 1777797263 697609
26 579 12388 0 1777797263 699503
29 617 7909 0 1777797263 699513
30 622 4322 0 1777797263 700849
26 580 2994 0 1777797263 702509
26 581 7754 0 1777797263 710269
28 617 23245 0 1777797263 710277
29 618 10754 0 1777797263 710285
31 664 12676 0 1777797263 710290
27 605 20629 0 1777797263 713591
29 619 4329 0 1777797263 714648
28 618 5356 0 1777797263 715666
27 606 5145 0 1777797263 718784
31 665 8471 0 1777797263 718797
28 619 3352 0 1777797263 719024
26 582 9539 0 1777797263 719830
26 583 1237 0 1777797263 721069
29 620 9431 0 1777797263 724081
30 623 23402 0 1777797263 724252
26 584 38094 0 1777797263 759168
28 620 40166 0 1777797263 759191
31 666 40391 0 1777797263 759201
30 624 35353 0 1777797263 759606
27 607 40933 0 1777797263 759731
29 621 37597 0 1777797263 761681
29 622 941 0 1777797263 762630
31 667 3775 0 1777797263 763004
31 668 1010 0 1777797263 764015
29 623 1705 0 1777797263 764339
29 624 876 0 1777797263 765217
31 669 1561 0 1777797263 765579
31 670 1060 0 1777797263 766642
29 625 2122 0 1777797263 767342
28 621 8243 0 1777797263 767457
31 671 1175 0 1777797263 767819
31 672 1114 0 1777797263 768934
29 626 1704 0 1777797263 769049
28 622 8553 0 1777797263 776011
26 585 20099 0 1777797263 779301
27 608 19585 0 1777797263 779318
29 627 10275 0 1777797263 779325
30 625 19735 0 1777797263 779342
31 673 10415 0 1777797263 779350
31 674 2658 0 1777797263 782061
28 623 10996 0 1777797263 787010
29 628 7721 0 1777797263 787110
26 586 8382 0 1777797263 787734
27 609 8379 0 1777797263 787756
30 626 10167 0 1777797263 789564
28 624 8877 0 1777797263 795989
29 629 8882 0 1777797263 796006
31 675 13949 0 1777797263 796012
26 587 8303 0 1777797263 796040
27 610 8287 0 1777797263 796044
27 611 9456 0 1777797263 805505
28 625 9500 0 1777797263 805513
31 676 9491 0 1777797263 805519
26 588 10315 0 1777797263 806360
29 630 14165 0 1777797263 810188
28 626 7657 0 1777797263 813194
29 631 3019 0 1777797263 813209
31 677 7672 0 1777797263 813217
27 612 10370 0 1777797263 815890
26 589 10702 0 1777797263 817063
26 590 8528 0 1777797263 825593
27 613 9712 0 1777797263 825604
28 627 12396 0 1777797263 825614
29 632 12390 0 1777797263 825623
30 627 36027 0 1777797263 825631
31 678 12399 0 1777797263 825640
27 614 8340 0 1777797263 833997
29 633 8335 0 1777797263 834009
30 628 8334 0 1777797263 834015
26 591 9499 0 1777797263 835140
28 628 9483 0 1777797263 835149
31 679 9468 0 1777797263 835155
29 634 4585 0 1777797263 838618
27 615 5949 0 1777797263 839965
30 629 5835 0 1777797263 839978
26 592 8866 0 1777797263 844022
28 629 8861 0 1777797263 844030
31 680 8507 0 1777797263 844035
29 635 5792 0 1777797263 844412
30 630 5573 0 1777797263 845571
27 616 8112 0 1777797263 848091
26 593 7908 0 1777797263 851945
28 630 7906 0 1777797263 851952
29 636 7544 0 1777797263 851958
30 631 6417 0 1777797263 851993
31 681 7951 0 1777797263 852003
27 617 7286 0 1777797263 855388
29 637 5066 0 1777797263 857095
30 632 5064 0 1777797263 857102
26 594 9484 0 1777797263 861488
28 631 9495 0 1777797263 861509
29 638 5309 0 1777797263 862412
30 633 5314 0 1777797263 862426
26 595 9625 0 1777797263 871136
27 618 15761 0 1777797263 871152
28 632 9640 0 1777797263 871162
29 639 8741 0 1777797263 871168
30 634 8731 0 1777797263 871174
31 682 19135 0 1777797263 871180
27 619 5247 0 1777797263 876437
29 640 5243 0 1777797263 876449
30 635 6131 0 1777797263 877343
26 596 6953 0 1777797263 878134
29 641 2316 0 1777797263 878795
27 620 5909 0 1777797263 882359
30 636 5023 0 1777797263 882367
29 642 4106 0 1777797263 882903
26 597 5071 0 1777797263 883207
31 683 12042 0 1777797263 883260
28 633 13642 0 1777797263 884838
30 637 5596 0 1777797263 887974
27 621 6050 0 1777797263 888418
29 643 5961 0 1777797263 888866
28 634 10313 0 1777797263 895160
31 684 11900 0 1777797263 895170
26 598 11965 0 1777797263 895226
30 638 8239 0 1777797263 896216
27 622 8072 0 1777797263 896492
29 644 7629 0 1777797263 896497
26 599 2043 0 1777797263 897271
31 685 2618 0 1777797263 897825
28 635 6133 0 1777797263 901304
27 623 5848 0 1777797263 902346
29 645 5846 0 1777797263 902353
30 639 8417 0 1777797263 904636
27 624 3395 0 1777797263 905749
29 646 4643 0 1777797263 907005
27 625 1733 0 1777797263 907484
28 636 9766 0 1777797263 911080
29 647 4084 0 1777797263 911092
31 686 13270 0 1777797263 911098
30 640 7219 0 1777797263 911857
26 600 33992 0 1777797263 931267
30 641 23011 0 1777797263 934870
29 648 24993 0 1777797263 936099
26 601 5209 0 1777797263 936540
31 687 26527 0 1777797263 937641
30 642 2867 0 1777797263 937746
29 649 2813 0 1777797263 938914
27 626 32336 0 1777797263 939823
28 637 49563 0 1777797263 960662
30 643 23502 0 1777797263 961249
31 688 23649 0 1777797263 961293
30 644 3212 0 1777797263 964465
29 650 30897 0 1777797263 969812
27 627 30674 0 1777797263 970504
30 645 6600 0 1777797263 971067
29 651 1868 0 1777797263 971682
31 689 10940 0 1777797263 972235
27 628 2010 0 1777797263 972516
29 652 50478 0 1777797264 22162
30 646 51763 0 1777797264 22834
27 629 50818 0 1777797264 23336
26 602 87526 0 1777797264 24068
29 653 3317 0 1777797264 25481
28 638 64974 0 1777797264 25640
27 630 3393 0 1777797264 26730
28 639 5689 0 1777797264 31330
27 631 4659 0 1777797264 31390
29 654 5919 0 1777797264 31402
26 603 7595 0 1777797264 31667
28 640 6214 0 1777797264 37546
26 604 6984 0 1777797264 38654
27 632 7256 0 1777797264 38659
29 655 7251 0 1777797264 38663
31 690 66430 0 1777797264 38667
30 647 16146 0 1777797264 38982
26 605 7873 0 1777797264 46541
27 633 7873 0 1777797264 46550
29 656 7873 0 1777797264 46555
30 648 7591 0 1777797264 46574
31 691 7906 0 1777797264 46593
28 641 9694 0 1777797264 47244
26 606 7951 0 1777797264 54545
30 649 7951 0 1777797264 54578
27 634 11906 0 1777797264 58518
29 657 11905 0 1777797264 58526
31 692 11899 0 1777797264 58532
26 607 7427 0 1777797264 62006
30 650 7427 0 1777797264 62029
27 635 5993 0 1777797264 64526
28 642 17344 0 1777797264 64589
29 658 8419 0 1777797264 67004
26 608 8831 0 1777797264 70861
27 636 6277 0 1777797264 70868
30 651 8826 0 1777797264 70875
31 693 13609 0 1777797264 72206
26 609 3262 0 1777797264 74138
27 637 3389 0 1777797264 74275
28 643 10441 0 1777797264 75049
31 694 5034 0 1777797264 77241
26 610 4634 0 1777797264 78774
27 638 4567 0 1777797264 78843
26 611 15745 0 1777797264 94590
27 639 15739 0 1777797264 94600
28 644 19553 0 1777797264 94604
29 659 27601 0 1777797264 94607
30 652 23718 0 1777797264 94611
31 695 17373 0 1777797264 94615
28 645 10082 0 1777797264 104713
26 612 12449 0 1777797264 107065
27 640 12446 0 1777797264 107073
29 660 12443 0 1777797264 107079
30 653 12453 0 1777797264 107094
31 696 12491 0 1777797264 107137
28 646 18225 0 1777797264 122945
30 654 15793 0 1777797264 122953
26 613 17656 0 1777797264 124794
29 661 17645 0 1777797264 124799
31 697 17624 0 1777797264 124802
27 641 23843 0 1777797264 130992
28 647 8040 0 1777797264 131000
26 614 14241 0 1777797264 139043
27 642 8050 0 1777797264 139050
29 662 14250 0 1777797264 139057
30 655 16069 0 1777797264 139064
31 698 14259 0 1777797264 139070
28 648 10913 0 1777797264 141920
27 643 8340 0 1777797264 147419
29 663 8342 0 1777797264 147430
30 656 8349 0 1777797264 147447
31 699 8350 0 1777797264 147455
26 615 9330 0 1777797264 148401
28 649 7082 0 1777797264 149004
27 644 3807 0 1777797264 151263
29 664 4232 0 1777797264 151697
26 616 4580 0 1777797264 152984
30 657 5517 0 1777797264 152996
31 700 5533 0 1777797264 153018
28 650 6380 0 1777797264 155386
29 665 19828 0 1777797264 171527
30 658 18770 0 1777797264 171806
30 659 4698 0 1777797264 176505
26 617 25551 0 1777797264 178570
29 666 7771 0 1777797264 179300
28 651 25392 0 1777797264 180782
27 645 29818 0 1777797264 181083
26 618 2714 0 1777797264 181285
31 701 28633 0 1777797264 181681
31 702 1353 0 1777797264 183037
28 652 3135 0 1777797264 183919
26 619 4411 0 1777797264 185698
27 646 6341 0 1777797264 187426
28 653 4801 0 1777797264 188721
26 620 5390 0 1777797264 191090
26 621 946 0 1777797264 192038
28 654 4316 0 1777797264 193040
27 647 5840 0 1777797264 193270
31 703 11498 0 1777797264 194536
30 660 18325 0 1777797264 194833
29 667 16256 0 1777797264 195559
27 648 3098 0 1777797264 196371
31 704 2308 0 1777797264 196846
31 705 788 0 1777797264 197636
29 668 2241 0 1777797264 197801
27 649 1574 0 1777797264 197946
28 655 5522 0 1777797264 198563
28 656 2275 0 1777797264 200842
26 622 9941 0 1777797264 201982
29 669 6691 0 1777797264 204494
27 650 8422 0 1777797264 206370
28 657 5710 0 1777797264 206554
30 661 11727 0 1777797264 206563
26 623 4606 0 1777797264 206590
31 706 10664 0 1777797264 208302
28 658 2991 0 1777797264 209565
26 624 3730 0 1777797264 210320
29 670 8127 0 1777797264 212623
26 625 4067 0 1777797264 214390
27 651 8799 0 1777797264 215363
31 707 7228 0 1777797264 215534
26 626 1164 0 1777797264 215557
29 671 3028 0 1777797264 215653
28 659 10693 0 1777797264 220261
26 627 8062 0 1777797264 223620
31 708 10719 0 1777797264 226254
27 652 12478 0 1777797264 227848
30 662 22279 0 1777797264 228859
31 709 2758 0 1777797264 229014
31 710 2055 0 1777797264 231070
28 660 10888 0 1777797264 231152
30 663 3113 0 1777797264 231976
27 653 6444 0 1777797264 234294
27 654 2058 0 1777797264 236354
28 661 5366 0 1777797264 236519
30 664 5041 0 1777797264 237018
30 665 1371 0 1777797264 238391
30 666 1067 0 1777797264 239461
26 628 15911 0 1777797264 239534
28 662 4249 0 1777797264 240769
29 672 27276 0 1777797264 242930
30 667 3474 0 1777797264 242937
26 629 5856 0 1777797264 245391
27 655 9200 0 1777797264 245557
27 656 2004 0 1777797264 247563
26 630 4905 0 1777797264 250300
29 673 11956 0 1777797264 254896
30 668 11950 0 1777797264 254907
31 711 23871 0 1777797264 254943
28 663 15038 0 1777797264 255810
27 657 10489 0 1777797264 258056
26 631 10888 0 1777797264 261190
28 664 9897 0 1777797264 265716
31 712 10889 0 1777797264 265833
29 674 110654 0 1777797264 365562
30 669 110658 0 1777797264 365580
27 658 108335 0 1777797264 366394
26 632 107343 0 1777797264 368548
27 659 3994 0 1777797264 370390
31 713 105717 0 1777797264 371552
26 633 4334 0 1777797264 372884
26 634 2264 0 1777797264 375153
31 714 4875 0 1777797264 376429
30 670 11634 0 1777797264 377225
26 635 5615 0 1777797264 380771
31 715 4350 0 1777797264 380781
26 636 1507 0 1777797264 382289
31 716 2763 0 1777797264 383555
26 637 5102 0 1777797264 387395
31 717 4863 0 1777797264 388421
29 675 22910 0 1777797264 388491
27 660 20059 0 1777797264 390451
29 676 2338 0 1777797264 390830
30 671 14473 0 1777797264 391700
29 677 2247 0 1777797264 393080
27 661 3510 0 1777797264 393963
31 718 6276 0 1777797264 394703
29 678 3272 0 1777797264 396355
31 719 1955 0 1777797264 396659
27 662 3444 0 1777797264 397410
30 672 6418 0 1777797264 398120
30 673 876 0 1777797264 398999
31 720 2880 0 1777797264 399541
31 721 2812 0 1777797264 402356
26 638 17228 0 1777797264 404649
30 674 6376 0 1777797264 405377
31 722 3593 0 1777797264 405951
27 663 8736 0 1777797264 406148
26 639 3715 0 1777797264 408366
29 679 12196 0 1777797264 408553
31 723 5957 0 1777797264 411913
30 675 7923 0 1777797264 413306
27 664 7716 0 1777797264 413865
28 665 156547 0 1777797264 422272
29 680 14320 0 1777797264 422874
31 724 10967 0 1777797264 422884
27 665 14326 0 1777797264 428193
26 640 19853 0 1777797264 428221
30 676 18214 0 1777797264 431522
26 641 4598 0 1777797264 432822
29 681 10826 0 1777797264 433711
30 677 3897 0 1777797264 435421
31 725 13822 0 1777797264 436719
26 642 4378 0 1777797264 437203
26 643 2762 0 1777797264 439966
31 726 5384 0 1777797264 442105
31 727 4516 0 1777797264 446626
31 728 4916 0 1777797264 451544
31 729 1649 0 1777797264 453195
26 644 14250 0 1777797264 454220
31 730 3447 0 1777797264 456644
26 645 3831 0 1777797264 458053
28 666 35944 0 1777797264 458221
30 678 23473 0 1777797264 458897
31 731 3205 0 1777797264 459854
26 646 1968 0 1777797264 460024
26 647 3922 0 1777797264 463947
31 732 4474 0 1777797264 464331
27 666 38844 0 1777797264 467039
26 648 4677 0 1777797264 468626
31 733 5250 0 1777797264 469584
27 667 3615 0 1777797264 470656
27 668 661 0 1777797264 471319
27 669 981 0 1777797264 472302
26 649 3734 0 1777797264 472362
26 650 1610 0 1777797264 473973
27 670 1781 0 1777797264 474085
28 667 16963 0 1777797264 475186
31 734 7114 0 1777797264 476700
26 651 2939 0 1777797264 476915
27 671 3508 0 1777797264 477595
27 672 1933 0 1777797264 479532
27 673 910 0 1777797264 480446
30 679 21811 0 1777797264 480709
26 652 4304 0 1777797264 481221
26 653 4461 0 1777797264 485688
26 654 3934 0 1777797264 489627
31 735 15046 0 1777797264 491749
29 682 59813 0 1777797264 493526
28 668 19991 0 1777797264 495181
27 674 16843 0 1777797264 497292
29 683 7545 0 1777797264 501074
26 655 11776 0 1777797264 501405
30 680 22051 0 1777797264 502761
31 736 11582 0 1777797264 503382
27 675 7032 0 1777797264 504327
27 676 1292 0 1777797264 505623
27 677 1544 0 1777797264 507170
31 737 5080 0 1777797264 508464
31 738 1478 0 1777797264 509947
30 681 8488 0 1777797264 511252
31 739 5098 0 1777797264 515048
27 678 8087 0 1777797264 515262
27 679 1809 0 1777797264 517073
26 656 18146 0 1777797264 519553
29 684 20066 0 1777797264 521143
27 680 7558 0 1777797264 524636
30 682 15434 0 1777797264 526690
31 740 11651 0 1777797264 526707
26 657 8348 0 1777797264 527906
28 669 33156 0 1777797264 528339
26 658 2851 0 1777797264 530758
27 681 6127 0 1777797264 530765
29 685 9628 0 1777797264 530772
28 670 3166 0 1777797264 531511
30 683 5268 0 1777797264 531976
29 686 5497 0 1777797264 536287
31 741 9571 0 1777797264 536295
31 742 2889 0 1777797264 539198
28 671 8444 0 1777797264 539956
27 682 10193 0 1777797264 540976
26 659 10245 0 1777797264 541018
30 684 11614 0 1777797264 543592
29 687 8296 0 1777797264 544592
31 743 5402 0 1777797264 544602
27 683 3670 0 1777797264 544648
28 672 5821 0 1777797264 545782
30 685 4952 0 1777797264 548553
26 660 10154 0 1777797264 551174
29 688 8870 0 1777797264 553474
31 744 9489 0 1777797264 554101
27 684 9479 0 1777797264 554135
28 673 11799 0 1777797264 557583
29 689 11564 0 1777797264 565046
26 661 14611 0 1777797264 565787
31 745 11691 0 1777797264 565794
30 686 17262 0 1777797264 565819
28 674 8553 0 1777797264 566144
27 685 12102 0 1777797264 566238
28 675 4246 0 1777797264 570391
29 690 5467 0 1777797264 570517
27 686 4327 0 1777797264 570566
26 662 6207 0 1777797264 572002
31 746 7070 0 1777797264 572875
30 687 7203 0 1777797264 573023
28 676 3455 0 1777797264 573847
27 687 3823 0 1777797264 574391
31 747 6498 0 1777797264 579378
29 691 8957 0 1777797264 579476
26 663 7586 0 1777797264 579615
27 688 5428 0 1777797264 579822
30 688 8289 0 1777797264 581313
30 689 3437 0 1777797264 584752
27 689 7396 0 1777797264 587219
28 677 14249 0 1777797264 588101
31 748 8793 0 1777797264 588173
26 664 10561 0 1777797264 590177
29 692 12023 0 1777797264 591501
30 690 7311 0 1777797264 592066
27 690 8706 0 1777797264 595927
28 678 7831 0 1777797264 595934
29 693 6831 0 1777797264 598355
28 679 6274 0 1777797264 602218
27 691 7375 0 1777797264 603310
31 749 15150 0 1777797264 603324
29 694 7288 0 1777797264 605646
28 680 7576 0 1777797264 609796
30 691 17767 0 1777797264 609835
31 750 7144 0 1777797264 610484
27 692 9132 0 1777797264 612457
26 665 22456 0 1777797264 612638
29 695 7054 0 1777797264 612706
30 692 6028 0 1777797264 615864
31 751 5386 0 1777797264 615872
28 681 6627 0 1777797264 616427
27 693 5177 0 1777797264 617642
30 693 7158 0 1777797264 623031
26 666 11578 0 1777797264 624217
28 682 7814 0 1777797264 624242
29 696 11541 0 1777797264 624248
31 752 10743 0 1777797264 626625
27 694 9304 0 1777797264 626950
30 694 5552 0 1777797264 628587
28 683 5597 0 1777797264 629845
26 667 6311 0 1777797264 630534
27 695 23428 0 1777797264 650379
29 697 26143 0 1777797264 650396
31 753 23992 0 1777797264 650618
28 684 22513 0 1777797264 652360
31 754 3472 0 1777797264 654091
30 695 25796 0 1777797264 654384
31 755 897 0 1777797264 654991
31 756 605 0 1777797264 655597
28 685 3427 0 1777797264 655788
30 696 1786 0 1777797264 656172
30 697 1986 0 1777797264 658159
28 686 5779 0 1777797264 661568
30 698 3887 0 1777797264 662048
26 668 32024 0 1777797264 662564
27 696 13099 0 1777797264 663497
31 757 8521 0 1777797264 664119
30 699 2457 0 1777797264 664507
27 697 1613 0 1777797264 665114
27 698 1586 0 1777797264 666701
28 687 6673 0 1777797264 668244
29 698 19829 0 1777797264 670241
31 758 6179 0 1777797264 670299
26 669 8548 0 1777797264 671118
30 700 7791 0 1777797264 672300
31 759 2015 0 1777797264 672316
31 760 2484 0 1777797264 674811
28 688 8870 0 1777797264 677116
27 699 12971 0 1777797264 679674
29 699 9438 0 1777797264 679681
27 700 1904 0 1777797264 681586
26 670 13078 0 1777797264 684202
27 701 6438 0 1777797264 688120
31 761 13318 0 1777797264 688130
31 762 5516 0 1777797264 693657
28 689 17695 0 1777797264 694813
29 700 17765 0 1777797264 697455
27 702 9813 0 1777797264 697943
26 671 13789 0 1777797264 697993
31 763 4418 0 1777797264 698077
28 690 4586 0 1777797264 699405
31 764 2145 0 1777797264 700224
27 703 3527 0 1777797264 701472
31 765 1310 0 1777797264 701540
27 704 3905 0 1777797264 705380
27 705 1574 0 1777797264 706959
31 766 9065 0 1777797264 710607
29 701 19681 0 1777797264 717144
31 767 7802 0 1777797264 718411
27 706 12200 0 1777797264 719161
28 691 23847 0 1777797264 723256
26 672 25307 0 1777797264 723301
27 707 5183 0 1777797264 724349
31 768 5960 0 1777797264 724378
26 673 4645 0 1777797264 727947
27 708 3791 0 1777797264 728145
31 769 7313 0 1777797264 731693
27 709 4781 0 1777797264 732929
31 770 1799 0 1777797264 733493
29 702 20082 0 1777797264 737229
30 701 65392 0 1777797264 737709
27 710 5059 0 1777797264 737990
31 771 5064 0 1777797264 738558
31 772 2307 0 1777797264 740866
26 674 15551 0 1777797264 743506
31 773 3035 0 1777797264 743903
28 692 21999 0 1777797264 745257
31 774 4081 0 1777797264 747988
26 675 4897 0 1777797264 748405
26 676 1766 0 1777797264 750175
26 677 2320 0 1777797264 752498
31 775 6772 0 1777797264 754762
28 693 11414 0 1777797264 756673
29 703 19560 0 1777797264 756792
26 678 4304 0 1777797264 756810
31 776 2476 0 1777797264 757241
27 711 22098 0 1777797264 760090
28 694 5489 0 1777797264 762166
27 712 3357 0 1777797264 763449
26 679 6837 0 1777797264 763648
31 777 6717 0 1777797264 763959
31 778 2423 0 1777797264 766385
27 713 6930 0 1777797264 770381
31 779 4004 0 1777797264 770392
28 695 10272 0 1777797264 772440
29 704 15983 0 1777797264 772776
27 714 2791 0 1777797264 773184
31 780 7670 0 1777797264 778093
27 715 6069 0 1777797264 779255
26 680 15660 0 1777797264 779309
30 702 42687 0 1777797264 780399
28 696 8968 0 1777797264 781410
26 681 3326 0 1777797264 782637
27 716 3611 0 1777797264 782870
28 697 3133 0 1777797264 784546
26 682 2471 0 1777797264 785110
30 703 5795 0 1777797264 786197
27 717 4372 0 1777797264 787244
27 718 3873 0 1777797264 791118
28 698 8499 0 1777797264 793051
29 705 20682 0 1777797264 793461
26 683 9192 0 1777797264 794304
27 719 5610 0 1777797264 796729
30 704 10621 0 1777797264 796825
28 699 3921 0 1777797264 796973
26 684 4851 0 1777797264 799157
31 781 21697 0 1777797264 799791
27 720 5768 0 1777797264 802499
30 705 5821 0 1777797264 802648
28 700 6027 0 1777797264 803002
29 706 11317 0 1777797264 804782
26 685 6877 0 1777797264 806036
31 782 8079 0 1777797264 807872
26 686 2046 0 1777797264 808084
27 721 9551 0 1777797264 812052
28 701 9064 0 1777797264 812068
30 706 9426 0 1777797264 812075
29 707 7333 0 1777797264 812118
26 687 12409 0 1777797264 820496
28 702 8751 0 1777797264 820843
31 783 13040 0 1777797264 820918
27 722 8886 0 1777797264 820962
30 707 9160 0 1777797264 821261
29 708 9416 0 1777797264 821536
27 723 3825 0 1777797264 824789
30 708 3687 0 1777797264 824950
31 784 4081 0 1777797264 825000
28 703 7145 0 1777797264 827989
31 785 3012 0 1777797264 828013
29 709 6566 0 1777797264 828103
26 688 7932 0 1777797264 828437
31 786 4358 0 1777797264 832373
28 704 4415 0 1777797264 832408
27 724 7631 0 1777797264 832427
29 710 4698 0 1777797264 832802
26 689 5464 0 1777797264 833904
31 787 1749 0 1777797264 834128
28 705 1820 0 1777797264 834229
30 709 9524 0 1777797264 834476
27 725 3101 0 1777797264 835529
28 706 20977 0 1777797264 855208
30 710 20745 0 1777797264 855223
26 690 21351 0 1777797264 855257
29 711 22572 0 1777797264 855377
31 788 21252 0 1777797264 855383
27 726 21000 0 1777797264 856532
29 712 4772 0 1777797264 860156
31 789 5312 0 1777797264 860705
27 727 4281 0 1777797264 860816
30 711 7948 0 1777797264 863187
28 707 9701 0 1777797264 864925
29 713 4927 0 1777797264 865085
26 691 10592 0 1777797264 865850
29 714 5823 0 1777797264 870909
26 692 5394 0 1777797264 871248
27 728 11011 0 1777797264 871829
30 712 8835 0 1777797264 872027
28 708 8064 0 1777797264 872990
31 790 12616 0 1777797264 873322
31 791 2637 0 1777797264 875961
28 709 4002 0 1777797264 877048
27 729 5234 0 1777797264 877066
30 713 6216 0 1777797264 878244
31 792 2404 0 1777797264 878373
26 693 7432 0 1777797264 878682
31 793 1430 0 1777797264 879804
28 710 3172 0 1777797264 880222
30 714 2331 0 1777797264 880578
29 715 11371 0 1777797264 882288
31 794 2763 0 1777797264 882569
27 730 5780 0 1777797264 882847
26 694 4183 0 1777797264 882867
28 711 4563 0 1777797264 884787
27 731 5302 0 1777797264 888152
29 716 6692 0 1777797264 888987
26 695 6167 0 1777797264 889036
28 712 10263 0 1777797264 895052
30 715 14479 0 1777797264 895058
27 732 7122 0 1777797264 895275
31 795 12742 0 1777797264 895313
26 696 6672 0 1777797264 895709
29 717 7706 0 1777797264 896695
31 796 3156 0 1777797264 898470
28 713 4353 0 1777797264 899412
27 733 4623 0 1777797264 899901
28 714 1546 0 1777797264 900961
27 734 1074 0 1777797264 900978
28 715 4598 0 1777797264 905560
31 797 7714 0 1777797264 906188
27 735 5301 0 1777797264 906281
29 718 11333 0 1777797264 908033
26 697 12963 0 1777797264 908673
27 736 2635 0 1777797264 908917
27 737 1412 0 1777797264 910331
26 698 1678 0 1777797264 910357
31 798 4887 0 1777797264 911081
28 716 7023 0 1777797264 912586
29 719 4552 0 1777797264 912593
29 720 1957 0 1777797264 914569
29 721 2549 0 1777797264 917121
31 799 6176 0 1777797264 917259
30 716 22456 0 1777797264 917524
28 717 5131 0 1777797264 917727
31 800 2020 0 1777797264 919282
31 801 2470 0 1777797264 921754
26 699 11493 0 1777797264 921851
29 722 5431 0 1777797264 922559
27 738 12995 0 1777797264 923328
31 802 1971 0 1777797264 923727
26 700 3144 0 1777797264 924996
29 723 4043 0 1777797264 926603
26 701 2048 0 1777797264 927047
31 803 7137 0 1777797264 930865
29 724 5743 0 1777797264 932351
26 702 5596 0 1777797264 932644
27 739 9706 0 1777797264 933035
27 740 3341 0 1777797264 936378
28 718 18772 0 1777797264 936501
30 717 19054 0 1777797264 936580
31 804 6819 0 1777797264 937685
29 725 5364 0 1777797264 937717
26 703 5501 0 1777797264 938146
28 719 4243 0 1777797264 940747
29 726 6156 0 1777797264 943874
26 704 9718 0 1777797264 947866
27 741 11772 0 1777797264 948152
29 727 5288 0 1777797264 949164
28 720 9447 0 1777797264 950196
31 805 14542 0 1777797264 952229
31 806 2314 0 1777797264 954548
26 705 7324 0 1777797264 955193
29 728 6678 0 1777797264 955846
31 807 1306 0 1777797264 955855
26 706 2597 0 1777797264 957792
30 718 21258 0 1777797264 957839
31 808 4335 0 1777797264 960200
31 809 629 0 1777797264 960831
28 721 11365 0 1777797264 961565
26 707 5616 0 1777797264 963413
31 810 4353 0 1777797264 965187
27 742 17081 0 1777797264 965234
29 729 10624 0 1777797264 966480
26 708 3390 0 1777797264 966810
28 722 5453 0 1777797264 967019
27 743 2581 0 1777797264 967816
31 811 5124 0 1777797264 970312
31 812 1260 0 1777797264 971573
29 730 6313 0 1777797264 972797
31 813 1512 0 1777797264 973087
28 723 7350 0 1777797264 974370
26 709 7747 0 1777797264 974560
27 744 10578 0 1777797264 978399
31 814 5326 0 1777797264 978415
29 731 5727 0 1777797264 978526
26 710 4119 0 1777797264 978680
28 724 5253 0 1777797264 979625
30 719 22140 0 1777797264 979981
29 732 3569 0 1777797264 982097
28 725 2487 0 1777797264 982114
27 745 6448 0 1777797264 984864
28 726 2765 0 1777797264 984880
31 815 8123 0 1777797264 986550
30 720 7406 0 1777797264 987388
31 816 3679 0 1777797264 990236
28 727 5457 0 1777797264 990348
29 733 11111 0 1777797264 993209
27 746 8373 0 1777797264 993255
31 817 3025 0 1777797264 993263
26 711 15371 0 1777797264 994052
26 712 971 0 1777797264 995025
26 713 1664 0 1777797264 996691
29 734 4016 0 1777797264 997234
31 818 4841 0 1777797264 998125
29 735 2047 0 1777797264 999284
28 728 9231 0 1777797264 999580
31 819 1809 0 1777797264 999937
30 721 14566 0 1777797265 1957
31 820 4162 0 1777797265 4100
29 736 7882 0 1777797265 7170
30 722 5221 0 1777797265 7180
26 714 12294 0 1777797265 8988
29 737 2333 0 1777797265 9514
27 747 16469 0 1777797265 9733
31 821 6960 0 1777797265 11064
28 729 15054 0 1777797265 14637
30 723 7465 0 1777797265 14659
31 822 3604 0 1777797265 14671
26 715 7990 0 1777797265 16982
29 738 8415 0 1777797265 17933
27 748 10236 0 1777797265 19971
28 730 8116 0 1777797265 22788
31 823 9357 0 1777797265 24055
29 739 7565 0 1777797265 25502
26 716 8568 0 1777797265 25552
30 724 11770 0 1777797265 26452
31 824 3592 0 1777797265 27654
29 740 3229 0 1777797265 28733
29 741 1518 0 1777797265 30252
26 717 5382 0 1777797265 30936
28 731 10108 0 1777797265 32898
29 742 2867 0 1777797265 33124
31 825 8119 0 1777797265 35775
31 826 3132 0 1777797265 38909
28 732 7477 0 1777797265 40377
28 733 1516 0 1777797265 41896
29 743 10073 0 1777797265 43199
31 827 6039 0 1777797265 44950
31 828 3497 0 1777797265 48449
31 829 1539 0 1777797265 49990
29 744 9567 0 1777797265 52769
29 745 3018 0 1777797265 55789
29 746 1594 0 1777797265 57386
29 747 1515 0 1777797265 58903
26 718 31030 0 1777797265 61977
28 734 21306 0 1777797265 63204
27 749 43555 0 1777797265 63528
31 830 14290 0 1777797265 64282
26 719 3882 0 1777797265 65861
31 831 2401 0 1777797265 66684
27 750 3340 0 1777797265 66869
30 725 41320 0 1777797265 67773
29 748 9419 0 1777797265 68324
26 720 6875 0 1777797265 72743
28 735 10604 0 1777797265 73811
26 721 1465 0 1777797265 74212
28 736 2585 0 1777797265 76403
26 722 4841 0 1777797265 79055
28 737 5002 0 1777797265 81407
29 749 14368 0 1777797265 82694
30 726 18663 0 1777797265 86440
26 723 7578 0 1777797265 86635
29 750 5320 0 1777797265 88016
29 751 845 0 1777797265 88864
26 724 4483 0 1777797265 91120
28 738 11027 0 1777797265 92436
27 751 27088 0 1777797265 93959
29 752 5824 0 1777797265 94689
26 725 4100 0 1777797265 95221
28 739 3441 0 1777797265 95885
27 752 3871 0 1777797265 97835
29 753 3933 0 1777797265 98624
30 727 14705 0 1777797265 101146
30 728 4417 0 1777797265 105564
26 726 10500 0 1777797265 105722
29 754 8543 0 1777797265 107169
26 727 3886 0 1777797265 109611
28 740 16450 0 1777797265 112336
29 755 9055 0 1777797265 116227
31 832 53549 0 1777797265 120236
30 729 14999 0 1777797265 120567
27 753 26220 0 1777797265 124059
31 833 12054 0 1777797265 132292
28 741 20555 0 1777797265 132900
29 756 17429 0 1777797265 133667
30 730 18704 0 1777797265 139273
28 742 7181 0 1777797265 140088
29 757 6427 0 1777797265 140096
27 754 17289 0 1777797265 141350
29 758 4503 0 1777797265 144607
30 731 6143 0 1777797265 145418
31 834 15011 0 1777797265 147305
27 755 6524 0 1777797265 147876
27 756 1453 0 1777797265 149331
28 743 13674 0 1777797265 153771
30 732 8364 0 1777797265 153784
31 835 6481 0 1777797265 153789
27 757 5547 0 1777797265 154884
26 728 47752 0 1777797265 157373
26 729 6767 0 1777797265 164149
28 744 10455 0 1777797265 164244
30 733 16241 0 1777797265 170036
27 758 15498 0 1777797265 170388
26 730 6330 0 1777797265 170486
31 836 20629 0 1777797265 174430
28 745 12131 0 1777797265 176377
26 731 9376 0 1777797265 179864
31 837 5653 0 1777797265 180091
30 734 10555 0 1777797265 180593
28 746 4304 0 1777797265 180693
30 735 5772 0 1777797265 186368
28 747 5726 0 1777797265 186421
31 838 6810 0 1777797265 186902
29 759 42303 0 1777797265 186918
27 759 16790 0 1777797265 187179
26 732 7334 0 1777797265 187217
30 736 3527 0 1777797265 189904
29 760 3518 0 1777797265 190437
26 733 7559 0 1777797265 194777
28 748 8374 0 1777797265 194796
30 737 4897 0 1777797265 194803
31 839 10581 0 1777797265 197485
26 734 3740 0 1777797265 198544
30 738 4876 0 1777797265 199721
27 760 15954 0 1777797265 203135
28 749 8320 0 1777797265 203156
30 739 3595 0 1777797265 203319
26 735 4893 0 1777797265 203439
27 761 3368 0 1777797265 206526
26 736 6945 0 1777797265 210386
27 762 3881 0 1777797265 210409
28 750 7711 0 1777797265 210874
30 740 9201 0 1777797265 212522
27 763 3162 0 1777797265 213589
28 751 2811 0 1777797265 213687
29 761 23544 0 1777797265 213984
30 741 6809 0 1777797265 219333
29 762 5594 0 1777797265 219579
26 737 9800 0 1777797265 220210
27 764 6704 0 1777797265 220301
28 752 8134 0 1777797265 221824
29 763 3459 0 1777797265 223040
26 738 4690 0 1777797265 224906
27 765 4612 0 1777797265 224914
30 742 5584 0 1777797265 224919
29 764 5911 0 1777797265 228953
26 739 4614 0 1777797265 229565
27 766 4782 0 1777797265 229741
30 743 4823 0 1777797265 229787
29 765 1770 0 1777797265 230725
31 840 33740 0 1777797265 231231
30 744 2837 0 1777797265 232625
27 767 3195 0 1777797265 232938
28 753 12417 0 1777797265 234242
26 740 6388 0 1777797265 235954
27 768 6285 0 1777797265 239226
28 754 4993 0 1777797265 239237
30 745 6673 0 1777797265 239299
29 766 8919 0 1777797265 239648
29 767 6149 0 1777797265 245799
26 741 9862 0 1777797265 245819
28 755 7125 0 1777797265 246396
27 769 7684 0 1777797265 246922
29 768 2357 0 1777797265 248158
30 746 10755 0 1777797265 250056
31 841 21901 0 1777797265 253135
26 742 7841 0 1777797265 253660
29 769 5813 0 1777797265 253977
28 756 8365 0 1777797265 254764
30 747 5219 0 1777797265 255277
26 743 2527 0 1777797265 256189
28 757 2890 0 1777797265 257661
26 744 5517 0 1777797265 261709
27 770 14850 0 1777797265 261774
30 748 7787 0 1777797265 263066
26 745 2563 0 1777797265 264281
29 770 10312 0 1777797265 264290
31 842 11158 0 1777797265 264295
29 771 2410 0 1777797265 266714
31 843 2516 0 1777797265 266826
26 746 6901 0 1777797265 271197
27 771 10295 0 1777797265 272071
28 758 14901 0 1777797265 272563
29 772 5900 0 1777797265 272620
31 844 5973 0 1777797265 272800
26 747 5091 0 1777797265 276292
27 772 6592 0 1777797265 278667
26 748 2514 0 1777797265 278811
28 759 12633 0 1777797265 285200
30 749 22797 0 1777797265 285865
31 845 13830 0 1777797265 286634
29 773 14658 0 1777797265 287280
27 773 9813 0 1777797265 288483
26 749 9704 0 1777797265 288517
31 846 4477 0 1777797265 291112
29 774 4038 0 1777797265 291321
26 750 2820 0 1777797265 291338
27 774 4067 0 1777797265 292551
30 750 11745 0 1777797265 297612
31 847 6508 0 1777797265 297628
26 751 6974 0 1777797265 298313
29 775 7001 0 1777797265 298323
26 752 3574 0 1777797265 301899
31 848 4280 0 1777797265 301919
28 760 17594 0 1777797265 302796
26 753 1466 0 1777797265 303367
26 754 1803 0 1777797265 305171
30 751 7703 0 1777797265 305333
27 775 13057 0 1777797265 305610
27 776 1239 0 1777797265 306851
30 752 2013 0 1777797265 307348
31 849 6253 0 1777797265 308173
26 755 3216 0 1777797265 308389
27 777 2525 0 1777797265 309378
26 756 2352 0 1777797265 310742
31 850 3603 0 1777797265 311781
30 753 4465 0 1777797265 311814
29 776 14031 0 1777797265 312371
26 757 4925 0 1777797265 315669
27 778 6538 0 1777797265 315919
30 754 6958 0 1777797265 318772
31 851 7012 0 1777797265 318795
28 761 16973 0 1777797265 319771
26 758 5177 0 1777797265 320847
28 762 1273 0 1777797265 321047
27 779 5623 0 1777797265 321544
31 852 2937 0 1777797265 321754
28 763 1725 0 1777797265 322774
27 780 1913 0 1777797265 323460
31 853 2167 0 1777797265 323923
30 755 5523 0 1777797265 324320
26 759 8178 0 1777797265 329027
27 781 5575 0 1777797265 329039
30 756 4721 0 1777797265 329042
28 764 7419 0 1777797265 330195
30 757 9328 0 1777797265 338384
28 765 8599 0 1777797265 338795
29 777 26736 0 1777797265 339111
31 854 15202 0 1777797265 339127
26 760 10139 0 1777797265 339182
27 782 10135 0 1777797265 339187
26 761 3606 0 1777797265 342794
27 783 3605 0 1777797265 342797
31 855 8750 0 1777797265 347888
27 784 5618 0 1777797265 348421
26 762 8216 0 1777797265 351015
27 785 4851 0 1777797265 353274
31 856 8438 0 1777797265 356328
27 786 5885 0 1777797265 359161
27 787 3058 0 1777797265 362228
31 857 8923 0 1777797265 365252
31 858 3196 0 1777797265 368453
27 788 6381 0 1777797265 368610
30 758 30518 0 1777797265 368910
31 859 2195 0 1777797265 370651
30 759 4523 0 1777797265 373435
28 766 35521 0 1777797265 374317
29 778 37287 0 1777797265 376415
27 789 12050 0 1777797265 380662
26 763 36805 0 1777797265 387821
27 790 7401 0 1777797265 388066
31 860 17431 0 1777797265 388086
28 767 14351 0 1777797265 388670
30 760 15250 0 1777797265 388687
26 764 3375 0 1777797265 391197
28 768 2693 0 1777797265 391365
31 861 3335 0 1777797265 391431
29 779 15576 0 1777797265 391994
30 761 7755 0 1777797265 396444
30 762 2020 0 1777797265 398472
31 862 7086 0 1777797265 398518
29 780 6833 0 1777797265 398829
28 769 10985 0 1777797265 402352
31 863 3842 0 1777797265 402361
30 763 4041 0 1777797265 402516
27 791 14949 0 1777797265 403036
29 781 5309 0 1777797265 404190
30 764 3885 0 1777797265 406402
27 792 3422 0 1777797265 406460
31 864 4181 0 1777797265 406555
30 765 2065 0 1777797265 408470
30 766 2181 0 1777797265 410653
29 782 7535 0 1777797265 411729
28 770 11094 0 1777797265 413456
26 765 22518 0 1777797265 413717
30 767 3245 0 1777797265 413899
28 771 1378 0 1777797265 414835
30 768 1581 0 1777797265 415482
31 865 9378 0 1777797265 415935
27 793 11957 0 1777797265 418418
31 866 3852 0 1777797265 419789
26 766 6247 0 1777797265 419966
29 783 9210 0 1777797265 420947
31 867 1422 0 1777797265 421213
30 769 7418 0 1777797265 422905
31 868 2741 0 1777797265 423962
31 869 4608 0 1777797265 428639
31 870 3420 0 1777797265 432063
28 772 18217 0 1777797265 433055
30 770 10239 0 1777797265 433151
29 784 13690 0 1777797265 434638
27 794 16461 0 1777797265 434882
28 773 2619 0 1777797265 435676
26 767 15753 0 1777797265 435721
28 774 1684 0 1777797265 437365
27 795 4213 0 1777797265 439097
27 796 6141 0 1777797265 445242
28 775 7896 0 1777797265 445264
29 785 11465 0 1777797265 446105
28 776 3757 0 1777797265 449022
31 871 18614 0 1777797265 450679
27 797 7258 0 1777797265 452503
31 872 2091 0 1777797265 452772
27 798 1908 0 1777797265 454413
28 777 5396 0 1777797265 454421
31 873 2901 0 1777797265 455674
26 768 20551 0 1777797265 456275
29 786 10197 0 1777797265 456303
27 799 5106 0 1777797265 459528
31 874 4020 0 1777797265 459698
30 771 28463 0 1777797265 461616
31 875 2244 0 1777797265 461944
28 778 7748 0 1777797265 462187
28 779 1974 0 1777797265 464163
29 787 8901 0 1777797265 465222
30 772 6745 0 1777797265 468363
31 876 6423 0 1777797265 468368
29 788 3793 0 1777797265 469017
27 800 9854 0 1777797265 469392
31 877 3245 0 1777797265 471620
30 773 5061 0 1777797265 473429
27 801 5197 0 1777797265 474594
31 878 3715 0 1777797265 475341
29 789 8496 0 1777797265 477515
26 769 23258 0 1777797265 479566
29 790 2058 0 1777797265 479575
29 791 1327 0 1777797265 480914
26 770 5759 0 1777797265 485335
29 792 4691 0 1777797265 485607
27 802 11150 0 1777797265 485745
30 774 12331 0 1777797265 485763
28 780 22422 0 1777797265 486587
31 879 11578 0 1777797265 486923
28 781 1771 0 1777797265 488359
30 775 3089 0 1777797265 488853
29 793 6112 0 1777797265 491721
27 803 6259 0 1777797265 492005
30 776 5012 0 1777797265 493866
27 804 4812 0 1777797265 496819
29 794 5107 0 1777797265 496830
30 777 7381 0 1777797265 501249
27 805 4594 0 1777797265 501425
29 795 7041 0 1777797265 503898
26 771 19649 0 1777797265 504989
30 778 3891 0 1777797265 505143
27 806 4887 0 1777797265 506313
29 796 3062 0 1777797265 506995
27 807 805 0 1777797265 507120
30 779 3706 0 1777797265 508850
27 808 3868 0 1777797265 510989
30 780 2148 0 1777797265 511000
27 809 5357 0 1777797265 516358
28 782 28510 0 1777797265 516873
26 772 14373 0 1777797265 519364
31 880 32618 0 1777797265 519543
29 797 14662 0 1777797265 521660
29 798 8301 0 1777797265 529963
30 781 21678 0 1777797265 532689
28 783 16390 0 1777797265 533267
30 782 850 0 1777797265 533544
31 881 14868 0 1777797265 534412
26 773 16502 0 1777797265 535876
27 810 20229 0 1777797265 536589
30 783 5054 0 1777797265 538601
27 811 3723 0 1777797265 540318
30 784 2779 0 1777797265 541382
28 784 8575 0 1777797265 541844
31 882 11146 0 1777797265 545561
31 883 2122 0 1777797265 547684
26 774 11900 0 1777797265 547777
28 785 5959 0 1777797265 547805
27 812 7655 0 1777797265 547974
30 785 6891 0 1777797265 548277
27 813 1605 0 1777797265 549580
30 786 1314 0 1777797265 549593
31 884 2380 0 1777797265 550065
30 787 2348 0 1777797265 551957
27 814 3024 0 1777797265 552619
28 786 6595 0 1777797265 554401
30 788 2827 0 1777797265 554788
31 885 5189 0 1777797265 555255
27 815 2817 0 1777797265 555441
30 789 1639 0 1777797265 556428
31 886 2548 0 1777797265 557807
28 787 4786 0 1777797265 559193
26 775 14307 0 1777797265 562085
31 887 7403 0 1777797265 565212
28 788 6611 0 1777797265 565810
26 776 8463 0 1777797265 570550
30 790 15532 0 1777797265 571965
31 888 9799 0 1777797265 575012
29 799 46504 0 1777797265 576469
26 777 10732 0 1777797265 581317
30 791 9362 0 1777797265 581329
30 792 1819 0 1777797265 583158
31 889 12890 0 1777797265 587904
29 800 14800 0 1777797265 591273
31 890 3711 0 1777797265 591617
30 793 9079 0 1777797265 592239
31 891 4371 0 1777797265 595999
29 801 6665 0 1777797265 597943
27 816 43911 0 1777797265 599353
28 789 34399 0 1777797265 600215
30 794 9972 0 1777797265 602212
27 817 5487 0 1777797265 604841
26 778 23569 0 1777797265 604899
31 892 11861 0 1777797265 607861
28 790 7776 0 1777797265 607993
28 791 5299 0 1777797265 613293
29 802 16250 0 1777797265 614195
31 893 7440 0 1777797265 615303
31 894 4806 0 1777797265 620112
31 895 1637 0 1777797265 621750
31 896 1225 0 1777797265 622976
27 818 18228 0 1777797265 623071
31 897 1174 0 1777797265 624152
29 803 14304 0 1777797265 628503
27 819 5569 0 1777797265 628641
30 795 26746 0 1777797265 628964
29 804 18254 0 1777797265 646761
30 796 26114 0 1777797265 655080
31 898 30933 0 1777797265 655088
27 820 26476 0 1777797265 655118
28 792 41825 0 1777797265 655125
29 805 8955 0 1777797265 655723
26 779 50900 0 1777797265 655801
27 821 3779 0 1777797265 658905
30 797 6303 0 1777797265 661391
31 899 6309 0 1777797265 661408
28 793 6443 0 1777797265 661578
29 806 5931 0 1777797265 661660
26 780 6223 0 1777797265 662025
30 798 4779 0 1777797265 666189
28 794 4775 0 1777797265 666353
29 807 6348 0 1777797265 668008
31 900 8259 0 1777797265 669674
27 822 10923 0 1777797265 669830
26 781 8221 0 1777797265 670248
30 799 7819 0 1777797265 674015
28 795 8254 0 1777797265 674609
31 901 6615 0 1777797265 676303
29 808 9635 0 1777797265 677650
30 800 3693 0 1777797265 677710
28 796 6450 0 1777797265 681061
29 809 3616 0 1777797265 681268
30 801 3573 0 1777797265 681285
30 802 2040 0 1777797265 683326
27 823 13575 0 1777797265 683406
28 797 5796 0 1777797265 686860
29 810 6627 0 1777797265 687896
28 798 2453 0 1777797265 689328
26 782 19359 0 1777797265 689608
30 803 10949 0 1777797265 694278
27 824 12974 0 1777797265 696381
29 811 8519 0 1777797265 696417
28 799 8874 0 1777797265 698203
26 783 12161 0 1777797265 701771
29 812 7913 0 1777797265 704331
27 825 11955 0 1777797265 708343
28 800 11865 0 1777797265 710070
30 804 15796 0 1777797265 710078
29 813 6258 0 1777797265 710589
27 826 9434 0 1777797265 717779
29 814 7193 0 1777797265 717784
26 784 19320 0 1777797265 721092
28 801 11016 0 1777797265 721095
30 805 11003 0 1777797265 721098
31 902 45114 0 1777797265 721419
29 815 9191 0 1777797265 726983
28 802 5934 0 1777797265 727037
27 827 17990 0 1777797265 735775
30 806 15090 0 1777797265 736197
31 903 16795 0 1777797265 738215
28 803 11442 0 1777797265 738480
29 816 11527 0 1777797265 738512
27 828 6606 0 1777797265 742392
30 807 6421 0 1777797265 742620
26 785 25461 0 1777797265 746559
31 904 14689 0 1777797265 752905
28 804 16079 0 1777797265 754560
29 817 16065 0 1777797265 754579
27 829 16933 0 1777797265 759326
30 808 16750 0 1777797265 759371
31 905 6517 0 1777797265 759423
26 786 23574 0 1777797265 770134
29 818 15590 0 1777797265 770175
28 805 18241 0 1777797265 772821
31 906 15493 0 1777797265 774917
27 830 15711 0 1777797265 775040
30 809 16337 0 1777797265 775708
27 831 4486 0 1777797265 779527
30 810 3824 0 1777797265 779535
30 811 1834 0 1777797265 781384
31 907 8765 0 1777797265 783684
30 812 4954 0 1777797265 786339
30 813 2354 0 1777797265 788699
30 814 1004 0 1777797265 789704
27 832 11148 0 1777797265 790685
29 819 21616 0 1777797265 791793
31 908 11859 0 1777797265 795545
31 909 4631 0 1777797265 800177
29 820 8545 0 1777797265 800342
27 833 9865 0 1777797265 800552
30 815 10860 0 1777797265 800565
26 787 36095 0 1777797265 806238
28 806 35927 0 1777797265 808750
29 821 8427 0 1777797265 808772
31 910 8635 0 1777797265 808820
30 816 10184 0 1777797265 810766
29 822 3141 0 1777797265 811915
27 834 12512 0 1777797265 813078
30 817 3724 0 1777797265 814495
31 911 5817 0 1777797265 814639
29 823 2739 0 1777797265 814659
30 818 2616 0 1777797265 817113
29 824 2524 0 1777797265 817184
26 788 14736 0 1777797265 820976
29 825 5809 0 1777797265 822994
27 835 11395 0 1777797265 824475
31 912 10783 0 1777797265 825423
29 826 4707 0 1777797265 827705
30 819 12084 0 1777797265 829249
29 827 1852 0 1777797265 829564
31 913 6318 0 1777797265 831743
30 820 4726 0 1777797265 833979
31 914 3228 0 1777797265 834973
28 807 28182 0 1777797265 836935
31 915 3305 0 1777797265 838286
30 821 5441 0 1777797265 839422
31 916 1554 0 1777797265 839845
29 828 13707 0 1777797265 843273
30 822 3858 0 1777797265 843282
31 917 3639 0 1777797265 843486
28 808 8397 0 1777797265 845335
31 918 3327 0 1777797265 846815
27 836 29798 0 1777797265 854274
26 789 33728 0 1777797265 854708
28 809 10113 0 1777797265 855451
29 829 13602 0 1777797265 856884
28 810 1498 0 1777797265 856955
30 823 13692 0 1777797265 856982
30 824 1881 0 1777797265 858864
28 811 1984 0 1777797265 858940
29 830 2334 0 1777797265 859221
27 837 6276 0 1777797265 860557
31 919 13750 0 1777797265 860567
29 831 1717 0 1777797265 860940
30 825 2540 0 1777797265 861406
31 920 2509 0 1777797265 863086
30 826 4548 0 1777797265 865980
28 812 7083 0 1777797265 866024
31 921 4875 0 1777797265 867967
26 790 15730 0 1777797265 870441
31 922 2928 0 1777797265 870899
28 813 5387 0 1777797265 871412
30 827 7532 0 1777797265 873514
31 923 4319 0 1777797265 875221
30 828 2845 0 1777797265 876361
28 814 5158 0 1777797265 876572
31 924 2197 0 1777797265 877422
30 829 1212 0 1777797265 877577
30 830 2311 0 1777797265 879889
31 925 2489 0 1777797265 879916
31 926 1135 0 1777797265 881062
29 832 21414 0 1777797265 882357
31 927 1374 0 1777797265 882445
29 833 3174 0 1777797265 885532
31 928 5231 0 1777797265 887677
27 838 27146 0 1777797265 887714
27 839 2900 0 1777797265 890615
28 815 14651 0 1777797265 891225
26 791 23900 0 1777797265 894343
29 834 8816 0 1777797265 894350
30 831 30486 0 1777797265 910403
27 840 19818 0 1777797265 910440
28 816 19330 0 1777797265 910557
29 835 17940 0 1777797265 912296
26 792 20861 0 1777797265 915211
31 929 27614 0 1777797265 915296
27 841 4966 0 1777797265 915407
28 817 5010 0 1777797265 915569
30 832 6034 0 1777797265 916440
29 836 8483 0 1777797265 920781
31 930 7317 0 1777797265 922614
27 842 7910 0 1777797265 923318
30 833 8179 0 1777797265 924634
28 818 9365 0 1777797265 924935
26 793 13658 0 1777797265 928871
27 843 5568 0 1777797265 928888
31 931 6280 0 1777797265 928895
29 837 10250 0 1777797265 931032
30 834 6556 0 1777797265 931191
28 819 6788 0 1777797265 931726
30 835 4428 0 1777797265 935621
27 844 7111 0 1777797265 936026
29 838 5679 0 1777797265 936713
31 932 7798 0 1777797265 936720
28 820 7024 0 1777797265 938753
30 836 3153 0 1777797265 938776
27 845 4770 0 1777797265 940799
26 794 11931 0 1777797265 940827
30 837 2037 0 1777797265 940833
28 821 4886 0 1777797265 943663
30 838 5160 0 1777797265 946003
31 933 9560 0 1777797265 946287
26 795 5684 0 1777797265 946519
27 846 5724 0 1777797265 946525
29 839 9862 0 1777797265 946584
29 840 6310 0 1777797265 952896
30 839 6897 0 1777797265 952902
26 796 7699 0 1777797265 954225
28 822 10559 0 1777797265 954229
28 823 6918 0 1777797265 961151
30 840 8447 0 1777797265 961355
29 841 8956 0 1777797265 961858
27 847 15396 0 1777797265 961929
31 934 15657 0 1777797265 961945
26 797 8059 0 1777797265 962289
30 841 3905 0 1777797265 965260
27 848 3502 0 1777797265 965433
31 935 6712 0 1777797265 968658
30 842 4166 0 1777797265 969429
29 842 9592 0 1777797265 971451
26 798 14103 0 1777797265 976393
27 849 10971 0 1777797265 976405
28 824 15905 0 1777797265 977059
31 936 8838 0 1777797265 977498
30 843 8084 0 1777797265 977514
29 843 6773 0 1777797265 978226
28 825 2868 0 1777797265 979929
27 850 3655 0 1777797265 980074
31 937 4737 0 1777797265 982237
30 844 4759 0 1777797265 982274
29 844 4125 0 1777797265 982353
26 799 6490 0 1777797265 982896
28 826 2973 0 1777797265 982904
27 851 7235 0 1777797265 987311
29 845 8819 0 1777797265 991173
30 845 8908 0 1777797265 991183
31 938 8943 0 1777797265 991188
28 827 8636 0 1777797265 991569
27 852 4296 0 1777797265 991612
26 800 12833 0 1777797265 995738
31 939 4537 0 1777797265 995745
30 846 4631 0 1777797265 995833
29 846 4749 0 1777797265 995937
28 828 10714 0 1777797266 2287
27 853 11212 0 1777797266 2865
31 940 7901 0 1777797266 3659
30 847 7873 0 1777797266 3707
29 847 7820 0 1777797266 3759
27 854 5741 0 1777797266 8609
26 801 12912 0 1777797266 8658
31 941 5321 0 1777797266 8982
30 848 5357 0 1777797266 9066
28 829 6793 0 1777797266 9082
29 848 5755 0 1777797266 9515
30 849 5624 0 1777797266 14691
31 942 5733 0 1777797266 14717
26 802 6143 0 1777797266 14802
28 830 5841 0 1777797266 14924
29 849 5976 0 1777797266 15495
27 855 13431 0 1777797266 22043
26 803 7555 0 1777797266 22358
31 943 7649 0 1777797266 22368
29 850 6899 0 1777797266 22396
30 850 7989 0 1777797266 22682
28 831 8005 0 1777797266 22930
27 856 2369 0 1777797266 24414
26 804 6612 0 1777797266 28981
28 832 6086 0 1777797266 29018
31 944 6652 0 1777797266 29030
27 857 9732 0 1777797266 34149
30 851 12507 0 1777797266 35191
29 851 15855 0 1777797266 38252
29 852 1258 0 1777797266 39514
26 805 12646 0 1777797266 41630
30 852 8495 0 1777797266 43689
29 853 4724 0 1777797266 44239
31 945 16076 0 1777797266 45126
30 853 5963 0 1777797266 49653
30 854 3584 0 1777797266 53241
29 854 10022 0 1777797266 54263
31 946 9243 0 1777797266 54370
26 806 18158 0 1777797266 59790
29 855 6837 0 1777797266 61102
30 855 34476 0 1777797266 87720
28 833 59346 0 1777797266 88377
31 947 34014 0 1777797266 88385
27 858 55025 0 1777797266 89178
30 856 8619 0 1777797266 96340
26 807 36743 0 1777797266 96534
28 834 9816 0 1777797266 98202
29 856 38191 0 1777797266 99303
28 835 2331 0 1777797266 100535
30 857 4448 0 1777797266 100790
26 808 14344 0 1777797266 110880
31 948 23556 0 1777797266 111954
27 859 25994 0 1777797266 115174
28 836 22091 0 1777797266 122632
26 809 11760 0 1777797266 122647
31 949 10734 0 1777797266 122707
26 810 5770 0 1777797266 128418
28 837 5802 0 1777797266 128436
30 858 31373 0 1777797266 132167
29 857 39942 0 1777797266 139252
31 950 18491 0 1777797266 141200
26 811 27268 0 1777797266 155690
27 860 40515 0 1777797266 155695
31 951 14496 0 1777797266 155700
29 858 16674 0 1777797266 155927
30 859 23761 0 1777797266 155932
28 838 27865 0 1777797266 156302
27 861 5478 0 1777797266 161185
31 952 5479 0 1777797266 161190
28 839 17990 0 1777797266 174295
29 859 18383 0 1777797266 174316
30 860 18388 0 1777797266 174327
26 812 19870 0 1777797266 175571
27 862 19553 0 1777797266 180744
31 953 19564 0 1777797266 180762
30 861 16820 0 1777797266 191172
28 840 17232 0 1777797266 191560
29 860 17236 0 1777797266 191578
26 813 25527 0 1777797266 201103
31 954 27101 0 1777797266 207874
27 863 30795 0 1777797266 211558
30 862 24138 0 1777797266 215311
26 814 23778 0 1777797266 224882
28 841 33309 0 1777797266 224888
29 861 33302 0 1777797266 224892
31 955 17019 0 1777797266 224896
30 863 16475 0 1777797266 231788
27 864 20626 0 1777797266 232188
26 815 21275 0 1777797266 246172
29 862 21267 0 1777797266 246176
31 956 21266 0 1777797266 246179
28 842 25466 0 1777797266 250370
30 864 24561 0 1777797266 256350
27 865 28073 0 1777797266 260262
26 816 29612 0 1777797266 275792
28 843 25426 0 1777797266 275798
31 957 29607 0 1777797266 275802
27 866 21015 0 1777797266 281283
29 863 35110 0 1777797266 281299
30 865 24955 0 1777797266 281306
28 844 16570 0 1777797266 292379
31 958 16580 0 1777797266 292393
26 817 18220 0 1777797266 294023
27 867 12725 0 1777797266 294033
29 864 17638 0 1777797266 299634
30 866 17642 0 1777797266 299652
28 845 15268 0 1777797266 307662
31 959 15257 0 1777797266 307667
26 818 14457 0 1777797266 308491
27 868 16223 0 1777797266 310266
29 865 10578 0 1777797266 310279
30 867 10594 0 1777797266 310310
28 846 13271 0 1777797266 320938
31 960 13274 0 1777797266 320946
26 819 13241 0 1777797266 321741
27 869 11467 0 1777797266 321747
29 866 11457 0 1777797266 321751
30 868 11444 0 1777797266 321756
27 870 5730 0 1777797266 327494
29 867 5734 0 1777797266 327503
28 847 7532 0 1777797266 328479
31 961 7530 0 1777797266 328486
26 820 22469 0 1777797266 344225
27 871 16732 0 1777797266 344237
28 848 15803 0 1777797266 344291
29 868 16780 0 1777797266 344298
30 869 22531 0 1777797266 344305
31 962 15815 0 1777797266 344311
26 821 19089 0 1777797266 363401
27 872 19081 0 1777797266 363406
28 849 19073 0 1777797266 363410
29 869 19069 0 1777797266 363414
30 870 19067 0 1777797266 363418
31 963 19064 0 1777797266 363422
26 822 18952 0 1777797266 382375
27 873 18960 0 1777797266 382387
28 850 18960 0 1777797266 382392
29 870 18961 0 1777797266 382397
30 871 18961 0 1777797266 382402
31 964 18962 0 1777797266 382407
26 823 25107 0 1777797266 407514
27 874 25103 0 1777797266 407524
29 871 25099 0 1777797266 407530
30 872 25101 0 1777797266 407537
31 965 25100 0 1777797266 407543
28 851 36966 0 1777797266 419393
26 824 16179 0 1777797266 423722
29 872 16142 0 1777797266 423727
31 966 16099 0 1777797266 423731
27 875 28279 0 1777797266 435856
28 852 16457 0 1777797266 435865
29 873 12136 0 1777797266 435873
30 873 28970 0 1777797266 436568
31 967 12834 0 1777797266 436576
26 825 14344 0 1777797266 438076
26 826 19966 0 1777797266 458043
27 876 21476 0 1777797266 458053
28 853 21475 0 1777797266 458059
29 874 21470 0 1777797266 458065
30 874 21468 0 1777797266 458071
31 968 21469 0 1777797266 458078
26 827 9478 0 1777797266 467556
27 877 9506 0 1777797266 467598
29 875 9495 0 1777797266 467606
30 875 9494 0 1777797266 467613
31 969 9494 0 1777797266 467620
28 854 12776 0 1777797266 470878
26 828 8147 0 1777797266 475768
27 878 11888 0 1777797266 479706
30 876 11882 0 1777797266 479714
31 970 11880 0 1777797266 479718
28 855 12479 0 1777797266 483358
29 876 15551 0 1777797266 483377
26 829 11928 0 1777797266 487699
27 879 7999 0 1777797266 487718
30 877 8000 0 1777797266 487726
31 971 8001 0 1777797266 487732
26 830 8509 0 1777797266 496241
27 880 8509 0 1777797266 496250
28 856 12879 0 1777797266 496258
29 877 12873 0 1777797266 496264
30 878 8522 0 1777797266 496269
31 972 8523 0 1777797266 496277
29 878 7281 0 1777797266 503582
27 881 17810 0 1777797266 514099
28 857 17809 0 1777797266 514104
30 879 17787 0 1777797266 514108
31 973 17782 0 1777797266 514111
26 831 28411 0 1777797266 524689
27 882 10584 0 1777797266 524696
28 858 10585 0 1777797266 524702
29 879 21129 0 1777797266 524714
30 880 10600 0 1777797266 524723
31 974 10603 0 1777797266 524730
28 859 13003 0 1777797266 537753
30 881 12995 0 1777797266 537769
29 880 25238 0 1777797266 549993
31 975 25191 0 1777797266 550001
28 860 26147 0 1777797266 563918
31 976 15403 0 1777797266 565414
31 977 3234 0 1777797266 568650
28 861 14656 0 1777797266 578576
30 882 40804 0 1777797266 578584
31 978 9931 0 1777797266 578591
30 883 2533 0 1777797266 581175
27 883 56551 0 1777797266 581291
31 979 3881 0 1777797266 582541
26 832 66196 0 1777797266 590926
30 884 9754 0 1777797266 590932
30 885 12559 0 1777797266 603500
27 884 28555 0 1777797266 609849
28 862 36884 0 1777797266 615476
30 886 20317 0 1777797266 623817
31 980 41302 0 1777797266 623846
28 863 12961 0 1777797266 628439
30 887 4621 0 1777797266 628443
27 885 20930 0 1777797266 630780
28 864 2394 0 1777797266 630838
28 865 2573 0 1777797266 633412
27 886 7410 0 1777797266 638192
28 866 4802 0 1777797266 638215
26 833 59691 0 1777797266 650623
29 881 100625 0 1777797266 650627
31 981 26782 0 1777797266 650630
28 867 18998 0 1777797266 657231
30 888 28795 0 1777797266 657244
27 887 22483 0 1777797266 660700
29 882 11319 0 1777797266 661954
26 834 12017 0 1777797266 662649
28 868 5413 0 1777797266 662657
27 888 5867 0 1777797266 666570
30 889 9354 0 1777797266 666610
31 982 15980 0 1777797266 666620
29 883 9527 0 1777797266 671482
26 835 17058 0 1777797266 679716
27 889 13103 0 1777797266 679724
28 869 17063 0 1777797266 679729
29 884 8203 0 1777797266 679735
31 983 13112 0 1777797266 679768
30 890 16152 0 1777797266 682798
26 836 13026 0 1777797266 692796
27 890 13024 0 1777797266 692803
28 870 13250 0 1777797266 693043
29 885 13248 0 1777797266 693049
31 984 13246 0 1777797266 693053
30 891 17500 0 1777797266 700300
28 871 16164 0 1777797266 709226
27 891 25169 0 1777797266 718227
30 892 17931 0 1777797266 718233
29 886 31064 0 1777797266 724164
31 985 31056 0 1777797266 724169
26 837 39756 0 1777797266 732809
28 872 23589 0 1777797266 732816
27 892 17310 0 1777797266 735568
30 893 18096 0 1777797266 736362
30 894 20919 0 1777797266 757282
26 838 28589 0 1777797266 761405
27 893 25873 0 1777797266 761442
28 873 28622 0 1777797266 761446
29 887 37279 0 1777797266 761449
31 986 37347 0 1777797266 761525
30 895 11388 0 1777797266 768671
28 874 10727 0 1777797266 772266
31 987 10732 0 1777797266 772281
27 894 10787 0 1777797266 772322
26 839 11655 0 1777797266 773181
29 888 24083 0 1777797266 785627
28 875 23271 0 1777797266 795554
27 895 29599 0 1777797266 801922
31 988 39778 0 1777797266 812078
29 889 35443 0 1777797266 821072
26 840 56484 0 1777797266 829667
30 896 67921 0 1777797266 836599
28 876 61669 0 1777797266 857224
29 890 39381 0 1777797266 860454
26 841 42242 0 1777797266 871910
27 896 73290 0 1777797266 875217
31 989 64894 0 1777797266 876973
30 897 41457 0 1777797266 878058
28 877 38717 0 1777797266 895942
28 878 11546 0 1777797266 907490
29 891 47099 0 1777797266 907555
26 842 38412 0 1777797266 910324
27 897 35115 0 1777797266 910334
30 898 32281 0 1777797266 910340
31 990 33312 0 1777797266 910356
29 892 4639 0 1777797266 912203
28 879 7039 0 1777797266 914595
26 843 8173 0 1777797266 918531
27 898 11417 0 1777797266 921788
31 991 11407 0 1777797266 921799
29 893 16055 0 1777797266 928262
28 880 14416 0 1777797266 929015
30 899 18638 0 1777797266 929019
26 844 7748 0 1777797266 929548
27 899 7743 0 1777797266 929552
29 894 10105 0 1777797266 938379
30 900 9360 0 1777797266 938384
31 992 17036 0 1777797266 938852
27 900 19248 0 1777797266 948808
28 881 19793 0 1777797266 948812
29 895 10431 0 1777797266 948816
30 901 10426 0 1777797266 948819
26 845 26684 0 1777797266 956236
28 882 7443 0 1777797266 956270
29 896 7905 0 1777797266 956738
30 902 7911 0 1777797266 956746
27 901 17201 0 1777797266 966021
31 993 27174 0 1777797266 966030
26 846 10625 0 1777797266 966897
28 883 10619 0 1777797266 966907
30 903 10156 0 1777797266 966913
27 902 3694 0 1777797266 969726
29 897 12986 0 1777797266 969734
30 904 7251 0 1777797266 974187
31 994 8136 0 1777797266 974192
28 884 8629 0 1777797266 975558
26 847 10481 0 1777797266 977395
27 903 7672 0 1777797266 977408
29 898 7642 0 1777797266 977415
30 905 6207 0 1777797266 980400
31 995 6207 0 1777797266 980406
28 885 8177 0 1777797266 983737
26 848 8364 0 1777797266 985780
27 904 8294 0 1777797266 985798
29 899 9140 0 1777797266 986711
30 906 6411 0 1777797266 986818
28 886 6902 0 1777797266 990647
31 996 10238 0 1777797266 990653
26 849 6703 0 1777797266 992503
29 900 5830 0 1777797266 992547
30 907 7946 0 1777797266 994766
27 905 13380 0 1777797266 999190
28 887 8550 0 1777797266 999204
26 850 7533 0 1777797267 88
29 901 7997 0 1777797267 573
31 997 11430 0 1777797267 2093
29 902 9830 0 1777797267 10404
30 908 15638 0 1777797267 10407
27 906 12493 0 1777797267 11700
28 888 12491 0 1777797267 11713
31 998 9626 0 1777797267 11720
26 851 13405 0 1777797267 13495
30 909 7697 0 1777797267 18110
29 903 7756 0 1777797267 18164
28 889 10592 0 1777797267 22362
31 999 10589 0 1777797267 22367
27 907 11555 0 1777797267 23276
26 852 14123 0 1777797267 27619
27 908 15813 0 1777797267 39091
26 853 18850 0 1777797267 46471
27 909 7380 0 1777797267 46480
28 890 24121 0 1777797267 46488
29 904 28329 0 1777797267 46494
30 910 28387 0 1777797267 46500
31 1000 24133 0 1777797267 46506
26 854 7015 0 1777797267 53522
27 910 7020 0 1777797267 53539
28 891 7012 0 1777797267 53546
29 905 7012 0 1777797267 53553
30 911 7010 0 1777797267 53559
31 1001 7010 0 1777797267 53566
26 855 5694 0 1777797267 59262
27 911 8240 0 1777797267 61827
28 892 8235 0 1777797267 61831
30 912 8223 0 1777797267 61835
31 1002 8217 0 1777797267 61838
29 906 13054 0 1777797267 66656
31 1003 8999 0 1777797267 70856
26 856 17271 0 1777797267 76539
30 913 14695 0 1777797267 76548
31 1004 5692 0 1777797267 76554
28 893 15885 0 1777797267 77730
29 907 13685 0 1777797267 80348
31 1005 6052 0 1777797267 82622
29 908 7268 0 1777797267 87618
30 914 11064 0 1777797267 87628
26 857 17959 0 1777797267 94514
27 912 32692 0 1777797267 94530
28 894 16803 0 1777797267 94538
31 1006 11926 0 1777797267 94610
29 909 9037 0 1777797267 96668
30 915 9040 0 1777797267 96683
26 858 9015 0 1777797267 103627
28 895 9013 0 1777797267 103657
29 910 7007 0 1777797267 103691
30 916 6991 0 1777797267 103699
31 1007 9057 0 1777797267 103708
31 1008 16398 0 1777797267 120195
26 859 21218 0 1777797267 124927
27 913 30299 0 1777797267 124934
29 911 21237 0 1777797267 124971
30 917 21236 0 1777797267 124977
31 1009 4784 0 1777797267 124982
29 912 3918 0 1777797267 128912
30 918 3922 0 1777797267 128921
27 914 13069 0 1777797267 138057
29 913 9147 0 1777797267 138069
31 1010 13072 0 1777797267 138075
29 914 5861 0 1777797267 144000
31 1011 5860 0 1777797267 144009
27 915 10368 0 1777797267 148445
30 919 19517 0 1777797267 148453
26 860 32024 0 1777797267 157006
28 896 53287 0 1777797267 157013
31 1012 13777 0 1777797267 157799
27 916 13135 0 1777797267 161589
30 920 14559 0 1777797267 163037
27 917 3518 0 1777797267 165118
26 861 12246 0 1777797267 169261
28 897 12316 0 1777797267 169340
31 1013 11577 0 1777797267 169378
30 921 7435 0 1777797267 170478
26 862 19741 0 1777797267 189121
27 918 24009 0 1777797267 189129
28 898 19739 0 1777797267 189135
30 922 19386 0 1777797267 189867
31 1014 20467 0 1777797267 189879
29 915 48394 0 1777797267 192404
30 923 6857 0 1777797267 196766
26 863 8094 0 1777797267 197975
28 899 8084 0 1777797267 197985
31 1015 8083 0 1777797267 198000
30 924 5975 0 1777797267 202744
26 864 7034 0 1777797267 205035
31 1016 7031 0 1777797267 205050
27 919 17310 0 1777797267 207201
28 900 9202 0 1777797267 207214
26 865 6988 0 1777797267 212039
30 925 12914 0 1777797267 215664
31 1017 10580 0 1777797267 215673
27 920 11475 0 1777797267 218691
26 866 8444 0 1777797267 220486
30 926 6070 0 1777797267 221745
31 1018 6705 0 1777797267 222391
29 916 31549 0 1777797267 223955
28 901 20281 0 1777797267 227526
30 927 7322 0 1777797267 229070
27 921 13545 0 1777797267 232239
30 928 3175 0 1777797267 232247
26 867 12322 0 1777797267 232822
28 902 6089 0 1777797267 233621
31 1019 14053 0 1777797267 236447
28 903 9386 0 1777797267 243009
27 922 14825 0 1777797267 247073
28 904 11125 0 1777797267 254135
30 929 21882 0 1777797267 254140
31 1020 23851 0 1777797267 260300
29 917 40250 0 1777797267 264207
26 868 32390 0 1777797267 265215
26 869 11927 0 1777797267 277146
29 918 12954 0 1777797267 277164
31 1021 16869 0 1777797267 277171
28 905 24956 0 1777797267 279097
31 1022 2030 0 1777797267 279228
30 930 26014 0 1777797267 280162
26 870 9995 0 1777797267 287167
27 923 40124 0 1777797267 287198
29 919 10017 0 1777797267 287206
28 906 9841 0 1777797267 288939
31 1023 9717 0 1777797267 288947
27 924 3174 0 1777797267 290444
30 931 10299 0 1777797267 290462
31 1024 4706 0 1777797267 293663
27 925 4424 0 1777797267 294887
28 907 6772 0 1777797267 295720
29 920 10945 0 1777797267 298363
26 871 14360 0 1777797267 301567
27 926 6686 0 1777797267 301575
31 1025 7920 0 1777797267 301586
27 927 1082 0 1777797267 302679
28 908 6962 0 1777797267 302686
28 909 4704 0 1777797267 307401
28 910 967 0 1777797267 308370
28 911 5346 0 1777797267 313718
29 921 15361 0 1777797267 313726
30 932 23258 0 1777797267 313733
27 928 14528 0 1777797267 317215
28 912 10281 0 1777797267 324015
30 933 10265 0 1777797267 324022
30 934 6937 0 1777797267 330977
26 872 41693 0 1777797267 343281
27 929 26071 0 1777797267 343289
28 913 20210 0 1777797267 344236
29 922 30501 0 1777797267 344247
31 1026 42651 0 1777797267 344256
28 914 8679 0 1777797267 352936
29 923 10069 0 1777797267 354346
27 930 12095 0 1777797267 355397
30 935 34132 0 1777797267 365111
26 873 28730 0 1777797267 372021
28 915 19096 0 1777797267 372035
29 924 19340 0 1777797267 373691
31 1027 29413 0 1777797267 373698
30 936 9513 0 1777797267 374632
27 931 19822 0 1777797267 375238
28 916 7818 0 1777797267 379896
31 1028 7322 0 1777797267 381028
27 932 6757 0 1777797267 381998
30 937 8979 0 1777797267 383613
26 874 12170 0 1777797267 384207
31 1029 3563 0 1777797267 384598
28 917 10118 0 1777797267 390022
31 1030 6442 0 1777797267 391044
27 933 13916 0 1777797267 395916
26 875 15282 0 1777797267 399530
26 876 9894 0 1777797267 409431
27 934 13522 0 1777797267 409440
29 925 35748 0 1777797267 409447
30 938 25859 0 1777797267 409477
28 918 20493 0 1777797267 410517
31 1031 21545 0 1777797267 412593
30 939 4819 0 1777797267 414350
26 877 7474 0 1777797267 416953
27 935 7466 0 1777797267 416956
28 919 11005 0 1777797267 421526
26 878 13322 0 1777797267 430279
31 1032 17693 0 1777797267 430292
26 879 8684 0 1777797267 438964
31 1033 14013 0 1777797267 444305
28 920 67581 0 1777797267 489117
29 926 83946 0 1777797267 493445
27 936 83498 0 1777797267 500461
29 927 8113 0 1777797267 501563
27 937 9576 0 1777797267 510039
31 1034 70636 0 1777797267 514943
28 921 28997 0 1777797267 518115
29 928 32086 0 1777797267 533650
31 1035 18711 0 1777797267 533655
30 940 120957 0 1777797267 535315
28 922 23916 0 1777797267 542033
27 938 35571 0 1777797267 545612
29 929 14660 0 1777797267 548315
27 939 9248 0 1777797267 554868
29 930 6553 0 1777797267 554877
30 941 21175 0 1777797267 556493
27 940 5673 0 1777797267 560551
30 942 8937 0 1777797267 565434
27 941 6428 0 1777797267 566982
29 931 12103 0 1777797267 566990
27 942 1958 0 1777797267 568951
29 932 3308 0 1777797267 570308
27 943 2870 0 1777797267 571827
27 944 4729 0 1777797267 576566
27 945 3857 0 1777797267 580435
27 946 9359 0 1777797267 589795
30 943 27204 0 1777797267 592639
31 1036 58983 0 1777797267 592644
26 880 153689 0 1777797267 592660
29 933 23368 0 1777797267 593677
28 923 55894 0 1777797267 597928
30 944 5483 0 1777797267 598128
31 1037 11121 0 1777797267 603772
26 881 12432 0 1777797267 605093
28 924 10966 0 1777797267 608897
29 934 22046 0 1777797267 615724
30 945 18533 0 1777797267 616662
31 1038 13747 0 1777797267 617521
26 882 22744 0 1777797267 627843
28 925 22281 0 1777797267 631181
30 946 19612 0 1777797267 636278
28 926 6881 0 1777797267 638064
29 935 26647 0 1777797267 642372
30 947 9504 0 1777797267 645788
31 1039 28278 0 1777797267 645800
27 947 56929 0 1777797267 646725
29 936 6520 0 1777797267 648894
27 948 2477 0 1777797267 649203
28 927 15062 0 1777797267 653129
26 883 28252 0 1777797267 656097
27 949 7621 0 1777797267 656825
30 948 16237 0 1777797267 662039
27 950 5250 0 1777797267 662083
29 937 13191 0 1777797267 662088
26 884 7975 0 1777797267 664073
29 938 8236 0 1777797267 670331
30 949 8295 0 1777797267 670338
27 951 8292 0 1777797267 670381
27 952 3426 0 1777797267 673808
30 950 4379 0 1777797267 674729
27 953 1497 0 1777797267 675307
26 885 17436 0 1777797267 681510
28 928 28406 0 1777797267 681536
27 954 6589 0 1777797267 681897
29 939 11567 0 1777797267 681906
30 951 7181 0 1777797267 681912
31 1040 36103 0 1777797267 681919
29 940 7050 0 1777797267 688979
31 1041 7618 0 1777797267 689563
27 955 8256 0 1777797267 690176
30 952 9049 0 1777797267 690987
27 956 1784 0 1777797267 691961
30 953 982 0 1777797267 691971
29 941 3893 0 1777797267 692874
27 957 3031 0 1777797267 695003
26 886 20323 0 1777797267 701836
30 954 10004 0 1777797267 701988
31 1042 12863 0 1777797267 702430
28 929 21106 0 1777797267 702644
27 958 8645 0 1777797267 703651
29 942 13614 0 1777797267 706489
26 887 6280 0 1777797267 708126
28 930 13558 0 1777797267 716203
29 943 9717 0 1777797267 716207
30 955 17622 0 1777797267 719613
27 959 15980 0 1777797267 719633
26 888 15028 0 1777797267 723156
30 956 6211 0 1777797267 725828
29 944 11462 0 1777797267 727675
28 931 18907 0 1777797267 735114
30 957 9290 0 1777797267 735119
31 1043 32691 0 1777797267 735123
29 945 7468 0 1777797267 735144
26 889 19932 0 1777797267 743089
27 960 27670 0 1777797267 747304
26 890 17320 0 1777797267 760411
29 946 27913 0 1777797267 763058
31 1044 33958 0 1777797267 769094
26 891 17264 0 1777797267 777678
27 961 30440 0 1777797267 777746
29 947 14708 0 1777797267 777767
31 1045 8679 0 1777797267 777774
30 958 42990 0 1777797267 778121
27 962 5810 0 1777797267 783613
28 932 48499 0 1777797267 783622
30 959 5507 0 1777797267 783629
26 892 13944 0 1777797267 791719
29 948 13912 0 1777797267 791724
31 1046 13910 0 1777797267 791729
28 933 10058 0 1777797267 793745
30 960 10064 0 1777797267 793760
27 963 13410 0 1777797267 797086
28 934 6616 0 1777797267 800377
31 1047 13642 0 1777797267 805381
26 893 15388 0 1777797267 807118
28 935 12996 0 1777797267 813375
30 961 20724 0 1777797267 814501
29 949 23059 0 1777797267 814794
31 1048 9987 0 1777797267 815370
27 964 19350 0 1777797267 816445
26 894 11197 0 1777797267 818318
28 936 8088 0 1777797267 821466
30 962 6975 0 1777797267 821481
29 950 7288 0 1777797267 822084
31 1049 7840 0 1777797267 823212
27 965 9236 0 1777797267 825684
26 895 7402 0 1777797267 825727
28 937 4253 0 1777797267 825735
30 963 5350 0 1777797267 826854
29 951 6129 0 1777797267 828214
28 938 5185 0 1777797267 830928
31 1050 9110 0 1777797267 832324
26 896 11152 0 1777797267 836889
29 952 8793 0 1777797267 837009
26 897 5322 0 1777797267 842332
27 966 16661 0 1777797267 842348
28 939 11426 0 1777797267 842354
29 953 5420 0 1777797267 842445
30 964 15600 0 1777797267 842456
31 1051 10138 0 1777797267 842463
27 967 4050 0 1777797267 846540
29 954 4033 0 1777797267 846547
26 898 5025 0 1777797267 847489
28 940 4996 0 1777797267 847496
30 965 4978 0 1777797267 847501
31 1052 5095 0 1777797267 847632
26 899 7431 0 1777797267 854933
27 968 8389 0 1777797267 854937
28 941 7431 0 1777797267 854941
29 955 8388 0 1777797267 854945
30 966 7434 0 1777797267 854949
31 1053 7319 0 1777797267 854953
28 942 7290 0 1777797267 862252
29 956 7294 0 1777797267 862260
27 969 7334 0 1777797267 862291
26 900 7417 0 1777797267 862370
30 967 9969 0 1777797267 864939
31 1054 9978 0 1777797267 864952
28 943 4418 0 1777797267 866679
29 957 7584 0 1777797267 869855
26 901 7877 0 1777797267 870248
27 970 9901 0 1777797267 872194
30 968 7248 0 1777797267 872201
31 1055 7269 0 1777797267 872231
28 944 8970 0 1777797267 875656
26 902 5632 0 1777797267 875881
29 958 6029 0 1777797267 875887
27 971 4847 0 1777797267 877049
30 969 4849 0 1777797267 877058
31 1056 4833 0 1777797267 877065
30 970 3715 0 1777797267 880790
31 1057 3716 0 1777797267 880799
26 903 5492 0 1777797267 881381
27 972 4323 0 1777797267 881390
28 945 5836 0 1777797267 881494
26 904 6472 0 1777797267 887863
28 946 6377 0 1777797267 887872
30 971 7079 0 1777797267 887879
27 973 7459 0 1777797267 888861
26 905 4780 0 1777797267 892660
29 959 17716 0 1777797267 893612
28 947 9500 0 1777797267 897403
26 906 5238 0 1777797267 897901
27 974 10749 0 1777797267 899612
30 972 11706 0 1777797267 899617
26 907 12411 0 1777797267 910316
31 1058 29516 0 1777797267 910332
30 973 12008 0 1777797267 911632
28 948 17450 0 1777797267 914854
29 960 21243 0 1777797267 914857
26 908 8824 0 1777797267 919157
30 974 7525 0 1777797267 919160
31 1059 8819 0 1777797267 919164
27 975 21611 0 1777797267 921228
27 976 4290 0 1777797267 925519
30 975 6361 0 1777797267 925531
26 909 10210 0 1777797267 929374
28 949 14524 0 1777797267 929381
29 961 14526 0 1777797267 929388
30 976 4667 0 1777797267 930220
29 962 3665 0 1777797267 933077
27 977 7836 0 1777797267 933368
28 950 5228 0 1777797267 934627
31 1060 15464 0 1777797267 934637
26 910 6462 0 1777797267 935851
28 951 2304 0 1777797267 936942
29 963 4668 0 1777797267 937748
27 978 6598 0 1777797267 939968
28 952 5169 0 1777797267 942113
30 977 19180 0 1777797267 949401
27 979 15516 0 1777797267 955487
26 911 20782 0 1777797267 956637
28 953 14534 0 1777797267 956650
29 964 18908 0 1777797267 956659
30 978 7260 0 1777797267 956665
26 912 2821 0 1777797267 959487
27 980 5888 0 1777797267 961376
30 979 9344 0 1777797267 966043
31 1061 31624 0 1777797267 966275
26 913 14743 0 1777797267 974236
31 1062 7995 0 1777797267 974272
27 981 17939 0 1777797267 979319
28 954 22654 0 1777797267 979332
29 965 22647 0 1777797267 979339
30 980 13311 0 1777797267 979358
31 1063 7274 0 1777797267 981595
28 955 6999 0 1777797267 986370
29 966 7001 0 1777797267 986380
26 914 16139 0 1777797267 990412
29 967 5291 0 1777797267 991844
26 915 4134 0 1777797267 994548
28 956 8185 0 1777797267 994566
29 968 6918 0 1777797267 998764
30 981 20561 0 1777797267 999971
27 982 22388 0 1777797268 1747
31 1064 20188 0 1777797268 1786
30 982 2850 0 1777797268 2825
27 983 2994 0 1777797268 4744
31 1065 3159 0 1777797268 4946
27 984 2254 0 1777797268 7001
26 916 12889 0 1777797268 7508
31 1066 2783 0 1777797268 7732
27 985 1155 0 1777797268 8158
28 957 19071 0 1777797268 13709
29 969 14962 0 1777797268 13728
30 983 10907 0 1777797268 13734
31 1067 8030 0 1777797268 15763
26 917 8610 0 1777797268 16121
30 984 2447 0 1777797268 16292
27 986 8850 0 1777797268 17011
30 985 3954 0 1777797268 20248
31 1068 4492 0 1777797268 20256
31 1069 2823 0 1777797268 23101
31 1070 3648 0 1777797268 26752
26 918 12700 0 1777797268 28825
30 986 8583 0 1777797268 28841
27 987 12223 0 1777797268 29236
31 1071 5471 0 1777797268 32224
27 988 8683 0 1777797268 37921
30 987 9076 0 1777797268 37929
31 1072 5709 0 1777797268 37935
30 988 5359 0 1777797268 43306
30 989 5492 0 1777797268 48800
29 970 35392 0 1777797268 49159
28 958 38022 0 1777797268 51758
30 990 2983 0 1777797268 51790
31 1073 13840 0 1777797268 51810
29 971 5934 0 1777797268 55094
27 989 18533 0 1777797268 56469
28 959 6335 0 1777797268 58147
31 1074 6292 0 1777797268 58164
27 990 4052 0 1777797268 60524
29 972 5434 0 1777797268 60531
30 991 8692 0 1777797268 60538
26 919 35364 0 1777797268 64208
31 1075 6153 0 1777797268 64345
28 960 6501 0 1777797268 64666
31 1076 13473 0 1777797268 77819
26 920 15559 0 1777797268 79769
30 992 19223 0 1777797268 79776
27 991 20746 0 1777797268 81285
31 1077 4198 0 1777797268 82019
31 1078 1518 0 1777797268 83539
27 992 3528 0 1777797268 84814
28 961 23272 0 1777797268 87939
26 921 8582 0 1777797268 88359
30 993 8905 0 1777797268 88691
31 1079 5559 0 1777797268 89100
28 962 1458 0 1777797268 89398
31 1080 1358 0 1777797268 90460
26 922 2240 0 1777797268 90602
27 993 8667 0 1777797268 93484
30 994 5135 0 1777797268 93828
29 973 34600 0 1777797268 95147
31 1081 4694 0 1777797268 95155
31 1082 2050 0 1777797268 97216
31 1083 652 0 1777797268 97870
30 995 4244 0 1777797268 98075
31 1084 1387 0 1777797268 99258
30 996 2258 0 1777797268 100335
28 963 12581 0 1777797268 101981
31 1085 2728 0 1777797268 101988
27 994 8525 0 1777797268 102011
31 1086 2696 0 1777797268 104694
31 1087 938 0 1777797268 105634
27 995 4056 0 1777797268 106069
28 964 5979 0 1777797268 107968
27 996 1959 0 1777797268 108029
28 965 5418 0 1777797268 113388
31 1088 7758 0 1777797268 113394
27 997 6236 0 1777797268 114266
30 997 13935 0 1777797268 114273
31 1089 2280 0 1777797268 115690
31 1090 2319 0 1777797268 118012
31 1091 2834 0 1777797268 120849
28 966 11216 0 1777797268 124611
30 998 10814 0 1777797268 125098
31 1092 5892 0 1777797268 126745
28 967 2491 0 1777797268 127104
31 1093 1032 0 1777797268 127779
31 1094 948 0 1777797268 128730
26 923 38174 0 1777797268 128779
27 998 14742 0 1777797268 129016
27 999 2676 0 1777797268 131695
31 1095 3510 0 1777797268 132241
27 1000 1856 0 1777797268 133555
30 999 9765 0 1777797268 134866
31 1096 6344 0 1777797268 138588
27 1001 5662 0 1777797268 139219
30 1000 4729 0 1777797268 139596
29 974 45467 0 1777797268 140623
27 1002 2553 0 1777797268 141774
26 924 13158 0 1777797268 141941
28 968 15388 0 1777797268 142493
30 1001 3055 0 1777797268 142652
29 975 2933 0 1777797268 143557
26 925 2195 0 1777797268 144137
27 1003 4124 0 1777797268 145902
31 1097 11949 0 1777797268 150539
27 1004 5181 0 1777797268 151087
28 969 8599 0 1777797268 151094
29 976 7539 0 1777797268 151098
30 1002 8442 0 1777797268 151104
26 926 7398 0 1777797268 151537
28 970 3651 0 1777797268 154767
31 1098 4985 0 1777797268 155526
29 977 6650 0 1777797268 157775
26 927 6390 0 1777797268 157930
30 1003 6917 0 1777797268 158049
27 1005 11542 0 1777797268 162647
29 978 4876 0 1777797268 162653
30 1004 4609 0 1777797268 162659
31 1099 8375 0 1777797268 163904
28 971 11766 0 1777797268 166535
26 928 11211 0 1777797268 169143
29 979 6463 0 1777797268 169151
27 1006 16636 0 1777797268 179296
30 1005 16599 0 1777797268 179303
31 1100 15399 0 1777797268 179319
26 929 14421 0 1777797268 183575
28 972 17111 0 1777797268 183648
29 980 14486 0 1777797268 183659
27 1007 8143 0 1777797268 187463
30 1006 8856 0 1777797268 188187
31 1101 8860 0 1777797268 188236
31 1102 5482 0 1777797268 193733
27 1008 9245 0 1777797268 196710
30 1007 8481 0 1777797268 196718
28 973 14268 0 1777797268 197937
29 981 16507 0 1777797268 200183
31 1103 6483 0 1777797268 200218
30 1008 14992 0 1777797268 211730
31 1104 11516 0 1777797268 211736
27 1009 15922 0 1777797268 212641
28 974 15068 0 1777797268 213011
26 930 29797 0 1777797268 213457
29 982 14346 0 1777797268 214535
28 975 6925 0 1777797268 219939
26 931 14354 0 1777797268 227813
28 976 7875 0 1777797268 227822
31 1105 16086 0 1777797268 227828
29 983 16498 0 1777797268 231036
31 1106 4218 0 1777797268 232126
28 977 4920 0 1777797268 232806
27 1010 21296 0 1777797268 233941
30 1009 26907 0 1777797268 238644
29 984 7939 0 1777797268 238977
30 1010 2151 0 1777797268 240798
30 1011 793 0 1777797268 241592
28 978 9322 0 1777797268 242130
29 985 3299 0 1777797268 242279
31 1107 12558 0 1777797268 244687
30 1012 3113 0 1777797268 244709
28 979 2727 0 1777797268 244859
30 1013 1784 0 1777797268 246496
31 1108 1919 0 1777797268 246608
30 1014 1732 0 1777797268 248230
31 1109 1628 0 1777797268 248238
28 980 4566 0 1777797268 249427
29 986 7154 0 1777797268 249434
26 932 26699 0 1777797268 254528
27 1011 20593 0 1777797268 254538
28 981 6899 0 1777797268 256335
30 1015 8126 0 1777797268 256365
26 933 8783 0 1777797268 263322
27 1012 8808 0 1777797268 263358
28 982 6998 0 1777797268 263364
30 1016 6955 0 1777797268 263370
31 1110 15129 0 1777797268 263377
29 987 14785 0 1777797268 264228
26 934 8386 0 1777797268 271763
28 983 8392 0 1777797268 271791
29 988 7570 0 1777797268 271799
27 1013 11952 0 1777797268 275341
30 1017 12345 0 1777797268 275751
28 984 7556 0 1777797268 279374
29 989 7555 0 1777797268 279381
31 1111 15974 0 1777797268 279388
26 935 11488 0 1777797268 283288
29 990 8764 0 1777797268 288161
30 1018 12419 0 1777797268 288173
26 936 15483 0 1777797268 298777
27 1014 23439 0 1777797268 298785
28 985 19402 0 1777797268 298791
29 991 10622 0 1777797268 298796
30 1019 10611 0 1777797268 298800
31 1112 20218 0 1777797268 299621
29 992 7761 0 1777797268 306582
26 937 16686 0 1777797268 315487
27 1015 16687 0 1777797268 315497
28 986 16688 0 1777797268 315504
30 1020 16683 0 1777797268 315509
29 993 11343 0 1777797268 317928
31 1113 18310 0 1777797268 317936
28 987 7714 0 1777797268 323287
29 994 5358 0 1777797268 323295
31 1114 5356 0 1777797268 323301
26 938 15215 0 1777797268 330726
28 988 7434 0 1777797268 330736
29 995 7427 0 1777797268 330743
30 1021 15168 0 1777797268 330749
31 1115 7430 0 1777797268 330754
28 989 6274 0 1777797268 337041
30 1022 6297 0 1777797268 337079
27 1016 23225 0 1777797268 338788
29 996 8018 0 1777797268 338793
27 1017 6075 0 1777797268 344869
28 990 7800 0 1777797268 344881
29 997 9217 0 1777797268 348017
30 1023 10934 0 1777797268 348025
28 991 4387 0 1777797268 349280
27 1018 11786 0 1777797268 356669
29 998 8665 0 1777797268 356691
28 992 7747 0 1777797268 357033
30 1024 8996 0 1777797268 357040
26 939 29178 0 1777797268 359933
30 1025 8297 0 1777797268 365346
27 1019 9474 0 1777797268 366166
28 993 9133 0 1777797268 366174
28 994 4880 0 1777797268 371072
29 999 14377 0 1777797268 371082
30 1026 5741 0 1777797268 371089
27 1020 6241 0 1777797268 372416
28 995 3916 0 1777797268 375006
30 1027 5448 0 1777797268 376598
28 996 3617 0 1777797268 378625
29 1000 8083 0 1777797268 379218
30 1028 8354 0 1777797268 384960
26 940 29812 0 1777797268 389750
30 1029 5780 0 1777797268 390743
26 941 11543 0 1777797268 401295
27 1021 28885 0 1777797268 401303
28 997 22681 0 1777797268 401308
29 1001 22090 0 1777797268 401312
30 1030 10568 0 1777797268 401315
31 1116 70531 0 1777797268 401319
26 942 4801 0 1777797268 406122
29 1002 5755 0 1777797268 407088
30 1031 6352 0 1777797268 407779
28 998 11570 0 1777797268 412899
31 1117 11198 0 1777797268 412905
27 1022 12367 0 1777797268 413692
27 1023 7529 0 1777797268 421226
28 999 8348 0 1777797268 421254
29 1003 14244 0 1777797268 421334
30 1032 13566 0 1777797268 421346
26 943 19360 0 1777797268 425483
30 1033 4065 0 1777797268 425499
31 1118 12592 0 1777797268 425507
27 1024 8968 0 1777797268 430315
28 1000 11096 0 1777797268 432458
26 944 11472 0 1777797268 436980
29 1004 15569 0 1777797268 436992
30 1034 11475 0 1777797268 436998
31 1119 11492 0 1777797268 437023
27 1025 8913 0 1777797268 439229
28 1001 10275 0 1777797268 442734
29 1005 5965 0 1777797268 442999
31 1120 5865 0 1777797268 443008
26 945 6009 0 1777797268 443033
30 1035 5966 0 1777797268 443039
26 946 22030 0 1777797268 465070
27 1026 25863 0 1777797268 465094
29 1006 22095 0 1777797268 465103
30 1036 22065 0 1777797268 465110
31 1121 22096 0 1777797268 465116
28 1002 26470 0 1777797268 469205
31 1122 38062 0 1777797268 503214
30 1037 64416 0 1777797268 529560
29 1007 78740 0 1777797268 543873
28 1003 86873 0 1777797268 556119
30 1038 26561 0 1777797268 556123
26 947 93978 0 1777797268 559095
27 1027 94083 0 1777797268 559209
31 1123 55998 0 1777797268 559213
26 948 31916 0 1777797268 591130
29 1008 47272 0 1777797268 591146
30 1039 35023 0 1777797268 591153
27 1028 32995 0 1777797268 592243
28 1004 36127 0 1777797268 592251
31 1124 32730 0 1777797268 592260
26 949 20257 0 1777797268 611411
27 1029 19183 0 1777797268 611444
29 1009 20275 0 1777797268 611453
30 1040 24470 0 1777797268 615658
28 1005 38583 0 1777797268 630853
29 1010 19375 0 1777797268 630865
26 950 25188 0 1777797268 636643
27 1030 25288 0 1777797268 636768
31 1125 44505 0 1777797268 636780
30 1041 21206 0 1777797268 636866
28 1006 12197 0 1777797268 643063
27 1031 11213 0 1777797268 648013
29 1011 17121 0 1777797268 648019
30 1042 11157 0 1777797268 648025
31 1126 11220 0 1777797268 648030
26 951 12175 0 1777797268 648957
28 1007 39322 0 1777797268 682390
29 1012 34354 0 1777797268 682396
30 1043 34355 0 1777797268 682402
26 952 46663 0 1777797268 695621
27 1032 47609 0 1777797268 695640
27 1033 8992 0 1777797268 704654
29 1013 27548 0 1777797268 709966
29 1014 5344 0 1777797268 715312
27 1034 13080 0 1777797268 717741
26 953 24461 0 1777797268 720103
30 1044 42367 0 1777797268 724793
28 1008 45514 0 1777797268 727917
27 1035 26066 0 1777797268 743809
27 1036 5636 0 1777797268 749447
28 1009 21539 0 1777797268 749458
26 954 33216 0 1777797268 753378
27 1037 7838 0 1777797268 757298
27 1038 5517 0 1777797268 762819
29 1015 48540 0 1777797268 763857
26 955 11521 0 1777797268 764902
27 1039 9798 0 1777797268 772624
31 1127 128875 0 1777797268 776926
30 1045 55018 0 1777797268 779813
28 1010 34801 0 1777797268 784270
29 1016 20419 0 1777797268 784277
26 956 24796 0 1777797268 789700
30 1046 18030 0 1777797268 797845
27 1040 29994 0 1777797268 802621
26 957 13393 0 1777797268 803128
30 1047 6228 0 1777797268 804081
28 1011 19843 0 1777797268 804121
31 1128 28337 0 1777797268 805266
29 1017 22448 0 1777797268 806738
26 958 25895 0 1777797268 829027
27 1041 26411 0 1777797268 829034
29 1018 22302 0 1777797268 829042
30 1048 24960 0 1777797268 829047
31 1129 23781 0 1777797268 829054
28 1012 25962 0 1777797268 830084
29 1019 12662 0 1777797268 841750
31 1130 14713 0 1777797268 843815
29 1020 3238 0 1777797268 844990
28 1013 19609 0 1777797268 849694
30 1049 20624 0 1777797268 849718
31 1131 7932 0 1777797268 851749
29 1021 9798 0 1777797268 854793
28 1014 11441 0 1777797268 861160
29 1022 6384 0 1777797268 861179
31 1132 11102 0 1777797268 862854
27 1042 34838 0 1777797268 863920
29 1023 4443 0 1777797268 865623
28 1015 6979 0 1777797268 868140
26 959 40377 0 1777797268 869449
27 1043 6566 0 1777797268 870488
29 1024 4891 0 1777797268 870516
28 1016 4020 0 1777797268 872162
29 1025 2438 0 1777797268 872969
27 1044 4109 0 1777797268 874626
27 1045 2273 0 1777797268 876901
29 1026 3939 0 1777797268 876910
26 960 8703 0 1777797268 878158
28 1017 6587 0 1777797268 878752
26 961 3986 0 1777797268 882146
27 1046 5252 0 1777797268 882163
30 1050 32441 0 1777797268 882171
29 1027 6013 0 1777797268 882937
27 1047 2323 0 1777797268 884512
28 1018 5762 0 1777797268 884518
28 1019 6184 0 1777797268 890718
26 962 10813 0 1777797268 892985
27 1048 10367 0 1777797268 894886
28 1020 14173 0 1777797268 904969
29 1028 22047 0 1777797268 904986
30 1051 22795 0 1777797268 904993
27 1049 12131 0 1777797268 907020
26 963 14999 0 1777797268 907986
31 1133 45138 0 1777797268 907994
28 1021 7405 0 1777797268 912399
31 1134 8067 0 1777797268 916069
26 964 13560 0 1777797268 921555
27 1050 14552 0 1777797268 921576
28 1022 9196 0 1777797268 921598
29 1029 16593 0 1777797268 921606
30 1052 16583 0 1777797268 921612
26 965 8961 0 1777797268 930574
27 1051 8969 0 1777797268 930595
28 1023 8969 0 1777797268 930601
31 1135 14538 0 1777797268 930609
29 1030 10173 0 1777797268 931813
30 1053 10173 0 1777797268 931819
26 966 8737 0 1777797268 939347
27 1052 8737 0 1777797268 939367
28 1024 8738 0 1777797268 939376
31 1136 8752 0 1777797268 939398
26 967 8025 0 1777797268 947424
27 1053 7940 0 1777797268 947433
28 1025 7933 0 1777797268 947438
29 1031 15623 0 1777797268 947443
30 1054 15618 0 1777797268 947447
31 1137 7939 0 1777797268 947451
26 968 15087 0 1777797268 962539
28 1026 19508 0 1777797268 966975
29 1032 19526 0 1777797268 966999
30 1055 19531 0 1777797268 967008
31 1138 19534 0 1777797268 967015
27 1054 31234 0 1777797268 978696
28 1027 26930 0 1777797268 993947
29 1033 26930 0 1777797268 993961
31 1139 26918 0 1777797268 993965
26 969 35526 0 1777797268 998068
27 1055 19386 0 1777797268 998083
30 1056 31072 0 1777797268 998112
28 1028 23200 0 1777797269 17166
29 1034 23669 0 1777797269 17651
31 1140 23672 0 1777797269 17660
27 1056 21699 0 1777797269 19856
30 1057 21502 0 1777797269 19864
26 970 30156 0 1777797269 28269
26 971 38057 0 1777797269 66326
27 1057 46468 0 1777797269 66334
29 1035 52036 0 1777797269 69705
31 1141 52047 0 1777797269 69721
28 1029 55731 0 1777797269 73392
26 972 8124 0 1777797269 74459
26 973 7412 0 1777797269 81874
29 1036 12159 0 1777797269 81881
30 1058 62004 0 1777797269 81888
27 1058 29920 0 1777797269 96263
29 1037 14374 0 1777797269 96271
26 974 169721 0 1777797269 251610
30 1059 169711 0 1777797269 251615
29 1038 158229 0 1777797269 254515
26 975 9836 0 1777797269 261452
30 1060 9838 0 1777797269 261458
28 1030 189059 0 1777797269 262453
31 1142 192670 0 1777797269 262458
27 1059 168306 0 1777797269 264579
28 1031 11060 0 1777797269 273519
30 1061 52181 0 1777797269 313648
26 976 55662 0 1777797269 317121
29 1039 62609 0 1777797269 317125
31 1143 54651 0 1777797269 317129
28 1032 48394 0 1777797269 321915
30 1062 8262 0 1777797269 321921
26 977 53333 0 1777797269 370463
27 1060 105893 0 1777797269 370474
28 1033 48561 0 1777797269 370482
29 1040 53353 0 1777797269 370487
30 1063 48565 0 1777797269 370494
31 1144 53362 0 1777797269 370501
29 1041 27579 0 1777797269 398111
29 1042 12574 0 1777797269 410690
26 978 51419 0 1777797269 421922
31 1145 53338 0 1777797269 423885
30 1064 56147 0 1777797269 426688
27 1061 61479 0 1777797269 431995
28 1034 68117 0 1777797269 438641
28 1035 18862 0 1777797269 457513
26 979 66474 0 1777797269 488400
27 1062 71027 0 1777797269 503030
29 1043 92348 0 1777797269 503040
30 1065 76357 0 1777797269 503047
31 1146 79166 0 1777797269 503053
28 1036 50325 0 1777797269 507876
27 1063 11349 0 1777797269 514403
30 1066 11295 0 1777797269 514409
31 1147 11282 0 1777797269 514414
26 980 43682 0 1777797269 532084
28 1037 24247 0 1777797269 532125
27 1064 17979 0 1777797269 532393
29 1044 29302 0 1777797269 532397
30 1067 19394 0 1777797269 533816
31 1148 34645 0 1777797269 549072
28 1038 16961 0 1777797269 549100
26 981 27617 0 1777797269 559744
27 1065 27357 0 1777797269 559755
28 1039 10659 0 1777797269 559760
30 1068 25945 0 1777797269 559765
31 1149 10690 0 1777797269 559769
29 1045 31027 0 1777797269 563430
27 1066 14641 0 1777797269 574421
30 1069 14636 0 1777797269 574426
29 1046 11225 0 1777797269 574661
31 1150 14871 0 1777797269 574666
26 982 18403 0 1777797269 578172
27 1067 6083 0 1777797269 580509
28 1040 20758 0 1777797269 580543
30 1070 11117 0 1777797269 585548
31 1151 10881 0 1777797269 585553
26 983 9581 0 1777797269 587754
29 1047 13095 0 1777797269 587761
29 1048 9127 0 1777797269 597314
26 984 11044 0 1777797269 599223
28 1041 18667 0 1777797269 599230
27 1068 23964 0 1777797269 604509
28 1042 5276 0 1777797269 604517
29 1049 7208 0 1777797269 604524
30 1071 18978 0 1777797269 604531
31 1152 18980 0 1777797269 604538
26 985 8392 0 1777797269 607624
27 1069 8726 0 1777797269 613265
30 1072 8711 0 1777797269 613275
26 986 6196 0 1777797269 613822
29 1050 9272 0 1777797269 613828
31 1153 9262 0 1777797269 613834
26 987 7404 0 1777797269 621239
29 1051 7405 0 1777797269 621248
28 1043 18445 0 1777797269 622993
31 1154 9159 0 1777797269 623009
30 1073 10514 0 1777797269 623854
27 1070 16397 0 1777797269 629674
28 1044 6672 0 1777797269 629682
26 988 11601 0 1777797269 632850
29 1052 11586 0 1777797269 632859
30 1074 9009 0 1777797269 632865
31 1155 9850 0 1777797269 632871
26 989 6555 0 1777797269 639427
27 1071 9752 0 1777797269 639435
30 1075 6553 0 1777797269 639441
29 1053 6592 0 1777797269 639473
31 1156 14020 0 1777797269 646923
28 1045 17248 0 1777797269 646972
30 1076 9616 0 1777797269 649075
26 990 9892 0 1777797269 649334
27 1072 9901 0 1777797269 649352
29 1054 9964 0 1777797269 649438
27 1073 5986 0 1777797269 655341
29 1055 7984 0 1777797269 657424
27 1074 7985 0 1777797269 663330
29 1056 13792 0 1777797269 671218
27 1075 10460 0 1777797269 673797
28 1046 28706 0 1777797269 675679
29 1057 5110 0 1777797269 676329
29 1058 3545 0 1777797269 679877
27 1076 12951 0 1777797269 686751
27 1077 10816 0 1777797269 697573
31 1157 54909 0 1777797269 701842
28 1047 34034 0 1777797269 709715
27 1078 13195 0 1777797269 710770
31 1158 11073 0 1777797269 712917
30 1077 65309 0 1777797269 714387
27 1079 4354 0 1777797269 715125
31 1159 13368 0 1777797269 726286
27 1080 12918 0 1777797269 728044
30 1078 18485 0 1777797269 732875
27 1081 13354 0 1777797269 741402
27 1082 18664 0 1777797269 760067
29 1059 80193 0 1777797269 760074
30 1079 27201 0 1777797269 760078
31 1160 33795 0 1777797269 760085
26 991 123430 0 1777797269 772765
27 1083 12685 0 1777797269 772770
27 1084 14551 0 1777797269 787328
28 1048 77620 0 1777797269 787338
29 1060 27252 0 1777797269 787348
26 992 27274 0 1777797269 800045
27 1085 25572 0 1777797269 812921
26 993 33119 0 1777797269 833175
28 1049 45814 0 1777797269 833183
31 1161 73215 0 1777797269 833323
30 1080 73373 0 1777797269 833475
29 1061 45879 0 1777797269 833507
27 1086 42264 0 1777797269 855193
26 994 30774 0 1777797269 863958
29 1062 35072 0 1777797269 868580
28 1050 52162 0 1777797269 885356
30 1081 75231 0 1777797269 908707
26 995 57824 0 1777797269 921784
31 1162 88469 0 1777797269 921792
27 1087 68664 0 1777797269 923863
28 1051 38511 0 1777797269 923871
29 1063 55295 0 1777797269 923877
30 1082 25211 0 1777797269 933924
28 1052 23799 0 1777797269 947694
26 996 42270 0 1777797269 964062
27 1088 40196 0 1777797269 964074
29 1064 40180 0 1777797269 964082
31 1163 42292 0 1777797269 964090
30 1083 32312 0 1777797269 966241
28 1053 37522 0 1777797269 985218
26 997 34672 0 1777797269 998764
29 1065 35245 0 1777797269 999367
30 1084 33132 0 1777797269 999374
31 1164 37939 0 1777797270 2068
27 1089 38283 0 1777797270 2397
29 1066 23648 0 1777797270 23022
30 1085 23645 0 1777797270 23029
31 1165 20966 0 1777797270 23034
26 998 24357 0 1777797270 23134
28 1054 65090 0 1777797270 50310
27 1090 56195 0 1777797270 58593
29 1067 41422 0 1777797270 64457
26 999 58858 0 1777797270 81993
31 1166 58949 0 1777797270 82000
29 1068 17560 0 1777797270 82019
26 1000 32912 0 1777797270 114913
27 1091 56326 0 1777797270 114930
28 1055 64628 0 1777797270 114940
29 1069 32927 0 1777797270 114946
30 1086 91908 0 1777797270 114953
31 1167 33097 0 1777797270 115105
26 1001 26221 0 1777797270 141176
28 1056 26213 0 1777797270 141187
29 1070 26204 0 1777797270 141193
31 1168 26094 0 1777797270 141200
27 1092 33049 0 1777797270 148014
26 1002 34673 0 1777797270 175874
28 1057 34679 0 1777797270 175892
30 1087 63166 0 1777797270 178227
29 1071 39413 0 1777797270 180634
27 1093 39828 0 1777797270 187854
31 1169 46633 0 1777797270 187865
26 1003 32776 0 1777797270 211006
28 1058 32850 0 1777797270 211089
30 1088 32852 0 1777797270 211096
29 1072 54448 0 1777797270 235083
31 1170 47226 0 1777797270 235103
27 1094 50944 0 1777797270 238810
28 1059 52660 0 1777797270 263769
30 1089 52669 0 1777797270 263790
26 1004 64651 0 1777797270 275748
29 1073 40651 0 1777797270 275756
27 1095 214003 0 1777797270 452817
31 1171 217840 0 1777797270 452951
29 1074 177410 0 1777797270 453175
30 1090 189364 0 1777797270 453182
26 1005 178077 0 1777797270 453834
28 1060 190049 0 1777797270 453841
27 1096 11750 0 1777797270 464571
28 1061 42054 0 1777797270 495903
31 1172 42959 0 1777797270 495911
26 1006 53396 0 1777797270 507239
29 1075 54100 0 1777797270 507283
31 1173 11367 0 1777797270 507290
28 1062 13993 0 1777797270 509906
29 1076 2622 0 1777797270 509913
28 1063 2548 0 1777797270 512462
29 1077 4667 0 1777797270 514594
26 1007 21852 0 1777797270 529098
27 1097 64536 0 1777797270 529109
30 1091 75924 0 1777797270 529115
31 1174 21820 0 1777797270 529122
28 1064 18646 0 1777797270 531113
29 1078 16655 0 1777797270 531252
26 1008 19703 0 1777797270 548826
28 1065 17715 0 1777797270 548831
29 1079 17577 0 1777797270 548835
30 1092 19695 0 1777797270 548839
31 1175 19693 0 1777797270 548844
27 1098 35033 0 1777797270 564168
31 1176 22368 0 1777797270 571230
30 1093 31585 0 1777797270 580442
26 1009 41476 0 1777797270 590322
27 1099 26158 0 1777797270 590331
28 1066 41486 0 1777797270 590335
29 1080 41486 0 1777797270 590339
30 1094 9899 0 1777797270 590342
31 1177 21099 0 1777797270 592353
26 1010 25859 0 1777797270 616202
27 1100 25854 0 1777797270 616208
28 1067 25854 0 1777797270 616213
29 1081 25852 0 1777797270 616216
30 1095 25853 0 1777797270 616220
31 1178 23869 0 1777797270 616224
26 1011 13041 0 1777797270 629266
27 1101 13043 0 1777797270 629275
28 1068 13043 0 1777797270 629279
31 1179 13027 0 1777797270 629283
29 1082 13993 0 1777797270 630234
30 1096 14067 0 1777797270 630314
26 1012 11237 0 1777797270 640521
28 1069 11230 0 1777797270 640527
29 1083 10215 0 1777797270 640531
31 1180 11234 0 1777797270 640535
30 1097 13606 0 1777797270 643934
27 1102 19895 0 1777797270 649188
30 1098 14917 0 1777797270 658852
27 1103 10739 0 1777797270 659930
26 1013 21860 0 1777797270 662395
28 1070 23225 0 1777797270 663766
31 1181 23222 0 1777797270 663775
29 1084 39951 0 1777797270 680499
26 1014 29340 0 1777797270 691742
27 1104 31822 0 1777797270 691754
28 1071 27985 0 1777797270 691761
30 1099 32907 0 1777797270 691767
31 1182 27987 0 1777797270 691772
30 1100 14527 0 1777797270 706318
26 1015 38584 0 1777797270 730356
28 1072 40891 0 1777797270 732677
27 1105 44750 0 1777797270 736532
28 1073 9800 0 1777797270 742483
27 1106 9426 0 1777797270 745963
28 1074 7070 0 1777797270 749558
27 1107 10426 0 1777797270 756394
26 1016 34576 0 1777797270 764934
27 1108 8989 0 1777797270 765386
28 1075 20296 0 1777797270 769857
29 1085 104596 0 1777797270 785103
30 1101 78788 0 1777797270 785113
27 1109 54041 0 1777797270 819430
31 1183 130965 0 1777797270 822762
29 1086 50848 0 1777797270 835962
30 1102 50878 0 1777797270 836003
31 1184 13245 0 1777797270 836009
27 1110 19325 0 1777797270 838761
29 1087 8758 0 1777797270 844769
31 1185 11382 0 1777797270 847418
29 1088 11141 0 1777797270 855913
31 1186 10897 0 1777797270 858322
27 1111 21402 0 1777797270 860170
30 1103 24164 0 1777797270 860190
26 1017 103043 0 1777797270 867982
31 1187 10944 0 1777797270 869269
28 1076 102098 0 1777797270 871958
26 1018 11213 0 1777797270 879196
29 1089 23285 0 1777797270 879201
27 1112 21412 0 1777797270 881608
31 1188 15174 0 1777797270 884443
30 1104 26843 0 1777797270 887062
26 1019 14661 0 1777797270 893862
27 1113 12264 0 1777797270 893881
28 1077 22008 0 1777797270 893970
31 1189 16303 0 1777797270 900800
26 1020 20564 0 1777797270 914536
29 1090 35340 0 1777797270 914546
28 1078 20582 0 1777797270 914637
26 1021 4805 0 1777797270 919351
26 1022 1742 0 1777797270 921095
29 1091 13384 0 1777797270 927975
31 1190 38983 0 1777797270 939785
27 1114 54649 0 1777797270 948647
30 1105 61594 0 1777797270 948658
31 1191 18242 0 1777797270 958029
31 1192 8172 0 1777797270 966257
31 1193 9076 0 1777797270 975334
28 1079 70532 0 1777797270 985182
26 1023 84606 0 1777797271 5704
28 1080 29828 0 1777797271 15022
29 1092 87050 0 1777797271 15026
31 1194 39690 0 1777797271 15031
27 1115 91374 0 1777797271 40033
28 1081 25012 0 1777797271 40043
30 1106 91318 0 1777797271 40048
29 1093 33139 0 1777797271 48176
31 1195 35685 0 1777797271 50728
26 1024 45669 0 1777797271 51376
28 1082 23892 0 1777797271 63951
29 1094 15780 0 1777797271 63957
30 1107 23897 0 1777797271 63961
27 1116 31711 0 1777797271 71759
26 1025 27477 0 1777797271 78855
31 1196 28156 0 1777797271 78887
28 1083 28535 0 1777797271 92497
27 1117 27805 0 1777797271 99566
30 1108 35745 0 1777797271 99717
26 1026 25223 0 1777797271 104111
27 1118 15326 0 1777797271 115046
28 1084 22550 0 1777797271 115053
29 1095 51092 0 1777797271 115059
31 1197 36133 0 1777797271 115065
26 1027 21936 0 1777797271 126049
27 1119 8140 0 1777797271 126066
28 1085 8135 0 1777797271 126070
29 1096 8133 0 1777797271 126075
30 1109 26320 0 1777797271 126080
31 1198 18122 0 1777797271 136070
27 1120 18622 0 1777797271 144721
28 1086 18621 0 1777797271 144726
29 1097 18622 0 1777797271 144731
26 1028 23265 0 1777797271 149346
30 1110 23291 0 1777797271 149405
31 1199 19350 0 1777797271 155424
30 1111 6139 0 1777797271 155556
26 1029 9479 0 1777797271 158886
29 1098 15078 0 1777797271 159821
31 1200 6462 0 1777797271 161888
26 1030 4876 0 1777797271 163764
27 1121 19056 0 1777797271 163787
29 1099 3962 0 1777797271 163791
30 1112 8238 0 1777797271 163795
31 1201 6473 0 1777797271 168364
30 1113 18806 0 1777797271 182613
29 1100 24369 0 1777797271 188171
31 1202 19819 0 1777797271 188187
27 1122 26964 0 1777797271 190760
30 1114 8150 0 1777797271 190771
29 1101 6800 0 1777797271 194989
27 1123 15645 0 1777797271 206417
31 1203 35273 0 1777797271 223481
27 1124 22989 0 1777797271 229411
29 1102 38429 0 1777797271 233425
26 1031 105072 0 1777797271 268842
28 1087 124110 0 1777797271 268847
31 1204 45367 0 1777797271 268852
27 1125 51083 0 1777797271 280497
29 1103 47074 0 1777797271 280503
30 1115 89723 0 1777797271 280507
26 1032 20893 0 1777797271 289745
31 1205 20881 0 1777797271 289752
28 1088 23601 0 1777797271 292465
27 1126 40649 0 1777797271 321157
29 1104 40655 0 1777797271 321171
30 1116 40655 0 1777797271 321176
26 1033 34935 0 1777797271 324688
31 1206 34936 0 1777797271 324696
28 1089 33217 0 1777797271 325684
26 1034 21923 0 1777797271 346620
27 1127 25453 0 1777797271 346630
29 1105 25444 0 1777797271 346634
30 1117 25444 0 1777797271 346638
31 1207 21937 0 1777797271 346643
29 1106 22188 0 1777797271 368846
31 1208 22183 0 1777797271 368851
26 1035 28601 0 1777797271 375244
27 1128 52757 0 1777797271 399411
26 1036 25413 0 1777797271 400659
28 1090 74993 0 1777797271 400678
29 1107 31836 0 1777797271 400688
30 1118 54031 0 1777797271 400694
31 1209 31843 0 1777797271 400701
31 1210 7895 0 1777797271 408668
29 1108 26300 0 1777797271 427046
31 1211 20717 0 1777797271 429390
29 1109 13540 0 1777797271 440591
26 1037 39944 0 1777797271 440645
31 1212 11261 0 1777797271 440652
27 1129 44803 0 1777797271 444218
27 1130 8099 0 1777797271 452319
26 1038 14025 0 1777797271 454677
28 1091 59850 0 1777797271 460579
27 1131 8296 0 1777797271 460618
28 1092 4647 0 1777797271 465228
28 1093 4516 0 1777797271 469751
30 1119 68995 0 1777797271 469757
27 1132 9368 0 1777797271 469986
30 1120 18614 0 1777797271 488378
27 1133 31053 0 1777797271 501042
27 1134 4577 0 1777797271 505620
26 1039 56769 0 1777797271 511448
28 1094 63018 0 1777797271 532776
31 1213 92128 0 1777797271 532788
27 1135 35127 0 1777797271 540750
29 1110 100160 0 1777797271 540782
30 1121 55117 0 1777797271 543497
26 1040 35931 0 1777797271 547381
28 1095 25770 0 1777797271 558559
29 1111 17769 0 1777797271 558564
31 1214 25757 0 1777797271 558568
26 1041 17081 0 1777797271 564463
30 1122 20976 0 1777797271 564474
27 1136 25528 0 1777797271 566312
28 1096 13457 0 1777797271 572026
29 1112 13478 0 1777797271 572052
30 1123 7531 0 1777797271 572060
29 1113 11542 0 1777797271 583672
27 1137 19937 0 1777797271 586256
30 1124 16604 0 1777797271 588745
26 1042 24385 0 1777797271 588860
31 1215 30295 0 1777797271 588874
28 1097 16909 0 1777797271 589019
29 1114 21796 0 1777797271 605469
26 1043 19272 0 1777797271 608133
27 1138 21867 0 1777797271 608137
28 1098 19121 0 1777797271 608141
30 1125 19398 0 1777797271 608144
31 1216 19275 0 1777797271 608149
29 1115 10619 0 1777797271 616089
28 1099 13975 0 1777797271 622137
30 1126 13981 0 1777797271 622146
31 1217 13990 0 1777797271 622160
27 1139 16748 0 1777797271 624902
26 1044 21305 0 1777797271 629454
29 1116 17616 0 1777797271 633714
30 1127 11558 0 1777797271 633733
27 1140 12233 0 1777797271 637136
28 1100 15007 0 1777797271 637168
31 1218 15709 0 1777797271 637891
26 1045 9339 0 1777797271 638804
28 1101 10932 0 1777797271 648881
29 1117 15151 0 1777797271 648885
30 1128 15028 0 1777797271 648905
27 1141 11935 0 1777797271 649830
31 1219 11873 0 1777797271 649835
30 1129 9148 0 1777797271 658065
31 1220 11897 0 1777797271 661738
30 1130 11995 0 1777797271 670062
29 1118 21250 0 1777797271 670162
31 1221 8427 0 1777797271 670166
26 1046 33062 0 1777797271 671869
31 1222 3723 0 1777797271 673895
28 1102 25226 0 1777797271 674131
30 1131 10081 0 1777797271 680145
29 1119 20391 0 1777797271 690558
31 1223 17252 0 1777797271 691148
28 1103 17186 0 1777797271 691317
30 1132 11175 0 1777797271 691321
26 1047 21981 0 1777797271 693857
29 1120 3746 0 1777797271 694305
30 1133 8413 0 1777797271 699740
26 1048 6462 0 1777797271 700321
29 1121 9502 0 1777797271 703809
31 1224 12920 0 1777797271 704069
28 1104 13174 0 1777797271 704495
30 1134 7356 0 1777797271 707097
31 1225 8043 0 1777797271 712113
30 1135 5027 0 1777797271 712125
29 1122 17065 0 1777797271 720875
30 1136 9582 0 1777797271 721707
31 1226 9597 0 1777797271 721711
29 1123 6457 0 1777797271 727336
30 1137 7539 0 1777797271 729251
31 1227 12022 0 1777797271 733741
31 1228 7949 0 1777797271 741692
30 1138 14296 0 1777797271 743548
29 1124 16257 0 1777797271 743594
31 1229 5236 0 1777797271 746929
30 1139 5778 0 1777797271 749328
31 1230 6438 0 1777797271 753368
26 1049 53476 0 1777797271 753798
28 1105 49735 0 1777797271 754231
26 1050 5727 0 1777797271 759525
31 1231 6509 0 1777797271 759878
26 1051 4221 0 1777797271 763747
31 1232 4771 0 1777797271 764650
30 1140 15333 0 1777797271 764663
28 1106 11474 0 1777797271 765705
29 1125 22114 0 1777797271 765709
26 1052 4513 0 1777797271 768264
30 1141 6004 0 1777797271 770668
31 1233 6510 0 1777797271 771161
26 1053 8867 0 1777797271 777132
27 1142 132482 0 1777797271 782317
26 1054 8128 0 1777797271 785262
31 1234 14109 0 1777797271 785271
30 1142 17064 0 1777797271 787733
28 1107 23947 0 1777797271 789657
30 1143 9287 0 1777797271 797021
26 1055 21156 0 1777797271 806427
28 1108 16788 0 1777797271 806455
29 1126 40749 0 1777797271 806464
30 1144 9460 0 1777797271 806483
31 1235 21221 0 1777797271 806513
30 1145 17566 0 1777797271 824123
31 1236 18727 0 1777797271 825299
26 1056 23418 0 1777797271 829932
26 1057 15582 0 1777797271 845517
31 1237 26356 0 1777797271 851658
31 1238 12364 0 1777797271 864082
27 1143 87930 0 1777797271 870250
28 1109 63714 0 1777797271 870254
30 1146 46131 0 1777797271 870258
31 1239 9463 0 1777797271 873549
26 1058 28958 0 1777797271 874477
27 1144 9351 0 1777797271 879609
31 1240 6653 0 1777797271 880203
28 1110 10604 0 1777797271 880868
26 1059 8610 0 1777797271 883093
30 1147 12830 0 1777797271 883098
29 1127 86950 0 1777797271 893499
31 1241 14926 0 1777797271 895129
26 1060 13752 0 1777797271 896850
29 1128 5161 0 1777797271 898661
26 1061 6147 0 1777797271 903001
31 1242 9886 0 1777797271 905018
30 1148 23423 0 1777797271 906527
30 1149 12524 0 1777797271 919052
26 1062 19634 0 1777797271 922637
31 1243 17634 0 1777797271 922652
27 1145 43221 0 1777797271 922832
28 1111 41972 0 1777797271 922842
29 1129 24187 0 1777797271 922849
30 1150 6208 0 1777797271 925263
31 1244 2566 0 1777797271 925271
28 1112 3929 0 1777797271 926791
29 1130 3931 0 1777797271 926800
26 1063 6362 0 1777797271 929015
27 1146 7949 0 1777797271 930799
31 1245 5905 0 1777797271 931186
30 1151 7551 0 1777797271 932822
27 1147 6180 0 1777797271 936980
26 1064 8935 0 1777797271 938009
28 1113 22195 0 1777797271 948996
27 1148 12223 0 1777797271 949205
26 1065 11443 0 1777797271 949452
28 1114 5693 0 1777797271 954694
29 1131 27892 0 1777797271 954705
26 1066 13466 0 1777797271 962920
27 1149 13724 0 1777797271 962930
28 1115 8229 0 1777797271 962936
29 1132 8221 0 1777797271 962943
30 1152 30124 0 1777797271 962948
27 1150 7696 0 1777797271 970681
29 1133 7686 0 1777797271 970689
26 1067 10168 0 1777797271 973118
28 1116 11188 0 1777797271 974182
26 1068 2992 0 1777797271 976112
29 1134 6797 0 1777797271 977496
27 1151 8758 0 1777797271 979448
29 1135 4859 0 1777797271 982356
27 1152 9973 0 1777797271 989422
26 1069 15063 0 1777797271 991177
29 1136 16235 0 1777797271 998596
28 1117 27178 0 1777797272 1363
27 1153 13981 0 1777797272 3404
26 1070 15150 0 1777797272 6340
29 1137 7751 0 1777797272 6349
27 1154 7931 0 1777797272 11337
28 1118 10014 0 1777797272 11378
26 1071 6278 0 1777797272 12627
30 1153 50398 0 1777797272 13458
31 1246 82495 0 1777797272 13682
29 1138 9568 0 1777797272 15925
27 1155 13633 0 1777797272 25015
30 1154 11565 0 1777797272 25026
31 1247 11350 0 1777797272 25034
28 1119 15375 0 1777797272 26777
29 1139 10862 0 1777797272 26793
30 1155 5647 0 1777797272 30700
30 1156 2033 0 1777797272 32736
29 1140 8001 0 1777797272 34830
31 1248 13481 0 1777797272 38553
27 1156 15663 0 1777797272 40698
30 1157 8263 0 1777797272 41002
29 1141 11371 0 1777797272 46204
31 1249 8428 0 1777797272 46983
27 1157 7356 0 1777797272 48063
30 1158 7074 0 1777797272 48078
29 1142 8631 0 1777797272 54841
26 1072 50351 0 1777797272 62980
27 1158 14913 0 1777797272 62992
28 1120 36205 0 1777797272 62999
30 1159 14912 0 1777797272 63005
31 1250 16062 0 1777797272 63047
28 1121 11033 0 1777797272 74107
26 1073 29823 0 1777797272 92873
27 1159 38172 0 1777797272 101236
28 1122 27129 0 1777797272 101242
29 1143 46403 0 1777797272 101246
30 1160 38168 0 1777797272 101251
31 1251 38164 0 1777797272 101256
26 1074 12817 0 1777797272 105693
29 1144 13415 0 1777797272 114681
26 1075 11927 0 1777797272 117624
29 1145 10608 0 1777797272 125301
26 1076 9231 0 1777797272 126863
27 1160 27534 0 1777797272 128790
28 1123 27540 0 1777797272 128801
30 1161 27542 0 1777797272 128811
31 1252 32093 0 1777797272 133366
29 1146 13721 0 1777797272 139025
29 1147 9883 0 1777797272 148911
31 1253 15547 0 1777797272 148923
26 1077 28329 0 1777797272 155198
28 1124 32647 0 1777797272 161555
27 1161 42634 0 1777797272 171446
30 1162 43998 0 1777797272 172915
31 1254 24966 0 1777797272 173900
28 1125 19424 0 1777797272 180980
31 1255 7330 0 1777797272 181230
31 1256 1116 0 1777797272 182347
31 1257 2612 0 1777797272 184960
29 1148 36583 0 1777797272 185507
30 1163 21005 0 1777797272 193923
27 1162 22706 0 1777797272 194160
31 1258 10553 0 1777797272 195514
27 1163 2069 0 1777797272 196234
27 1164 2155 0 1777797272 198391
30 1164 4474 0 1777797272 198398
30 1165 2821 0 1777797272 201226
27 1165 6872 0 1777797272 205270
28 1126 24292 0 1777797272 205273
29 1149 22036 0 1777797272 207550
27 1166 5566 0 1777797272 210840
30 1166 11561 0 1777797272 212788
28 1127 23312 0 1777797272 228591
29 1150 21048 0 1777797272 228599
30 1167 15813 0 1777797272 228604
31 1259 33243 0 1777797272 228759
29 1151 6497 0 1777797272 235108
30 1168 7227 0 1777797272 235843
27 1167 26190 0 1777797272 237033
31 1260 12590 0 1777797272 241352
30 1169 6108 0 1777797272 241952
29 1152 8281 0 1777797272 243390
30 1170 7487 0 1777797272 249440
31 1261 10585 0 1777797272 251938
30 1171 3449 0 1777797272 252896
29 1153 10477 0 1777797272 253868
26 1078 100696 0 1777797272 255896
29 1154 11671 0 1777797272 265540
26 1079 13020 0 1777797272 268917
31 1262 19485 0 1777797272 271424
30 1172 21827 0 1777797272 274724
28 1128 61390 0 1777797272 289994
27 1168 53012 0 1777797272 290047
29 1155 24504 0 1777797272 290055
31 1263 20028 0 1777797272 291455
30 1173 18002 0 1777797272 292728
27 1169 22857 0 1777797272 312913
30 1174 20258 0 1777797272 312990
31 1264 21538 0 1777797272 312997
28 1129 25335 0 1777797272 315343
29 1156 25290 0 1777797272 315358
26 1080 48175 0 1777797272 317098
31 1265 7932 0 1777797272 320964
31 1266 1896 0 1777797272 322865
30 1175 10617 0 1777797272 323627
31 1267 2398 0 1777797272 325265
27 1170 14878 0 1777797272 327875
29 1157 12587 0 1777797272 327956
30 1176 4349 0 1777797272 327981
26 1081 15999 0 1777797272 333100
28 1130 17757 0 1777797272 333117
29 1158 12907 0 1777797272 340922
30 1177 12926 0 1777797272 340959
31 1268 15704 0 1777797272 340971
26 1082 12599 0 1777797272 345719
27 1171 17752 0 1777797272 345734
28 1131 12601 0 1777797272 345741
29 1159 5786 0 1777797272 346758
30 1178 6828 0 1777797272 347816
31 1269 7045 0 1777797272 348060
26 1083 5053 0 1777797272 350795
27 1172 7072 0 1777797272 352849
28 1132 9019 0 1777797272 354815
31 1270 7293 0 1777797272 355357
29 1160 9300 0 1777797272 356061
26 1084 12643 0 1777797272 363442
28 1133 8647 0 1777797272 363464
30 1179 15663 0 1777797272 363484
29 1161 11783 0 1777797272 367850
31 1271 12562 0 1777797272 367923
27 1173 27319 0 1777797272 380172
29 1162 12626 0 1777797272 380551
31 1272 12593 0 1777797272 380559
30 1180 17131 0 1777797272 380654
28 1134 18446 0 1777797272 381959
26 1085 19327 0 1777797272 382812
27 1174 7386 0 1777797272 387561
30 1181 6915 0 1777797272 387571
29 1163 8217 0 1777797272 388777
31 1273 8807 0 1777797272 389439
28 1135 13393 0 1777797272 395354
27 1175 12065 0 1777797272 399637
26 1086 27088 0 1777797272 409902
26 1087 4179 0 1777797272 414085
26 1088 13197 0 1777797272 427285
26 1089 5399 0 1777797272 432685
26 1090 9495 0 1777797272 442182
26 1091 5955 0 1777797272 448139
26 1092 1856 0 1777797272 450007
26 1093 12031 0 1777797272 462039
31 1274 77228 0 1777797272 466669
31 1275 1031 0 1777797272 467701
26 1094 8083 0 1777797272 470143
28 1136 76859 0 1777797272 472224
26 1095 14142 0 1777797272 484287
28 1137 12067 0 1777797272 484292
31 1276 18960 0 1777797272 486662
31 1277 955 0 1777797272 487618
26 1096 5766 0 1777797272 490059
31 1278 2445 0 1777797272 490064
28 1138 7457 0 1777797272 491757
31 1279 1697 0 1777797272 491769
31 1280 1759 0 1777797272 493545
31 1281 1294 0 1777797272 494851
29 1164 110873 0 1777797272 499662
31 1282 6668 0 1777797272 501520
26 1097 14311 0 1777797272 504376
31 1283 3576 0 1777797272 505098
31 1284 2999 0 1777797272 508099
31 1285 4632 0 1777797272 512732
31 1286 1940 0 1777797272 514673
29 1165 16300 0 1777797272 515963
31 1287 2046 0 1777797272 516720
31 1288 2369 0 1777797272 519092
26 1098 17980 0 1777797272 522357
27 1176 131500 0 1777797272 531142
28 1139 39376 0 1777797272 531146
29 1166 15185 0 1777797272 531149
31 1289 12059 0 1777797272 531153
30 1182 144138 0 1777797272 531721
27 1177 14303 0 1777797272 545457
31 1290 14295 0 1777797272 545463
30 1183 18018 0 1777797272 549741
29 1167 23066 0 1777797272 554229
30 1184 4492 0 1777797272 554237
28 1140 23463 0 1777797272 554622
27 1178 12261 0 1777797272 557725
26 1099 37248 0 1777797272 559607
31 1291 17074 0 1777797272 562564
28 1141 11634 0 1777797272 566258
29 1168 12046 0 1777797272 566284
27 1179 8592 0 1777797272 566319
30 1185 12085 0 1777797272 566334
26 1100 6739 0 1777797272 566353
26 1101 3525 0 1777797272 569878
28 1142 3826 0 1777797272 570112
30 1186 4618 0 1777797272 570954
29 1169 5706 0 1777797272 572008
27 1180 11115 0 1777797272 577435
29 1170 6306 0 1777797272 578316
31 1292 15759 0 1777797272 578324
28 1143 8443 0 1777797272 578558
26 1102 8754 0 1777797272 578634
30 1187 7684 0 1777797272 578640
30 1188 6658 0 1777797272 585309
26 1103 7005 0 1777797272 585646
28 1144 11059 0 1777797272 589619
26 1104 9767 0 1777797272 595414
29 1171 17093 0 1777797272 595418
30 1189 10111 0 1777797272 595422
28 1145 7649 0 1777797272 597271
26 1105 9185 0 1777797272 604607
29 1172 9210 0 1777797272 604639
30 1190 9226 0 1777797272 604659
31 1293 26350 0 1777797272 604686
28 1146 9229 0 1777797272 606507
29 1173 6385 0 1777797272 611129
26 1106 7015 0 1777797272 611702
30 1191 7014 0 1777797272 611772
31 1294 8343 0 1777797272 613109
28 1147 18746 0 1777797272 625254
29 1174 14129 0 1777797272 625260
30 1192 13440 0 1777797272 625265
31 1295 12157 0 1777797272 625269
26 1107 18113 0 1777797272 629820
27 1181 52391 0 1777797272 629827
27 1182 5925 0 1777797272 635761
28 1148 10499 0 1777797272 635769
29 1175 10512 0 1777797272 635790
31 1296 10508 0 1777797272 635797
26 1108 9379 0 1777797272 639207
30 1193 13938 0 1777797272 639221
27 1183 5032 0 1777797272 640830
28 1149 5039 0 1777797272 640846
31 1297 5006 0 1777797272 640853
29 1176 6227 0 1777797272 642064
26 1109 6553 0 1777797272 645775
30 1194 6558 0 1777797272 645794
27 1184 11051 0 1777797272 651905
28 1150 11079 0 1777797272 651977
29 1177 9950 0 1777797272 652017
31 1298 11110 0 1777797272 652028
26 1110 11046 0 1777797272 656841
30 1195 11035 0 1777797272 656850
31 1299 4776 0 1777797272 656856
27 1185 13566 0 1777797272 665595
28 1151 13562 0 1777797272 665618
29 1178 13562 0 1777797272 665627
26 1111 13097 0 1777797272 669954
31 1300 13032 0 1777797272 669959
30 1196 22997 0 1777797272 679918
28 1152 17308 0 1777797272 682960
29 1179 17344 0 1777797272 683015
27 1186 20600 0 1777797272 686228
31 1301 21878 0 1777797272 691845
26 1112 26210 0 1777797272 696170
27 1187 22385 0 1777797272 708619
28 1153 25618 0 1777797272 708638
29 1180 25610 0 1777797272 708647
31 1302 16806 0 1777797272 708655
26 1113 29880 0 1777797272 726054
30 1197 46142 0 1777797272 726061
29 1181 21377 0 1777797272 730804
31 1303 21376 0 1777797272 730810
30 1198 25340 0 1777797272 751472
27 1188 49943 0 1777797272 758600
26 1114 38845 0 1777797272 764906
29 1182 34103 0 1777797272 764914
30 1199 22783 0 1777797272 774322
28 1154 65924 0 1777797272 774600
31 1304 43787 0 1777797272 774603
26 1115 23145 0 1777797272 788059
27 1189 29464 0 1777797272 788065
28 1155 23808 0 1777797272 798412
31 1305 25441 0 1777797272 800049
26 1116 16791 0 1777797272 804857
27 1190 16802 0 1777797272 804875
30 1200 34349 0 1777797272 808674
26 1117 8258 0 1777797272 813135
28 1156 14730 0 1777797272 813143
31 1306 13096 0 1777797272 813152
26 1118 2587 0 1777797272 815741
30 1201 7350 0 1777797272 816026
28 1157 6144 0 1777797272 819328
31 1307 6819 0 1777797272 820012
29 1183 61104 0 1777797272 826027
27 1191 34104 0 1777797272 839030
26 1119 24423 0 1777797272 840166
26 1120 10431 0 1777797272 850600
27 1192 30529 0 1777797272 869562
30 1202 53556 0 1777797272 869584
26 1121 65415 0 1777797272 916019
27 1193 46439 0 1777797272 916024
28 1158 96696 0 1777797272 916028
29 1184 90002 0 1777797272 916031
30 1203 46211 0 1777797272 916036
30 1204 6112 0 1777797272 922170
28 1159 6798 0 1777797272 922846
28 1160 6784 0 1777797272 929635
26 1122 16024 0 1777797272 932061
27 1194 16026 0 1777797272 932070
29 1185 16024 0 1777797272 932077
26 1123 4967 0 1777797272 937046
27 1195 6049 0 1777797272 938138
26 1124 5645 0 1777797272 942696
29 1186 11395 0 1777797272 943493
26 1125 1596 0 1777797272 944294
27 1196 9874 0 1777797272 948014
26 1126 5928 0 1777797272 950225
27 1197 3696 0 1777797272 951712
28 1161 27698 0 1777797272 957335
26 1127 11972 0 1777797272 962201
27 1198 10518 0 1777797272 962232
29 1187 18742 0 1777797272 962239
30 1205 40072 0 1777797272 962247
31 1308 142791 0 1777797272 962805
31 1309 6935 0 1777797272 969741
29 1188 8240 0 1777797272 970508
30 1206 8940 0 1777797272 971214
27 1199 9756 0 1777797272 972016
27 1200 8360 0 1777797272 980379
29 1189 9871 0 1777797272 980387
30 1207 9178 0 1777797272 980394
31 1310 10677 0 1777797272 980422
27 1201 10254 0 1777797272 990678
29 1190 10253 0 1777797272 990686
30 1208 18977 0 1777797272 999419
26 1128 38692 0 1777797273 940
27 1202 10258 0 1777797273 947
28 1162 43614 0 1777797273 952
29 1191 10258 0 1777797273 956
31 1311 20512 0 1777797273 960
30 1209 7651 0 1777797273 7078
26 1129 6472 0 1777797273 7432
27 1203 7017 0 1777797273 7985
26 1130 8578 0 1777797273 16011
29 1192 15045 0 1777797273 16022
26 1131 5074 0 1777797273 21098
27 1204 13124 0 1777797273 21111
27 1205 12549 0 1777797273 33681
28 1163 32715 0 1777797273 33688
30 1210 26890 0 1777797273 33970
31 1312 32998 0 1777797273 33980
26 1132 21175 0 1777797273 42287
28 1164 8319 0 1777797273 42310
30 1211 8319 0 1777797273 42317
31 1313 8321 0 1777797273 42323
27 1206 12350 0 1777797273 46331
29 1193 30373 0 1777797273 46408
30 1212 7028 0 1777797273 49369
31 1314 7034 0 1777797273 49382
27 1207 11390 0 1777797273 57799
28 1165 15476 0 1777797273 57810
29 1194 11395 0 1777797273 57816
26 1133 20594 0 1777797273 62918
30 1213 13544 0 1777797273 62927
31 1315 13532 0 1777797273 62934
29 1195 5125 0 1777797273 62966
26 1134 8269 0 1777797273 71204
28 1166 13392 0 1777797273 71224
29 1196 8265 0 1777797273 71232
30 1214 8294 0 1777797273 71239
31 1316 8322 0 1777797273 71274
26 1135 9272 0 1777797273 80548
27 1208 22740 0 1777797273 80558
28 1167 7926 0 1777797273 80565
30 1215 7906 0 1777797273 80581
31 1317 7515 0 1777797273 80589
29 1197 15637 0 1777797273 88303
27 1209 11830 0 1777797273 92431
28 1168 11830 0 1777797273 92438
30 1216 11829 0 1777797273 92445
31 1318 11829 0 1777797273 92452
29 1198 10734 0 1777797273 99039
26 1136 20178 0 1777797273 100768
28 1169 8314 0 1777797273 100777
30 1217 10096 0 1777797273 102568
27 1210 15086 0 1777797273 107539
29 1199 8514 0 1777797273 107556
31 1319 15105 0 1777797273 107594
26 1137 19045 0 1777797273 119823
28 1170 18859 0 1777797273 119829
30 1218 17261 0 1777797273 119832
27 1211 14980 0 1777797273 122538
26 1138 9321 0 1777797273 129154
28 1171 9334 0 1777797273 129172
29 1200 21602 0 1777797273 129179
31 1320 21607 0 1777797273 129202
26 1139 7645 0 1777797273 136849
27 1212 14319 0 1777797273 136858
28 1172 7649 0 1777797273 136867
29 1201 7653 0 1777797273 136879
30 1219 17044 0 1777797273 136887
31 1321 7654 0 1777797273 136894
27 1213 12724 0 1777797273 149629
29 1202 12715 0 1777797273 149634
31 1322 12705 0 1777797273 149640
30 1220 13129 0 1777797273 150055
28 1173 19315 0 1777797273 156227
26 1140 19354 0 1777797273 156249
29 1203 6611 0 1777797273 156260
27 1214 7894 0 1777797273 157534
30 1221 7488 0 1777797273 157543
31 1323 13981 0 1777797273 163636
26 1141 23681 0 1777797273 179942
28 1174 23720 0 1777797273 179950
29 1204 23701 0 1777797273 179972
30 1222 22647 0 1777797273 180222
31 1324 16593 0 1777797273 180232
26 1142 12753 0 1777797273 192986
28 1175 12758 0 1777797273 193004
29 1205 12759 0 1777797273 193014
30 1223 12758 0 1777797273 193022
31 1325 12768 0 1777797273 193040
27 1215 133017 0 1777797273 290561
27 1216 71214 0 1777797273 361791
28 1176 170430 0 1777797273 363513
30 1224 177205 0 1777797273 370308
26 1143 181587 0 1777797273 374629
30 1225 10517 0 1777797273 380978
26 1144 34660 0 1777797273 409291
30 1226 28311 0 1777797273 409299
27 1217 48876 0 1777797273 410676
28 1177 47165 0 1777797273 410685
28 1178 14797 0 1777797273 425497
27 1218 17745 0 1777797273 428431
28 1179 34570 0 1777797273 460070
28 1180 12429 0 1777797273 472503
29 1206 286700 0 1777797273 479794
27 1219 51813 0 1777797273 480247
26 1145 73852 0 1777797273 483152
27 1220 9858 0 1777797273 490108
28 1181 33690 0 1777797273 506199
30 1227 104616 0 1777797273 513923
26 1146 39653 0 1777797273 522819
28 1182 41480 0 1777797273 547686
27 1221 58293 0 1777797273 548404
30 1228 34481 0 1777797273 548412
31 1326 365910 0 1777797273 559020
26 1147 41367 0 1777797273 564192
29 1207 84417 0 1777797273 564213
27 1222 25919 0 1777797273 574333
30 1229 25932 0 1777797273 574357
28 1183 30717 0 1777797273 578415
31 1327 19405 0 1777797273 578427
26 1148 30865 0 1777797273 595080
27 1223 20727 0 1777797273 595086
28 1184 16662 0 1777797273 595090
29 1208 30864 0 1777797273 595093
30 1230 20703 0 1777797273 595098
31 1328 16661 0 1777797273 595102
26 1149 20559 0 1777797273 615661
27 1224 31616 0 1777797273 626723
28 1185 31619 0 1777797273 626731
29 1209 31622 0 1777797273 626738
30 1231 31625 0 1777797273 626746
31 1329 31628 0 1777797273 626752
26 1150 21294 0 1777797273 636956
27 1225 13763 0 1777797273 640517
28 1186 13800 0 1777797273 640562
29 1210 13801 0 1777797273 640571
30 1232 13800 0 1777797273 640578
31 1330 13804 0 1777797273 640588
26 1151 7177 0 1777797273 644145
27 1226 4792 0 1777797273 645447
30 1233 4110 0 1777797273 645533
28 1187 7728 0 1777797273 649107
29 1211 7722 0 1777797273 649124
31 1331 7709 0 1777797273 649141
31 1332 16460 0 1777797273 665627
26 1152 22958 0 1777797273 667111
31 1333 2525 0 1777797273 668163
28 1188 21906 0 1777797273 671049
29 1212 21900 0 1777797273 671058
30 1234 25511 0 1777797273 671064
26 1153 8464 0 1777797273 675584
27 1227 30066 0 1777797273 675602
28 1189 4546 0 1777797273 675611
29 1213 4539 0 1777797273 675616
30 1235 4535 0 1777797273 675621
31 1334 18112 0 1777797273 686284
29 1214 18731 0 1777797273 694374
27 1228 22716 0 1777797273 698349
28 1190 22722 0 1777797273 698360
26 1154 23462 0 1777797273 699084
31 1335 12807 0 1777797273 699093
26 1155 1878 0 1777797273 700973
28 1191 5548 0 1777797273 703923
31 1336 5953 0 1777797273 705058
29 1215 12589 0 1777797273 706966
27 1229 9867 0 1777797273 708229
26 1156 9807 0 1777797273 710782
30 1236 35815 0 1777797273 711463
28 1192 8580 0 1777797273 712506
27 1230 9689 0 1777797273 717919
31 1337 12887 0 1777797273 717947
29 1216 14140 0 1777797273 721108
26 1157 14150 0 1777797273 724937
27 1231 6995 0 1777797273 724944
28 1193 12600 0 1777797273 725110
30 1237 14792 0 1777797273 726257
29 1217 11966 0 1777797273 733077
31 1338 15127 0 1777797273 733097
27 1232 13871 0 1777797273 738827
28 1194 13731 0 1777797273 738842
30 1238 14080 0 1777797273 740339
26 1158 15579 0 1777797273 740525
29 1218 9383 0 1777797273 742481
31 1339 10271 0 1777797273 743391
26 1159 13192 0 1777797273 753719
29 1219 11249 0 1777797273 753731
28 1195 16354 0 1777797273 755219
27 1233 16400 0 1777797273 755243
30 1239 14910 0 1777797273 755251
31 1340 11863 0 1777797273 755256
26 1160 9932 0 1777797273 763664
29 1220 9929 0 1777797273 763674
31 1341 10580 0 1777797273 765884
27 1234 12175 0 1777797273 767432
28 1196 12222 0 1777797273 767443
29 1221 8404 0 1777797273 772095
31 1342 8990 0 1777797273 774885
31 1343 2057 0 1777797273 776944
29 1222 22659 0 1777797273 794756
31 1344 27679 0 1777797273 804625
29 1223 31798 0 1777797273 826560
29 1224 4317 0 1777797273 830878
31 1345 28933 0 1777797273 833559
26 1161 93719 0 1777797273 857394
27 1235 89976 0 1777797273 857420
28 1197 89968 0 1777797273 857427
30 1240 102148 0 1777797273 857432
29 1225 28806 0 1777797273 859685
28 1198 9909 0 1777797273 867360
26 1162 10157 0 1777797273 867591
27 1236 10155 0 1777797273 867597
31 1346 34040 0 1777797273 867602
30 1241 10315 0 1777797273 867774
28 1199 2050 0 1777797273 869421
26 1163 2452 0 1777797273 870055
30 1242 3032 0 1777797273 870807
27 1237 3747 0 1777797273 871358
31 1347 5788 0 1777797273 873406
29 1226 17208 0 1777797273 876895
29 1227 10230 0 1777797273 887127
31 1348 17959 0 1777797273 891367
29 1228 6209 0 1777797273 893338
31 1349 9001 0 1777797273 900371
26 1164 37599 0 1777797273 907657
27 1238 36309 0 1777797273 907669
30 1243 36862 0 1777797273 907676
26 1165 4127 0 1777797273 911805
27 1239 4121 0 1777797273 911812
28 1200 42396 0 1777797273 911819
29 1229 18513 0 1777797273 911856
30 1244 4165 0 1777797273 911862
31 1350 12327 0 1777797273 912701
29 1230 5664 0 1777797273 917527
29 1231 9878 0 1777797273 927416
29 1232 13580 0 1777797273 940999
28 1201 32300 0 1777797273 944140
30 1245 32288 0 1777797273 944157
29 1233 7869 0 1777797273 948871
30 1246 4738 0 1777797273 948905
29 1234 9178 0 1777797273 958084
30 1247 10934 0 1777797273 959852
29 1235 7357 0 1777797273 965443
27 1240 58196 0 1777797273 970029
31 1351 57335 0 1777797273 970037
26 1166 60036 0 1777797273 971857
30 1248 15011 0 1777797273 974869
28 1202 35252 0 1777797273 979410
29 1236 15490 0 1777797273 980935
29 1237 7613 0 1777797273 988552
28 1203 11424 0 1777797273 990836
27 1241 26350 0 1777797273 996389
30 1249 21524 0 1777797273 996398
26 1167 30935 0 1777797274 2799
31 1352 32766 0 1777797274 2816
30 1250 41848 0 1777797274 38266
27 1242 45498 0 1777797274 41897
28 1204 51068 0 1777797274 41907
26 1168 43267 0 1777797274 46084
31 1353 44054 0 1777797274 46884
30 1251 16362 0 1777797274 54630
26 1169 9391 0 1777797274 55478
27 1243 20856 0 1777797274 62766
30 1252 8450 0 1777797274 63132
26 1170 10505 0 1777797274 65985
29 1238 77438 0 1777797274 65993
28 1205 24348 0 1777797274 66267
30 1253 3920 0 1777797274 67055
26 1171 4682 0 1777797274 70676
28 1206 8951 0 1777797274 75220
26 1172 7986 0 1777797274 78678
27 1244 15917 0 1777797274 78686
29 1239 12690 0 1777797274 78694
30 1254 11641 0 1777797274 78702
26 1173 18268 0 1777797274 96971
27 1245 18193 0 1777797274 96979
28 1207 21763 0 1777797274 96985
30 1255 18179 0 1777797274 96991
31 1354 50110 0 1777797274 97000
29 1240 19267 0 1777797274 98064
26 1174 5144 0 1777797274 102145
29 1241 7256 0 1777797274 105325
31 1355 8489 0 1777797274 105539
30 1256 13070 0 1777797274 110114
31 1356 4867 0 1777797274 110418
26 1175 9154 0 1777797274 111309
30 1257 3141 0 1777797274 113257
26 1176 4882 0 1777797274 116192
30 1258 2940 0 1777797274 116200
31 1357 5796 0 1777797274 116215
26 1177 5491 0 1777797274 121708
31 1358 6451 0 1777797274 122695
30 1259 7814 0 1777797274 124042
31 1359 2098 0 1777797274 124794
29 1242 23860 0 1777797274 129400
26 1178 7890 0 1777797274 129600
30 1260 6490 0 1777797274 130536
31 1360 10964 0 1777797274 135761
29 1243 8534 0 1777797274 137936
30 1261 7404 0 1777797274 137947
26 1179 9313 0 1777797274 138915
28 1208 41886 0 1777797274 138923
27 1246 42863 0 1777797274 139890
27 1247 3757 0 1777797274 143648
26 1180 6948 0 1777797274 145872
30 1262 8222 0 1777797274 146220
28 1209 8758 0 1777797274 147693
29 1244 11570 0 1777797274 149519
26 1181 11362 0 1777797274 157236
27 1248 13622 0 1777797274 157273
30 1263 11610 0 1777797274 157833
28 1210 10514 0 1777797274 158219
31 1361 24092 0 1777797274 159864
26 1182 3505 0 1777797274 160781
26 1183 5313 0 1777797274 166098
28 1211 9449 0 1777797274 167670
26 1184 1677 0 1777797274 167776
31 1362 14552 0 1777797274 174418
27 1249 17572 0 1777797274 174863
26 1185 8598 0 1777797274 176377
28 1212 8717 0 1777797274 176390
30 1264 22076 0 1777797274 179910
31 1363 5492 0 1777797274 179917
29 1245 33604 0 1777797274 183127
26 1186 6849 0 1777797274 183239
29 1246 1142 0 1777797274 184274
29 1247 1685 0 1777797274 185961
26 1187 8905 0 1777797274 192146
27 1250 17297 0 1777797274 192162
28 1213 15766 0 1777797274 192170
31 1364 12241 0 1777797274 192174
30 1265 13303 0 1777797274 193222
31 1365 4402 0 1777797274 196596
26 1188 5383 0 1777797274 197559
28 1214 5468 0 1777797274 197657
28 1215 2249 0 1777797274 199908
27 1251 9757 0 1777797274 201939
31 1366 8806 0 1777797274 205405
27 1252 7452 0 1777797274 209396
29 1248 23458 0 1777797274 209421
30 1266 16216 0 1777797274 209441
28 1216 11422 0 1777797274 211334
31 1367 5938 0 1777797274 211345
27 1253 8212 0 1777797274 217654
30 1267 8208 0 1777797274 217672
26 1189 21680 0 1777797274 219244
28 1217 13020 0 1777797274 224366
29 1249 14921 0 1777797274 224375
30 1268 6709 0 1777797274 224392
27 1254 7585 0 1777797274 225259
31 1368 15024 0 1777797274 226387
26 1190 8615 0 1777797274 227866
26 1191 1773 0 1777797274 229642
26 1192 1622 0 1777797274 231266
29 1250 10807 0 1777797274 235221
30 1269 10808 0 1777797274 235229
29 1251 3752 0 1777797274 238982
30 1270 4233 0 1777797274 239511
30 1271 3911 0 1777797274 243427
29 1252 6449 0 1777797274 245433
30 1272 2032 0 1777797274 245469
30 1273 2189 0 1777797274 247718
26 1193 22386 0 1777797274 253655
29 1253 8209 0 1777797274 253680
30 1274 5970 0 1777797274 253691
26 1194 2970 0 1777797274 256662
30 1275 2962 0 1777797274 256671
27 1255 35426 0 1777797274 260688
30 1276 5335 0 1777797274 262021
26 1195 7052 0 1777797274 263723
27 1256 3039 0 1777797274 263729
29 1254 10078 0 1777797274 263779
27 1257 9429 0 1777797274 273217
29 1255 9437 0 1777797274 273232
31 1369 46866 0 1777797274 273255
29 1256 8713 0 1777797274 281987
30 1277 19980 0 1777797274 282002
26 1196 22266 0 1777797274 286046
27 1258 12802 0 1777797274 286058
28 1218 61670 0 1777797274 286064
31 1370 12724 0 1777797274 286071
30 1278 9065 0 1777797274 291090
29 1257 9529 0 1777797274 291532
31 1371 12461 0 1777797274 298564
26 1197 13980 0 1777797274 300052
28 1219 14039 0 1777797274 300135
30 1279 13004 0 1777797274 304096
29 1258 14551 0 1777797274 306085
28 1220 6768 0 1777797274 306918
26 1198 7596 0 1777797274 307733
31 1372 9170 0 1777797274 307743
27 1259 26130 0 1777797274 312219
28 1221 11915 0 1777797274 318834
29 1259 12763 0 1777797274 318849
30 1280 14752 0 1777797274 318856
31 1373 14618 0 1777797274 322373
26 1199 20792 0 1777797274 328537
29 1260 10194 0 1777797274 329068
30 1281 10432 0 1777797274 329325
28 1222 12698 0 1777797274 331555
31 1374 9193 0 1777797274 331570
26 1200 4324 0 1777797274 332863
27 1260 28548 0 1777797274 340771
28 1223 9210 0 1777797274 340781
29 1261 11718 0 1777797274 340787
31 1375 9214 0 1777797274 340795
26 1201 11150 0 1777797274 344016
30 1282 14734 0 1777797274 344060
27 1261 8590 0 1777797274 349386
30 1283 5323 0 1777797274 349427
31 1376 8617 0 1777797274 349435
29 1262 12823 0 1777797274 353634
26 1202 12115 0 1777797274 356177
28 1224 15382 0 1777797274 356186
27 1262 8147 0 1777797274 357583
29 1263 3959 0 1777797274 357605
30 1284 8175 0 1777797274 357620
31 1377 8189 0 1777797274 357642
28 1225 8806 0 1777797274 365004
29 1264 7680 0 1777797274 365344
30 1285 7673 0 1777797274 365355
26 1203 12082 0 1777797274 368270
27 1263 10672 0 1777797274 368315
31 1378 10538 0 1777797274 368335
29 1265 5343 0 1777797274 370699
28 1226 6644 0 1777797274 371650
26 1204 10167 0 1777797274 378504
27 1264 10149 0 1777797274 378510
28 1227 6862 0 1777797274 378515
29 1266 7818 0 1777797274 378519
30 1286 13158 0 1777797274 378524
31 1379 10159 0 1777797274 378530
31 1380 9902 0 1777797274 388462
26 1205 11440 0 1777797274 389971
27 1265 11469 0 1777797274 390009
29 1267 11468 0 1777797274 390017
28 1228 12464 0 1777797274 391009
30 1287 12464 0 1777797274 391019
26 1206 7001 0 1777797274 396982
27 1266 6979 0 1777797274 396997
28 1229 5984 0 1777797274 397004
29 1268 6944 0 1777797274 397019
31 1381 8563 0 1777797274 397026
30 1288 7363 0 1777797274 398393
31 1382 3597 0 1777797274 400667
27 1267 4702 0 1777797274 401743
28 1230 4701 0 1777797274 401750
29 1269 4695 0 1777797274 401757
27 1268 7227 0 1777797274 408985
30 1289 10599 0 1777797274 408994
31 1383 8327 0 1777797274 408997
28 1231 8414 0 1777797274 410183
29 1270 8424 0 1777797274 410201
30 1290 14137 0 1777797274 423141
26 1207 33966 0 1777797274 430993
27 1269 22042 0 1777797274 431040
28 1232 20844 0 1777797274 431048
29 1271 20840 0 1777797274 431054
31 1384 22054 0 1777797274 431061
30 1291 8984 0 1777797274 432127
28 1233 22154 0 1777797274 453235
29 1272 22164 0 1777797274 453252
30 1292 21125 0 1777797274 453258
31 1385 22195 0 1777797274 453290
30 1293 28356 0 1777797274 481668
26 1208 101675 0 1777797274 532738
27 1270 101712 0 1777797274 532785
29 1273 84570 0 1777797274 537876
31 1386 84585 0 1777797274 537902
27 1271 9152 0 1777797274 541976
28 1234 100614 0 1777797274 553906
29 1274 16028 0 1777797274 553931
31 1387 16020 0 1777797274 553942
29 1275 26506 0 1777797274 580463
31 1388 26501 0 1777797274 580469
26 1209 48525 0 1777797274 581312
26 1210 8795 0 1777797274 590109
30 1294 108787 0 1777797274 590456
26 1211 66759 0 1777797274 656872
29 1276 76416 0 1777797274 656886
27 1272 119031 0 1777797274 661016
28 1235 107083 0 1777797274 661026
30 1295 70573 0 1777797274 661033
31 1389 80561 0 1777797274 661040
26 1212 14138 0 1777797274 671025
27 1273 10005 0 1777797274 671046
28 1236 10150 0 1777797274 671201
29 1277 14313 0 1777797274 671219
30 1296 10165 0 1777797274 671227
31 1390 10149 0 1777797274 671234
27 1274 10545 0 1777797274 681815
28 1237 10555 0 1777797274 681834
29 1278 10553 0 1777797274 681841
31 1391 10556 0 1777797274 681859
30 1297 11587 0 1777797274 682884
26 1213 12470 0 1777797274 683706
30 1298 12569 0 1777797274 695455
31 1392 13567 0 1777797274 695507
27 1275 13758 0 1777797274 695618
28 1238 13755 0 1777797274 695628
29 1279 13728 0 1777797274 695635
29 1280 11610 0 1777797274 707279
30 1299 15646 0 1777797274 711155
31 1393 16409 0 1777797274 711962
27 1276 19656 0 1777797274 715292
28 1239 26804 0 1777797274 722463
31 1394 10585 0 1777797274 722548
27 1277 13899 0 1777797274 729201
29 1281 21931 0 1777797274 729212
30 1300 18062 0 1777797274 729219
31 1395 7897 0 1777797274 730469
28 1240 17377 0 1777797274 739927
26 1214 64253 0 1777797274 747964
27 1278 20166 0 1777797274 749386
29 1282 25128 0 1777797274 755580
30 1301 25140 0 1777797274 755596
29 1283 6269 0 1777797274 761867
31 1396 31407 0 1777797274 761878
30 1302 9811 0 1777797274 765430
27 1279 22146 0 1777797274 771534
31 1397 13110 0 1777797274 775001
29 1284 14196 0 1777797274 776075
27 1280 9243 0 1777797274 780780
26 1215 34664 0 1777797274 782631
28 1241 46380 0 1777797274 786308
31 1398 20465 0 1777797274 795467
29 1285 21572 0 1777797274 797648
27 1281 25577 0 1777797274 806359
28 1242 20058 0 1777797274 806368
26 1216 24981 0 1777797274 807615
30 1303 43189 0 1777797274 808620
27 1282 4973 0 1777797274 811342
27 1283 1302 0 1777797274 812647
27 1284 3862 0 1777797274 816514
27 1285 4623 0 1777797274 821140
31 1399 27356 0 1777797274 822825
26 1217 15471 0 1777797274 823094
27 1286 4247 0 1777797274 825390
27 1287 6383 0 1777797274 831774
27 1288 6009 0 1777797274 837786
28 1243 32539 0 1777797274 838938
28 1244 5536 0 1777797274 844479
27 1289 10615 0 1777797274 848403
28 1245 3929 0 1777797274 848411
27 1290 2971 0 1777797274 851384
26 1218 32636 0 1777797274 855731
26 1219 6693 0 1777797274 862427
30 1304 56677 0 1777797274 865299
26 1220 3317 0 1777797274 865746
26 1221 6677 0 1777797274 872428
30 1305 7139 0 1777797274 872440
26 1222 3475 0 1777797274 875916
26 1223 3291 0 1777797274 879210
26 1224 2159 0 1777797274 881371
26 1225 6839 0 1777797274 888213
27 1291 36834 0 1777797274 888220
28 1246 39814 0 1777797274 888238
30 1306 15792 0 1777797274 888246
27 1292 4125 0 1777797274 892383
26 1226 6048 0 1777797274 894295
28 1247 6039 0 1777797274 894305
26 1227 3038 0 1777797274 897346
27 1293 4968 0 1777797274 897360
26 1228 8859 0 1777797274 906221
28 1248 11915 0 1777797274 906234
29 1286 108587 0 1777797274 906239
31 1400 83413 0 1777797274 906243
27 1294 9624 0 1777797274 907005
30 1307 24391 0 1777797274 912666
31 1401 6405 0 1777797274 912674
26 1229 11996 0 1777797274 918240
27 1295 11237 0 1777797274 918250
28 1249 11999 0 1777797274 918257
29 1287 11998 0 1777797274 918262
30 1308 10388 0 1777797274 923064
31 1402 10424 0 1777797274 923109
28 1250 4891 0 1777797274 923170
29 1288 4892 0 1777797274 923177
26 1230 9142 0 1777797274 927405
27 1296 9144 0 1777797274 927417
29 1289 4236 0 1777797274 927423
31 1403 6156 0 1777797274 929303
28 1251 7497 0 1777797274 930675
26 1231 13055 0 1777797274 940479
27 1297 13049 0 1777797274 940487
28 1252 9816 0 1777797274 940492
29 1290 13051 0 1777797274 940497
30 1309 17390 0 1777797274 940502
31 1404 11200 0 1777797274 940507
28 1253 24793 0 1777797274 965318
29 1291 24796 0 1777797274 965326
31 1405 24790 0 1777797274 965333
26 1232 25323 0 1777797274 965832
27 1298 25417 0 1777797274 965935
30 1310 25445 0 1777797274 965981
26 1233 9288 0 1777797274 975124
27 1299 9144 0 1777797274 975127
28 1254 9798 0 1777797274 975132
29 1292 9791 0 1777797274 975136
30 1311 9135 0 1777797274 975139
31 1406 10618 0 1777797274 975971
27 1300 3916 0 1777797274 979061
28 1255 3972 0 1777797274 979122
29 1293 4006 0 1777797274 979160
26 1234 7530 0 1777797274 982670
30 1312 7507 0 1777797274 982680
30 1313 8088 0 1777797274 990778
29 1294 19002 0 1777797274 998232
30 1314 7460 0 1777797274 998239
31 1407 22272 0 1777797274 998244
26 1235 16380 0 1777797274 999061
27 1301 22315 0 1777797275 1476
28 1256 22272 0 1777797275 1488
26 1236 10400 0 1777797275 9463
29 1295 11229 0 1777797275 9474
30 1315 11228 0 1777797275 9481
31 1408 11231 0 1777797275 9492
27 1302 9485 0 1777797275 10974
28 1257 9413 0 1777797275 10980
26 1237 11557 0 1777797275 21051
30 1316 11555 0 1777797275 21068
31 1409 12152 0 1777797275 21672
28 1258 13207 0 1777797275 24197
26 1238 4713 0 1777797275 25782
27 1303 14829 0 1777797275 25810
29 1296 16312 0 1777797275 25817
30 1317 8305 0 1777797275 29383
31 1410 7731 0 1777797275 29405
29 1297 5171 0 1777797275 31016
31 1411 2405 0 1777797275 31826
27 1304 6806 0 1777797275 32633
28 1259 9480 0 1777797275 33679
29 1298 7368 0 1777797275 38452
30 1318 9058 0 1777797275 38464
31 1412 6674 0 1777797275 38501
27 1305 7197 0 1777797275 39832
29 1299 9583 0 1777797275 48086
30 1319 9584 0 1777797275 48101
31 1413 9583 0 1777797275 48108
29 1300 5202 0 1777797275 53311
30 1320 6080 0 1777797275 54213
29 1301 4053 0 1777797275 57374
31 1414 9428 0 1777797275 57573
31 1415 2990 0 1777797275 60564
29 1302 5343 0 1777797275 62727
31 1416 4127 0 1777797275 64693
29 1303 7978 0 1777797275 70707
31 1417 6063 0 1777797275 70767
30 1321 18084 0 1777797275 72302
30 1322 922 0 1777797275 73230
30 1323 5349 0 1777797275 78581
26 1239 54366 0 1777797275 80184
30 1324 2011 0 1777797275 80593
30 1325 1662 0 1777797275 82257
30 1326 1462 0 1777797275 83722
26 1240 7250 0 1777797275 87438
29 1304 16736 0 1777797275 87445
29 1305 1183 0 1777797275 88639
28 1260 55762 0 1777797275 89443
31 1418 21253 0 1777797275 92023
30 1327 8970 0 1777797275 92700
26 1241 9375 0 1777797275 96822
29 1306 8188 0 1777797275 96830
31 1419 6366 0 1777797275 98392
26 1242 5058 0 1777797275 101889
31 1420 5311 0 1777797275 103707
29 1307 9004 0 1777797275 105844
27 1306 66380 0 1777797275 106214
29 1308 6858 0 1777797275 112706
31 1421 10340 0 1777797275 114049
26 1243 24846 0 1777797275 126740
30 1328 34055 0 1777797275 126757
27 1307 20577 0 1777797275 126794
29 1309 14094 0 1777797275 126801
31 1422 12755 0 1777797275 126807
28 1261 38585 0 1777797275 128031
26 1244 4311 0 1777797275 131069
31 1423 4341 0 1777797275 131166
29 1310 5953 0 1777797275 132769
28 1262 9434 0 1777797275 137466
29 1311 13597 0 1777797275 146376
30 1329 19607 0 1777797275 146383
31 1424 15210 0 1777797275 146389
26 1245 17457 0 1777797275 148624
27 1308 22908 0 1777797275 149716
28 1263 22168 0 1777797275 159636
29 1312 13274 0 1777797275 159665
30 1330 13243 0 1777797275 159683
31 1425 13239 0 1777797275 159689
26 1246 12151 0 1777797275 160779
27 1309 11122 0 1777797275 160840
28 1264 12756 0 1777797275 172446
29 1313 12749 0 1777797275 172455
30 1331 12750 0 1777797275 172462
31 1426 13175 0 1777797275 172893
26 1247 15689 0 1777797275 176530
27 1310 14008 0 1777797275 176541
28 1265 5103 0 1777797275 178001
31 1427 5098 0 1777797275 178060
27 1311 12536 0 1777797275 189173
30 1332 16233 0 1777797275 189185
26 1248 16384 0 1777797275 192926
29 1314 20004 0 1777797275 192947
31 1428 14874 0 1777797275 192956
28 1266 18826 0 1777797275 196901
26 1249 14276 0 1777797275 207234
27 1312 18057 0 1777797275 207243
29 1315 14269 0 1777797275 207251
30 1333 18054 0 1777797275 207258
31 1429 14273 0 1777797275 207265
28 1267 19372 0 1777797275 216283
27 1313 14262 0 1777797275 221538
31 1430 15309 0 1777797275 222610
29 1316 18810 0 1777797275 226096
26 1250 31722 0 1777797275 238988
27 1314 17452 0 1777797275 238997
28 1268 22718 0 1777797275 239004
29 1317 12920 0 1777797275 239019
30 1334 32281 0 1777797275 239575
31 1431 16986 0 1777797275 239602
26 1251 9642 0 1777797275 249245
27 1315 10061 0 1777797275 249680
28 1269 10061 0 1777797275 249690
29 1318 10057 0 1777797275 249694
30 1335 10054 0 1777797275 249698
31 1432 10051 0 1777797275 249702
26 1252 9429 0 1777797275 259133
27 1316 9433 0 1777797275 259142
28 1270 11521 0 1777797275 261234
30 1336 11532 0 1777797275 261254
31 1433 11539 0 1777797275 261266
29 1319 13455 0 1777797275 263173
26 1253 15062 0 1777797275 274205
27 1317 15039 0 1777797275 274211
28 1271 12950 0 1777797275 274217
29 1320 11047 0 1777797275 274222
31 1434 12926 0 1777797275 274227
30 1337 13423 0 1777797275 274715
29 1321 4281 0 1777797275 278531
31 1435 4301 0 1777797275 278555
27 1318 22721 0 1777797275 296956
29 1322 21646 0 1777797275 300203
27 1319 12755 0 1777797275 309714
28 1272 35485 0 1777797275 309725
26 1254 55038 0 1777797275 329265
27 1320 19547 0 1777797275 329274
28 1273 19544 0 1777797275 329283
29 1323 29087 0 1777797275 329292
30 1338 54584 0 1777797275 329300
31 1436 55147 0 1777797275 333722
27 1321 10765 0 1777797275 340081
28 1274 10772 0 1777797275 340097
29 1324 10823 0 1777797275 340156
31 1437 11094 0 1777797275 344827
27 1322 10219 0 1777797275 350377
31 1438 5555 0 1777797275 350386
28 1275 15219 0 1777797275 355461
29 1325 15220 0 1777797275 355474
27 1323 11559 0 1777797275 361947
29 1326 15019 0 1777797275 370514
26 1255 59567 0 1777797275 388868
27 1324 26929 0 1777797275 388878
28 1276 33407 0 1777797275 388882
29 1327 18371 0 1777797275 388887
30 1339 59552 0 1777797275 388892
31 1439 38499 0 1777797275 388898
27 1325 14777 0 1777797275 403680
31 1440 14808 0 1777797275 403733
26 1256 27352 0 1777797275 416250
27 1326 17548 0 1777797275 421283
26 1257 16192 0 1777797275 432443
27 1327 12561 0 1777797275 433848
26 1258 7523 0 1777797275 439971
26 1259 15090 0 1777797275 455067
26 1260 7693 0 1777797275 462763
26 1261 3431 0 1777797275 466197
26 1262 7344 0 1777797275 473544
26 1263 5593 0 1777797275 479141
26 1264 2232 0 1777797275 481377
31 1441 78584 0 1777797275 482393
26 1265 5224 0 1777797275 486603
26 1266 3926 0 1777797275 490534
26 1267 7543 0 1777797275 498083
29 1328 116633 0 1777797275 505547
28 1277 119057 0 1777797275 507965
30 1340 119822 0 1777797275 508741
27 1328 79185 0 1777797275 513036
31 1442 30656 0 1777797275 513051
27 1329 7516 0 1777797275 520568
26 1268 27257 0 1777797275 525342
28 1278 17385 0 1777797275 525357
31 1443 16313 0 1777797275 529406
29 1329 24779 0 1777797275 530328
27 1330 22992 0 1777797275 543565
30 1341 34830 0 1777797275 543578
28 1279 31620 0 1777797275 556995
29 1330 26674 0 1777797275 557004
31 1444 27601 0 1777797275 557010
28 1280 4596 0 1777797275 561607
26 1269 40050 0 1777797275 565409
29 1331 8295 0 1777797275 565414
27 1331 30744 0 1777797275 574324
27 1332 4788 0 1777797275 579115
28 1281 17514 0 1777797275 579133
30 1342 35565 0 1777797275 579154
31 1445 22032 0 1777797275 579164
26 1270 17746 0 1777797275 583161
26 1271 7081 0 1777797275 590245
27 1333 11101 0 1777797275 590266
28 1282 11021 0 1777797275 590273
26 1272 5517 0 1777797275 595792
30 1343 20469 0 1777797275 599731
28 1283 23839 0 1777797275 614190
27 1334 24076 0 1777797275 614407
30 1344 25968 0 1777797275 625707
27 1335 29736 0 1777797275 644150
29 1332 78733 0 1777797275 644155
31 1446 64785 0 1777797275 644159
26 1273 60613 0 1777797275 656408
26 1274 47881 0 1777797275 704304
28 1284 90114 0 1777797275 704312
30 1345 78611 0 1777797275 704320
27 1336 61996 0 1777797275 706156
29 1333 61995 0 1777797275 706163
31 1447 61998 0 1777797275 706171
27 1337 12133 0 1777797275 718305
31 1448 15491 0 1777797275 721681
29 1334 18953 0 1777797275 725135
30 1346 21772 0 1777797275 726105
28 1285 27050 0 1777797275 731379
26 1275 27984 0 1777797275 732305
27 1338 21267 0 1777797275 739583
28 1286 8227 0 1777797275 739607
26 1276 11400 0 1777797275 743707
26 1277 4944 0 1777797275 748653
27 1339 11575 0 1777797275 751183
28 1287 15370 0 1777797275 754990
30 1347 28875 0 1777797275 755007
29 1335 40625 0 1777797275 765766
26 1278 73277 0 1777797275 821932
28 1288 66930 0 1777797275 821939
29 1336 56173 0 1777797275 821947
30 1348 66919 0 1777797275 821953
27 1340 75466 0 1777797275 826653
31 1449 104987 0 1777797275 826671
30 1349 13821 0 1777797275 835797
31 1450 9117 0 1777797275 835809
26 1279 16415 0 1777797275 838369
27 1341 11705 0 1777797275 838378
29 1337 16431 0 1777797275 838400
26 1280 6663 0 1777797275 845064
28 1289 23123 0 1777797275 845086
31 1451 9193 0 1777797275 845093
26 1281 13744 0 1777797275 858838
27 1342 20681 0 1777797275 859098
28 1290 14001 0 1777797275 859106
29 1338 20708 0 1777797275 859134
30 1350 23334 0 1777797275 859144
31 1452 14038 0 1777797275 859150
26 1282 21242 0 1777797275 880392
27 1343 21250 0 1777797275 880414
28 1291 21251 0 1777797275 880423
31 1453 21239 0 1777797275 880431
29 1339 23582 0 1777797275 882760
30 1351 23593 0 1777797275 882779
26 1283 23362 0 1777797275 903794
30 1352 21002 0 1777797275 903801
27 1344 35470 0 1777797275 915932
29 1340 33163 0 1777797275 915943
28 1292 55595 0 1777797275 936069
31 1454 55603 0 1777797275 936084
26 1284 45445 0 1777797275 949247
27 1345 33320 0 1777797275 949265
29 1341 33384 0 1777797275 949342
30 1353 45560 0 1777797275 949367
26 1285 25615 0 1777797275 974983
27 1346 25398 0 1777797275 974995
29 1342 25363 0 1777797275 975002
31 1455 42968 0 1777797275 979068
27 1347 6311 0 1777797275 981326
29 1343 7249 0 1777797275 982346
26 1286 15400 0 1777797275 990404
28 1293 54339 0 1777797275 990424
30 1354 47461 0 1777797275 997111
27 1348 25856 0 1777797276 7185
26 1287 21963 0 1777797276 12389
31 1456 33325 0 1777797276 12398
30 1355 16241 0 1777797276 13353
28 1294 25074 0 1777797276 15515
30 1356 9746 0 1777797276 23104
28 1295 8678 0 1777797276 24200
26 1288 19116 0 1777797276 31516
29 1344 49335 0 1777797276 31684
30 1357 13489 0 1777797276 36603
27 1349 31660 0 1777797276 38848
26 1289 12395 0 1777797276 43914
28 1296 19729 0 1777797276 43940
27 1350 6233 0 1777797276 45084
29 1345 13409 0 1777797276 45094
30 1358 8488 0 1777797276 45102
27 1351 10900 0 1777797276 56003
31 1457 43634 0 1777797276 56047
26 1290 15437 0 1777797276 59379
30 1359 14243 0 1777797276 59388
29 1346 19101 0 1777797276 64237
28 1297 22301 0 1777797276 66260
26 1291 14651 0 1777797276 74042
28 1298 7801 0 1777797276 74063
30 1360 14680 0 1777797276 74081
29 1347 10691 0 1777797276 74930
27 1352 20458 0 1777797276 76507
31 1458 24627 0 1777797276 80696
27 1353 10697 0 1777797276 87207
30 1361 13116 0 1777797276 87217
28 1299 14235 0 1777797276 88328
26 1292 17741 0 1777797276 91823
30 1362 6969 0 1777797276 94215
27 1354 7574 0 1777797276 94792
29 1348 28908 0 1777797276 103844
31 1459 26524 0 1777797276 107222
30 1363 14091 0 1777797276 108310
26 1293 20412 0 1777797276 112237
28 1300 24124 0 1777797276 112454
27 1355 22441 0 1777797276 117237
29 1349 20456 0 1777797276 124331
30 1364 16052 0 1777797276 124367
31 1460 17149 0 1777797276 124374
28 1301 12864 0 1777797276 125321
26 1294 16305 0 1777797276 128547
26 1295 10344 0 1777797276 138901
27 1356 21667 0 1777797276 138908
30 1365 14529 0 1777797276 138916
31 1461 14528 0 1777797276 138922
29 1350 16765 0 1777797276 141140
28 1302 17152 0 1777797276 142478
26 1296 10144 0 1777797276 149067
28 1303 6593 0 1777797276 149073
29 1351 7961 0 1777797276 149105
29 1352 18854 0 1777797276 167985
26 1297 33162 0 1777797276 182268
28 1304 33904 0 1777797276 183022
29 1353 20459 0 1777797276 188447
27 1357 309508 0 1777797276 448442
26 1298 269124 0 1777797276 451396
30 1366 312492 0 1777797276 451435
27 1358 10783 0 1777797276 459228
27 1359 49531 0 1777797276 508761
30 1367 57297 0 1777797276 508773
26 1299 58175 0 1777797276 509616
28 1305 326601 0 1777797276 509625
27 1360 15260 0 1777797276 524035
28 1306 14410 0 1777797276 524045
29 1354 335604 0 1777797276 524054
30 1368 15266 0 1777797276 524061
31 1462 385118 0 1777797276 524069
27 1361 8112 0 1777797276 532181
30 1369 8088 0 1777797276 532188
29 1355 8581 0 1777797276 532671
27 1362 2570 0 1777797276 534759
27 1363 1763 0 1777797276 536526
30 1370 8305 0 1777797276 540503
31 1463 16559 0 1777797276 540666
26 1300 34964 0 1777797276 544591
29 1356 11943 0 1777797276 544618
27 1364 10927 0 1777797276 547455
26 1301 4664 0 1777797276 549284
30 1371 8802 0 1777797276 549307
31 1464 13924 0 1777797276 554591
30 1372 6200 0 1777797276 555508
29 1357 12609 0 1777797276 557249
30 1373 3917 0 1777797276 559427
31 1465 5867 0 1777797276 560467
29 1358 4375 0 1777797276 561626
29 1359 838 0 1777797276 562470
30 1374 3252 0 1777797276 562683
31 1466 3404 0 1777797276 563877
29 1360 3077 0 1777797276 565549
29 1361 1180 0 1777797276 566733
29 1362 2689 0 1777797276 569424
29 1363 1172 0 1777797276 570599
29 1364 2180 0 1777797276 572781
28 1307 49457 0 1777797276 573539
29 1365 2514 0 1777797276 575297
29 1366 1606 0 1777797276 576910
29 1367 1505 0 1777797276 578420
28 1308 5995 0 1777797276 579539
27 1365 35033 0 1777797276 582490
27 1366 2129 0 1777797276 584627
27 1367 2017 0 1777797276 586648
28 1309 8446 0 1777797276 587991
26 1302 44271 0 1777797276 593558
29 1368 15923 0 1777797276 594355
30 1375 31676 0 1777797276 594361
31 1467 30486 0 1777797276 594367
27 1368 8668 0 1777797276 595318
30 1376 11242 0 1777797276 605628
26 1303 12382 0 1777797276 605943
27 1369 10545 0 1777797276 605949
29 1369 11585 0 1777797276 605954
31 1468 11552 0 1777797276 605959
28 1310 18471 0 1777797276 606464
28 1311 7317 0 1777797276 613782
29 1370 7815 0 1777797276 613789
30 1377 8164 0 1777797276 613794
31 1469 7819 0 1777797276 613799
26 1304 8154 0 1777797276 614114
27 1370 8154 0 1777797276 614122
27 1371 2537 0 1777797276 616671
30 1378 5029 0 1777797276 618843
31 1470 5034 0 1777797276 618852
26 1305 9286 0 1777797276 623409
28 1312 9616 0 1777797276 623416
29 1371 9613 0 1777797276 623422
27 1372 7713 0 1777797276 624387
31 1471 6065 0 1777797276 624928
27 1373 3065 0 1777797276 627454
31 1472 3757 0 1777797276 628686
27 1374 3347 0 1777797276 630803
26 1306 8531 0 1777797276 631954
31 1473 3855 0 1777797276 632543
27 1375 2277 0 1777797276 633082
29 1372 11593 0 1777797276 635033
28 1313 13896 0 1777797276 637328
26 1307 7726 0 1777797276 639682
31 1474 11317 0 1777797276 643863
28 1314 7424 0 1777797276 644754
27 1376 11869 0 1777797276 644953
26 1308 6467 0 1777797276 646154
30 1379 27309 0 1777797276 646162
27 1377 6022 0 1777797276 650976
28 1315 6233 0 1777797276 650989
29 1373 15964 0 1777797276 650999
26 1309 19928 0 1777797276 666091
27 1378 15127 0 1777797276 666127
28 1316 15117 0 1777797276 666135
30 1380 19969 0 1777797276 666141
31 1475 22280 0 1777797276 666146
29 1374 15903 0 1777797276 666932
31 1476 1758 0 1777797276 667937
27 1379 2336 0 1777797276 668494
30 1381 2681 0 1777797276 668853
30 1382 2557 0 1777797276 671412
27 1380 10934 0 1777797276 679436
30 1383 8039 0 1777797276 679453
31 1477 11527 0 1777797276 679469
27 1381 6878 0 1777797276 686348
29 1375 19424 0 1777797276 686358
30 1384 6881 0 1777797276 686364
30 1385 2955 0 1777797276 689389
31 1478 9903 0 1777797276 689400
27 1382 4345 0 1777797276 690711
31 1479 1533 0 1777797276 690958
27 1383 1195 0 1777797276 691915
29 1376 5499 0 1777797276 691923
29 1377 4060 0 1777797276 695996
31 1480 7098 0 1777797276 698057
27 1384 7524 0 1777797276 699449
30 1386 10057 0 1777797276 699458
29 1378 4291 0 1777797276 700290
27 1385 1126 0 1777797276 700585
31 1481 3289 0 1777797276 701348
26 1310 35391 0 1777797276 701538
28 1317 36927 0 1777797276 703091
30 1387 3660 0 1777797276 703147
31 1482 4985 0 1777797276 706335
30 1388 4070 0 1777797276 707291
31 1483 1979 0 1777797276 708316
29 1379 8102 0 1777797276 708393
30 1389 1448 0 1777797276 708743
29 1380 1034 0 1777797276 709429
27 1386 8908 0 1777797276 709495
31 1484 2104 0 1777797276 710423
29 1381 1971 0 1777797276 711403
30 1390 2840 0 1777797276 711585
27 1387 2109 0 1777797276 711605
31 1485 1777 0 1777797276 712202
26 1311 12935 0 1777797276 714475
30 1391 4951 0 1777797276 716538
27 1388 5694 0 1777797276 717301
27 1389 1239 0 1777797276 718544
30 1392 2699 0 1777797276 719243
27 1390 1411 0 1777797276 719964
28 1318 17162 0 1777797276 720311
30 1393 4061 0 1777797276 723306
27 1391 3629 0 1777797276 723595
29 1382 12327 0 1777797276 723732
30 1394 2387 0 1777797276 725696
27 1392 2701 0 1777797276 726298
30 1395 2283 0 1777797276 727982
27 1393 2894 0 1777797276 729198
30 1396 2006 0 1777797276 729992
30 1397 1121 0 1777797276 731115
27 1394 4406 0 1777797276 733608
31 1486 21847 0 1777797276 734051
31 1487 3216 0 1777797276 737269
28 1319 17689 0 1777797276 738003
27 1395 6779 0 1777797276 740393
26 1312 26207 0 1777797276 740690
30 1398 10165 0 1777797276 741284
29 1383 21061 0 1777797276 744794
31 1488 9243 0 1777797276 746514
26 1313 9000 0 1777797276 749692
27 1396 9311 0 1777797276 749706
30 1399 9668 0 1777797276 750954
27 1397 8286 0 1777797276 758026
28 1320 20039 0 1777797276 758043
26 1314 17201 0 1777797276 766908
29 1384 22130 0 1777797276 766927
31 1489 21303 0 1777797276 767819
30 1400 21129 0 1777797276 772085
28 1321 20160 0 1777797276 778217
29 1385 13893 0 1777797276 780821
27 1398 30140 0 1777797276 788185
28 1322 9973 0 1777797276 788193
30 1401 16113 0 1777797276 788200
26 1315 24573 0 1777797276 791484
29 1386 10670 0 1777797276 791493
31 1490 23674 0 1777797276 791499
31 1491 6467 0 1777797276 798039
26 1316 8057 0 1777797276 799608
27 1399 11418 0 1777797276 799618
28 1323 11417 0 1777797276 799626
29 1387 8069 0 1777797276 799633
30 1402 11424 0 1777797276 799640
27 1400 9423 0 1777797276 809076
28 1324 9421 0 1777797276 809082
30 1403 9412 0 1777797276 809088
31 1492 11054 0 1777797276 809095
26 1317 15043 0 1777797276 814684
29 1388 15036 0 1777797276 814705
27 1401 9235 0 1777797276 818331
31 1493 9224 0 1777797276 818344
26 1318 10711 0 1777797276 825418
27 1402 7088 0 1777797276 825433
28 1325 16334 0 1777797276 825440
29 1389 10728 0 1777797276 825448
30 1404 16342 0 1777797276 825455
31 1494 12187 0 1777797276 831143
26 1319 17816 0 1777797276 843272
27 1403 17757 0 1777797276 843281
28 1326 17735 0 1777797276 843287
29 1390 17601 0 1777797276 843294
28 1327 3863 0 1777797276 847182
30 1405 21970 0 1777797276 847696
31 1495 16558 0 1777797276 847702
27 1404 6063 0 1777797276 849368
26 1320 12581 0 1777797276 855877
29 1391 12555 0 1777797276 855882
28 1328 11406 0 1777797276 859109
30 1406 11498 0 1777797276 859209
27 1405 14831 0 1777797276 864204
26 1321 12205 0 1777797276 868088
28 1329 8923 0 1777797276 868134
29 1392 12262 0 1777797276 868158
31 1496 20456 0 1777797276 868174
27 1406 7786 0 1777797276 871995
30 1407 17844 0 1777797276 877078
31 1497 9249 0 1777797276 877469
28 1330 15153 0 1777797276 883348
26 1322 21046 0 1777797276 889221
27 1407 17228 0 1777797276 889236
29 1393 21049 0 1777797276 889260
31 1498 11791 0 1777797276 889262
28 1331 13676 0 1777797276 897026
30 1408 19954 0 1777797276 897034
27 1408 9076 0 1777797276 898322
29 1394 9620 0 1777797276 898883
31 1499 10159 0 1777797276 899428
26 1323 12600 0 1777797276 901837
27 1409 13772 0 1777797276 912098
26 1324 45479 0 1777797276 947327
31 1500 48534 0 1777797276 947967
28 1332 50979 0 1777797276 948014
27 1410 36266 0 1777797276 948374
29 1395 49746 0 1777797276 948631
30 1409 51721 0 1777797276 948765
26 1325 5497 0 1777797276 952829
27 1411 15996 0 1777797276 964372
28 1333 16366 0 1777797276 964382
29 1396 15756 0 1777797276 964389
30 1410 15628 0 1777797276 964395
31 1501 16429 0 1777797276 964402
29 1397 7169 0 1777797276 971598
31 1502 8767 0 1777797276 973212
28 1334 10016 0 1777797276 974433
27 1412 17600 0 1777797276 982003
29 1398 10410 0 1777797276 982012
30 1411 17580 0 1777797276 982018
31 1503 8810 0 1777797276 982025
31 1504 8738 0 1777797276 990788
30 1412 9287 0 1777797276 991328
29 1399 11258 0 1777797276 993292
26 1326 46321 0 1777797276 999160
27 1413 17148 0 1777797276 999174
30 1413 11586 0 1777797277 2919
29 1400 11570 0 1777797277 4864
31 1505 14503 0 1777797277 5296
26 1327 8108 0 1777797277 7283
27 1414 8199 0 1777797277 7501
29 1401 8310 0 1777797277 13176
31 1506 12718 0 1777797277 18018
27 1415 12854 0 1777797277 20357
30 1414 17463 0 1777797277 20384
26 1328 17053 0 1777797277 24340
30 1415 3910 0 1777797277 24349
31 1507 6337 0 1777797277 24357
28 1335 53141 0 1777797277 27576
29 1402 14927 0 1777797277 28105
26 1329 5523 0 1777797277 29881
31 1508 7751 0 1777797277 32142
26 1330 2671 0 1777797277 32554
27 1416 12177 0 1777797277 32563
28 1336 4520 0 1777797277 32632
30 1416 8267 0 1777797277 32637
31 1509 7830 0 1777797277 39995
29 1403 14667 0 1777797277 42825
26 1331 10458 0 1777797277 43096
28 1337 10456 0 1777797277 43104
30 1417 10534 0 1777797277 43187
27 1417 10844 0 1777797277 43497
26 1332 9640 0 1777797277 52745
28 1338 9613 0 1777797277 52756
30 1418 9576 0 1777797277 52764
27 1418 11390 0 1777797277 54888
28 1339 9253 0 1777797277 62029
30 1419 9311 0 1777797277 62095
29 1404 19455 0 1777797277 62286
26 1333 10326 0 1777797277 63091
31 1510 23100 0 1777797277 63098
27 1419 8662 0 1777797277 63553
26 1334 13487 0 1777797277 76586
27 1420 13036 0 1777797277 76592
28 1340 14498 0 1777797277 76596
29 1405 14312 0 1777797277 76600
30 1420 14339 0 1777797277 76605
31 1511 13502 0 1777797277 76610
26 1335 15646 0 1777797277 92256
27 1421 15666 0 1777797277 92281
28 1341 15670 0 1777797277 92289
29 1406 15673 0 1777797277 92295
30 1421 15955 0 1777797277 92581
31 1512 16004 0 1777797277 92634
27 1422 11042 0 1777797277 103682
28 1342 11494 0 1777797277 104140
29 1407 11521 0 1777797277 104171
30 1422 11522 0 1777797277 104177
31 1513 11524 0 1777797277 104183
26 1336 11586 0 1777797277 104221
26 1337 7732 0 1777797277 111954
27 1423 8278 0 1777797277 111962
28 1343 7792 0 1777797277 111976
29 1408 7798 0 1777797277 111991
31 1514 7891 0 1777797277 112099
30 1423 9204 0 1777797277 113406
29 1409 8373 0 1777797277 120491
26 1338 8597 0 1777797277 120698
28 1344 9158 0 1777797277 121270
31 1515 9157 0 1777797277 121280
27 1424 9382 0 1777797277 121489
30 1424 14422 0 1777797277 127829
27 1425 8452 0 1777797277 129944
28 1345 8673 0 1777797277 129954
29 1410 9461 0 1777797277 129961
26 1339 9485 0 1777797277 130186
30 1425 10724 0 1777797277 138563
31 1516 17279 0 1777797277 138573
27 1426 10509 0 1777797277 140472
28 1346 10492 0 1777797277 140478
29 1411 10506 0 1777797277 140502
26 1340 16633 0 1777797277 146820
29 1412 6289 0 1777797277 146831
28 1347 6655 0 1777797277 147189
31 1517 8625 0 1777797277 147215
30 1426 9302 0 1777797277 147876
27 1427 12973 0 1777797277 153476
29 1413 6620 0 1777797277 153481
26 1341 8734 0 1777797277 155566
27 1428 3952 0 1777797277 157434
28 1348 10252 0 1777797277 157443
29 1414 3962 0 1777797277 157449
26 1342 6364 0 1777797277 161932
30 1427 14063 0 1777797277 161940
28 1349 4948 0 1777797277 162443
27 1429 8889 0 1777797277 166339
26 1343 8983 0 1777797277 170924
28 1350 8488 0 1777797277 170932
29 1415 13419 0 1777797277 170937
30 1428 8995 0 1777797277 170944
31 1518 25068 0 1777797277 172284
27 1430 9865 0 1777797277 176206
28 1351 5270 0 1777797277 176224
30 1429 5264 0 1777797277 176232
30 1430 1850 0 1777797277 178113
26 1344 7223 0 1777797277 178168
28 1352 2211 0 1777797277 178455
31 1519 6755 0 1777797277 179042
27 1431 3656 0 1777797277 179890
28 1353 4066 0 1777797277 182523
30 1431 4423 0 1777797277 182538
26 1345 4876 0 1777797277 183045
27 1432 3161 0 1777797277 183053
31 1520 5914 0 1777797277 184958
31 1521 3844 0 1777797277 188804
26 1346 8337 0 1777797277 191391
31 1522 3098 0 1777797277 191903
26 1347 8713 0 1777797277 200107
31 1523 9837 0 1777797277 201741
26 1348 13087 0 1777797277 213206
31 1524 11467 0 1777797277 213213
30 1432 44526 0 1777797277 227077
28 1354 45247 0 1777797277 227786
26 1349 14841 0 1777797277 228055
27 1433 47414 0 1777797277 230478
30 1433 6013 0 1777797277 233094
27 1434 45379 0 1777797277 275859
29 1416 104959 0 1777797277 275920
28 1355 52315 0 1777797277 280104
26 1350 55492 0 1777797277 283548
30 1434 53566 0 1777797277 286661
27 1435 13744 0 1777797277 289666
28 1356 12607 0 1777797277 292713
26 1351 13007 0 1777797277 296559
29 1417 22493 0 1777797277 298428
30 1435 13093 0 1777797277 299755
27 1436 12824 0 1777797277 302495
28 1357 10543 0 1777797277 303259
26 1352 7263 0 1777797277 303824
26 1353 5374 0 1777797277 309201
28 1358 5972 0 1777797277 309233
27 1437 9866 0 1777797277 312363
30 1436 12833 0 1777797277 312591
28 1359 5480 0 1777797277 314735
29 1418 17984 0 1777797277 316414
30 1437 6506 0 1777797277 319099
28 1360 7615 0 1777797277 322353
26 1354 14028 0 1777797277 323263
30 1438 4513 0 1777797277 323617
29 1419 12666 0 1777797277 329086
31 1525 118073 0 1777797277 331294
29 1420 2441 0 1777797277 331528
26 1355 8345 0 1777797277 331610
26 1356 8314 0 1777797277 339926
26 1357 7095 0 1777797277 347023
26 1358 8129 0 1777797277 355156
29 1421 25253 0 1777797277 356783
27 1438 46073 0 1777797277 358438
26 1359 6156 0 1777797277 361322
28 1361 38972 0 1777797277 361329
29 1422 9598 0 1777797277 366382
26 1360 6190 0 1777797277 367521
30 1439 43910 0 1777797277 367530
31 1526 36575 0 1777797277 367871
30 1440 1558 0 1777797277 369113
30 1441 1407 0 1777797277 370522
26 1361 3319 0 1777797277 370850
26 1362 3978 0 1777797277 374831
29 1423 8466 0 1777797277 374850
30 1442 4351 0 1777797277 374875
26 1363 3811 0 1777797277 378687
31 1527 13646 0 1777797277 381519
26 1364 4411 0 1777797277 383100
29 1424 12841 0 1777797277 387756
27 1439 30878 0 1777797277 389318
29 1425 2976 0 1777797277 390736
30 1443 16006 0 1777797277 390942
26 1365 8096 0 1777797277 391198
29 1426 1844 0 1777797277 392617
30 1444 2299 0 1777797277 393242
31 1528 12412 0 1777797277 393933
29 1427 4344 0 1777797277 396963
29 1428 2537 0 1777797277 399502
31 1529 5733 0 1777797277 399668
27 1440 15213 0 1777797277 404553
28 1362 43222 0 1777797277 404571
31 1530 6484 0 1777797277 406153
30 1445 13347 0 1777797277 406591
28 1363 4537 0 1777797277 409121
31 1531 2979 0 1777797277 409137
27 1441 9123 0 1777797277 413696
29 1429 14199 0 1777797277 413704
26 1366 23040 0 1777797277 414240
28 1364 5664 0 1777797277 414802
30 1446 8262 0 1777797277 414855
28 1365 3941 0 1777797277 418746
30 1447 5266 0 1777797277 420122
27 1442 7496 0 1777797277 421202
30 1448 1596 0 1777797277 421720
27 1443 901 0 1777797277 422104
31 1532 13567 0 1777797277 422751
30 1449 1541 0 1777797277 423263
27 1444 6673 0 1777797277 428779
29 1430 15083 0 1777797277 428798
30 1450 5541 0 1777797277 428806
31 1533 7885 0 1777797277 430637
28 1366 12274 0 1777797277 431026
26 1367 21387 0 1777797277 435628
27 1445 6849 0 1777797277 435656
28 1367 4636 0 1777797277 435663
29 1431 6893 0 1777797277 435719
30 1451 6890 0 1777797277 435727
26 1368 3152 0 1777797277 438881
29 1432 3040 0 1777797277 438888
30 1452 3040 0 1777797277 438895
28 1368 4162 0 1777797277 440000
31 1534 19329 0 1777797277 449968
26 1369 13468 0 1777797277 452364
27 1446 16629 0 1777797277 452370
29 1433 13471 0 1777797277 452376
28 1369 12806 0 1777797277 452808
28 1370 3644 0 1777797277 456481
27 1447 6640 0 1777797277 459025
29 1434 10147 0 1777797277 462540
28 1371 8636 0 1777797277 465120
31 1535 16578 0 1777797277 466550
30 1453 35969 0 1777797277 474881
29 1435 12811 0 1777797277 475353
31 1536 9405 0 1777797277 475957
26 1370 24011 0 1777797277 476387
30 1454 9378 0 1777797277 484261
28 1372 23800 0 1777797277 488923
27 1448 30529 0 1777797277 489556
30 1455 7489 0 1777797277 491754
31 1537 16489 0 1777797277 492448
26 1371 19130 0 1777797277 495519
27 1449 6033 0 1777797277 495591
28 1373 7384 0 1777797277 496317
30 1456 6534 0 1777797277 498294
26 1372 6951 0 1777797277 502472
29 1436 27171 0 1777797277 502529
30 1457 4606 0 1777797277 502902
28 1374 7176 0 1777797277 503496
31 1538 16060 0 1777797277 508510
31 1539 1942 0 1777797277 510455
28 1375 8813 0 1777797277 512314
26 1373 10161 0 1777797277 512642
30 1458 12300 0 1777797277 515204
31 1540 4762 0 1777797277 515219
26 1374 5021 0 1777797277 517665
28 1376 6286 0 1777797277 518603
27 1450 23505 0 1777797277 519099
30 1459 5811 0 1777797277 521031
27 1451 3599 0 1777797277 522700
28 1377 7638 0 1777797277 526242
27 1452 6075 0 1777797277 528779
31 1541 14683 0 1777797277 529915
29 1437 30871 0 1777797277 533402
30 1460 12373 0 1777797277 533411
26 1375 16414 0 1777797277 534083
31 1542 4996 0 1777797277 534913
28 1378 10708 0 1777797277 536953
30 1461 6403 0 1777797277 539821
29 1438 7231 0 1777797277 540643
31 1543 8441 0 1777797277 543361
26 1376 9527 0 1777797277 543612
31 1544 1536 0 1777797277 544900
26 1377 1737 0 1777797277 545350
26 1378 1415 0 1777797277 546766
31 1545 2590 0 1777797277 547491
29 1439 6983 0 1777797277 547628
30 1462 9521 0 1777797277 549346
28 1379 12601 0 1777797277 549559
31 1546 3261 0 1777797277 550755
28 1380 2299 0 1777797277 551860
28 1381 2457 0 1777797277 554320
27 1453 26118 0 1777797277 554902
28 1382 872 0 1777797277 555196
27 1454 3346 0 1777797277 558251
29 1440 12904 0 1777797277 560533
28 1383 7398 0 1777797277 562596
28 1384 857 0 1777797277 563455
27 1455 6352 0 1777797277 564606
27 1456 7325 0 1777797277 571933
28 1385 8485 0 1777797277 571942
31 1547 22634 0 1777797277 573396
26 1379 27143 0 1777797277 573914
29 1441 13728 0 1777797277 574263
29 1442 2579 0 1777797277 576845
30 1463 30844 0 1777797277 580192
28 1386 8718 0 1777797277 580681
31 1548 7988 0 1777797277 581386
27 1457 9578 0 1777797277 581521
29 1443 8331 0 1777797277 585178
31 1549 3841 0 1777797277 585229
31 1550 4262 0 1777797277 589493
28 1387 9382 0 1777797277 590067
27 1458 13881 0 1777797277 595404
29 1444 10780 0 1777797277 595962
27 1459 3388 0 1777797277 598797
31 1551 11843 0 1777797277 601341
28 1388 11678 0 1777797277 601746
26 1380 28467 0 1777797277 602383
31 1552 8393 0 1777797277 609735
28 1389 13069 0 1777797277 614818
29 1445 19843 0 1777797277 615862
29 1446 3602 0 1777797277 619468
26 1381 20721 0 1777797277 623108
31 1553 14929 0 1777797277 624668
28 1390 10933 0 1777797277 625752
31 1554 1859 0 1777797277 626531
29 1447 8983 0 1777797277 628457
30 1464 52294 0 1777797277 632487
28 1391 7003 0 1777797277 632758
26 1382 9945 0 1777797277 633057
27 1460 35089 0 1777797277 633888
31 1555 8346 0 1777797277 634879
28 1392 4045 0 1777797277 636807
30 1465 7678 0 1777797277 640168
26 1383 8516 0 1777797277 641575
31 1556 8309 0 1777797277 643189
31 1557 2963 0 1777797277 646156
31 1558 1761 0 1777797277 647920
31 1559 2847 0 1777797277 650771
27 1461 17526 0 1777797277 651422
28 1393 18212 0 1777797277 655022
26 1384 14226 0 1777797277 655805
28 1394 1848 0 1777797277 656872
31 1560 8189 0 1777797277 658963
30 1466 19341 0 1777797277 659515
29 1448 31479 0 1777797277 659939
26 1385 5377 0 1777797277 661189
28 1395 4640 0 1777797277 661523
31 1561 2618 0 1777797277 661597
27 1462 11669 0 1777797277 663093
29 1449 3666 0 1777797277 663607
29 1450 2399 0 1777797277 666008
31 1562 4423 0 1777797277 666023
30 1467 6690 0 1777797277 666207
27 1463 3124 0 1777797277 666225
28 1396 6987 0 1777797277 668512
29 1451 2977 0 1777797277 669001
27 1464 3342 0 1777797277 669569
29 1452 1675 0 1777797277 670680
28 1397 7698 0 1777797277 676213
31 1563 12404 0 1777797277 678439
29 1453 7855 0 1777797277 678539
31 1564 2805 0 1777797277 681252
30 1468 17009 0 1777797277 683217
31 1565 1977 0 1777797277 683232
27 1465 18386 0 1777797277 687958
26 1386 26822 0 1777797277 688013
30 1469 5578 0 1777797277 688811
29 1454 13116 0 1777797277 691656
26 1387 5630 0 1777797277 693645
28 1398 24384 0 1777797277 700598
27 1466 14093 0 1777797277 702059
31 1566 18836 0 1777797277 702078
30 1470 16563 0 1777797277 705375
26 1388 11766 0 1777797277 705421
28 1399 4826 0 1777797277 705429
29 1455 13763 0 1777797277 705436
29 1456 4790 0 1777797277 710250
30 1471 7676 0 1777797277 713062
27 1467 11054 0 1777797277 713133
26 1389 8549 0 1777797277 713986
31 1567 11910 0 1777797277 713998
31 1568 3326 0 1777797277 717333
28 1400 16728 0 1777797277 722179
30 1472 9184 0 1777797277 722248
26 1390 10196 0 1777797277 724195
29 1457 14153 0 1777797277 724405
28 1401 5518 0 1777797277 727705
27 1468 16508 0 1777797277 729643
30 1473 7432 0 1777797277 729681
27 1469 2223 0 1777797277 731906
31 1569 19787 0 1777797277 737122
26 1391 15126 0 1777797277 739330
30 1474 9708 0 1777797277 739403
31 1570 3384 0 1777797277 740508
27 1470 8716 0 1777797277 740624
31 1571 2651 0 1777797277 743162
30 1475 10834 0 1777797277 750239
31 1572 8002 0 1777797277 751165
27 1471 12014 0 1777797277 752639
26 1392 13903 0 1777797277 753236
27 1472 2268 0 1777797277 754911
29 1458 35014 0 1777797277 759424
31 1573 8299 0 1777797277 759466
27 1473 4983 0 1777797277 759897
31 1574 4390 0 1777797277 763857
29 1459 6079 0 1777797277 765504
27 1474 5691 0 1777797277 765590
31 1575 3461 0 1777797277 767322
29 1460 6037 0 1777797277 771546
27 1475 9487 0 1777797277 775079
28 1402 51048 0 1777797277 778755
31 1576 12207 0 1777797277 779531
30 1476 29569 0 1777797277 779810
27 1476 6059 0 1777797277 781144
31 1577 2238 0 1777797277 781771
26 1393 33810 0 1777797277 787050
29 1461 15510 0 1777797277 787058
30 1477 7261 0 1777797277 787074
31 1578 5308 0 1777797277 787081
27 1477 7665 0 1777797277 788817
28 1403 10095 0 1777797277 788852
29 1462 4662 0 1777797277 791763
26 1394 5430 0 1777797277 792512
28 1404 6609 0 1777797277 795462
30 1478 8384 0 1777797277 795492
26 1395 3939 0 1777797277 796453
27 1478 7678 0 1777797277 796504
31 1579 9485 0 1777797277 796607
29 1463 7128 0 1777797277 798898
30 1479 3849 0 1777797277 799343
26 1396 8498 0 1777797277 804955
28 1405 9526 0 1777797277 804990
27 1479 8504 0 1777797277 805009
30 1480 6004 0 1777797277 805349
29 1464 8073 0 1777797277 806978
31 1580 11601 0 1777797277 808210
27 1480 7492 0 1777797277 812502
29 1465 7744 0 1777797277 814772
26 1397 9833 0 1777797277 814796
28 1406 15638 0 1777797277 820629
30 1481 15324 0 1777797277 820677
31 1581 12476 0 1777797277 820687
27 1481 10387 0 1777797277 822890
29 1466 8118 0 1777797277 822894
30 1482 2749 0 1777797277 823540
31 1582 2852 0 1777797277 823736
28 1407 6526 0 1777797277 827215
26 1398 13588 0 1777797277 828386
29 1467 6185 0 1777797277 829085
30 1483 5552 0 1777797277 829094
27 1482 6861 0 1777797277 829756
28 1408 5243 0 1777797277 832460
30 1484 3829 0 1777797277 832939
26 1399 6620 0 1777797277 835008
27 1483 5256 0 1777797277 835017
29 1468 5928 0 1777797277 835023
31 1583 12212 0 1777797277 835950
28 1409 6703 0 1777797277 839165
30 1485 7557 0 1777797277 840499
31 1584 6268 0 1777797277 842225
29 1469 8705 0 1777797277 843767
26 1400 13595 0 1777797277 848620
27 1484 13582 0 1777797277 848628
28 1410 9467 0 1777797277 848633
30 1486 8137 0 1777797277 848640
31 1585 6420 0 1777797277 848646
26 1401 7012 0 1777797277 855658
27 1485 7009 0 1777797277 855665
28 1411 7008 0 1777797277 855671
29 1470 11940 0 1777797277 855709
30 1487 7049 0 1777797277 855717
31 1586 7086 0 1777797277 855760
31 1587 5337 0 1777797277 861245
30 1488 8064 0 1777797277 863964
26 1402 16812 0 1777797277 872573
27 1486 16808 0 1777797277 872579
29 1471 16693 0 1777797277 872583
30 1489 8621 0 1777797277 872587
31 1588 13041 0 1777797277 874289
28 1412 18890 0 1777797277 874667
26 1403 8242 0 1777797277 880830
28 1413 7191 0 1777797277 881860
30 1490 9254 0 1777797277 881866
31 1589 7581 0 1777797277 881872
27 1487 9698 0 1777797277 882296
29 1472 14360 0 1777797277 886963
26 1404 6245 0 1777797277 887079
30 1491 5286 0 1777797277 887168
27 1488 5450 0 1777797277 887748
28 1414 6273 0 1777797277 888146
31 1590 8736 0 1777797277 890624
26 1405 9035 0 1777797277 896205
27 1489 8463 0 1777797277 896213
28 1415 8071 0 1777797277 896220
30 1492 9045 0 1777797277 896227
29 1473 9276 0 1777797277 896264
31 1591 5644 0 1777797277 896270
26 1406 5335 0 1777797277 901562
27 1490 5344 0 1777797277 901580
28 1416 5357 0 1777797277 901601
30 1493 5359 0 1777797277 901609
31 1592 5337 0 1777797277 901616
27 1491 6520 0 1777797277 908153
28 1417 6521 0 1777797277 908163
26 1407 12341 0 1777797277 913957
29 1474 17711 0 1777797277 913982
30 1494 12344 0 1777797277 913992
31 1593 12345 0 1777797277 914000
27 1492 6747 0 1777797277 914912
28 1418 6741 0 1777797277 914920
31 1594 8579 0 1777797277 922614
26 1408 9368 0 1777797277 923369
29 1475 9358 0 1777797277 923378
30 1495 9356 0 1777797277 923384
27 1493 9467 0 1777797277 924388
28 1419 9463 0 1777797277 924396
28 1420 7617 0 1777797277 932024
29 1476 8637 0 1777797277 932031
31 1595 9421 0 1777797277 932038
26 1409 13469 0 1777797277 936854
30 1496 13462 0 1777797277 936864
27 1494 14740 0 1777797277 939137
31 1596 7093 0 1777797277 939146
28 1421 7595 0 1777797277 939633
29 1477 8313 0 1777797277 940360
26 1410 9194 0 1777797277 946059
30 1497 9450 0 1777797277 946326
31 1597 7206 0 1777797277 946373
27 1495 8322 0 1777797277 947469
28 1422 7839 0 1777797277 947474
29 1478 7116 0 1777797277 947478
26 1411 7424 0 1777797277 953800
30 1498 7415 0 1777797277 953813
28 1423 7568 0 1777797277 955054
31 1598 8696 0 1777797277 955100
27 1496 7741 0 1777797277 955219
29 1479 7747 0 1777797277 955239
31 1599 5034 0 1777797277 960173
28 1424 6112 0 1777797277 961213
26 1412 8093 0 1777797277 961907
27 1497 6676 0 1777797277 961916
30 1499 8017 0 1777797277 961923
29 1480 6869 0 1777797277 962119
26 1413 11883 0 1777797277 973807
27 1498 11884 0 1777797277 973819
28 1425 12605 0 1777797277 973825
29 1481 11709 0 1777797277 973830
30 1500 11875 0 1777797277 973837
31 1600 13663 0 1777797277 973842
26 1414 5645 0 1777797277 979488
27 1499 5645 0 1777797277 979500
28 1426 5671 0 1777797277 979530
30 1501 13527 0 1777797277 987395
29 1482 16641 0 1777797277 990505
31 1601 16642 0 1777797277 990514
26 1415 16740 0 1777797277 996273
27 1500 16591 0 1777797277 996290
30 1502 8894 0 1777797277 996299
28 1427 18520 0 1777797277 998228
27 1501 6700 0 1777797278 3091
29 1483 12673 0 1777797278 3188
30 1503 6797 0 1777797278 3196
31 1602 12676 0 1777797278 3203
26 1416 11814 0 1777797278 8194
28 1428 10010 0 1777797278 8240
29 1484 5028 0 1777797278 8248
27 1502 10160 0 1777797278 13364
30 1504 10146 0 1777797278 13374
31 1603 10141 0 1777797278 13381
29 1485 6401 0 1777797278 14677
28 1429 7003 0 1777797278 15271
26 1417 9397 0 1777797278 17646
27 1503 7666 0 1777797278 21048
30 1505 7681 0 1777797278 21079
31 1604 7755 0 1777797278 21161
28 1430 8344 0 1777797278 23620
29 1486 10057 0 1777797278 24736
26 1418 7291 0 1777797278 24940
27 1504 8040 0 1777797278 29121
30 1506 8017 0 1777797278 29146
28 1431 5813 0 1777797278 29436
29 1487 13475 0 1777797278 38213
26 1419 18170 0 1777797278 43112
27 1505 13975 0 1777797278 43122
28 1432 13691 0 1777797278 43128
30 1507 13978 0 1777797278 43135
31 1605 24048 0 1777797278 45212
26 1420 4584 0 1777797278 47720
30 1508 5159 0 1777797278 48322
26 1421 2741 0 1777797278 50466
28 1433 12073 0 1777797278 55230
27 1506 15777 0 1777797278 58924
31 1606 13716 0 1777797278 58930
26 1422 18021 0 1777797278 68489
27 1507 9564 0 1777797278 68495
28 1434 13268 0 1777797278 68499
29 1488 30287 0 1777797278 68503
30 1509 20181 0 1777797278 68506
31 1607 9571 0 1777797278 68510
26 1423 13613 0 1777797278 82124
30 1510 13598 0 1777797278 82131
31 1608 13613 0 1777797278 82151
28 1435 16383 0 1777797278 84906
29 1489 16386 0 1777797278 84915
27 1508 17949 0 1777797278 86466
31 1609 5744 0 1777797278 87950
26 1424 6783 0 1777797278 88969
30 1511 9382 0 1777797278 91579
26 1425 8142 0 1777797278 97114
29 1490 12284 0 1777797278 97238
28 1436 12858 0 1777797278 97774
31 1610 10442 0 1777797278 98399
27 1509 12847 0 1777797278 99322
30 1512 8959 0 1777797278 100541
31 1611 5520 0 1777797278 103923
30 1513 4612 0 1777797278 105155
26 1426 10034 0 1777797278 107151
30 1514 2704 0 1777797278 107861
30 1515 3274 0 1777797278 111138
31 1612 7217 0 1777797278 111157
31 1613 1966 0 1777797278 113133
26 1427 5999 0 1777797278 113154
30 1516 4539 0 1777797278 115697
30 1517 1420 0 1777797278 117120
30 1518 2271 0 1777797278 119396
30 1519 2178 0 1777797278 121582
31 1614 10571 0 1777797278 123708
30 1520 4313 0 1777797278 125897
26 1428 13683 0 1777797278 126838
31 1615 3304 0 1777797278 127024
27 1510 30225 0 1777797278 129554
26 1429 9308 0 1777797278 136148
27 1511 6606 0 1777797278 136164
28 1437 38394 0 1777797278 136173
29 1491 38942 0 1777797278 136182
30 1521 10288 0 1777797278 136190
31 1616 9172 0 1777797278 136198
30 1522 3568 0 1777797278 139816
31 1617 3571 0 1777797278 139829
26 1430 5335 0 1777797278 141534
28 1438 5319 0 1777797278 141546
31 1618 1811 0 1777797278 141657
30 1523 6038 0 1777797278 145867
26 1431 7995 0 1777797278 149542
29 1492 13315 0 1777797278 149551
30 1524 3685 0 1777797278 149557
30 1525 3299 0 1777797278 153022
29 1493 3814 0 1777797278 153383
26 1432 4076 0 1777797278 153634
31 1619 13274 0 1777797278 154933
30 1526 4379 0 1777797278 157402
31 1620 2475 0 1777797278 157410
28 1439 17504 0 1777797278 159062
30 1527 3660 0 1777797278 161071
30 1528 885 0 1777797278 161958
26 1433 8935 0 1777797278 162570
31 1621 5158 0 1777797278 162578
30 1529 2645 0 1777797278 164606
26 1434 8275 0 1777797278 170854
28 1440 11804 0 1777797278 170868
30 1530 6293 0 1777797278 170902
31 1622 8322 0 1777797278 170909
27 1512 37208 0 1777797278 173426
31 1623 2551 0 1777797278 173524
28 1441 3784 0 1777797278 174669
27 1513 1849 0 1777797278 175280
31 1624 3022 0 1777797278 176549
26 1435 6110 0 1777797278 176980
26 1436 2346 0 1777797278 179328
30 1531 10178 0 1777797278 181089
31 1625 5931 0 1777797278 182482
30 1532 1844 0 1777797278 182938
30 1533 3362 0 1777797278 186304
29 1494 33575 0 1777797278 186961
28 1442 13288 0 1777797278 187960
30 1534 1767 0 1777797278 188073
31 1626 5616 0 1777797278 188104
27 1514 13105 0 1777797278 188388
29 1495 2258 0 1777797278 189225
31 1627 1130 0 1777797278 189236
30 1535 1475 0 1777797278 189549
31 1628 2418 0 1777797278 191668
30 1536 2668 0 1777797278 192249
28 1443 6320 0 1777797278 194284
30 1537 2005 0 1777797278 194296
29 1496 6122 0 1777797278 195359
27 1515 7356 0 1777797278 195746
30 1538 2861 0 1777797278 197235
31 1629 5569 0 1777797278 197243
30 1539 2418 0 1777797278 199662
31 1630 2806 0 1777797278 200069
27 1516 7423 0 1777797278 203171
28 1444 10037 0 1777797278 204381
29 1497 9026 0 1777797278 204388
26 1437 25157 0 1777797278 204487
30 1540 4878 0 1777797278 204542
26 1438 2827 0 1777797278 207315
30 1541 2851 0 1777797278 207395
31 1631 9625 0 1777797278 209695
30 1542 5788 0 1777797278 213184
31 1632 3506 0 1777797278 213203
30 1543 2370 0 1777797278 215575
30 1544 1393 0 1777797278 216971
31 1633 4056 0 1777797278 217288
31 1634 4994 0 1777797278 222283
30 1545 6665 0 1777797278 223640
31 1635 4322 0 1777797278 226607
30 1546 5341 0 1777797278 228983
31 1636 2385 0 1777797278 228993
26 1439 24173 0 1777797278 231491
30 1547 6785 0 1777797278 235780
31 1637 6785 0 1777797278 235787
27 1517 32977 0 1777797278 236151
28 1445 32888 0 1777797278 237277
30 1548 3402 0 1777797278 239189
29 1498 35249 0 1777797278 239648
31 1638 3853 0 1777797278 239657
28 1446 3313 0 1777797278 240592
31 1639 1319 0 1777797278 240987
29 1499 1519 0 1777797278 241176
30 1549 4874 0 1777797278 244067
31 1640 3096 0 1777797278 244085
26 1440 17015 0 1777797278 248513
27 1518 12371 0 1777797278 248524
30 1550 4444 0 1777797278 248530
28 1447 9368 0 1777797278 249963
31 1641 5865 0 1777797278 249972
29 1500 8830 0 1777797278 250008
30 1551 1471 0 1777797278 250022
30 1552 1800 0 1777797278 251833
31 1642 2138 0 1777797278 252130
31 1643 1872 0 1777797278 254003
30 1553 3177 0 1777797278 255016
28 1448 6839 0 1777797278 256811
31 1644 2816 0 1777797278 256831
30 1554 2057 0 1777797278 257075
31 1645 978 0 1777797278 257820
26 1441 9467 0 1777797278 257999
28 1449 1625 0 1777797278 258457
26 1442 697 0 1777797278 258697
31 1646 1664 0 1777797278 259487
26 1443 883 0 1777797278 259582
28 1450 2002 0 1777797278 260462
26 1444 1012 0 1777797278 260596
31 1647 1825 0 1777797278 261315
29 1501 12819 0 1777797278 262844
26 1445 5332 0 1777797278 265929
28 1451 5475 0 1777797278 265939
31 1648 8764 0 1777797278 270083
26 1446 4249 0 1777797278 270190
28 1452 4923 0 1777797278 270882
27 1519 24299 0 1777797278 272844
31 1649 3273 0 1777797278 273359
28 1453 2899 0 1777797278 273783
26 1447 9088 0 1777797278 279280
27 1520 6441 0 1777797278 279288
31 1650 5936 0 1777797278 279296
29 1502 19009 0 1777797278 281855
28 1454 8571 0 1777797278 282358
26 1448 5218 0 1777797278 284515
31 1651 5209 0 1777797278 284523
28 1455 4111 0 1777797278 286472
30 1555 29408 0 1777797278 286485
26 1449 5424 0 1777797278 289948
27 1521 10661 0 1777797278 289968
29 1503 8119 0 1777797278 289977
31 1652 7498 0 1777797278 292037
26 1450 5285 0 1777797278 295264
30 1556 8766 0 1777797278 295271
27 1522 7250 0 1777797278 297255
31 1653 5238 0 1777797278 297278
28 1456 11889 0 1777797278 298375
26 1451 9574 0 1777797278 304846
29 1504 14834 0 1777797278 304856
30 1557 9581 0 1777797278 304861
31 1654 7587 0 1777797278 304866
31 1655 2121 0 1777797278 307010
26 1452 6767 0 1777797278 311633
27 1523 14434 0 1777797278 311693
30 1558 6830 0 1777797278 311714
28 1457 14835 0 1777797278 313215
31 1656 6231 0 1777797278 313242
26 1453 5531 0 1777797278 317246
27 1524 5445 0 1777797278 317254
29 1505 12383 0 1777797278 317260
30 1559 5400 0 1777797278 317265
31 1657 9261 0 1777797278 322518
26 1454 7735 0 1777797278 325001
28 1458 11769 0 1777797278 325012
29 1506 7738 0 1777797278 325019
30 1560 7738 0 1777797278 325025
31 1658 2795 0 1777797278 325321
27 1525 13329 0 1777797278 330604
30 1561 6185 0 1777797278 331315
28 1459 7835 0 1777797278 332881
26 1455 9134 0 1777797278 334160
31 1659 8853 0 1777797278 334177
27 1526 5851 0 1777797278 336460
29 1507 11350 0 1777797278 336471
30 1562 5164 0 1777797278 336481
26 1456 7186 0 1777797278 341364
28 1460 8488 0 1777797278 341372
30 1563 4876 0 1777797278 341378
29 1508 5973 0 1777797278 342468
27 1527 11789 0 1777797278 348272
26 1457 8498 0 1777797278 349877
28 1461 8559 0 1777797278 349947
29 1509 7484 0 1777797278 349953
30 1564 8596 0 1777797278 349992
27 1528 5048 0 1777797278 353323
30 1565 5867 0 1777797278 355892
29 1510 8501 0 1777797278 358519
26 1458 12218 0 1777797278 362211
27 1529 8892 0 1777797278 362218
28 1462 12217 0 1777797278 362221
30 1566 6327 0 1777797278 362226
31 1660 30821 0 1777797278 365015
26 1459 9553 0 1777797278 371780
26 1460 2625 0 1777797278 374407
28 1463 12213 0 1777797278 374450
27 1530 13022 0 1777797278 375256
30 1567 13028 0 1777797278 375269
27 1531 9518 0 1777797278 384788
28 1464 10334 0 1777797278 384799
31 1661 19790 0 1777797278 384806
26 1461 13142 0 1777797278 387594
27 1532 5946 0 1777797278 390753
28 1465 6074 0 1777797278 390905
29 1511 32390 0 1777797278 390912
30 1568 15652 0 1777797278 390945
31 1662 6171 0 1777797278 391012
26 1462 6846 0 1777797278 394443
29 1512 10574 0 1777797278 401605
30 1569 10574 0 1777797278 401613
28 1466 10821 0 1777797278 401845
31 1663 11020 0 1777797278 402066
26 1463 7665 0 1777797278 402110
27 1533 12986 0 1777797278 403999
29 1513 7020 0 1777797278 408634
30 1570 10883 0 1777797278 412528
31 1664 10468 0 1777797278 412535
27 1534 17107 0 1777797278 421109
28 1467 19280 0 1777797278 421127
30 1571 8598 0 1777797278 421134
31 1665 10188 0 1777797278 422741
31 1666 2583 0 1777797278 425328
26 1464 24880 0 1777797278 426992
30 1572 8451 0 1777797278 429634
27 1535 10306 0 1777797278 431442
31 1667 7443 0 1777797278 432774
28 1468 12263 0 1777797278 433416
26 1465 6603 0 1777797278 433597
27 1536 5489 0 1777797278 436936
30 1573 7320 0 1777797278 436957
31 1668 7790 0 1777797278 440571
26 1466 7918 0 1777797278 441518
29 1514 32897 0 1777797278 441533
28 1469 8686 0 1777797278 442106
27 1537 8061 0 1777797278 445020
28 1470 3627 0 1777797278 445735
26 1467 4785 0 1777797278 446319
26 1468 2789 0 1777797278 449110
26 1469 2112 0 1777797278 451224
29 1515 9690 0 1777797278 451233
28 1471 6016 0 1777797278 451753
31 1669 13011 0 1777797278 453584
27 1538 9607 0 1777797278 454631
26 1470 4409 0 1777797278 455644
30 1574 18989 0 1777797278 456080
28 1472 4782 0 1777797278 456538
31 1670 4315 0 1777797278 457903
29 1516 7386 0 1777797278 458649
28 1473 3526 0 1777797278 460065
27 1539 6026 0 1777797278 460659
27 1540 3543 0 1777797278 464205
27 1541 7455 0 1777797278 471663
29 1517 15874 0 1777797278 474525
26 1471 24426 0 1777797278 480072
31 1671 22177 0 1777797278 480082
29 1518 5579 0 1777797278 480107
30 1575 25134 0 1777797278 481215
27 1542 10144 0 1777797278 481810
30 1576 4058 0 1777797278 485276
26 1472 9885 0 1777797278 489967
31 1672 12330 0 1777797278 492424
29 1519 14018 0 1777797278 494126
26 1473 4339 0 1777797278 494309
27 1543 13566 0 1777797278 495381
30 1577 12429 0 1777797278 497707
31 1673 7840 0 1777797278 500270
31 1674 1867 0 1777797278 502139
26 1474 8180 0 1777797278 502491
27 1544 7471 0 1777797278 502855
27 1545 1876 0 1777797278 504735
26 1475 2666 0 1777797278 505160
29 1520 11206 0 1777797278 505337
27 1546 3726 0 1777797278 508466
28 1474 48532 0 1777797278 508600
31 1675 8788 0 1777797278 510933
30 1578 14039 0 1777797278 511749
29 1521 6854 0 1777797278 512192
26 1476 7498 0 1777797278 512662
27 1547 13297 0 1777797278 521899
28 1475 24216 0 1777797278 532832
26 1477 23349 0 1777797278 536012
29 1522 23844 0 1777797278 536040
28 1476 5156 0 1777797278 537991
26 1478 2033 0 1777797278 538074
30 1579 26811 0 1777797278 538562
27 1548 17278 0 1777797278 539181
27 1549 5383 0 1777797278 544567
28 1477 10287 0 1777797278 548281
27 1550 5386 0 1777797278 549955
26 1479 12536 0 1777797278 550612
30 1580 15765 0 1777797278 554329
31 1676 43401 0 1777797278 554338
26 1480 5316 0 1777797278 555929
31 1677 2223 0 1777797278 556581
26 1481 5907 0 1777797278 561840
29 1523 25789 0 1777797278 561846
31 1678 5269 0 1777797278 561851
30 1581 16029 0 1777797278 570368
31 1679 21797 0 1777797278 583685
29 1524 21913 0 1777797278 583776
26 1482 22921 0 1777797278 584774
30 1582 14418 0 1777797278 584788
28 1478 41835 0 1777797278 590118
28 1479 1595 0 1777797278 591717
28 1480 1844 0 1777797278 593565
26 1483 8954 0 1777797278 593743
29 1525 11365 0 1777797278 595143
31 1680 12681 0 1777797278 596374
28 1481 2850 0 1777797278 596480
26 1484 3108 0 1777797278 596852
27 1551 48623 0 1777797278 598584
30 1583 19774 0 1777797278 604577
27 1552 6555 0 1777797278 605143
28 1482 12128 0 1777797278 608609
27 1553 4065 0 1777797278 609217
28 1483 4309 0 1777797278 612922
30 1584 9415 0 1777797278 613993
27 1554 6616 0 1777797278 615840
29 1526 30409 0 1777797278 625561
26 1485 32951 0 1777797278 629806
27 1555 14316 0 1777797278 630158
28 1484 18454 0 1777797278 631378
27 1556 4315 0 1777797278 634476
28 1485 3549 0 1777797278 634930
28 1486 3600 0 1777797278 638532
28 1487 2298 0 1777797278 640835
29 1527 15281 0 1777797278 640845
30 1585 28556 0 1777797278 642553
26 1486 14542 0 1777797278 644350
27 1557 11201 0 1777797278 645683
28 1488 5965 0 1777797278 646811
31 1681 52587 0 1777797278 648962
30 1586 6605 0 1777797278 649164
29 1528 8532 0 1777797278 649392
27 1558 8431 0 1777797278 654119
29 1529 5452 0 1777797278 654845
26 1487 13793 0 1777797278 658161
27 1559 6881 0 1777797278 661003
29 1530 6190 0 1777797278 661037
28 1489 15303 0 1777797278 662116
30 1587 17581 0 1777797278 666746
28 1490 5959 0 1777797278 668078
30 1588 3214 0 1777797278 669962
28 1491 4063 0 1777797278 672147
30 1589 2659 0 1777797278 672624
29 1531 11674 0 1777797278 672712
30 1590 2093 0 1777797278 674719
30 1591 3214 0 1777797278 677936
30 1592 3899 0 1777797278 681837
30 1593 8967 0 1777797278 690809
27 1560 34857 0 1777797278 695869
30 1594 5325 0 1777797278 696136
31 1682 47416 0 1777797278 696385
29 1532 25942 0 1777797278 698656
31 1683 3292 0 1777797278 699679
29 1533 2307 0 1777797278 700966
30 1595 12527 0 1777797278 708665
31 1684 12712 0 1777797278 712393
26 1488 54290 0 1777797278 712453
30 1596 4915 0 1777797278 713584
31 1685 1456 0 1777797278 713851
31 1686 5965 0 1777797278 719818
27 1561 24097 0 1777797278 719970
30 1597 7419 0 1777797278 721004
31 1687 2619 0 1777797278 722440
26 1489 12007 0 1777797278 724461
29 1534 24198 0 1777797278 725167
31 1688 2943 0 1777797278 725388
26 1490 2446 0 1777797278 726908
27 1562 9319 0 1777797278 729290
30 1598 10451 0 1777797278 731458
31 1689 8963 0 1777797278 734356
31 1690 1333 0 1777797278 735693
29 1535 11743 0 1777797278 736917
31 1691 2051 0 1777797278 737749
30 1599 7645 0 1777797278 739104
26 1491 13382 0 1777797278 740293
31 1692 3926 0 1777797278 741679
31 1693 2768 0 1777797278 744450
27 1563 18065 0 1777797278 747357
28 1492 76754 0 1777797278 748908
29 1536 12038 0 1777797278 748962
30 1600 10367 0 1777797278 749473
27 1564 6417 0 1777797278 753777
27 1565 3234 0 1777797278 757017
28 1493 10591 0 1777797278 759503
30 1601 10142 0 1777797278 759618
28 1494 3257 0 1777797278 762761
30 1602 3163 0 1777797278 762782
26 1492 23892 0 1777797278 764187
31 1694 19831 0 1777797278 764291
27 1566 10001 0 1777797278 767021
29 1537 22819 0 1777797278 771782
26 1493 9847 0 1777797278 774037
27 1567 7091 0 1777797278 774114
31 1695 11948 0 1777797278 776241
28 1495 14777 0 1777797278 777540
30 1603 14772 0 1777797278 777555
29 1538 7076 0 1777797278 778862
26 1494 4947 0 1777797278 778991
26 1495 3087 0 1777797278 782080
31 1696 8467 0 1777797278 784709
29 1539 9537 0 1777797278 788407
27 1568 14523 0 1777797278 788638
26 1496 8023 0 1777797278 790104
30 1604 12553 0 1777797278 790122
28 1496 12685 0 1777797278 790241
31 1697 5943 0 1777797278 790656
26 1497 5353 0 1777797278 795477
31 1698 7018 0 1777797278 797676
26 1498 4571 0 1777797278 800051
27 1569 11436 0 1777797278 800076
29 1540 13250 0 1777797278 801669
28 1497 11492 0 1777797278 801736
30 1605 11707 0 1777797278 801846
27 1570 2427 0 1777797278 802504
26 1499 3045 0 1777797278 803098
30 1606 3131 0 1777797278 804980
28 1498 3710 0 1777797278 805447
30 1607 2955 0 1777797278 807936
27 1571 5457 0 1777797278 807963
28 1499 2529 0 1777797278 807978
29 1541 8727 0 1777797278 810399
26 1500 7754 0 1777797278 810856
31 1699 17635 0 1777797278 815313
27 1572 7551 0 1777797278 815530
30 1608 7835 0 1777797278 815773
31 1700 4851 0 1777797278 820167
29 1542 10059 0 1777797278 820460
28 1500 12914 0 1777797278 820903
27 1573 5770 0 1777797278 821302
26 1501 12277 0 1777797278 823138
30 1609 7484 0 1777797278 823317
27 1574 4199 0 1777797278 825502
29 1543 5723 0 1777797278 826185
28 1501 7556 0 1777797278 828461
27 1575 7079 0 1777797278 832591
31 1701 12472 0 1777797278 832641
28 1502 5047 0 1777797278 833509
26 1502 11433 0 1777797278 834573
29 1544 12495 0 1777797278 838682
31 1702 6609 0 1777797278 839251
28 1503 5978 0 1777797278 839491
30 1610 18519 0 1777797278 841838
27 1576 13700 0 1777797278 846293
29 1545 8546 0 1777797278 847231
30 1611 5406 0 1777797278 847254
28 1504 14731 0 1777797278 854223
26 1503 19756 0 1777797278 854331
29 1546 7106 0 1777797278 854339
31 1703 15186 0 1777797278 854438
27 1577 9202 0 1777797278 855497
29 1547 3167 0 1777797278 857520
30 1612 11127 0 1777797278 858382
26 1504 4950 0 1777797278 859290
30 1613 1822 0 1777797278 860206
28 1505 6679 0 1777797278 860906
27 1578 10564 0 1777797278 866065
31 1704 11634 0 1777797278 866073
29 1548 9005 0 1777797278 866528
26 1505 7443 0 1777797278 866735
28 1506 8655 0 1777797278 869562
30 1614 9359 0 1777797278 869567
31 1705 6010 0 1777797278 872093
27 1579 7833 0 1777797278 873907
29 1549 7767 0 1777797278 874297
30 1615 5482 0 1777797278 875055
26 1506 11563 0 1777797278 878301
28 1507 12564 0 1777797278 882131
26 1507 8604 0 1777797278 886908
31 1706 14917 0 1777797278 887012
29 1550 12935 0 1777797278 887233
27 1580 14463 0 1777797278 888373
31 1707 1944 0 1777797278 888958
29 1551 2041 0 1777797278 889283
28 1508 10966 0 1777797278 893099
31 1708 6915 0 1777797278 895877
26 1508 9531 0 1777797278 896449
27 1581 8163 0 1777797278 896540
31 1709 1181 0 1777797278 897061
30 1616 22548 0 1777797278 897605
27 1582 5332 0 1777797278 901874
30 1617 4403 0 1777797278 902009
30 1618 3312 0 1777797278 905324
27 1583 5381 0 1777797278 907256
28 1509 14996 0 1777797278 908098
27 1584 2996 0 1777797278 910254
26 1509 17263 0 1777797278 913715
28 1510 5622 0 1777797278 913722
30 1619 8871 0 1777797278 914197
26 1510 2516 0 1777797278 916240
28 1511 7141 0 1777797278 920874
31 1710 23833 0 1777797278 920896
26 1511 6319 0 1777797278 922565
27 1585 12470 0 1777797278 922726
27 1586 3331 0 1777797278 926060
26 1512 4201 0 1777797278 926769
30 1620 14858 0 1777797278 929057
31 1711 9281 0 1777797278 930179
31 1712 634 0 1777797278 930815
31 1713 904 0 1777797278 931720
30 1621 3086 0 1777797278 932146
31 1714 1670 0 1777797278 933392
30 1622 1547 0 1777797278 933695
31 1715 2852 0 1777797278 936246
31 1716 4336 0 1777797278 940583
29 1552 53849 0 1777797278 943135
30 1623 9508 0 1777797278 943208
27 1587 19729 0 1777797278 945791
26 1513 19338 0 1777797278 946109
31 1717 6815 0 1777797278 947400
26 1514 4005 0 1777797278 950118
28 1512 32171 0 1777797278 953049
27 1588 10314 0 1777797278 956109
28 1513 4505 0 1777797278 957557
29 1553 16225 0 1777797278 959375
26 1515 10019 0 1777797278 960143
28 1514 5333 0 1777797278 962892
26 1516 2779 0 1777797278 962925
29 1554 6633 0 1777797278 966010
28 1515 8586 0 1777797278 971485
30 1624 28306 0 1777797278 971515
29 1555 5519 0 1777797278 971532
31 1718 24763 0 1777797278 972165
27 1589 18667 0 1777797278 974779
31 1719 4534 0 1777797278 976700
28 1516 5316 0 1777797278 976803
28 1517 2601 0 1777797278 979407
30 1625 7902 0 1777797278 979419
27 1590 5661 0 1777797278 980445
29 1556 9068 0 1777797278 980602
28 1518 3840 0 1777797278 983260
31 1720 11826 0 1777797278 988527
28 1519 11317 0 1777797278 994583
31 1721 6056 0 1777797278 994590
29 1557 14661 0 1777797278 995265
29 1558 2683 0 1777797278 997949
27 1591 17644 0 1777797278 998092
30 1626 20279 0 1777797278 999713
27 1592 2454 0 1777797279 548
31 1722 9553 0 1777797279 4152
30 1627 4553 0 1777797279 4269
27 1593 4440 0 1777797279 4994
28 1520 11256 0 1777797279 5847
29 1559 8098 0 1777797279 6050
31 1723 2960 0 1777797279 7123
28 1521 2444 0 1777797279 8294
30 1628 4778 0 1777797279 9053
31 1724 2124 0 1777797279 9253
27 1594 5278 0 1777797279 10274
26 1517 47490 0 1777797279 10416
27 1595 1006 0 1777797279 11282
26 1518 1180 0 1777797279 11649
26 1519 2614 0 1777797279 14265
28 1522 5959 0 1777797279 14275
31 1725 5025 0 1777797279 14279
31 1726 2426 0 1777797279 16723
27 1596 6585 0 1777797279 17869
28 1523 3877 0 1777797279 18168
30 1629 11357 0 1777797279 20415
31 1727 5459 0 1777797279 22184
28 1524 6845 0 1777797279 25015
31 1728 4236 0 1777797279 26422
29 1560 24162 0 1777797279 30214
30 1630 12195 0 1777797279 32616
28 1525 7787 0 1777797279 32805
26 1520 18741 0 1777797279 33021
27 1597 18382 0 1777797279 36255
29 1561 6106 0 1777797279 36322
31 1729 10765 0 1777797279 37189
29 1562 9091 0 1777797279 45414
30 1631 14538 0 1777797279 47157
26 1521 14477 0 1777797279 47500
31 1730 11278 0 1777797279 48475
28 1526 21810 0 1777797279 54616
26 1522 7138 0 1777797279 54639
27 1598 18387 0 1777797279 54644
29 1563 9232 0 1777797279 54649
30 1632 8001 0 1777797279 55165
27 1599 2841 0 1777797279 57498
28 1527 7874 0 1777797279 62495
31 1731 15829 0 1777797279 64306
26 1523 9907 0 1777797279 64556
29 1564 10110 0 1777797279 64773
30 1633 11663 0 1777797279 66830
28 1528 7889 0 1777797279 70386
27 1600 12922 0 1777797279 70423
26 1524 5916 0 1777797279 70473
29 1565 7498 0 1777797279 72274
31 1732 7983 0 1777797279 72290
30 1634 6188 0 1777797279 73026
28 1529 8608 0 1777797279 78997
29 1566 6768 0 1777797279 79045
27 1601 9091 0 1777797279 79515
26 1525 10667 0 1777797279 81143
30 1635 12244 0 1777797279 85276
29 1567 6250 0 1777797279 85297
26 1526 8335 0 1777797279 89479
28 1530 10500 0 1777797279 89498
31 1733 18628 0 1777797279 90919
27 1602 11443 0 1777797279 90960
29 1568 10451 0 1777797279 95750
30 1636 10537 0 1777797279 95814
28 1531 6605 0 1777797279 96105
26 1527 11066 0 1777797279 100547
27 1603 10034 0 1777797279 100997
31 1734 13087 0 1777797279 104013
28 1532 8549 0 1777797279 104655
29 1569 8908 0 1777797279 104661
30 1637 8860 0 1777797279 104677
26 1528 8998 0 1777797279 109547
29 1570 4856 0 1777797279 109554
28 1533 6940 0 1777797279 111629
27 1604 10825 0 1777797279 111824
28 1534 2243 0 1777797279 113881
29 1571 4324 0 1777797279 113891
31 1735 9877 0 1777797279 113895
26 1529 5017 0 1777797279 114572
28 1535 5121 0 1777797279 119016
29 1572 5137 0 1777797279 119041
30 1638 14480 0 1777797279 119185
31 1736 7866 0 1777797279 121780
26 1530 10080 0 1777797279 124654
27 1605 12836 0 1777797279 124662
29 1573 6340 0 1777797279 125383
28 1536 6382 0 1777797279 125401
26 1531 5109 0 1777797279 129772
30 1639 11355 0 1777797279 130542
27 1606 6643 0 1777797279 131316
31 1737 9545 0 1777797279 131327
28 1537 7278 0 1777797279 132680
29 1574 10676 0 1777797279 136060
30 1640 9205 0 1777797279 139750
26 1532 10083 0 1777797279 139857
27 1607 9336 0 1777797279 140664
31 1738 9551 0 1777797279 140895
28 1538 8789 0 1777797279 141474
29 1575 6145 0 1777797279 142208
30 1641 10004 0 1777797279 149756
26 1533 9920 0 1777797279 149778
28 1539 9129 0 1777797279 150607
31 1739 11334 0 1777797279 152231
27 1608 11625 0 1777797279 152296
29 1576 10387 0 1777797279 152601
29 1577 3833 0 1777797279 156436
31 1740 4213 0 1777797279 156446
27 1609 5877 0 1777797279 158175
28 1540 10682 0 1777797279 161291
30 1642 15300 0 1777797279 165059
26 1534 15681 0 1777797279 165460
29 1578 10719 0 1777797279 167166
26 1535 4431 0 1777797279 169893
31 1741 13926 0 1777797279 170384
31 1742 6892 0 1777797279 177281
28 1541 19714 0 1777797279 181008
26 1536 11148 0 1777797279 181049
29 1579 15196 0 1777797279 182365
27 1610 24205 0 1777797279 182383
30 1643 20240 0 1777797279 185302
31 1743 8023 0 1777797279 185305
31 1744 7905 0 1777797279 193215
26 1537 20333 0 1777797279 201383
29 1580 21038 0 1777797279 203405
30 1644 28246 0 1777797279 213552
27 1611 31374 0 1777797279 213758
28 1542 32741 0 1777797279 213763
31 1745 21328 0 1777797279 214546
26 1538 13636 0 1777797279 215022
30 1645 2519 0 1777797279 216075
30 1646 868 0 1777797279 216946
28 1543 4191 0 1777797279 217960
30 1647 2605 0 1777797279 219553
30 1648 2721 0 1777797279 222277
29 1581 20497 0 1777797279 223906
30 1649 2634 0 1777797279 224912
28 1544 7032 0 1777797279 224997
29 1582 3676 0 1777797279 227584
26 1539 13298 0 1777797279 228321
31 1746 15000 0 1777797279 229546
29 1583 3105 0 1777797279 230691
31 1747 3547 0 1777797279 233099
26 1540 5970 0 1777797279 234294
30 1650 11802 0 1777797279 236783
28 1545 12146 0 1777797279 237144
28 1546 2157 0 1777797279 239303
30 1651 2599 0 1777797279 239388
31 1748 7604 0 1777797279 240708
29 1584 11165 0 1777797279 241858
28 1547 2830 0 1777797279 242136
30 1652 3970 0 1777797279 243360
26 1541 9772 0 1777797279 244068
26 1542 2809 0 1777797279 246879
29 1585 5345 0 1777797279 247205
28 1548 7393 0 1777797279 249531
31 1749 10382 0 1777797279 251091
28 1549 3680 0 1777797279 253213
30 1653 14200 0 1777797279 257562
28 1550 6340 0 1777797279 259558
30 1654 3703 0 1777797279 261267
26 1543 16858 0 1777797279 263741
29 1586 17530 0 1777797279 264737
30 1655 3514 0 1777797279 264784
31 1750 16458 0 1777797279 267552
28 1551 9512 0 1777797279 269078
26 1544 5362 0 1777797279 269105
26 1545 3591 0 1777797279 272697
28 1552 5292 0 1777797279 274375
29 1587 9892 0 1777797279 274630
30 1656 13764 0 1777797279 278550
26 1546 5900 0 1777797279 278599
28 1553 4368 0 1777797279 278745
29 1588 4118 0 1777797279 278750
31 1751 11390 0 1777797279 278943
30 1657 4308 0 1777797279 282860
31 1752 4816 0 1777797279 283761
28 1554 5537 0 1777797279 284287
26 1547 5971 0 1777797279 284572
29 1589 6637 0 1777797279 285395
27 1612 73615 0 1777797279 287378
28 1555 7682 0 1777797279 291971
29 1590 8209 0 1777797279 293606
26 1548 9165 0 1777797279 293739
31 1753 11111 0 1777797279 294874
27 1613 9561 0 1777797279 296941
30 1658 16287 0 1777797279 299149
28 1556 10528 0 1777797279 302503
31 1754 8998 0 1777797279 303875
26 1549 10557 0 1777797279 304298
29 1591 11437 0 1777797279 305055
30 1659 7512 0 1777797279 306664
27 1614 14337 0 1777797279 311281
29 1592 6407 0 1777797279 311465
31 1755 7785 0 1777797279 311665
28 1557 9591 0 1777797279 312098
26 1550 9263 0 1777797279 313563
26 1551 2802 0 1777797279 316368
28 1558 7258 0 1777797279 319359
31 1756 10091 0 1777797279 321757
29 1593 11130 0 1777797279 322596
26 1552 6560 0 1777797279 322932
29 1594 6108 0 1777797279 328711
28 1559 10307 0 1777797279 329671
31 1757 8436 0 1777797279 330203
26 1553 12540 0 1777797279 335474
29 1595 7540 0 1777797279 336254
28 1560 8459 0 1777797279 338131
31 1758 7979 0 1777797279 338183
26 1554 4831 0 1777797279 340306
31 1759 8756 0 1777797279 346941
28 1561 8904 0 1777797279 347037
26 1555 6747 0 1777797279 347054
29 1596 11139 0 1777797279 347396
30 1660 47645 0 1777797279 354311
30 1661 2285 0 1777797279 356598
31 1760 16339 0 1777797279 363282
28 1562 17144 0 1777797279 364182
29 1597 16973 0 1777797279 364370
26 1556 17373 0 1777797279 364428
31 1761 7757 0 1777797279 371041
26 1557 7005 0 1777797279 371434
30 1662 18732 0 1777797279 375336
28 1563 15382 0 1777797279 379567
27 1615 68307 0 1777797279 379590
30 1663 5934 0 1777797279 381272
29 1598 18476 0 1777797279 382847
27 1616 4944 0 1777797279 384535
30 1664 8280 0 1777797279 389554
28 1564 10057 0 1777797279 389630
29 1599 6801 0 1777797279 389650
31 1762 25024 0 1777797279 396076
28 1565 6556 0 1777797279 396187
30 1665 7273 0 1777797279 396836
27 1617 12329 0 1777797279 396870
31 1763 8554 0 1777797279 404639
28 1566 8571 0 1777797279 404759
30 1666 9664 0 1777797279 406505
29 1600 17305 0 1777797279 406956
28 1567 6162 0 1777797279 410924
27 1618 14282 0 1777797279 411154
30 1667 5173 0 1777797279 411681
27 1619 13255 0 1777797279 424410
30 1668 14081 0 1777797279 425764
27 1620 1544 0 1777797279 425956
28 1568 16082 0 1777797279 427007
31 1764 22951 0 1777797279 427593
26 1558 60372 0 1777797279 431807
30 1669 7203 0 1777797279 432969
31 1765 6248 0 1777797279 433844
26 1559 5263 0 1777797279 437072
27 1621 11342 0 1777797279 437300
30 1670 8069 0 1777797279 441048
31 1766 9948 0 1777797279 443795
27 1622 9460 0 1777797279 446762
28 1569 19806 0 1777797279 446815
29 1601 40544 0 1777797279 447503
31 1767 3977 0 1777797279 447774
29 1602 3204 0 1777797279 450711
27 1623 6077 0 1777797279 452849
31 1768 5883 0 1777797279 453659
27 1624 1290 0 1777797279 454210
27 1625 1837 0 1777797279 456049
27 1626 927 0 1777797279 456979
31 1769 3985 0 1777797279 457650
27 1627 1530 0 1777797279 458511
31 1770 2688 0 1777797279 460340
27 1628 4111 0 1777797279 462624
27 1629 783 0 1777797279 463410
31 1771 3693 0 1777797279 464037
30 1671 23509 0 1777797279 464562
31 1772 1011 0 1777797279 465049
27 1630 2027 0 1777797279 465439
31 1773 4526 0 1777797279 469578
27 1631 4774 0 1777797279 470216
27 1632 1092 0 1777797279 471310
31 1774 3223 0 1777797279 472806
27 1633 2325 0 1777797279 473640
31 1775 1813 0 1777797279 474621
30 1672 10315 0 1777797279 474882
27 1634 1529 0 1777797279 475171
31 1776 1163 0 1777797279 475789
26 1560 39286 0 1777797279 476373
27 1635 4207 0 1777797279 479380
31 1777 4546 0 1777797279 480337
27 1636 1436 0 1777797279 480818
31 1778 2280 0 1777797279 482618
26 1561 6431 0 1777797279 482807
27 1637 3534 0 1777797279 484357
31 1779 4256 0 1777797279 486877
26 1562 4285 0 1777797279 487093
30 1673 12714 0 1777797279 487597
27 1638 4890 0 1777797279 489251
31 1780 2938 0 1777797279 489816
26 1563 3467 0 1777797279 490562
29 1603 41788 0 1777797279 492502
31 1781 5052 0 1777797279 494869
30 1674 8741 0 1777797279 496342
29 1604 4427 0 1777797279 496936
31 1782 3604 0 1777797279 498475
28 1570 52775 0 1777797279 499592
27 1639 15240 0 1777797279 504493
29 1605 7963 0 1777797279 504903
31 1783 7222 0 1777797279 505699
26 1564 19146 0 1777797279 509711
29 1606 6080 0 1777797279 510985
28 1571 21696 0 1777797279 521290
29 1607 14849 0 1777797279 525840
31 1784 20312 0 1777797279 526014
28 1572 4770 0 1777797279 526065
27 1640 22606 0 1777797279 527101
26 1565 21634 0 1777797279 531347
31 1785 5393 0 1777797279 531408
28 1573 5825 0 1777797279 531891
31 1786 7192 0 1777797279 538602
26 1566 7322 0 1777797279 538680
27 1641 13702 0 1777797279 540809
29 1608 20544 0 1777797279 546392
27 1642 6347 0 1777797279 547157
31 1787 8594 0 1777797279 547199
28 1574 15780 0 1777797279 547673
27 1643 7940 0 1777797279 555101
29 1609 8713 0 1777797279 555109
30 1675 59456 0 1777797279 555801
31 1788 9306 0 1777797279 556507
28 1575 8939 0 1777797279 556614
26 1567 20448 0 1777797279 559129
27 1644 8281 0 1777797279 563392
29 1610 9786 0 1777797279 564911
30 1676 9607 0 1777797279 565410
26 1568 8833 0 1777797279 567965
31 1789 14126 0 1777797279 570637
27 1645 7354 0 1777797279 570758
28 1576 14721 0 1777797279 571336
29 1611 8940 0 1777797279 573853
27 1646 5957 0 1777797279 576717
26 1569 8826 0 1777797279 576802
31 1790 6166 0 1777797279 576809
30 1677 16428 0 1777797279 581840
28 1577 12526 0 1777797279 583867
29 1612 13721 0 1777797279 587575
26 1570 11851 0 1777797279 588661
30 1678 6966 0 1777797279 588810
27 1647 12393 0 1777797279 589112
31 1791 13880 0 1777797279 590698
28 1578 6910 0 1777797279 590779
29 1613 5518 0 1777797279 593095
31 1792 4135 0 1777797279 594844
27 1648 5795 0 1777797279 594908
30 1679 7240 0 1777797279 596052
26 1571 9241 0 1777797279 597918
28 1579 13199 0 1777797279 603981
29 1614 10882 0 1777797279 603992
31 1793 11009 0 1777797279 605864
27 1649 11145 0 1777797279 606056
30 1680 10011 0 1777797279 606064
26 1572 10633 0 1777797279 608562
31 1794 4570 0 1777797279 610435
28 1580 12385 0 1777797279 616379
29 1615 12380 0 1777797279 616386
27 1650 13040 0 1777797279 619106
26 1573 11330 0 1777797279 619904
31 1795 9519 0 1777797279 619955
30 1681 14088 0 1777797279 620162
28 1581 8686 0 1777797279 625073
29 1616 19844 0 1777797279 636241
26 1574 17536 0 1777797279 637445
27 1651 18539 0 1777797279 637648
31 1796 21030 0 1777797279 640986
30 1682 20975 0 1777797279 641139
28 1582 16817 0 1777797279 641895
26 1575 8313 0 1777797279 645761
27 1652 8120 0 1777797279 645768
29 1617 9784 0 1777797279 646028
31 1797 17402 0 1777797279 658389
29 1618 14057 0 1777797279 660087
30 1683 18956 0 1777797279 660095
27 1653 15493 0 1777797279 661271
28 1583 20712 0 1777797279 662609
29 1619 8275 0 1777797279 668370
28 1584 8268 0 1777797279 670880
29 1620 3332 0 1777797279 671706
30 1684 13818 0 1777797279 673919
31 1798 16219 0 1777797279 674675
28 1585 6487 0 1777797279 677370
27 1654 20070 0 1777797279 681343
30 1685 8287 0 1777797279 682277
29 1621 10594 0 1777797279 682303
31 1799 7631 0 1777797279 682311
28 1586 5953 0 1777797279 683325
26 1576 38243 0 1777797279 684012
31 1800 7035 0 1777797279 689358
26 1577 5871 0 1777797279 689888
27 1655 12910 0 1777797279 694255
30 1686 11985 0 1777797279 694264
26 1578 5602 0 1777797279 695494
30 1687 1376 0 1777797279 695653
26 1579 2194 0 1777797279 697691
29 1622 16314 0 1777797279 698626
28 1587 15388 0 1777797279 698717
30 1688 3937 0 1777797279 699591
28 1588 3844 0 1777797279 702563
31 1801 13587 0 1777797279 702953
28 1589 2897 0 1777797279 705462
31 1802 3640 0 1777797279 706606
28 1590 2024 0 1777797279 707491
28 1591 2363 0 1777797279 709856
29 1623 12087 0 1777797279 710715
26 1580 14291 0 1777797279 711984
31 1803 6796 0 1777797279 713404
28 1592 4826 0 1777797279 714688
29 1624 5002 0 1777797279 715721
29 1625 2881 0 1777797279 718606
31 1804 7003 0 1777797279 720409
26 1581 9191 0 1777797279 721177
28 1593 7219 0 1777797279 721910
28 1594 2123 0 1777797279 724035
26 1582 2939 0 1777797279 724120
29 1626 6174 0 1777797279 724786
30 1689 26953 0 1777797279 726546
29 1627 1944 0 1777797279 726733
29 1628 1492 0 1777797279 728227
28 1595 6541 0 1777797279 730578
28 1596 1527 0 1777797279 732106
29 1629 10709 0 1777797279 738938
30 1690 18698 0 1777797279 745255
31 1805 25478 0 1777797279 745905
28 1597 14283 0 1777797279 746392
26 1583 23706 0 1777797279 747828
28 1598 2413 0 1777797279 748809
27 1656 60182 0 1777797279 754447
30 1691 12079 0 1777797279 757336
30 1692 903 0 1777797279 758242
28 1599 11576 0 1777797279 760387
28 1600 922 0 1777797279 761311
28 1601 940 0 1777797279 762254
26 1584 14895 0 1777797279 762729
28 1602 874 0 1777797279 763130
30 1693 5774 0 1777797279 764018
28 1603 1152 0 1777797279 764284
28 1604 1449 0 1777797279 765736
31 1806 19874 0 1777797279 765781
28 1605 1927 0 1777797279 767665
29 1630 30590 0 1777797279 769531
30 1694 7901 0 1777797279 771922
26 1585 11578 0 1777797279 774309
28 1606 7558 0 1777797279 775226
29 1631 6109 0 1777797279 775643
26 1586 4334 0 1777797279 778650
30 1695 9800 0 1777797279 781726
28 1607 13060 0 1777797279 788289
31 1807 22514 0 1777797279 788297
29 1632 12678 0 1777797279 788322
30 1696 6887 0 1777797279 788620
26 1587 10729 0 1777797279 789380
31 1808 1628 0 1777797279 789935
31 1809 771 0 1777797279 790708
29 1633 3057 0 1777797279 791380
26 1588 2993 0 1777797279 792375
30 1697 5163 0 1777797279 793784
26 1589 1958 0 1777797279 794336
26 1590 1731 0 1777797279 796070
31 1810 5780 0 1777797279 796490
26 1591 931 0 1777797279 797003
29 1634 5964 0 1777797279 797345
26 1592 1690 0 1777797279 798695
26 1593 920 0 1777797279 799617
27 1657 45330 0 1777797279 799780
26 1594 1238 0 1777797279 800858
26 1595 766 0 1777797279 801626
29 1635 5058 0 1777797279 802404
30 1698 10334 0 1777797279 804123
27 1658 5523 0 1777797279 805305
26 1596 3880 0 1777797279 805511
28 1608 19706 0 1777797279 808004
27 1659 2729 0 1777797279 808036
26 1597 6098 0 1777797279 811612
29 1636 9246 0 1777797279 811652
30 1699 7543 0 1777797279 811668
27 1660 5246 0 1777797279 813283
28 1609 9849 0 1777797279 817856
31 1811 21613 0 1777797279 818105
27 1661 5316 0 1777797279 818602
26 1598 8614 0 1777797279 820228
27 1662 2733 0 1777797279 821340
29 1637 10981 0 1777797279 822650
28 1610 7031 0 1777797279 824889
26 1599 5201 0 1777797279 825431
27 1663 4680 0 1777797279 826026
31 1812 10844 0 1777797279 828953
30 1700 17315 0 1777797279 829003
26 1600 4213 0 1777797279 829649
31 1813 3037 0 1777797279 831993
27 1664 6624 0 1777797279 832656
28 1611 9015 0 1777797279 833905
29 1638 14901 0 1777797279 837556
30 1701 8570 0 1777797279 837575
31 1814 5618 0 1777797279 837612
26 1601 8357 0 1777797279 838011
27 1665 5465 0 1777797279 838123
28 1612 8412 0 1777797279 842322
31 1815 5054 0 1777797279 842667
31 1816 4533 0 1777797279 847202
29 1639 10780 0 1777797279 848357
26 1602 10377 0 1777797279 848391
27 1666 11367 0 1777797279 849492
26 1603 2081 0 1777797279 850473
30 1702 12891 0 1777797279 850485
28 1613 9798 0 1777797279 852122
30 1703 4375 0 1777797279 854884
28 1614 4384 0 1777797279 856509
26 1604 7111 0 1777797279 857598
30 1704 3289 0 1777797279 858178
31 1817 12402 0 1777797279 859606
28 1615 3395 0 1777797279 859907
30 1705 4532 0 1777797279 862711
26 1605 8941 0 1777797279 866543
31 1818 8229 0 1777797279 867837
30 1706 6371 0 1777797279 869084
26 1606 3545 0 1777797279 870091
30 1707 4662 0 1777797279 873748
31 1819 6526 0 1777797279 874367
26 1607 4813 0 1777797279 874911
31 1820 2217 0 1777797279 876585
30 1708 4858 0 1777797279 878608
27 1667 31278 0 1777797279 880813
26 1608 9163 0 1777797279 884076
30 1709 5478 0 1777797279 884089
28 1616 24590 0 1777797279 884501
28 1617 1835 0 1777797279 886339
30 1710 3036 0 1777797279 887137
28 1618 1045 0 1777797279 887391
30 1711 1092 0 1777797279 888232
30 1712 3922 0 1777797279 892157
28 1619 6865 0 1777797279 894258
30 1713 2269 0 1777797279 894430
26 1609 10616 0 1777797279 894705
29 1640 46358 0 1777797279 894723
26 1610 1893 0 1777797279 896600
26 1611 1330 0 1777797279 897934
30 1714 3665 0 1777797279 898097
30 1715 1445 0 1777797279 899544
30 1716 1572 0 1777797279 901121
26 1612 3698 0 1777797279 901635
31 1821 25206 0 1777797279 901793
26 1613 4183 0 1777797279 905822
28 1620 11670 0 1777797279 905936
29 1641 11245 0 1777797279 905970
31 1822 4225 0 1777797279 906019
27 1668 26012 0 1777797279 906828
30 1717 5715 0 1777797279 906838
31 1823 1894 0 1777797279 907914
29 1642 2235 0 1777797279 908207
28 1621 2326 0 1777797279 908263
31 1824 1821 0 1777797279 909736
26 1614 5171 0 1777797279 910996
27 1669 4183 0 1777797279 911022
30 1718 4181 0 1777797279 911030
29 1643 5868 0 1777797279 914077
28 1622 5932 0 1777797279 914197
31 1825 5515 0 1777797279 915259
26 1615 5167 0 1777797279 916198
27 1670 9064 0 1777797279 920115
28 1623 5990 0 1777797279 920188
30 1719 9133 0 1777797279 920196
29 1644 6637 0 1777797279 920716
27 1671 7192 0 1777797279 927317
29 1645 6637 0 1777797279 927354
31 1826 12194 0 1777797279 927456
30 1720 8363 0 1777797279 928569
28 1624 8416 0 1777797279 928612
26 1616 13331 0 1777797279 929531
29 1646 2184 0 1777797279 929539
27 1672 8418 0 1777797279 935737
31 1827 8287 0 1777797279 935744
28 1625 7263 0 1777797279 935876
30 1721 7770 0 1777797279 936341
29 1647 7051 0 1777797279 936598
27 1673 2735 0 1777797279 938481
30 1722 10884 0 1777797279 947228
29 1648 10677 0 1777797279 947277
27 1674 9030 0 1777797279 947516
28 1626 11644 0 1777797279 947522
31 1828 11771 0 1777797279 947528
26 1617 18343 0 1777797279 947883
27 1675 7246 0 1777797279 954774
29 1649 7941 0 1777797279 955220
26 1618 7352 0 1777797279 955240
30 1723 8674 0 1777797279 955904
28 1627 8616 0 1777797279 956152
30 1724 5503 0 1777797279 961409
28 1628 5424 0 1777797279 961578
26 1619 6513 0 1777797279 961754
31 1829 15634 0 1777797279 963195
29 1650 8123 0 1777797279 963345
27 1676 8956 0 1777797279 963733
30 1725 6108 0 1777797279 967520
29 1651 4438 0 1777797279 967784
26 1620 6055 0 1777797279 967810
31 1830 5342 0 1777797279 968538
28 1629 10458 0 1777797279 972037
30 1726 4670 0 1777797279 972191
27 1677 9878 0 1777797279 973612
31 1831 9729 0 1777797279 978269
29 1652 11176 0 1777797279 978962
27 1678 5710 0 1777797279 979324
30 1727 8188 0 1777797279 980380
26 1621 12659 0 1777797279 980471
28 1630 8472 0 1777797279 980511
29 1653 8365 0 1777797279 987333
27 1679 8862 0 1777797279 988187
30 1728 7818 0 1777797279 988202
31 1832 9968 0 1777797279 988247
26 1622 7923 0 1777797279 988396
28 1631 7891 0 1777797279 988403
30 1729 6234 0 1777797279 994448
29 1654 7152 0 1777797279 994487
27 1680 7090 0 1777797279 995293
28 1632 7231 0 1777797279 995645
26 1623 7900 0 1777797279 996304
31 1833 12431 0 1777797280 679
30 1730 6827 0 1777797280 1283
29 1655 7735 0 1777797280 2223
26 1624 8133 0 1777797280 4439
27 1681 9154 0 1777797280 4454
29 1656 3293 0 1777797280 5518
28 1633 10123 0 1777797280 5769
27 1682 8461 0 1777797280 12926
29 1657 7614 0 1777797280 13134
31 1834 12510 0 1777797280 13193
26 1625 9058 0 1777797280 13513
28 1634 7748 0 1777797280 13520
30 1731 12257 0 1777797280 13542
30 1732 7016 0 1777797280 20558
27 1683 7666 0 1777797280 20594
28 1635 7084 0 1777797280 20614
26 1626 7137 0 1777797280 20658
29 1658 7537 0 1777797280 20672
31 1835 7731 0 1777797280 20992
28 1636 3587 0 1777797280 24201
26 1627 3560 0 1777797280 24218
31 1836 6920 0 1777797280 27913
29 1659 7982 0 1777797280 28655
30 1733 8103 0 1777797280 28662
27 1684 8292 0 1777797280 28888
28 1637 5799 0 1777797280 30002
29 1660 2746 0 1777797280 31408
27 1685 3067 0 1777797280 31957
29 1661 1564 0 1777797280 32974
27 1686 2323 0 1777797280 34283
28 1638 6035 0 1777797280 36038
30 1734 7490 0 1777797280 36159
31 1837 8534 0 1777797280 36449
28 1639 3715 0 1777797280 39755
27 1687 13719 0 1777797280 48006
28 1640 8321 0 1777797280 48078
30 1735 11933 0 1777797280 48093
29 1662 15265 0 1777797280 48241
31 1838 11805 0 1777797280 48256
27 1688 5863 0 1777797280 53871
29 1663 6193 0 1777797280 54435
30 1736 7066 0 1777797280 55160
28 1641 7730 0 1777797280 55809
30 1737 2268 0 1777797280 57430
28 1642 1791 0 1777797280 57602
29 1664 8083 0 1777797280 62520
30 1738 5094 0 1777797280 62526
27 1689 8683 0 1777797280 62556
31 1839 14305 0 1777797280 62562
28 1643 4983 0 1777797280 62587
31 1840 4559 0 1777797280 67131
26 1628 46136 0 1777797280 70355
31 1841 6146 0 1777797280 73278
29 1665 12457 0 1777797280 74984
27 1690 13076 0 1777797280 75640
29 1666 2240 0 1777797280 77230
28 1644 15578 0 1777797280 78166
27 1691 2735 0 1777797280 78379
30 1739 22927 0 1777797280 85466
28 1645 7434 0 1777797280 85603
29 1667 9292 0 1777797280 86525
31 1842 13251 0 1777797280 86531
27 1692 8597 0 1777797280 86979
26 1629 19483 0 1777797280 89842
30 1740 5531 0 1777797280 90999
31 1843 5817 0 1777797280 92357
28 1646 6991 0 1777797280 92599
27 1693 5899 0 1777797280 92879
31 1844 1358 0 1777797280 93718
29 1668 10035 0 1777797280 96568
28 1647 4470 0 1777797280 97071
30 1741 7102 0 1777797280 98103
30 1742 1647 0 1777797280 99753
28 1648 3356 0 1777797280 100431
30 1743 852 0 1777797280 100609
31 1845 7064 0 1777797280 100785
31 1846 3521 0 1777797280 104307
30 1744 5408 0 1777797280 106019
31 1847 5699 0 1777797280 110012
30 1745 4055 0 1777797280 110076
29 1669 14100 0 1777797280 110673
27 1694 18018 0 1777797280 110898
26 1630 21470 0 1777797280 111316
29 1670 2110 0 1777797280 112784
26 1631 1975 0 1777797280 113295
30 1746 3997 0 1777797280 114075
30 1747 3248 0 1777797280 117325
31 1848 7814 0 1777797280 117835
30 1748 922 0 1777797280 118249
29 1671 5507 0 1777797280 118294
31 1849 1913 0 1777797280 119750
30 1749 2541 0 1777797280 120793
28 1649 21142 0 1777797280 121575
31 1850 2791 0 1777797280 122544
31 1851 1996 0 1777797280 124543
30 1750 3829 0 1777797280 124626
26 1632 12794 0 1777797280 126091
31 1852 2342 0 1777797280 126889
30 1751 2825 0 1777797280 127452
30 1752 3729 0 1777797280 131185
29 1672 14123 0 1777797280 132418
28 1650 33799 0 1777797280 155381
26 1633 29680 0 1777797280 155776
27 1695 44886 0 1777797280 155785
30 1753 27519 0 1777797280 158706
27 1696 2931 0 1777797280 158731
26 1634 6469 0 1777797280 162257
29 1673 30498 0 1777797280 162919
31 1853 36699 0 1777797280 163590
29 1674 4263 0 1777797280 167188
26 1635 5080 0 1777797280 167338
27 1697 11509 0 1777797280 170241
30 1754 11550 0 1777797280 170262
31 1854 6845 0 1777797280 170442
28 1651 16866 0 1777797280 172262
29 1675 5227 0 1777797280 172417
26 1636 10716 0 1777797280 178055
29 1676 6145 0 1777797280 178567
27 1698 8622 0 1777797280 178865
31 1855 8577 0 1777797280 179020
28 1652 7107 0 1777797280 179370
30 1755 9916 0 1777797280 180179
29 1677 9642 0 1777797280 188211
28 1653 9288 0 1777797280 188661
27 1699 10101 0 1777797280 188968
31 1856 11484 0 1777797280 190506
26 1637 12542 0 1777797280 190608
30 1756 12595 0 1777797280 192776
29 1678 6188 0 1777797280 194403
27 1700 9839 0 1777797280 198809
30 1757 7084 0 1777797280 199865
28 1654 11242 0 1777797280 199904
29 1679 8536 0 1777797280 202941
31 1857 12461 0 1777797280 202969
26 1638 15227 0 1777797280 205836
27 1701 12716 0 1777797280 211534
26 1639 5686 0 1777797280 211574
28 1655 12432 0 1777797280 212338
30 1758 12518 0 1777797280 212385
29 1680 9470 0 1777797280 212412
26 1640 4148 0 1777797280 215723
28 1656 5858 0 1777797280 218198
29 1681 5798 0 1777797280 218214
27 1702 9148 0 1777797280 220685
31 1858 17729 0 1777797280 220699
30 1759 9227 0 1777797280 221614
26 1641 6354 0 1777797280 222079
27 1703 3859 0 1777797280 224560
29 1682 6396 0 1777797280 224622
26 1642 3201 0 1777797280 225281
31 1859 4816 0 1777797280 225528
30 1760 7415 0 1777797280 229031
27 1704 7121 0 1777797280 231682
29 1683 7181 0 1777797280 231805
28 1657 13694 0 1777797280 231910
31 1860 7775 0 1777797280 233304
30 1761 7234 0 1777797280 236274
27 1705 6234 0 1777797280 237920
26 1643 14320 0 1777797280 239608
31 1861 6309 0 1777797280 239615
29 1684 7858 0 1777797280 239665
27 1706 6864 0 1777797280 244786
28 1658 13057 0 1777797280 244968
26 1644 5560 0 1777797280 245176
31 1862 5557 0 1777797280 245183
29 1685 5725 0 1777797280 245391
30 1762 9491 0 1777797280 245767
28 1659 3189 0 1777797280 248159
26 1645 2996 0 1777797280 248180
30 1763 7146 0 1777797280 252914
31 1863 7739 0 1777797280 252929
29 1686 9247 0 1777797280 254640
27 1707 10629 0 1777797280 255418
26 1646 7301 0 1777797280 255482
28 1660 7589 0 1777797280 255750
30 1764 5306 0 1777797280 258237
31 1864 5298 0 1777797280 258244
26 1647 6866 0 1777797280 262349
27 1708 7768 0 1777797280 263187
28 1661 8015 0 1777797280 263766
29 1687 9147 0 1777797280 263788
30 1765 5959 0 1777797280 264204
31 1865 6426 0 1777797280 264681
28 1662 5913 0 1777797280 269683
27 1709 6589 0 1777797280 269779
30 1766 5588 0 1777797280 269794
31 1866 5125 0 1777797280 269809
29 1688 6645 0 1777797280 270436
26 1648 11352 0 1777797280 273704
28 1663 5080 0 1777797280 274772
30 1767 5691 0 1777797280 275521
29 1689 7058 0 1777797280 277496
31 1867 7983 0 1777797280 277821
27 1710 8265 0 1777797280 278076
29 1690 3767 0 1777797280 281272
28 1664 7239 0 1777797280 282012
30 1768 7187 0 1777797280 282714
28 1665 1767 0 1777797280 283781
27 1711 6194 0 1777797280 284272
28 1666 4188 0 1777797280 287971
29 1691 7547 0 1777797280 288821
27 1712 4747 0 1777797280 289021
30 1769 7726 0 1777797280 290447
29 1692 1958 0 1777797280 290786
27 1713 6083 0 1777797280 295109
29 1693 4947 0 1777797280 295735
31 1868 20170 0 1777797280 297992
29 1694 2717 0 1777797280 298457
26 1649 24776 0 1777797280 298482
27 1714 7969 0 1777797280 303079
29 1695 5102 0 1777797280 303562
26 1650 6197 0 1777797280 304681
30 1770 14254 0 1777797280 304702
31 1869 8316 0 1777797280 306310
29 1696 5529 0 1777797280 309095
30 1771 4450 0 1777797280 309169
31 1870 5168 0 1777797280 311480
29 1697 2799 0 1777797280 311897
27 1715 8995 0 1777797280 312076
30 1772 4185 0 1777797280 313355
26 1651 10189 0 1777797280 314893
29 1698 4996 0 1777797280 316895
29 1699 3977 0 1777797280 320878
31 1871 13085 0 1777797280 324568
29 1700 5977 0 1777797280 326859
26 1652 13580 0 1777797280 328478
31 1872 4431 0 1777797280 329001
27 1716 18526 0 1777797280 330604
26 1653 3878 0 1777797280 332363
31 1873 4756 0 1777797280 333759
29 1701 7977 0 1777797280 334840
29 1702 1176 0 1777797280 336018
28 1667 50119 0 1777797280 338092
29 1703 2087 0 1777797280 338110
26 1654 6538 0 1777797280 338903
29 1704 4650 0 1777797280 342776
26 1655 4400 0 1777797280 343305
30 1773 32328 0 1777797280 345689
31 1874 13826 0 1777797280 347587
29 1705 7933 0 1777797280 350711
26 1656 9078 0 1777797280 352389
26 1657 3394 0 1777797280 355787
27 1717 26770 0 1777797280 357380
29 1706 6681 0 1777797280 357398
29 1707 1817 0 1777797280 359216
26 1658 5041 0 1777797280 360833
30 1774 15276 0 1777797280 360967
29 1708 2729 0 1777797280 361948
29 1709 821 0 1777797280 362773
28 1668 24803 0 1777797280 362915
26 1659 2246 0 1777797280 363087
27 1718 14275 0 1777797280 371659
29 1710 9525 0 1777797280 372302
31 1875 24721 0 1777797280 372310
30 1775 11362 0 1777797280 372330
31 1876 2261 0 1777797280 374580
26 1660 11597 0 1777797280 374686
30 1776 3606 0 1777797280 375937
26 1661 4739 0 1777797280 379427
28 1669 19432 0 1777797280 382348
27 1719 10776 0 1777797280 382436
26 1662 4035 0 1777797280 383465
28 1670 1875 0 1777797280 384226
29 1711 14464 0 1777797280 386775
28 1671 5772 0 1777797280 390000
26 1663 8240 0 1777797280 391710
29 1712 5193 0 1777797280 391970
28 1672 4087 0 1777797280 394094
29 1713 2645 0 1777797280 394616
28 1673 1771 0 1777797280 395868
27 1720 14286 0 1777797280 396724
29 1714 3170 0 1777797280 397787
30 1777 23413 0 1777797280 399409
30 1778 2105 0 1777797280 401518
29 1715 3765 0 1777797280 401554
28 1674 6170 0 1777797280 402040
29 1716 2616 0 1777797280 404172
27 1721 10318 0 1777797280 407044
29 1717 3024 0 1777797280 407201
26 1664 18305 0 1777797280 410017
30 1779 9155 0 1777797280 410675
29 1718 6727 0 1777797280 413930
30 1780 3418 0 1777797280 414095
28 1675 14639 0 1777797280 416682
26 1665 6974 0 1777797280 416994
27 1722 12124 0 1777797280 419178
29 1719 10104 0 1777797280 424037
26 1666 8795 0 1777797280 425791
29 1720 1988 0 1777797280 426031
27 1723 8801 0 1777797280 427983
28 1676 13476 0 1777797280 430161
26 1667 5845 0 1777797280 431639
28 1677 1777 0 1777797280 431942
29 1721 5942 0 1777797280 431975
27 1724 5830 0 1777797280 433816
30 1781 21786 0 1777797280 435882
29 1722 8046 0 1777797280 440023
28 1678 8123 0 1777797280 440067
31 1877 65493 0 1777797280 440076
26 1668 8465 0 1777797280 440107
27 1725 6743 0 1777797280 440561
26 1669 4710 0 1777797280 444818
29 1723 7518 0 1777797280 447549
31 1878 10189 0 1777797280 450276
29 1724 3425 0 1777797280 450976
29 1725 12539 0 1777797280 463517
28 1679 27734 0 1777797280 467810
31 1879 20521 0 1777797280 470798
26 1670 26802 0 1777797280 471627
30 1782 36506 0 1777797280 472392
26 1671 1909 0 1777797280 473539
28 1680 6740 0 1777797280 474556
30 1783 4111 0 1777797280 476509
28 1681 3316 0 1777797280 477876
30 1784 2989 0 1777797280 479504
26 1672 9117 0 1777797280 482661
28 1682 8085 0 1777797280 485966
28 1683 7124 0 1777797280 493101
29 1726 30974 0 1777797280 494493
26 1673 158241 0 1777797280 640905
28 1684 148026 0 1777797280 641133
31 1880 176588 0 1777797280 647389
29 1727 153189 0 1777797280 647687
27 1726 209267 0 1777797280 649832
30 1785 170369 0 1777797280 649876
26 1674 12299 0 1777797280 653207
29 1728 17105 0 1777797280 664793
27 1727 19894 0 1777797280 669735
28 1685 28644 0 1777797280 669778
26 1675 18696 0 1777797280 671905
28 1686 22015 0 1777797280 691796
26 1676 21609 0 1777797280 693522
30 1786 47286 0 1777797280 697163
30 1787 7600 0 1777797280 704768
30 1788 4354 0 1777797280 709142
29 1729 54259 0 1777797280 719054
30 1789 9915 0 1777797280 719063
31 1881 75740 0 1777797280 723132
26 1677 31150 0 1777797280 724674
28 1687 32881 0 1777797280 724682
29 1730 5624 0 1777797280 724688
30 1790 8425 0 1777797280 727514
29 1731 4659 0 1777797280 729381
28 1688 4809 0 1777797280 729524
26 1678 5188 0 1777797280 729877
31 1882 11045 0 1777797280 734186
29 1732 6614 0 1777797280 735997
28 1689 8905 0 1777797280 738430
31 1883 24254 0 1777797280 758442
29 1733 22609 0 1777797280 758609
30 1791 32756 0 1777797280 760272
27 1728 95145 0 1777797280 764882
31 1884 6773 0 1777797280 765218
29 1734 7031 0 1777797280 765641
27 1729 5542 0 1777797280 770426
30 1792 10514 0 1777797280 770788
30 1793 5380 0 1777797280 776172
27 1730 5787 0 1777797280 776216
28 1690 37791 0 1777797280 776222
31 1885 11009 0 1777797280 776228
29 1735 10653 0 1777797280 776298
26 1679 53815 0 1777797280 783695
31 1886 14231 0 1777797280 790475
28 1691 14509 0 1777797280 790746
27 1731 15632 0 1777797280 791861
29 1736 15571 0 1777797280 791871
30 1794 15703 0 1777797280 791876
26 1680 13959 0 1777797280 797656
31 1887 8180 0 1777797280 798657
28 1692 13410 0 1777797280 804157
27 1732 12341 0 1777797280 804219
29 1737 12343 0 1777797280 804228
26 1681 7278 0 1777797280 804936
30 1795 13169 0 1777797280 805060
31 1888 7253 0 1777797280 805912
28 1693 3977 0 1777797280 808145
30 1796 3092 0 1777797280 808153
26 1682 8951 0 1777797280 813888
27 1733 9674 0 1777797280 813903
29 1738 9693 0 1777797280 813932
31 1889 11245 0 1777797280 817159
28 1694 9174 0 1777797280 817328
30 1797 9232 0 1777797280 817396
28 1695 9795 0 1777797280 827124
29 1739 13157 0 1777797280 827140
31 1890 10039 0 1777797280 827206
26 1683 13342 0 1777797280 827247
27 1734 13560 0 1777797280 827475
30 1798 10703 0 1777797280 828101
27 1735 7119 0 1777797280 834596
29 1740 7443 0 1777797280 834600
31 1891 7395 0 1777797280 834603
26 1684 8662 0 1777797280 835911
28 1696 12500 0 1777797280 839642
30 1799 16608 0 1777797280 844710
29 1741 11377 0 1777797280 845986
26 1685 10256 0 1777797280 846170
28 1697 8254 0 1777797280 847898
27 1736 15980 0 1777797280 850583
31 1892 15980 0 1777797280 850594
30 1800 7815 0 1777797280 852528
29 1742 8983 0 1777797280 854971
28 1698 8477 0 1777797280 856378
26 1686 16040 0 1777797280 862212
27 1737 11661 0 1777797280 862256
31 1893 11723 0 1777797280 862327
30 1801 11660 0 1777797280 864190
29 1743 9421 0 1777797280 864394
28 1699 8799 0 1777797280 865179
27 1738 3523 0 1777797280 865782
31 1894 3761 0 1777797280 866090
26 1687 7777 0 1777797280 869994
30 1802 7045 0 1777797280 871240
29 1744 6882 0 1777797280 871277
28 1700 6151 0 1777797280 871332
27 1739 8226 0 1777797280 874011
28 1701 2976 0 1777797280 874309
29 1745 5310 0 1777797280 876589
26 1688 8994 0 1777797280 878997
31 1895 12949 0 1777797280 879040
30 1803 8292 0 1777797280 879541
29 1746 3306 0 1777797280 879897
28 1702 7505 0 1777797280 881816
27 1740 7928 0 1777797280 881949
30 1804 3195 0 1777797280 882739
29 1747 7643 0 1777797280 887545
27 1741 5989 0 1777797280 887941
28 1703 6128 0 1777797280 887947
26 1689 9081 0 1777797280 888083
30 1805 6794 0 1777797280 889534
27 1742 4265 0 1777797280 892213
29 1748 4679 0 1777797280 892235
28 1704 4616 0 1777797280 892574
30 1806 4109 0 1777797280 893645
31 1896 17205 0 1777797280 896246
28 1705 3933 0 1777797280 896510
29 1749 4281 0 1777797280 896527
30 1807 5659 0 1777797280 899306
26 1690 11471 0 1777797280 899555
27 1743 8411 0 1777797280 900647
29 1750 9465 0 1777797280 905993
27 1744 9133 0 1777797280 909782
29 1751 4234 0 1777797280 910230
30 1808 10930 0 1777797280 910238
26 1691 10997 0 1777797280 910553
29 1752 6039 0 1777797280 916279
31 1897 20060 0 1777797280 916308
28 1706 20323 0 1777797280 916834
30 1809 6607 0 1777797280 916857
26 1692 9957 0 1777797280 920511
27 1745 11767 0 1777797280 921553
29 1753 9115 0 1777797280 925400
30 1810 8539 0 1777797280 925409
31 1898 9106 0 1777797280 925416
26 1693 7461 0 1777797280 927976
27 1746 10947 0 1777797280 932502
28 1707 19180 0 1777797280 936038
26 1694 13205 0 1777797280 941185
27 1747 8683 0 1777797280 941192
31 1899 15766 0 1777797280 941201
27 1748 6478 0 1777797280 947689
27 1749 2622 0 1777797280 950314
29 1754 28147 0 1777797280 953564
26 1695 14428 0 1777797280 955631
28 1708 21298 0 1777797280 957347
30 1811 31928 0 1777797280 957355
27 1750 10067 0 1777797280 960388
29 1755 10466 0 1777797280 964033
27 1751 11617 0 1777797280 972014
28 1709 14676 0 1777797280 972032
28 1710 2994 0 1777797280 975040
29 1756 12772 0 1777797280 976811
27 1752 4812 0 1777797280 976845
26 1696 21313 0 1777797280 976949
30 1812 22951 0 1777797280 980325
29 1757 3968 0 1777797280 980787
28 1711 6328 0 1777797280 981370
27 1753 6911 0 1777797280 983757
30 1813 4797 0 1777797280 985124
27 1754 2297 0 1777797280 986058
29 1758 7554 0 1777797280 988342
28 1712 8693 0 1777797280 990064
27 1755 4323 0 1777797280 990383
29 1759 3484 0 1777797280 991830
26 1697 15615 0 1777797280 992565
27 1756 3043 0 1777797280 993430
30 1814 9709 0 1777797280 994836
31 1900 54976 0 1777797280 996194
26 1698 4933 0 1777797280 997501
28 1713 7493 0 1777797280 997560
31 1901 1487 0 1777797280 997684
29 1760 7031 0 1777797280 998862
26 1699 1626 0 1777797280 999130
30 1815 6020 0 1777797281 858
29 1761 2804 0 1777797281 1669
27 1757 10929 0 1777797281 4361
27 1758 6785 0 1777797281 11147
29 1762 9490 0 1777797281 11163
31 1902 13800 0 1777797281 11485
28 1714 14577 0 1777797281 12139
30 1816 11388 0 1777797281 12249
30 1817 1831 0 1777797281 14081
30 1818 2469 0 1777797281 16553
27 1759 5853 0 1777797281 17017
27 1760 1860 0 1777797281 18879
28 1715 8153 0 1777797281 20294
30 1819 4309 0 1777797281 20922
30 1820 3418 0 1777797281 24344
27 1761 6299 0 1777797281 25182
30 1821 1241 0 1777797281 25591
27 1762 1413 0 1777797281 26597
31 1903 16127 0 1777797281 27613
29 1763 18292 0 1777797281 29467
28 1716 9467 0 1777797281 29763
31 1904 2519 0 1777797281 30134
29 1764 4064 0 1777797281 33537
30 1822 8007 0 1777797281 33601
27 1763 8415 0 1777797281 35015
31 1905 6349 0 1777797281 36486
30 1823 3614 0 1777797281 37216
26 1700 38992 0 1777797281 38124
29 1765 4621 0 1777797281 38160
27 1764 4796 0 1777797281 39812
27 1765 2444 0 1777797281 42259
29 1766 4107 0 1777797281 42268
30 1824 5079 0 1777797281 42296
29 1767 4135 0 1777797281 46415
30 1825 4422 0 1777797281 46719
26 1701 9139 0 1777797281 47266
27 1766 5509 0 1777797281 47778
29 1768 5684 0 1777797281 52132
27 1767 4974 0 1777797281 52756
30 1826 6263 0 1777797281 52985
29 1769 1896 0 1777797281 54047
31 1906 17765 0 1777797281 54256
26 1702 9381 0 1777797281 56648
27 1768 14213 0 1777797281 66971
30 1827 14509 0 1777797281 67496
29 1770 19565 0 1777797281 73614
31 1907 19854 0 1777797281 74112
29 1771 2424 0 1777797281 76040
26 1703 22103 0 1777797281 78753
30 1828 12583 0 1777797281 80087
26 1704 2118 0 1777797281 80873
31 1908 6957 0 1777797281 81070
30 1829 6490 0 1777797281 86579
30 1830 740 0 1777797281 87321
27 1769 20387 0 1777797281 87362
31 1909 8406 0 1777797281 89477
29 1772 14004 0 1777797281 90047
30 1831 3849 0 1777797281 91172
27 1770 3837 0 1777797281 91200
27 1771 4960 0 1777797281 96162
30 1832 5158 0 1777797281 96332
26 1705 16134 0 1777797281 97009
31 1910 8944 0 1777797281 98424
30 1833 2546 0 1777797281 98880
27 1772 2732 0 1777797281 98896
27 1773 6098 0 1777797281 104996
29 1773 15200 0 1777797281 105248
30 1834 6374 0 1777797281 105255
30 1835 2482 0 1777797281 107747
27 1774 3899 0 1777797281 108897
28 1717 79148 0 1777797281 108914
31 1911 10554 0 1777797281 108981
30 1836 1969 0 1777797281 109718
28 1718 7546 0 1777797281 116472
31 1912 7736 0 1777797281 116719
30 1837 7766 0 1777797281 117491
27 1775 8941 0 1777797281 117856
26 1706 23964 0 1777797281 120978
27 1776 4815 0 1777797281 122675
30 1838 5650 0 1777797281 123184
27 1777 990 0 1777797281 123669
31 1913 8369 0 1777797281 125090
27 1778 4587 0 1777797281 128258
31 1914 3612 0 1777797281 128706
30 1839 5776 0 1777797281 128962
27 1779 963 0 1777797281 129224
27 1780 1205 0 1777797281 130430
29 1774 25182 0 1777797281 130438
31 1915 4837 0 1777797281 133547
27 1781 3126 0 1777797281 133565
31 1916 4424 0 1777797281 137973
31 1917 4849 0 1777797281 142824
30 1840 14518 0 1777797281 143482
27 1782 10007 0 1777797281 143573
26 1707 23985 0 1777797281 144965
31 1918 5051 0 1777797281 147877
29 1775 17658 0 1777797281 148109
31 1919 893 0 1777797281 148772
31 1920 1873 0 1777797281 150647
27 1783 7290 0 1777797281 150865
31 1921 3345 0 1777797281 153994
27 1784 4088 0 1777797281 154955
29 1776 8291 0 1777797281 156401
30 1841 12924 0 1777797281 156409
29 1777 1562 0 1777797281 157972
31 1922 5956 0 1777797281 159953
30 1842 6027 0 1777797281 162447
31 1923 3012 0 1777797281 162967
27 1785 8498 0 1777797281 163455
28 1719 47173 0 1777797281 163647
29 1778 11565 0 1777797281 169541
31 1924 6589 0 1777797281 169558
27 1786 6581 0 1777797281 170038
27 1787 2263 0 1777797281 172302
31 1925 3711 0 1777797281 173290
31 1926 1196 0 1777797281 174487
27 1788 3368 0 1777797281 175673
28 1720 12412 0 1777797281 176060
31 1927 1639 0 1777797281 176131
28 1721 3118 0 1777797281 179179
31 1928 3055 0 1777797281 179187
30 1843 17989 0 1777797281 180445
31 1929 2095 0 1777797281 181295
27 1789 5899 0 1777797281 181574
29 1779 12146 0 1777797281 181705
26 1708 38079 0 1777797281 183070
27 1790 2233 0 1777797281 183808
28 1722 4631 0 1777797281 183820
30 1844 7698 0 1777797281 188146
31 1930 6934 0 1777797281 188237
27 1791 5503 0 1777797281 189324
26 1709 6843 0 1777797281 189916
31 1931 2786 0 1777797281 191025
29 1780 10470 0 1777797281 192177
31 1932 3688 0 1777797281 194720
30 1845 6980 0 1777797281 195128
28 1723 12716 0 1777797281 196549
27 1792 8836 0 1777797281 198164
28 1724 1624 0 1777797281 198175
28 1725 2359 0 1777797281 200545
27 1793 3033 0 1777797281 201209
31 1933 7984 0 1777797281 202773
28 1726 3898 0 1777797281 204445
27 1794 4721 0 1777797281 205932
28 1727 1517 0 1777797281 205965
30 1846 12698 0 1777797281 207827
26 1710 21555 0 1777797281 211477
31 1934 9043 0 1777797281 211819
27 1795 6214 0 1777797281 212148
29 1781 21256 0 1777797281 213436
30 1847 6371 0 1777797281 214202
28 1728 8733 0 1777797281 214699
29 1782 3217 0 1777797281 216658
31 1935 6517 0 1777797281 218339
27 1796 6865 0 1777797281 219014
31 1936 3264 0 1777797281 221605
30 1848 7694 0 1777797281 221897
26 1711 12046 0 1777797281 223531
31 1937 3019 0 1777797281 224626
27 1797 8290 0 1777797281 227306
31 1938 2754 0 1777797281 227382
31 1939 1502 0 1777797281 228886
30 1849 7384 0 1777797281 229285
28 1729 15418 0 1777797281 230119
27 1798 3953 0 1777797281 231272
26 1712 7884 0 1777797281 231422
27 1799 926 0 1777797281 232200
30 1850 6174 0 1777797281 235463
27 1800 3360 0 1777797281 235562
28 1730 5535 0 1777797281 235656
30 1851 3189 0 1777797281 238662
31 1940 9915 0 1777797281 238803
31 1941 959 0 1777797281 239765
31 1942 763 0 1777797281 240530
31 1943 17362 0 1777797281 257895
30 1852 19929 0 1777797281 258594
28 1731 22969 0 1777797281 258627
29 1783 44769 0 1777797281 261429
27 1801 25953 0 1777797281 261516
27 1802 2557 0 1777797281 264075
27 1803 901 0 1777797281 264978
26 1713 39196 0 1777797281 270621
28 1732 14465 0 1777797281 273094
30 1853 19698 0 1777797281 278299
26 1714 8256 0 1777797281 278880
29 1784 18400 0 1777797281 279832
30 1854 1554 0 1777797281 279854
26 1715 2740 0 1777797281 281622
30 1855 2828 0 1777797281 282683
29 1785 4359 0 1777797281 284195
27 1804 21651 0 1777797281 286632
29 1786 3362 0 1777797281 287559
30 1856 4959 0 1777797281 287644
27 1805 10227 0 1777797281 296862
30 1857 9315 0 1777797281 296966
31 1944 39517 0 1777797281 297414
29 1787 9886 0 1777797281 297447
27 1806 1735 0 1777797281 298598
30 1858 2855 0 1777797281 299822
26 1716 18691 0 1777797281 300321
30 1859 1526 0 1777797281 301353
29 1788 5659 0 1777797281 303107
27 1807 6379 0 1777797281 304983
29 1789 2351 0 1777797281 305461
30 1860 7123 0 1777797281 308477
31 1945 11266 0 1777797281 308682
30 1861 1672 0 1777797281 310151
26 1717 10124 0 1777797281 310449
30 1862 2322 0 1777797281 312479
26 1718 3156 0 1777797281 313610
27 1808 8632 0 1777797281 313618
30 1863 1499 0 1777797281 313980
27 1809 765 0 1777797281 314395
26 1719 1907 0 1777797281 315526
27 1810 1968 0 1777797281 316365
26 1720 2066 0 1777797281 317594
31 1946 9515 0 1777797281 318198
30 1864 4515 0 1777797281 318498
27 1811 3339 0 1777797281 319708
30 1865 1682 0 1777797281 320183
30 1866 1937 0 1777797281 322124
26 1721 5263 0 1777797281 322859
26 1722 2446 0 1777797281 325307
31 1947 7616 0 1777797281 325817
30 1867 5250 0 1777797281 327376
28 1733 55061 0 1777797281 328165
31 1948 4535 0 1777797281 330359
27 1812 10841 0 1777797281 330557
26 1723 5411 0 1777797281 330720
30 1868 4239 0 1777797281 331617
30 1869 1070 0 1777797281 332688
27 1813 4149 0 1777797281 334708
28 1734 10217 0 1777797281 338386
27 1814 4185 0 1777797281 338896
26 1724 9078 0 1777797281 339799
30 1870 7568 0 1777797281 340258
30 1871 4852 0 1777797281 345113
28 1735 7555 0 1777797281 345949
26 1725 7971 0 1777797281 347777
27 1815 23956 0 1777797281 362854
27 1816 4069 0 1777797281 366925
30 1872 23860 0 1777797281 368976
27 1817 5049 0 1777797281 371976
29 1790 72069 0 1777797281 377535
27 1818 8859 0 1777797281 380837
30 1873 14909 0 1777797281 383888
30 1874 1586 0 1777797281 385475
27 1819 6456 0 1777797281 387295
26 1726 43065 0 1777797281 390846
27 1820 3949 0 1777797281 391246
30 1875 5908 0 1777797281 391386
26 1727 2271 0 1777797281 393119
30 1876 2231 0 1777797281 393619
26 1728 1749 0 1777797281 394874
27 1821 3634 0 1777797281 394883
30 1877 1269 0 1777797281 394889
30 1878 2026 0 1777797281 396935
26 1729 2575 0 1777797281 397465
30 1879 713 0 1777797281 397652
30 1880 1023 0 1777797281 398723
26 1730 1551 0 1777797281 399018
28 1736 54521 0 1777797281 400472
27 1822 7717 0 1777797281 402619
30 1881 5704 0 1777797281 404432
28 1737 5836 0 1777797281 406310
31 1949 78436 0 1777797281 408797
29 1791 31908 0 1777797281 409450
30 1882 5313 0 1777797281 409746
27 1823 10113 0 1777797281 412734
26 1731 13983 0 1777797281 413002
30 1883 5010 0 1777797281 414757
28 1738 8474 0 1777797281 414787
29 1792 5859 0 1777797281 415315
31 1950 8010 0 1777797281 416809
28 1739 2783 0 1777797281 417571
26 1732 6519 0 1777797281 419522
31 1951 3898 0 1777797281 420709
30 1884 6529 0 1777797281 421291
30 1885 1272 0 1777797281 422566
28 1740 6609 0 1777797281 424183
31 1952 4616 0 1777797281 425327
27 1824 13169 0 1777797281 425904
30 1886 4198 0 1777797281 426766
29 1793 12819 0 1777797281 428140
31 1953 4381 0 1777797281 429713
29 1794 2852 0 1777797281 430994
28 1741 6952 0 1777797281 431137
27 1825 6838 0 1777797281 432744
29 1795 6081 0 1777797281 437079
30 1887 10337 0 1777797281 437106
27 1826 4560 0 1777797281 437306
28 1742 6983 0 1777797281 438121
31 1954 9296 0 1777797281 439011
27 1827 3064 0 1777797281 440371
27 1828 5590 0 1777797281 445963
31 1955 10191 0 1777797281 449204
29 1796 13191 0 1777797281 450272
30 1888 13172 0 1777797281 450279
28 1743 13513 0 1777797281 451636
31 1956 5595 0 1777797281 454801
30 1889 7716 0 1777797281 458007
29 1797 7880 0 1777797281 458160
31 1957 4190 0 1777797281 458993
28 1744 7596 0 1777797281 459239
27 1829 13340 0 1777797281 459305
26 1733 44646 0 1777797281 464170
27 1830 6870 0 1777797281 466177
29 1798 14615 0 1777797281 472777
30 1890 14776 0 1777797281 472785
31 1958 13813 0 1777797281 472808
26 1734 11924 0 1777797281 476097
28 1745 17226 0 1777797281 476468
28 1746 2061 0 1777797281 478530
26 1735 3749 0 1777797281 479848
27 1831 17150 0 1777797281 483336
26 1736 3791 0 1777797281 483642
30 1891 12259 0 1777797281 485054
26 1737 3258 0 1777797281 486903
26 1738 2417 0 1777797281 489323
31 1959 16640 0 1777797281 489449
28 1747 11115 0 1777797281 489646
26 1739 3104 0 1777797281 492437
28 1748 3745 0 1777797281 493392
28 1749 3926 0 1777797281 497321
31 1960 7880 0 1777797281 497330
27 1832 14185 0 1777797281 497527
28 1750 2677 0 1777797281 500008
30 1892 15571 0 1777797281 500628
27 1833 3925 0 1777797281 501454
26 1740 13097 0 1777797281 505538
27 1834 4259 0 1777797281 505714
30 1893 5457 0 1777797281 506087
29 1799 34022 0 1777797281 506808
30 1894 1596 0 1777797281 507685
26 1741 2305 0 1777797281 507845
28 1751 11440 0 1777797281 511456
29 1800 4702 0 1777797281 511513
27 1835 6116 0 1777797281 511832
31 1961 14491 0 1777797281 511835
26 1742 5184 0 1777797281 513030
30 1895 8490 0 1777797281 516180
26 1743 4344 0 1777797281 517376
27 1836 6496 0 1777797281 518332
28 1752 10979 0 1777797281 522445
27 1837 4987 0 1777797281 523322
29 1801 13091 0 1777797281 524605
28 1753 2534 0 1777797281 524986
27 1838 2649 0 1777797281 525979
30 1896 10999 0 1777797281 527182
31 1962 15349 0 1777797281 527190
26 1744 12226 0 1777797281 529604
30 1897 4630 0 1777797281 531821
26 1745 2779 0 1777797281 532386
26 1746 6149 0 1777797281 538539
28 1754 16079 0 1777797281 541067
31 1963 13872 0 1777797281 541072
27 1839 22508 0 1777797281 548489
30 1898 16799 0 1777797281 548622
29 1802 25920 0 1777797281 550528
26 1747 12261 0 1777797281 550801
28 1755 11528 0 1777797281 552601
31 1964 35296 0 1777797281 576375
29 1803 26230 0 1777797281 576762
26 1748 25977 0 1777797281 576779
27 1840 29829 0 1777797281 578321
26 1749 4685 0 1777797281 581465
26 1750 2173 0 1777797281 583644
30 1899 36852 0 1777797281 585475
29 1804 8796 0 1777797281 585559
27 1841 7916 0 1777797281 586242
30 1900 1961 0 1777797281 587438
26 1751 5169 0 1777797281 588818
26 1752 4123 0 1777797281 592946
27 1842 6711 0 1777797281 592957
29 1805 8789 0 1777797281 594349
27 1843 2656 0 1777797281 595641
26 1753 4127 0 1777797281 597085
29 1806 2748 0 1777797281 597099
31 1965 20730 0 1777797281 597107
27 1844 3215 0 1777797281 598858
29 1807 2588 0 1777797281 599728
27 1845 1360 0 1777797281 600221
29 1808 2026 0 1777797281 601758
29 1809 1717 0 1777797281 603478
27 1846 4603 0 1777797281 605003
29 1810 2410 0 1777797281 605894
30 1901 18766 0 1777797281 606206
30 1902 5812 0 1777797281 612020
27 1847 7384 0 1777797281 612389
26 1754 16295 0 1777797281 613403
28 1756 63235 0 1777797281 615847
26 1755 2709 0 1777797281 616116
27 1848 9382 0 1777797281 621774
30 1903 10154 0 1777797281 622175
26 1756 6399 0 1777797281 622518
28 1757 6671 0 1777797281 622526
29 1811 17893 0 1777797281 623790
30 1904 2064 0 1777797281 624240
27 1849 2483 0 1777797281 624266
28 1758 2794 0 1777797281 625332
31 1966 30072 0 1777797281 627219
28 1759 3918 0 1777797281 629258
29 1812 5766 0 1777797281 629562
27 1850 7566 0 1777797281 631835
27 1851 1884 0 1777797281 633722
27 1852 848 0 1777797281 634572
29 1813 5454 0 1777797281 635020
29 1814 984 0 1777797281 636007
30 1905 12660 0 1777797281 636904
26 1757 16219 0 1777797281 638746
27 1853 4181 0 1777797281 638755
29 1815 2751 0 1777797281 638762
29 1816 2356 0 1777797281 641140
30 1906 5232 0 1777797281 642144
28 1760 13274 0 1777797281 642537
27 1854 4612 0 1777797281 643388
28 1761 2116 0 1777797281 644655
30 1907 3021 0 1777797281 645167
29 1817 4699 0 1777797281 645843
30 1908 2200 0 1777797281 647371
30 1909 1084 0 1777797281 648457
31 1967 21667 0 1777797281 648890
28 1762 4629 0 1777797281 649289
27 1855 7181 0 1777797281 650571
30 1910 3600 0 1777797281 652059
29 1818 7787 0 1777797281 653633
27 1856 3714 0 1777797281 654292
28 1763 6944 0 1777797281 656236
30 1911 4487 0 1777797281 656549
28 1764 2100 0 1777797281 658338
30 1912 3169 0 1777797281 659721
28 1765 5893 0 1777797281 664233
27 1857 9976 0 1777797281 664270
29 1819 10718 0 1777797281 664355
31 1968 17872 0 1777797281 666765
28 1766 2963 0 1777797281 667198
30 1913 11523 0 1777797281 671246
27 1858 7915 0 1777797281 672189
27 1859 4214 0 1777797281 676405
26 1758 37943 0 1777797281 676706
28 1767 10200 0 1777797281 677401
30 1914 6871 0 1777797281 678121
31 1969 14718 0 1777797281 681485
26 1759 5954 0 1777797281 682662
29 1820 18975 0 1777797281 683331
31 1970 3423 0 1777797281 684912
29 1821 3459 0 1777797281 686791
30 1915 9192 0 1777797281 687315
26 1760 5454 0 1777797281 688120
31 1971 4395 0 1777797281 689316
26 1761 2424 0 1777797281 690547
29 1822 5564 0 1777797281 692358
26 1762 3155 0 1777797281 693704
29 1823 2178 0 1777797281 694538
31 1972 7314 0 1777797281 696635
31 1973 3911 0 1777797281 700548
29 1824 8587 0 1777797281 703128
30 1916 15915 0 1777797281 703236
31 1974 3059 0 1777797281 703612
28 1768 28207 0 1777797281 705611
31 1975 4199 0 1777797281 707813
27 1860 33856 0 1777797281 710263
28 1769 5021 0 1777797281 710633
31 1976 3240 0 1777797281 711054
27 1861 4489 0 1777797281 714754
26 1763 21542 0 1777797281 715252
26 1764 4791 0 1777797281 720044
30 1917 17106 0 1777797281 720344
28 1770 12602 0 1777797281 723237
30 1918 3481 0 1777797281 723827
26 1765 4209 0 1777797281 724255
29 1825 21367 0 1777797281 724500
30 1919 2719 0 1777797281 726549
27 1862 12409 0 1777797281 727172
30 1920 2955 0 1777797281 729507
31 1977 18651 0 1777797281 729707
28 1771 6696 0 1777797281 729937
26 1766 5915 0 1777797281 730174
28 1772 2057 0 1777797281 731996
31 1978 2297 0 1777797281 732005
30 1921 5410 0 1777797281 734919
30 1922 1584 0 1777797281 736505
26 1767 8960 0 1777797281 739137
31 1979 8663 0 1777797281 740678
30 1923 6890 0 1777797281 743397
27 1863 16333 0 1777797281 743507
30 1924 3966 0 1777797281 747370
28 1773 17208 0 1777797281 749214
30 1925 5292 0 1777797281 752666
28 1774 3576 0 1777797281 752794
27 1864 11218 0 1777797281 754726
27 1865 2024 0 1777797281 756753
28 1775 5369 0 1777797281 758164
31 1980 19181 0 1777797281 759861
30 1926 9600 0 1777797281 762267
27 1866 5822 0 1777797281 762577
30 1927 935 0 1777797281 763206
28 1776 12411 0 1777797281 770577
27 1867 9004 0 1777797281 771585
30 1928 8442 0 1777797281 771650
31 1981 13240 0 1777797281 773103
30 1929 3310 0 1777797281 774962
29 1826 51238 0 1777797281 775741
26 1768 38017 0 1777797281 777158
30 1930 3309 0 1777797281 778275
28 1777 8247 0 1777797281 778828
29 1827 3510 0 1777797281 779256
27 1868 10622 0 1777797281 782208
28 1778 7533 0 1777797281 786363
31 1982 13529 0 1777797281 786639
30 1931 9282 0 1777797281 787604
29 1828 11117 0 1777797281 790375
30 1932 2783 0 1777797281 790388
31 1983 3751 0 1777797281 790392
28 1779 10246 0 1777797281 796613
27 1869 14782 0 1777797281 796991
28 1780 3586 0 1777797281 800200
30 1933 10018 0 1777797281 800425
29 1829 10229 0 1777797281 800622
27 1870 4279 0 1777797281 801272
28 1781 2081 0 1777797281 802293
31 1984 13256 0 1777797281 803669
28 1782 7775 0 1777797281 810070
30 1934 11318 0 1777797281 811744
30 1935 2906 0 1777797281 814653
27 1871 16289 0 1777797281 817563
29 1830 18125 0 1777797281 818748
26 1769 42261 0 1777797281 819421
27 1872 4814 0 1777797281 822381
26 1770 3000 0 1777797281 822423
31 1985 21971 0 1777797281 825643
26 1771 5758 0 1777797281 828182
31 1986 2647 0 1777797281 828292
28 1783 19409 0 1777797281 829480
30 1936 15743 0 1777797281 830399
26 1772 3692 0 1777797281 831878
30 1937 5602 0 1777797281 836004
31 1987 7814 0 1777797281 836108
31 1988 1744 0 1777797281 837855
30 1938 2901 0 1777797281 838907
31 1989 1105 0 1777797281 838961
30 1939 1735 0 1777797281 840644
31 1990 1810 0 1777797281 840772
26 1773 9884 0 1777797281 841765
27 1873 20332 0 1777797281 842718
30 1940 2153 0 1777797281 842801
31 1991 3814 0 1777797281 844587
27 1874 2119 0 1777797281 844841
28 1784 16466 0 1777797281 845947
28 1785 1543 0 1777797281 847492
30 1941 7569 0 1777797281 850372
27 1875 7298 0 1777797281 852141
30 1942 2540 0 1777797281 852914
30 1943 2236 0 1777797281 855151
27 1876 4139 0 1777797281 856285
30 1944 1763 0 1777797281 856916
26 1774 16128 0 1777797281 857903
27 1877 2084 0 1777797281 858371
30 1945 3009 0 1777797281 859927
27 1878 5167 0 1777797281 863540
29 1831 46036 0 1777797281 864791
30 1946 4936 0 1777797281 864865
29 1832 1892 0 1777797281 866686
28 1786 19227 0 1777797281 866721
26 1775 10813 0 1777797281 868718
30 1947 5676 0 1777797281 870542
26 1776 2332 0 1777797281 871054
28 1787 5210 0 1777797281 871932
29 1833 8602 0 1777797281 875294
30 1948 7221 0 1777797281 877767
26 1777 7392 0 1777797281 878448
28 1788 6656 0 1777797281 878592
29 1834 4904 0 1777797281 880202
30 1949 3139 0 1777797281 880907
28 1789 8379 0 1777797281 886972
30 1950 6069 0 1777797281 886978
27 1879 23648 0 1777797281 887190
29 1835 6993 0 1777797281 887197
26 1778 9019 0 1777797281 887469
30 1951 3945 0 1777797281 890935
31 1992 47044 0 1777797281 891635
30 1952 3283 0 1777797281 894221
26 1779 6808 0 1777797281 894279
28 1790 7534 0 1777797281 894513
28 1791 2313 0 1777797281 896827
26 1780 5262 0 1777797281 899542
27 1880 16098 0 1777797281 903296
26 1781 11057 0 1777797281 910601
27 1881 7304 0 1777797281 910616
31 1993 19278 0 1777797281 910919
28 1792 14217 0 1777797281 911046
29 1836 24863 0 1777797281 912070
27 1882 6293 0 1777797281 916909
26 1782 12839 0 1777797281 923442
31 1994 13609 0 1777797281 924529
27 1883 8746 0 1777797281 925658
28 1793 21556 0 1777797281 932603
27 1884 7001 0 1777797281 932661
26 1783 9319 0 1777797281 932763
31 1995 8601 0 1777797281 933132
28 1794 8491 0 1777797281 941096
30 1953 46938 0 1777797281 941161
31 1996 8051 0 1777797281 941187
26 1784 11981 0 1777797281 944745
30 1954 7745 0 1777797281 948907
27 1885 16263 0 1777797281 948925
31 1997 8766 0 1777797281 949954
26 1785 6930 0 1777797281 951677
27 1886 3019 0 1777797281 951945
30 1955 7099 0 1777797281 956008
30 1956 4113 0 1777797281 960122
26 1786 8494 0 1777797281 960174
30 1957 4780 0 1777797281 964910
27 1887 13270 0 1777797281 965216
31 1998 18157 0 1777797281 968118
30 1958 4461 0 1777797281 969373
26 1787 12266 0 1777797281 972443
27 1888 7297 0 1777797281 972515
31 1999 4855 0 1777797281 972979
30 1959 3911 0 1777797281 973287
30 1960 1205 0 1777797281 974494
30 1961 808 0 1777797281 975305
30 1962 823 0 1777797281 976134
26 1788 4601 0 1777797281 977045
27 1889 5574 0 1777797281 978090
30 1963 1970 0 1777797281 978106
30 1964 1773 0 1777797281 979891
26 1789 2872 0 1777797281 979919
31 2000 8347 0 1777797281 981329
30 1965 1478 0 1777797281 981373
31 2001 2141 0 1777797281 983475
26 1790 6732 0 1777797281 986720
29 1837 75448 0 1777797281 987519
27 1890 17661 0 1777797281 995768
26 1791 9090 0 1777797281 995813
29 1838 9314 0 1777797281 996835
30 1966 15534 0 1777797281 996908
28 1795 56718 0 1777797281 997822
31 2002 15166 0 1777797281 998646
26 1792 3457 0 1777797281 999273
28 1796 2427 0 1777797282 255
26 1793 2615 0 1777797282 1890
29 1839 7098 0 1777797282 3934
26 1794 3503 0 1777797282 5395
31 2003 9102 0 1777797282 7750
29 1840 3978 0 1777797282 7924
26 1795 3452 0 1777797282 8915
31 2004 1181 0 1777797282 8936
27 1891 14640 0 1777797282 10411
30 1967 16222 0 1777797282 13132
31 2005 4199 0 1777797282 13136
28 1797 14202 0 1777797282 14464
26 1796 6956 0 1777797282 15873
26 1797 2766 0 1777797282 18641
31 2006 5954 0 1777797282 19098
27 1892 9515 0 1777797282 19928
28 1798 5496 0 1777797282 19968
30 1968 8455 0 1777797282 21592
28 1799 2985 0 1777797282 22955
27 1893 3874 0 1777797282 23805
26 1798 5705 0 1777797282 24348
26 1799 1893 0 1777797282 26243
26 1800 3605 0 1777797282 29851
30 1969 8289 0 1777797282 29883
28 1800 7012 0 1777797282 29969
31 2007 11148 0 1777797282 30248
27 1894 7478 0 1777797282 31288
26 1801 2690 0 1777797282 32547
26 1802 921 0 1777797282 33471
28 1801 4853 0 1777797282 34823
31 2008 6250 0 1777797282 36500
26 1803 4180 0 1777797282 37652
31 2009 2799 0 1777797282 39316
30 1970 9581 0 1777797282 39466
28 1802 5628 0 1777797282 40453
27 1895 10927 0 1777797282 42218
26 1804 6429 0 1777797282 44083
27 1896 4418 0 1777797282 46642
28 1803 6189 0 1777797282 46646
29 1841 38724 0 1777797282 46650
31 2010 7335 0 1777797282 46653
30 1971 10897 0 1777797282 50365
26 1805 6305 0 1777797282 50390
28 1804 6750 0 1777797282 53422
26 1806 4503 0 1777797282 54894
31 2011 9479 0 1777797282 56147
26 1807 2496 0 1777797282 57392
31 2012 2040 0 1777797282 58189
26 1808 935 0 1777797282 58329
30 1972 10032 0 1777797282 60402
28 1805 8647 0 1777797282 62072
31 2013 3885 0 1777797282 62079
26 1809 5299 0 1777797282 63629
30 1973 4592 0 1777797282 65003
27 1897 20176 0 1777797282 66830
26 1810 4879 0 1777797282 68517
28 1806 6519 0 1777797282 68599
30 1974 3747 0 1777797282 68751
31 2014 8299 0 1777797282 70388
26 1811 2824 0 1777797282 71343
28 1807 3521 0 1777797282 72122
27 1898 7405 0 1777797282 74237
26 1812 4999 0 1777797282 76344
29 1842 29691 0 1777797282 76354
31 2015 8517 0 1777797282 78907
27 1899 5254 0 1777797282 79498
29 1843 3832 0 1777797282 80199
26 1813 5383 0 1777797282 81739
31 2016 3801 0 1777797282 82712
31 2017 4212 0 1777797282 86931
28 1808 15598 0 1777797282 87721
26 1814 6212 0 1777797282 87953
28 1809 1612 0 1777797282 89336
31 2018 3062 0 1777797282 89998
30 1975 24196 0 1777797282 92948
28 1810 4940 0 1777797282 94279
28 1811 2890 0 1777797282 97171
28 1812 1532 0 1777797282 98705
31 2019 10075 0 1777797282 100075
27 1900 21145 0 1777797282 100645
28 1813 2077 0 1777797282 100783
26 1815 13021 0 1777797282 100976
28 1814 4481 0 1777797282 105265
29 1844 27411 0 1777797282 107616
26 1816 8605 0 1777797282 109582
30 1976 16828 0 1777797282 109778
28 1815 5826 0 1777797282 111093
31 2020 15384 0 1777797282 115470
29 1845 8034 0 1777797282 115653
31 2021 6083 0 1777797282 121560
29 1846 6571 0 1777797282 122226
30 1977 13931 0 1777797282 123711
28 1816 12780 0 1777797282 123879
29 1847 1747 0 1777797282 123975
31 2022 3832 0 1777797282 125394
30 1978 2177 0 1777797282 125896
30 1979 2837 0 1777797282 128735
26 1817 23147 0 1777797282 132732
31 2023 7466 0 1777797282 132865
29 1848 8960 0 1777797282 132936
28 1817 9085 0 1777797282 132966
30 1980 4250 0 1777797282 132987
30 1981 2044 0 1777797282 135032
28 1818 3980 0 1777797282 136948
30 1982 2059 0 1777797282 137094
31 2024 5422 0 1777797282 138289
29 1849 8208 0 1777797282 141146
30 1983 4209 0 1777797282 141304
30 1984 4342 0 1777797282 145647
30 1985 2855 0 1777797282 148504
27 1901 48341 0 1777797282 148988
31 2025 12073 0 1777797282 150364
28 1819 20186 0 1777797282 157148
26 1818 25266 0 1777797282 158008
29 1850 18970 0 1777797282 160118
30 1986 12460 0 1777797282 160967
27 1902 12739 0 1777797282 161734
31 2026 11627 0 1777797282 161993
28 1820 8901 0 1777797282 166053
27 1903 4614 0 1777797282 166352
30 1987 8297 0 1777797282 169266
26 1819 11210 0 1777797282 169288
27 1904 11459 0 1777797282 177813
26 1820 8740 0 1777797282 178029
28 1821 11981 0 1777797282 178036
30 1988 8771 0 1777797282 178042
29 1851 19673 0 1777797282 179796
31 2027 20708 0 1777797282 182704
29 1852 3157 0 1777797282 182955
26 1821 7348 0 1777797282 185391
28 1822 7350 0 1777797282 185404
31 2028 8977 0 1777797282 191685
28 1823 6927 0 1777797282 192348
30 1989 21924 0 1777797282 200001
27 1905 22406 0 1777797282 200227
26 1822 19076 0 1777797282 204483
28 1824 12144 0 1777797282 204496
30 1990 8431 0 1777797282 208442
31 2029 16942 0 1777797282 208634
26 1823 7270 0 1777797282 211767
28 1825 7230 0 1777797282 211776
31 2030 3146 0 1777797282 211781
27 1906 13404 0 1777797282 213633
31 2031 3873 0 1777797282 215675
26 1824 6247 0 1777797282 218029
28 1826 6246 0 1777797282 218041
27 1907 6395 0 1777797282 220030
31 2032 5858 0 1777797282 221540
30 1991 13898 0 1777797282 222343
28 1827 5032 0 1777797282 223094
31 2033 2796 0 1777797282 224346
26 1825 8040 0 1777797282 226083
27 1908 6081 0 1777797282 226120
31 2034 1790 0 1777797282 226138
31 2035 2554 0 1777797282 228693
26 1826 2834 0 1777797282 228921
28 1828 5926 0 1777797282 229022
30 1992 8182 0 1777797282 230527
31 2036 1862 0 1777797282 230557
31 2037 3241 0 1777797282 233800
27 1909 8780 0 1777797282 234902
28 1829 5896 0 1777797282 234921
26 1827 6376 0 1777797282 235299
26 1828 3645 0 1777797282 238957
28 1830 6311 0 1777797282 241251
29 1853 59271 0 1777797282 242228
27 1910 8271 0 1777797282 243194
26 1829 4512 0 1777797282 243472
31 2038 11572 0 1777797282 245380
26 1830 3484 0 1777797282 246957
31 2039 3525 0 1777797282 248906
26 1831 2042 0 1777797282 249009
29 1854 7815 0 1777797282 250045
28 1831 10317 0 1777797282 251570
27 1911 8559 0 1777797282 251756
27 1912 3438 0 1777797282 255196
28 1832 5637 0 1777797282 257212
29 1855 7776 0 1777797282 257823
31 2040 10265 0 1777797282 259177
29 1856 2503 0 1777797282 260328
26 1832 12834 0 1777797282 261844
31 2041 2815 0 1777797282 262009
28 1833 5393 0 1777797282 262607
29 1857 3232 0 1777797282 263566
30 1993 33074 0 1777797282 263603
26 1833 2260 0 1777797282 264114
28 1834 2666 0 1777797282 265277
30 1994 1680 0 1777797282 265285
27 1913 11511 0 1777797282 266709
29 1858 3297 0 1777797282 266871
27 1914 4317 0 1777797282 271032
28 1835 5756 0 1777797282 271042
31 2042 9038 0 1777797282 271048
30 1995 9241 0 1777797282 274537
27 1915 6943 0 1777797282 277992
29 1859 12759 0 1777797282 279631
28 1836 9265 0 1777797282 280323
29 1860 1909 0 1777797282 281542
29 1861 1446 0 1777797282 282990
30 1996 9896 0 1777797282 284435
28 1837 7093 0 1777797282 287418
29 1862 6505 0 1777797282 289497
30 1997 9316 0 1777797282 293753
28 1838 6414 0 1777797282 293835
27 1916 16330 0 1777797282 294323
26 1834 30420 0 1777797282 294535
31 2043 23479 0 1777797282 294547
30 1998 3060 0 1777797282 296816
28 1839 3631 0 1777797282 297467
27 1917 6062 0 1777797282 300388
30 1999 6005 0 1777797282 302822
30 2000 1650 0 1777797282 304476
31 2044 10366 0 1777797282 304929
27 1918 7599 0 1777797282 307989
30 2001 6174 0 1777797282 310652
29 1863 21505 0 1777797282 311004
26 1835 17760 0 1777797282 312308
27 1919 11158 0 1777797282 319151
30 2002 8934 0 1777797282 319588
31 2045 15849 0 1777797282 320782
29 1864 10624 0 1777797282 321631
29 1865 739 0 1777797282 322373
30 2003 2880 0 1777797282 322470
30 2004 1394 0 1777797282 323865
26 1836 12322 0 1777797282 324632
29 1866 2267 0 1777797282 324643
31 2046 3865 0 1777797282 324649
28 1840 33548 0 1777797282 331019
27 1920 12162 0 1777797282 331316
30 2005 7743 0 1777797282 331609
31 2047 8179 0 1777797282 332849
27 1921 6422 0 1777797282 337740
28 1841 7077 0 1777797282 338098
26 1837 15335 0 1777797282 339985
29 1867 15591 0 1777797282 340251
28 1842 3025 0 1777797282 341125
26 1838 3407 0 1777797282 343395
29 1868 3214 0 1777797282 343466
28 1843 11555 0 1777797282 352682
27 1922 15422 0 1777797282 353164
28 1844 6106 0 1777797282 358794
30 2006 28285 0 1777797282 359896
31 2048 27153 0 1777797282 360004
26 1839 17317 0 1777797282 360784
27 1923 8472 0 1777797282 361641
29 1869 19134 0 1777797282 362613
27 1924 5398 0 1777797282 367041
28 1845 8377 0 1777797282 367175
26 1840 10090 0 1777797282 370877
29 1870 9590 0 1777797282 372205
30 2007 12321 0 1777797282 372220
28 1846 6114 0 1777797282 373290
26 1841 2940 0 1777797282 373820
30 2008 2679 0 1777797282 374915
29 1871 3654 0 1777797282 375877
31 2049 16166 0 1777797282 376171
31 2050 5353 0 1777797282 381525
30 2009 7468 0 1777797282 382385
29 1872 6749 0 1777797282 382627
29 1873 6382 0 1777797282 389011
31 2051 7541 0 1777797282 389068
26 1842 15560 0 1777797282 389382
28 1847 20919 0 1777797282 394212
27 1925 33744 0 1777797282 400788
30 2010 25660 0 1777797282 408047
29 1874 21865 0 1777797282 410879
27 1926 10470 0 1777797282 411259
28 1848 17276 0 1777797282 411493
31 2052 23047 0 1777797282 412119
26 1843 23713 0 1777797282 413097
31 2053 8693 0 1777797282 420815
28 1849 10052 0 1777797282 421547
30 2011 13502 0 1777797282 421551
27 1927 11316 0 1777797282 422577
26 1844 9843 0 1777797282 422942
29 1875 12370 0 1777797282 423251
28 1850 2857 0 1777797282 424408
28 1851 5104 0 1777797282 429514
30 2012 8013 0 1777797282 429571
31 2054 8861 0 1777797282 429677
27 1928 7287 0 1777797282 429868
29 1876 12686 0 1777797282 435940
30 2013 6434 0 1777797282 436006
31 2055 6337 0 1777797282 436015
26 1845 14368 0 1777797282 437311
28 1852 7860 0 1777797282 437376
28 1853 3153 0 1777797282 440531
27 1929 12678 0 1777797282 442547
28 1854 4040 0 1777797282 444574
31 2056 9007 0 1777797282 445033
30 2014 10568 0 1777797282 446585
26 1846 14121 0 1777797282 451434
28 1855 6885 0 1777797282 451468
29 1877 15539 0 1777797282 451490
31 2057 6470 0 1777797282 451505
28 1856 4752 0 1777797282 456277
29 1878 4780 0 1777797282 456320
27 1930 13799 0 1777797282 456352
26 1847 4871 0 1777797282 456377
30 2015 10743 0 1777797282 457332
27 1931 4997 0 1777797282 461351
31 2058 9816 0 1777797282 461364
26 1848 5958 0 1777797282 462336
30 2016 5080 0 1777797282 462413
29 1879 8074 0 1777797282 464395
28 1857 8891 0 1777797282 465170
27 1932 7110 0 1777797282 468475
28 1858 6161 0 1777797282 471335
26 1849 9031 0 1777797282 471370
31 2059 10377 0 1777797282 471757
29 1880 8142 0 1777797282 472539
30 2017 10147 0 1777797282 472561
27 1933 9638 0 1777797282 478116
28 1859 7067 0 1777797282 478404
30 2018 7119 0 1777797282 479695
31 2060 9575 0 1777797282 481333
29 1881 8909 0 1777797282 481471
27 1934 3833 0 1777797282 481959
30 2019 2718 0 1777797282 482414
30 2020 3609 0 1777797282 486025
31 2061 4916 0 1777797282 486257
29 1882 5005 0 1777797282 486477
28 1860 8440 0 1777797282 486845
30 2021 2636 0 1777797282 488663
28 1861 4218 0 1777797282 491066
29 1883 7216 0 1777797282 493695
27 1935 14986 0 1777797282 496947
28 1862 5888 0 1777797282 496956
31 2062 10745 0 1777797282 497004
29 1884 4157 0 1777797282 497854
29 1885 3927 0 1777797282 501783
31 2063 4810 0 1777797282 501815
30 2022 15569 0 1777797282 504234
28 1863 8272 0 1777797282 505244
31 2064 4938 0 1777797282 506753
29 1886 7603 0 1777797282 509395
28 1864 4494 0 1777797282 509740
26 1850 40704 0 1777797282 512076
29 1887 2687 0 1777797282 512084
30 2023 8231 0 1777797282 512469
28 1865 2771 0 1777797282 512512
29 1888 2623 0 1777797282 514724
28 1866 7169 0 1777797282 519682
27 1936 23275 0 1777797282 520233
29 1889 5592 0 1777797282 520322
31 2065 13848 0 1777797282 520603
30 2024 8146 0 1777797282 520620
26 1851 8847 0 1777797282 520932
27 1937 8475 0 1777797282 528711
29 1890 8427 0 1777797282 528751
26 1852 8610 0 1777797282 529576
30 2025 8974 0 1777797282 529596
28 1867 9932 0 1777797282 529616
31 2066 9084 0 1777797282 529688
31 2067 6668 0 1777797282 536357
28 1868 7570 0 1777797282 537189
30 2026 7606 0 1777797282 537203
29 1891 10094 0 1777797282 538847
26 1853 10788 0 1777797282 540367
29 1892 4302 0 1777797282 543151
28 1869 7822 0 1777797282 545027
29 1893 3231 0 1777797282 546450
30 2027 11900 0 1777797282 549121
28 1870 4334 0 1777797282 549363
29 1894 5752 0 1777797282 552206
28 1871 5457 0 1777797282 554821
30 2028 7251 0 1777797282 556375
27 1938 30074 0 1777797282 558790
26 1854 20818 0 1777797282 561192
28 1872 7234 0 1777797282 562057
29 1895 9857 0 1777797282 562068
31 2068 26928 0 1777797282 563297
30 2029 8394 0 1777797282 564772
31 2069 2378 0 1777797282 565678
29 1896 5559 0 1777797282 567639
27 1939 11441 0 1777797282 570233
29 1897 4313 0 1777797282 571955
28 1873 12962 0 1777797282 575032
30 2030 11362 0 1777797282 576139
29 1898 5455 0 1777797282 577412
26 1855 18167 0 1777797282 579364
26 1856 1645 0 1777797282 581013
28 1874 6910 0 1777797282 581948
28 1875 1146 0 1777797282 583096
28 1876 1885 0 1777797282 584983
26 1857 5234 0 1777797282 586250
31 2070 22067 0 1777797282 587749
28 1877 5840 0 1777797282 590825
30 2031 14698 0 1777797282 590839
26 1858 5169 0 1777797282 591425
26 1859 5327 0 1777797282 596754
29 1899 19363 0 1777797282 596783
28 1878 5986 0 1777797282 596826
28 1879 2223 0 1777797282 599051
29 1900 2263 0 1777797282 599060
29 1901 2182 0 1777797282 601254
28 1880 3642 0 1777797282 602703
29 1902 2050 0 1777797282 603309
27 1940 37787 0 1777797282 608022
30 2032 20656 0 1777797282 611509
31 2071 27085 0 1777797282 614835
27 1941 7594 0 1777797282 615626
26 1860 19896 0 1777797282 616681
31 2072 1940 0 1777797282 616786
30 2033 10872 0 1777797282 622392
26 1861 8449 0 1777797282 625135
29 1903 22018 0 1777797282 625329
31 2073 13823 0 1777797282 630610
29 1904 6182 0 1777797282 631512
27 1942 15946 0 1777797282 631574
28 1881 30151 0 1777797282 632864
29 1905 2506 0 1777797282 634020
28 1882 5291 0 1777797282 638157
27 1943 6740 0 1777797282 638316
29 1906 7200 0 1777797282 641222
28 1883 3805 0 1777797282 641965
30 2034 24439 0 1777797282 646833
31 2074 18421 0 1777797282 649033
26 1862 24511 0 1777797282 649649
29 1907 12161 0 1777797282 653385
29 1908 1889 0 1777797282 655277
31 2075 6744 0 1777797282 655781
28 1884 16710 0 1777797282 658678
31 2076 4152 0 1777797282 659935
26 1863 16235 0 1777797282 665890
29 1909 12351 0 1777797282 667636
29 1910 3085 0 1777797282 670724
29 1911 2489 0 1777797282 673216
27 1944 35707 0 1777797282 674025
28 1885 15611 0 1777797282 674291
30 2035 27983 0 1777797282 674822
31 2077 16246 0 1777797282 676183
29 1912 4109 0 1777797282 677328
31 2078 4441 0 1777797282 680625
29 1913 10647 0 1777797282 687979
27 1945 17151 0 1777797282 691178
26 1864 27495 0 1777797282 693387
30 2036 20264 0 1777797282 695090
27 1946 8891 0 1777797282 700072
26 1865 9829 0 1777797282 703218
29 1914 20692 0 1777797282 708672
30 2037 15662 0 1777797282 710756
26 1866 7762 0 1777797282 710982
29 1915 4609 0 1777797282 713283
27 1947 18129 0 1777797282 718202
26 1867 7292 0 1777797282 718276
30 2038 8621 0 1777797282 719379
26 1868 2801 0 1777797282 721079
29 1916 9914 0 1777797282 723200
27 1948 5319 0 1777797282 723526
27 1949 5815 0 1777797282 729344
31 2079 51283 0 1777797282 731910
30 2039 13253 0 1777797282 732635
31 2080 2278 0 1777797282 734191
29 1917 19542 0 1777797282 742749
27 1950 16480 0 1777797282 745833
30 2040 13447 0 1777797282 746083
30 2041 6384 0 1777797282 752469
27 1951 6930 0 1777797282 752768
29 1918 11250 0 1777797282 754002
28 1886 79997 0 1777797282 754289
26 1869 33803 0 1777797282 754885
30 2042 6251 0 1777797282 758724
28 1887 6361 0 1777797282 760653
28 1888 12679 0 1777797282 773337
27 1952 20693 0 1777797282 773463
28 1889 1946 0 1777797282 775287
29 1919 23192 0 1777797282 777196
28 1890 5315 0 1777797282 780607
26 1870 25789 0 1777797282 780680
31 2081 48344 0 1777797282 782537
29 1920 5416 0 1777797282 782614
26 1871 8110 0 1777797282 788792
31 2082 6335 0 1777797282 788875
30 2043 30314 0 1777797282 789040
29 1921 7743 0 1777797282 790359
28 1891 9962 0 1777797282 790571
27 1953 21133 0 1777797282 794599
31 2083 6071 0 1777797282 794947
28 1892 4548 0 1777797282 795121
29 1922 4814 0 1777797282 795175
30 2044 6505 0 1777797282 795546
26 1872 11452 0 1777797282 800248
29 1923 5145 0 1777797282 800321
31 2084 5514 0 1777797282 800467
30 2045 4965 0 1777797282 800552
28 1893 9206 0 1777797282 804329
30 2046 5124 0 1777797282 805679
26 1873 6946 0 1777797282 807197
27 1954 14473 0 1777797282 809084
28 1894 7443 0 1777797282 811774
29 1924 11469 0 1777797282 811792
31 2085 11331 0 1777797282 811800
28 1895 5863 0 1777797282 817664
27 1955 10475 0 1777797282 819561
30 2047 13888 0 1777797282 819572
26 1874 12404 0 1777797282 819603
31 2086 7771 0 1777797282 819610
28 1896 2954 0 1777797282 820620
26 1875 4355 0 1777797282 823965
31 2087 4869 0 1777797282 824488
27 1956 10024 0 1777797282 829598
28 1897 8989 0 1777797282 829611
31 2088 5341 0 1777797282 829831
29 1925 18524 0 1777797282 830347
26 1876 14006 0 1777797282 837975
30 2048 18448 0 1777797282 838034
27 1957 8706 0 1777797282 838318
28 1898 8700 0 1777797282 838325
31 2089 8499 0 1777797282 838331
29 1926 9403 0 1777797282 839753
29 1927 2275 0 1777797282 842030
28 1899 3904 0 1777797282 842243
30 2049 7444 0 1777797282 845480
27 1958 8312 0 1777797282 846644
28 1900 11006 0 1777797282 853251
26 1877 15337 0 1777797282 853322
29 1928 12288 0 1777797282 854320
30 2050 9110 0 1777797282 854600
31 2090 16536 0 1777797282 854883
30 2051 3784 0 1777797282 858385
29 1929 4265 0 1777797282 858590
26 1878 10849 0 1777797282 864173
28 1901 11089 0 1777797282 864343
30 2052 6375 0 1777797282 864762
27 1959 18239 0 1777797282 864885
29 1930 6378 0 1777797282 864969
31 2091 11262 0 1777797282 866146
27 1960 5663 0 1777797282 870549
29 1931 5775 0 1777797282 870746
31 2092 8319 0 1777797282 874468
28 1902 11024 0 1777797282 875368
27 1961 7619 0 1777797282 878170
26 1879 15103 0 1777797282 879278
29 1932 8542 0 1777797282 879290
30 2053 14534 0 1777797282 879297
26 1880 7148 0 1777797282 886446
27 1962 9971 0 1777797282 888142
31 2093 13948 0 1777797282 888420
28 1903 13620 0 1777797282 888992
29 1933 10953 0 1777797282 890263
30 2054 15635 0 1777797282 894952
27 1963 6979 0 1777797282 895123
28 1904 7488 0 1777797282 896482
26 1881 10184 0 1777797282 896636
28 1905 7348 0 1777797282 903833
29 1934 13573 0 1777797282 903841
30 2055 9027 0 1777797282 903989
31 2094 15737 0 1777797282 904159
26 1882 8559 0 1777797282 905196
27 1964 10921 0 1777797282 906045
30 2056 5759 0 1777797282 909751
28 1906 6648 0 1777797282 910490
26 1883 6779 0 1777797282 911977
29 1935 8730 0 1777797282 912580
28 1907 5321 0 1777797282 915815
28 1908 5525 0 1777797282 921342
31 2095 17202 0 1777797282 921363
27 1965 18581 0 1777797282 924628
31 2096 4961 0 1777797282 926324
26 1884 16820 0 1777797282 928802
29 1936 16225 0 1777797282 928807
27 1966 32514 0 1777797282 957147
31 2097 37845 0 1777797282 964175
26 1885 35404 0 1777797282 964212
30 2057 54480 0 1777797282 964233
30 2058 7008 0 1777797282 971243
29 1937 46661 0 1777797282 975474
28 1909 55825 0 1777797282 977170
27 1967 21616 0 1777797282 978766
28 1910 11586 0 1777797282 988760
29 1938 13301 0 1777797282 988777
27 1968 10248 0 1777797282 989018
29 1939 5373 0 1777797282 994169
28 1911 6589 0 1777797282 995369
28 1912 8332 0 1777797283 3702
28 1913 4653 0 1777797283 8357
28 1914 12387 0 1777797283 20746
27 1969 34926 0 1777797283 23954
29 1940 32065 0 1777797283 26237
28 1915 11498 0 1777797283 32245
30 2059 61845 0 1777797283 33090
27 1970 10468 0 1777797283 34424
29 1941 11647 0 1777797283 37885
28 1916 7413 0 1777797283 39660
27 1971 5254 0 1777797283 39680
30 2060 8310 0 1777797283 41402
28 1917 6666 0 1777797283 46327
29 1942 8858 0 1777797283 46745
31 2098 83288 0 1777797283 47472
30 2061 7328 0 1777797283 48732
27 1972 9518 0 1777797283 49200
26 1886 85026 0 1777797283 49239
30 2062 5809 0 1777797283 54545
27 1973 6032 0 1777797283 55235
29 1943 11364 0 1777797283 58110
31 2099 10644 0 1777797283 58117
28 1918 12071 0 1777797283 58402
30 2063 3863 0 1777797283 58410
26 1887 9442 0 1777797283 58684
31 2100 5976 0 1777797283 64152
27 1974 11157 0 1777797283 66398
30 2064 9057 0 1777797283 67477
29 1944 13804 0 1777797283 71923
28 1919 15329 0 1777797283 73740
26 1888 18559 0 1777797283 77244
30 2065 14196 0 1777797283 81674
31 2101 17539 0 1777797283 81695
27 1975 15707 0 1777797283 82107
28 1920 19843 0 1777797283 93650
29 1945 21733 0 1777797283 93657
31 2102 12334 0 1777797283 94030
30 2066 12574 0 1777797283 94253
27 1976 12560 0 1777797283 94669
26 1889 21371 0 1777797283 98625
29 1946 5140 0 1777797283 98804
28 1921 11288 0 1777797283 104945
31 2103 11296 0 1777797283 105327
29 1947 7486 0 1777797283 106291
30 2067 12056 0 1777797283 106310
27 1977 11658 0 1777797283 106328
26 1890 11080 0 1777797283 109716
28 1922 9915 0 1777797283 114862
27 1978 9613 0 1777797283 115942
29 1948 11562 0 1777797283 117856
30 2068 12283 0 1777797283 118595
26 1891 14454 0 1777797283 124174
28 1923 9437 0 1777797283 124302
30 2069 5774 0 1777797283 124371
27 1979 10168 0 1777797283 126118
29 1949 8262 0 1777797283 126126
31 2104 24410 0 1777797283 129738
26 1892 5598 0 1777797283 129778
30 2070 5413 0 1777797283 129785
28 1924 11138 0 1777797283 135441
29 1950 9831 0 1777797283 135967
31 2105 6608 0 1777797283 136351
27 1980 10243 0 1777797283 136370
30 2071 8903 0 1777797283 138699
31 2106 8844 0 1777797283 145197
26 1893 18176 0 1777797283 147963
27 1981 11600 0 1777797283 147971
28 1925 12535 0 1777797283 147978
29 1951 13289 0 1777797283 149259
30 2072 14547 0 1777797283 153253
28 1926 5912 0 1777797283 153924
31 2107 8737 0 1777797283 153935
27 1982 7115 0 1777797283 155107
29 1952 6085 0 1777797283 155353
28 1927 3473 0 1777797283 157409
27 1983 5573 0 1777797283 160683
31 2108 7421 0 1777797283 161371
26 1894 13425 0 1777797283 161405
30 2073 9230 0 1777797283 162486
30 2074 2023 0 1777797283 164512
29 1953 9176 0 1777797283 164531
28 1928 8664 0 1777797283 166076
31 2109 7859 0 1777797283 169234
26 1895 10012 0 1777797283 171419
28 1929 6281 0 1777797283 172359
30 2075 7954 0 1777797283 172469
27 1984 12556 0 1777797283 173242
31 2110 9782 0 1777797283 179018
30 2076 7212 0 1777797283 179682
26 1896 9169 0 1777797283 180591
31 2111 3285 0 1777797283 182305
31 2112 1035 0 1777797283 183342
31 2113 1410 0 1777797283 184754
31 2114 2292 0 1777797283 187050
28 1930 16432 0 1777797283 188794
29 1954 24339 0 1777797283 188871
26 1897 9870 0 1777797283 190465
27 1985 17238 0 1777797283 190481
28 1931 2849 0 1777797283 191645
29 1955 4791 0 1777797283 193663
31 2115 10095 0 1777797283 197147
27 1986 8180 0 1777797283 198683
30 2077 19480 0 1777797283 199164
28 1932 9734 0 1777797283 201383
27 1987 4115 0 1777797283 202800
30 2078 3642 0 1777797283 202808
29 1956 9371 0 1777797283 203037
26 1898 13138 0 1777797283 203620
31 2116 6608 0 1777797283 203758
31 2117 5448 0 1777797283 209207
27 1988 7168 0 1777797283 209977
31 2118 2741 0 1777797283 211950
28 1933 11927 0 1777797283 213312
30 2079 11702 0 1777797283 214521
29 1957 13745 0 1777797283 216785
28 1934 4392 0 1777797283 217707
26 1899 14405 0 1777797283 218030
27 1989 13997 0 1777797283 223976
28 1935 7275 0 1777797283 224986
29 1958 10125 0 1777797283 226913
30 2080 16798 0 1777797283 231321
31 2119 22551 0 1777797283 234503
27 1990 10877 0 1777797283 234855
27 1991 1132 0 1777797283 235989
31 2120 2037 0 1777797283 236543
27 1992 4647 0 1777797283 240638
29 1959 17369 0 1777797283 244289
27 1993 5048 0 1777797283 245694
30 2081 14376 0 1777797283 245701
28 1936 23136 0 1777797283 248130
31 2121 12092 0 1777797283 248638
27 1994 3846 0 1777797283 249548
30 2082 6738 0 1777797283 252462
27 1995 2947 0 1777797283 252498
29 1960 11844 0 1777797283 256135
27 1996 3957 0 1777797283 256457
29 1961 3094 0 1777797283 259235
27 1997 3681 0 1777797283 260141
28 1937 14330 0 1777797283 262463
28 1938 3551 0 1777797283 266016
29 1962 6894 0 1777797283 266131
27 1998 6994 0 1777797283 267141
27 1999 2636 0 1777797283 269780
29 1963 3965 0 1777797283 270098
31 2122 23453 0 1777797283 272094
29 1964 4100 0 1777797283 274202
27 2000 6920 0 1777797283 276707
29 1965 2511 0 1777797283 276715
31 2123 4621 0 1777797283 276719
26 1900 64000 0 1777797283 282032
28 1939 16420 0 1777797283 282438
27 2001 7231 0 1777797283 283951
31 2124 7344 0 1777797283 284079
30 2083 31779 0 1777797283 284242
29 1966 8879 0 1777797283 285608
26 1901 5917 0 1777797283 287951
29 1967 4815 0 1777797283 290426
28 1940 8012 0 1777797283 290452
27 2002 9542 0 1777797283 293496
29 1968 3324 0 1777797283 293752
28 1941 6163 0 1777797283 296616
30 2084 17192 0 1777797283 301435
31 2125 17307 0 1777797283 301444
27 2003 9096 0 1777797283 302594
28 1942 8137 0 1777797283 304756
26 1902 16823 0 1777797283 304777
29 1969 11109 0 1777797283 304862
27 2004 10676 0 1777797283 313272
30 2085 12104 0 1777797283 313548
26 1903 8872 0 1777797283 313650
29 1970 14190 0 1777797283 319054
28 1943 14501 0 1777797283 319259
30 2086 6085 0 1777797283 319634
31 2126 18181 0 1777797283 319640
27 2005 6740 0 1777797283 320014
26 1904 10511 0 1777797283 324162
29 1971 5189 0 1777797283 324246
31 2127 5047 0 1777797283 324697
28 1944 8472 0 1777797283 327732
27 2006 11291 0 1777797283 331306
30 2087 11789 0 1777797283 331430
29 1972 7394 0 1777797283 331644
31 2128 7066 0 1777797283 331766
26 1905 7980 0 1777797283 332146
31 2129 4838 0 1777797283 336609
29 1973 5041 0 1777797283 336686
30 2088 9170 0 1777797283 340601
27 2007 9335 0 1777797283 340643
31 2130 4084 0 1777797283 340695
29 1974 5282 0 1777797283 341970
27 2008 5479 0 1777797283 346124
28 1945 18389 0 1777797283 346133
31 2131 7271 0 1777797283 347967
26 1906 20804 0 1777797283 352952
29 1975 10999 0 1777797283 352971
30 2089 14470 0 1777797283 355074
27 2009 11142 0 1777797283 357277
31 2132 10217 0 1777797283 358188
28 1946 12110 0 1777797283 358258
26 1907 7438 0 1777797283 360410
29 1976 7431 0 1777797283 360415
30 2090 9146 0 1777797283 364222
27 2010 15464 0 1777797283 372744
31 2133 14939 0 1777797283 373130
29 1977 13747 0 1777797283 374169
30 2091 15312 0 1777797283 379535
31 2134 7043 0 1777797283 380174
28 1947 22016 0 1777797283 380276
27 2011 8354 0 1777797283 381104
29 1978 7292 0 1777797283 381465
28 1948 4864 0 1777797283 385141
31 2135 6419 0 1777797283 386598
26 1908 30295 0 1777797283 390711
27 2012 9645 0 1777797283 390754
30 2092 15790 0 1777797283 395336
31 2136 8744 0 1777797283 395346
29 1979 14797 0 1777797283 396263
28 1949 11225 0 1777797283 396370
26 1909 7290 0 1777797283 398011
27 2013 8529 0 1777797283 399284
30 2093 4201 0 1777797283 399548
26 1910 6509 0 1777797283 404522
31 2137 10185 0 1777797283 405547
28 1950 11022 0 1777797283 407394
27 2014 8221 0 1777797283 407507
31 2138 5009 0 1777797283 410557
29 1980 15245 0 1777797283 411514
28 1951 4448 0 1777797283 411853
27 2015 12799 0 1777797283 420308
31 2139 10723 0 1777797283 421282
26 1911 19135 0 1777797283 423660
30 2094 24118 0 1777797283 423668
29 1981 12230 0 1777797283 423749
28 1952 12784 0 1777797283 424639
27 2016 6194 0 1777797283 426511
31 2140 5799 0 1777797283 427084
31 2141 2143 0 1777797283 429232
28 1953 6179 0 1777797283 430820
27 2017 8893 0 1777797283 435413
29 1982 11674 0 1777797283 435424
31 2142 6323 0 1777797283 435558
28 1954 6929 0 1777797283 437752
31 2143 2850 0 1777797283 438409
27 2018 3729 0 1777797283 439154
30 2095 17365 0 1777797283 441044
28 1955 4371 0 1777797283 442126
29 1983 7601 0 1777797283 443038
28 1956 3917 0 1777797283 446047
31 2144 10604 0 1777797283 449015
30 2096 11171 0 1777797283 452220
29 1984 10309 0 1777797283 453363
27 2019 14644 0 1777797283 453808
29 1985 1336 0 1777797283 454701
27 2020 1343 0 1777797283 455155
30 2097 5127 0 1777797283 457350
30 2098 4487 0 1777797283 461839
27 2021 8234 0 1777797283 463391
30 2099 1768 0 1777797283 463609
31 2145 17393 0 1777797283 466410
30 2100 5228 0 1777797283 468838
28 1957 25070 0 1777797283 471119
28 1958 2892 0 1777797283 474013
30 2101 5911 0 1777797283 474751
30 2102 3696 0 1777797283 478450
29 1986 24314 0 1777797283 479019
27 2022 16269 0 1777797283 479663
28 1959 5784 0 1777797283 479802
31 2146 14374 0 1777797283 480787
30 2103 2900 0 1777797283 481352
28 1960 1993 0 1777797283 481797
27 2023 7972 0 1777797283 487637
31 2147 9849 0 1777797283 490638
28 1961 8879 0 1777797283 490678
30 2104 10732 0 1777797283 492087
29 1987 13930 0 1777797283 492952
26 1912 69702 0 1777797283 493371
29 1988 1666 0 1777797283 494620
30 2105 2872 0 1777797283 494962
26 1913 1517 0 1777797283 494981
27 2024 7571 0 1777797283 495213
26 1914 3598 0 1777797283 498580
26 1915 7862 0 1777797283 506444
31 2148 19875 0 1777797283 510523
28 1962 23825 0 1777797283 514504
28 1963 1751 0 1777797283 516258
30 2106 21304 0 1777797283 516267
26 1916 16079 0 1777797283 522528
28 1964 6320 0 1777797283 522588
30 2107 8146 0 1777797283 524425
29 1989 33027 0 1777797283 527649
28 1965 5630 0 1777797283 528224
27 2025 34241 0 1777797283 529456
29 1990 2258 0 1777797283 529919
28 1966 2389 0 1777797283 530615
26 1917 9042 0 1777797283 531573
30 2108 11256 0 1777797283 535682
28 1967 5843 0 1777797283 536460
27 2026 7101 0 1777797283 536559
29 1991 6774 0 1777797283 536696
26 1918 5457 0 1777797283 537031
29 1992 4459 0 1777797283 541157
30 2109 5635 0 1777797283 541341
27 2027 8036 0 1777797283 544605
28 1968 9561 0 1777797283 546023
31 2149 35503 0 1777797283 546028
26 1919 9756 0 1777797283 546791
30 2110 6683 0 1777797283 548027
27 2028 3824 0 1777797283 548431
29 1993 8701 0 1777797283 549861
27 2029 5036 0 1777797283 553470
28 1969 7482 0 1777797283 553512
29 1994 4184 0 1777797283 554054
30 2111 6030 0 1777797283 554059
31 2150 9453 0 1777797283 555488
26 1920 9026 0 1777797283 555818
28 1970 4257 0 1777797283 557771
30 2112 10940 0 1777797283 565006
27 2030 14454 0 1777797283 567933
28 1971 11537 0 1777797283 569312
26 1921 13529 0 1777797283 569350
29 1995 15297 0 1777797283 569357
31 2151 13912 0 1777797283 569401
30 2113 7810 0 1777797283 572820
28 1972 4424 0 1777797283 573744
27 2031 6797 0 1777797283 574732
27 2032 8286 0 1777797283 583023
29 1996 13614 0 1777797283 583051
31 2152 13608 0 1777797283 583056
26 1922 14250 0 1777797283 583654
28 1973 9916 0 1777797283 583661
30 2114 10843 0 1777797283 583667
27 2033 8917 0 1777797283 591974
26 1923 8530 0 1777797283 592198
28 1974 16955 0 1777797283 600632
31 2153 17647 0 1777797283 600716
30 2115 17137 0 1777797283 600829
28 1975 7891 0 1777797283 608525
27 2034 16652 0 1777797283 608628
29 1997 27675 0 1777797283 610738
31 2154 10100 0 1777797283 610817
26 1924 18648 0 1777797283 610847
30 2116 15012 0 1777797283 615842
28 1976 7535 0 1777797283 616063
27 2035 14135 0 1777797283 622764
26 1925 12468 0 1777797283 623316
31 2155 12506 0 1777797283 623324
31 2156 6438 0 1777797283 629780
29 1998 27533 0 1777797283 638273
30 2117 22462 0 1777797283 638307
27 2036 16238 0 1777797283 639012
28 1977 22972 0 1777797283 639037
26 1926 17123 0 1777797283 640448
31 2157 10680 0 1777797283 640462
27 2037 8749 0 1777797283 647762
29 1999 9792 0 1777797283 648103
30 2118 9787 0 1777797283 648110
26 1927 9050 0 1777797283 649514
28 1978 13114 0 1777797283 652153
31 2158 13252 0 1777797283 653730
26 1928 13486 0 1777797283 663002
30 2119 14893 0 1777797283 663013
30 2120 10967 0 1777797283 673996
30 2121 1114 0 1777797283 675112
28 1979 24062 0 1777797283 676217
30 2122 7816 0 1777797283 682934
30 2123 3495 0 1777797283 686431
29 2000 39378 0 1777797283 687489
31 2159 33840 0 1777797283 687573
27 2038 40991 0 1777797283 688762
26 1929 27631 0 1777797283 690645
26 1930 1931 0 1777797283 692579
26 1931 1008 0 1777797283 693589
26 1932 2155 0 1777797283 695746
28 1980 27575 0 1777797283 703798
27 2039 15904 0 1777797283 704668
31 2160 19452 0 1777797283 707026
30 2124 24284 0 1777797283 710717
30 2125 1786 0 1777797283 712504
27 2040 7913 0 1777797283 712583
29 2001 25743 0 1777797283 713235
28 1981 9906 0 1777797283 713710
28 1982 6204 0 1777797283 719917
31 2161 14590 0 1777797283 721618
26 1933 33698 0 1777797283 729446
30 2126 16943 0 1777797283 729452
27 2041 17389 0 1777797283 729973
30 2127 2532 0 1777797283 731994
27 2042 2600 0 1777797283 732575
28 1983 14133 0 1777797283 734052
28 1984 2111 0 1777797283 736166
29 2002 23885 0 1777797283 737124
27 2043 4896 0 1777797283 737473
31 2162 17477 0 1777797283 739098
30 2128 8230 0 1777797283 740226
26 1934 15288 0 1777797283 744741
26 1935 1319 0 1777797283 746063
27 2044 10856 0 1777797283 748332
28 1985 12358 0 1777797283 748528
28 1986 1655 0 1777797283 750240
31 2163 15336 0 1777797283 754437
29 2003 18501 0 1777797283 755630
26 1936 15380 0 1777797283 761445
26 1937 1419 0 1777797283 762867
31 2164 10948 0 1777797283 765390
30 2129 26142 0 1777797283 766371
28 1987 16226 0 1777797283 766468
30 2130 1430 0 1777797283 767803
26 1938 8278 0 1777797283 771149
31 2165 9047 0 1777797283 774439
28 1988 8801 0 1777797283 775271
30 2131 8415 0 1777797283 776220
29 2004 22120 0 1777797283 777757
31 2166 5072 0 1777797283 779513
30 2132 4160 0 1777797283 780382
26 1939 9852 0 1777797283 781009
27 2045 32694 0 1777797283 781028
26 1940 2416 0 1777797283 783427
31 2167 6658 0 1777797283 786182
30 2133 8733 0 1777797283 789117
27 2046 8283 0 1777797283 789312
28 1989 14836 0 1777797283 790109
29 2005 12527 0 1777797283 790286
26 1941 8083 0 1777797283 791515
31 2168 8865 0 1777797283 795048
26 1942 5922 0 1777797283 797440
30 2134 8364 0 1777797283 797483
27 2047 10129 0 1777797283 799444
31 2169 6640 0 1777797283 801691
26 1943 4669 0 1777797283 802116
27 2048 4414 0 1777797283 803859
30 2135 6384 0 1777797283 803868
28 1990 15536 0 1777797283 805648
26 1944 5466 0 1777797283 807583
28 1991 5531 0 1777797283 811182
27 2049 7773 0 1777797283 811641
31 2170 9964 0 1777797283 811660
30 2136 8115 0 1777797283 812005
31 2171 2857 0 1777797283 814518
26 1945 7489 0 1777797283 815074
28 1992 3900 0 1777797283 815086
27 2050 5509 0 1777797283 817153
26 1946 6007 0 1777797283 821094
30 2137 9131 0 1777797283 821138
31 2172 7423 0 1777797283 821944
27 2051 4969 0 1777797283 822124
28 1993 8727 0 1777797283 823826
27 2052 3310 0 1777797283 825436
29 2006 36403 0 1777797283 826691
30 2138 7966 0 1777797283 829106
31 2173 7512 0 1777797283 829461
26 1947 10340 0 1777797283 831436
30 2139 2908 0 1777797283 832017
26 1948 6343 0 1777797283 837785
27 2053 12368 0 1777797283 837806
30 2140 6928 0 1777797283 838949
28 1994 21137 0 1777797283 844969
31 2174 15515 0 1777797283 844979
26 1949 7495 0 1777797283 845305
30 2141 6404 0 1777797283 845355
27 2054 7556 0 1777797283 845382
29 2007 19431 0 1777797283 846125
31 2175 3909 0 1777797283 848904
30 2142 7192 0 1777797283 852550
26 1950 7260 0 1777797283 852568
27 2055 10125 0 1777797283 855508
29 2008 10286 0 1777797283 856412
28 1995 11679 0 1777797283 856659
31 2176 8296 0 1777797283 857201
26 1951 7273 0 1777797283 859842
30 2143 7352 0 1777797283 859904
28 1996 6812 0 1777797283 863472
27 2056 8093 0 1777797283 863603
31 2177 10146 0 1777797283 867350
30 2144 7730 0 1777797283 867635
26 1952 9266 0 1777797283 869113
28 1997 7337 0 1777797283 870814
27 2057 7894 0 1777797283 871498
29 2009 15090 0 1777797283 871506
30 2145 7856 0 1777797283 875492
29 2010 5527 0 1777797283 877044
31 2178 9846 0 1777797283 877197
27 2058 6075 0 1777797283 877582
28 1998 9953 0 1777797283 880770
26 1953 11674 0 1777797283 880789
27 2059 5598 0 1777797283 883183
29 2011 7525 0 1777797283 884578
26 1954 4639 0 1777797283 885430
27 2060 5757 0 1777797283 888944
31 2179 11810 0 1777797283 889008
30 2146 14085 0 1777797283 889578
31 2180 4473 0 1777797283 893483
27 2061 5314 0 1777797283 894261
30 2147 4723 0 1777797283 894303
26 1955 9498 0 1777797283 894929
28 1999 14427 0 1777797283 895199
29 2012 10757 0 1777797283 895336
29 2013 4580 0 1777797283 899918
28 2000 7292 0 1777797283 902494
31 2181 9253 0 1777797283 902738
26 1956 8414 0 1777797283 903347
30 2148 9051 0 1777797283 903355
27 2062 13031 0 1777797283 907294
26 1957 5848 0 1777797283 909205
27 2063 6173 0 1777797283 913471
26 1958 6693 0 1777797283 915905
28 2001 17692 0 1777797283 920189
27 2064 6833 0 1777797283 920309
26 1959 4498 0 1777797283 920407
29 2014 26379 0 1777797283 926301
27 2065 14350 0 1777797283 934660
29 2015 8373 0 1777797283 934675
31 2182 31942 0 1777797283 934681
26 1960 16862 0 1777797283 937272
26 1961 3230 0 1777797283 940506
28 2002 26269 0 1777797283 946507
28 2003 3647 0 1777797283 950156
30 2149 50447 0 1777797283 953824
27 2066 21111 0 1777797283 955794
28 2004 5869 0 1777797283 956028
29 2016 21343 0 1777797283 956045
31 2183 24064 0 1777797283 958793
29 2017 5502 0 1777797283 961548
28 2005 5544 0 1777797283 961573
27 2067 7212 0 1777797283 963008
28 2006 2815 0 1777797283 964389
26 1962 26200 0 1777797283 966710
27 2068 8943 0 1777797283 971954
26 1963 5669 0 1777797283 972381
28 2007 11419 0 1777797283 975814
26 1964 4349 0 1777797283 976733
27 2069 11367 0 1777797283 983326
26 1965 7724 0 1777797283 984459
26 1966 1497 0 1777797283 985958
27 2070 2636 0 1777797283 985966
26 1967 4775 0 1777797283 990743
27 2071 5268 0 1777797283 991254
26 1968 3583 0 1777797283 994329
27 2072 4937 0 1777797283 996195
27 2073 1811 0 1777797283 998010
26 1969 6317 0 1777797284 648
27 2074 5481 0 1777797284 3493
28 2008 31846 0 1777797284 7662
28 2009 870 0 1777797284 8535
29 2018 49408 0 1777797284 10960
26 1970 10739 0 1777797284 11389
29 2019 1858 0 1777797284 12821
28 2010 5762 0 1777797284 14299
27 2075 11771 0 1777797284 15268
26 1971 6528 0 1777797284 17920
29 2020 6860 0 1777797284 19685
28 2011 7264 0 1777797284 21565
27 2076 7810 0 1777797284 23080
26 1972 7898 0 1777797284 25825
29 2021 6337 0 1777797284 26027
28 2012 6938 0 1777797284 28508
30 2150 75351 0 1777797284 29177
31 2184 70930 0 1777797284 29757
29 2022 5372 0 1777797284 31402
27 2077 9691 0 1777797284 32774
30 2151 4183 0 1777797284 33362
29 2023 2711 0 1777797284 34115
26 1973 11962 0 1777797284 37790
27 2078 5615 0 1777797284 38391
27 2079 3005 0 1777797284 41398
28 2013 15771 0 1777797284 44281
26 1974 6782 0 1777797284 44576
29 2024 12312 0 1777797284 46429
31 2185 16679 0 1777797284 46440
27 2080 5501 0 1777797284 46901
31 2186 3002 0 1777797284 49456
29 2025 3421 0 1777797284 49862
27 2081 2981 0 1777797284 49883
30 2152 17021 0 1777797284 50387
28 2014 6527 0 1777797284 50815
26 1975 9720 0 1777797284 54298
26 1976 1859 0 1777797284 56161
28 2015 5358 0 1777797284 56174
27 2082 6552 0 1777797284 56436
26 1977 5019 0 1777797284 61196
27 2083 4788 0 1777797284 61225
28 2016 8074 0 1777797284 64260
28 2017 1613 0 1777797284 65877
28 2018 2141 0 1777797284 68020
27 2084 10434 0 1777797284 71659
26 1978 10524 0 1777797284 71727
29 2026 23870 0 1777797284 73736
28 2019 7178 0 1777797284 75201
30 2153 24846 0 1777797284 75238
30 2154 2012 0 1777797284 77251
27 2085 6160 0 1777797284 77827
28 2020 2635 0 1777797284 77838
28 2021 2773 0 1777797284 80626
26 1979 10248 0 1777797284 81976
27 2086 7085 0 1777797284 84925
28 2022 5181 0 1777797284 85809
27 2087 4381 0 1777797284 89309
26 1980 9480 0 1777797284 91464
27 2088 5606 0 1777797284 94917
28 2023 9971 0 1777797284 95781
30 2155 19397 0 1777797284 96650
30 2156 801 0 1777797284 97454
26 1981 7693 0 1777797284 99161
28 2024 5929 0 1777797284 101712
31 2187 54152 0 1777797284 103610
26 1982 5687 0 1777797284 104851
30 2157 8963 0 1777797284 106423
28 2025 5847 0 1777797284 107567
26 1983 5223 0 1777797284 110077
29 2027 41661 0 1777797284 115400
31 2188 12041 0 1777797284 115655
27 2089 21386 0 1777797284 116306
28 2026 11494 0 1777797284 119062
30 2158 14222 0 1777797284 120647
31 2189 6023 0 1777797284 121683
31 2190 1392 0 1777797284 123079
30 2159 5353 0 1777797284 126003
31 2191 8594 0 1777797284 131679
26 1984 21786 0 1777797284 131867
30 2160 5897 0 1777797284 131903
27 2090 15614 0 1777797284 131921
29 2028 16527 0 1777797284 131937
28 2027 13151 0 1777797284 132215
26 1985 4924 0 1777797284 136793
31 2192 6118 0 1777797284 137807
27 2091 6039 0 1777797284 137961
28 2028 5751 0 1777797284 137967
30 2161 6068 0 1777797284 137973
29 2029 7819 0 1777797284 139758
26 1986 9132 0 1777797284 145928
31 2193 8314 0 1777797284 146125
27 2092 10332 0 1777797284 148306
30 2162 10624 0 1777797284 148614
28 2029 15088 0 1777797284 153071
29 2030 15015 0 1777797284 154777
26 1987 10364 0 1777797284 156299
28 2030 9072 0 1777797284 162145
29 2031 7370 0 1777797284 162152
30 2163 13542 0 1777797284 162157
31 2194 17119 0 1777797284 163245
27 2093 15827 0 1777797284 164135
30 2164 10419 0 1777797284 172592
28 2031 10753 0 1777797284 172912
31 2195 15528 0 1777797284 178774
28 2032 6150 0 1777797284 179066
28 2033 2722 0 1777797284 181790
31 2196 4614 0 1777797284 183392
29 2032 21593 0 1777797284 183760
30 2165 15512 0 1777797284 188106
29 2033 6179 0 1777797284 189941
31 2197 6377 0 1777797284 190106
26 1988 34161 0 1777797284 190463
29 2034 4943 0 1777797284 194889
31 2198 5172 0 1777797284 195281
31 2199 4252 0 1777797284 199535
26 1989 9105 0 1777797284 199572
29 2035 5386 0 1777797284 200277
28 2034 18790 0 1777797284 200583
30 2166 12499 0 1777797284 200607
30 2167 9509 0 1777797284 210119
26 1990 10643 0 1777797284 210216
29 2036 10068 0 1777797284 210349
31 2200 10960 0 1777797284 210498
31 2201 3904 0 1777797284 214405
30 2168 5959 0 1777797284 216086
31 2202 5124 0 1777797284 219530
29 2037 11610 0 1777797284 221960
31 2203 4401 0 1777797284 223933
30 2169 8020 0 1777797284 224108
27 2094 65128 0 1777797284 229265
28 2035 28842 0 1777797284 229426
31 2204 5814 0 1777797284 229753
26 1991 19554 0 1777797284 229771
31 2205 1861 0 1777797284 231616
30 2170 7774 0 1777797284 231884
31 2206 1760 0 1777797284 233384
29 2038 12547 0 1777797284 234509
28 2036 7840 0 1777797284 237267
30 2171 6443 0 1777797284 238330
29 2039 4487 0 1777797284 239001
28 2037 2951 0 1777797284 240221
27 2095 13550 0 1777797284 242818
31 2207 10054 0 1777797284 243440
31 2208 2175 0 1777797284 245617
26 1992 16944 0 1777797284 246716
29 2040 8629 0 1777797284 247633
30 2172 10189 0 1777797284 248526
31 2209 4050 0 1777797284 249669
30 2173 4775 0 1777797284 253305
29 2041 6351 0 1777797284 253986
28 2038 15218 0 1777797284 255441
31 2210 6929 0 1777797284 256600
28 2039 1231 0 1777797284 256676
31 2211 1362 0 1777797284 257964
28 2040 1652 0 1777797284 258329
29 2042 6812 0 1777797284 260800
31 2212 3149 0 1777797284 261115
28 2041 5015 0 1777797284 263346
31 2213 2392 0 1777797284 263508
26 1993 17401 0 1777797284 264120
26 1994 1079 0 1777797284 265203
31 2214 2287 0 1777797284 265797
28 2042 3681 0 1777797284 267030
31 2215 4218 0 1777797284 270017
26 1995 4906 0 1777797284 270111
27 2096 27727 0 1777797284 270547
28 2043 3525 0 1777797284 270557
30 2174 20067 0 1777797284 273374
29 2043 12616 0 1777797284 273418
26 1996 4886 0 1777797284 274999
28 2044 5747 0 1777797284 276317
27 2097 7652 0 1777797284 278211
26 1997 4727 0 1777797284 279728
28 2045 7186 0 1777797284 283505
31 2216 13510 0 1777797284 283528
29 2044 10483 0 1777797284 283903
30 2175 10886 0 1777797284 284263
27 2098 7266 0 1777797284 285479
26 1998 6631 0 1777797284 286367
30 2176 3911 0 1777797284 288175
27 2099 3045 0 1777797284 288526
31 2217 6478 0 1777797284 290022
29 2045 7000 0 1777797284 290904
31 2218 4526 0 1777797284 294550
28 2046 15150 0 1777797284 298680
27 2100 14670 0 1777797284 303197
31 2219 11201 0 1777797284 305753
29 2046 16320 0 1777797284 307229
29 2047 1084 0 1777797284 308315
31 2220 3977 0 1777797284 309732
30 2177 24018 0 1777797284 312196
29 2048 4138 0 1777797284 312457
26 1999 27185 0 1777797284 313556
28 2047 16823 0 1777797284 315505
29 2049 3502 0 1777797284 315960
27 2101 12793 0 1777797284 315992
26 2000 8429 0 1777797284 321988
30 2178 9810 0 1777797284 322008
29 2050 6579 0 1777797284 322540
27 2102 7291 0 1777797284 323285
31 2221 13890 0 1777797284 323626
30 2179 2874 0 1777797284 324883
26 2001 3379 0 1777797284 325370
31 2222 3835 0 1777797284 327463
28 2048 11997 0 1777797284 327505
29 2051 6903 0 1777797284 329446
27 2103 7172 0 1777797284 330460
29 2052 5200 0 1777797284 334648
28 2049 10296 0 1777797284 337802
29 2053 7987 0 1777797284 342645
29 2054 3992 0 1777797284 346640
27 2104 18668 0 1777797284 349132
29 2055 2503 0 1777797284 349145
27 2105 5063 0 1777797284 354209
29 2056 5109 0 1777797284 354276
28 2050 17155 0 1777797284 354960
28 2051 2704 0 1777797284 357666
28 2052 1113 0 1777797284 358782
28 2053 1451 0 1777797284 360235
29 2057 10876 0 1777797284 365153
29 2058 9160 0 1777797284 374320
28 2054 17903 0 1777797284 378140
26 2002 53856 0 1777797284 379228
27 2106 25555 0 1777797284 379768
30 2180 54958 0 1777797284 379843
31 2223 52875 0 1777797284 380341
26 2003 3473 0 1777797284 382709
27 2107 3882 0 1777797284 383652
30 2181 4867 0 1777797284 384712
28 2055 9694 0 1777797284 387837
26 2004 5797 0 1777797284 388508
31 2224 9522 0 1777797284 389864
27 2108 6577 0 1777797284 390232
28 2056 2342 0 1777797284 390261
30 2182 5884 0 1777797284 390599
26 2005 2320 0 1777797284 390834
27 2109 2340 0 1777797284 392575
30 2183 2647 0 1777797284 393248
26 2006 3441 0 1777797284 394277
27 2110 2282 0 1777797284 394863
31 2225 5256 0 1777797284 395122
30 2184 4706 0 1777797284 397957
27 2111 5681 0 1777797284 400546
28 2057 11151 0 1777797284 401413
29 2059 28953 0 1777797284 403278
31 2226 8180 0 1777797284 403305
29 2060 2607 0 1777797284 405914
27 2112 7068 0 1777797284 407618
30 2185 9669 0 1777797284 407628
26 2007 13807 0 1777797284 408119
28 2058 8208 0 1777797284 409623
29 2061 8298 0 1777797284 414215
26 2008 7207 0 1777797284 415362
30 2186 8633 0 1777797284 416273
31 2227 13003 0 1777797284 416321
27 2113 12067 0 1777797284 419696
28 2059 15530 0 1777797284 425155
29 2062 10981 0 1777797284 425198
31 2228 8896 0 1777797284 425218
29 2063 2477 0 1777797284 427696
29 2064 1860 0 1777797284 429573
27 2114 10097 0 1777797284 429798
30 2187 13872 0 1777797284 430148
29 2065 2297 0 1777797284 431873
29 2066 1738 0 1777797284 433614
28 2060 10265 0 1777797284 435424
31 2229 10217 0 1777797284 435447
30 2188 5864 0 1777797284 436016
26 2009 22322 0 1777797284 437687
30 2189 6814 0 1777797284 442837
29 2067 9616 0 1777797284 443233
27 2115 16128 0 1777797284 445928
28 2061 11711 0 1777797284 447136
29 2068 3927 0 1777797284 447161
26 2010 10661 0 1777797284 448351
26 2011 7047 0 1777797284 455400
27 2116 11272 0 1777797284 457201
27 2117 4721 0 1777797284 461923
27 2118 4262 0 1777797284 466186
26 2012 16576 0 1777797284 471978
29 2069 25443 0 1777797284 472605
30 2190 31170 0 1777797284 474012
27 2119 8301 0 1777797284 474489
28 2062 29936 0 1777797284 477076
29 2070 5459 0 1777797284 478066
27 2120 3587 0 1777797284 478077
28 2063 9701 0 1777797284 486778
29 2071 8808 0 1777797284 486874
26 2013 14984 0 1777797284 486963
27 2121 11130 0 1777797284 489208
28 2064 9654 0 1777797284 496433
27 2122 8217 0 1777797284 497426
30 2191 25086 0 1777797284 499100
27 2123 9465 0 1777797284 506892
26 2014 21794 0 1777797284 508757
28 2065 13819 0 1777797284 510253
31 2230 74824 0 1777797284 510271
30 2192 16684 0 1777797284 515785
29 2072 40722 0 1777797284 527597
27 2124 20719 0 1777797284 527614
30 2193 12499 0 1777797284 528287
29 2073 3248 0 1777797284 530847
31 2231 22293 0 1777797284 532565
26 2015 24428 0 1777797284 533188
28 2066 26293 0 1777797284 536549
29 2074 16004 0 1777797284 546852
30 2194 20325 0 1777797284 548613
26 2016 17391 0 1777797284 550579
31 2232 18905 0 1777797284 551471
29 2075 5798 0 1777797284 552652
28 2067 18071 0 1777797284 554622
31 2233 13798 0 1777797284 565273
29 2076 13582 0 1777797284 566243
29 2077 2882 0 1777797284 569132
27 2125 42273 0 1777797284 569888
27 2126 7708 0 1777797284 577600
29 2078 8489 0 1777797284 577624
31 2234 13543 0 1777797284 578819
27 2127 7908 0 1777797284 585534
30 2195 42148 0 1777797284 590766
26 2017 40239 0 1777797284 590821
29 2079 16953 0 1777797284 594592
27 2128 9090 0 1777797284 594634
27 2129 5549 0 1777797284 600184
29 2080 6692 0 1777797284 601287
27 2130 7952 0 1777797284 608139
29 2081 6878 0 1777797284 608167
31 2235 31208 0 1777797284 610035
27 2131 2821 0 1777797284 610992
26 2018 21116 0 1777797284 611938
31 2236 2562 0 1777797284 612599
29 2082 5797 0 1777797284 613992
27 2132 11066 0 1777797284 622063
29 2083 8154 0 1777797284 622148
30 2196 34524 0 1777797284 625292
30 2197 5270 0 1777797284 630569
27 2133 8654 0 1777797284 630720
29 2084 8578 0 1777797284 630727
26 2019 20736 0 1777797284 632678
27 2134 3799 0 1777797284 634527
29 2085 5305 0 1777797284 636043
27 2135 7636 0 1777797284 642166
29 2086 10929 0 1777797284 646976
27 2136 4961 0 1777797284 647133
26 2020 23519 0 1777797284 656202
31 2237 43608 0 1777797284 656210
30 2198 26082 0 1777797284 656653
28 2068 102410 0 1777797284 657036
27 2137 17139 0 1777797284 664274
29 2087 17299 0 1777797284 664282
31 2238 9798 0 1777797284 666015
26 2021 15070 0 1777797284 671280
28 2069 14326 0 1777797284 671365
30 2199 17309 0 1777797284 673963
28 2070 11196 0 1777797284 682563
27 2138 18348 0 1777797284 682631
29 2088 18352 0 1777797284 682643
30 2200 9271 0 1777797284 683235
31 2239 17273 0 1777797284 683290
26 2022 16955 0 1777797284 688300
27 2139 6334 0 1777797284 688978
29 2089 6358 0 1777797284 689011
28 2071 10051 0 1777797284 692621
29 2090 11336 0 1777797284 700348
30 2201 20161 0 1777797284 703399
27 2140 14441 0 1777797284 703420
26 2023 16114 0 1777797284 704425
28 2072 11847 0 1777797284 704471
31 2240 21296 0 1777797284 704587
27 2141 10299 0 1777797284 713720
30 2202 12882 0 1777797284 716282
31 2241 11750 0 1777797284 716338
28 2073 18089 0 1777797284 722562
26 2024 18177 0 1777797284 722604
27 2142 23869 0 1777797284 737592
29 2091 37303 0 1777797284 737660
31 2242 22787 0 1777797284 739127
28 2074 17750 0 1777797284 740322
30 2203 24046 0 1777797284 740331
26 2025 17771 0 1777797284 740377
29 2092 22326 0 1777797284 759987
27 2143 26677 0 1777797284 764273
31 2243 25408 0 1777797284 764536
28 2075 24462 0 1777797284 764795
30 2204 28272 0 1777797284 768615
26 2026 32700 0 1777797284 773079
29 2093 18305 0 1777797284 778298
31 2244 13826 0 1777797284 778363
26 2027 8054 0 1777797284 781136
27 2144 16890 0 1777797284 781164
28 2076 18460 0 1777797284 783257
27 2145 2530 0 1777797284 783696
30 2205 17492 0 1777797284 786110
27 2146 2839 0 1777797284 786536
31 2245 9911 0 1777797284 788276
28 2077 8390 0 1777797284 791648
27 2147 7229 0 1777797284 793768
30 2206 8584 0 1777797284 794696
29 2094 20464 0 1777797284 798764
29 2095 2350 0 1777797284 801120
29 2096 1497 0 1777797284 802620
29 2097 2942 0 1777797284 805567
31 2246 18215 0 1777797284 806493
28 2078 16087 0 1777797284 807740
28 2079 1908 0 1777797284 809654
31 2247 8672 0 1777797284 815167
28 2080 5652 0 1777797284 815309
26 2028 41565 0 1777797284 822704
27 2148 28938 0 1777797284 822714
29 2098 17150 0 1777797284 822719
30 2207 28208 0 1777797284 822906
31 2248 9765 0 1777797284 824937
29 2099 3451 0 1777797284 826193
28 2081 10915 0 1777797284 826226
27 2149 4550 0 1777797284 827283
31 2249 3247 0 1777797284 828189
27 2150 3265 0 1777797284 830550
26 2029 7873 0 1777797284 830593
29 2100 5960 0 1777797284 832161
30 2208 9785 0 1777797284 832692
27 2151 3423 0 1777797284 833975
30 2209 7361 0 1777797284 840056
28 2082 14987 0 1777797284 841215
29 2101 9130 0 1777797284 841300
30 2210 2793 0 1777797284 842852
27 2152 9238 0 1777797284 843215
31 2250 15035 0 1777797284 843225
26 2030 13755 0 1777797284 844350
30 2211 2859 0 1777797284 845713
28 2083 5249 0 1777797284 846471
29 2102 5553 0 1777797284 846855
31 2251 4507 0 1777797284 847748
31 2252 1759 0 1777797284 849510
27 2153 6349 0 1777797284 849576
26 2031 5801 0 1777797284 850153
28 2084 6309 0 1777797284 852787
29 2103 6885 0 1777797284 853742
27 2154 4890 0 1777797284 854467
31 2253 7376 0 1777797284 856887
31 2254 1548 0 1777797284 858438
27 2155 6315 0 1777797284 860790
31 2255 2464 0 1777797284 860904
31 2256 1180 0 1777797284 862085
27 2156 1680 0 1777797284 862472
30 2212 18823 0 1777797284 864538
28 2085 11768 0 1777797284 864557
31 2257 2476 0 1777797284 864563
28 2086 2463 0 1777797284 867027
31 2258 2466 0 1777797284 867037
27 2157 5051 0 1777797284 867525
30 2213 6125 0 1777797284 870665
27 2158 4619 0 1777797284 872145
28 2087 5470 0 1777797284 872508
31 2259 5510 0 1777797284 872559
26 2032 23792 0 1777797284 873947
30 2214 3285 0 1777797284 873954
27 2159 1835 0 1777797284 873982
28 2088 5038 0 1777797284 877550
30 2215 3947 0 1777797284 877913
31 2260 6174 0 1777797284 878735
27 2160 6183 0 1777797284 880166
31 2261 4787 0 1777797284 883528
26 2033 9686 0 1777797284 883641
29 2104 30586 0 1777797284 884330
30 2216 6555 0 1777797284 884470
28 2089 7152 0 1777797284 884703
27 2161 4719 0 1777797284 884894
28 2090 2439 0 1777797284 887144
31 2262 10896 0 1777797284 894439
27 2162 10314 0 1777797284 895209
28 2091 10243 0 1777797284 897389
31 2263 3252 0 1777797284 897693
30 2217 14473 0 1777797284 898945
28 2092 2002 0 1777797284 899397
29 2105 15619 0 1777797284 899951
28 2093 3197 0 1777797284 902599
30 2218 5582 0 1777797284 904530
31 2264 8788 0 1777797284 906483
26 2034 24453 0 1777797284 908096
28 2094 5501 0 1777797284 908103
28 2095 3015 0 1777797284 911141
29 2106 11293 0 1777797284 911305
31 2265 6883 0 1777797284 913368
26 2035 5340 0 1777797284 913444
29 2107 3219 0 1777797284 914525
26 2036 2247 0 1777797284 915694
28 2096 4759 0 1777797284 915909
29 2108 2541 0 1777797284 917069
27 2163 23375 0 1777797284 918593
28 2097 2697 0 1777797284 918608
26 2037 4297 0 1777797284 919995
27 2164 3542 0 1777797284 922152
29 2109 5137 0 1777797284 922208
30 2219 17695 0 1777797284 922227
30 2220 3058 0 1777797284 925287
27 2165 5008 0 1777797284 927162
30 2221 3348 0 1777797284 928638
27 2166 2993 0 1777797284 930157
29 2110 7956 0 1777797284 930166
30 2222 1813 0 1777797284 930452
31 2266 19347 0 1777797284 932723
26 2038 15715 0 1777797284 935717
27 2167 8585 0 1777797284 938753
31 2267 6033 0 1777797284 938761
30 2223 8498 0 1777797284 938951
27 2168 6837 0 1777797284 945598
31 2268 6842 0 1777797284 945616
30 2224 6744 0 1777797284 945696
29 2111 15617 0 1777797284 945794
26 2039 10208 0 1777797284 945927
28 2098 30509 0 1777797284 949139
30 2225 4868 0 1777797284 950566
27 2169 5988 0 1777797284 951605
26 2040 5829 0 1777797284 951757
28 2099 5411 0 1777797284 954560
30 2226 4843 0 1777797284 955416
31 2269 11776 0 1777797284 957409
26 2041 7053 0 1777797284 958812
29 2112 15388 0 1777797284 961183
30 2227 8456 0 1777797284 963875
27 2170 14033 0 1777797284 965640
28 2100 11910 0 1777797284 966473
26 2042 8062 0 1777797284 966877
29 2113 8547 0 1777797284 969732
29 2114 3413 0 1777797284 973149
31 2270 15855 0 1777797284 973266
30 2228 10135 0 1777797284 974011
27 2171 10849 0 1777797284 976491
30 2229 3130 0 1777797284 977144
31 2271 6476 0 1777797284 979745
26 2043 14714 0 1777797284 981593
28 2101 15146 0 1777797284 981625
28 2102 1927 0 1777797284 983553
27 2172 10480 0 1777797284 986973
26 2044 6290 0 1777797284 987885
30 2230 10831 0 1777797284 987978
29 2115 15068 0 1777797284 988219
31 2272 11549 0 1777797284 991297
26 2045 4776 0 1777797284 992671
29 2116 7481 0 1777797284 995702
30 2231 7969 0 1777797284 995949
28 2103 12614 0 1777797284 996169
31 2273 6763 0 1777797284 998066
27 2173 11224 0 1777797284 998202
30 2232 2821 0 1777797284 998773
30 2233 2688 0 1777797285 1462
27 2174 4680 0 1777797285 2884
29 2117 7509 0 1777797285 3214
31 2274 7004 0 1777797285 5072
26 2046 12505 0 1777797285 5178
30 2234 10039 0 1777797285 11505
28 2104 16911 0 1777797285 13082
29 2118 11246 0 1777797285 14462
30 2235 5130 0 1777797285 16639
27 2175 14103 0 1777797285 16993
31 2275 12978 0 1777797285 18052
26 2047 17619 0 1777797285 22798
28 2105 9733 0 1777797285 22818
30 2236 14087 0 1777797285 30729
28 2106 7978 0 1777797285 30807
31 2276 12832 0 1777797285 30887
29 2119 16502 0 1777797285 30969
27 2176 14331 0 1777797285 31327
28 2107 4567 0 1777797285 35376
31 2277 4519 0 1777797285 35407
27 2177 9160 0 1777797285 40489
29 2120 9525 0 1777797285 40495
28 2108 5608 0 1777797285 40987
31 2278 5586 0 1777797285 40994
26 2048 20751 0 1777797285 43572
27 2178 3119 0 1777797285 43617
30 2237 12887 0 1777797285 43624
29 2121 6464 0 1777797285 46972
28 2109 6678 0 1777797285 47672
31 2279 6678 0 1777797285 47680
30 2238 4462 0 1777797285 48107
31 2280 6169 0 1777797285 53861
27 2179 11209 0 1777797285 54834
30 2239 7173 0 1777797285 55283
28 2110 7632 0 1777797285 55313
31 2281 5662 0 1777797285 59532
28 2111 4281 0 1777797285 59595
30 2240 5678 0 1777797285 60963
27 2180 6697 0 1777797285 61533
27 2181 2236 0 1777797285 63770
28 2112 4648 0 1777797285 64244
28 2113 2702 0 1777797285 66951
31 2282 8439 0 1777797285 67972
27 2182 5548 0 1777797285 69321
28 2114 4081 0 1777797285 71035
26 2049 30669 0 1777797285 74250
30 2241 13347 0 1777797285 74312
27 2183 5199 0 1777797285 74530
28 2115 3881 0 1777797285 74918
31 2283 10530 0 1777797285 78503
28 2116 4036 0 1777797285 78956
30 2242 4736 0 1777797285 79049
27 2184 5830 0 1777797285 80361
29 2122 33504 0 1777797285 80478
28 2117 6254 0 1777797285 85213
30 2243 8513 0 1777797285 87563
28 2118 3932 0 1777797285 89147
30 2244 1777 0 1777797285 89342
29 2123 9743 0 1777797285 90280
30 2245 1703 0 1777797285 91046
28 2119 4322 0 1777797285 93474
31 2284 15041 0 1777797285 93546
27 2185 13933 0 1777797285 94295
31 2285 1566 0 1777797285 95114
30 2246 6380 0 1777797285 97428
29 2124 7715 0 1777797285 97996
28 2120 7563 0 1777797285 101038
29 2125 5920 0 1777797285 103918
27 2186 9644 0 1777797285 103941
31 2286 8844 0 1777797285 103960
30 2247 8108 0 1777797285 105539
28 2121 6105 0 1777797285 107155
27 2187 8737 0 1777797285 112679
30 2248 7148 0 1777797285 112688
28 2122 6023 0 1777797285 113186
31 2287 9277 0 1777797285 113238
29 2126 11723 0 1777797285 115644
27 2188 7013 0 1777797285 119702
28 2123 11597 0 1777797285 124790
29 2127 9138 0 1777797285 124793
30 2249 12097 0 1777797285 124797
31 2288 11562 0 1777797285 124801
27 2189 9628 0 1777797285 129332
30 2250 11026 0 1777797285 135838
28 2124 11134 0 1777797285 135936
29 2128 11410 0 1777797285 136217
31 2289 11420 0 1777797285 136237
27 2190 17823 0 1777797285 147167
31 2290 11248 0 1777797285 147486
28 2125 12587 0 1777797285 148526
29 2129 12385 0 1777797285 148603
30 2251 12796 0 1777797285 148635
27 2191 6170 0 1777797285 153340
31 2291 8192 0 1777797285 155680
29 2130 8957 0 1777797285 157562
26 2050 88932 0 1777797285 163184
31 2292 10093 0 1777797285 165777
28 2126 20277 0 1777797285 168804
27 2192 19877 0 1777797285 173223
31 2293 7467 0 1777797285 173247
31 2294 4368 0 1777797285 177635
29 2131 20137 0 1777797285 177701
30 2252 30224 0 1777797285 178860
26 2051 15755 0 1777797285 178942
27 2193 6397 0 1777797285 179645
29 2132 1939 0 1777797285 179655
29 2133 2628 0 1777797285 182295
31 2295 4670 0 1777797285 182306
30 2253 5017 0 1777797285 183879
29 2134 8397 0 1777797285 190704
28 2127 22003 0 1777797285 190813
26 2052 11933 0 1777797285 190876
30 2254 12100 0 1777797285 195981
28 2128 6559 0 1777797285 197374
30 2255 1450 0 1777797285 197436
26 2053 8022 0 1777797285 198899
28 2129 7668 0 1777797285 205049
26 2054 6367 0 1777797285 205269
29 2135 14739 0 1777797285 205446
28 2130 7556 0 1777797285 212606
26 2055 8019 0 1777797285 213289
31 2296 31961 0 1777797285 214281
28 2131 4371 0 1777797285 216980
28 2132 2401 0 1777797285 219383
26 2056 6276 0 1777797285 219570
28 2133 1771 0 1777797285 221156
28 2134 7236 0 1777797285 228394
30 2256 30975 0 1777797285 228413
26 2057 10433 0 1777797285 230004
31 2297 15908 0 1777797285 230195
28 2135 7935 0 1777797285 236349
31 2298 18603 0 1777797285 248800
26 2058 19528 0 1777797285 249534
28 2136 17806 0 1777797285 254158
26 2059 6566 0 1777797285 256103
26 2060 1671 0 1777797285 257780
29 2136 62126 0 1777797285 267574
31 2299 18841 0 1777797285 267644
31 2300 3371 0 1777797285 271017
28 2137 17328 0 1777797285 271492
28 2138 5746 0 1777797285 277243
28 2139 1865 0 1777797285 279117
28 2140 1692 0 1777797285 280813
28 2141 2113 0 1777797285 282927
26 2061 29518 0 1777797285 287301
28 2142 4380 0 1777797285 287310
29 2137 19820 0 1777797285 287396
27 2194 109051 0 1777797285 288707
27 2195 1010 0 1777797285 289721
28 2143 2638 0 1777797285 289961
27 2196 1936 0 1777797285 291659
26 2062 13308 0 1777797285 300619
29 2138 13317 0 1777797285 300714
28 2144 10813 0 1777797285 300776
30 2257 72339 0 1777797285 300782
28 2145 6276 0 1777797285 307059
27 2197 18901 0 1777797285 310565
28 2146 6872 0 1777797285 313937
30 2258 13592 0 1777797285 314389
27 2198 6400 0 1777797285 316968
26 2063 16866 0 1777797285 317488
29 2139 17971 0 1777797285 318687
28 2147 6630 0 1777797285 320571
29 2140 2181 0 1777797285 320871
26 2064 3943 0 1777797285 321433
29 2141 5052 0 1777797285 325926
31 2301 55996 0 1777797285 327022
30 2259 16162 0 1777797285 330554
31 2302 4106 0 1777797285 331131
28 2148 10813 0 1777797285 331388
30 2260 2850 0 1777797285 333406
29 2142 10328 0 1777797285 336256
30 2261 3077 0 1777797285 336486
29 2143 6634 0 1777797285 342895
31 2303 11766 0 1777797285 342903
29 2144 4616 0 1777797285 347520
26 2065 30285 0 1777797285 351722
29 2145 4261 0 1777797285 351786
31 2304 8897 0 1777797285 351810
27 2199 40817 0 1777797285 357794
28 2149 26409 0 1777797285 357799
30 2262 21315 0 1777797285 357803
31 2305 5975 0 1777797285 357807
26 2066 11836 0 1777797285 363647
31 2306 6562 0 1777797285 364386
31 2307 2326 0 1777797285 366715
28 2150 9875 0 1777797285 367689
29 2146 16177 0 1777797285 368001
30 2263 12566 0 1777797285 370385
27 2200 14002 0 1777797285 371809
28 2151 13454 0 1777797285 381145
27 2201 10126 0 1777797285 381940
26 2067 21802 0 1777797285 385452
30 2264 16614 0 1777797285 387003
30 2265 4183 0 1777797285 391192
30 2266 4272 0 1777797285 395470
26 2068 20447 0 1777797285 405901
28 2152 25225 0 1777797285 406375
29 2147 38377 0 1777797285 406381
31 2308 39550 0 1777797285 406387
27 2202 24533 0 1777797285 406478
30 2267 13685 0 1777797285 409158
27 2203 5868 0 1777797285 412347
28 2153 7267 0 1777797285 413655
30 2268 5015 0 1777797285 414182
29 2148 8274 0 1777797285 414670
27 2204 9662 0 1777797285 422011
28 2154 8363 0 1777797285 422019
29 2149 7352 0 1777797285 422025
30 2269 7847 0 1777797285 422031
31 2309 15633 0 1777797285 422037
28 2155 4391 0 1777797285 426443
30 2270 4393 0 1777797285 426461
31 2310 4393 0 1777797285 426469
27 2205 6541 0 1777797285 428579
27 2206 5288 0 1777797285 433870
31 2311 7414 0 1777797285 433915
30 2271 14422 0 1777797285 440914
29 2150 19117 0 1777797285 441178
31 2312 7506 0 1777797285 441422
27 2207 11177 0 1777797285 445055
28 2156 19167 0 1777797285 445638
30 2272 4915 0 1777797285 445830
29 2151 9296 0 1777797285 450475
27 2208 8336 0 1777797285 453402
28 2157 7970 0 1777797285 453610
31 2313 12196 0 1777797285 453619
30 2273 9702 0 1777797285 455533
26 2069 56397 0 1777797285 462300
27 2209 8688 0 1777797285 462308
28 2158 8663 0 1777797285 462313
29 2152 11830 0 1777797285 462319
31 2314 8656 0 1777797285 462327
30 2274 13551 0 1777797285 469086
26 2070 7402 0 1777797285 469730
31 2315 8599 0 1777797285 470958
28 2159 8985 0 1777797285 471330
27 2210 9016 0 1777797285 471354
29 2153 16322 0 1777797285 478674
30 2275 10418 0 1777797285 479507
26 2071 10317 0 1777797285 480048
31 2316 17742 0 1777797285 488704
28 2160 18837 0 1777797285 490170
27 2211 18835 0 1777797285 490191
29 2154 12800 0 1777797285 491476
30 2276 11998 0 1777797285 491506
26 2072 15370 0 1777797285 495420
30 2277 13711 0 1777797285 505218
28 2161 15126 0 1777797285 505298
29 2155 14289 0 1777797285 505768
26 2073 10379 0 1777797285 505803
27 2212 17813 0 1777797285 508005
30 2278 2819 0 1777797285 508040
29 2156 6343 0 1777797285 512116
28 2162 9620 0 1777797285 514919
28 2163 7212 0 1777797285 522132
27 2213 15242 0 1777797285 523250
26 2074 21798 0 1777797285 527602
30 2279 20831 0 1777797285 528872
29 2157 21807 0 1777797285 533926
27 2214 13891 0 1777797285 537143
31 2317 49332 0 1777797285 538039
26 2075 11394 0 1777797285 538999
28 2164 17346 0 1777797285 539481
29 2158 7976 0 1777797285 541904
26 2076 3010 0 1777797285 542016
26 2077 6583 0 1777797285 548601
27 2215 15134 0 1777797285 552279
28 2165 12827 0 1777797285 552312
30 2280 23453 0 1777797285 552331
31 2318 14310 0 1777797285 552352
29 2159 10967 0 1777797285 552873
31 2319 7021 0 1777797285 559402
30 2281 11283 0 1777797285 563659
26 2078 41888 0 1777797285 590491
27 2216 38144 0 1777797285 590498
28 2166 38137 0 1777797285 590504
29 2160 37634 0 1777797285 590511
30 2282 27729 0 1777797285 591391
29 2161 2250 0 1777797285 592806
31 2320 33423 0 1777797285 592828
27 2217 3961 0 1777797285 594497
28 2167 4481 0 1777797285 595030
26 2079 9208 0 1777797285 599721
30 2283 8345 0 1777797285 599740
31 2321 10499 0 1777797285 603348
28 2168 8515 0 1777797285 603550
27 2218 9165 0 1777797285 603710
29 2162 10985 0 1777797285 603815
30 2284 6447 0 1777797285 606201
28 2169 3388 0 1777797285 606940
31 2322 3968 0 1777797285 607317
26 2080 7751 0 1777797285 607492
27 2219 4066 0 1777797285 607777
29 2163 6572 0 1777797285 610395
31 2323 4984 0 1777797285 612304
30 2285 8123 0 1777797285 614332
26 2081 7130 0 1777797285 614624
31 2324 2568 0 1777797285 614876
28 2170 8008 0 1777797285 614950
29 2164 5429 0 1777797285 615836
30 2286 4453 0 1777797285 618789
31 2325 6769 0 1777797285 621705
26 2082 10231 0 1777797285 624859
28 2171 15482 0 1777797285 630434
29 2165 15479 0 1777797285 631318
31 2326 9883 0 1777797285 631590
26 2083 7278 0 1777797285 632140
28 2172 1901 0 1777797285 632338
30 2287 15240 0 1777797285 634031
31 2327 3942 0 1777797285 635535
27 2220 30497 0 1777797285 638276
28 2173 7378 0 1777797285 639718
29 2166 8756 0 1777797285 640077
31 2328 7433 0 1777797285 642970
27 2221 7025 0 1777797285 645305
26 2084 14894 0 1777797285 647036
26 2085 3760 0 1777797285 650802
27 2222 6311 0 1777797285 651627
30 2288 18775 0 1777797285 652810
31 2329 11087 0 1777797285 654060
26 2086 13874 0 1777797285 664679
27 2223 13071 0 1777797285 664699
28 2174 24984 0 1777797285 664705
30 2289 11902 0 1777797285 664713
31 2330 10656 0 1777797285 664719
29 2167 25862 0 1777797285 665941
27 2224 6349 0 1777797285 671107
31 2331 6983 0 1777797285 671788
28 2175 8982 0 1777797285 673757
29 2168 8729 0 1777797285 674673
26 2087 10318 0 1777797285 675038
26 2088 10217 0 1777797285 685258
27 2225 14166 0 1777797285 685275
30 2290 20497 0 1777797285 685294
31 2332 13513 0 1777797285 685303
29 2169 13882 0 1777797285 688557
26 2089 4376 0 1777797285 689680
26 2090 5323 0 1777797285 695008
30 2291 9716 0 1777797285 695038
27 2226 11060 0 1777797285 696376
29 2170 8170 0 1777797285 696729
30 2292 4335 0 1777797285 699385
29 2171 2904 0 1777797285 699636
27 2227 4097 0 1777797285 700476
30 2293 4203 0 1777797285 703596
29 2172 5375 0 1777797285 705013
27 2228 6073 0 1777797285 706551
31 2333 25438 0 1777797285 710767
28 2176 37274 0 1777797285 711039
29 2173 6034 0 1777797285 711050
27 2229 4682 0 1777797285 711237
30 2294 8248 0 1777797285 711847
30 2295 3201 0 1777797285 715050
26 2091 20828 0 1777797285 715867
27 2230 4739 0 1777797285 715978
31 2334 10202 0 1777797285 720971
29 2174 10458 0 1777797285 721521
30 2296 8119 0 1777797285 723171
27 2231 8184 0 1777797285 724164
28 2177 14107 0 1777797285 725157
28 2178 2043 0 1777797285 727207
27 2232 3473 0 1777797285 727639
26 2092 13072 0 1777797285 728941
30 2297 7654 0 1777797285 730828
27 2233 5592 0 1777797285 733236
31 2335 13056 0 1777797285 734032
31 2336 8338 0 1777797285 742374
26 2093 13634 0 1777797285 742577
28 2179 15373 0 1777797285 742583
27 2234 9661 0 1777797285 742899
29 2175 21951 0 1777797285 743474
27 2235 3615 0 1777797285 746515
28 2180 4694 0 1777797285 747288
30 2298 22099 0 1777797285 752928
31 2337 10619 0 1777797285 752994
29 2176 11645 0 1777797285 755122
27 2236 8714 0 1777797285 755232
27 2237 3883 0 1777797285 759117
30 2299 8067 0 1777797285 760996
31 2338 9567 0 1777797285 762562
27 2238 5022 0 1777797285 764141
30 2300 5113 0 1777797285 766112
31 2339 3840 0 1777797285 766404
27 2239 4475 0 1777797285 768618
28 2181 23244 0 1777797285 770537
26 2094 28816 0 1777797285 771400
26 2095 2027 0 1777797285 773429
27 2240 4868 0 1777797285 773488
30 2301 8273 0 1777797285 774388
28 2182 4271 0 1777797285 774810
30 2302 2190 0 1777797285 776580
27 2241 3599 0 1777797285 777088
26 2096 8651 0 1777797285 782082
27 2242 4999 0 1777797285 782090
29 2177 26973 0 1777797285 782098
30 2303 5922 0 1777797285 782507
28 2183 7714 0 1777797285 782527
28 2184 8959 0 1777797285 791487
31 2340 25219 0 1777797285 791624
29 2178 9629 0 1777797285 791755
27 2243 9656 0 1777797285 791773
26 2097 9743 0 1777797285 791842
30 2304 9341 0 1777797285 791850
27 2244 10126 0 1777797285 801900
29 2179 10152 0 1777797285 801908
26 2098 12223 0 1777797285 804073
30 2305 12384 0 1777797285 804242
28 2185 12833 0 1777797285 804322
29 2180 11290 0 1777797285 813211
30 2306 9385 0 1777797285 813628
27 2245 12415 0 1777797285 814324
31 2341 22733 0 1777797285 814358
29 2181 6372 0 1777797285 819585
31 2342 5234 0 1777797285 819593
30 2307 13290 0 1777797285 826920
27 2246 12712 0 1777797285 827040
26 2099 24459 0 1777797285 828534
28 2186 25427 0 1777797285 829751
31 2343 18299 0 1777797285 837921
30 2308 16326 0 1777797285 843255
26 2100 15327 0 1777797285 843864
27 2247 16889 0 1777797285 843932
29 2182 24345 0 1777797285 843938
28 2187 16082 0 1777797285 845842
31 2344 8213 0 1777797285 846139
30 2309 5854 0 1777797285 849111
27 2248 7506 0 1777797285 851463
29 2183 7659 0 1777797285 851623
31 2345 9748 0 1777797285 855890
28 2188 14302 0 1777797285 860148
30 2310 11064 0 1777797285 860178
26 2101 17038 0 1777797285 860977
29 2184 9744 0 1777797285 861369
27 2249 13918 0 1777797285 865389
28 2189 5313 0 1777797285 865464
29 2185 4109 0 1777797285 865484
30 2311 5313 0 1777797285 865492
30 2312 4521 0 1777797285 870022
29 2186 7009 0 1777797285 872502
27 2250 7386 0 1777797285 872777
28 2190 7324 0 1777797285 872789
26 2102 12424 0 1777797285 873404
30 2313 9173 0 1777797285 879198
31 2346 23315 0 1777797285 879207
26 2103 10857 0 1777797285 884263
29 2187 12055 0 1777797285 884562
27 2251 12186 0 1777797285 884976
31 2347 11165 0 1777797285 890405
30 2314 14763 0 1777797285 893971
29 2188 19777 0 1777797285 904341
26 2104 22965 0 1777797285 907238
28 2191 34448 0 1777797285 907247
28 2192 1998 0 1777797285 909256
26 2105 3188 0 1777797285 910436
27 2252 25473 0 1777797285 910451
28 2193 3903 0 1777797285 913162
30 2315 20435 0 1777797285 914407
26 2106 6641 0 1777797285 917094
29 2189 24215 0 1777797285 928557
30 2316 17725 0 1777797285 932134
28 2194 23240 0 1777797285 936403
26 2107 19934 0 1777797285 937030
29 2190 13703 0 1777797285 942264
30 2317 11146 0 1777797285 943281
31 2348 59323 0 1777797285 949730
28 2195 13356 0 1777797285 949764
30 2318 7619 0 1777797285 950900
26 2108 17849 0 1777797285 954880
29 2191 16014 0 1777797285 958280
26 2109 5017 0 1777797285 959899
31 2349 11495 0 1777797285 961230
30 2319 11184 0 1777797285 962087
27 2253 54279 0 1777797285 964750
28 2196 18250 0 1777797285 968015
29 2192 9741 0 1777797285 968023
26 2110 8606 0 1777797285 968513
30 2320 6446 0 1777797285 968536
30 2321 5586 0 1777797285 974123
28 2197 6473 0 1777797285 974497
26 2111 8455 0 1777797285 976973
28 2198 3849 0 1777797285 978350
29 2193 11610 0 1777797285 979642
29 2194 1185 0 1777797285 980831
31 2350 19663 0 1777797285 980897
27 2254 17861 0 1777797285 982613
27 2255 1661 0 1777797285 984276
30 2322 10183 0 1777797285 984313
31 2351 3420 0 1777797285 984319
26 2112 11171 0 1777797285 988147
27 2256 4324 0 1777797285 988602
28 2199 10475 0 1777797285 988828
29 2195 9335 0 1777797285 990168
28 2200 1578 0 1777797285 990408
27 2257 2795 0 1777797285 991401
26 2113 3926 0 1777797285 992075
30 2323 9376 0 1777797285 993696
26 2114 13717 0 1777797286 5795
29 2196 18206 0 1777797286 8378
30 2324 21157 0 1777797286 14856
27 2258 24176 0 1777797286 15579
29 2197 8780 0 1777797286 17160
26 2115 12525 0 1777797286 18323
31 2352 37635 0 1777797286 21964
27 2259 7588 0 1777797286 23170
31 2353 1466 0 1777797286 23431
27 2260 3543 0 1777797286 26715
31 2354 3421 0 1777797286 26853
26 2116 12746 0 1777797286 31073
29 2198 14329 0 1777797286 31492
26 2117 7961 0 1777797286 39036
28 2201 48631 0 1777797286 39042
27 2261 12372 0 1777797286 39090
31 2355 12359 0 1777797286 39214
29 2199 10145 0 1777797286 41640
30 2325 27288 0 1777797286 42146
27 2262 4233 0 1777797286 43324
30 2326 1447 0 1777797286 43595
30 2327 3420 0 1777797286 47017
28 2202 8438 0 1777797286 47491
28 2203 5625 0 1777797286 53118
27 2263 10511 0 1777797286 53838
27 2264 850 0 1777797286 54690
27 2265 2742 0 1777797286 57438
26 2118 19273 0 1777797286 58316
30 2328 11814 0 1777797286 58833
29 2200 18441 0 1777797286 60083
27 2266 6241 0 1777797286 63682
28 2204 10580 0 1777797286 63705
28 2205 879 0 1777797286 64585
27 2267 2592 0 1777797286 66277
30 2329 8607 0 1777797286 67442
28 2206 6238 0 1777797286 70826
29 2201 11836 0 1777797286 71920
31 2356 35653 0 1777797286 74868
30 2330 7455 0 1777797286 74898
26 2119 17459 0 1777797286 75776
28 2207 4968 0 1777797286 75796
31 2357 3314 0 1777797286 78183
31 2358 1857 0 1777797286 80045
31 2359 782 0 1777797286 80828
28 2208 5486 0 1777797286 81283
31 2360 1810 0 1777797286 82639
28 2209 2745 0 1777797286 84031
26 2120 9008 0 1777797286 84786
29 2202 15091 0 1777797286 87016
28 2210 5568 0 1777797286 89602
30 2331 14901 0 1777797286 89801
28 2211 1609 0 1777797286 91214
28 2212 1935 0 1777797286 93153
31 2361 10740 0 1777797286 93381
31 2362 2110 0 1777797286 95493
28 2213 3357 0 1777797286 96513
31 2363 1303 0 1777797286 96798
28 2214 2313 0 1777797286 98828
31 2364 2892 0 1777797286 99692
27 2268 41300 0 1777797286 107579
28 2215 8786 0 1777797286 107616
31 2365 8778 0 1777797286 108473
29 2203 21480 0 1777797286 108539
30 2332 19866 0 1777797286 109669
30 2333 3355 0 1777797286 113026
27 2269 5587 0 1777797286 113173
26 2121 29018 0 1777797286 113808
30 2334 1185 0 1777797286 114214
26 2122 1182 0 1777797286 114992
28 2216 9177 0 1777797286 116794
28 2217 4075 0 1777797286 120872
31 2366 12794 0 1777797286 121268
26 2123 8750 0 1777797286 123745
31 2367 2845 0 1777797286 124114
28 2218 3818 0 1777797286 124692
30 2335 10675 0 1777797286 124890
28 2219 4135 0 1777797286 128831
31 2368 5402 0 1777797286 129518
28 2220 3892 0 1777797286 132725
27 2270 20488 0 1777797286 133664
29 2204 25939 0 1777797286 134479
28 2221 2289 0 1777797286 135017
27 2271 3707 0 1777797286 137373
26 2124 17034 0 1777797286 140781
29 2205 6312 0 1777797286 140792
30 2336 22118 0 1777797286 147009
31 2369 17514 0 1777797286 147034
26 2125 7241 0 1777797286 148036
27 2272 12260 0 1777797286 149642
26 2126 3699 0 1777797286 151739
26 2127 6651 0 1777797286 158392
29 2206 17739 0 1777797286 158545
28 2222 23556 0 1777797286 158576
30 2337 11797 0 1777797286 158833
27 2273 9262 0 1777797286 158910
31 2370 12038 0 1777797286 159090
29 2207 3213 0 1777797286 161760
28 2223 8816 0 1777797286 167395
30 2338 8906 0 1777797286 167741
29 2208 6656 0 1777797286 168418
27 2274 9759 0 1777797286 168670
26 2128 14171 0 1777797286 172565
29 2209 8383 0 1777797286 176803
30 2339 9068 0 1777797286 176810
27 2275 8742 0 1777797286 177414
31 2371 18360 0 1777797286 177452
28 2224 11611 0 1777797286 179014
28 2225 8317 0 1777797286 187334
27 2276 10583 0 1777797286 187999
29 2210 11220 0 1777797286 188031
30 2340 11283 0 1777797286 188105
31 2372 10664 0 1777797286 188117
26 2129 15736 0 1777797286 188303
