13 1 462648 0 1777797256 977907
13 2 4311 0 1777797256 982240
13 3 4836 0 1777797256 987081
13 4 9618 0 1777797256 996704
13 5 2110 0 1777797256 998823
13 6 6133 0 1777797257 4963
13 7 10543 0 1777797257 15509
13 8 14019 0 1777797257 29534
13 9 1831 0 1777797257 31374
13 10 1710 0 1777797257 33093
13 11 2170 0 1777797257 35275
13 12 14938 0 1777797257 50222
13 13 1904 0 1777797257 52129
13 14 2576 0 1777797257 54713
13 15 24965 0 1777797257 79680
13 16 18814 0 1777797257 98504
13 17 5333 0 1777797257 103844
13 18 20172 0 1777797257 124026
13 19 6497 0 1777797257 130526
13 20 5260 0 1777797257 135799
13 21 12115 0 1777797257 147923
13 22 3762 0 1777797257 151693
13 23 10669 0 1777797257 162368
13 24 2765 0 1777797257 165142
13 25 1261 0 1777797257 166411
13 26 4140 0 1777797257 170555
13 27 3974 0 1777797257 174537
13 28 18461 0 1777797257 193006
13 29 3941 0 1777797257 196972
13 30 6798 0 1777797257 203779
13 31 11189 0 1777797257 214972
13 32 6122 0 1777797257 221104
13 33 6699 0 1777797257 227810
13 34 782 0 1777797257 228594
13 35 3086 0 1777797257 231688
13 36 1907 0 1777797257 233600
13 37 14824 0 1777797257 248430
13 38 9130 0 1777797257 257563
13 39 11744 0 1777797257 269314
13 40 4451 0 1777797257 273767
13 41 11177 0 1777797257 284952
13 42 18842 0 1777797257 303800
13 43 4435 0 1777797257 308244
13 44 11030 0 1777797257 319284
13 45 11529 0 1777797257 330815
13 46 7946 0 1777797257 338771
13 47 4573 0 1777797257 343350
13 48 3267 0 1777797257 346622
13 49 7130 0 1777797257 353760
13 50 4923 0 1777797257 358687
13 51 2338 0 1777797257 361030
13 52 8956 0 1777797257 369991
13 53 8109 0 1777797257 378103
13 54 1766 0 1777797257 379878
13 55 6006 0 1777797257 385889
13 56 3090 0 1777797257 388982
13 57 9047 0 1777797257 398035
13 58 17993 0 1777797257 416034
13 59 16136 0 1777797257 432178
13 60 9652 0 1777797257 441839
13 61 921 0 1777797257 442766
13 62 1649 0 1777797257 444421
13 63 5900 0 1777797257 450334
13 64 8281 0 1777797257 458620
13 65 16592 0 1777797257 475215
13 66 10427 0 1777797257 485648
13 67 1976 0 1777797257 487629
13 68 8898 0 1777797257 496542
13 69 13284 0 1777797257 509828
8 1 996929 0 1777797257 512143
13 70 3427 0 1777797257 513256
8 2 1852 0 1777797257 514000
8 3 1645 0 1777797257 515649
13 71 2686 0 1777797257 515946
8 4 4214 0 1777797257 519870
13 72 5072 0 1777797257 521021
8 5 3087 0 1777797257 522966
13 73 4878 0 1777797257 525905
13 74 1854 0 1777797257 527765
13 75 1913 0 1777797257 529684
13 76 1304 0 1777797257 530993
8 6 13351 0 1777797257 536322
13 77 8547 0 1777797257 539544
8 7 4723 0 1777797257 541066
8 8 2279 0 1777797257 543348
8 9 4217 0 1777797257 547574
8 10 1464 0 1777797257 549043
8 11 4394 0 1777797257 553441
13 78 19339 0 1777797257 558888
13 79 5204 0 1777797257 564095
8 12 12691 0 1777797257 566135
13 80 5210 0 1777797257 569310
8 13 12881 0 1777797257 579022
13 81 23059 0 1777797257 592377
8 14 13414 0 1777797257 592442
13 82 4644 0 1777797257 597023
8 15 7976 0 1777797257 600420
13 83 35533 0 1777797257 632558
8 16 33022 0 1777797257 633446
13 84 915 0 1777797257 633478
8 17 2971 0 1777797257 636450
8 18 1851 0 1777797257 638304
13 85 6354 0 1777797257 639853
8 19 2929 0 1777797257 641235
13 86 9440 0 1777797257 649294
8 20 8241 0 1777797257 649479
13 87 15973 0 1777797257 665270
8 21 19465 0 1777797257 668945
11 1 1153736 0 1777797257 668984
13 88 13037 0 1777797257 678309
12 1 1163213 0 1777797257 678467
7 1 1167602 0 1777797257 682809
8 22 13838 0 1777797257 682823
13 89 4594 0 1777797257 682906
11 2 13999 0 1777797257 682994
12 2 9385 0 1777797257 687855
7 2 12008 0 1777797257 694833
13 90 11998 0 1777797257 694906
8 23 12434 0 1777797257 695273
8 24 1515 0 1777797257 696790
13 91 2905 0 1777797257 697812
8 25 2718 0 1777797257 699510
11 3 16571 0 1777797257 699566
12 3 12559 0 1777797257 700424
13 92 7246 0 1777797257 705065
7 3 10720 0 1777797257 705562
8 26 13620 0 1777797257 713132
11 4 19318 0 1777797257 718885
7 4 14922 0 1777797257 720488
13 93 15433 0 1777797257 720502
12 4 20108 0 1777797257 720537
8 27 15535 0 1777797257 728669
11 5 18644 0 1777797257 737530
7 5 21838 0 1777797257 742341
13 94 25636 0 1777797257 746159
7 6 11778 0 1777797257 754128
12 5 33600 0 1777797257 754138
7 7 9415 0 1777797257 763555
11 6 26069 0 1777797257 763664
12 6 9548 0 1777797257 763714
13 95 21109 0 1777797257 767270
8 28 41440 0 1777797257 770111
11 7 9134 0 1777797257 772799
11 8 679 0 1777797257 773480
8 29 3827 0 1777797257 773947
11 9 1660 0 1777797257 775143
11 10 1599 0 1777797257 776747
11 11 6927 0 1777797257 783680
11 12 2532 0 1777797257 786214
11 13 1663 0 1777797257 787879
11 14 681 0 1777797257 788568
13 96 21691 0 1777797257 788963
13 97 798 0 1777797257 789764
11 15 4629 0 1777797257 793200
7 8 31812 0 1777797257 795369
12 7 31662 0 1777797257 795377
8 30 30654 0 1777797257 804605
13 98 16056 0 1777797257 805823
11 16 14141 0 1777797257 807344
8 31 7297 0 1777797257 811905
13 99 8771 0 1777797257 814598
11 17 9332 0 1777797257 816680
8 32 8953 0 1777797257 820860
7 9 27487 0 1777797257 822865
12 8 28592 0 1777797257 823982
13 100 9495 0 1777797257 824095
7 10 5571 0 1777797257 828444
11 18 11986 0 1777797257 828672
10 1 1319534 0 1777797257 834767
8 33 16521 0 1777797257 837383
10 2 5128 0 1777797257 839899
13 101 15813 0 1777797257 839910
12 9 16265 0 1777797257 840252
7 11 12750 0 1777797257 841196
8 34 3818 0 1777797257 841208
12 10 2108 0 1777797257 842363
10 3 3000 0 1777797257 842912
8 35 3128 0 1777797257 844348
7 12 4486 0 1777797257 845695
12 11 4140 0 1777797257 846504
7 13 1841 0 1777797257 847539
8 36 16678 0 1777797257 861029
11 19 32499 0 1777797257 861172
10 4 18452 0 1777797257 861366
7 14 16194 0 1777797257 863735
12 12 17417 0 1777797257 863923
11 20 6051 0 1777797257 867224
10 5 6543 0 1777797257 867910
11 21 3306 0 1777797257 870532
8 37 10747 0 1777797257 871783
7 15 9809 0 1777797257 873551
11 22 3068 0 1777797257 873602
13 102 33704 0 1777797257 873626
11 23 1445 0 1777797257 875050
8 38 4724 0 1777797257 876510
11 24 1886 0 1777797257 876937
12 13 15005 0 1777797257 878930
12 14 2782 0 1777797257 881715
8 39 8776 0 1777797257 885289
10 6 17381 0 1777797257 885294
7 16 11785 0 1777797257 885338
13 103 13778 0 1777797257 887405
13 104 3660 0 1777797257 891068
10 7 7449 0 1777797257 892762
12 15 16895 0 1777797257 898611
13 105 7994 0 1777797257 899072
8 40 13828 0 1777797257 899123
7 17 21019 0 1777797257 906358
10 8 13656 0 1777797257 906421
12 16 7843 0 1777797257 906456
13 106 11025 0 1777797257 910100
9 1 1394985 0 1777797257 910211
10 9 3841 0 1777797257 910264
7 18 4613 0 1777797257 910975
8 41 13609 0 1777797257 912734
11 25 35981 0 1777797257 912919
12 17 10775 0 1777797257 917233
7 19 7122 0 1777797257 918098
8 42 5470 0 1777797257 918206
10 10 7946 0 1777797257 918211
9 2 13284 0 1777797257 923496
11 26 10586 0 1777797257 923508
13 107 14401 0 1777797257 924503
12 18 12829 0 1777797257 930065
13 108 5568 0 1777797257 930073
8 43 11905 0 1777797257 930117
7 20 16326 0 1777797257 934427
10 11 16440 0 1777797257 934671
9 3 11269 0 1777797257 934778
11 27 12516 0 1777797257 936032
8 44 8128 0 1777797257 938246
13 109 12539 0 1777797257 942640
9 4 7916 0 1777797257 942695
10 12 8887 0 1777797257 943560
12 19 13567 0 1777797257 943641
11 28 7675 0 1777797257 943709
7 21 12511 0 1777797257 946947
13 110 6157 0 1777797257 948836
8 45 11087 0 1777797257 949335
9 5 9338 0 1777797257 952035
13 111 6787 0 1777797257 955625
12 20 13426 0 1777797257 957069
9 6 6642 0 1777797257 958681
10 13 15141 0 1777797257 958703
11 29 15010 0 1777797257 958720
13 112 3120 0 1777797257 958748
8 46 12906 0 1777797257 962244
13 113 4431 0 1777797257 963180
11 30 5044 0 1777797257 963765
12 21 10305 0 1777797257 967376
9 7 8844 0 1777797257 967527
10 14 9625 0 1777797257 968329
8 47 8850 0 1777797257 971096
11 31 7344 0 1777797257 971110
7 22 28416 0 1777797257 975365
12 22 8010 0 1777797257 975389
13 114 12217 0 1777797257 975399
9 8 11746 0 1777797257 979274
10 15 11288 0 1777797257 979620
8 48 8661 0 1777797257 979773
11 32 9745 0 1777797257 980868
9 9 5681 0 1777797257 984958
13 115 9558 0 1777797257 984976
12 23 11401 0 1777797257 986812
7 23 11868 0 1777797257 987268
8 49 9453 0 1777797257 989227
11 33 8365 0 1777797257 989240
9 10 4750 0 1777797257 989727
10 16 14839 0 1777797257 994461
13 116 10548 0 1777797257 995547
9 11 6205 0 1777797257 995934
7 24 8627 0 1777797257 995949
8 50 6726 0 1777797257 995967
12 24 9625 0 1777797257 996438
10 17 2501 0 1777797257 996964
11 34 10535 0 1777797257 999799
13 117 4259 0 1777797257 999808
12 25 3403 0 1777797257 999842
7 25 7604 0 1777797258 3554
10 18 6614 0 1777797258 3580
9 12 8618 0 1777797258 4553
8 51 9856 0 1777797258 5824
12 26 5999 0 1777797258 5842
13 118 7060 0 1777797258 6883
10 19 3586 0 1777797258 7184
11 35 7385 0 1777797258 7194
7 26 8265 0 1777797258 11847
9 13 7323 0 1777797258 11877
10 20 8013 0 1777797258 15208
8 52 10773 0 1777797258 16600
11 36 9399 0 1777797258 16604
12 27 10764 0 1777797258 16607
13 119 9724 0 1777797258 16611
7 27 6633 0 1777797258 18486
9 14 6612 0 1777797258 18490
8 53 3795 0 1777797258 20406
10 21 6982 0 1777797258 22191
13 120 6811 0 1777797258 23437
11 37 9588 0 1777797258 26205
10 22 5077 0 1777797258 27273
13 121 4459 0 1777797258 27900
12 28 12019 0 1777797258 28640
11 38 2914 0 1777797258 29125
10 23 4087 0 1777797258 31362
8 54 10980 0 1777797258 31388
7 28 13687 0 1777797258 32178
8 55 1370 0 1777797258 32760
8 56 1549 0 1777797258 34310
8 57 1959 0 1777797258 36272
12 29 12721 0 1777797258 41366
13 122 14373 0 1777797258 42277
11 39 15744 0 1777797258 44872
7 29 12726 0 1777797258 44906
10 24 13552 0 1777797258 44916
9 15 26624 0 1777797258 45120
12 30 6125 0 1777797258 47494
13 123 5357 0 1777797258 47636
13 124 1229 0 1777797258 48866
12 31 1852 0 1777797258 49347
7 30 5140 0 1777797258 50058
9 16 5523 0 1777797258 50644
7 31 3435 0 1777797258 53496
12 32 4701 0 1777797258 54049
13 125 5750 0 1777797258 54618
11 40 9862 0 1777797258 54739
10 25 12556 0 1777797258 57483
12 33 3710 0 1777797258 57761
13 126 3803 0 1777797258 58422
11 41 4606 0 1777797258 59347
10 26 3489 0 1777797258 60974
9 17 10853 0 1777797258 61499
13 127 5383 0 1777797258 63808
11 42 4697 0 1777797258 64046
12 34 6553 0 1777797258 64316
11 43 2842 0 1777797258 66890
12 35 2839 0 1777797258 67158
13 128 4605 0 1777797258 68416
7 32 16063 0 1777797258 69561
9 18 10415 0 1777797258 71917
10 27 10947 0 1777797258 71929
12 36 4778 0 1777797258 71938
13 129 3560 0 1777797258 71977
11 44 7945 0 1777797258 74838
10 28 5391 0 1777797258 77343
13 130 5370 0 1777797258 77348
9 19 6244 0 1777797258 78183
12 37 7687 0 1777797258 79648
7 33 15172 0 1777797258 84735
9 20 7691 0 1777797258 85879
10 29 9135 0 1777797258 86483
13 131 9495 0 1777797258 86849
9 21 4096 0 1777797258 89981
11 45 15158 0 1777797258 89997
12 38 10636 0 1777797258 90291
13 132 5434 0 1777797258 92293
8 58 59431 0 1777797258 95706
9 22 5917 0 1777797258 95900
7 34 21205 0 1777797258 105950
10 30 19474 0 1777797258 105958
9 23 12406 0 1777797258 108308
10 31 2606 0 1777797258 108576
12 39 21598 0 1777797258 111891
8 59 16230 0 1777797258 111938
11 46 22199 0 1777797258 112197
13 133 19909 0 1777797258 112204
7 35 6834 0 1777797258 112794
13 134 2730 0 1777797258 114945
11 47 4527 0 1777797258 116732
12 40 7247 0 1777797258 119140
13 135 4200 0 1777797258 119147
10 32 13799 0 1777797258 122377
9 24 14513 0 1777797258 122823
7 36 11469 0 1777797258 124267
11 48 11871 0 1777797258 128605
12 41 9462 0 1777797258 128610
13 136 9448 0 1777797258 128614
8 60 16812 0 1777797258 128752
10 33 6394 0 1777797258 128772
13 137 5860 0 1777797258 134487
9 25 11693 0 1777797258 134518
12 42 7993 0 1777797258 136614
10 34 8235 0 1777797258 137008
13 138 4163 0 1777797258 138654
11 49 10272 0 1777797258 138887
11 50 1051 0 1777797258 139940
10 35 3750 0 1777797258 140759
11 51 941 0 1777797258 140883
13 139 6080 0 1777797258 144736
10 36 16219 0 1777797258 156980
11 52 16909 0 1777797258 157798
8 61 29059 0 1777797258 157813
12 43 21249 0 1777797258 157864
13 140 13133 0 1777797258 157872
7 37 33626 0 1777797258 157898
9 26 25949 0 1777797258 160468
10 37 12426 0 1777797258 169406
11 53 11625 0 1777797258 169425
7 38 16049 0 1777797258 173948
8 62 16138 0 1777797258 173952
9 27 13527 0 1777797258 173996
12 44 16127 0 1777797258 174000
13 141 16117 0 1777797258 174002
8 63 7965 0 1777797258 181973
12 45 11130 0 1777797258 185148
13 142 11140 0 1777797258 185163
11 54 20275 0 1777797258 189702
12 46 18383 0 1777797258 203547
13 143 18386 0 1777797258 203569
7 39 32738 0 1777797258 206741
8 64 25344 0 1777797258 207318
9 28 33316 0 1777797258 207328
10 38 37928 0 1777797258 207336
12 47 3774 0 1777797258 207344
13 144 3798 0 1777797258 207399
11 55 21399 0 1777797258 211103
12 48 5285 0 1777797258 212667
13 145 5275 0 1777797258 212675
8 65 10822 0 1777797258 218167
9 29 10818 0 1777797258 218173
10 39 10808 0 1777797258 218179
11 56 7054 0 1777797258 218193
7 40 20536 0 1777797258 227280
8 66 9092 0 1777797258 227287
11 57 9069 0 1777797258 227295
12 49 14624 0 1777797258 227300
13 146 14623 0 1777797258 227306
9 30 10273 0 1777797258 228478
10 40 10279 0 1777797258 228498
7 41 10214 0 1777797258 237521
10 41 9018 0 1777797258 237530
11 58 10214 0 1777797258 237536
12 50 10213 0 1777797258 237542
13 147 10211 0 1777797258 237548
8 67 10316 0 1777797258 237631
9 31 13116 0 1777797258 241615
7 42 10915 0 1777797258 248464
8 68 10841 0 1777797258 248473
10 42 10920 0 1777797258 248479
11 59 10927 0 1777797258 248493
12 51 10926 0 1777797258 248500
13 148 10891 0 1777797258 248506
7 43 9224 0 1777797258 257730
8 69 9218 0 1777797258 257740
9 32 16127 0 1777797258 257744
10 43 9218 0 1777797258 257748
11 60 9209 0 1777797258 257752
12 52 9204 0 1777797258 257756
13 149 9198 0 1777797258 257764
8 70 10883 0 1777797258 268660
9 33 10887 0 1777797258 268668
10 44 10954 0 1777797258 268742
11 61 10960 0 1777797258 268756
12 53 10959 0 1777797258 268761
13 150 10958 0 1777797258 268765
7 44 11371 0 1777797258 269135
7 45 8413 0 1777797258 277549
9 34 8562 0 1777797258 277614
12 54 8567 0 1777797258 277652
13 151 9317 0 1777797258 278409
7 46 6914 0 1777797258 284569
8 71 15810 0 1777797258 284576
9 35 6898 0 1777797258 284583
10 45 15528 0 1777797258 284589
11 62 15519 0 1777797258 284595
12 55 6903 0 1777797258 284602
13 152 6196 0 1777797258 284608
7 47 6599 0 1777797258 291208
9 36 6567 0 1777797258 291225
8 72 10088 0 1777797258 294731
11 63 10194 0 1777797258 294868
12 56 10225 0 1777797258 294905
13 153 10242 0 1777797258 294930
10 46 10661 0 1777797258 295329
7 48 9005 0 1777797258 300231
9 37 9008 0 1777797258 300246
11 64 7318 0 1777797258 302270
12 57 7322 0 1777797258 302282
8 73 8208 0 1777797258 303139
10 47 7823 0 1777797258 303156
13 154 7899 0 1777797258 303186
7 49 12414 0 1777797258 312662
10 48 9474 0 1777797258 312672
11 65 10395 0 1777797258 312679
12 58 10396 0 1777797258 312693
13 155 9494 0 1777797258 312700
9 38 15128 0 1777797258 315409
8 74 14564 0 1777797258 317752
7 50 8156 0 1777797258 320858
10 49 8154 0 1777797258 320870
11 66 8943 0 1777797258 321668
12 59 8939 0 1777797258 321677
13 156 9720 0 1777797258 322466
9 39 7447 0 1777797258 322861
7 51 10991 0 1777797258 331862
11 67 10192 0 1777797258 331870
9 40 9796 0 1777797258 332659
10 50 11783 0 1777797258 332667
13 157 10205 0 1777797258 332673
8 75 15426 0 1777797258 333180
12 60 11502 0 1777797258 333188
11 68 5635 0 1777797258 337515
13 158 4842 0 1777797258 337532
9 41 7489 0 1777797258 340164
7 52 13261 0 1777797258 345133
8 76 11963 0 1777797258 345152
10 51 12476 0 1777797258 345160
12 61 11952 0 1777797258 345168
13 159 7701 0 1777797258 345244
9 42 9311 0 1777797258 349479
11 69 11960 0 1777797258 349494
7 53 9076 0 1777797258 354245
8 77 9075 0 1777797258 354263
9 43 4774 0 1777797258 354269
10 52 9079 0 1777797258 354275
12 62 9078 0 1777797258 354282
13 160 9041 0 1777797258 354287
11 70 9806 0 1777797258 359321
7 54 7897 0 1777797258 362185
8 78 7882 0 1777797258 362192
9 44 7881 0 1777797258 362200
10 53 7873 0 1777797258 362205
12 63 7882 0 1777797258 362223
13 161 7892 0 1777797258 362240
7 55 9072 0 1777797258 371314
9 45 9054 0 1777797258 371325
10 54 9054 0 1777797258 371333
11 71 12018 0 1777797258 371340
12 64 9058 0 1777797258 371346
13 162 9161 0 1777797258 371457
8 79 12700 0 1777797258 374962
9 46 3872 0 1777797258 375346
10 55 3864 0 1777797258 375353
7 56 11103 0 1777797258 382561
11 72 11092 0 1777797258 382590
12 65 11087 0 1777797258 382599
13 163 11084 0 1777797258 382605
8 80 9737 0 1777797258 384738
10 56 9382 0 1777797258 384745
9 47 11896 0 1777797258 387250
7 57 5036 0 1777797258 387642
13 164 5000 0 1777797258 387650
7 58 7390 0 1777797258 395040
8 81 10308 0 1777797258 395054
9 48 7826 0 1777797258 395084
10 57 10368 0 1777797258 395124
11 73 12526 0 1777797258 395158
12 66 12525 0 1777797258 395168
13 165 7513 0 1777797258 395175
8 82 2100 0 1777797258 397293
9 49 4979 0 1777797258 400193
10 58 4961 0 1777797258 400205
11 74 8589 0 1777797258 403838
10 59 5927 0 1777797258 406152
11 75 3882 0 1777797258 407729
8 83 10555 0 1777797258 407850
8 84 2422 0 1777797258 410274
11 76 4825 0 1777797258 412557
9 50 13760 0 1777797258 413966
10 60 9835 0 1777797258 415990
11 77 4227 0 1777797258 416787
11 78 6484 0 1777797258 423274
8 85 14892 0 1777797258 425169
9 51 11213 0 1777797258 425180
10 61 9194 0 1777797258 425186
11 79 6914 0 1777797258 430191
7 59 38258 0 1777797258 433434
12 67 38207 0 1777797258 433463
8 86 8998 0 1777797258 434185
11 80 4337 0 1777797258 434531
13 166 39546 0 1777797258 434806
9 52 16251 0 1777797258 441477
10 62 19861 0 1777797258 445099
7 60 12987 0 1777797258 446423
9 53 5981 0 1777797258 447459
8 87 15538 0 1777797258 449725
9 54 3232 0 1777797258 450694
11 81 16776 0 1777797258 451311
13 167 18705 0 1777797258 453514
9 55 5429 0 1777797258 456126
11 82 7255 0 1777797258 458570
9 56 8748 0 1777797258 464875
8 88 16626 0 1777797258 466354
12 68 33907 0 1777797258 467372
7 61 20985 0 1777797258 467411
9 57 6549 0 1777797258 471426
11 83 15519 0 1777797258 474091
12 69 7595 0 1777797258 474971
12 70 2548 0 1777797258 477521
7 62 10762 0 1777797258 478174
9 58 9463 0 1777797258 480891
8 89 15454 0 1777797258 481810
11 84 8869 0 1777797258 482962
13 168 32511 0 1777797258 486032
11 85 3838 0 1777797258 486804
9 59 6473 0 1777797258 487367
13 169 2543 0 1777797258 488576
7 63 12695 0 1777797258 490870
8 90 11058 0 1777797258 492871
13 170 4803 0 1777797258 493381
9 60 8253 0 1777797258 495621
11 86 9077 0 1777797258 495882
7 64 6149 0 1777797258 497027
8 91 11976 0 1777797258 504848
12 71 27516 0 1777797258 505039
7 65 9274 0 1777797258 506302
11 87 10426 0 1777797258 506309
12 72 5780 0 1777797258 510820
7 66 6514 0 1777797258 512823
9 61 18209 0 1777797258 513831
11 88 7520 0 1777797258 513836
9 62 2201 0 1777797258 516038
7 67 11228 0 1777797258 524052
9 63 8035 0 1777797258 524074
11 89 10245 0 1777797258 524087
12 73 13275 0 1777797258 524096
13 171 30720 0 1777797258 524102
8 92 19789 0 1777797258 524638
10 63 84500 0 1777797258 529606
13 172 5480 0 1777797258 529618
7 68 6106 0 1777797258 530209
8 93 5578 0 1777797258 530217
9 64 6107 0 1777797258 530223
11 90 6128 0 1777797258 530252
7 69 7275 0 1777797258 537541
8 94 7270 0 1777797258 537544
11 91 7256 0 1777797258 537547
12 74 13419 0 1777797258 537550
13 173 7918 0 1777797258 537553
9 65 9450 0 1777797258 539729
10 64 10142 0 1777797258 539761
8 95 7784 0 1777797258 545342
13 174 7783 0 1777797258 545351
7 70 8198 0 1777797258 545752
11 92 8199 0 1777797258 545760
12 75 8201 0 1777797258 545766
9 66 7123 0 1777797258 546885
10 65 12504 0 1777797258 552322
12 76 6558 0 1777797258 552339
8 96 8385 0 1777797258 553737
11 93 7979 0 1777797258 553753
13 175 8429 0 1777797258 553794
7 71 9022 0 1777797258 554789
12 77 3085 0 1777797258 555435
9 67 10706 0 1777797258 557593
10 66 5265 0 1777797258 557605
12 78 7940 0 1777797258 563378
7 72 8717 0 1777797258 563510
8 97 9733 0 1777797258 563528
10 67 8853 0 1777797258 566522
13 176 12672 0 1777797258 566526
9 68 13816 0 1777797258 571423
11 94 18405 0 1777797258 572231
7 73 9359 0 1777797258 572871
13 177 6346 0 1777797258 572879
8 98 12071 0 1777797258 575602
9 69 6275 0 1777797258 577701
10 68 13675 0 1777797258 580202
11 95 7977 0 1777797258 580210
12 79 16846 0 1777797258 580225
13 178 7833 0 1777797258 580721
8 99 5439 0 1777797258 581045
9 70 4452 0 1777797258 582155
7 74 15125 0 1777797258 588005
8 100 7796 0 1777797258 588842
9 71 6638 0 1777797258 588855
13 179 8402 0 1777797258 589124
11 96 9362 0 1777797258 589598
10 69 10347 0 1777797258 590573
12 80 10330 0 1777797258 590580
7 75 6505 0 1777797258 594512
9 72 5650 0 1777797258 594520
13 180 5402 0 1777797258 594527
8 101 6919 0 1777797258 595775
10 70 5204 0 1777797258 595785
11 97 6192 0 1777797258 595792
12 81 6106 0 1777797258 596695
7 76 6403 0 1777797258 600930
13 181 6679 0 1777797258 601373
11 98 7470 0 1777797258 603293
8 102 7532 0 1777797258 603325
9 73 8651 0 1777797258 603330
10 71 7527 0 1777797258 603334
12 82 7247 0 1777797258 603944
7 77 7067 0 1777797258 608444
13 182 7015 0 1777797258 608458
11 99 5504 0 1777797258 608801
8 103 7771 0 1777797258 611105
10 72 7769 0 1777797258 611114
12 83 7174 0 1777797258 611121
9 74 10445 0 1777797258 613786
13 183 5023 0 1777797258 613793
7 78 5364 0 1777797258 613823
11 100 6931 0 1777797258 615735
8 104 9497 0 1777797258 620619
9 75 6835 0 1777797258 620629
10 73 9540 0 1777797258 620672
7 79 8356 0 1777797258 622181
12 84 11047 0 1777797258 622190
13 184 10564 0 1777797258 624371
9 76 4847 0 1777797258 625552
10 74 4845 0 1777797258 625559
11 101 9828 0 1777797258 625564
8 105 4920 0 1777797258 625594
7 80 9362 0 1777797258 631553
12 85 9358 0 1777797258 631560
8 106 6810 0 1777797258 632406
11 102 6834 0 1777797258 632415
13 185 8044 0 1777797258 632421
10 75 7272 0 1777797258 632845
9 77 12168 0 1777797258 637733
8 107 6961 0 1777797258 639384
10 76 6543 0 1777797258 639390
11 103 6973 0 1777797258 639404
12 86 7829 0 1777797258 639410
13 186 6953 0 1777797258 639416
9 78 2872 0 1777797258 640613
7 81 14076 0 1777797258 645637
8 108 7314 0 1777797258 646731
11 104 7299 0 1777797258 646738
9 79 6848 0 1777797258 647465
10 77 8325 0 1777797258 647756
13 187 9060 0 1777797258 648519
10 78 2327 0 1777797258 650085
8 109 5309 0 1777797258 652048
13 188 3534 0 1777797258 652057
10 79 2633 0 1777797258 652720
7 82 8491 0 1777797258 654131
7 83 1016 0 1777797258 655152
10 80 4089 0 1777797258 656812
8 110 5261 0 1777797258 657320
8 111 1784 0 1777797258 659106
10 81 2392 0 1777797258 659209
13 189 7181 0 1777797258 659258
9 80 12012 0 1777797258 659481
7 84 6357 0 1777797258 661512
10 82 3132 0 1777797258 662358
7 85 2148 0 1777797258 663668
10 83 1316 0 1777797258 663675
8 112 5419 0 1777797258 664631
7 86 1336 0 1777797258 665013
8 113 1172 0 1777797258 665805
11 105 19883 0 1777797258 666639
7 87 2460 0 1777797258 667474
13 190 9452 0 1777797258 668712
10 84 5261 0 1777797258 668948
8 114 3366 0 1777797258 669175
13 191 1728 0 1777797258 670447
7 88 4156 0 1777797258 671632
9 81 14085 0 1777797258 673568
10 85 6746 0 1777797258 675698
13 192 5255 0 1777797258 675708
9 82 2706 0 1777797258 676277
8 115 10851 0 1777797258 680028
10 86 5749 0 1777797258 681459
12 87 42365 0 1777797258 681817
11 106 15393 0 1777797258 682034
9 83 6763 0 1777797258 683044
11 107 1496 0 1777797258 683531
11 108 1390 0 1777797258 684923
9 84 1978 0 1777797258 685024
7 89 15388 0 1777797258 687023
13 193 11304 0 1777797258 687046
10 87 6027 0 1777797258 687487
11 109 6061 0 1777797258 690991
9 85 6264 0 1777797258 691291
12 88 10333 0 1777797258 692152
10 88 6053 0 1777797258 693542
9 86 3402 0 1777797258 694694
12 89 2545 0 1777797258 694702
8 116 15902 0 1777797258 695934
7 90 9879 0 1777797258 696926
8 117 2013 0 1777797258 697949
7 91 1577 0 1777797258 698507
12 90 3799 0 1777797258 698515
8 118 1342 0 1777797258 699297
11 110 8657 0 1777797258 699649
9 87 6003 0 1777797258 700706
7 92 3416 0 1777797258 701932
8 119 3712 0 1777797258 703012
7 93 5238 0 1777797258 707173
8 120 4164 0 1777797258 707179
13 194 20459 0 1777797258 707516
9 88 7287 0 1777797258 707995
10 89 16989 0 1777797258 710536
10 90 1242 0 1777797258 711779
8 121 5192 0 1777797258 712388
10 91 3228 0 1777797258 715009
13 195 7873 0 1777797258 715390
11 111 15897 0 1777797258 715549
13 196 1164 0 1777797258 716559
10 92 5405 0 1777797258 720417
13 197 3864 0 1777797258 720425
11 112 6484 0 1777797258 722036
12 91 23521 0 1777797258 722047
7 94 17069 0 1777797258 724249
9 89 16466 0 1777797258 724464
8 122 15175 0 1777797258 727567
13 198 8708 0 1777797258 729169
10 93 10267 0 1777797258 730693
9 90 7968 0 1777797258 732433
7 95 9062 0 1777797258 733313
12 92 11333 0 1777797258 733442
10 94 5403 0 1777797258 736098
11 113 14011 0 1777797258 736110
13 199 7718 0 1777797258 736889
9 91 13255 0 1777797258 745690
10 95 9583 0 1777797258 745694
12 93 12242 0 1777797258 745698
13 200 8808 0 1777797258 745702
11 114 12571 0 1777797258 748739
10 96 5350 0 1777797258 751058
9 92 11065 0 1777797258 756767
10 97 7928 0 1777797258 758988
11 115 10314 0 1777797258 759055
13 201 13366 0 1777797258 759083
9 93 7601 0 1777797258 764376
12 94 18673 0 1777797258 764385
10 98 9066 0 1777797258 768150
11 116 9645 0 1777797258 768799
13 202 10816 0 1777797258 769983
7 96 38549 0 1777797258 771867
12 95 12761 0 1777797258 777158
7 97 10712 0 1777797258 782581
11 117 14000 0 1777797258 782804
8 123 55352 0 1777797258 782920
9 94 18975 0 1777797258 783361
10 99 15210 0 1777797258 783367
13 203 16756 0 1777797258 786752
12 96 10577 0 1777797258 787737
7 98 9846 0 1777797258 792434
11 118 10528 0 1777797258 793333
13 204 8192 0 1777797258 794946
7 99 2640 0 1777797258 795077
11 119 2602 0 1777797258 795941
7 100 1016 0 1777797258 796095
7 101 1598 0 1777797258 797695
11 120 2003 0 1777797258 797946
12 97 10245 0 1777797258 797983
13 205 3123 0 1777797258 798071
7 102 2346 0 1777797258 800044
8 124 17128 0 1777797258 800050
11 121 2455 0 1777797258 800403
12 98 3487 0 1777797258 801472
7 103 2205 0 1777797258 802257
7 104 925 0 1777797258 803187
11 122 3620 0 1777797258 804024
7 105 2188 0 1777797258 805378
10 100 22022 0 1777797258 805394
12 99 4864 0 1777797258 806337
11 123 3941 0 1777797258 807970
7 106 2801 0 1777797258 808196
13 206 10134 0 1777797258 808207
8 125 12830 0 1777797258 812915
10 101 7944 0 1777797258 813380
13 207 5144 0 1777797258 813401
9 95 30101 0 1777797258 813468
7 107 7458 0 1777797258 815666
12 100 9346 0 1777797258 815685
11 124 8721 0 1777797258 816693
8 126 6144 0 1777797258 819060
9 96 5604 0 1777797258 819074
13 208 11181 0 1777797258 824604
11 125 21725 0 1777797258 838422
13 209 13819 0 1777797258 838430
7 108 25921 0 1777797258 841608
12 101 25920 0 1777797258 841620
8 127 24633 0 1777797258 843709
12 102 6863 0 1777797258 848490
9 97 30904 0 1777797258 849999
7 109 14267 0 1777797258 855888
7 110 3825 0 1777797258 859714
12 103 11230 0 1777797258 859721
11 126 23429 0 1777797258 861860
13 210 23427 0 1777797258 861865
13 211 2939 0 1777797258 864809
9 98 15180 0 1777797258 865180
12 104 9817 0 1777797258 869545
11 127 7824 0 1777797258 869689
10 102 59737 0 1777797258 873139
11 128 3452 0 1777797258 873144
13 212 11212 0 1777797258 876022
7 111 17194 0 1777797258 876915
12 105 7528 0 1777797258 877076
9 99 18159 0 1777797258 883344
7 112 6620 0 1777797258 883536
10 103 10395 0 1777797258 883539
11 129 10392 0 1777797258 883542
13 213 7521 0 1777797258 883544
8 128 40622 0 1777797258 884336
12 106 9280 0 1777797258 886356
12 107 3416 0 1777797258 889778
8 129 6829 0 1777797258 891169
13 214 11480 0 1777797258 895035
10 104 12046 0 1777797258 895594
7 113 12175 0 1777797258 895720
9 100 14509 0 1777797258 897854
11 130 14308 0 1777797258 897860
12 108 8445 0 1777797258 898225
7 114 3440 0 1777797258 899164
9 101 3751 0 1777797258 901612
11 131 3753 0 1777797258 901621
12 109 4109 0 1777797258 902336
7 115 3695 0 1777797258 902861
10 105 7282 0 1777797258 902878
13 215 8789 0 1777797258 903830
9 102 5221 0 1777797258 906843
11 132 5219 0 1777797258 906850
12 110 7167 0 1777797258 909506
13 216 5677 0 1777797258 909513
8 130 18730 0 1777797258 909900
10 106 7298 0 1777797258 910186
9 103 4315 0 1777797258 911167
11 133 6238 0 1777797258 913102
12 111 4142 0 1777797258 913656
10 107 4909 0 1777797258 915096
13 217 5597 0 1777797258 915119
11 134 3247 0 1777797258 916356
8 131 50221 0 1777797258 960128
11 135 43779 0 1777797258 960137
12 112 46486 0 1777797258 960143
9 104 49264 0 1777797258 960433
13 218 45312 0 1777797258 960460
7 116 59733 0 1777797258 962612
9 105 2224 0 1777797258 962685
10 108 47575 0 1777797258 962695
8 132 3565 0 1777797258 963709
13 219 3219 0 1777797258 963721
7 117 3602 0 1777797258 966298
13 220 3809 0 1777797258 967540
8 133 4372 0 1777797258 968093
10 109 6004 0 1777797258 968719
9 106 8332 0 1777797258 971038
11 136 10890 0 1777797258 971045
8 134 9309 0 1777797258 977405
9 107 6368 0 1777797258 977414
10 110 8699 0 1777797258 977420
11 137 6339 0 1777797258 977427
12 113 17101 0 1777797258 977432
13 221 11463 0 1777797258 979005
10 111 4561 0 1777797258 982014
8 135 4690 0 1777797258 982123
13 222 3717 0 1777797258 982730
9 108 7211 0 1777797258 984655
7 118 18484 0 1777797258 984786
12 114 10798 0 1777797258 988267
7 119 4612 0 1777797258 989400
8 136 9029 0 1777797258 991153
7 120 7092 0 1777797258 996497
9 109 11882 0 1777797258 996544
12 115 8282 0 1777797258 996550
8 137 5440 0 1777797258 996595
13 223 13871 0 1777797258 996602
11 138 19414 0 1777797258 996875
10 112 16542 0 1777797258 998558
10 113 1378 0 1777797258 999937
7 121 60075 0 1777797259 56582
8 138 60023 0 1777797259 56626
9 110 60083 0 1777797259 56634
11 139 59766 0 1777797259 56642
12 116 60078 0 1777797259 56648
13 224 60043 0 1777797259 56668
10 114 56806 0 1777797259 56745
7 122 10714 0 1777797259 67383
8 139 10723 0 1777797259 67402
9 111 10719 0 1777797259 67409
10 115 10670 0 1777797259 67415
11 140 10720 0 1777797259 67420
12 117 10724 0 1777797259 67433
13 225 10707 0 1777797259 67440
10 116 14031 0 1777797259 81511
11 141 14030 0 1777797259 81627
12 118 14145 0 1777797259 81644
13 226 14141 0 1777797259 81648
7 123 14930 0 1777797259 82371
8 140 14933 0 1777797259 82392
9 112 14940 0 1777797259 82407
12 119 5895 0 1777797259 87559
13 227 5906 0 1777797259 87575
7 124 10336 0 1777797259 92709
8 141 10358 0 1777797259 92751
9 113 10357 0 1777797259 92765
10 117 11123 0 1777797259 92772
12 120 5203 0 1777797259 92779
13 228 5200 0 1777797259 92787
11 142 14484 0 1777797259 96143
9 114 3897 0 1777797259 96727
13 229 3998 0 1777797259 96868
8 142 5947 0 1777797259 98762
10 118 5963 0 1777797259 98799
12 121 5957 0 1777797259 98807
11 143 5662 0 1777797259 101808
7 125 13569 0 1777797259 106357
8 143 11710 0 1777797259 110518
9 115 13808 0 1777797259 110540
12 122 11730 0 1777797259 110573
10 119 14500 0 1777797259 113333
13 230 16475 0 1777797259 113346
8 144 6217 0 1777797259 116791
12 123 6248 0 1777797259 116847
9 116 11022 0 1777797259 121607
10 120 8278 0 1777797259 121625
11 144 19815 0 1777797259 121632
13 231 8273 0 1777797259 121639
7 126 28331 0 1777797259 134690
8 145 17857 0 1777797259 134707
9 117 13090 0 1777797259 134730
10 121 13079 0 1777797259 134740
11 145 13075 0 1777797259 134744
12 124 17876 0 1777797259 134749
13 232 13074 0 1777797259 134753
9 118 9952 0 1777797259 144718
13 233 9933 0 1777797259 144723
8 146 11195 0 1777797259 145956
10 122 11193 0 1777797259 145965
12 125 11462 0 1777797259 146247
7 127 13323 0 1777797259 148076
11 146 13307 0 1777797259 148087
8 147 3926 0 1777797259 149892
9 119 8905 0 1777797259 153628
10 123 7675 0 1777797259 153649
12 126 7408 0 1777797259 153656
13 234 12181 0 1777797259 156908
10 124 8259 0 1777797259 161961
11 147 13864 0 1777797259 161979
12 127 8258 0 1777797259 161985
7 128 18851 0 1777797259 166939
8 148 17050 0 1777797259 166946
9 120 13296 0 1777797259 166953
13 235 10092 0 1777797259 167001
12 128 6438 0 1777797259 168459
11 148 8145 0 1777797259 170157
10 125 15862 0 1777797259 177849
12 129 9393 0 1777797259 177857
13 236 10830 0 1777797259 177863
8 149 13148 0 1777797259 180160
9 121 13149 0 1777797259 180167
7 129 14308 0 1777797259 181310
13 237 4575 0 1777797259 182466
12 130 9308 0 1777797259 187191
8 150 11657 0 1777797259 191825
9 122 11774 0 1777797259 191953
11 149 21814 0 1777797259 191974
7 130 13226 0 1777797259 194540
12 131 11997 0 1777797259 199196
13 238 16781 0 1777797259 199253
7 131 12347 0 1777797259 206889
10 126 29033 0 1777797259 206897
12 132 7650 0 1777797259 206904
13 239 7626 0 1777797259 206942
7 132 6080 0 1777797259 212985
8 151 20947 0 1777797259 212993
9 123 21044 0 1777797259 213119
11 150 25152 0 1777797259 217238
12 133 10321 0 1777797259 217244
13 240 10315 0 1777797259 217258
10 127 24883 0 1777797259 231799
10 128 8194 0 1777797259 239996
11 151 22752 0 1777797259 240011
7 133 31667 0 1777797259 244788
8 152 31659 0 1777797259 244806
9 124 31665 0 1777797259 244829
11 152 4817 0 1777797259 244849
12 134 27597 0 1777797259 244878
13 241 27624 0 1777797259 244937
7 134 4206 0 1777797259 249145
8 153 3925 0 1777797259 249154
11 153 5715 0 1777797259 251285
7 135 8003 0 1777797259 257158
9 125 11725 0 1777797259 257165
11 154 5879 0 1777797259 257171
12 135 11429 0 1777797259 257177
7 136 8674 0 1777797259 265853
8 154 16699 0 1777797259 265864
9 126 8683 0 1777797259 265870
10 129 25864 0 1777797259 265876
11 155 8676 0 1777797259 265882
12 136 8674 0 1777797259 265888
11 156 8546 0 1777797259 274526
12 137 8543 0 1777797259 274534
8 155 12989 0 1777797259 278908
7 137 16332 0 1777797259 282221
11 157 7694 0 1777797259 282229
12 138 7677 0 1777797259 282236
13 242 36480 0 1777797259 282241
7 138 28128 0 1777797259 310370
8 156 31470 0 1777797259 310386
9 127 44465 0 1777797259 310394
10 130 44462 0 1777797259 310399
11 158 28169 0 1777797259 310418
12 139 28168 0 1777797259 310425
13 243 33018 0 1777797259 315282
7 139 9953 0 1777797259 320379
10 131 9875 0 1777797259 320399
11 159 9876 0 1777797259 320408
8 157 16543 0 1777797259 327051
12 140 22377 0 1777797259 332991
7 140 16755 0 1777797259 337164
11 160 16730 0 1777797259 337172
8 158 15622 0 1777797259 342679
10 132 23160 0 1777797259 343593
13 244 30708 0 1777797259 345991
9 128 35551 0 1777797259 346067
7 141 18100 0 1777797259 355273
8 159 12617 0 1777797259 355299
10 133 9310 0 1777797259 355310
11 161 18141 0 1777797259 355322
13 245 9297 0 1777797259 355330
9 129 12865 0 1777797259 358934
12 141 25946 0 1777797259 358944
11 162 6670 0 1777797259 362023
10 134 8549 0 1777797259 363895
9 130 8246 0 1777797259 367191
12 142 7992 0 1777797259 367200
13 246 12396 0 1777797259 367754
7 142 13304 0 1777797259 368635
11 163 11181 0 1777797259 373209
12 143 6082 0 1777797259 373308
9 131 6566 0 1777797259 373767
7 143 7029 0 1777797259 375667
13 247 8016 0 1777797259 375771
8 160 20731 0 1777797259 376070
11 164 6694 0 1777797259 379905
12 144 6777 0 1777797259 380086
8 161 14250 0 1777797259 390322
10 135 26433 0 1777797259 390330
13 248 14355 0 1777797259 390337
9 132 17204 0 1777797259 390973
12 145 15026 0 1777797259 395114
11 165 15351 0 1777797259 395259
7 144 19920 0 1777797259 395707
9 133 4738 0 1777797259 395713
10 136 5952 0 1777797259 396300
13 249 6791 0 1777797259 397147
13 250 781 0 1777797259 397930
10 137 3257 0 1777797259 399558
9 134 5507 0 1777797259 401231
13 251 5353 0 1777797259 403284
7 145 11070 0 1777797259 406784
12 146 11673 0 1777797259 406792
8 162 17618 0 1777797259 407956
11 166 12703 0 1777797259 407964
10 138 9815 0 1777797259 409376
13 252 6159 0 1777797259 409446
7 146 4096 0 1777797259 410889
8 163 4084 0 1777797259 412049
9 135 10827 0 1777797259 412059
13 253 4944 0 1777797259 414392
10 139 6248 0 1777797259 415627
9 136 3925 0 1777797259 415997
9 137 2331 0 1777797259 418333
9 138 1546 0 1777797259 419881
8 164 10775 0 1777797259 422837
10 140 7213 0 1777797259 422843
12 147 16048 0 1777797259 422849
11 167 15531 0 1777797259 423505
9 139 4317 0 1777797259 424201
11 168 2225 0 1777797259 425732
7 147 19059 0 1777797259 429949
9 140 5759 0 1777797259 429963
10 141 7470 0 1777797259 430333
13 254 16861 0 1777797259 431254
10 142 1975 0 1777797259 432312
8 165 11373 0 1777797259 434223
13 255 2983 0 1777797259 434239
9 141 7247 0 1777797259 437224
9 142 2359 0 1777797259 439585
10 143 7272 0 1777797259 439592
12 148 16727 0 1777797259 439598
13 256 5342 0 1777797259 439608
11 169 13969 0 1777797259 439703
8 166 6301 0 1777797259 440541
13 257 3660 0 1777797259 443346
10 144 5453 0 1777797259 445071
11 170 7276 0 1777797259 446980
9 143 7913 0 1777797259 447522
13 258 4405 0 1777797259 447752
11 171 1471 0 1777797259 448455
9 144 2099 0 1777797259 449623
12 149 10028 0 1777797259 449655
8 167 9928 0 1777797259 450473
11 172 2983 0 1777797259 451440
7 148 23813 0 1777797259 453777
13 259 6033 0 1777797259 453787
10 145 8947 0 1777797259 454020
13 260 2599 0 1777797259 456399
11 173 6973 0 1777797259 458418
9 145 9839 0 1777797259 459469
13 261 3854 0 1777797259 460255
7 149 6486 0 1777797259 460275
12 150 11580 0 1777797259 461303
8 168 12381 0 1777797259 462856
9 146 4110 0 1777797259 463581
7 150 3470 0 1777797259 463746
11 174 8143 0 1777797259 466563
12 151 6173 0 1777797259 467477
10 146 13917 0 1777797259 467938
9 147 5796 0 1777797259 469379
12 152 3631 0 1777797259 471109
13 262 11056 0 1777797259 471313
8 169 9146 0 1777797259 472004
10 147 4516 0 1777797259 472456
7 151 9846 0 1777797259 473593
13 263 2622 0 1777797259 473936
7 152 2442 0 1777797259 476045
12 153 5578 0 1777797259 476688
10 148 4643 0 1777797259 477100
9 148 8932 0 1777797259 478313
10 149 2592 0 1777797259 479696
11 175 13889 0 1777797259 480454
10 150 1064 0 1777797259 480762
12 154 4840 0 1777797259 481530
11 176 1575 0 1777797259 482041
9 149 5327 0 1777797259 483643
10 151 4951 0 1777797259 485715
11 177 3681 0 1777797259 485723
12 155 4975 0 1777797259 486508
7 153 11143 0 1777797259 487190
8 170 17483 0 1777797259 489490
9 150 6128 0 1777797259 489775
11 178 5145 0 1777797259 490880
10 152 5847 0 1777797259 491572
7 154 6155 0 1777797259 493348
8 171 3870 0 1777797259 493362
9 151 4112 0 1777797259 493888
12 156 7386 0 1777797259 493896
7 155 2671 0 1777797259 496034
10 153 4466 0 1777797259 496040
12 157 2815 0 1777797259 496723
8 172 4448 0 1777797259 497839
11 179 8371 0 1777797259 499252
7 156 4142 0 1777797259 500183
10 154 6149 0 1777797259 502201
12 158 5988 0 1777797259 502712
12 159 892 0 1777797259 503607
11 180 4541 0 1777797259 503795
8 173 9046 0 1777797259 506888
12 160 4935 0 1777797259 508546
9 152 14785 0 1777797259 508682
10 155 6828 0 1777797259 509031
7 157 9113 0 1777797259 509299
10 156 4047 0 1777797259 513079
12 161 5293 0 1777797259 513841
7 158 6650 0 1777797259 515951
8 174 9068 0 1777797259 515958
11 181 12177 0 1777797259 515974
10 157 4659 0 1777797259 517743
12 162 7750 0 1777797259 521593
10 158 6546 0 1777797259 524291
12 163 8204 0 1777797259 529799
11 182 13922 0 1777797259 529913
13 264 55979 0 1777797259 529916
9 153 21319 0 1777797259 530004
7 159 14211 0 1777797259 530186
8 175 14210 0 1777797259 530194
9 154 10282 0 1777797259 540287
10 159 16006 0 1777797259 540305
11 183 10392 0 1777797259 540309
13 265 10392 0 1777797259 540313
7 160 10828 0 1777797259 541024
8 176 10820 0 1777797259 541027
12 164 11232 0 1777797259 541031
10 160 13978 0 1777797259 554305
11 184 13978 0 1777797259 554311
13 266 13979 0 1777797259 554317
8 177 13315 0 1777797259 554352
9 155 14140 0 1777797259 554454
7 161 13497 0 1777797259 554529
12 165 13494 0 1777797259 554535
11 185 7055 0 1777797259 561382
12 166 6859 0 1777797259 561400
13 267 7832 0 1777797259 562166
9 156 8459 0 1777797259 562914
8 178 8590 0 1777797259 562943
10 161 8641 0 1777797259 562959
7 162 17628 0 1777797259 572164
12 167 10784 0 1777797259 572185
10 162 9748 0 1777797259 572708
11 186 16164 0 1777797259 577548
9 157 15640 0 1777797259 578556
10 163 7153 0 1777797259 579862
13 268 17700 0 1777797259 579868
7 163 10758 0 1777797259 582945
8 179 20128 0 1777797259 583072
12 168 11070 0 1777797259 583265
11 187 7086 0 1777797259 584636
9 158 12093 0 1777797259 590651
8 180 10574 0 1777797259 593648
11 188 9088 0 1777797259 593725
13 269 14493 0 1777797259 594373
10 164 14625 0 1777797259 594494
7 164 11559 0 1777797259 594511
9 159 5269 0 1777797259 595921
12 169 12662 0 1777797259 595929
9 160 3736 0 1777797259 599666
11 189 6128 0 1777797259 599854
7 165 6946 0 1777797259 601458
8 181 7849 0 1777797259 601500
10 165 8722 0 1777797259 603217
9 161 4174 0 1777797259 603842
13 270 10270 0 1777797259 604645
11 190 4940 0 1777797259 604796
12 170 15519 0 1777797259 611460
10 166 8278 0 1777797259 611499
11 191 6977 0 1777797259 611774
8 182 10333 0 1777797259 611834
13 271 7189 0 1777797259 611839
9 162 8010 0 1777797259 611854
7 166 11464 0 1777797259 612924
10 167 3913 0 1777797259 615415
12 171 3954 0 1777797259 615419
13 272 4836 0 1777797259 616680
11 192 9997 0 1777797259 621786
9 163 11571 0 1777797259 623468
7 167 11250 0 1777797259 624179
8 183 12694 0 1777797259 624533
10 168 12118 0 1777797259 627538
12 172 12612 0 1777797259 628042
13 273 11701 0 1777797259 628383
9 164 4951 0 1777797259 628421
7 168 4829 0 1777797259 629013
10 169 3065 0 1777797259 630606
11 193 9165 0 1777797259 630953
9 165 4411 0 1777797259 632833
13 274 8437 0 1777797259 636825
7 169 8617 0 1777797259 637632
8 184 13408 0 1777797259 637942
10 170 7870 0 1777797259 638478
12 173 10499 0 1777797259 638542
11 194 11532 0 1777797259 642489
13 275 5660 0 1777797259 642495
9 166 13036 0 1777797259 645871
8 185 11330 0 1777797259 649272
10 171 10798 0 1777797259 649281
7 170 11892 0 1777797259 649526
12 174 11018 0 1777797259 649561
13 276 7424 0 1777797259 649927
11 195 11244 0 1777797259 653740
7 171 5618 0 1777797259 655145
10 172 7601 0 1777797259 656894
10 173 1832 0 1777797259 658727
8 186 13346 0 1777797259 662628
13 277 12706 0 1777797259 662635
12 175 13284 0 1777797259 662846
7 172 7751 0 1777797259 662897
9 167 17559 0 1777797259 663431
10 174 5359 0 1777797259 664087
10 175 5159 0 1777797259 669247
13 278 6878 0 1777797259 669524
12 176 6993 0 1777797259 669840
12 177 2928 0 1777797259 672769
9 168 10501 0 1777797259 673933
12 178 2007 0 1777797259 674779
13 279 6587 0 1777797259 676114
12 179 2051 0 1777797259 676835
7 173 14178 0 1777797259 677076
9 169 5950 0 1777797259 679886
10 176 10644 0 1777797259 679894
8 187 18323 0 1777797259 680960
9 170 1267 0 1777797259 681162
10 177 1985 0 1777797259 681890
13 280 7055 0 1777797259 683170
12 180 6847 0 1777797259 683684
13 281 1351 0 1777797259 684524
10 178 6062 0 1777797259 687954
8 188 9023 0 1777797259 689985
11 196 36922 0 1777797259 690666
12 181 6986 0 1777797259 690672
12 182 3449 0 1777797259 694132
12 183 2495 0 1777797259 696629
7 174 20155 0 1777797259 697233
12 184 2196 0 1777797259 698827
13 282 14307 0 1777797259 698833
10 179 11199 0 1777797259 699155
8 189 10500 0 1777797259 700488
9 171 19424 0 1777797259 700588
11 197 11542 0 1777797259 702215
13 283 6419 0 1777797259 705269
12 185 6543 0 1777797259 705378
13 284 3539 0 1777797259 708811
12 186 7532 0 1777797259 712911
13 285 6057 0 1777797259 714873
7 175 17663 0 1777797259 714902
12 187 7199 0 1777797259 720111
13 286 7211 0 1777797259 722086
12 188 7733 0 1777797259 727852
8 190 32959 0 1777797259 733449
13 287 15191 0 1777797259 737280
11 198 43775 0 1777797259 745990
10 180 49199 0 1777797259 748355
12 189 21510 0 1777797259 749366
9 172 54072 0 1777797259 754663
8 191 22571 0 1777797259 756022
8 192 3340 0 1777797259 759368
13 288 22213 0 1777797259 759495
8 193 4207 0 1777797259 763581
7 176 50305 0 1777797259 765209
10 181 17471 0 1777797259 765828
8 194 4377 0 1777797259 767966
9 173 14971 0 1777797259 769637
7 177 4663 0 1777797259 769875
10 182 16371 0 1777797259 782201
7 178 16352 0 1777797259 786230
8 195 18267 0 1777797259 786237
9 174 16602 0 1777797259 786244
12 190 36882 0 1777797259 786250
13 289 26759 0 1777797259 786256
10 183 9342 0 1777797259 791547
11 199 45564 0 1777797259 791555
13 290 27903 0 1777797259 814191
7 179 28008 0 1777797259 814264
12 191 28002 0 1777797259 814284
9 175 28059 0 1777797259 814335
10 184 22785 0 1777797259 814341
8 196 29396 0 1777797259 815666
11 200 24128 0 1777797259 815698
9 176 8538 0 1777797259 822880
10 185 8538 0 1777797259 822888
12 192 9125 0 1777797259 823437
7 180 10544 0 1777797259 824829
11 201 10128 0 1777797259 825827
8 197 11572 0 1777797259 827242
13 291 18801 0 1777797259 832999
9 177 12392 0 1777797259 835281
10 186 12385 0 1777797259 835288
8 198 13942 0 1777797259 841186
11 202 15427 0 1777797259 841259
7 181 16480 0 1777797259 841315
12 193 17992 0 1777797259 841430
13 292 12863 0 1777797259 845869
10 187 11285 0 1777797259 846585
9 178 13453 0 1777797259 848741
11 203 15510 0 1777797259 856771
7 182 16373 0 1777797259 857690
8 199 16506 0 1777797259 857698
12 194 16309 0 1777797259 857741
13 293 16829 0 1777797259 862700
9 179 14352 0 1777797259 863100
11 204 16198 0 1777797259 872971
10 188 26403 0 1777797259 872991
7 183 18336 0 1777797259 876078
12 195 19355 0 1777797259 877113
8 200 22255 0 1777797259 880007
13 294 17317 0 1777797259 880021
9 180 23813 0 1777797259 886916
10 189 13967 0 1777797259 886959
11 205 13994 0 1777797259 886967
7 184 15037 0 1777797259 891125
12 196 14058 0 1777797259 891172
13 295 13721 0 1777797259 893756
9 181 6854 0 1777797259 893778
11 206 7466 0 1777797259 894444
8 201 15895 0 1777797259 895916
10 190 9309 0 1777797259 896277
7 185 20629 0 1777797259 911756
10 191 15496 0 1777797259 911775
8 202 15907 0 1777797259 911824
13 296 18072 0 1777797259 911830
11 207 17432 0 1777797259 911878
12 197 20755 0 1777797259 911928
9 182 18274 0 1777797259 912053
13 297 3401 0 1777797259 915240
10 192 6224 0 1777797259 918000
7 186 7651 0 1777797259 919409
8 203 8837 0 1777797259 920668
8 204 2800 0 1777797259 923474
7 187 4495 0 1777797259 923908
8 205 2748 0 1777797259 926225
7 188 2729 0 1777797259 926640
10 193 25649 0 1777797259 943655
12 198 31734 0 1777797259 943663
11 208 31812 0 1777797259 943691
9 183 31827 0 1777797259 943884
13 298 28644 0 1777797259 943890
8 206 17691 0 1777797259 943919
7 189 18039 0 1777797259 944682
9 184 3563 0 1777797259 947454
8 207 5161 0 1777797259 949081
10 194 6713 0 1777797259 950377
13 299 7297 0 1777797259 951199
7 190 20394 0 1777797259 965078
8 208 16689 0 1777797259 965774
12 199 22756 0 1777797259 966433
9 185 19485 0 1777797259 966943
8 209 3756 0 1777797259 969535
7 191 4476 0 1777797259 969559
11 209 26555 0 1777797259 970246
9 186 4071 0 1777797259 971016
12 200 9042 0 1777797259 975480
10 195 31303 0 1777797259 981750
13 300 30556 0 1777797259 981758
11 210 17720 0 1777797259 987969
9 187 19441 0 1777797259 990459
10 196 8714 0 1777797259 990473
13 301 8710 0 1777797259 990480
7 192 23506 0 1777797259 993066
8 210 23759 0 1777797259 993296
11 211 9291 0 1777797259 997267
11 212 1758 0 1777797259 999027
13 302 8535 0 1777797259 999040
9 188 9844 0 1777797260 325
10 197 9982 0 1777797260 478
9 189 4707 0 1777797260 5036
11 213 6149 0 1777797260 5190
12 201 30798 0 1777797260 6282
8 211 16904 0 1777797260 10202
13 303 11159 0 1777797260 10212
13 304 1516 0 1777797260 11737
9 190 6933 0 1777797260 11971
7 193 19620 0 1777797260 12690
10 198 12668 0 1777797260 13148
11 214 10203 0 1777797260 15394
7 194 3845 0 1777797260 16537
10 199 4545 0 1777797260 17695
8 212 8390 0 1777797260 18603
13 305 7984 0 1777797260 19724
9 191 9651 0 1777797260 21624
12 202 15345 0 1777797260 21633
13 306 8142 0 1777797260 27868
8 213 9586 0 1777797260 28205
11 215 12812 0 1777797260 28211
12 203 7005 0 1777797260 28652
9 192 7341 0 1777797260 28975
7 195 13432 0 1777797260 29971
7 196 2239 0 1777797260 32214
8 214 5219 0 1777797260 33433
7 197 1589 0 1777797260 33804
9 193 7674 0 1777797260 36651
7 198 3091 0 1777797260 36897
7 199 2373 0 1777797260 39272
9 194 4677 0 1777797260 41330
7 200 4658 0 1777797260 43932
8 215 11151 0 1777797260 44586
7 201 1916 0 1777797260 45850
9 195 6990 0 1777797260 48321
8 216 4046 0 1777797260 48635
12 204 22687 0 1777797260 51340
13 307 27118 0 1777797260 54991
9 196 7269 0 1777797260 55593
7 202 9928 0 1777797260 55780
8 217 7739 0 1777797260 56375
12 205 5226 0 1777797260 56568
13 308 2782 0 1777797260 57777
7 203 2346 0 1777797260 58127
7 204 1795 0 1777797260 59924
13 309 2152 0 1777797260 59931
9 197 4572 0 1777797260 60168
8 218 4850 0 1777797260 61226
13 310 4162 0 1777797260 64104
8 219 5168 0 1777797260 66396
10 200 48705 0 1777797260 66403
9 198 6694 0 1777797260 66864
12 206 10529 0 1777797260 67099
7 205 7554 0 1777797260 67486
7 206 5548 0 1777797260 73038
8 220 7085 0 1777797260 73489
9 199 6632 0 1777797260 73497
10 201 7172 0 1777797260 73583
12 207 6755 0 1777797260 73856
7 207 2350 0 1777797260 75397
11 216 48193 0 1777797260 76416
10 202 3653 0 1777797260 77239
11 217 1907 0 1777797260 78326
12 208 7018 0 1777797260 80876
11 218 3048 0 1777797260 81377
7 208 7603 0 1777797260 83003
9 200 11572 0 1777797260 85081
10 203 9145 0 1777797260 86385
12 209 6981 0 1777797260 87860
7 209 2852 0 1777797260 87936
11 219 8534 0 1777797260 89912
10 204 4141 0 1777797260 90527
9 201 6266 0 1777797260 91362
13 311 28676 0 1777797260 92785
9 202 1790 0 1777797260 93155
10 205 3374 0 1777797260 93904
10 206 1272 0 1777797260 95182
11 220 5548 0 1777797260 95465
10 207 1783 0 1777797260 96969
8 221 24075 0 1777797260 97574
8 222 1465 0 1777797260 99041
11 221 3582 0 1777797260 99048
11 222 917 0 1777797260 99976
10 208 7421 0 1777797260 104393
9 203 11393 0 1777797260 104551
13 312 11798 0 1777797260 104584
11 223 4705 0 1777797260 104683
8 223 5740 0 1777797260 104789
12 210 16935 0 1777797260 104796
7 210 16881 0 1777797260 104819
10 209 4734 0 1777797260 109131
8 224 5137 0 1777797260 109933
13 313 5760 0 1777797260 110346
10 210 4167 0 1777797260 113302
13 314 3541 0 1777797260 113890
12 211 12349 0 1777797260 117153
13 315 3295 0 1777797260 117186
7 211 14503 0 1777797260 119323
10 211 6681 0 1777797260 119985
12 212 3660 0 1777797260 120815
13 316 4060 0 1777797260 121247
8 225 11729 0 1777797260 121667
12 213 3778 0 1777797260 124595
10 212 4988 0 1777797260 124976
8 226 4977 0 1777797260 126645
7 212 8065 0 1777797260 127395
13 317 8357 0 1777797260 129606
7 213 4156 0 1777797260 131553
10 213 7050 0 1777797260 132029
13 318 4275 0 1777797260 133883
11 224 31403 0 1777797260 136087
10 214 4807 0 1777797260 136839
7 214 6056 0 1777797260 137612
13 319 6677 0 1777797260 140562
8 227 14184 0 1777797260 140830
7 215 4971 0 1777797260 142587
9 204 42275 0 1777797260 146838
8 228 6354 0 1777797260 147186
12 214 22595 0 1777797260 147194
10 215 12868 0 1777797260 149709
7 216 9249 0 1777797260 151839
9 205 5017 0 1777797260 151858
10 216 3890 0 1777797260 153601
13 320 13058 0 1777797260 153622
8 229 6451 0 1777797260 153646
11 225 18985 0 1777797260 155080
12 215 7883 0 1777797260 155087
9 206 3552 0 1777797260 155427
11 226 4011 0 1777797260 159100
12 216 4021 0 1777797260 159118
8 230 5669 0 1777797260 159316
13 321 5703 0 1777797260 159336
7 217 7922 0 1777797260 159788
12 217 1999 0 1777797260 161130
11 227 2542 0 1777797260 161661
8 231 2621 0 1777797260 161939
12 218 2442 0 1777797260 163574
8 232 3366 0 1777797260 165306
7 218 5768 0 1777797260 165560
9 207 10138 0 1777797260 165568
10 217 11970 0 1777797260 165594
13 322 6391 0 1777797260 165728
11 228 5265 0 1777797260 166930
10 218 3879 0 1777797260 169474
7 219 3974 0 1777797260 169543
8 233 6549 0 1777797260 171857
13 323 6169 0 1777797260 171899
12 219 8368 0 1777797260 171943
9 208 7885 0 1777797260 173463
8 234 1685 0 1777797260 173552
10 219 4350 0 1777797260 173826
13 324 7119 0 1777797260 179019
7 220 9959 0 1777797260 179509
11 229 12584 0 1777797260 179515
8 235 6642 0 1777797260 180196
9 209 7210 0 1777797260 180674
12 220 10861 0 1777797260 182806
8 236 4582 0 1777797260 184780
7 221 5286 0 1777797260 184802
8 237 2228 0 1777797260 187010
8 238 2733 0 1777797260 189759
10 220 18366 0 1777797260 192194
8 239 3445 0 1777797260 193207
7 222 8802 0 1777797260 193605
7 223 3773 0 1777797260 197380
8 240 4223 0 1777797260 197431
10 221 5520 0 1777797260 197721
8 241 2586 0 1777797260 200018
10 222 5352 0 1777797260 203075
7 224 7620 0 1777797260 205002
8 242 4990 0 1777797260 205010
13 325 27449 0 1777797260 206470
9 210 26088 0 1777797260 206764
8 243 1793 0 1777797260 206816
9 211 2785 0 1777797260 209551
7 225 4571 0 1777797260 209582
12 221 28450 0 1777797260 211257
13 326 4862 0 1777797260 211334
11 230 31857 0 1777797260 211383
9 212 3436 0 1777797260 212998
13 327 3040 0 1777797260 214375
8 244 12398 0 1777797260 219216
13 328 5280 0 1777797260 219658
11 231 8357 0 1777797260 219741
12 222 8489 0 1777797260 219748
9 213 7173 0 1777797260 220175
10 223 17120 0 1777797260 220197
12 223 1432 0 1777797260 221198
11 232 1738 0 1777797260 221487
9 214 2322 0 1777797260 222501
12 224 2000 0 1777797260 223201
11 233 1756 0 1777797260 223245
9 215 1808 0 1777797260 224315
11 234 1108 0 1777797260 224354
12 225 1347 0 1777797260 224550
8 245 7482 0 1777797260 226699
10 224 6508 0 1777797260 226707
11 235 2763 0 1777797260 227118
9 216 2945 0 1777797260 227265
12 226 3300 0 1777797260 227919
13 329 9590 0 1777797260 229250
11 236 2397 0 1777797260 229517
9 217 2934 0 1777797260 230200
12 227 2555 0 1777797260 230475
9 218 2533 0 1777797260 232738
13 330 4919 0 1777797260 234171
12 228 4649 0 1777797260 235125
9 219 2723 0 1777797260 235463
11 237 6835 0 1777797260 236354
10 225 9983 0 1777797260 236703
8 246 12853 0 1777797260 239561
13 331 6107 0 1777797260 240281
10 226 5359 0 1777797260 242063
11 238 7399 0 1777797260 243755
8 247 4362 0 1777797260 243931
12 229 8815 0 1777797260 243941
9 220 10142 0 1777797260 245607
12 230 2417 0 1777797260 246375
9 221 1268 0 1777797260 246881
11 239 3262 0 1777797260 247019
8 248 3992 0 1777797260 247934
11 240 1718 0 1777797260 248739
9 222 2025 0 1777797260 248908
12 231 3483 0 1777797260 249861
13 332 9700 0 1777797260 249982
8 249 3279 0 1777797260 251217
11 241 4443 0 1777797260 253184
8 250 2650 0 1777797260 253871
10 227 13415 0 1777797260 255480
8 251 2898 0 1777797260 256776
10 228 1358 0 1777797260 256840
11 242 5320 0 1777797260 258509
8 252 3387 0 1777797260 260169
10 229 4410 0 1777797260 261252
8 253 3326 0 1777797260 263501
11 243 4996 0 1777797260 263508
10 230 4034 0 1777797260 265288
8 254 1984 0 1777797260 265493
9 223 17065 0 1777797260 265975
11 244 3474 0 1777797260 266993
11 245 2294 0 1777797260 269290
8 255 3953 0 1777797260 269447
8 256 1859 0 1777797260 271307
10 231 9320 0 1777797260 274609
12 232 26917 0 1777797260 276780
13 333 26805 0 1777797260 276788
11 246 8012 0 1777797260 277304
10 232 2705 0 1777797260 277320
8 257 6025 0 1777797260 277334
9 224 12677 0 1777797260 278654
12 233 3051 0 1777797260 279840
13 334 4871 0 1777797260 281681
10 233 4421 0 1777797260 281742
12 234 1915 0 1777797260 281761
8 258 4536 0 1777797260 281872
9 225 3860 0 1777797260 282516
10 234 4268 0 1777797260 286011
11 247 8715 0 1777797260 286020
13 335 4500 0 1777797260 286201
8 259 4479 0 1777797260 286352
12 235 5254 0 1777797260 287016
9 226 4747 0 1777797260 287268
11 248 4303 0 1777797260 290338
13 336 4196 0 1777797260 290397
9 227 3631 0 1777797260 290900
10 235 4899 0 1777797260 290921
12 236 3907 0 1777797260 290929
7 226 82597 0 1777797260 292180
8 260 6273 0 1777797260 292626
11 249 3631 0 1777797260 293977
13 337 3585 0 1777797260 293984
9 228 5110 0 1777797260 296014
10 236 5139 0 1777797260 296069
12 237 5138 0 1777797260 296076
7 227 4513 0 1777797260 296697
11 250 5513 0 1777797260 299498
12 238 6442 0 1777797260 302536
7 228 6401 0 1777797260 303103
7 229 3680 0 1777797260 306788
12 239 4569 0 1777797260 307107
12 240 2099 0 1777797260 309208
7 230 3200 0 1777797260 309995
11 251 12421 0 1777797260 311926
8 261 19525 0 1777797260 312154
9 229 17246 0 1777797260 313268
10 237 18615 0 1777797260 314692
8 262 4524 0 1777797260 316679
11 252 4758 0 1777797260 316686
13 338 25339 0 1777797260 319334
9 230 6293 0 1777797260 319563
12 241 12883 0 1777797260 322093
9 231 2566 0 1777797260 322133
13 339 2863 0 1777797260 322203
8 263 5694 0 1777797260 322381
11 253 6908 0 1777797260 323606
7 231 15345 0 1777797260 325342
9 232 3425 0 1777797260 325561
13 340 3538 0 1777797260 325742
11 254 2757 0 1777797260 326367
9 233 2812 0 1777797260 328374
13 341 2727 0 1777797260 328470
7 232 6331 0 1777797260 331676
11 255 5317 0 1777797260 331691
10 238 17067 0 1777797260 331768
9 234 3433 0 1777797260 331809
13 342 3514 0 1777797260 331985
12 242 10558 0 1777797260 332653
11 256 2156 0 1777797260 333848
9 235 2227 0 1777797260 334037
12 243 4915 0 1777797260 337569
13 343 5656 0 1777797260 337642
11 257 5008 0 1777797260 338857
10 239 7163 0 1777797260 338932
8 264 17009 0 1777797260 339392
13 344 4074 0 1777797260 341718
9 236 7921 0 1777797260 341962
11 258 4200 0 1777797260 343062
9 237 3695 0 1777797260 345659
13 345 4474 0 1777797260 346199
9 238 2523 0 1777797260 348184
13 346 2949 0 1777797260 349151
9 239 2783 0 1777797260 350968
11 259 7955 0 1777797260 351024
10 240 12164 0 1777797260 351097
10 241 1229 0 1777797260 352390
13 347 5495 0 1777797260 354649
11 260 3962 0 1777797260 354988
9 240 4650 0 1777797260 355623
9 241 2211 0 1777797260 357837
8 265 20011 0 1777797260 359405
11 261 4626 0 1777797260 359616
13 348 7651 0 1777797260 362301
10 242 12283 0 1777797260 364675
11 262 5588 0 1777797260 365206
13 349 2925 0 1777797260 365227
9 242 8585 0 1777797260 366423
13 350 3765 0 1777797260 368993
7 233 37556 0 1777797260 369234
8 266 10909 0 1777797260 370316
9 243 4007 0 1777797260 370432
11 263 5650 0 1777797260 370858
7 234 2070 0 1777797260 371307
7 235 1069 0 1777797260 372378
11 264 1547 0 1777797260 372406
7 236 1098 0 1777797260 373479
8 267 4723 0 1777797260 375052
11 265 2717 0 1777797260 375124
7 237 1674 0 1777797260 375155
13 351 8422 0 1777797260 377417
9 244 7909 0 1777797260 378343
10 243 15079 0 1777797260 379759
12 244 42801 0 1777797260 380372
8 268 6313 0 1777797260 381371
9 245 4156 0 1777797260 382501
7 238 8112 0 1777797260 383268
7 239 4548 0 1777797260 387821
10 244 8064 0 1777797260 387831
12 245 7496 0 1777797260 387871
9 246 6504 0 1777797260 389007
8 269 8090 0 1777797260 389463
10 245 2461 0 1777797260 390305
9 247 2114 0 1777797260 391126
10 246 1171 0 1777797260 391478
8 270 4305 0 1777797260 393771
8 271 1949 0 1777797260 395721
11 266 21530 0 1777797260 396656
13 352 19528 0 1777797260 396954
7 240 11323 0 1777797260 399156
10 247 12468 0 1777797260 403948
8 272 8412 0 1777797260 404137
11 267 7506 0 1777797260 404163
9 248 13603 0 1777797260 404734
12 246 17068 0 1777797260 404940
7 241 5844 0 1777797260 405002
13 353 8203 0 1777797260 405159
11 268 3292 0 1777797260 407456
10 248 3556 0 1777797260 407506
12 247 3869 0 1777797260 408811
8 273 7620 0 1777797260 411761
9 249 7466 0 1777797260 412203
7 242 7644 0 1777797260 412647
13 354 7587 0 1777797260 412747
7 243 3396 0 1777797260 416046
11 269 10656 0 1777797260 418113
8 274 6411 0 1777797260 418173
10 249 10674 0 1777797260 418181
9 250 6010 0 1777797260 418215
12 248 9637 0 1777797260 418454
13 355 5724 0 1777797260 418472
10 250 4257 0 1777797260 422452
12 249 4270 0 1777797260 422726
7 244 6908 0 1777797260 422956
8 275 4780 0 1777797260 422962
11 270 4847 0 1777797260 422969
9 251 4967 0 1777797260 423183
13 356 5822 0 1777797260 424295
7 245 5722 0 1777797260 428692
11 271 5820 0 1777797260 428803
9 252 6232 0 1777797260 429417
8 276 7731 0 1777797260 430709
10 251 8335 0 1777797260 430790
12 250 8887 0 1777797260 431614
7 246 3274 0 1777797260 431974
8 277 5355 0 1777797260 436069
9 253 6639 0 1777797260 436076
13 357 12115 0 1777797260 436414
11 272 7792 0 1777797260 436597
7 247 4640 0 1777797260 436617
12 251 5217 0 1777797260 436833
9 254 3748 0 1777797260 439836
7 248 3592 0 1777797260 440210
10 252 9484 0 1777797260 440276
13 358 5897 0 1777797260 442312
12 252 6468 0 1777797260 443302
8 278 7606 0 1777797260 443683
11 273 8931 0 1777797260 445531
13 359 5833 0 1777797260 448153
8 279 5747 0 1777797260 449433
7 249 9786 0 1777797260 449997
13 360 2090 0 1777797260 450244
10 253 13078 0 1777797260 453355
12 253 13452 0 1777797260 456756
8 280 7365 0 1777797260 456800
9 255 17588 0 1777797260 457426
13 361 7386 0 1777797260 457632
9 256 1540 0 1777797260 458968
11 274 14317 0 1777797260 459849
13 362 2307 0 1777797260 459941
7 250 13379 0 1777797260 463379
8 281 6715 0 1777797260 463517
9 257 5514 0 1777797260 464484
13 363 7060 0 1777797260 467004
8 282 5698 0 1777797260 469216
7 251 5956 0 1777797260 469339
12 254 16747 0 1777797260 473511
8 283 4618 0 1777797260 473838
11 275 14141 0 1777797260 473997
7 252 4744 0 1777797260 474084
10 254 20766 0 1777797260 474124
9 258 10328 0 1777797260 474813
13 364 10902 0 1777797260 477918
11 276 4208 0 1777797260 478207
8 284 7384 0 1777797260 481224
12 255 7886 0 1777797260 481407
10 255 8961 0 1777797260 483086
9 259 8531 0 1777797260 483346
11 277 5585 0 1777797260 483795
7 253 9913 0 1777797260 483998
13 365 9041 0 1777797260 486967
9 260 4936 0 1777797260 488284
8 285 7859 0 1777797260 489084
10 256 6645 0 1777797260 489732
11 278 6504 0 1777797260 490302
7 254 7052 0 1777797260 491052
10 257 5901 0 1777797260 495635
8 286 6820 0 1777797260 495905
7 255 6900 0 1777797260 498018
13 366 11072 0 1777797260 498042
9 261 9885 0 1777797260 498171
11 279 7870 0 1777797260 498176
12 256 16796 0 1777797260 498204
8 287 5810 0 1777797260 501717
13 367 6095 0 1777797260 504138
10 258 8767 0 1777797260 504404
11 280 6858 0 1777797260 505043
12 257 6872 0 1777797260 505077
7 256 7657 0 1777797260 505678
8 288 7110 0 1777797260 508835
9 262 10667 0 1777797260 508844
11 281 5077 0 1777797260 510122
10 259 5784 0 1777797260 510190
12 258 5308 0 1777797260 510386
13 368 8156 0 1777797260 512295
12 259 5711 0 1777797260 516098
7 257 10840 0 1777797260 516521
9 263 7715 0 1777797260 516567
13 369 7102 0 1777797260 519402
8 289 10804 0 1777797260 519649
11 282 9542 0 1777797260 519670
10 260 9510 0 1777797260 519702
10 261 1818 0 1777797260 521521
9 264 6419 0 1777797260 522987
9 265 1275 0 1777797260 524266
11 283 6635 0 1777797260 526325
9 266 2080 0 1777797260 526347
8 290 6703 0 1777797260 526374
10 262 5576 0 1777797260 527099
12 260 12237 0 1777797260 528336
13 370 10947 0 1777797260 530349
12 261 2153 0 1777797260 530492
10 263 4164 0 1777797260 531266
11 284 6117 0 1777797260 532445
12 262 1987 0 1777797260 532480
10 264 1801 0 1777797260 533069
9 267 7348 0 1777797260 533697
11 285 4667 0 1777797260 537114
8 291 11350 0 1777797260 537725
12 263 5250 0 1777797260 537731
13 371 8379 0 1777797260 538735
7 258 25627 0 1777797260 542150
12 264 4421 0 1777797260 542163
10 265 9240 0 1777797260 542310
11 286 5274 0 1777797260 542390
13 372 4062 0 1777797260 542800
9 268 10003 0 1777797260 543702
8 292 7162 0 1777797260 544894
7 259 5311 0 1777797260 547475
9 269 3782 0 1777797260 547486
10 266 5567 0 1777797260 547878
11 287 6579 0 1777797260 548970
7 260 1988 0 1777797260 549475
13 373 6752 0 1777797260 549554
8 293 6221 0 1777797260 551117
7 261 1738 0 1777797260 551217
10 267 3807 0 1777797260 551686
9 270 5599 0 1777797260 553098
12 265 11137 0 1777797260 553321
13 374 4277 0 1777797260 553833
11 288 6237 0 1777797260 555211
12 266 2682 0 1777797260 556006
12 267 1544 0 1777797260 557552
7 262 6835 0 1777797260 558054
9 271 5224 0 1777797260 558325
13 375 7608 0 1777797260 561445
11 289 6512 0 1777797260 561725
12 268 4178 0 1777797260 561738
7 263 3851 0 1777797260 561907
9 272 3945 0 1777797260 562272
10 268 10887 0 1777797260 562576
8 294 12444 0 1777797260 563562
13 376 2599 0 1777797260 564097
7 264 4065 0 1777797260 565975
11 290 4317 0 1777797260 566056
9 273 4666 0 1777797260 566939
8 295 4401 0 1777797260 567965
10 269 6294 0 1777797260 568874
12 269 8084 0 1777797260 569831
11 291 4316 0 1777797260 570373
8 296 3549 0 1777797260 571515
7 265 5767 0 1777797260 571745
10 270 4998 0 1777797260 573874
8 297 2414 0 1777797260 573930
12 270 9319 0 1777797260 579152
11 292 10185 0 1777797260 580560
8 298 9289 0 1777797260 583220
10 271 9930 0 1777797260 583809
11 293 5873 0 1777797260 586436
7 266 14910 0 1777797260 586658
13 377 22567 0 1777797260 586669
12 271 9721 0 1777797260 588875
13 378 2343 0 1777797260 589020
10 272 6295 0 1777797260 590106
12 272 2497 0 1777797260 591374
13 379 2364 0 1777797260 591385
12 273 3413 0 1777797260 594799
8 299 13489 0 1777797260 596711
10 273 6623 0 1777797260 596732
11 294 10292 0 1777797260 596737
7 267 12734 0 1777797260 599404
13 380 8497 0 1777797260 599908
7 268 2310 0 1777797260 601717
11 295 6030 0 1777797260 602776
13 381 7018 0 1777797260 606928
11 296 4192 0 1777797260 606971
10 274 10252 0 1777797260 606990
12 274 12195 0 1777797260 606996
9 274 40094 0 1777797260 607038
8 300 11622 0 1777797260 608335
9 275 2080 0 1777797260 609119
7 269 13767 0 1777797260 615486
9 276 6395 0 1777797260 615519
11 297 8658 0 1777797260 615631
13 382 8750 0 1777797260 615685
8 301 7590 0 1777797260 615927
12 275 10489 0 1777797260 617494
10 275 15274 0 1777797260 622271
12 276 11714 0 1777797260 629210
7 270 16868 0 1777797260 632362
8 302 16443 0 1777797260 632372
11 298 16744 0 1777797260 632376
13 383 17297 0 1777797260 632984
9 277 18503 0 1777797260 634024
7 271 4883 0 1777797260 637259
11 299 4915 0 1777797260 637302
12 277 9161 0 1777797260 638372
7 272 3092 0 1777797260 640396
12 278 6861 0 1777797260 645236
13 384 12251 0 1777797260 645240
8 303 16690 0 1777797260 649072
11 300 11758 0 1777797260 649075
9 278 16152 0 1777797260 650231
10 276 27962 0 1777797260 650235
13 385 5004 0 1777797260 650249
9 279 23008 0 1777797260 673243
8 304 24657 0 1777797260 673733
13 386 23494 0 1777797260 673744
11 301 24767 0 1777797260 673847
10 277 24250 0 1777797260 674490
8 305 4120 0 1777797260 677865
11 302 4083 0 1777797260 677931
10 278 3480 0 1777797260 677972
8 306 2930 0 1777797260 680802
13 387 7294 0 1777797260 681050
13 388 2056 0 1777797260 683107
7 273 45680 0 1777797260 686079
11 303 8159 0 1777797260 686092
10 279 8821 0 1777797260 686794
10 280 2076 0 1777797260 688878
13 389 5979 0 1777797260 689087
8 307 8916 0 1777797260 689722
12 279 46106 0 1777797260 691346
13 390 2573 0 1777797260 691662
13 391 5941 0 1777797260 697604
10 281 8934 0 1777797260 697820
9 280 25706 0 1777797260 698950
13 392 1751 0 1777797260 699356
12 280 8671 0 1777797260 700019
10 282 2661 0 1777797260 700483
12 281 927 0 1777797260 700948
11 304 16031 0 1777797260 702135
13 393 3250 0 1777797260 702607
10 283 4952 0 1777797260 705441
9 281 6535 0 1777797260 705489
7 274 19566 0 1777797260 705659
12 282 6105 0 1777797260 707054
13 394 6318 0 1777797260 708926
12 283 2829 0 1777797260 709888
13 395 1994 0 1777797260 710921
10 284 5486 0 1777797260 710937
13 396 1278 0 1777797260 712201
10 285 1381 0 1777797260 712319
12 284 3158 0 1777797260 713048
7 275 10091 0 1777797260 715752
13 397 4258 0 1777797260 716460
12 285 3470 0 1777797260 716519
13 398 3300 0 1777797260 719763
9 282 14300 0 1777797260 719790
12 286 3276 0 1777797260 719796
13 399 2636 0 1777797260 722405
12 287 3792 0 1777797260 723598
13 400 2295 0 1777797260 724703
10 286 14964 0 1777797260 727284
11 305 25159 0 1777797260 727295
13 401 2598 0 1777797260 727302
12 288 3905 0 1777797260 727504
8 308 39621 0 1777797260 729344
13 402 2202 0 1777797260 729528
7 276 14466 0 1777797260 730222
12 289 3134 0 1777797260 730641
9 283 11965 0 1777797260 731762
10 287 5984 0 1777797260 733287
12 290 2870 0 1777797260 733513
11 306 8528 0 1777797260 735843
13 403 6331 0 1777797260 735860
7 277 7097 0 1777797260 737321
12 291 4591 0 1777797260 738105
10 288 5245 0 1777797260 738534
8 309 14117 0 1777797260 743463
10 289 6613 0 1777797260 745149
13 404 10721 0 1777797260 746594
12 292 8668 0 1777797260 746774
12 293 4188 0 1777797260 750963
13 405 4549 0 1777797260 751145
7 278 16533 0 1777797260 753860
12 294 7382 0 1777797260 758349
13 406 12400 0 1777797260 763547
13 407 3178 0 1777797260 766727
12 295 9031 0 1777797260 767393
9 284 35971 0 1777797260 767736
13 408 3946 0 1777797260 770681
11 307 36149 0 1777797260 772010
7 279 18777 0 1777797260 772641
7 280 2038 0 1777797260 774683
10 290 31273 0 1777797260 776426
13 409 7320 0 1777797260 778003
10 291 1644 0 1777797260 778072
12 296 10948 0 1777797260 778344
8 310 38483 0 1777797260 781950
13 410 4097 0 1777797260 782102
12 297 6216 0 1777797260 784561
10 292 6953 0 1777797260 785026
13 411 3425 0 1777797260 785528
9 285 20368 0 1777797260 788106
12 298 3572 0 1777797260 788134
10 293 4680 0 1777797260 789719
12 299 1816 0 1777797260 789951
7 281 16147 0 1777797260 790834
10 294 2868 0 1777797260 792589
13 412 8753 0 1777797260 794283
12 300 4425 0 1777797260 794379
9 286 9478 0 1777797260 797590
8 311 15729 0 1777797260 797681
12 301 3848 0 1777797260 798228
13 413 5202 0 1777797260 799486
13 414 3862 0 1777797260 803349
11 308 32691 0 1777797260 804703
12 302 6600 0 1777797260 804830
7 282 14263 0 1777797260 805101
13 415 5715 0 1777797260 809065
7 283 4042 0 1777797260 809145
10 295 19442 0 1777797260 812034
13 416 3737 0 1777797260 812803
9 287 15228 0 1777797260 812820
8 312 17037 0 1777797260 814719
11 309 10031 0 1777797260 814736
12 303 9931 0 1777797260 814763
12 304 2220 0 1777797260 817001
13 417 5643 0 1777797260 818447
10 296 6663 0 1777797260 818699
7 284 9605 0 1777797260 818751
9 288 6886 0 1777797260 819707
12 305 2711 0 1777797260 819714
8 313 7701 0 1777797260 822465
12 306 4562 0 1777797260 824286
7 285 9425 0 1777797260 828254
13 418 10749 0 1777797260 829197
10 297 10560 0 1777797260 829261
12 307 5056 0 1777797260 829343
11 310 15712 0 1777797260 830485
8 314 10256 0 1777797260 832724
10 298 3469 0 1777797260 832732
11 311 2249 0 1777797260 832736
9 289 13102 0 1777797260 832817
10 299 3513 0 1777797260 836260
13 419 7072 0 1777797260 836271
7 286 9064 0 1777797260 837320
9 290 6109 0 1777797260 838936
11 312 6235 0 1777797260 838993
12 308 9695 0 1777797260 839039
10 300 4487 0 1777797260 840759
7 287 3626 0 1777797260 840951
7 288 1977 0 1777797260 842929
10 301 2744 0 1777797260 843505
13 420 8046 0 1777797260 844332
12 309 5318 0 1777797260 844358
8 315 11696 0 1777797260 844433
9 291 7835 0 1777797260 846774
12 310 4563 0 1777797260 848922
13 421 6390 0 1777797260 850728
9 292 5345 0 1777797260 852121
8 316 7832 0 1777797260 852268
12 311 3991 0 1777797260 852921
7 289 11608 0 1777797260 854540
11 313 15605 0 1777797260 854601
13 422 4117 0 1777797260 854847
7 290 3013 0 1777797260 857555
10 302 14201 0 1777797260 857708
9 293 9917 0 1777797260 862039
8 317 9890 0 1777797260 862159
11 314 7563 0 1777797260 862165
12 312 9790 0 1777797260 862712
13 423 9104 0 1777797260 863953
7 291 9122 0 1777797260 866679
12 313 3993 0 1777797260 866707
10 303 11969 0 1777797260 869678
13 424 6385 0 1777797260 870341
12 314 4965 0 1777797260 871674
8 318 10826 0 1777797260 872992
13 425 2657 0 1777797260 872999
13 426 3697 0 1777797260 876709
12 315 6684 0 1777797260 878360
10 304 10866 0 1777797260 880547
9 294 18585 0 1777797260 880631
12 316 2642 0 1777797260 881005
7 292 16617 0 1777797260 883305
11 315 22041 0 1777797260 884215
8 319 12664 0 1777797260 885664
13 427 9393 0 1777797260 886104
7 293 2856 0 1777797260 886162
13 428 2621 0 1777797260 888728
7 294 2624 0 1777797260 888787
9 295 9428 0 1777797260 890060
10 305 12284 0 1777797260 892833
8 320 9347 0 1777797260 895013
9 296 4952 0 1777797260 895017
9 297 2809 0 1777797260 897833
7 295 10353 0 1777797260 899141
7 296 1161 0 1777797260 900305
8 321 8133 0 1777797260 903151
11 316 19050 0 1777797260 903266
9 298 8753 0 1777797260 906589
12 317 26889 0 1777797260 907896
13 429 19177 0 1777797260 907907
12 318 3607 0 1777797260 911515
7 297 11229 0 1777797260 911536
10 306 18860 0 1777797260 911695
8 322 9697 0 1777797260 912858
11 317 9857 0 1777797260 913124
9 299 7175 0 1777797260 913770
13 430 7741 0 1777797260 915658
10 307 4046 0 1777797260 915743
9 300 2329 0 1777797260 916100
13 431 4946 0 1777797260 920606
13 432 4471 0 1777797260 925082
7 298 14339 0 1777797260 925876
11 318 13898 0 1777797260 927025
8 323 16586 0 1777797260 929446
13 433 8813 0 1777797260 933898
7 299 9166 0 1777797260 935044
9 301 18953 0 1777797260 935055
12 319 23543 0 1777797260 935062
8 324 6505 0 1777797260 935953
11 319 10421 0 1777797260 937450
8 325 2444 0 1777797260 938399
10 308 22743 0 1777797260 938487
9 302 3625 0 1777797260 938698
13 434 4832 0 1777797260 938732
7 300 3851 0 1777797260 938914
10 309 3103 0 1777797260 941592
12 320 7050 0 1777797260 942132
12 321 1841 0 1777797260 943975
7 301 5603 0 1777797260 944518
10 310 4177 0 1777797260 945770
11 320 9904 0 1777797260 947358
7 302 4479 0 1777797260 948999
9 303 10311 0 1777797260 949011
13 435 10623 0 1777797260 949356
7 303 5255 0 1777797260 954268
9 304 5257 0 1777797260 954280
10 311 8541 0 1777797260 954313
11 321 6960 0 1777797260 954319
12 322 10404 0 1777797260 954382
8 326 16188 0 1777797260 954591
13 436 8146 0 1777797260 957507
7 304 4029 0 1777797260 958310
9 305 7097 0 1777797260 961390
12 323 7226 0 1777797260 961609
7 305 3389 0 1777797260 961702
8 327 10481 0 1777797260 965075
10 312 14213 0 1777797260 968533
13 437 11031 0 1777797260 968545
7 306 7248 0 1777797260 968951
11 322 15780 0 1777797260 970109
13 438 1687 0 1777797260 970244
12 324 8672 0 1777797260 970283
12 325 1160 0 1777797260 971446
12 326 806 0 1777797260 972255
7 307 3867 0 1777797260 972822
12 327 1855 0 1777797260 974112
9 306 13803 0 1777797260 975195
11 323 6647 0 1777797260 976759
10 313 9171 0 1777797260 977717
8 328 13830 0 1777797260 978906
12 328 5508 0 1777797260 979669
10 314 2589 0 1777797260 980308
13 439 13026 0 1777797260 983272
8 329 5042 0 1777797260 983951
12 329 5105 0 1777797260 984776
9 307 9650 0 1777797260 984849
7 308 15184 0 1777797260 988007
12 330 3675 0 1777797260 988454
13 440 6322 0 1777797260 989597
10 315 12188 0 1777797260 992499
12 331 4054 0 1777797260 992511
7 309 4838 0 1777797260 992847
13 441 6781 0 1777797260 996380
9 308 11548 0 1777797260 996399
11 324 19920 0 1777797260 996687
12 332 4416 0 1777797260 996938
7 310 4340 0 1777797260 997188
8 330 18575 0 1777797261 2527
12 333 7811 0 1777797261 4750
12 334 2654 0 1777797261 7407
10 316 19804 0 1777797261 12315
7 311 15871 0 1777797261 13062
7 312 2470 0 1777797261 15533
12 335 8141 0 1777797261 15550
11 325 18940 0 1777797261 15628
10 317 3398 0 1777797261 15714
8 331 13654 0 1777797261 16183
9 309 19832 0 1777797261 16232
13 442 20248 0 1777797261 16630
13 443 6380 0 1777797261 23014
9 310 7223 0 1777797261 23456
12 336 7913 0 1777797261 23464
7 313 8300 0 1777797261 23835
8 332 7656 0 1777797261 23843
10 318 8152 0 1777797261 23867
11 326 8282 0 1777797261 23912
13 444 4384 0 1777797261 27405
9 311 4813 0 1777797261 28278
8 333 4466 0 1777797261 28318
12 337 5194 0 1777797261 28678
7 314 6877 0 1777797261 30721
11 327 6960 0 1777797261 30874
10 319 10339 0 1777797261 34207
12 338 8598 0 1777797261 37277
8 334 8986 0 1777797261 37306
9 312 9427 0 1777797261 37706
7 315 7090 0 1777797261 37813
13 445 10710 0 1777797261 38117
11 328 8000 0 1777797261 38875
10 320 5000 0 1777797261 39209
7 316 4035 0 1777797261 41849
8 335 5217 0 1777797261 42524
12 339 6959 0 1777797261 44237
10 321 5123 0 1777797261 44337
13 446 6237 0 1777797261 44355
9 313 7078 0 1777797261 44789
11 329 6966 0 1777797261 45846
7 317 4356 0 1777797261 46207
8 336 4637 0 1777797261 47163
13 447 4271 0 1777797261 48627
7 318 2772 0 1777797261 48981
11 330 3949 0 1777797261 49801
7 319 5995 0 1777797261 54978
9 314 10193 0 1777797261 54984
12 340 10766 0 1777797261 55005
11 331 5373 0 1777797261 55175
13 448 6601 0 1777797261 55229
10 322 10905 0 1777797261 55243
8 337 8815 0 1777797261 55980
12 341 1620 0 1777797261 56642
7 320 3269 0 1777797261 58275
10 323 3191 0 1777797261 58435
9 315 3457 0 1777797261 58471
13 449 8274 0 1777797261 63505
12 342 6944 0 1777797261 63589
7 321 5434 0 1777797261 63717
11 332 8575 0 1777797261 63752
8 338 8374 0 1777797261 64356
9 316 5926 0 1777797261 64398
10 324 5968 0 1777797261 64405
12 343 6643 0 1777797261 70233
13 450 7831 0 1777797261 71337
7 322 8567 0 1777797261 72285
11 333 8543 0 1777797261 72296
9 317 11093 0 1777797261 75499
13 451 4203 0 1777797261 75542
8 339 13602 0 1777797261 77960
10 325 13561 0 1777797261 77974
12 344 8768 0 1777797261 79002
9 318 4973 0 1777797261 80473
11 334 8182 0 1777797261 80497
7 323 8717 0 1777797261 81014
13 452 7680 0 1777797261 83224
8 340 5907 0 1777797261 83883
10 326 10626 0 1777797261 88610
11 335 8132 0 1777797261 88630
7 324 7861 0 1777797261 88878
13 453 5657 0 1777797261 88885
8 341 5858 0 1777797261 89746
11 336 2540 0 1777797261 91171
12 345 12185 0 1777797261 91189
8 342 5524 0 1777797261 95272
9 319 14803 0 1777797261 95278
13 454 6410 0 1777797261 95303
12 346 4114 0 1777797261 95319
11 337 4747 0 1777797261 95937
7 325 9559 0 1777797261 98444
10 327 9847 0 1777797261 98458
9 320 3671 0 1777797261 98959
8 343 4163 0 1777797261 99444
12 347 8745 0 1777797261 104065
13 455 8901 0 1777797261 104205
11 338 8309 0 1777797261 104247
7 326 5825 0 1777797261 104284
10 328 6654 0 1777797261 105123
9 321 6288 0 1777797261 105249
8 344 6478 0 1777797261 105927
11 339 4463 0 1777797261 108712
13 456 4606 0 1777797261 108812
8 345 5254 0 1777797261 111188
9 322 5953 0 1777797261 111203
7 327 6962 0 1777797261 111247
12 348 7181 0 1777797261 111251
10 329 9374 0 1777797261 114502
8 346 4701 0 1777797261 115906
13 457 7100 0 1777797261 115913
12 349 7333 0 1777797261 118591
11 340 10070 0 1777797261 118790
7 328 9363 0 1777797261 120615
10 330 6883 0 1777797261 121387
8 347 7800 0 1777797261 123715
13 458 8010 0 1777797261 123933
12 350 6425 0 1777797261 125017
9 323 15113 0 1777797261 126346
13 459 3936 0 1777797261 127871
7 329 7980 0 1777797261 128617
11 341 9786 0 1777797261 128625
8 348 4924 0 1777797261 128648
9 324 5951 0 1777797261 132299
12 351 7484 0 1777797261 132502
13 460 7467 0 1777797261 135341
7 330 6743 0 1777797261 135369
8 349 7249 0 1777797261 135897
10 331 14512 0 1777797261 135900
11 342 10255 0 1777797261 138890
7 331 4494 0 1777797261 139864
13 461 5535 0 1777797261 140878
9 325 8670 0 1777797261 140971
12 352 11030 0 1777797261 143533
7 332 5856 0 1777797261 145723
8 350 9830 0 1777797261 145731
13 462 5660 0 1777797261 146543
12 353 3220 0 1777797261 146754
12 354 928 0 1777797261 147684
13 463 2947 0 1777797261 149491
9 326 8587 0 1777797261 149560
8 351 3843 0 1777797261 149586
11 343 10723 0 1777797261 149615
8 352 6351 0 1777797261 155938
12 355 8263 0 1777797261 155948
10 332 20159 0 1777797261 156064
7 333 11220 0 1777797261 156952
7 334 1504 0 1777797261 158458
8 353 3032 0 1777797261 158981
7 335 1821 0 1777797261 160286
13 464 11878 0 1777797261 161377
12 356 6463 0 1777797261 162426
9 327 13911 0 1777797261 163472
12 357 2903 0 1777797261 165331
7 336 5112 0 1777797261 165403
13 465 4031 0 1777797261 165410
9 328 2081 0 1777797261 165559
9 329 885 0 1777797261 166445
12 358 2282 0 1777797261 167615
8 354 8920 0 1777797261 167903
9 330 1711 0 1777797261 168158
13 466 3803 0 1777797261 169222
7 337 4205 0 1777797261 169616
10 333 15605 0 1777797261 171670
9 331 4866 0 1777797261 173028
7 338 6517 0 1777797261 176137
8 355 9759 0 1777797261 177663
10 334 6008 0 1777797261 177680
12 359 10684 0 1777797261 178301
7 339 3549 0 1777797261 179690
13 467 10485 0 1777797261 179708
9 332 8610 0 1777797261 181640
10 335 3952 0 1777797261 181650
11 344 32062 0 1777797261 181678
8 356 4269 0 1777797261 181950
7 340 3704 0 1777797261 183397
8 357 1889 0 1777797261 183841
11 345 2172 0 1777797261 183851
9 333 2673 0 1777797261 184324
10 336 3246 0 1777797261 184909
13 468 6889 0 1777797261 186599
7 341 5090 0 1777797261 188489
8 358 6200 0 1777797261 190052
10 337 5157 0 1777797261 190070
12 360 12623 0 1777797261 190928
7 342 2819 0 1777797261 191310
10 338 1564 0 1777797261 191635
8 359 4186 0 1777797261 194240
7 343 4064 0 1777797261 195376
10 339 4971 0 1777797261 196608
11 346 14103 0 1777797261 197973
9 334 15641 0 1777797261 199966
12 361 11058 0 1777797261 201992
10 340 5576 0 1777797261 202185
13 469 16913 0 1777797261 203514
11 347 6034 0 1777797261 204009
8 360 10574 0 1777797261 204816
10 341 4481 0 1777797261 206668
9 335 8055 0 1777797261 208023
12 362 7812 0 1777797261 209809
11 348 5893 0 1777797261 209904
7 344 15981 0 1777797261 211358
10 342 6252 0 1777797261 212922
7 345 2855 0 1777797261 214221
8 361 10504 0 1777797261 215322
9 336 7337 0 1777797261 215361
7 346 2489 0 1777797261 216711
10 343 4339 0 1777797261 217263
11 349 7450 0 1777797261 217355
8 362 3289 0 1777797261 218621
8 363 2137 0 1777797261 220760
9 337 5953 0 1777797261 221315
7 347 6952 0 1777797261 223665
11 350 8356 0 1777797261 225712
9 338 4459 0 1777797261 225776
8 364 10078 0 1777797261 230840
13 470 27330 0 1777797261 230846
7 348 7265 0 1777797261 230938
10 344 13688 0 1777797261 230952
12 363 21232 0 1777797261 231041
9 339 10332 0 1777797261 236110
11 351 11730 0 1777797261 237444
13 471 6597 0 1777797261 237449
12 364 7149 0 1777797261 238190
7 349 10457 0 1777797261 241396
10 345 10446 0 1777797261 241399
12 365 3211 0 1777797261 241402
13 472 5828 0 1777797261 243283
10 346 3528 0 1777797261 244935
12 366 4551 0 1777797261 245962
7 350 6006 0 1777797261 247408
13 473 4963 0 1777797261 248249
9 340 15335 0 1777797261 251449
12 367 5573 0 1777797261 251537
11 352 14207 0 1777797261 251656
13 474 5015 0 1777797261 253266
7 351 6597 0 1777797261 254007
12 368 10493 0 1777797261 262032
8 365 32534 0 1777797261 263380
10 347 18469 0 1777797261 263405
12 369 2102 0 1777797261 264142
8 366 3036 0 1777797261 266417
12 370 2304 0 1777797261 266484
8 367 1746 0 1777797261 268168
12 371 2290 0 1777797261 268775
10 348 5734 0 1777797261 269141
9 341 19424 0 1777797261 270880
12 372 2997 0 1777797261 271775
8 368 8389 0 1777797261 276558
12 373 4802 0 1777797261 276578
10 349 7875 0 1777797261 277019
13 475 26442 0 1777797261 279710
8 369 3374 0 1777797261 279954
9 342 9860 0 1777797261 280749
7 352 26853 0 1777797261 280862
10 350 4256 0 1777797261 281276
12 374 5091 0 1777797261 281682
10 351 2360 0 1777797261 283638
10 352 2101 0 1777797261 285741
7 353 6052 0 1777797261 286915
8 370 8130 0 1777797261 288084
10 353 3770 0 1777797261 289513
9 343 9872 0 1777797261 290622
7 354 3737 0 1777797261 290655
8 371 2575 0 1777797261 290661
10 354 1470 0 1777797261 290985
12 375 9606 0 1777797261 291290
12 376 902 0 1777797261 292194
10 355 4737 0 1777797261 295723
7 355 5339 0 1777797261 296001
7 356 3170 0 1777797261 299173
13 476 19474 0 1777797261 299190
12 377 7789 0 1777797261 299988
8 372 9387 0 1777797261 300057
10 356 5715 0 1777797261 301440
13 477 2415 0 1777797261 301607
7 357 3896 0 1777797261 303071
9 344 12577 0 1777797261 303206
8 373 5870 0 1777797261 305929
7 358 2905 0 1777797261 305978
9 345 2790 0 1777797261 305997
10 357 5275 0 1777797261 306717
13 478 5117 0 1777797261 306725
12 378 8625 0 1777797261 308615
9 346 2711 0 1777797261 308709
13 479 4722 0 1777797261 311457
8 374 5654 0 1777797261 311589
9 347 2886 0 1777797261 311596
10 358 4959 0 1777797261 311685
7 359 6031 0 1777797261 312011
11 353 60651 0 1777797261 312308
7 360 2502 0 1777797261 314514
11 354 2213 0 1777797261 314522
13 480 5113 0 1777797261 316584
8 375 5026 0 1777797261 316623
12 379 10080 0 1777797261 318697
7 361 4258 0 1777797261 318789
10 359 7606 0 1777797261 319292
13 481 4970 0 1777797261 321555
9 348 10464 0 1777797261 322069
11 355 7535 0 1777797261 322077
8 376 5481 0 1777797261 322106
7 362 6232 0 1777797261 325022
12 380 6529 0 1777797261 325228
11 356 4832 0 1777797261 326919
13 482 5364 0 1777797261 326927
8 377 4993 0 1777797261 327100
7 363 3189 0 1777797261 328214
9 349 6268 0 1777797261 328346
10 360 10042 0 1777797261 329338
8 378 5811 0 1777797261 332912
7 364 5611 0 1777797261 333826
12 381 10118 0 1777797261 335347
10 361 6191 0 1777797261 335533
7 365 2009 0 1777797261 335839
8 379 4092 0 1777797261 337008
9 350 9625 0 1777797261 337972
13 483 11826 0 1777797261 338762
11 357 12141 0 1777797261 339069
13 484 1530 0 1777797261 340294
12 382 5033 0 1777797261 340381
10 362 5210 0 1777797261 340744
13 485 1258 0 1777797261 341559
7 366 5924 0 1777797261 341764
9 351 4341 0 1777797261 342316
13 486 2297 0 1777797261 343857
7 367 3068 0 1777797261 344834
11 358 6341 0 1777797261 345411
10 363 4837 0 1777797261 345584
12 383 6388 0 1777797261 346770
8 380 10689 0 1777797261 347700
13 487 8489 0 1777797261 352349
10 364 7394 0 1777797261 352980
8 381 5575 0 1777797261 353280
10 365 5582 0 1777797261 358566
11 359 13161 0 1777797261 358577
7 368 14376 0 1777797261 359212
12 384 17887 0 1777797261 364659
9 352 22490 0 1777797261 364807
12 385 9968 0 1777797261 374630
11 360 22903 0 1777797261 381490
12 386 8720 0 1777797261 383355
9 353 19963 0 1777797261 384771
12 387 1583 0 1777797261 384940
12 388 2202 0 1777797261 387144
11 361 7007 0 1777797261 388500
12 389 3368 0 1777797261 390514
10 366 34332 0 1777797261 392910
12 390 2583 0 1777797261 393100
7 369 40319 0 1777797261 399536
13 488 47623 0 1777797261 399977
9 354 15428 0 1777797261 400206
10 367 7532 0 1777797261 400444
8 382 47342 0 1777797261 400624
12 391 8493 0 1777797261 401594
8 383 3925 0 1777797261 404550
11 362 16703 0 1777797261 405210
8 384 2740 0 1777797261 407296
10 368 6969 0 1777797261 407414
12 392 6943 0 1777797261 408540
12 393 2376 0 1777797261 410919
9 355 11757 0 1777797261 411965
10 369 5900 0 1777797261 413315
11 363 8668 0 1777797261 413880
8 385 6594 0 1777797261 413898
8 386 1104 0 1777797261 415003
10 370 2687 0 1777797261 416005
8 387 1599 0 1777797261 416605
9 356 4699 0 1777797261 416666
12 394 7035 0 1777797261 417956
7 370 18543 0 1777797261 418086
13 489 18306 0 1777797261 418285
8 388 5076 0 1777797261 421685
13 490 3695 0 1777797261 421981
11 364 8182 0 1777797261 422064
12 395 4250 0 1777797261 422249
9 357 6238 0 1777797261 422906
7 371 6309 0 1777797261 424399
10 371 8488 0 1777797261 424496
7 372 2932 0 1777797261 427349
10 372 3327 0 1777797261 427825
10 373 1938 0 1777797261 429765
12 396 7521 0 1777797261 429772
7 373 3562 0 1777797261 430914
8 389 9265 0 1777797261 430952
7 374 2370 0 1777797261 433290
12 397 3526 0 1777797261 433306
10 374 4202 0 1777797261 433975
10 375 2564 0 1777797261 436542
7 375 3517 0 1777797261 436824
12 398 3581 0 1777797261 436904
13 491 15233 0 1777797261 437215
8 390 6501 0 1777797261 437455
8 391 3303 0 1777797261 440760
10 376 4221 0 1777797261 440773
13 492 4499 0 1777797261 441716
10 377 1314 0 1777797261 442099
7 376 6678 0 1777797261 443504
13 493 1814 0 1777797261 443531
8 392 2909 0 1777797261 443683
11 365 22024 0 1777797261 444089
8 393 3401 0 1777797261 447085
12 399 10433 0 1777797261 447338
10 378 5252 0 1777797261 447355
7 377 4913 0 1777797261 448419
10 379 3207 0 1777797261 450563
8 394 4412 0 1777797261 451499
11 366 7486 0 1777797261 451577
12 400 4255 0 1777797261 451595
12 401 3576 0 1777797261 455181
12 402 1228 0 1777797261 456411
13 494 13061 0 1777797261 456594
8 395 6301 0 1777797261 457805
9 358 34903 0 1777797261 457811
12 403 3126 0 1777797261 459539
8 396 2207 0 1777797261 460019
13 495 3500 0 1777797261 460095
11 367 10334 0 1777797261 461932
10 380 12940 0 1777797261 463505
9 359 5848 0 1777797261 463678
12 404 6071 0 1777797261 465618
11 368 3793 0 1777797261 465729
10 381 2272 0 1777797261 465782
9 360 4219 0 1777797261 467898
8 397 10893 0 1777797261 470913
13 496 10898 0 1777797261 470995
12 405 9194 0 1777797261 474813
10 382 11089 0 1777797261 476872
11 369 11148 0 1777797261 476878
12 406 2515 0 1777797261 477331
9 361 9592 0 1777797261 477495
8 398 7811 0 1777797261 478727
9 362 2527 0 1777797261 480024
10 383 3239 0 1777797261 480118
10 384 1531 0 1777797261 481652
12 407 4654 0 1777797261 481988
9 363 3560 0 1777797261 483590
7 378 35807 0 1777797261 484230
8 399 7102 0 1777797261 485831
13 497 14959 0 1777797261 485956
12 408 4914 0 1777797261 486906
11 370 10662 0 1777797261 487550
11 371 3600 0 1777797261 491152
7 379 6961 0 1777797261 491193
9 364 8428 0 1777797261 492022
12 409 5122 0 1777797261 492030
11 372 14429 0 1777797261 505583
9 365 13607 0 1777797261 505638
12 410 13604 0 1777797261 505656
13 498 19758 0 1777797261 505715
7 380 14606 0 1777797261 505801
8 400 19993 0 1777797261 505827
10 385 24192 0 1777797261 505845
11 373 1639 0 1777797261 507224
8 401 3296 0 1777797261 509130
11 374 2162 0 1777797261 509388
9 366 4524 0 1777797261 510163
8 402 1695 0 1777797261 510829
11 375 4819 0 1777797261 514209
7 381 8450 0 1777797261 514278
10 386 10716 0 1777797261 516562
8 403 5754 0 1777797261 516585
9 367 6429 0 1777797261 516600
12 411 12628 0 1777797261 518286
7 382 5515 0 1777797261 519795
10 387 4352 0 1777797261 520917
11 376 6715 0 1777797261 520926
9 368 7626 0 1777797261 524238
10 388 3317 0 1777797261 524245
12 412 6291 0 1777797261 524578
13 499 20100 0 1777797261 525816
7 383 9319 0 1777797261 529115
10 389 10317 0 1777797261 534581
11 377 13649 0 1777797261 534591
9 369 10385 0 1777797261 534632
8 404 18050 0 1777797261 534651
12 413 10119 0 1777797261 534699
10 390 3974 0 1777797261 538566
11 378 5269 0 1777797261 539871
7 384 11455 0 1777797261 540572
10 391 2032 0 1777797261 540601
8 405 5964 0 1777797261 540617
11 379 1814 0 1777797261 541687
9 370 9178 0 1777797261 543812
10 392 8444 0 1777797261 549046
12 414 17566 0 1777797261 552266
13 500 28687 0 1777797261 554504
7 385 14781 0 1777797261 555359
10 393 8044 0 1777797261 557098
12 415 9095 0 1777797261 561386
11 380 19933 0 1777797261 561625
8 406 24548 0 1777797261 565166
10 394 8073 0 1777797261 565174
7 386 10065 0 1777797261 565425
8 407 2826 0 1777797261 568002
8 408 5389 0 1777797261 573394
12 416 12355 0 1777797261 573742
13 501 23075 0 1777797261 577581
10 395 12589 0 1777797261 577773
8 409 4441 0 1777797261 577838
11 381 19202 0 1777797261 580828
12 417 7103 0 1777797261 580846
8 410 4177 0 1777797261 582016
9 371 39498 0 1777797261 583316
8 411 1828 0 1777797261 583846
11 382 4651 0 1777797261 585481
7 387 20206 0 1777797261 585633
10 396 9292 0 1777797261 587115
7 388 2041 0 1777797261 587676
12 418 10442 0 1777797261 591289
8 412 7458 0 1777797261 591306
8 413 4011 0 1777797261 595318
8 414 1886 0 1777797261 597205
7 389 9923 0 1777797261 597601
13 502 21196 0 1777797261 598785
8 415 2112 0 1777797261 599322
11 383 13846 0 1777797261 599328
7 390 3063 0 1777797261 600667
12 419 12309 0 1777797261 603601
13 503 5065 0 1777797261 603857
11 384 4784 0 1777797261 604122
8 416 9005 0 1777797261 608334
8 417 3483 0 1777797261 611822
11 385 7781 0 1777797261 611904
12 420 9950 0 1777797261 613553
7 391 15497 0 1777797261 616167
10 397 29337 0 1777797261 616454
13 504 17333 0 1777797261 621191
12 421 7859 0 1777797261 621416
11 386 9812 0 1777797261 621718
10 398 5413 0 1777797261 621868
7 392 6288 0 1777797261 622459
8 418 11134 0 1777797261 622957
8 419 1883 0 1777797261 624843
10 399 4986 0 1777797261 626856
7 393 5058 0 1777797261 627523
8 420 5299 0 1777797261 630144
11 387 10143 0 1777797261 631862
9 372 49466 0 1777797261 632784
9 373 2070 0 1777797261 634856
8 421 4755 0 1777797261 634901
10 400 8237 0 1777797261 635095
7 394 10622 0 1777797261 638147
11 388 8219 0 1777797261 640083
9 374 5316 0 1777797261 640179
12 422 18793 0 1777797261 640211
8 422 5570 0 1777797261 640472
9 375 7267 0 1777797261 647447
11 389 7915 0 1777797261 648006
8 423 12525 0 1777797261 652999
9 376 5796 0 1777797261 653245
8 424 1640 0 1777797261 654642
11 390 6643 0 1777797261 654651
9 377 5591 0 1777797261 658838
11 391 5363 0 1777797261 660025
8 425 5582 0 1777797261 660234
12 423 21377 0 1777797261 661590
13 505 40409 0 1777797261 661601
8 426 3155 0 1777797261 663391
7 395 25415 0 1777797261 663564
9 378 4969 0 1777797261 663810
8 427 6398 0 1777797261 669798
13 506 13251 0 1777797261 674868
12 424 13282 0 1777797261 674884
8 428 5999 0 1777797261 675800
8 429 4690 0 1777797261 680492
9 379 16908 0 1777797261 680719
13 507 7785 0 1777797261 682655
9 380 2227 0 1777797261 682947
10 401 49559 0 1777797261 684655
9 381 3735 0 1777797261 686684
13 508 5014 0 1777797261 687677
8 430 9249 0 1777797261 689743
11 392 31704 0 1777797261 691731
13 509 5192 0 1777797261 692873
7 396 29501 0 1777797261 693067
10 402 8428 0 1777797261 693084
11 393 2311 0 1777797261 694044
10 403 1698 0 1777797261 694784
8 431 6054 0 1777797261 695798
10 404 3212 0 1777797261 697998
7 397 7213 0 1777797261 700281
11 394 6344 0 1777797261 700394
13 510 7520 0 1777797261 700400
12 425 28333 0 1777797261 703218
10 405 7995 0 1777797261 705995
11 395 5602 0 1777797261 706003
7 398 5772 0 1777797261 706055
8 432 11858 0 1777797261 707659
8 433 1639 0 1777797261 709305
13 511 8907 0 1777797261 709317
7 399 6246 0 1777797261 712303
10 406 6307 0 1777797261 712311
9 382 26847 0 1777797261 713533
12 426 10360 0 1777797261 713581
11 396 7992 0 1777797261 714006
9 383 6711 0 1777797261 720246
10 407 13342 0 1777797261 725676
11 397 12611 0 1777797261 726620
13 512 17295 0 1777797261 726631
9 384 6592 0 1777797261 726843
9 385 2636 0 1777797261 729480
11 398 4583 0 1777797261 731215
13 513 6109 0 1777797261 732754
8 434 24226 0 1777797261 733545
11 399 6446 0 1777797261 737663
7 400 26119 0 1777797261 738432
8 435 7344 0 1777797261 740890
13 514 9530 0 1777797261 742287
10 408 18449 0 1777797261 744128
8 436 4020 0 1777797261 744913
12 427 33842 0 1777797261 747424
11 400 9959 0 1777797261 747624
7 401 9673 0 1777797261 748107
10 409 5917 0 1777797261 750048
12 428 2720 0 1777797261 750153
10 410 3917 0 1777797261 753967
11 401 6433 0 1777797261 754058
13 515 11865 0 1777797261 754155
12 429 5541 0 1777797261 755695
7 402 8006 0 1777797261 756117
7 403 885 0 1777797261 757004
8 437 12768 0 1777797261 757682
12 430 2556 0 1777797261 758253
10 411 4547 0 1777797261 758516
7 404 3698 0 1777797261 760704
11 402 6778 0 1777797261 760837
13 516 9501 0 1777797261 763658
10 412 5289 0 1777797261 763807
8 438 6828 0 1777797261 764516
10 413 3185 0 1777797261 766994
8 439 5182 0 1777797261 769700
10 414 2713 0 1777797261 769708
11 403 10342 0 1777797261 771220
8 440 3945 0 1777797261 773654
10 415 4781 0 1777797261 774499
8 441 4995 0 1777797261 778651
10 416 4287 0 1777797261 778787
11 404 8885 0 1777797261 780111
10 417 2070 0 1777797261 780859
7 405 21219 0 1777797261 781926
12 431 23925 0 1777797261 782179
9 386 53372 0 1777797261 782854
12 432 1273 0 1777797261 783453
10 418 2893 0 1777797261 783753
7 406 2095 0 1777797261 784026
12 433 2219 0 1777797261 785674
13 517 22097 0 1777797261 785768
9 387 2964 0 1777797261 785821
8 442 7534 0 1777797261 786187
10 419 3320 0 1777797261 787075
7 407 3932 0 1777797261 787960
12 434 2699 0 1777797261 788380
10 420 2698 0 1777797261 789775
12 435 2739 0 1777797261 791122
8 443 8039 0 1777797261 794229
10 421 5469 0 1777797261 795247
11 405 15284 0 1777797261 795396
11 406 2040 0 1777797261 797438
10 422 2528 0 1777797261 797777
13 518 13344 0 1777797261 799113
10 423 1350 0 1777797261 799129
8 444 5284 0 1777797261 799518
7 408 15147 0 1777797261 803108
12 436 11990 0 1777797261 803113
10 424 5047 0 1777797261 804177
13 519 6097 0 1777797261 805212
7 409 2901 0 1777797261 806015
10 425 3710 0 1777797261 807893
11 407 12056 0 1777797261 809497
8 445 10774 0 1777797261 810294
8 446 861 0 1777797261 811156
10 426 4057 0 1777797261 811956
13 520 7776 0 1777797261 812992
8 447 4080 0 1777797261 815238
11 408 5748 0 1777797261 815248
10 427 3382 0 1777797261 815340
12 437 12355 0 1777797261 815475
12 438 975 0 1777797261 816452
10 428 1557 0 1777797261 816898
10 429 1474 0 1777797261 818373
12 439 2454 0 1777797261 818909
11 409 7738 0 1777797261 822999
8 448 8978 0 1777797261 824227
7 410 19706 0 1777797261 825723
11 410 5206 0 1777797261 828207
12 440 10958 0 1777797261 829870
10 430 11540 0 1777797261 829915
7 411 6007 0 1777797261 831732
13 521 18804 0 1777797261 831800
8 449 8344 0 1777797261 832572
13 522 2982 0 1777797261 834784
9 388 49026 0 1777797261 834848
11 411 8284 0 1777797261 836493
7 412 5459 0 1777797261 837199
8 450 4649 0 1777797261 837224
9 389 6261 0 1777797261 841111
13 523 6333 0 1777797261 841120
10 431 12087 0 1777797261 842003
12 441 12223 0 1777797261 842095
11 412 7491 0 1777797261 843989
9 390 4467 0 1777797261 845588
8 451 8577 0 1777797261 845802
10 432 5098 0 1777797261 847105
12 442 5361 0 1777797261 847462
8 452 3928 0 1777797261 849731
7 413 12620 0 1777797261 849822
13 524 8704 0 1777797261 849840
11 413 7467 0 1777797261 851457
9 391 7304 0 1777797261 852900
12 443 9171 0 1777797261 856634
11 414 5915 0 1777797261 857373
9 392 5313 0 1777797261 858220
11 415 3378 0 1777797261 860756
13 525 10924 0 1777797261 860766
7 414 14530 0 1777797261 864356
9 393 6144 0 1777797261 864366
12 444 7736 0 1777797261 864374
12 445 4255 0 1777797261 868650
13 526 8775 0 1777797261 869571
9 394 5360 0 1777797261 869747
11 416 9205 0 1777797261 869972
12 446 4151 0 1777797261 872802
7 415 8469 0 1777797261 872844
11 417 3096 0 1777797261 873071
13 527 3664 0 1777797261 873237
7 416 4090 0 1777797261 876937
8 453 29216 0 1777797261 878948
13 528 5716 0 1777797261 878955
7 417 2729 0 1777797261 879667
12 447 8236 0 1777797261 881040
10 433 34479 0 1777797261 881586
8 454 4372 0 1777797261 883327
13 529 4370 0 1777797261 883334
7 418 4111 0 1777797261 883780
10 434 3020 0 1777797261 884608
12 448 5347 0 1777797261 886393
11 418 13527 0 1777797261 886600
8 455 3420 0 1777797261 886755
13 530 5568 0 1777797261 888912
13 531 1115 0 1777797261 890028
8 456 5500 0 1777797261 892257
8 457 3298 0 1777797261 895559
9 395 25844 0 1777797261 895593
7 419 15983 0 1777797261 899764
11 419 14688 0 1777797261 901292
8 458 9868 0 1777797261 905428
13 532 16298 0 1777797261 906327
8 459 3467 0 1777797261 908897
13 533 2578 0 1777797261 908907
13 534 2967 0 1777797261 911885
8 460 3191 0 1777797261 912099
9 396 19189 0 1777797261 914783
7 420 15544 0 1777797261 915310
13 535 6905 0 1777797261 918792
8 461 7979 0 1777797261 920079
9 397 6071 0 1777797261 920861
7 421 6457 0 1777797261 921770
9 398 1295 0 1777797261 922158
10 435 39140 0 1777797261 923750
7 422 3386 0 1777797261 925161
8 462 5450 0 1777797261 925580
9 399 3763 0 1777797261 925923
9 400 2345 0 1777797261 928270
8 463 2793 0 1777797261 928375
10 436 4902 0 1777797261 928659
12 449 43219 0 1777797261 929614
9 401 1480 0 1777797261 929752
13 536 12938 0 1777797261 931732
12 450 2426 0 1777797261 932042
7 423 6994 0 1777797261 932157
11 420 31333 0 1777797261 932631
10 437 3996 0 1777797261 932657
9 402 2953 0 1777797261 932706
8 464 4373 0 1777797261 932750
12 451 2128 0 1777797261 934171
13 537 3381 0 1777797261 935122
10 438 4498 0 1777797261 937156
11 421 4554 0 1777797261 937186
7 424 5045 0 1777797261 937204
9 403 6069 0 1777797261 938776
13 538 4178 0 1777797261 939301
12 452 5940 0 1777797261 940115
9 404 1615 0 1777797261 940393
7 425 5227 0 1777797261 942432
10 439 5592 0 1777797261 942749
13 539 5658 0 1777797261 944963
7 426 2841 0 1777797261 945277
9 405 5558 0 1777797261 945954
8 465 15113 0 1777797261 947866
9 406 3273 0 1777797261 949229
8 466 1432 0 1777797261 949301
8 467 2312 0 1777797261 951614
9 407 3264 0 1777797261 952494
8 468 2778 0 1777797261 954396
7 427 9171 0 1777797261 954450
11 422 18848 0 1777797261 956035
8 469 2357 0 1777797261 956756
8 470 1524 0 1777797261 958281
9 408 5789 0 1777797261 958291
11 423 2615 0 1777797261 958652
10 440 17970 0 1777797261 960724
9 409 2484 0 1777797261 960788
7 428 6550 0 1777797261 961001
8 471 2958 0 1777797261 961251
13 540 16879 0 1777797261 961843
9 410 2501 0 1777797261 963291
10 441 2621 0 1777797261 963346
11 424 6092 0 1777797261 964749
12 453 24664 0 1777797261 964781
9 411 2447 0 1777797261 965743
7 429 6194 0 1777797261 967196
9 412 4597 0 1777797261 970342
11 425 5715 0 1777797261 970470
10 442 9151 0 1777797261 972498
8 472 12373 0 1777797261 973625
12 454 8893 0 1777797261 973676
10 443 3364 0 1777797261 975864
13 541 15593 0 1777797261 977438
7 430 10817 0 1777797261 978018
9 413 8176 0 1777797261 978521
7 431 2367 0 1777797261 980387
13 542 3028 0 1777797261 980473
8 473 7058 0 1777797261 980691
9 414 3182 0 1777797261 981705
7 432 1900 0 1777797261 982293
7 433 1238 0 1777797261 983535
9 415 2453 0 1777797261 984171
7 434 732 0 1777797261 984269
7 435 925 0 1777797261 985195
8 474 5523 0 1777797261 986215
9 416 3533 0 1777797261 987707
7 436 3889 0 1777797261 989089
9 417 3338 0 1777797261 991051
9 418 6663 0 1777797261 997716
8 475 12601 0 1777797261 998818
11 426 28698 0 1777797261 999169
9 419 3642 0 1777797262 1365
7 437 13054 0 1777797262 2146
11 427 5261 0 1777797262 4432
8 476 5633 0 1777797262 4453
9 420 5080 0 1777797262 6448
7 438 4324 0 1777797262 6472
12 455 32875 0 1777797262 6552
13 543 28320 0 1777797262 8794
9 421 2362 0 1777797262 8814
7 439 2359 0 1777797262 8833
8 477 5360 0 1777797262 9813
12 456 3382 0 1777797262 9935
11 428 7226 0 1777797262 11660
7 440 6990 0 1777797262 15824
9 422 9229 0 1777797262 18044
11 429 7622 0 1777797262 19284
8 478 10209 0 1777797262 20023
7 441 4951 0 1777797262 20778
10 444 46109 0 1777797262 21974
12 457 14080 0 1777797262 24017
10 445 3051 0 1777797262 25026
11 430 11265 0 1777797262 30553
8 479 10643 0 1777797262 30668
12 458 6917 0 1777797262 30936
9 423 13007 0 1777797262 31057
7 442 10378 0 1777797262 31158
13 544 22369 0 1777797262 31165
10 446 6683 0 1777797262 31711
7 443 6554 0 1777797262 37720
12 459 6791 0 1777797262 37728
9 424 8083 0 1777797262 39142
13 545 7956 0 1777797262 39149
8 480 8502 0 1777797262 39172
10 447 7599 0 1777797262 39312
11 431 8781 0 1777797262 39335
8 481 2845 0 1777797262 42017
7 444 5695 0 1777797262 43424
12 460 6224 0 1777797262 43962
9 425 7413 0 1777797262 46564
10 448 7258 0 1777797262 46572
8 482 4829 0 1777797262 46849
11 432 7517 0 1777797262 46853
7 445 5311 0 1777797262 48738
13 546 9590 0 1777797262 48747
12 461 5716 0 1777797262 49680
11 433 2878 0 1777797262 49737
13 547 1662 0 1777797262 50421
9 426 4268 0 1777797262 50842
11 434 2606 0 1777797262 52344
10 449 7472 0 1777797262 54055
8 483 7657 0 1777797262 54511
7 446 6125 0 1777797262 54874
13 548 5683 0 1777797262 56106
12 462 7081 0 1777797262 56762
11 435 4460 0 1777797262 56810
8 484 2771 0 1777797262 57336
10 450 5071 0 1777797262 59127
7 447 6272 0 1777797262 61147
8 485 3983 0 1777797262 61323
12 463 4658 0 1777797262 61423
13 549 5783 0 1777797262 61891
11 436 5258 0 1777797262 62070
10 451 4574 0 1777797262 63704
7 448 3004 0 1777797262 64153
11 437 4234 0 1777797262 66305
9 427 15509 0 1777797262 66352
10 452 3351 0 1777797262 67059
9 428 1537 0 1777797262 67890
12 464 9475 0 1777797262 70899
13 550 13614 0 1777797262 75507
12 465 7811 0 1777797262 78713
13 551 5562 0 1777797262 81073
8 486 30570 0 1777797262 91894
9 429 24003 0 1777797262 91899
11 438 25599 0 1777797262 91905
12 466 13656 0 1777797262 92373
10 453 28242 0 1777797262 95302
13 552 14209 0 1777797262 95310
9 430 8265 0 1777797262 100177
8 487 21230 0 1777797262 113136
9 431 20566 0 1777797262 120765
7 449 58551 0 1777797262 122707
13 553 27442 0 1777797262 122770
10 454 27725 0 1777797262 123036
12 467 32609 0 1777797262 124984
8 488 26139 0 1777797262 139279
11 439 47465 0 1777797262 139382
13 554 19779 0 1777797262 142550
10 455 21989 0 1777797262 145026
12 468 20366 0 1777797262 145354
8 489 13244 0 1777797262 152533
12 469 9018 0 1777797262 154374
7 450 31924 0 1777797262 154634
8 490 3306 0 1777797262 155843
11 440 16590 0 1777797262 155975
10 456 11183 0 1777797262 156219
12 470 2999 0 1777797262 157379
10 457 4740 0 1777797262 160961
12 471 5487 0 1777797262 162868
11 441 7339 0 1777797262 163316
8 491 8306 0 1777797262 164151
11 442 1062 0 1777797262 164380
11 443 3243 0 1777797262 167625
8 492 4685 0 1777797262 168840
8 493 3531 0 1777797262 172375
11 444 5977 0 1777797262 173604
11 445 1679 0 1777797262 175285
8 494 5366 0 1777797262 177743
9 432 57907 0 1777797262 178682
8 495 5203 0 1777797262 182949
11 446 7682 0 1777797262 182969
12 472 22301 0 1777797262 185172
10 458 24574 0 1777797262 185539
8 496 3938 0 1777797262 186889
11 447 5099 0 1777797262 188069
9 433 10595 0 1777797262 189279
13 555 47123 0 1777797262 189677
13 556 2737 0 1777797262 192416
10 459 7543 0 1777797262 193085
11 448 7012 0 1777797262 195083
9 434 6260 0 1777797262 195541
8 497 10013 0 1777797262 196905
8 498 6930 0 1777797262 203840
8 499 10651 0 1777797262 214492
11 449 19524 0 1777797262 214609
9 435 20099 0 1777797262 215646
11 450 6567 0 1777797262 221177
9 436 6478 0 1777797262 222128
8 500 12695 0 1777797262 227189
7 451 72750 0 1777797262 227386
11 451 7126 0 1777797262 228306
12 473 44267 0 1777797262 229441
13 557 37036 0 1777797262 229455
10 460 37638 0 1777797262 230726
12 474 4722 0 1777797262 234179
9 437 13751 0 1777797262 235882
12 475 3814 0 1777797262 237995
10 461 7288 0 1777797262 238020
7 452 13968 0 1777797262 241356
9 438 7131 0 1777797262 243015
13 558 14885 0 1777797262 244357
12 476 7052 0 1777797262 245051
13 559 1123 0 1777797262 245483
9 439 5096 0 1777797262 248117
9 440 1655 0 1777797262 249774
9 441 1535 0 1777797262 251311
7 453 13172 0 1777797262 254530
13 560 9073 0 1777797262 254561
12 477 13629 0 1777797262 258683
8 501 31778 0 1777797262 258969
7 454 11434 0 1777797262 265996
9 442 14717 0 1777797262 266031
10 462 28040 0 1777797262 266061
13 561 11533 0 1777797262 266105
11 452 44794 0 1777797262 273103
10 463 7908 0 1777797262 273990
12 478 15325 0 1777797262 274012
13 562 8409 0 1777797262 274515
11 453 5747 0 1777797262 278852
13 563 4347 0 1777797262 278866
12 479 6954 0 1777797262 280986
7 455 15766 0 1777797262 281829
9 443 15792 0 1777797262 281867
12 480 4840 0 1777797262 285828
8 502 28697 0 1777797262 287668
7 456 6372 0 1777797262 288204
10 464 14208 0 1777797262 288221
9 444 7010 0 1777797262 288878
11 454 12039 0 1777797262 290906
13 564 12027 0 1777797262 290913
9 445 6624 0 1777797262 295504
12 481 9693 0 1777797262 295531
7 457 10527 0 1777797262 298750
8 503 11091 0 1777797262 298760
10 465 10539 0 1777797262 298767
11 455 7860 0 1777797262 298773
13 565 7848 0 1777797262 298778
9 446 11175 0 1777797262 306708
10 466 17119 0 1777797262 315922
11 456 17037 0 1777797262 316002
12 482 20435 0 1777797262 316010
13 566 16774 0 1777797262 316016
7 458 18579 0 1777797262 317358
8 504 18566 0 1777797262 317362
9 447 10657 0 1777797262 317366
12 483 7552 0 1777797262 323588
9 448 7732 0 1777797262 325108
11 457 9085 0 1777797262 325114
13 567 9054 0 1777797262 325121
7 459 11092 0 1777797262 328459
8 505 12743 0 1777797262 330115
10 467 14104 0 1777797262 330121
11 458 7914 0 1777797262 333044
12 484 9460 0 1777797262 333050
7 460 10825 0 1777797262 339292
8 506 9190 0 1777797262 339312
9 449 14196 0 1777797262 339318
10 468 9186 0 1777797262 339323
13 568 14193 0 1777797262 339329
12 485 8792 0 1777797262 341852
11 459 11022 0 1777797262 344073
7 461 6478 0 1777797262 345808
8 507 6689 0 1777797262 346038
9 450 6688 0 1777797262 346044
13 569 6691 0 1777797262 346058
9 451 7298 0 1777797262 353367
10 469 14025 0 1777797262 353387
11 460 9402 0 1777797262 353481
12 486 11637 0 1777797262 353491
7 462 10118 0 1777797262 355929
8 508 9881 0 1777797262 355940
13 570 9868 0 1777797262 355945
9 452 7664 0 1777797262 361156
10 470 7644 0 1777797262 361159
11 461 7639 0 1777797262 361163
12 487 7635 0 1777797262 361166
13 571 10031 0 1777797262 365994
7 463 17452 0 1777797262 373398
8 509 17444 0 1777797262 373401
11 462 12229 0 1777797262 373405
10 471 14075 0 1777797262 375246
9 453 18853 0 1777797262 380019
11 463 7596 0 1777797262 381012
7 464 13932 0 1777797262 387338
8 510 13931 0 1777797262 387342
13 572 21351 0 1777797262 387346
10 472 13169 0 1777797262 388419
9 454 13491 0 1777797262 393521
11 464 12511 0 1777797262 393526
12 488 32348 0 1777797262 393529
10 473 7659 0 1777797262 396079
13 573 8728 0 1777797262 396084
7 465 10688 0 1777797262 398034
8 511 11742 0 1777797262 399094
11 465 8932 0 1777797262 402467
7 466 18348 0 1777797262 416384
11 466 14511 0 1777797262 416980
8 512 23794 0 1777797262 422893
13 574 29744 0 1777797262 425833
11 467 12453 0 1777797262 429434
10 474 36459 0 1777797262 432543
12 489 39332 0 1777797262 432872
11 468 5836 0 1777797262 435272
7 467 28648 0 1777797262 445035
9 455 51522 0 1777797262 445051
10 475 12511 0 1777797262 445058
11 469 9789 0 1777797262 445063
12 490 12201 0 1777797262 445076
9 456 3447 0 1777797262 448535
12 491 3308 0 1777797262 448545
11 470 3697 0 1777797262 448927
9 457 4037 0 1777797262 452583
11 471 3660 0 1777797262 452589
12 492 4036 0 1777797262 452594
10 476 8966 0 1777797262 454185
11 472 1794 0 1777797262 454410
12 493 2407 0 1777797262 455044
11 473 2050 0 1777797262 456461
10 477 2851 0 1777797262 457038
9 458 5289 0 1777797262 457884
9 459 3373 0 1777797262 461260
10 478 6591 0 1777797262 463631
12 494 8628 0 1777797262 463674
9 460 2569 0 1777797262 463836
9 461 2127 0 1777797262 465964
10 479 4418 0 1777797262 468052
12 495 4394 0 1777797262 468069
13 575 43985 0 1777797262 469820
9 462 5541 0 1777797262 471507
8 513 51029 0 1777797262 473923
9 463 2875 0 1777797262 474384
13 576 6362 0 1777797262 476184
8 514 4146 0 1777797262 478070
9 464 4176 0 1777797262 478563
8 515 2042 0 1777797262 480114
8 516 5717 0 1777797262 485833
10 480 17769 0 1777797262 485840
11 474 29381 0 1777797262 485845
9 465 7631 0 1777797262 486199
13 577 12912 0 1777797262 489099
8 517 6013 0 1777797262 491859
10 481 8882 0 1777797262 494736
13 578 5648 0 1777797262 494751
8 518 3931 0 1777797262 495799
9 466 9605 0 1777797262 495807
11 475 9952 0 1777797262 495813
9 467 1838 0 1777797262 497660
11 476 2536 0 1777797262 498365
9 468 3183 0 1777797262 500845
9 469 3655 0 1777797262 504502
10 482 10530 0 1777797262 505283
11 477 6924 0 1777797262 505291
10 483 3190 0 1777797262 508483
9 470 8856 0 1777797262 513360
11 478 8097 0 1777797262 513400
8 519 18489 0 1777797262 514304
12 496 46236 0 1777797262 514316
9 471 2167 0 1777797262 515568
13 579 21253 0 1777797262 516022
7 468 73895 0 1777797262 518972
8 520 4663 0 1777797262 518980
12 497 6115 0 1777797262 520485
11 479 9833 0 1777797262 523244
7 469 8405 0 1777797262 527386
8 521 8402 0 1777797262 527397
9 472 12181 0 1777797262 527750
10 484 19278 0 1777797262 527762
12 498 7332 0 1777797262 527825
13 580 11942 0 1777797262 527967
11 480 6254 0 1777797262 529508
9 473 5190 0 1777797262 533571
7 470 7162 0 1777797262 535130
8 522 7124 0 1777797262 535146
10 485 5849 0 1777797262 535154
11 481 5651 0 1777797262 535161
12 499 5805 0 1777797262 535176
13 581 5757 0 1777797262 535184
9 474 4262 0 1777797262 537841
11 482 5843 0 1777797262 541064
12 500 5832 0 1777797262 541073
13 582 5825 0 1777797262 541079
8 523 7043 0 1777797262 542245
7 471 9045 0 1777797262 544229
9 475 6395 0 1777797262 544236
11 483 3161 0 1777797262 544242
12 501 3158 0 1777797262 544247
7 472 3181 0 1777797262 547428
8 524 5197 0 1777797262 547446
12 502 3261 0 1777797262 547682
11 484 9911 0 1777797262 554323
12 503 6649 0 1777797262 554333
7 473 10057 0 1777797262 557505
8 525 10108 0 1777797262 557593
9 476 13201 0 1777797262 557605
13 583 16516 0 1777797262 557612
7 474 5406 0 1777797262 563019
8 526 5397 0 1777797262 563025
9 477 5393 0 1777797262 563029
10 486 27825 0 1777797262 563033
11 485 8703 0 1777797262 563037
12 504 8697 0 1777797262 563040
13 584 5400 0 1777797262 563044
11 486 3553 0 1777797262 566624
7 475 14475 0 1777797262 577520
8 527 14473 0 1777797262 577526
9 478 14470 0 1777797262 577530
11 487 10909 0 1777797262 577535
13 585 14459 0 1777797262 577539
12 505 15481 0 1777797262 578556
9 479 7645 0 1777797262 585196
13 586 7639 0 1777797262 585199
8 528 9006 0 1777797262 586553
7 476 12330 0 1777797262 589869
11 488 12323 0 1777797262 589878
13 587 5029 0 1777797262 590234
8 529 8646 0 1777797262 595214
9 480 10020 0 1777797262 595220
12 506 18912 0 1777797262 597471
7 477 17856 0 1777797262 607734
12 507 11167 0 1777797262 608640
13 588 18408 0 1777797262 608644
11 489 24756 0 1777797262 614643
9 481 21229 0 1777797262 616454
7 478 13457 0 1777797262 621196
8 530 25980 0 1777797262 621200
11 490 6561 0 1777797262 621204
12 508 12562 0 1777797262 621207
13 589 14773 0 1777797262 623425
9 482 7973 0 1777797262 624428
13 590 3772 0 1777797262 627198
11 491 7591 0 1777797262 628808
8 531 12220 0 1777797262 633432
7 479 12643 0 1777797262 633851
11 492 5461 0 1777797262 634272
9 483 10837 0 1777797262 635266
8 532 9958 0 1777797262 643394
9 484 8054 0 1777797262 643398
12 509 22159 0 1777797262 643401
13 591 16206 0 1777797262 643405
7 480 12413 0 1777797262 646269
11 493 11999 0 1777797262 646272
10 487 86064 0 1777797262 649131
7 481 5042 0 1777797262 651314
11 494 5041 0 1777797262 651318
9 485 10855 0 1777797262 654266
13 592 10864 0 1777797262 654283
8 533 11446 0 1777797262 654851
9 486 2525 0 1777797262 656795
13 593 4376 0 1777797262 658659
8 534 4198 0 1777797262 659050
9 487 3466 0 1777797262 660261
12 510 22963 0 1777797262 666378
10 488 26758 0 1777797262 675890
10 489 9220 0 1777797262 685112
9 488 27994 0 1777797262 688256
10 490 6364 0 1777797262 691477
7 482 47373 0 1777797262 698692
9 489 10437 0 1777797262 698696
10 491 7221 0 1777797262 698699
11 495 51401 0 1777797262 702729
12 511 36358 0 1777797262 702737
10 492 10619 0 1777797262 709332
9 490 12878 0 1777797262 711587
10 493 4052 0 1777797262 713386
9 491 1916 0 1777797262 713504
7 483 15723 0 1777797262 714422
10 494 2373 0 1777797262 715760
11 496 28008 0 1777797262 730747
9 492 18516 0 1777797262 732021
8 535 97831 0 1777797262 756882
9 493 24871 0 1777797262 756892
10 495 41134 0 1777797262 756896
7 484 61168 0 1777797262 775590
8 536 18698 0 1777797262 775595
9 494 18693 0 1777797262 775599
10 496 18690 0 1777797262 775602
11 497 44856 0 1777797262 775607
12 512 72865 0 1777797262 775611
13 594 116955 0 1777797262 775615
7 485 12641 0 1777797262 788256
8 537 12563 0 1777797262 788262
9 495 12561 0 1777797262 788265
10 497 12560 0 1777797262 788269
11 498 12560 0 1777797262 788273
12 513 12560 0 1777797262 788277
13 595 12557 0 1777797262 788280
11 499 10642 0 1777797262 798941
12 514 10641 0 1777797262 798945
7 486 12748 0 1777797262 801028
9 496 12742 0 1777797262 801033
10 498 14115 0 1777797262 802410
11 500 5145 0 1777797262 804090
12 515 4920 0 1777797262 804095
7 487 4435 0 1777797262 805469
13 596 21636 0 1777797262 809944
9 497 9481 0 1777797262 810521
8 538 26532 0 1777797262 814818
10 499 12416 0 1777797262 814827
11 501 18550 0 1777797262 822646
12 516 18553 0 1777797262 822655
13 597 12700 0 1777797262 822664
7 488 18277 0 1777797262 823751
8 539 14429 0 1777797262 829257
9 498 18823 0 1777797262 829348
10 500 16891 0 1777797262 831728
12 517 11732 0 1777797262 834408
13 598 11729 0 1777797262 834413
7 489 12617 0 1777797262 836374
11 502 15380 0 1777797262 838045
8 540 12176 0 1777797262 841526
9 499 12914 0 1777797262 842269
10 501 10545 0 1777797262 842274
13 599 7857 0 1777797262 842277
7 490 17155 0 1777797262 853530
8 541 12025 0 1777797262 853553
9 500 11295 0 1777797262 853573
10 502 11297 0 1777797262 853580
11 503 15541 0 1777797262 853587
12 518 19180 0 1777797262 853593
13 600 11263 0 1777797262 853600
12 519 9170 0 1777797262 862892
10 503 10191 0 1777797262 863836
9 501 13002 0 1777797262 866637
8 542 15599 0 1777797262 869227
7 491 17844 0 1777797262 871445
12 520 8556 0 1777797262 871449
13 601 17726 0 1777797262 871453
8 543 8488 0 1777797262 877719
9 502 11084 0 1777797262 877723
10 504 13889 0 1777797262 877726
11 504 24012 0 1777797262 877730
12 521 6827 0 1777797262 878285
7 492 7629 0 1777797262 879083
13 602 7624 0 1777797262 879087
13 603 7935 0 1777797262 887028
10 505 10692 0 1777797262 888432
12 522 10149 0 1777797262 888439
7 493 10545 0 1777797262 889633
11 505 11893 0 1777797262 889636
9 503 13608 0 1777797262 891343
10 506 4834 0 1777797262 893274
8 544 15564 0 1777797262 893294
12 523 4904 0 1777797262 893352
13 604 6344 0 1777797262 893376
7 494 6846 0 1777797262 896482
11 506 6707 0 1777797262 896485
13 605 6064 0 1777797262 899441
8 545 9195 0 1777797262 902490
9 504 11154 0 1777797262 902498
10 507 9225 0 1777797262 902501
12 524 9147 0 1777797262 902505
7 495 7319 0 1777797262 903805
13 606 5356 0 1777797262 904798
10 508 3868 0 1777797262 906393
12 525 3868 0 1777797262 906398
13 607 6694 0 1777797262 911493
8 546 9265 0 1777797262 911771
9 505 9260 0 1777797262 911774
7 496 8695 0 1777797262 912501
11 507 16013 0 1777797262 912504
10 509 8197 0 1777797262 914596
12 526 8192 0 1777797262 914599
8 547 6156 0 1777797262 917931
9 506 6159 0 1777797262 917938
13 608 8857 0 1777797262 920351
7 497 9029 0 1777797262 921535
11 508 9031 0 1777797262 921541
12 527 6940 0 1777797262 921545
8 548 9584 0 1777797262 927523
9 507 9580 0 1777797262 927527
10 510 12930 0 1777797262 927530
11 509 5981 0 1777797262 927534
13 609 7186 0 1777797262 927538
12 528 9873 0 1777797262 931432
7 498 17905 0 1777797262 939450
9 508 11911 0 1777797262 939455
10 511 11911 0 1777797262 939459
11 510 11910 0 1777797262 939462
13 610 11939 0 1777797262 939495
8 549 16992 0 1777797262 944530
12 529 13425 0 1777797262 944884
7 499 17606 0 1777797262 957103
8 550 12581 0 1777797262 957123
9 509 17697 0 1777797262 957205
10 512 17699 0 1777797262 957212
11 511 17702 0 1777797262 957219
12 530 12356 0 1777797262 957241
13 611 17727 0 1777797262 957248
7 500 5658 0 1777797262 962907
8 551 6455 0 1777797262 963712
10 513 6447 0 1777797262 963718
9 510 9219 0 1777797262 966483
11 512 9246 0 1777797262 966525
12 531 9246 0 1777797262 966532
13 612 9246 0 1777797262 966538
7 501 5675 0 1777797262 969393
8 552 5674 0 1777797262 969399
10 514 5674 0 1777797262 969403
11 513 5915 0 1777797262 972474
9 511 7733 0 1777797262 974273
10 515 5655 0 1777797262 975068
13 613 9114 0 1777797262 975722
8 553 8537 0 1777797262 977946
11 514 5490 0 1777797262 977967
12 532 11740 0 1777797262 978307
9 512 7186 0 1777797262 981469
7 502 16710 0 1777797262 986114
10 516 11049 0 1777797262 986119
11 515 8138 0 1777797262 986123
13 614 10404 0 1777797262 986127
8 554 11295 0 1777797262 989264
12 533 11520 0 1777797262 989828
9 513 8690 0 1777797262 990161
7 503 11736 0 1777797262 997863
8 555 8605 0 1777797262 997871
10 517 11745 0 1777797262 997879
11 516 11834 0 1777797262 997973
12 534 8154 0 1777797262 997984
13 615 11845 0 1777797262 997989
9 514 8176 0 1777797262 998338
8 556 5642 0 1777797263 3640
7 504 5662 0 1777797263 3652
10 518 5652 0 1777797263 3656
11 517 5686 0 1777797263 3696
12 535 5683 0 1777797263 3699
13 616 7476 0 1777797263 5497
9 515 9286 0 1777797263 7626
7 505 6856 0 1777797263 10555
11 518 6860 0 1777797263 10568
12 536 7376 0 1777797263 11088
8 557 7850 0 1777797263 11491
10 519 7845 0 1777797263 11548
13 617 7753 0 1777797263 13252
9 516 7315 0 1777797263 14977
7 506 10635 0 1777797263 21204
8 558 9685 0 1777797263 21255
9 517 6286 0 1777797263 21265
10 520 9691 0 1777797263 21272
11 519 10698 0 1777797263 21280
12 537 10197 0 1777797263 21287
13 618 8039 0 1777797263 21293
7 507 3100 0 1777797263 24394
9 518 7146 0 1777797263 28567
10 521 7144 0 1777797263 28573
12 538 7118 0 1777797263 28579
11 520 8196 0 1777797263 29647
8 559 11898 0 1777797263 33306
11 521 4303 0 1777797263 33955
7 508 13295 0 1777797263 37698
9 519 9128 0 1777797263 37708
10 522 9125 0 1777797263 37714
12 539 10176 0 1777797263 38772
13 619 19859 0 1777797263 41328
7 509 5565 0 1777797263 43281
11 522 9343 0 1777797263 43302
9 520 9143 0 1777797263 46871
7 510 4078 0 1777797263 47382
11 523 4314 0 1777797263 47640
7 511 2523 0 1777797263 49912
8 560 16631 0 1777797263 49938
11 524 2309 0 1777797263 49951
9 521 4958 0 1777797263 51831
13 620 12953 0 1777797263 54288
8 561 4439 0 1777797263 54402
7 512 5812 0 1777797263 55764
10 523 18324 0 1777797263 56062
10 524 2642 0 1777797263 58706
7 513 4244 0 1777797263 60010
11 525 12600 0 1777797263 62571
8 562 9080 0 1777797263 63484
7 514 5788 0 1777797263 65803
8 563 2331 0 1777797263 65817
9 522 13988 0 1777797263 65824
11 526 3258 0 1777797263 65832
10 525 7442 0 1777797263 66150
8 564 5065 0 1777797263 70913
10 526 4768 0 1777797263 70920
11 527 5064 0 1777797263 70928
10 527 3176 0 1777797263 74114
10 528 6792 0 1777797263 80909
10 529 7053 0 1777797263 87966
9 523 24544 0 1777797263 90400
10 530 2440 0 1777797263 90408
7 515 27271 0 1777797263 93104
7 516 10145 0 1777797263 103252
8 565 34546 0 1777797263 105476
9 524 15164 0 1777797263 105573
10 531 15164 0 1777797263 105585
11 528 42780 0 1777797263 113726
13 621 59452 0 1777797263 113742
12 540 76872 0 1777797263 115645
10 532 13531 0 1777797263 119161
8 566 13598 0 1777797263 119184
9 525 13586 0 1777797263 119190
11 529 5474 0 1777797263 119217
7 517 28317 0 1777797263 131573
8 567 17149 0 1777797263 136340
11 530 17284 0 1777797263 136502
9 526 17318 0 1777797263 136521
10 533 17374 0 1777797263 136538
7 518 14188 0 1777797263 145764
8 568 9427 0 1777797263 145769
9 527 9250 0 1777797263 145773
10 534 9237 0 1777797263 145776
11 531 9276 0 1777797263 145780
13 622 36300 0 1777797263 150059
7 519 9485 0 1777797263 155265
8 569 9505 0 1777797263 155290
9 528 9505 0 1777797263 155299
10 535 9506 0 1777797263 155305
11 532 9517 0 1777797263 155320
12 541 39682 0 1777797263 155328
7 520 7938 0 1777797263 163267
8 570 7920 0 1777797263 163274
9 529 7916 0 1777797263 163279
10 536 7908 0 1777797263 163285
11 533 7907 0 1777797263 163291
13 623 13236 0 1777797263 163297
12 542 8864 0 1777797263 164261
7 521 7763 0 1777797263 171061
8 571 8526 0 1777797263 171835
9 530 8523 0 1777797263 171841
10 537 8531 0 1777797263 171855
11 534 8531 0 1777797263 171861
13 624 8531 0 1777797263 171867
12 543 8748 0 1777797263 173017
10 538 6239 0 1777797263 178134
11 535 6246 0 1777797263 178147
12 544 5133 0 1777797263 178151
7 522 7115 0 1777797263 178178
8 572 9396 0 1777797263 181265
9 531 9392 0 1777797263 181274
7 523 4417 0 1777797263 182596
13 625 10704 0 1777797263 182612
11 536 10330 0 1777797263 188492
9 532 8726 0 1777797263 190014
8 573 9420 0 1777797263 190695
13 626 8077 0 1777797263 190702
10 539 19491 0 1777797263 197643
12 545 19744 0 1777797263 197911
9 533 8022 0 1777797263 198037
7 524 15603 0 1777797263 198217
11 537 10369 0 1777797263 198865
13 627 9166 0 1777797263 199878
7 525 4037 0 1777797263 202255
13 628 5266 0 1777797263 205150
8 574 16387 0 1777797263 207090
10 540 9441 0 1777797263 207100
11 538 8240 0 1777797263 207106
12 546 9224 0 1777797263 207137
9 534 10562 0 1777797263 208602
13 629 5515 0 1777797263 210668
7 526 9999 0 1777797263 212258
9 535 4007 0 1777797263 212610
8 575 7859 0 1777797263 214966
11 539 8940 0 1777797263 216063
12 547 8937 0 1777797263 216076
10 541 9758 0 1777797263 216875
13 630 7934 0 1777797263 218605
8 576 6009 0 1777797263 220977
9 536 9061 0 1777797263 221721
11 540 5651 0 1777797263 221728
12 548 5649 0 1777797263 221733
11 541 6942 0 1777797263 228684
7 527 18477 0 1777797263 230736
9 537 9011 0 1777797263 230745
10 542 13874 0 1777797263 230751
13 631 12150 0 1777797263 230756
8 577 11137 0 1777797263 232117
12 549 11862 0 1777797263 233617
7 528 2889 0 1777797263 233646
9 538 7465 0 1777797263 238233
10 543 7459 0 1777797263 238248
11 542 9578 0 1777797263 238264
13 632 8954 0 1777797263 239753
8 578 9255 0 1777797263 241374
7 529 12219 0 1777797263 245866
9 539 7612 0 1777797263 245878
12 550 12263 0 1777797263 245886
8 579 5825 0 1777797263 247201
10 544 8917 0 1777797263 247208
11 543 8889 0 1777797263 247213
13 633 7461 0 1777797263 247218
8 580 6703 0 1777797263 253923
9 540 9154 0 1777797263 255050
7 530 9722 0 1777797263 255608
10 545 8389 0 1777797263 255617
11 544 8388 0 1777797263 255623
13 634 8366 0 1777797263 255629
12 551 9788 0 1777797263 255692
7 531 6674 0 1777797263 262304
8 581 8387 0 1777797263 262312
9 541 7267 0 1777797263 262319
10 546 6689 0 1777797263 262328
11 545 6674 0 1777797263 262335
12 552 6648 0 1777797263 262341
13 635 6677 0 1777797263 262347
12 553 4136 0 1777797263 266519
11 546 4334 0 1777797263 266712
10 547 7523 0 1777797263 269894
13 636 7606 0 1777797263 269996
7 532 9211 0 1777797263 271559
8 582 9212 0 1777797263 271569
11 547 4866 0 1777797263 271579
12 554 5064 0 1777797263 271585
10 548 4851 0 1777797263 274849
8 583 7863 0 1777797263 279461
13 637 9451 0 1777797263 279469
7 533 8139 0 1777797263 279726
9 542 17863 0 1777797263 280227
10 549 5385 0 1777797263 280236
12 555 8595 0 1777797263 280242
11 548 10189 0 1777797263 281799
12 556 7815 0 1777797263 288076
7 534 10790 0 1777797263 290518
8 584 11058 0 1777797263 290528
9 543 10291 0 1777797263 290534
11 549 8740 0 1777797263 290540
13 638 11055 0 1777797263 290545
10 550 12350 0 1777797263 292602
12 557 5312 0 1777797263 293390
13 639 6622 0 1777797263 297202
12 558 4825 0 1777797263 298217
13 640 4133 0 1777797263 301338
7 535 58119 0 1777797263 348666
8 585 58743 0 1777797263 349300
9 544 58742 0 1777797263 349308
12 559 51098 0 1777797263 349319
8 586 6826 0 1777797263 356146
11 550 65594 0 1777797263 356167
12 560 6784 0 1777797263 356176
10 551 64042 0 1777797263 356646
9 545 7647 0 1777797263 356975
13 641 56598 0 1777797263 358070
12 561 2512 0 1777797263 358715
8 587 7180 0 1777797263 363357
10 552 12679 0 1777797263 369327
11 551 13140 0 1777797263 369335
12 562 10623 0 1777797263 369341
13 642 11951 0 1777797263 370025
8 588 6875 0 1777797263 370236
11 552 4128 0 1777797263 373494
13 643 3484 0 1777797263 373511
12 563 4163 0 1777797263 373544
9 546 17714 0 1777797263 374692
7 536 27083 0 1777797263 375758
8 589 6134 0 1777797263 376371
7 537 2465 0 1777797263 378225
7 538 9999 0 1777797263 388230
8 590 11856 0 1777797263 388245
9 547 13558 0 1777797263 388252
10 553 18917 0 1777797263 388259
11 553 14753 0 1777797263 388265
12 564 14725 0 1777797263 388271
13 644 14786 0 1777797263 388312
8 591 1638 0 1777797263 389972
13 645 1603 0 1777797263 389985
7 539 2558 0 1777797263 390872
9 548 2552 0 1777797263 390897
12 565 2531 0 1777797263 390905
13 646 5238 0 1777797263 395235
9 549 4319 0 1777797263 395261
12 566 4937 0 1777797263 395893
8 592 16400 0 1777797263 406387
12 567 11966 0 1777797263 407863
9 550 17214 0 1777797263 412476
10 554 24135 0 1777797263 412487
11 554 24135 0 1777797263 412493
12 568 4634 0 1777797263 412499
13 647 17273 0 1777797263 412510
8 593 9629 0 1777797263 416018
7 540 28338 0 1777797263 419244
9 551 11521 0 1777797263 424032
10 555 11515 0 1777797263 424045
11 555 11514 0 1777797263 424051
12 569 11512 0 1777797263 424057
13 648 11501 0 1777797263 424062
8 594 14949 0 1777797263 430968
7 541 11861 0 1777797263 431107
7 542 2214 0 1777797263 433322
8 595 2356 0 1777797263 433331
10 556 14193 0 1777797263 438269
11 556 14238 0 1777797263 438322
13 649 14231 0 1777797263 438331
12 570 14972 0 1777797263 439063
8 596 6818 0 1777797263 440161
7 543 7368 0 1777797263 440701
8 597 2574 0 1777797263 442738
9 552 19132 0 1777797263 443195
12 571 4248 0 1777797263 443312
10 557 8672 0 1777797263 447004
7 544 11995 0 1777797263 452700
11 557 14489 0 1777797263 452862
10 558 6493 0 1777797263 453498
7 545 2817 0 1777797263 455522
11 558 5614 0 1777797263 458477
7 546 3956 0 1777797263 459484
11 559 1703 0 1777797263 460184
7 547 1308 0 1777797263 460794
11 560 5103 0 1777797263 465291
13 650 30515 0 1777797263 468899
10 559 16740 0 1777797263 470243
8 598 33732 0 1777797263 476473
10 560 6245 0 1777797263 476490
11 561 11204 0 1777797263 476497
12 572 33189 0 1777797263 476503
13 651 7606 0 1777797263 476508
13 652 2356 0 1777797263 478946
13 653 2915 0 1777797263 481866
10 561 7497 0 1777797263 484024
12 573 13295 0 1777797263 489844
10 562 7923 0 1777797263 491948
10 563 1848 0 1777797263 493799
10 564 3607 0 1777797263 497409
11 562 20888 0 1777797263 497423
13 654 16383 0 1777797263 498253
8 599 22008 0 1777797263 498517
7 548 45129 0 1777797263 505925
9 553 62736 0 1777797263 505932
12 574 16091 0 1777797263 505938
8 600 11968 0 1777797263 510487
13 655 13464 0 1777797263 511722
8 601 2051 0 1777797263 512540
12 575 6663 0 1777797263 512616
11 563 17444 0 1777797263 514902
13 656 3202 0 1777797263 514927
12 576 4712 0 1777797263 517329
11 564 3449 0 1777797263 518388
8 602 7584 0 1777797263 520126
11 565 2137 0 1777797263 520529
7 549 18076 0 1777797263 524015
10 565 26606 0 1777797263 524030
13 657 9082 0 1777797263 524036
10 566 4214 0 1777797263 528272
11 566 7749 0 1777797263 528279
13 658 5718 0 1777797263 529790
12 577 13708 0 1777797263 531041
9 554 26823 0 1777797263 532769
11 567 4684 0 1777797263 532978
10 567 5062 0 1777797263 533342
7 550 12510 0 1777797263 536547
10 568 7643 0 1777797263 540988
13 659 15856 0 1777797263 545648
12 578 15732 0 1777797263 546775
10 569 6361 0 1777797263 547352
11 568 15017 0 1777797263 547997
10 570 2615 0 1777797263 549968
11 569 5995 0 1777797263 553993
8 603 34396 0 1777797263 554525
10 571 4562 0 1777797263 554532
12 579 9840 0 1777797263 556617
13 660 11296 0 1777797263 556951
10 572 4514 0 1777797263 559069
13 661 5555 0 1777797263 562508
9 555 32557 0 1777797263 565329
11 570 16583 0 1777797263 570579
12 580 13974 0 1777797263 570593
9 556 7128 0 1777797263 572459
10 573 13394 0 1777797263 572467
11 571 1899 0 1777797263 572493
12 581 2898 0 1777797263 573509
7 551 37742 0 1777797263 574291
11 572 3269 0 1777797263 575873
12 582 2378 0 1777797263 575888
7 552 3928 0 1777797263 578222
10 574 5688 0 1777797263 578230
13 662 15726 0 1777797263 578237
8 604 26751 0 1777797263 581285
9 557 8814 0 1777797263 581309
13 663 8666 0 1777797263 586921
13 664 6087 0 1777797263 593009
11 573 22763 0 1777797263 598652
7 553 21188 0 1777797263 599427
8 605 18146 0 1777797263 599433
10 575 21190 0 1777797263 599438
12 583 23545 0 1777797263 599445
13 665 6433 0 1777797263 599450
9 558 19452 0 1777797263 600762
7 554 5937 0 1777797263 605389
9 559 4635 0 1777797263 605401
13 666 5931 0 1777797263 605411
12 584 6131 0 1777797263 605604
10 576 6278 0 1777797263 605745
11 574 9515 0 1777797263 608172
7 555 7660 0 1777797263 613073
13 667 7629 0 1777797263 613082
7 556 4016 0 1777797263 617099
8 606 17644 0 1777797263 617104
9 560 11678 0 1777797263 617108
10 577 11366 0 1777797263 617112
11 575 8943 0 1777797263 617116
12 585 11512 0 1777797263 617119
13 668 4029 0 1777797263 617123
8 607 3847 0 1777797263 620979
12 586 3949 0 1777797263 621098
13 669 5617 0 1777797263 622771
12 587 3128 0 1777797263 624229
12 588 4084 0 1777797263 628314
9 561 17888 0 1777797263 635024
7 557 20126 0 1777797263 637249
9 562 3042 0 1777797263 638073
10 578 23285 0 1777797263 640425
7 558 11520 0 1777797263 648774
12 589 21439 0 1777797263 649756
9 563 13478 0 1777797263 651553
12 590 4006 0 1777797263 653767
8 608 41226 0 1777797263 662209
10 579 24820 0 1777797263 665248
12 591 11510 0 1777797263 665282
13 670 45160 0 1777797263 667935
7 559 21447 0 1777797263 670223
7 560 3110 0 1777797263 673335
11 576 56214 0 1777797263 673359
13 671 5540 0 1777797263 673477
9 564 22751 0 1777797263 674307
13 672 3267 0 1777797263 676746
8 609 16866 0 1777797263 679079
10 580 17814 0 1777797263 683064
11 577 9719 0 1777797263 683079
7 561 9767 0 1777797263 683106
9 565 9236 0 1777797263 683548
12 592 21056 0 1777797263 686390
8 610 9366 0 1777797263 688446
10 581 6433 0 1777797263 689513
7 562 7058 0 1777797263 690166
12 593 3873 0 1777797263 690265
13 673 14984 0 1777797263 691733
11 578 11383 0 1777797263 694474
10 582 5696 0 1777797263 695211
8 611 8105 0 1777797263 696554
12 594 6755 0 1777797263 697021
10 583 5682 0 1777797263 700898
12 595 4760 0 1777797263 701782
12 596 8737 0 1777797263 710523
8 612 16833 0 1777797263 713389
9 566 29853 0 1777797263 713403
10 584 12578 0 1777797263 713477
13 674 22938 0 1777797263 714674
9 567 2298 0 1777797263 715786
7 563 28602 0 1777797263 718773
12 597 8258 0 1777797263 718782
10 585 9104 0 1777797263 722607
9 568 7167 0 1777797263 722954
7 564 5182 0 1777797263 723965
13 675 9565 0 1777797263 724240
10 586 36039 0 1777797263 758647
8 613 45195 0 1777797263 758674
11 579 64235 0 1777797263 758712
12 598 39959 0 1777797263 758773
13 676 35412 0 1777797263 759653
9 569 37389 0 1777797263 760344
11 580 14638 0 1777797263 773395
13 677 13872 0 1777797263 773526
8 614 17359 0 1777797263 776072
9 570 19719 0 1777797263 780067
10 587 21425 0 1777797263 780074
11 581 6676 0 1777797263 780079
12 599 21309 0 1777797263 780084
13 678 6559 0 1777797263 780090
7 565 63926 0 1777797263 787894
8 615 11826 0 1777797263 787900
9 571 10831 0 1777797263 790921
10 588 10830 0 1777797263 790928
11 582 10829 0 1777797263 790933
12 600 14724 0 1777797263 794834
13 679 14733 0 1777797263 794850
8 616 8273 0 1777797263 796182
7 566 12020 0 1777797263 799921
10 589 9005 0 1777797263 799961
13 680 5095 0 1777797263 799969
9 572 9116 0 1777797263 800050
11 583 9093 0 1777797263 800057
12 601 5214 0 1777797263 800065
8 617 9588 0 1777797263 805771
10 590 6361 0 1777797263 806331
11 584 8274 0 1777797263 808405
7 567 10495 0 1777797263 810425
13 681 12329 0 1777797263 812310
9 573 12827 0 1777797263 812894
12 602 12754 0 1777797263 812909
8 618 7410 0 1777797263 813183
7 568 6499 0 1777797263 816926
10 591 10639 0 1777797263 816972
11 585 8715 0 1777797263 817129
7 569 8593 0 1777797263 825567
8 619 12389 0 1777797263 825573
9 574 12671 0 1777797263 825581
10 592 8571 0 1777797263 825586
11 586 8461 0 1777797263 825591
12 603 12675 0 1777797263 825595
13 682 13289 0 1777797263 825602
8 620 7139 0 1777797263 832751
9 575 7153 0 1777797263 832770
12 604 7147 0 1777797263 832778
7 570 8850 0 1777797263 834453
10 593 8837 0 1777797263 834459
11 587 8846 0 1777797263 834473
13 683 8846 0 1777797263 834481
9 576 3049 0 1777797263 835850
8 621 5730 0 1777797263 838509
11 588 4009 0 1777797263 838518
12 605 5714 0 1777797263 838524
10 594 6024 0 1777797263 840525
13 684 6022 0 1777797263 840544
8 622 5499 0 1777797263 844024
9 577 8181 0 1777797263 844033
11 589 5490 0 1777797263 844041
12 606 5488 0 1777797263 844048
13 685 7870 0 1777797263 848430
7 571 15041 0 1777797263 849523
9 578 5530 0 1777797263 849591
10 595 9054 0 1777797263 849599
8 623 8415 0 1777797263 852464
11 590 8406 0 1777797263 852478
12 607 8404 0 1777797263 852484
7 572 5604 0 1777797263 855204
9 579 5593 0 1777797263 855211
10 596 5591 0 1777797263 855217
13 686 6807 0 1777797263 855238
8 624 4639 0 1777797263 857124
12 608 5446 0 1777797263 858044
11 591 7541 0 1777797263 860117
9 580 6322 0 1777797263 861573
10 597 7351 0 1777797263 862609
13 687 11603 0 1777797263 866892
12 609 8862 0 1777797263 866908
8 625 9800 0 1777797263 866926
7 573 15984 0 1777797263 871223
9 581 9657 0 1777797263 871231
10 598 8626 0 1777797263 871236
11 592 11134 0 1777797263 871253
12 610 4351 0 1777797263 871261
13 688 4374 0 1777797263 871267
8 626 4789 0 1777797263 871716
11 593 5270 0 1777797263 876626
13 689 5241 0 1777797263 876632
12 611 5900 0 1777797263 877266
8 627 6318 0 1777797263 878036
7 574 6822 0 1777797263 878089
9 582 10744 0 1777797263 882019
13 690 5731 0 1777797263 882372
7 575 4700 0 1777797263 882790
8 628 4837 0 1777797263 882875
10 599 13833 0 1777797263 885143
9 583 3489 0 1777797263 885512
11 594 11193 0 1777797263 887826
8 629 5182 0 1777797263 888058
12 612 10728 0 1777797263 888064
13 691 6642 0 1777797263 889015
7 576 12943 0 1777797263 895735
11 595 7911 0 1777797263 895744
13 692 6959 0 1777797263 895975
8 630 8343 0 1777797263 896408
10 600 11276 0 1777797263 896420
12 613 8360 0 1777797263 896432
9 584 11065 0 1777797263 896578
10 601 5801 0 1777797263 902243
11 596 6497 0 1777797263 902251
8 631 6186 0 1777797263 902620
7 577 7841 0 1777797263 903587
13 693 7781 0 1777797263 903757
9 585 8032 0 1777797263 904611
13 694 7233 0 1777797263 910991
8 632 8425 0 1777797263 911047
10 602 9158 0 1777797263 911411
11 597 10006 0 1777797263 912268
9 586 7978 0 1777797263 912595
8 633 5246 0 1777797263 916294
11 598 4042 0 1777797263 916313
10 603 7064 0 1777797263 918476
9 587 8482 0 1777797263 921080
12 614 26909 0 1777797263 923359
9 588 5293 0 1777797263 926375
10 604 11359 0 1777797263 929838
7 578 26956 0 1777797263 930549
10 605 1268 0 1777797263 931108
7 579 5080 0 1777797263 935631
12 615 12278 0 1777797263 935640
8 634 23540 0 1777797263 939854
9 589 13484 0 1777797263 939863
8 635 19761 0 1777797263 959626
13 695 48804 0 1777797263 959797
10 606 31345 0 1777797263 962457
7 580 28757 0 1777797263 964398
10 607 1962 0 1777797263 964421
13 696 5681 0 1777797263 965481
13 697 813 0 1777797263 966297
11 599 50091 0 1777797263 966414
12 616 31715 0 1777797263 967367
9 590 27868 0 1777797263 967743
7 581 5949 0 1777797263 970371
11 600 6269 0 1777797263 972684
7 582 51616 0 1777797264 22068
8 636 62464 0 1777797264 22093
10 608 58764 0 1777797264 23196
11 601 51064 0 1777797264 23750
7 583 3602 0 1777797264 25675
13 698 59821 0 1777797264 26120
10 609 3270 0 1777797264 26468
11 602 5207 0 1777797264 28959
7 584 5435 0 1777797264 31111
13 699 5191 0 1777797264 31313
8 637 9781 0 1777797264 31875
13 700 6141 0 1777797264 37456
8 638 6202 0 1777797264 38080
7 585 7276 0 1777797264 38389
10 610 11927 0 1777797264 38396
11 603 9446 0 1777797264 38406
12 617 71307 0 1777797264 38677
9 591 71048 0 1777797264 38792
7 586 1641 0 1777797264 40050
8 639 1993 0 1777797264 40080
7 587 6349 0 1777797264 46405
9 592 7618 0 1777797264 46412
13 701 8959 0 1777797264 46419
8 640 6439 0 1777797264 46520
10 611 8077 0 1777797264 46526
11 604 8089 0 1777797264 46546
12 618 7956 0 1777797264 46634
7 588 8323 0 1777797264 54743
8 641 8116 0 1777797264 54751
9 593 8261 0 1777797264 54756
12 619 8105 0 1777797264 54763
11 605 8854 0 1777797264 55506
10 612 12364 0 1777797264 59009
13 702 12527 0 1777797264 59033
7 589 7160 0 1777797264 61924
8 642 7751 0 1777797264 62523
9 594 7751 0 1777797264 62538
12 620 10052 0 1777797264 64987
13 703 5958 0 1777797264 65004
10 613 6869 0 1777797264 65903
11 606 11383 0 1777797264 66894
7 590 8794 0 1777797264 70723
8 643 8204 0 1777797264 70744
9 595 9874 0 1777797264 72423
12 621 7823 0 1777797264 72828
13 704 7821 0 1777797264 72837
10 614 8200 0 1777797264 74105
7 591 3654 0 1777797264 74400
9 596 4283 0 1777797264 76707
7 592 4148 0 1777797264 78549
10 615 4776 0 1777797264 78886
11 607 13531 0 1777797264 80427
8 644 14859 0 1777797264 85630
13 705 12787 0 1777797264 85638
7 593 12492 0 1777797264 91043
9 597 14341 0 1777797264 91049
12 622 18408 0 1777797264 91246
10 616 12413 0 1777797264 91301
11 608 14647 0 1777797264 95076
13 706 9434 0 1777797264 95084
8 645 10007 0 1777797264 95646
7 594 5476 0 1777797264 96725
10 617 6969 0 1777797264 98272
12 623 7006 0 1777797264 98280
9 598 12106 0 1777797264 103371
7 595 10187 0 1777797264 106916
8 646 11275 0 1777797264 106924
11 609 11845 0 1777797264 106930
13 707 11831 0 1777797264 106936
9 599 7501 0 1777797264 110880
10 618 12624 0 1777797264 110905
12 624 12621 0 1777797264 110912
7 596 15291 0 1777797264 122228
8 647 15297 0 1777797264 122242
9 600 11761 0 1777797264 122675
11 610 15731 0 1777797264 122683
13 708 15851 0 1777797264 122811
10 619 13837 0 1777797264 124772
12 625 13833 0 1777797264 124777
8 648 8251 0 1777797264 131073
7 597 13897 0 1777797264 136709
9 601 14037 0 1777797264 136865
11 611 14054 0 1777797264 136886
8 649 7906 0 1777797264 138980
13 709 16154 0 1777797264 138992
12 626 15666 0 1777797264 140452
7 598 4996 0 1777797264 141884
10 620 17117 0 1777797264 141895
8 650 8318 0 1777797264 147311
9 602 10380 0 1777797264 147325
11 612 10369 0 1777797264 147333
10 621 6324 0 1777797264 148236
12 627 8271 0 1777797264 148725
13 710 9712 0 1777797264 148732
7 599 8272 0 1777797264 150168
11 613 3408 0 1777797264 150788
12 628 6525 0 1777797264 155270
8 651 8105 0 1777797264 155439
10 622 7244 0 1777797264 155482
7 600 6360 0 1777797264 156533
10 623 15147 0 1777797264 170630
12 629 15886 0 1777797264 171158
8 652 16369 0 1777797264 171809
8 653 3270 0 1777797264 175081
11 614 24770 0 1777797264 175560
12 630 7357 0 1777797264 178520
13 711 29784 0 1777797264 178526
7 601 22770 0 1777797264 179305
8 654 5789 0 1777797264 180873
12 631 3624 0 1777797264 182151
8 655 3174 0 1777797264 184048
10 624 13424 0 1777797264 184056
12 632 2605 0 1777797264 184757
11 615 11460 0 1777797264 187023
10 625 4016 0 1777797264 188084
9 603 40995 0 1777797264 188362
8 656 7630 0 1777797264 191688
12 633 8148 0 1777797264 192907
10 626 6436 0 1777797264 194521
11 616 8238 0 1777797264 195264
7 602 16349 0 1777797264 195657
11 617 556 0 1777797264 195821
10 627 1811 0 1777797264 196334
9 604 8863 0 1777797264 197228
11 618 1538 0 1777797264 197361
7 603 2245 0 1777797264 197903
11 619 1636 0 1777797264 198998
10 628 2683 0 1777797264 199018
7 604 1146 0 1777797264 199051
9 605 3709 0 1777797264 200939
10 629 1934 0 1777797264 200953
7 605 1934 0 1777797264 200986
12 634 9210 0 1777797264 202120
13 712 24648 0 1777797264 203183
9 606 5533 0 1777797264 206487
10 630 5534 0 1777797264 206496
11 620 7502 0 1777797264 206502
12 635 4386 0 1777797264 206508
7 606 7278 0 1777797264 208265
8 657 16586 0 1777797264 208276
13 713 5091 0 1777797264 208282
10 631 3639 0 1777797264 210158
12 636 3630 0 1777797264 210165
7 607 2804 0 1777797264 211087
13 714 4312 0 1777797264 212623
7 608 4290 0 1777797264 215379
11 621 8860 0 1777797264 215387
12 637 5231 0 1777797264 215406
7 609 1942 0 1777797264 217349
8 658 9307 0 1777797264 217607
9 607 12490 0 1777797264 219000
12 638 4415 0 1777797264 219858
10 632 10707 0 1777797264 220873
9 608 6243 0 1777797264 225248
11 622 9831 0 1777797264 225262
8 659 7711 0 1777797264 225321
7 610 10450 0 1777797264 227801
10 633 7190 0 1777797264 228064
8 660 4146 0 1777797264 229468
11 623 4215 0 1777797264 229498
8 661 1166 0 1777797264 230637
11 624 3241 0 1777797264 232741
12 639 13520 0 1777797264 233387
10 634 5887 0 1777797264 233953
8 662 5714 0 1777797264 236353
10 635 2595 0 1777797264 236550
12 640 3618 0 1777797264 237010
13 715 25813 0 1777797264 238437
9 609 15069 0 1777797264 240332
8 663 4476 0 1777797264 240831
9 610 1820 0 1777797264 242154
9 611 1148 0 1777797264 243307
12 641 6303 0 1777797264 243315
7 611 15692 0 1777797264 243495
11 625 10756 0 1777797264 243501
9 612 989 0 1777797264 244305
12 642 1238 0 1777797264 244563
7 612 1610 0 1777797264 245112
10 636 9107 0 1777797264 245659
9 613 2770 0 1777797264 247077
13 716 11799 0 1777797264 250238
10 637 7222 0 1777797264 252883
12 643 8444 0 1777797264 253009
8 664 14146 0 1777797264 254980
11 626 11477 0 1777797264 254987
7 613 12959 0 1777797264 258074
9 614 11776 0 1777797264 258857
12 644 9254 0 1777797264 262264
10 638 112726 0 1777797264 365615
8 665 111466 0 1777797264 366454
11 627 111585 0 1777797264 366584
12 645 104510 0 1777797264 366777
8 666 3912 0 1777797264 370368
13 717 120134 0 1777797264 370378
7 614 113620 0 1777797264 371696
11 628 5635 0 1777797264 372221
13 718 3370 0 1777797264 373771
12 646 8269 0 1777797264 375067
10 639 9658 0 1777797264 375274
7 615 3705 0 1777797264 375403
8 667 7319 0 1777797264 377699
13 719 3933 0 1777797264 377705
12 647 2677 0 1777797264 377751
8 668 1974 0 1777797264 379680
13 720 2033 0 1777797264 379750
7 616 4940 0 1777797264 380344
13 721 3156 0 1777797264 382907
13 722 3809 0 1777797264 386717
10 640 13735 0 1777797264 389011
7 617 9615 0 1777797264 389960
10 641 1300 0 1777797264 390312
13 723 4975 0 1777797264 391714
10 642 2487 0 1777797264 392800
10 643 1993 0 1777797264 394794
7 618 6426 0 1777797264 396395
10 644 2158 0 1777797264 396955
10 645 2571 0 1777797264 399529
8 669 23984 0 1777797264 403718
11 629 34732 0 1777797264 406954
10 646 11718 0 1777797264 411248
8 670 8633 0 1777797264 412357
13 724 20650 0 1777797264 412365
9 615 153541 0 1777797264 412400
11 630 6419 0 1777797264 413375
12 648 35956 0 1777797264 413708
7 619 18709 0 1777797264 415106
13 725 15708 0 1777797264 428082
7 620 12994 0 1777797264 428102
8 671 15809 0 1777797264 428175
11 631 15692 0 1777797264 429069
12 649 16063 0 1777797264 429773
10 647 19181 0 1777797264 430431
13 726 3086 0 1777797264 431170
12 650 3044 0 1777797264 432822
13 727 2151 0 1777797264 433324
8 672 11502 0 1777797264 439678
13 728 11690 0 1777797264 445018
11 632 17853 0 1777797264 446925
8 673 9307 0 1777797264 448988
12 651 18732 0 1777797264 451557
8 674 4193 0 1777797264 453183
13 729 8690 0 1777797264 453716
9 616 41499 0 1777797264 453900
13 730 2925 0 1777797264 456644
9 617 6459 0 1777797264 460361
8 675 7489 0 1777797264 460673
10 648 32302 0 1777797264 462737
12 652 11607 0 1777797264 463168
13 731 10202 0 1777797264 466851
11 633 20108 0 1777797264 467035
11 634 850 0 1777797264 467887
11 635 2475 0 1777797264 470366
8 676 10564 0 1777797264 471239
13 732 5169 0 1777797264 472022
11 636 3295 0 1777797264 473663
9 618 14241 0 1777797264 474604
9 619 878 0 1777797264 475485
11 637 4912 0 1777797264 478579
11 638 3648 0 1777797264 482230
9 620 7017 0 1777797264 482505
10 649 19769 0 1777797264 482513
8 677 11937 0 1777797264 483178
8 678 1550 0 1777797264 484730
9 621 2840 0 1777797264 485355
8 679 1666 0 1777797264 486399
7 621 58633 0 1777797264 486736
8 680 1536 0 1777797264 487939
12 653 25294 0 1777797264 488463
10 650 6879 0 1777797264 489401
7 622 3258 0 1777797264 489999
9 622 5680 0 1777797264 491037
13 733 19819 0 1777797264 491844
8 681 7255 0 1777797264 495196
11 639 14942 0 1777797264 497176
13 734 5344 0 1777797264 497189
7 623 8513 0 1777797264 498520
10 651 9124 0 1777797264 498527
12 654 12914 0 1777797264 501380
9 623 12676 0 1777797264 503715
9 624 3452 0 1777797264 507171
12 655 13981 0 1777797264 515370
11 640 18707 0 1777797264 515898
13 735 19878 0 1777797264 517079
10 652 21412 0 1777797264 519960
12 656 5161 0 1777797264 520534
9 625 16939 0 1777797264 524113
7 624 25956 0 1777797264 524484
13 736 9319 0 1777797264 526399
8 682 31592 0 1777797264 526790
11 641 10902 0 1777797264 526804
12 657 7235 0 1777797264 527771
11 642 3898 0 1777797264 530712
7 625 6258 0 1777797264 530743
13 737 5101 0 1777797264 531506
11 643 5505 0 1777797264 536221
7 626 5490 0 1777797264 536234
8 683 9434 0 1777797264 536239
13 738 5530 0 1777797264 537040
10 653 17748 0 1777797264 537711
9 626 14447 0 1777797264 538563
8 684 4726 0 1777797264 540972
9 627 2443 0 1777797264 541011
11 644 5181 0 1777797264 541403
8 685 4653 0 1777797264 545631
7 627 9495 0 1777797264 545736
9 628 6096 0 1777797264 547108
13 739 11236 0 1777797264 548278
11 645 9804 0 1777797264 551212
12 658 23453 0 1777797264 551225
10 654 15803 0 1777797264 553516
8 686 8491 0 1777797264 554125
7 628 8426 0 1777797264 554164
9 629 7671 0 1777797264 554782
12 659 6346 0 1777797264 557583
10 655 4194 0 1777797264 557713
13 740 12233 0 1777797264 560513
9 630 9584 0 1777797264 564368
8 687 11041 0 1777797264 565167
7 629 11589 0 1777797264 565754
12 660 8353 0 1777797264 565944
11 646 14869 0 1777797264 566096
10 656 8517 0 1777797264 566232
9 631 5923 0 1777797264 570295
13 741 9831 0 1777797264 570346
11 647 6032 0 1777797264 572130
8 688 6987 0 1777797264 572156
7 630 6437 0 1777797264 572192
12 661 6958 0 1777797264 572903
13 742 3550 0 1777797264 573897
10 657 12597 0 1777797264 578830
11 648 7229 0 1777797264 579361
13 743 5470 0 1777797264 579369
12 662 6564 0 1777797264 579469
7 631 7293 0 1777797264 579486
9 632 9266 0 1777797264 579570
8 689 7656 0 1777797264 579813
7 632 7779 0 1777797264 587266
11 649 7886 0 1777797264 587299
13 744 8694 0 1777797264 588117
7 633 4314 0 1777797264 591583
10 658 12757 0 1777797264 591590
12 663 12213 0 1777797264 591684
8 690 11902 0 1777797264 591716
7 634 1920 0 1777797264 593513
10 659 3900 0 1777797264 595504
11 650 8238 0 1777797264 595538
12 664 4225 0 1777797264 595910
9 633 16989 0 1777797264 596561
7 635 4659 0 1777797264 598174
12 665 4492 0 1777797264 600405
11 651 5028 0 1777797264 600567
7 636 3863 0 1777797264 602042
10 660 6684 0 1777797264 602190
12 666 5236 0 1777797264 605646
11 652 5110 0 1777797264 605678
10 661 3690 0 1777797264 605881
7 637 4704 0 1777797264 606754
10 662 4026 0 1777797264 609910
11 653 4255 0 1777797264 609934
8 691 18407 0 1777797264 610125
7 638 3564 0 1777797264 610322
13 745 22208 0 1777797264 610326
8 692 5672 0 1777797264 615798
11 654 5899 0 1777797264 615834
7 639 5527 0 1777797264 615854
10 663 6491 0 1777797264 616405
13 746 6174 0 1777797264 616505
9 634 20139 0 1777797264 616702
8 693 7393 0 1777797264 623197
9 635 7515 0 1777797264 624218
12 667 18577 0 1777797264 624229
10 664 8726 0 1777797264 625133
13 747 9943 0 1777797264 626450
11 655 10650 0 1777797264 626486
7 640 10694 0 1777797264 626549
8 694 5926 0 1777797264 629124
9 636 5583 0 1777797264 629813
10 665 4736 0 1777797264 629870
11 656 3562 0 1777797264 630049
13 748 21797 0 1777797264 648255
7 641 23817 0 1777797264 650368
12 668 26248 0 1777797264 650495
9 637 20899 0 1777797264 650714
11 657 20672 0 1777797264 650723
8 695 23083 0 1777797264 652210
11 658 6531 0 1777797264 657264
10 666 32236 0 1777797264 662107
10 667 1645 0 1777797264 663754
7 642 13601 0 1777797264 663975
10 668 1920 0 1777797264 665675
11 659 8953 0 1777797264 666219
10 669 1345 0 1777797264 667022
13 749 20013 0 1777797264 668277
9 638 17768 0 1777797264 668492
10 670 8164 0 1777797264 675187
12 669 29195 0 1777797264 679691
7 643 15852 0 1777797264 679828
9 639 13193 0 1777797264 681687
11 660 15476 0 1777797264 681696
7 644 2601 0 1777797264 682431
10 671 8213 0 1777797264 683401
11 661 2453 0 1777797264 684159
12 670 8599 0 1777797264 688292
10 672 4928 0 1777797264 688331
7 645 5910 0 1777797264 688342
11 662 5995 0 1777797264 690157
13 750 23915 0 1777797264 692195
7 646 5205 0 1777797264 693548
10 673 5228 0 1777797264 693560
11 663 7544 0 1777797264 697706
7 647 4456 0 1777797264 698018
9 640 16336 0 1777797264 698033
10 674 5894 0 1777797264 699490
10 675 2016 0 1777797264 701507
7 648 4836 0 1777797264 702856
11 664 5181 0 1777797264 702889
10 676 1786 0 1777797264 703295
7 649 2805 0 1777797264 705663
11 665 4016 0 1777797264 706906
10 677 4157 0 1777797264 707453
7 650 3054 0 1777797264 708734
13 751 18390 0 1777797264 710588
11 666 3848 0 1777797264 710755
9 641 12776 0 1777797264 710810
12 671 23672 0 1777797264 711965
10 678 5129 0 1777797264 712583
9 642 2536 0 1777797264 713347
7 651 4634 0 1777797264 713371
7 652 2357 0 1777797264 715729
9 643 2409 0 1777797264 715761
10 679 3730 0 1777797264 716318
11 667 5970 0 1777797264 716726
11 668 3068 0 1777797264 719797
9 644 4515 0 1777797264 720277
7 653 6230 0 1777797264 721961
13 752 12756 0 1777797264 723346
10 680 7261 0 1777797264 723581
11 669 5367 0 1777797264 725166
10 681 4891 0 1777797264 728474
11 670 4107 0 1777797264 729276
12 672 17318 0 1777797264 729285
13 753 5945 0 1777797264 729292
11 671 2640 0 1777797264 731932
7 654 10746 0 1777797264 732709
11 672 1248 0 1777797264 733182
7 655 2759 0 1777797264 735472
13 754 6396 0 1777797264 735704
10 682 9252 0 1777797264 737729
11 673 5950 0 1777797264 739134
12 673 10979 0 1777797264 740281
13 755 6932 0 1777797264 742637
10 683 5741 0 1777797264 743472
11 674 4343 0 1777797264 743479
13 756 4546 0 1777797264 747185
11 675 3828 0 1777797264 747321
7 656 13572 0 1777797264 749047
9 645 28785 0 1777797264 749064
10 684 7129 0 1777797264 750609
11 676 3295 0 1777797264 750617
10 685 3858 0 1777797264 754477
13 757 9586 0 1777797264 756775
10 686 2711 0 1777797264 757254
11 677 6650 0 1777797264 757280
9 646 10893 0 1777797264 759958
8 696 109927 0 1777797264 762139
11 678 4874 0 1777797264 762156
12 674 21879 0 1777797264 762162
13 758 5399 0 1777797264 762175
7 657 13246 0 1777797264 762295
10 687 7433 0 1777797264 764688
7 658 3518 0 1777797264 765815
12 675 3806 0 1777797264 766005
9 647 7183 0 1777797264 767145
9 648 1308 0 1777797264 768454
12 676 4093 0 1777797264 770100
8 697 8134 0 1777797264 770310
9 649 1986 0 1777797264 770443
10 688 8475 0 1777797264 773167
13 759 10991 0 1777797264 773198
8 698 3431 0 1777797264 773742
10 689 1639 0 1777797264 774808
11 679 15113 0 1777797264 777302
13 760 4229 0 1777797264 777428
7 659 11650 0 1777797264 777467
9 650 8817 0 1777797264 779261
8 699 5599 0 1777797264 779346
10 690 5580 0 1777797264 780390
12 677 11302 0 1777797264 781410
8 700 2552 0 1777797264 781900
11 680 4613 0 1777797264 781919
13 761 5313 0 1777797264 782742
10 691 4340 0 1777797264 784735
9 651 6931 0 1777797264 786197
13 762 3475 0 1777797264 786219
8 701 5174 0 1777797264 787076
10 692 6184 0 1777797264 790922
13 763 4780 0 1777797264 791023
11 681 9197 0 1777797264 791117
9 652 6792 0 1777797264 793012
12 678 11633 0 1777797264 793046
8 702 7056 0 1777797264 794133
7 660 17869 0 1777797264 795337
13 764 5596 0 1777797264 796622
8 703 4968 0 1777797264 799103
9 653 6105 0 1777797264 799119
12 679 6079 0 1777797264 799126
7 661 3999 0 1777797264 799338
13 765 5657 0 1777797264 802283
10 693 11518 0 1777797264 802444
11 682 11836 0 1777797264 802954
8 704 5690 0 1777797264 804817
11 683 3355 0 1777797264 806310
9 654 8727 0 1777797264 807877
12 680 8725 0 1777797264 807884
10 694 6120 0 1777797264 808566
11 684 5749 0 1777797264 812060
7 662 13490 0 1777797264 812830
13 766 10546 0 1777797264 812837
8 705 8051 0 1777797264 812873
10 695 4676 0 1777797264 813243
9 655 12850 0 1777797264 820735
12 681 12894 0 1777797264 820788
10 696 7621 0 1777797264 820866
13 767 8065 0 1777797264 820923
11 685 9204 0 1777797264 821266
7 663 10553 0 1777797264 823391
8 706 10822 0 1777797264 823696
13 768 4983 0 1777797264 825907
9 656 7345 0 1777797264 828082
10 697 7221 0 1777797264 828088
11 686 6827 0 1777797264 828094
7 664 8977 0 1777797264 832372
12 682 11614 0 1777797264 832403
10 698 4373 0 1777797264 832476
11 687 4376 0 1777797264 832483
7 665 1786 0 1777797264 834165
13 769 8891 0 1777797264 834801
8 707 11347 0 1777797264 835045
10 699 3885 0 1777797264 836370
11 688 19889 0 1777797264 852383
7 666 21113 0 1777797264 855280
12 683 22883 0 1777797264 855287
13 770 20490 0 1777797264 855293
9 657 27229 0 1777797264 855323
11 689 4144 0 1777797264 856534
8 708 22276 0 1777797264 857324
10 700 21153 0 1777797264 857526
7 667 5518 0 1777797264 860812
12 684 5965 0 1777797264 861267
13 771 6662 0 1777797264 861971
10 701 4525 0 1777797264 862053
11 690 6021 0 1777797264 862557
9 658 9151 0 1777797264 864475
8 709 7635 0 1777797264 864964
12 685 9804 0 1777797264 871073
10 702 9099 0 1777797264 871153
7 668 10364 0 1777797264 871179
13 772 9244 0 1777797264 871217
11 691 9046 0 1777797264 871606
9 659 7930 0 1777797264 872407
8 710 11348 0 1777797264 876313
9 660 3930 0 1777797264 876338
10 703 5698 0 1777797264 876853
11 692 6238 0 1777797264 877845
7 669 6792 0 1777797264 877973
12 686 7173 0 1777797264 878247
9 661 5948 0 1777797264 882288
8 711 7487 0 1777797264 883801
10 704 6978 0 1777797264 883833
11 693 6262 0 1777797264 884111
13 773 13568 0 1777797264 884787
12 687 6707 0 1777797264 884957
7 670 11006 0 1777797264 888981
9 662 7418 0 1777797264 889713
12 688 5199 0 1777797264 890158
8 712 6388 0 1777797264 890195
13 774 8465 0 1777797264 893255
11 694 10807 0 1777797264 894920
10 705 11169 0 1777797264 895003
13 775 2030 0 1777797264 895292
8 713 5628 0 1777797264 895824
12 689 6856 0 1777797264 897017
12 690 1450 0 1777797264 898469
11 695 4222 0 1777797264 899151
9 663 9568 0 1777797264 899284
8 714 3742 0 1777797264 899567
8 715 840 0 1777797264 900410
10 706 6283 0 1777797264 901287
8 716 1198 0 1777797264 901612
11 696 3256 0 1777797264 902410
8 717 1000 0 1777797264 902675
10 707 2190 0 1777797264 903480
8 718 1531 0 1777797264 904210
9 664 6903 0 1777797264 906188
8 719 2707 0 1777797264 906922
12 691 9580 0 1777797264 908054
7 671 19149 0 1777797264 908132
12 692 1033 0 1777797264 909089
11 697 7267 0 1777797264 909678
12 693 1436 0 1777797264 910527
8 720 5694 0 1777797264 912618
10 708 9140 0 1777797264 912624
11 698 4506 0 1777797264 914186
9 665 9064 0 1777797264 915258
8 721 2653 0 1777797264 915278
10 709 4631 0 1777797264 917262
8 722 2242 0 1777797264 917521
13 776 23474 0 1777797264 918768
11 699 6447 0 1777797264 920637
8 723 3417 0 1777797264 920941
7 672 14868 0 1777797264 923001
10 710 5747 0 1777797264 923010
8 724 2091 0 1777797264 923035
12 694 12822 0 1777797264 923351
9 666 9097 0 1777797264 924357
9 667 780 0 1777797264 925138
13 777 9369 0 1777797264 928144
8 725 5379 0 1777797264 928416
9 668 4883 0 1777797264 930023
12 695 6917 0 1777797264 930269
9 669 3921 0 1777797264 933946
7 673 13446 0 1777797264 936458
10 711 13512 0 1777797264 936533
11 700 16191 0 1777797264 936831
12 696 7351 0 1777797264 937622
8 726 9302 0 1777797264 937719
9 670 3835 0 1777797264 937784
7 674 3895 0 1777797264 940355
13 778 12222 0 1777797264 940369
11 701 8653 0 1777797264 945485
10 712 8993 0 1777797264 945527
12 697 8227 0 1777797264 945851
13 779 7739 0 1777797264 948124
11 702 2774 0 1777797264 948261
12 698 2429 0 1777797264 948281
9 671 10987 0 1777797264 948773
8 727 14281 0 1777797264 952001
9 672 4758 0 1777797264 953532
9 673 750 0 1777797264 954286
12 699 6593 0 1777797264 954875
8 728 4154 0 1777797264 956159
13 780 9169 0 1777797264 957295
9 674 3631 0 1777797264 957922
12 700 4602 0 1777797264 959481
8 729 4020 0 1777797264 960181
9 675 3472 0 1777797264 961396
7 675 21821 0 1777797264 962191
13 781 6232 0 1777797264 963528
8 730 4953 0 1777797264 965137
9 676 3746 0 1777797264 965147
12 701 5767 0 1777797264 965249
11 703 17561 0 1777797264 965823
9 677 3321 0 1777797264 968480
11 704 2666 0 1777797264 968491
11 705 1085 0 1777797264 969593
9 678 2529 0 1777797264 971021
11 706 1432 0 1777797264 971029
8 731 6571 0 1777797264 971719
8 732 1080 0 1777797264 972803
11 707 2840 0 1777797264 973878
12 702 8842 0 1777797264 974092
7 676 16429 0 1777797264 978625
12 703 4594 0 1777797264 978688
8 733 5924 0 1777797264 978729
11 708 5372 0 1777797264 979254
9 679 8295 0 1777797264 979325
13 782 15982 0 1777797264 979512
10 713 34770 0 1777797264 980299
12 704 3385 0 1777797264 982074
8 734 3398 0 1777797264 982128
11 709 2898 0 1777797264 982154
13 783 3089 0 1777797264 982602
13 784 1219 0 1777797264 983823
8 735 3181 0 1777797264 985311
13 785 3603 0 1777797264 987429
10 714 7490 0 1777797264 987791
11 710 6281 0 1777797264 988436
8 736 3498 0 1777797264 988811
11 711 5610 0 1777797264 994049
12 705 11989 0 1777797264 994065
8 737 7324 0 1777797264 996139
13 786 8903 0 1777797264 996335
12 706 4426 0 1777797264 998505
11 712 6484 0 1777797265 551
7 677 25263 0 1777797265 3890
10 715 19377 0 1777797265 7170
12 707 8668 0 1777797265 7178
8 738 12379 0 1777797265 8521
11 713 7977 0 1777797265 8529
12 708 2731 0 1777797265 9918
10 716 2875 0 1777797265 10054
13 787 14200 0 1777797265 10537
8 739 2031 0 1777797265 10561
7 678 10687 0 1777797265 14584
8 740 4034 0 1777797265 14596
13 788 4129 0 1777797265 14671
12 709 8009 0 1777797265 17929
10 717 10601 0 1777797265 20657
9 680 43180 0 1777797265 22508
11 714 15599 0 1777797265 24138
8 741 9572 0 1777797265 24181
13 789 10619 0 1777797265 25291
7 679 11701 0 1777797265 26300
9 681 4663 0 1777797265 27172
8 742 4432 0 1777797265 28615
12 710 15830 0 1777797265 33767
13 790 8560 0 1777797265 33853
10 718 15119 0 1777797265 35781
9 682 8714 0 1777797265 35894
8 743 7924 0 1777797265 36542
13 791 3128 0 1777797265 36983
12 711 4142 0 1777797265 37913
11 715 13993 0 1777797265 38133
8 744 3846 0 1777797265 40391
9 683 4948 0 1777797265 40843
12 712 3376 0 1777797265 41291
11 716 3257 0 1777797265 41392
12 713 3287 0 1777797265 44580
8 745 5590 0 1777797265 45982
12 714 1495 0 1777797265 46079
13 792 9930 0 1777797265 46915
8 746 1776 0 1777797265 47815
13 793 3087 0 1777797265 50004
8 747 2230 0 1777797265 50049
12 715 6194 0 1777797265 52274
8 748 3088 0 1777797265 53138
13 794 3748 0 1777797265 53754
12 716 3095 0 1777797265 55371
7 680 29926 0 1777797265 56228
10 719 21144 0 1777797265 56927
12 717 2823 0 1777797265 58196
13 795 4444 0 1777797265 58203
7 681 4650 0 1777797265 60880
12 718 3820 0 1777797265 62025
11 717 21152 0 1777797265 62545
12 719 3887 0 1777797265 65913
13 796 7740 0 1777797265 65952
12 720 2036 0 1777797265 67950
10 720 11686 0 1777797265 68615
9 684 28867 0 1777797265 69712
12 721 3934 0 1777797265 71886
11 718 9396 0 1777797265 71943
13 797 8229 0 1777797265 74183
9 685 4485 0 1777797265 74199
12 722 3128 0 1777797265 75021
8 749 22175 0 1777797265 75316
7 682 16390 0 1777797265 77279
12 723 2854 0 1777797265 77882
10 721 10215 0 1777797265 78831
13 798 7270 0 1777797265 81456
9 686 8472 0 1777797265 82672
7 683 9166 0 1777797265 86448
8 750 11134 0 1777797265 86453
12 724 8584 0 1777797265 86470
11 719 14667 0 1777797265 86615
11 720 2012 0 1777797265 88629
12 725 2167 0 1777797265 88638
8 751 2999 0 1777797265 89458
13 799 12636 0 1777797265 94094
8 752 5177 0 1777797265 94641
11 721 6009 0 1777797265 94648
12 726 6173 0 1777797265 94821
10 722 17920 0 1777797265 96752
9 687 14806 0 1777797265 97483
13 800 3394 0 1777797265 97489
9 688 2605 0 1777797265 100094
11 722 6469 0 1777797265 101137
7 684 15180 0 1777797265 101634
7 685 1660 0 1777797265 103303
12 727 9122 0 1777797265 103945
7 686 3259 0 1777797265 106571
13 801 12426 0 1777797265 109932
12 728 6092 0 1777797265 110038
9 689 12230 0 1777797265 112326
10 723 16437 0 1777797265 113190
7 687 7123 0 1777797265 113696
7 688 2775 0 1777797265 116475
11 723 18942 0 1777797265 120081
10 724 8901 0 1777797265 122096
9 690 10801 0 1777797265 123130
8 753 29049 0 1777797265 123698
11 724 7049 0 1777797265 127140
8 754 4466 0 1777797265 128169
8 755 2868 0 1777797265 131042
9 691 9047 0 1777797265 132181
10 725 10093 0 1777797265 132192
8 756 2279 0 1777797265 133324
8 757 3080 0 1777797265 136406
7 689 22749 0 1777797265 139226
13 802 29299 0 1777797265 139233
8 758 3055 0 1777797265 139469
11 725 12334 0 1777797265 139476
10 726 9162 0 1777797265 141376
9 692 9629 0 1777797265 141822
9 693 3704 0 1777797265 145528
11 726 6082 0 1777797265 145566
7 690 6355 0 1777797265 145589
10 727 4259 0 1777797265 145645
10 728 1601 0 1777797265 147247
13 803 8073 0 1777797265 147315
9 694 2757 0 1777797265 148287
9 695 3785 0 1777797265 152075
13 804 4771 0 1777797265 152088
12 729 44054 0 1777797265 154094
8 759 14683 0 1777797265 154160
10 729 6987 0 1777797265 154236
7 691 11805 0 1777797265 157395
13 805 5440 0 1777797265 157542
8 760 10133 0 1777797265 164294
9 696 14207 0 1777797265 166296
12 730 12332 0 1777797265 166428
10 730 14283 0 1777797265 168521
13 806 10984 0 1777797265 168527
12 731 9585 0 1777797265 176016
8 761 12021 0 1777797265 176316
13 807 11389 0 1777797265 179938
7 692 22564 0 1777797265 179961
12 732 4015 0 1777797265 180040
9 697 15904 0 1777797265 182212
11 727 36662 0 1777797265 182229
8 762 7585 0 1777797265 183905
10 731 17892 0 1777797265 186420
9 698 4520 0 1777797265 186750
11 728 4572 0 1777797265 186812
13 808 6921 0 1777797265 186861
7 693 9966 0 1777797265 189928
9 699 3193 0 1777797265 189945
13 809 3088 0 1777797265 189951
8 763 6365 0 1777797265 190272
12 733 11162 0 1777797265 191203
10 732 8291 0 1777797265 194714
8 764 5003 0 1777797265 195276
9 700 5408 0 1777797265 195360
11 729 8554 0 1777797265 195367
11 730 2158 0 1777797265 197535
8 765 3242 0 1777797265 198522
13 810 8576 0 1777797265 198537
10 733 3859 0 1777797265 198576
12 734 7654 0 1777797265 198859
8 766 4767 0 1777797265 203312
7 694 13903 0 1777797265 203832
10 734 5266 0 1777797265 203843
11 731 6365 0 1777797265 203901
12 735 5048 0 1777797265 203908
9 701 8576 0 1777797265 203944
13 811 5685 0 1777797265 204244
9 702 1729 0 1777797265 205674
13 812 1745 0 1777797265 205991
7 695 2502 0 1777797265 206346
8 767 4007 0 1777797265 207321
9 703 1861 0 1777797265 207537
7 696 1591 0 1777797265 207988
10 735 6544 0 1777797265 210399
12 736 6764 0 1777797265 210689
13 813 5063 0 1777797265 211155
8 768 6647 0 1777797265 213970
9 704 6756 0 1777797265 214295
13 814 3401 0 1777797265 214558
12 737 4478 0 1777797265 215169
7 697 11161 0 1777797265 219151
9 705 7409 0 1777797265 221706
10 736 11458 0 1777797265 221859
8 769 7981 0 1777797265 221953
11 732 18642 0 1777797265 222551
9 706 3160 0 1777797265 224868
10 737 3022 0 1777797265 224882
8 770 6858 0 1777797265 228812
12 738 13730 0 1777797265 228901
7 698 10001 0 1777797265 229161
9 707 4674 0 1777797265 229557
10 738 4681 0 1777797265 229575
13 815 15023 0 1777797265 229582
8 771 1736 0 1777797265 230550
12 739 3237 0 1777797265 232140
9 708 2979 0 1777797265 232563
13 816 5641 0 1777797265 235235
10 739 6374 0 1777797265 235964
7 699 9301 0 1777797265 238464
8 772 7925 0 1777797265 238476
7 700 2357 0 1777797265 240835
13 817 5667 0 1777797265 240904
12 740 8821 0 1777797265 240963
9 709 8693 0 1777797265 241259
8 773 3827 0 1777797265 242322
9 710 4585 0 1777797265 245847
13 818 4976 0 1777797265 245882
7 701 5319 0 1777797265 246156
8 774 3840 0 1777797265 246164
11 733 23612 0 1777797265 246169
12 741 5209 0 1777797265 246173
10 740 10461 0 1777797265 246426
13 819 2296 0 1777797265 248179
7 702 2382 0 1777797265 248555
12 742 2581 0 1777797265 248773
9 711 3194 0 1777797265 249043
8 775 3190 0 1777797265 249372
11 734 7342 0 1777797265 253529
7 703 6207 0 1777797265 254764
13 820 6595 0 1777797265 254776
12 743 6727 0 1777797265 255503
9 712 7141 0 1777797265 256186
8 776 8617 0 1777797265 257991
11 735 8313 0 1777797265 261844
13 821 7078 0 1777797265 261865
7 704 7719 0 1777797265 262496
10 741 16084 0 1777797265 262511
12 744 7021 0 1777797265 262525
9 713 6348 0 1777797265 262539
8 777 6283 0 1777797265 264276
12 745 4322 0 1777797265 266849
10 742 7340 0 1777797265 269853
8 778 6959 0 1777797265 271238
12 746 4751 0 1777797265 271601
13 822 10947 0 1777797265 272824
7 705 11677 0 1777797265 274174
13 823 2392 0 1777797265 275218
8 779 13936 0 1777797265 285176
12 747 13602 0 1777797265 285204
13 824 10202 0 1777797265 285422
11 736 23798 0 1777797265 285665
7 706 11505 0 1777797265 285681
9 714 23361 0 1777797265 285901
9 715 5210 0 1777797265 291112
7 707 5884 0 1777797265 291566
11 737 11816 0 1777797265 297483
7 708 6156 0 1777797265 297724
10 743 27890 0 1777797265 297745
8 780 13744 0 1777797265 298949
12 748 16515 0 1777797265 301731
13 825 16316 0 1777797265 301739
9 716 10788 0 1777797265 301907
8 781 4163 0 1777797265 303114
7 709 6117 0 1777797265 303864
10 744 9355 0 1777797265 307112
9 717 6334 0 1777797265 308243
7 710 5497 0 1777797265 309367
11 738 12032 0 1777797265 309524
9 718 3202 0 1777797265 311447
12 749 11515 0 1777797265 313255
8 782 10833 0 1777797265 313952
13 826 13835 0 1777797265 315595
9 719 4238 0 1777797265 315699
7 711 7484 0 1777797265 316858
10 745 12073 0 1777797265 319187
8 783 6562 0 1777797265 320519
9 720 4830 0 1777797265 320530
11 739 11010 0 1777797265 320535
13 827 5234 0 1777797265 320833
12 750 8476 0 1777797265 321733
7 712 5609 0 1777797265 322468
8 784 1957 0 1777797265 322493
9 721 3343 0 1777797265 323901
13 828 3422 0 1777797265 324259
12 751 2681 0 1777797265 324416
12 752 4793 0 1777797265 329210
13 829 4955 0 1777797265 329215
8 785 7997 0 1777797265 330513
7 713 8232 0 1777797265 330727
9 722 9355 0 1777797265 333260
7 714 7918 0 1777797265 338647
10 746 19508 0 1777797265 338697
8 786 8229 0 1777797265 338753
12 753 9882 0 1777797265 339097
13 830 9892 0 1777797265 339112
11 740 18553 0 1777797265 339124
9 723 5996 0 1777797265 339257
9 724 2458 0 1777797265 341717
10 747 4119 0 1777797265 342817
9 725 6704 0 1777797265 348424
10 748 5677 0 1777797265 348495
9 726 17523 0 1777797265 365950
7 715 29777 0 1777797265 368426
10 749 19964 0 1777797265 368460
11 741 30670 0 1777797265 369794
9 727 5134 0 1777797265 371087
9 728 2497 0 1777797265 373586
7 716 5843 0 1777797265 374304
11 742 4530 0 1777797265 374326
13 831 36831 0 1777797265 375943
10 750 8969 0 1777797265 377442
12 754 38410 0 1777797265 377508
13 832 3661 0 1777797265 379606
9 729 7621 0 1777797265 381210
10 751 10326 0 1777797265 387771
9 730 6822 0 1777797265 388033
11 743 13634 0 1777797265 388040
7 717 14155 0 1777797265 388541
13 833 8936 0 1777797265 388547
12 755 13600 0 1777797265 391109
7 718 3283 0 1777797265 391831
11 744 3791 0 1777797265 391841
11 745 4623 0 1777797265 396487
7 719 6019 0 1777797265 397861
11 746 1552 0 1777797265 398040
13 834 10270 0 1777797265 398827
7 720 2175 0 1777797265 400043
11 747 5012 0 1777797265 403053
12 756 12332 0 1777797265 403446
13 835 5900 0 1777797265 404730
7 721 5194 0 1777797265 405244
11 748 4760 0 1777797265 407815
9 731 20491 0 1777797265 408533
7 722 3640 0 1777797265 408889
9 732 2062 0 1777797265 410596
8 787 71953 0 1777797265 410710
12 757 8521 0 1777797265 411969
11 749 4650 0 1777797265 412481
7 723 4143 0 1777797265 413034
13 836 9287 0 1777797265 414021
9 733 4894 0 1777797265 415491
13 837 1523 0 1777797265 415546
7 724 4118 0 1777797265 417154
7 725 3862 0 1777797265 421019
9 734 13146 0 1777797265 428639
10 752 40896 0 1777797265 428676
11 750 16945 0 1777797265 429427
11 751 2146 0 1777797265 431575
7 726 10877 0 1777797265 431899
12 758 22891 0 1777797265 434862
7 727 6293 0 1777797265 438194
9 735 11839 0 1777797265 440483
11 752 9212 0 1777797265 440792
7 728 7109 0 1777797265 445304
11 753 4516 0 1777797265 445309
13 838 32938 0 1777797265 448486
8 788 37806 0 1777797265 448517
10 753 19847 0 1777797265 448524
12 759 14334 0 1777797265 449198
9 736 9375 0 1777797265 449864
13 839 2098 0 1777797265 450586
9 737 976 0 1777797265 450842
13 840 2084 0 1777797265 452672
12 760 5247 0 1777797265 454447
9 738 3672 0 1777797265 454515
11 754 9205 0 1777797265 454523
8 789 6585 0 1777797265 455110
7 729 11625 0 1777797265 456935
12 761 2495 0 1777797265 456944
9 739 3051 0 1777797265 457575
10 754 10325 0 1777797265 458864
13 841 8898 0 1777797265 461574
8 790 8188 0 1777797265 463300
12 762 6357 0 1777797265 463313
8 791 1760 0 1777797265 465074
13 842 4706 0 1777797265 466282
8 792 1253 0 1777797265 466329
9 740 10788 0 1777797265 468365
12 763 7233 0 1777797265 470567
8 793 5290 0 1777797265 471620
12 764 1943 0 1777797265 472519
8 794 1801 0 1777797265 473428
12 765 1096 0 1777797265 473619
12 766 950 0 1777797265 474570
9 741 6974 0 1777797265 475341
7 730 20476 0 1777797265 477421
12 767 2979 0 1777797265 477551
8 795 4780 0 1777797265 478212
9 742 2881 0 1777797265 478225
9 743 2654 0 1777797265 480905
9 744 4117 0 1777797265 485024
10 755 26166 0 1777797265 485033
7 731 7845 0 1777797265 485268
11 755 30834 0 1777797265 485369
8 796 7563 0 1777797265 485790
12 768 10807 0 1777797265 488359
8 797 6056 0 1777797265 491847
7 732 6610 0 1777797265 491880
11 756 6516 0 1777797265 491886
10 756 7068 0 1777797265 492114
9 745 7448 0 1777797265 492482
7 733 2210 0 1777797265 494096
12 769 5752 0 1777797265 494115
8 798 3064 0 1777797265 494912
9 746 4386 0 1777797265 496872
11 757 4987 0 1777797265 496879
8 799 2721 0 1777797265 497638
7 734 3616 0 1777797265 497714
8 800 3766 0 1777797265 501405
7 735 4316 0 1777797265 502032
8 801 3539 0 1777797265 504946
9 747 8331 0 1777797265 505210
10 757 13100 0 1777797265 505215
7 736 3215 0 1777797265 505250
8 802 2129 0 1777797265 507080
9 748 3619 0 1777797265 508835
7 737 3938 0 1777797265 509189
8 803 4660 0 1777797265 511742
9 749 4317 0 1777797265 513154
8 804 4578 0 1777797265 516326
8 805 3089 0 1777797265 519417
7 738 12426 0 1777797265 521618
8 806 2757 0 1777797265 522176
7 739 2381 0 1777797265 524005
13 843 59095 0 1777797265 525378
9 750 16555 0 1777797265 529712
8 807 7678 0 1777797265 529855
10 758 24733 0 1777797265 529958
7 740 6602 0 1777797265 530609
7 741 4092 0 1777797265 534703
11 758 38683 0 1777797265 535571
8 808 8489 0 1777797265 538345
7 742 3792 0 1777797265 538499
8 809 1818 0 1777797265 540168
11 759 8649 0 1777797265 544222
12 770 51825 0 1777797265 545942
8 810 7496 0 1777797265 547667
12 771 3640 0 1777797265 549583
8 811 2143 0 1777797265 549815
12 772 3187 0 1777797265 552773
8 812 6541 0 1777797265 556428
12 773 3865 0 1777797265 556640
8 813 2428 0 1777797265 558862
9 751 30595 0 1777797265 560315
9 752 1747 0 1777797265 562064
8 814 4846 0 1777797265 563711
9 753 8458 0 1777797265 570525
11 760 26304 0 1777797265 570530
8 815 7406 0 1777797265 571119
10 759 41196 0 1777797265 571155
9 754 2863 0 1777797265 573394
11 761 3501 0 1777797265 574039
13 844 49386 0 1777797265 574765
8 816 4079 0 1777797265 575237
8 817 1476 0 1777797265 576714
11 762 3714 0 1777797265 577757
9 755 4835 0 1777797265 578231
7 743 39961 0 1777797265 578465
7 744 978 0 1777797265 579445
9 756 3102 0 1777797265 581335
7 745 2000 0 1777797265 581448
7 746 1501 0 1777797265 582950
9 757 2309 0 1777797265 583646
8 818 7219 0 1777797265 583937
10 760 16541 0 1777797265 587715
9 758 5627 0 1777797265 589275
12 774 32830 0 1777797265 589471
8 819 5893 0 1777797265 589832
13 845 15976 0 1777797265 590745
7 747 8337 0 1777797265 591289
8 820 1464 0 1777797265 591297
9 759 2865 0 1777797265 592142
11 763 15350 0 1777797265 593110
12 775 3880 0 1777797265 593354
8 821 4453 0 1777797265 595761
9 760 5776 0 1777797265 597921
13 846 7221 0 1777797265 597970
7 748 7378 0 1777797265 598677
8 822 3771 0 1777797265 599534
10 761 14511 0 1777797265 602232
7 749 6088 0 1777797265 604767
11 764 11659 0 1777797265 604773
8 823 5269 0 1777797265 604804
9 761 9924 0 1777797265 607848
8 824 4722 0 1777797265 609527
9 762 1864 0 1777797265 609718
8 825 1556 0 1777797265 611085
8 826 2275 0 1777797265 613363
9 763 4475 0 1777797265 614195
13 847 16404 0 1777797265 614376
12 776 22539 0 1777797265 615895
7 750 12016 0 1777797265 616796
8 827 3566 0 1777797265 616931
11 765 14040 0 1777797265 618831
13 848 6329 0 1777797265 620707
13 849 1843 0 1777797265 622555
12 777 6857 0 1777797265 622754
13 850 1204 0 1777797265 623764
7 751 9010 0 1777797265 625808
9 764 11773 0 1777797265 625972
13 851 2541 0 1777797265 626307
8 828 9410 0 1777797265 626342
12 778 3604 0 1777797265 626359
10 762 26434 0 1777797265 628669
9 765 8609 0 1777797265 634584
11 766 18424 0 1777797265 637258
12 779 17841 0 1777797265 644201
8 829 19122 0 1777797265 645465
8 830 9508 0 1777797265 654977
10 763 26325 0 1777797265 654995
9 766 20540 0 1777797265 655128
12 780 10932 0 1777797265 655135
13 852 28830 0 1777797265 655140
7 752 29356 0 1777797265 655168
7 753 3209 0 1777797265 658378
9 767 3273 0 1777797265 658414
13 853 6203 0 1777797265 661359
8 831 6673 0 1777797265 661651
13 854 4911 0 1777797265 666273
8 832 6510 0 1777797265 668163
12 781 13049 0 1777797265 668198
11 767 30992 0 1777797265 668252
10 764 15148 0 1777797265 670144
9 768 11791 0 1777797265 670206
8 833 5854 0 1777797265 674019
13 855 8409 0 1777797265 674683
12 782 8191 0 1777797265 676390
10 765 6368 0 1777797265 676514
9 769 6366 0 1777797265 676573
8 834 3721 0 1777797265 677742
7 754 22732 0 1777797265 681117
8 835 3410 0 1777797265 681153
10 766 4943 0 1777797265 681458
11 768 15195 0 1777797265 683449
8 836 2389 0 1777797265 683543
9 770 11293 0 1777797265 687867
11 769 5866 0 1777797265 689316
8 837 6093 0 1777797265 689638
9 771 8512 0 1777797265 696383
10 767 16944 0 1777797265 698403
11 770 9093 0 1777797265 698410
12 783 24351 0 1777797265 700743
13 856 26114 0 1777797265 700799
8 838 11311 0 1777797265 700951
11 771 5897 0 1777797265 704317
9 772 8132 0 1777797265 704519
10 768 9802 0 1777797265 708214
12 784 7502 0 1777797265 708247
8 839 9211 0 1777797265 710164
11 772 6748 0 1777797265 711065
13 857 17010 0 1777797265 717810
9 773 16278 0 1777797265 720799
12 785 12637 0 1777797265 720885
10 769 12779 0 1777797265 720995
8 840 10854 0 1777797265 721020
11 773 10396 0 1777797265 721463
13 858 9151 0 1777797265 726963
8 841 14644 0 1777797265 735666
9 774 17229 0 1777797265 738039
12 786 17161 0 1777797265 738049
10 770 17072 0 1777797265 738068
11 774 16607 0 1777797265 738071
13 859 11645 0 1777797265 738610
8 842 6994 0 1777797265 742662
9 775 14838 0 1777797265 752887
11 775 14827 0 1777797265 752904
12 787 14857 0 1777797265 752913
10 771 16558 0 1777797265 754629
13 860 16027 0 1777797265 754639
12 788 6370 0 1777797265 759359
8 843 17978 0 1777797265 760641
11 776 7765 0 1777797265 760750
9 776 8214 0 1777797265 761194
10 772 18215 0 1777797265 772855
9 777 13447 0 1777797265 774642
7 755 93594 0 1777797265 774712
11 777 14155 0 1777797265 774911
13 861 20274 0 1777797265 774925
12 789 15601 0 1777797265 774961
8 844 14343 0 1777797265 774986
7 756 3079 0 1777797265 777792
10 773 6548 0 1777797265 779405
7 757 3584 0 1777797265 781382
8 845 7341 0 1777797265 782328
7 758 4968 0 1777797265 786355
8 846 4033 0 1777797265 786363
7 759 2310 0 1777797265 788674
9 778 14670 0 1777797265 789315
12 790 14401 0 1777797265 789364
11 778 15799 0 1777797265 790710
7 760 2593 0 1777797265 791269
8 847 7206 0 1777797265 793582
9 779 4283 0 1777797265 793601
12 791 6130 0 1777797265 795496
7 761 4252 0 1777797265 795523
13 862 20633 0 1777797265 795558
7 762 2251 0 1777797265 797776
11 779 9792 0 1777797265 800503
13 863 5043 0 1777797265 800603
8 848 12614 0 1777797265 806198
10 774 27396 0 1777797265 806808
7 763 9100 0 1777797265 806879
9 780 15318 0 1777797265 808921
7 764 2817 0 1777797265 809698
8 849 3838 0 1777797265 810039
11 780 9541 0 1777797265 810046
12 792 18215 0 1777797265 813712
11 781 3850 0 1777797265 813906
8 850 6796 0 1777797265 816843
9 781 7929 0 1777797265 816851
7 765 10902 0 1777797265 820601
10 775 17629 0 1777797265 824439
8 851 8751 0 1777797265 825604
7 766 6033 0 1777797265 826643
11 782 14947 0 1777797265 828854
7 767 2344 0 1777797265 828989
8 852 6088 0 1777797265 831694
7 768 2726 0 1777797265 831717
11 783 4271 0 1777797265 833126
7 769 5316 0 1777797265 837034
8 853 6771 0 1777797265 838468
11 784 7670 0 1777797265 840817
7 770 6229 0 1777797265 843265
8 854 4850 0 1777797265 843321
11 785 2503 0 1777797265 843327
9 782 27800 0 1777797265 844661
13 864 44739 0 1777797265 845343
9 783 1521 0 1777797265 846184
8 855 5059 0 1777797265 848387
13 865 3123 0 1777797265 848467
9 784 2397 0 1777797265 848583
9 785 1642 0 1777797265 850227
7 771 11008 0 1777797265 854277
13 866 5851 0 1777797265 854319
9 786 6684 0 1777797265 856915
7 772 4028 0 1777797265 858309
9 787 2249 0 1777797265 859166
8 856 11013 0 1777797265 859404
11 786 17208 0 1777797265 860544
12 793 47024 0 1777797265 860740
10 776 37637 0 1777797265 862078
11 787 2998 0 1777797265 863542
9 788 6611 0 1777797265 865778
10 777 5371 0 1777797265 867453
12 794 6825 0 1777797265 867567
9 789 3244 0 1777797265 869027
8 857 10892 0 1777797265 870297
11 788 6869 0 1777797265 870414
7 773 12255 0 1777797265 870567
9 790 2045 0 1777797265 871074
10 778 4849 0 1777797265 872306
12 795 6217 0 1777797265 873786
11 789 6144 0 1777797265 876559
9 791 8813 0 1777797265 879889
13 867 25659 0 1777797265 879979
10 779 8467 0 1777797265 880775
11 790 4221 0 1777797265 880782
12 796 8480 0 1777797265 882268
11 791 1588 0 1777797265 882381
7 774 16018 0 1777797265 886589
11 792 5323 0 1777797265 887705
8 858 17426 0 1777797265 887726
10 780 6952 0 1777797265 887735
7 775 1892 0 1777797265 888485
12 797 8456 0 1777797265 890726
11 793 3120 0 1777797265 890826
7 776 2351 0 1777797265 890845
13 868 11137 0 1777797265 891119
11 794 19686 0 1777797265 910513
7 777 19721 0 1777797265 910567
12 798 20669 0 1777797265 911396
8 859 23887 0 1777797265 911623
10 781 24485 0 1777797265 912233
9 792 32392 0 1777797265 912288
13 869 23899 0 1777797265 915020
11 795 4858 0 1777797265 915373
7 778 5375 0 1777797265 915943
12 799 4954 0 1777797265 916352
8 860 8988 0 1777797265 920612
12 800 4271 0 1777797265 920627
10 782 8424 0 1777797265 920661
13 870 7438 0 1777797265 922460
11 796 7278 0 1777797265 922652
9 793 11019 0 1777797265 923308
12 801 3917 0 1777797265 924561
7 779 8680 0 1777797265 924634
8 861 4599 0 1777797265 925228
10 783 8208 0 1777797265 928871
13 871 8084 0 1777797265 930546
11 797 8388 0 1777797265 931041
7 780 6552 0 1777797265 931188
12 802 6640 0 1777797265 931203
10 784 3020 0 1777797265 931901
8 862 10906 0 1777797265 936136
9 794 12830 0 1777797265 936143
12 803 5410 0 1777797265 936614
13 872 6152 0 1777797265 936699
7 781 7275 0 1777797265 938464
10 785 6913 0 1777797265 938816
11 798 7788 0 1777797265 938831
7 782 2433 0 1777797265 940902
13 873 4209 0 1777797265 940910
9 795 9747 0 1777797265 945908
13 874 5027 0 1777797265 945946
12 804 9472 0 1777797265 946150
7 783 5353 0 1777797265 946264
11 799 7635 0 1777797265 946476
10 786 7694 0 1777797265 946526
8 863 11684 0 1777797265 947828
13 875 1891 0 1777797265 947838
13 876 1844 0 1777797265 949689
11 800 6377 0 1777797265 952854
8 864 5035 0 1777797265 952873
9 796 8747 0 1777797265 954672
7 784 8437 0 1777797265 954702
10 787 8181 0 1777797265 954708
12 805 8563 0 1777797265 954714
13 877 5343 0 1777797265 955033
11 801 7468 0 1777797265 960325
7 785 6135 0 1777797265 960850
8 865 8226 0 1777797265 961100
9 797 6664 0 1777797265 961341
12 806 7059 0 1777797265 961799
10 788 7137 0 1777797265 961860
13 878 7038 0 1777797265 962073
11 802 2614 0 1777797265 962944
7 786 4096 0 1777797265 964951
12 807 5499 0 1777797265 967300
8 866 6219 0 1777797265 967321
9 798 5983 0 1777797265 967325
10 789 6941 0 1777797265 968802
7 787 3931 0 1777797265 968883
13 879 6849 0 1777797265 968923
12 808 4572 0 1777797265 971876
8 867 6996 0 1777797265 974322
9 799 6996 0 1777797265 974328
12 809 2455 0 1777797265 974334
13 880 8517 0 1777797265 977441
11 803 14607 0 1777797265 977552
7 788 9381 0 1777797265 978265
10 790 9539 0 1777797265 978343
9 800 5754 0 1777797265 980098
8 868 6109 0 1777797265 980444
7 789 4651 0 1777797265 982918
9 801 3781 0 1777797265 983881
12 810 9534 0 1777797265 983886
10 791 7929 0 1777797265 986273
8 869 5860 0 1777797265 986307
11 804 8761 0 1777797265 986314
13 881 9934 0 1777797265 987378
12 811 7326 0 1777797265 991217
9 802 7734 0 1777797265 991620
7 790 8715 0 1777797265 991635
10 792 5725 0 1777797265 992000
8 870 8820 0 1777797265 995135
11 805 8840 0 1777797265 995165
13 882 7842 0 1777797265 995221
7 791 4070 0 1777797265 995706
12 812 4497 0 1777797265 995716
9 803 4210 0 1777797265 995832
8 871 3358 0 1777797265 998525
7 792 7022 0 1777797266 2739
13 883 7686 0 1777797266 2907
10 793 11022 0 1777797266 3023
11 806 9032 0 1777797266 4226
12 813 8521 0 1777797266 4247
9 804 8511 0 1777797266 4344
8 872 5857 0 1777797266 4386
9 805 3749 0 1777797266 8094
7 793 5485 0 1777797266 8226
10 794 5233 0 1777797266 8258
8 873 4256 0 1777797266 8644
13 884 5743 0 1777797266 8651
12 814 10403 0 1777797266 14651
11 807 10441 0 1777797266 14670
9 806 6653 0 1777797266 14750
8 874 6224 0 1777797266 14876
10 795 7190 0 1777797266 15449
7 794 7237 0 1777797266 15464
13 885 7368 0 1777797266 16028
10 796 6890 0 1777797266 22340
7 795 6948 0 1777797266 22414
8 875 7861 0 1777797266 22739
9 807 8133 0 1777797266 22884
11 808 8345 0 1777797266 23017
12 815 8433 0 1777797266 23085
13 886 7238 0 1777797266 23268
11 809 6112 0 1777797266 29130
13 887 6413 0 1777797266 29681
12 816 6919 0 1777797266 30006
9 808 7468 0 1777797266 30354
7 796 9963 0 1777797266 32380
7 797 1777 0 1777797266 34161
12 817 4779 0 1777797266 34789
11 810 6060 0 1777797266 35191
8 876 13317 0 1777797266 36058
10 797 15552 0 1777797266 37895
10 798 2418 0 1777797266 40318
9 809 11024 0 1777797266 41380
13 888 13642 0 1777797266 43325
7 798 9479 0 1777797266 43644
9 810 2866 0 1777797266 44251
10 799 4851 0 1777797266 45173
8 877 9662 0 1777797266 45723
12 818 12820 0 1777797266 47613
9 811 4976 0 1777797266 49228
10 800 4061 0 1777797266 49236
7 799 9485 0 1777797266 53131
9 812 10210 0 1777797266 59447
12 819 40045 0 1777797266 87661
9 813 29450 0 1777797266 88899
11 811 54591 0 1777797266 89784
7 800 37383 0 1777797266 90533
10 801 46932 0 1777797266 96188
13 889 53026 0 1777797266 96352
8 878 50804 0 1777797266 96529
7 801 6127 0 1777797266 96663
9 814 9279 0 1777797266 98180
7 802 3042 0 1777797266 99708
12 820 19112 0 1777797266 106792
13 890 10548 0 1777797266 106902
8 879 11303 0 1777797266 107835
10 802 13396 0 1777797266 109587
11 812 25393 0 1777797266 115181
13 891 9521 0 1777797266 116425
9 815 18501 0 1777797266 116684
13 892 12025 0 1777797266 128452
7 803 30249 0 1777797266 129959
8 880 24414 0 1777797266 132255
12 821 25465 0 1777797266 132259
10 803 29561 0 1777797266 139156
9 816 28396 0 1777797266 145081
11 813 31417 0 1777797266 146599
7 804 25704 0 1777797266 155664
12 822 23414 0 1777797266 155677
13 893 27198 0 1777797266 155685
9 817 10861 0 1777797266 155944
8 881 23985 0 1777797266 156245
10 804 17089 0 1777797266 156248
11 814 9645 0 1777797266 156251
12 823 5274 0 1777797266 160977
13 894 5480 0 1777797266 161195
7 805 12177 0 1777797266 167863
8 882 18261 0 1777797266 174512
9 818 18574 0 1777797266 174520
10 805 18270 0 1777797266 174526
11 815 19285 0 1777797266 175546
13 895 19659 0 1777797266 180855
12 824 24349 0 1777797266 185329
7 806 17728 0 1777797266 185596
10 806 16947 0 1777797266 191490
9 819 26501 0 1777797266 201037
8 883 26531 0 1777797266 201058
11 816 26917 0 1777797266 202466
7 807 29550 0 1777797266 215149
13 896 34308 0 1777797266 215165
10 807 31999 0 1777797266 223491
12 825 38162 0 1777797266 223497
8 884 23879 0 1777797266 224937
9 820 23913 0 1777797266 224954
11 817 22494 0 1777797266 224962
7 808 17001 0 1777797266 232167
13 897 16999 0 1777797266 232177
10 808 12320 0 1777797266 235818
12 826 12316 0 1777797266 235823
8 885 21253 0 1777797266 246215
9 821 21229 0 1777797266 246221
11 818 25318 0 1777797266 250319
7 809 24118 0 1777797266 256296
13 898 24114 0 1777797266 256303
12 827 29137 0 1777797266 264967
8 886 29875 0 1777797266 276097
9 822 29876 0 1777797266 276103
10 809 40284 0 1777797266 276107
11 819 25780 0 1777797266 276111
13 899 26205 0 1777797266 282521
7 810 31666 0 1777797266 287970
12 828 27411 0 1777797266 292384
8 887 16761 0 1777797266 292873
9 823 16771 0 1777797266 292890
10 810 16774 0 1777797266 292897
11 820 16785 0 1777797266 292911
13 900 10379 0 1777797266 292938
7 811 19609 0 1777797266 307584
8 888 14654 0 1777797266 307594
11 821 14636 0 1777797266 307623
12 829 15244 0 1777797266 307629
9 824 15127 0 1777797266 308082
10 811 15114 0 1777797266 308085
13 901 15087 0 1777797266 308089
7 812 13463 0 1777797266 321092
8 889 13485 0 1777797266 321121
11 822 13492 0 1777797266 321133
12 830 13496 0 1777797266 321142
9 825 13716 0 1777797266 321805
10 812 13727 0 1777797266 321822
13 902 13741 0 1777797266 321840
8 890 5916 0 1777797266 327073
13 903 5612 0 1777797266 327487
7 813 7301 0 1777797266 328444
12 831 7261 0 1777797266 328454
7 814 15518 0 1777797266 343973
8 891 16908 0 1777797266 343983
9 826 22146 0 1777797266 343987
10 813 22125 0 1777797266 343990
11 823 22830 0 1777797266 343994
12 832 15514 0 1777797266 343997
13 904 16512 0 1777797266 344000
7 815 19401 0 1777797266 363402
8 892 19395 0 1777797266 363406
9 827 19394 0 1777797266 363410
10 814 19394 0 1777797266 363414
11 824 19393 0 1777797266 363418
12 833 19393 0 1777797266 363422
13 905 19393 0 1777797266 363426
7 816 19351 0 1777797266 382777
8 893 19364 0 1777797266 382795
9 828 19368 0 1777797266 382804
10 815 19380 0 1777797266 382821
11 825 19384 0 1777797266 382829
12 834 19386 0 1777797266 382835
13 906 19396 0 1777797266 382850
7 817 24976 0 1777797266 407827
9 829 24966 0 1777797266 407841
10 816 24963 0 1777797266 407846
11 826 24955 0 1777797266 407851
12 835 24952 0 1777797266 407855
13 907 24942 0 1777797266 407858
8 894 35658 0 1777797266 418520
7 818 16339 0 1777797266 424198
10 817 16331 0 1777797266 424205
11 827 16333 0 1777797266 424211
12 836 16335 0 1777797266 424217
13 908 16336 0 1777797266 424223
8 895 18302 0 1777797266 436833
9 830 28971 0 1777797266 436841
7 819 14003 0 1777797266 438227
10 818 14012 0 1777797266 438248
11 828 14012 0 1777797266 438255
12 837 14017 0 1777797266 438265
13 909 14018 0 1777797266 438272
8 896 20657 0 1777797266 457499
9 831 20660 0 1777797266 457508
10 819 19223 0 1777797266 457515
12 838 19215 0 1777797266 457522
7 820 22526 0 1777797266 460799
11 829 22508 0 1777797266 460809
13 910 22501 0 1777797266 460816
8 897 6718 0 1777797266 464242
9 832 6717 0 1777797266 464252
10 820 6717 0 1777797266 464259
12 839 6718 0 1777797266 464266
7 821 9250 0 1777797266 470067
11 830 9293 0 1777797266 470123
13 911 9292 0 1777797266 470129
9 833 10978 0 1777797266 475263
10 821 11109 0 1777797266 475409
12 840 11126 0 1777797266 475435
8 898 15617 0 1777797266 479883
7 822 12439 0 1777797266 482570
11 831 12723 0 1777797266 482864
13 912 12734 0 1777797266 482881
9 834 12027 0 1777797266 487464
10 822 12015 0 1777797266 487474
12 841 12016 0 1777797266 487483
7 823 10784 0 1777797266 493666
8 899 13953 0 1777797266 493837
11 832 10998 0 1777797266 493901
12 842 6713 0 1777797266 494214
13 913 11556 0 1777797266 494468
9 835 8058 0 1777797266 495543
10 823 8056 0 1777797266 495549
8 900 8566 0 1777797266 503302
11 833 8172 0 1777797266 503319
7 824 19250 0 1777797266 513720
9 836 18174 0 1777797266 513724
10 824 18168 0 1777797266 513727
12 843 18286 0 1777797266 513731
13 914 18233 0 1777797266 513735
7 825 11139 0 1777797266 524875
8 901 21562 0 1777797266 524882
9 837 11148 0 1777797266 524888
10 825 11148 0 1777797266 524894
11 834 21566 0 1777797266 524899
12 844 11154 0 1777797266 524905
13 915 11154 0 1777797266 524910
12 845 19616 0 1777797266 544559
8 902 25343 0 1777797266 550263
11 835 26425 0 1777797266 551362
7 826 34144 0 1777797266 559055
10 826 34137 0 1777797266 559068
13 916 39242 0 1777797266 564202
9 838 39337 0 1777797266 564262
11 836 21518 0 1777797266 572884
12 846 34160 0 1777797266 578722
13 917 14526 0 1777797266 578730
12 847 3025 0 1777797266 581757
9 839 26686 0 1777797266 590950
11 837 18064 0 1777797266 590954
12 848 9196 0 1777797266 590957
13 918 12221 0 1777797266 590961
12 849 12496 0 1777797266 603468
11 838 12894 0 1777797266 603862
10 827 57095 0 1777797266 616286
7 827 59896 0 1777797266 618966
9 840 28012 0 1777797266 618974
13 919 28210 0 1777797266 619186
12 850 20347 0 1777797266 623817
7 828 7110 0 1777797266 626085
8 903 76162 0 1777797266 626428
12 851 4608 0 1777797266 628430
7 829 3292 0 1777797266 629379
8 904 4341 0 1777797266 630770
9 841 11795 0 1777797266 630778
12 852 2350 0 1777797266 630782
7 830 4009 0 1777797266 633395
12 853 2906 0 1777797266 633702
9 842 4102 0 1777797266 634892
7 831 4795 0 1777797266 638192
12 854 4505 0 1777797266 638207
8 905 8966 0 1777797266 639748
10 828 24832 0 1777797266 641119
10 829 2308 0 1777797266 643430
9 843 9906 0 1777797266 644799
7 832 9812 0 1777797266 648020
8 906 8269 0 1777797266 648024
10 830 13841 0 1777797266 657272
12 855 18997 0 1777797266 657277
13 920 38094 0 1777797266 657281
8 907 12437 0 1777797266 660468
7 833 14473 0 1777797266 662498
9 844 17707 0 1777797266 662508
11 839 58653 0 1777797266 662515
10 831 5386 0 1777797266 662667
8 908 7848 0 1777797266 668319
12 856 11036 0 1777797266 668323
13 921 11034 0 1777797266 668326
7 834 12419 0 1777797266 674935
9 845 12378 0 1777797266 674943
11 840 12371 0 1777797266 674946
8 909 14606 0 1777797266 682932
9 846 7985 0 1777797266 682939
10 832 20275 0 1777797266 682945
11 841 8035 0 1777797266 682995
12 857 14671 0 1777797266 683002
13 922 14669 0 1777797266 683006
7 835 13569 0 1777797266 688516
13 923 10772 0 1777797266 693803
7 836 12962 0 1777797266 701479
9 847 18473 0 1777797266 701485
10 833 18472 0 1777797266 701489
8 910 24614 0 1777797266 707620
12 858 24603 0 1777797266 707629
13 924 24275 0 1777797266 718084
7 837 22370 0 1777797266 723860
9 848 22379 0 1777797266 723874
11 842 40862 0 1777797266 723884
8 911 23953 0 1777797266 731584
10 834 30086 0 1777797266 731587
12 859 23059 0 1777797266 731590
13 925 18252 0 1777797266 736338
7 838 33037 0 1777797266 756923
8 912 25336 0 1777797266 756927
11 843 33013 0 1777797266 756931
9 849 37977 0 1777797266 761886
10 835 30295 0 1777797266 761890
12 860 30294 0 1777797266 761894
7 839 11076 0 1777797266 768007
8 913 11074 0 1777797266 768011
11 844 11073 0 1777797266 768014
13 926 31679 0 1777797266 768018
9 850 22657 0 1777797266 784551
13 927 17898 0 1777797266 785928
12 861 32364 0 1777797266 794268
11 845 31856 0 1777797266 799883
10 836 40451 0 1777797266 802350
9 851 27505 0 1777797266 812057
13 928 27168 0 1777797266 813102
7 840 47710 0 1777797266 815728
8 914 56651 0 1777797266 824674
9 852 40247 0 1777797266 852307
10 837 59883 0 1777797266 862235
8 915 56486 0 1777797266 881182
13 929 68792 0 1777797266 881896
11 846 86105 0 1777797266 885991
10 838 28670 0 1777797266 890912
12 862 96652 0 1777797266 890922
9 853 40308 0 1777797266 892624
7 841 86497 0 1777797266 902226
8 916 26213 0 1777797266 907397
10 839 16496 0 1777797266 907418
8 917 2911 0 1777797266 910313
9 854 17693 0 1777797266 910318
11 847 24330 0 1777797266 910378
12 863 19455 0 1777797266 910385
13 930 28489 0 1777797266 910392
7 842 11994 0 1777797266 914228
8 918 8103 0 1777797266 918495
9 855 8103 0 1777797266 918504
10 840 11092 0 1777797266 918511
13 931 11380 0 1777797266 921796
12 864 12780 0 1777797266 923191
7 843 14584 0 1777797266 928815
11 848 18432 0 1777797266 928840
8 919 7737 0 1777797266 929535
9 856 7735 0 1777797266 929539
10 841 7733 0 1777797266 929543
7 844 10126 0 1777797266 938967
11 849 15851 0 1777797266 944704
12 865 27055 0 1777797266 950252
13 932 31002 0 1777797266 952818
8 920 26378 0 1777797266 955921
9 857 26382 0 1777797266 955930
11 850 11230 0 1777797266 955937
10 842 26907 0 1777797266 956459
7 845 27725 0 1777797266 966693
8 921 10763 0 1777797266 966701
9 858 10749 0 1777797266 966706
12 866 16456 0 1777797266 966710
13 933 13895 0 1777797266 966715
10 843 10283 0 1777797266 966744
11 851 10791 0 1777797266 966756
12 867 8573 0 1777797266 975305
13 934 8576 0 1777797266 975313
8 922 9845 0 1777797266 976569
9 859 9859 0 1777797266 976587
10 844 9850 0 1777797266 976595
11 852 9845 0 1777797266 976601
7 846 12227 0 1777797266 978943
10 845 4818 0 1777797266 981485
11 853 5139 0 1777797266 981820
12 868 6529 0 1777797266 981843
13 935 10577 0 1777797266 985898
8 923 10233 0 1777797266 986835
11 854 5000 0 1777797266 986845
12 869 6225 0 1777797266 988081
10 846 6621 0 1777797266 988108
7 847 11824 0 1777797266 990770
13 936 4881 0 1777797266 990782
7 848 3883 0 1777797266 994666
11 855 7815 0 1777797266 994673
12 870 6702 0 1777797266 994788
8 924 10551 0 1777797266 997397
13 937 6631 0 1777797266 997425
7 849 3115 0 1777797266 997789
9 860 24159 0 1777797267 817
11 856 6138 0 1777797267 821
10 847 13998 0 1777797267 2108
11 857 8336 0 1777797267 9164
7 850 12579 0 1777797267 10370
9 861 9981 0 1777797267 10803
8 925 14293 0 1777797267 11694
13 938 14274 0 1777797267 11699
10 848 11400 0 1777797267 13509
12 871 18724 0 1777797267 13513
11 858 6993 0 1777797267 16157
7 851 7857 0 1777797267 18228
9 862 7429 0 1777797267 18233
8 926 9083 0 1777797267 20783
13 939 9083 0 1777797267 20787
12 872 9804 0 1777797267 23323
10 849 13449 0 1777797267 26964
11 859 15768 0 1777797267 31926
9 863 15755 0 1777797267 33995
8 927 25819 0 1777797267 46608
9 864 12614 0 1777797267 46616
10 850 19657 0 1777797267 46622
11 860 14701 0 1777797267 46628
12 873 23311 0 1777797267 46635
13 940 25845 0 1777797267 46640
7 852 31122 0 1777797267 49356
8 928 7385 0 1777797267 54054
9 865 7412 0 1777797267 54064
10 851 7414 0 1777797267 54072
12 874 7402 0 1777797267 54079
13 941 7391 0 1777797267 54085
11 861 11452 0 1777797267 58118
12 875 7816 0 1777797267 61931
13 942 7813 0 1777797267 61936
9 866 17374 0 1777797267 71474
10 852 17375 0 1777797267 71483
8 929 22789 0 1777797267 76875
11 862 18762 0 1777797267 76882
8 930 4027 0 1777797267 80910
9 867 16762 0 1777797267 88246
11 863 11375 0 1777797267 88265
12 876 26336 0 1777797267 88272
7 853 42087 0 1777797267 91447
8 931 10610 0 1777797267 91522
13 943 29588 0 1777797267 91529
8 932 5568 0 1777797267 97113
13 944 5546 0 1777797267 97131
8 933 7486 0 1777797267 104618
9 868 16360 0 1777797267 104633
10 853 33156 0 1777797267 104647
12 877 16314 0 1777797267 104662
13 945 7518 0 1777797267 104669
11 864 20466 0 1777797267 108759
7 854 24482 0 1777797267 116012
8 934 12219 0 1777797267 116889
11 865 10911 0 1777797267 119677
7 855 8841 0 1777797267 124856
8 935 7972 0 1777797267 124865
10 854 20181 0 1777797267 124871
12 878 20173 0 1777797267 124878
13 946 20167 0 1777797267 124883
9 869 23761 0 1777797267 128444
13 947 4108 0 1777797267 129064
7 856 13828 0 1777797267 138713
10 855 13817 0 1777797267 138761
12 879 13817 0 1777797267 138768
9 870 15146 0 1777797267 143597
13 948 14547 0 1777797267 143613
7 857 9803 0 1777797267 148571
10 856 9802 0 1777797267 148578
12 880 9802 0 1777797267 148585
8 936 32083 0 1777797267 156978
9 871 13372 0 1777797267 156987
11 866 37328 0 1777797267 157010
13 949 13324 0 1777797267 157017
7 858 13191 0 1777797267 161776
13 950 6071 0 1777797267 163130
8 937 7432 0 1777797267 164450
11 867 9007 0 1777797267 166052
8 938 5794 0 1777797267 170246
7 859 10238 0 1777797267 172017
9 872 16752 0 1777797267 173783
13 951 15000 0 1777797267 178133
7 860 17014 0 1777797267 189033
8 939 18795 0 1777797267 189043
11 868 23009 0 1777797267 189063
10 857 41343 0 1777797267 189958
12 881 41693 0 1777797267 190319
9 873 21402 0 1777797267 195192
12 882 7607 0 1777797267 197928
8 940 12750 0 1777797267 201831
11 869 12743 0 1777797267 201839
12 883 7259 0 1777797267 205191
9 874 12151 0 1777797267 207345
7 861 26561 0 1777797267 215626
8 941 13802 0 1777797267 215643
12 884 10460 0 1777797267 215653
13 952 37527 0 1777797267 215661
11 870 14232 0 1777797267 216081
12 885 2711 0 1777797267 218395
9 875 11579 0 1777797267 218926
8 942 8579 0 1777797267 224256
13 953 10062 0 1777797267 225775
7 862 10497 0 1777797267 226159
10 858 36236 0 1777797267 226196
11 871 10248 0 1777797267 226332
7 863 5692 0 1777797267 231889
12 886 13512 0 1777797267 231911
9 876 19534 0 1777797267 238462
9 877 4494 0 1777797267 242962
13 954 18093 0 1777797267 243870
7 864 13780 0 1777797267 245693
11 872 23175 0 1777797267 249511
13 955 9828 0 1777797267 253700
10 859 29075 0 1777797267 255288
8 943 36141 0 1777797267 260399
9 878 17450 0 1777797267 260415
12 887 29572 0 1777797267 261508
7 865 18598 0 1777797267 264292
8 944 17686 0 1777797267 278102
7 866 24289 0 1777797267 288583
8 945 12462 0 1777797267 290569
13 956 38553 0 1777797267 292263
8 946 5384 0 1777797267 295955
7 867 7492 0 1777797267 296084
13 957 4638 0 1777797267 296906
9 879 41158 0 1777797267 301584
12 888 40080 0 1777797267 301591
7 868 6465 0 1777797267 302551
11 873 53042 0 1777797267 302559
7 869 2098 0 1777797267 304658
11 874 3652 0 1777797267 306222
11 875 805 0 1777797267 307032
7 870 3663 0 1777797267 308326
12 889 7489 0 1777797267 309090
7 871 5451 0 1777797267 313780
9 880 12195 0 1777797267 313787
11 876 6758 0 1777797267 313792
13 958 18021 0 1777797267 314932
9 881 1320 0 1777797267 315133
12 890 6381 0 1777797267 315475
8 947 21200 0 1777797267 317157
11 877 5977 0 1777797267 319801
7 872 10322 0 1777797267 324115
10 860 68855 0 1777797267 324147
11 878 10652 0 1777797267 330457
12 891 27797 0 1777797267 343273
7 873 20129 0 1777797267 344278
8 948 27124 0 1777797267 344285
9 882 29155 0 1777797267 344291
10 861 20129 0 1777797267 344298
13 959 29382 0 1777797267 344320
7 874 7964 0 1777797267 352286
10 862 12553 0 1777797267 357008
7 875 19964 0 1777797267 372254
10 863 15258 0 1777797267 372271
11 879 41819 0 1777797267 372278
13 960 27806 0 1777797267 372284
8 949 29864 0 1777797267 374202
13 961 4467 0 1777797267 376787
10 864 5030 0 1777797267 377334
9 883 35628 0 1777797267 379975
9 884 5072 0 1777797267 385050
12 892 43279 0 1777797267 386553
11 880 15451 0 1777797267 387764
10 865 10569 0 1777797267 387904
9 885 4557 0 1777797267 389610
7 876 21929 0 1777797267 394213
8 950 20017 0 1777797267 394221
12 893 7677 0 1777797267 394233
13 962 18997 0 1777797267 395786
7 877 3686 0 1777797267 397920
11 881 10480 0 1777797267 398246
7 878 11790 0 1777797267 409712
10 866 21839 0 1777797267 409744
11 882 11502 0 1777797267 409751
13 963 13967 0 1777797267 409759
9 886 21008 0 1777797267 410623
8 951 18807 0 1777797267 413072
12 894 18782 0 1777797267 413079
11 883 4833 0 1777797267 414611
7 879 10185 0 1777797267 419944
11 884 18170 0 1777797267 432783
10 867 26169 0 1777797267 435939
12 895 25597 0 1777797267 438686
8 952 27926 0 1777797267 441006
11 885 10705 0 1777797267 443490
13 964 36465 0 1777797267 446265
11 886 6167 0 1777797267 449659
9 887 78413 0 1777797267 489038
10 868 53104 0 1777797267 489044
12 896 53909 0 1777797267 492598
8 953 52395 0 1777797267 493402
7 880 83677 0 1777797267 503623
9 888 15822 0 1777797267 504918
7 881 3522 0 1777797267 507147
9 889 5165 0 1777797267 510084
13 965 66727 0 1777797267 512993
7 882 10265 0 1777797267 517413
13 966 4441 0 1777797267 517435
10 869 44542 0 1777797267 533644
11 887 83986 0 1777797267 533648
12 897 41086 0 1777797267 533685
8 954 43689 0 1777797267 537092
13 967 20536 0 1777797267 537996
13 968 6374 0 1777797267 544377
7 883 27776 0 1777797267 545212
12 898 14984 0 1777797267 548680
7 884 10629 0 1777797267 555842
8 955 18760 0 1777797267 555853
12 899 7180 0 1777797267 555861
13 969 11491 0 1777797267 555869
8 956 2897 0 1777797267 558777
8 957 1450 0 1777797267 560229
7 885 4595 0 1777797267 560465
8 958 1422 0 1777797267 561654
8 959 978 0 1777797267 562633
7 886 4939 0 1777797267 565406
12 900 9506 0 1777797267 565409
8 960 4543 0 1777797267 567178
8 961 2252 0 1777797267 569433
8 962 2414 0 1777797267 571848
9 890 64002 0 1777797267 574087
10 870 43655 0 1777797267 577341
11 888 44438 0 1777797267 578131
8 963 6857 0 1777797267 578706
12 901 14999 0 1777797267 580415
12 902 5247 0 1777797267 585663
8 964 11151 0 1777797267 589865
9 891 16925 0 1777797267 591016
10 871 14569 0 1777797267 591913
11 889 14039 0 1777797267 592171
8 965 6523 0 1777797267 596390
10 872 4483 0 1777797267 596398
12 903 11296 0 1777797267 596962
10 873 8664 0 1777797267 605070
9 892 17258 0 1777797267 608275
11 890 16116 0 1777797267 608288
10 874 18261 0 1777797267 623334
9 893 15592 0 1777797267 623881
8 966 34572 0 1777797267 630971
11 891 24343 0 1777797267 632649
11 892 3632 0 1777797267 636283
8 967 5329 0 1777797267 636301
9 894 14304 0 1777797267 638187
13 970 85808 0 1777797267 641730
10 875 23064 0 1777797267 646400
8 968 13140 0 1777797267 649441
9 895 11787 0 1777797267 649976
7 887 85146 0 1777797267 650556
13 971 9955 0 1777797267 651686
8 969 4051 0 1777797267 653493
11 893 18853 0 1777797267 655138
8 970 8659 0 1777797267 662153
11 894 7017 0 1777797267 662157
12 904 67538 0 1777797267 664503
9 896 17491 0 1777797267 667468
8 971 8294 0 1777797267 670452
12 905 6156 0 1777797267 670660
11 895 10157 0 1777797267 672321
12 906 1967 0 1777797267 672628
11 896 1058 0 1777797267 673381
12 907 920 0 1777797267 673550
12 908 1338 0 1777797267 674890
9 897 10085 0 1777797267 677554
12 909 2673 0 1777797267 677565
10 876 35383 0 1777797267 681784
8 972 11349 0 1777797267 681803
13 972 30121 0 1777797267 681808
12 910 4548 0 1777797267 682124
8 973 1562 0 1777797267 683371
12 911 7648 0 1777797267 689773
9 898 13748 0 1777797267 691315
12 912 1562 0 1777797267 691337
12 913 2846 0 1777797267 694185
13 973 15624 0 1777797267 697441
8 974 14658 0 1777797267 698033
12 914 4470 0 1777797267 698657
9 899 8403 0 1777797267 699721
7 888 53319 0 1777797267 703876
11 897 30515 0 1777797267 703899
12 915 10267 0 1777797267 708928
8 975 12913 0 1777797267 710950
9 900 12456 0 1777797267 712179
8 976 5253 0 1777797267 716204
12 916 7278 0 1777797267 716208
10 877 34685 0 1777797267 716472
7 889 15791 0 1777797267 719672
9 901 8314 0 1777797267 720494
8 977 8585 0 1777797267 724794
12 917 9621 0 1777797267 725835
9 902 6876 0 1777797267 727372
7 890 15504 0 1777797267 735176
8 978 10386 0 1777797267 735182
9 903 7812 0 1777797267 735185
10 878 18717 0 1777797267 735190
11 898 31294 0 1777797267 735193
12 918 9361 0 1777797267 735197
13 974 44562 0 1777797267 742005
7 891 17316 0 1777797267 752514
11 899 23494 0 1777797267 758708
7 892 10517 0 1777797267 763034
13 975 23329 0 1777797267 765335
8 979 33863 0 1777797267 769065
7 893 14582 0 1777797267 777620
8 980 8564 0 1777797267 777634
9 904 42435 0 1777797267 777642
12 919 42432 0 1777797267 777650
10 879 43492 0 1777797267 778703
13 976 13372 0 1777797267 778709
11 900 24920 0 1777797267 783631
7 894 13742 0 1777797267 791392
8 981 13772 0 1777797267 791435
9 905 13772 0 1777797267 791441
10 880 12738 0 1777797267 791448
12 920 13779 0 1777797267 791455
13 977 12728 0 1777797267 791458
11 901 10143 0 1777797267 793776
7 895 8113 0 1777797267 799572
8 982 8128 0 1777797267 799595
13 978 8794 0 1777797267 800285
9 906 11195 0 1777797267 802669
10 881 11195 0 1777797267 802676
12 921 11196 0 1777797267 802680
8 983 6922 0 1777797267 806528
11 902 12706 0 1777797267 806536
7 896 15014 0 1777797267 814610
10 882 11960 0 1777797267 814647
9 907 11983 0 1777797267 814664
12 922 12624 0 1777797267 815317
13 979 17000 0 1777797267 817286
8 984 15082 0 1777797267 821620
7 897 7396 0 1777797267 822010
9 908 7351 0 1777797267 822015
10 883 7373 0 1777797267 822021
11 903 15465 0 1777797267 822026
13 980 5704 0 1777797267 822994
12 923 10176 0 1777797267 825495
8 985 6497 0 1777797267 828118
9 909 6192 0 1777797267 828226
7 898 6583 0 1777797267 828610
12 924 6772 0 1777797267 832269
7 899 7127 0 1777797267 835739
11 904 13719 0 1777797267 835767
13 981 12815 0 1777797267 835811
8 986 12444 0 1777797267 840564
9 910 12345 0 1777797267 840573
10 884 18539 0 1777797267 840580
7 900 7938 0 1777797267 843750
11 905 7825 0 1777797267 843753
12 925 11487 0 1777797267 843757
13 982 7764 0 1777797267 843761
10 885 5990 0 1777797267 846586
8 987 6767 0 1777797267 847348
9 911 7436 0 1777797267 848025
7 901 11011 0 1777797267 854773
8 988 7430 0 1777797267 854781
9 912 6760 0 1777797267 854788
12 926 11026 0 1777797267 854796
11 906 13747 0 1777797267 857513
13 983 17141 0 1777797267 860917
7 902 6984 0 1777797267 861781
8 989 6982 0 1777797267 861793
9 913 6978 0 1777797267 861799
10 886 15216 0 1777797267 861805
7 903 3107 0 1777797267 864914
8 990 3078 0 1777797267 864921
11 907 7406 0 1777797267 864927
12 927 10104 0 1777797267 864934
10 887 7918 0 1777797267 869781
7 904 6964 0 1777797267 871899
9 914 10060 0 1777797267 871915
12 928 6962 0 1777797267 871923
13 984 12713 0 1777797267 873632
8 991 9996 0 1777797267 874940
10 888 5176 0 1777797267 874966
11 908 10033 0 1777797267 874987
7 905 4208 0 1777797267 876132
12 929 4181 0 1777797267 876142
9 915 5146 0 1777797267 877090
10 889 3579 0 1777797267 878606
8 992 5770 0 1777797267 880759
7 906 5468 0 1777797267 881612
10 890 3559 0 1777797267 882167
13 985 8545 0 1777797267 882183
11 909 7889 0 1777797267 882928
8 993 6878 0 1777797267 887640
9 916 10555 0 1777797267 887646
12 930 11507 0 1777797267 887660
10 891 5926 0 1777797267 888110
7 907 7328 0 1777797267 888941
11 910 8465 0 1777797267 891395
8 994 4591 0 1777797267 892253
12 931 4500 0 1777797267 892260
7 908 5143 0 1777797267 894086
10 892 6312 0 1777797267 894424
8 995 5210 0 1777797267 897472
9 917 9805 0 1777797267 897476
10 893 3054 0 1777797267 897480
7 909 3613 0 1777797267 897701
8 996 2188 0 1777797267 899669
12 932 12016 0 1777797267 904309
10 894 7099 0 1777797267 904590
7 910 8716 0 1777797267 906418
11 911 20242 0 1777797267 911643
12 933 7349 0 1777797267 911663
8 997 12316 0 1777797267 911987
13 986 29798 0 1777797267 911991
8 998 7113 0 1777797267 919105
12 934 7437 0 1777797267 919108
7 911 13950 0 1777797267 920374
11 912 8717 0 1777797267 920381
13 987 9213 0 1777797267 921210
9 918 24302 0 1777797267 921788
10 895 17473 0 1777797267 922065
7 912 8734 0 1777797267 929116
9 919 7334 0 1777797267 929125
10 896 7065 0 1777797267 929132
8 999 10977 0 1777797267 930086
12 935 10979 0 1777797267 930093
8 1000 2969 0 1777797267 933063
9 920 3924 0 1777797267 933075
10 897 3921 0 1777797267 933081
7 913 4629 0 1777797267 933763
11 913 16563 0 1777797267 936954
10 898 6209 0 1777797267 939307
9 921 6959 0 1777797267 940052
7 914 7809 0 1777797267 941575
9 922 3378 0 1777797267 943431
10 899 6842 0 1777797267 946151
10 900 2140 0 1777797267 948294
12 936 19883 0 1777797267 949987
8 1001 22397 0 1777797267 955478
10 901 7191 0 1777797267 955487
12 937 6677 0 1777797267 956668
9 923 13915 0 1777797267 957348
7 915 16722 0 1777797267 958299
10 902 8161 0 1777797267 963661
8 1002 9885 0 1777797267 965373
10 903 4803 0 1777797267 968467
8 1003 9694 0 1777797267 975069
11 914 38125 0 1777797267 975080
9 924 22191 0 1777797267 979544
13 988 58351 0 1777797267 979562
12 938 23791 0 1777797267 980460
7 916 27909 0 1777797267 986213
11 915 11145 0 1777797267 986236
9 925 7413 0 1777797267 986977
8 1004 13205 0 1777797267 988286
10 904 20112 0 1777797267 988582
13 989 9176 0 1777797267 988750
11 916 3992 0 1777797267 990318
11 917 909 0 1777797267 991229
10 905 2837 0 1777797267 991420
7 917 8807 0 1777797267 995121
9 926 8151 0 1777797267 995134
10 906 3718 0 1777797267 995140
11 918 3915 0 1777797267 995146
8 1005 9718 0 1777797267 998008
13 990 9271 0 1777797267 998023
8 1006 3506 0 1777797268 1530
12 939 21260 0 1777797268 1722
13 991 4765 0 1777797268 2800
12 940 5930 0 1777797268 7653
8 1007 12386 0 1777797268 13918
9 927 18766 0 1777797268 13925
13 992 11128 0 1777797268 13933
7 918 20041 0 1777797268 15188
10 907 20027 0 1777797268 15200
12 941 7563 0 1777797268 15218
11 919 20375 0 1777797268 15556
8 1008 1835 0 1777797268 15768
8 1009 4930 0 1777797268 20699
11 920 5150 0 1777797268 20707
12 942 5514 0 1777797268 20762
9 928 7731 0 1777797268 21675
11 921 3326 0 1777797268 24044
9 929 3151 0 1777797268 24829
8 1010 4308 0 1777797268 25016
11 922 1516 0 1777797268 25561
12 943 7947 0 1777797268 28711
11 923 3265 0 1777797268 28831
8 1011 4153 0 1777797268 29174
11 924 2071 0 1777797268 30903
9 930 6952 0 1777797268 31784
10 908 22343 0 1777797268 37575
8 1012 8449 0 1777797268 37625
11 925 6831 0 1777797268 37754
13 993 23811 0 1777797268 37761
12 944 9482 0 1777797268 38196
8 1013 1709 0 1777797268 39437
9 931 8329 0 1777797268 40118
12 945 2330 0 1777797268 40528
8 1014 2113 0 1777797268 41552
12 946 1482 0 1777797268 42012
9 932 3628 0 1777797268 43751
12 947 5381 0 1777797268 47394
13 994 11028 0 1777797268 48800
12 948 1751 0 1777797268 49147
8 1015 10272 0 1777797268 51827
12 949 2685 0 1777797268 51834
13 995 3033 0 1777797268 51840
10 909 15614 0 1777797268 53197
11 926 15895 0 1777797268 53657
9 933 13394 0 1777797268 57149
11 927 6669 0 1777797268 60329
12 950 8486 0 1777797268 60337
13 996 8495 0 1777797268 60353
8 1016 8735 0 1777797268 60576
9 934 4531 0 1777797268 61684
7 919 49262 0 1777797268 64482
10 910 11308 0 1777797268 64507
8 1017 9892 0 1777797268 70469
12 951 10106 0 1777797268 70482
11 928 10169 0 1777797268 70523
9 935 11235 0 1777797268 72921
11 929 7334 0 1777797268 77858
7 920 14935 0 1777797268 79443
10 911 14939 0 1777797268 79459
12 952 8966 0 1777797268 79466
13 997 19171 0 1777797268 79555
8 1018 9882 0 1777797268 80366
8 1019 930 0 1777797268 81297
13 998 2852 0 1777797268 82409
11 930 4695 0 1777797268 82554
8 1020 2385 0 1777797268 83685
12 953 4718 0 1777797268 84254
11 931 1894 0 1777797268 84450
10 912 5439 0 1777797268 84965
9 936 12562 0 1777797268 85491
13 999 5557 0 1777797268 87968
11 932 5729 0 1777797268 90180
8 1021 6768 0 1777797268 90455
13 1000 2646 0 1777797268 90616
12 954 7269 0 1777797268 91525
10 913 8599 0 1777797268 93567
9 937 9464 0 1777797268 94959
11 933 4796 0 1777797268 94979
8 1022 4844 0 1777797268 95301
12 955 4858 0 1777797268 96385
13 1001 6431 0 1777797268 97048
10 914 3536 0 1777797268 97104
11 934 3064 0 1777797268 98060
10 915 1495 0 1777797268 98601
12 956 2222 0 1777797268 98609
11 935 1672 0 1777797268 99734
11 936 629 0 1777797268 100365
10 916 3190 0 1777797268 101800
10 917 2231 0 1777797268 104034
11 937 3853 0 1777797268 104220
11 938 1460 0 1777797268 105683
10 918 9037 0 1777797268 113074
11 939 7403 0 1777797268 113087
13 1002 17150 0 1777797268 114200
9 938 19321 0 1777797268 114302
8 1023 19130 0 1777797268 114433
12 957 16220 0 1777797268 114840
11 940 2156 0 1777797268 115303
10 919 2821 0 1777797268 115910
7 921 37240 0 1777797268 116707
11 941 2203 0 1777797268 117509
10 920 3024 0 1777797268 118937
8 1024 5038 0 1777797268 119473
11 942 2546 0 1777797268 120057
10 921 1933 0 1777797268 120872
11 943 1022 0 1777797268 121081
9 939 9665 0 1777797268 123968
12 958 9636 0 1777797268 124478
10 922 4003 0 1777797268 124877
12 959 972 0 1777797268 125451
9 940 2655 0 1777797268 126625
11 944 5729 0 1777797268 126813
10 923 2944 0 1777797268 127824
11 945 1952 0 1777797268 128766
10 924 1245 0 1777797268 129070
11 946 3802 0 1777797268 132569
10 925 5742 0 1777797268 134814
11 947 4042 0 1777797268 136616
11 948 2004 0 1777797268 138622
9 941 12501 0 1777797268 139128
9 942 6115 0 1777797268 145245
7 922 29193 0 1777797268 145904
7 923 4383 0 1777797268 150289
11 949 11675 0 1777797268 150307
12 960 24860 0 1777797268 150313
10 926 16184 0 1777797268 151077
9 943 7596 0 1777797268 152845
10 927 3158 0 1777797268 154237
12 961 5748 0 1777797268 156094
9 944 3579 0 1777797268 156433
11 950 6387 0 1777797268 156723
10 928 3832 0 1777797268 158072
8 1025 39155 0 1777797268 158631
12 962 2766 0 1777797268 158863
7 924 8854 0 1777797268 159168
10 929 4499 0 1777797268 162572
12 963 3725 0 1777797268 162589
11 951 6737 0 1777797268 163461
8 1026 7803 0 1777797268 166439
9 945 10331 0 1777797268 166765
12 964 4179 0 1777797268 166785
7 925 9548 0 1777797268 168718
11 952 5263 0 1777797268 168726
8 1027 12432 0 1777797268 178874
10 930 16296 0 1777797268 178886
12 965 12061 0 1777797268 178892
13 1003 64697 0 1777797268 178899
7 926 14666 0 1777797268 183394
9 946 16619 0 1777797268 183405
11 953 14673 0 1777797268 183413
8 1028 9402 0 1777797268 188302
10 931 9381 0 1777797268 188308
12 966 9330 0 1777797268 188312
13 1004 9325 0 1777797268 188316
10 932 4033 0 1777797268 192358
12 967 5809 0 1777797268 194137
11 954 13208 0 1777797268 196657
13 1005 8332 0 1777797268 196665
10 933 9503 0 1777797268 201864
13 1006 5707 0 1777797268 202386
11 955 6884 0 1777797268 203551
12 968 9442 0 1777797268 203581
8 1029 23709 0 1777797268 212025
10 934 10165 0 1777797268 212030
11 956 8451 0 1777797268 212033
12 969 8434 0 1777797268 212037
13 1007 9650 0 1777797268 212041
7 927 29959 0 1777797268 213373
9 947 29945 0 1777797268 213381
10 935 5399 0 1777797268 217448
13 1008 5389 0 1777797268 217455
7 928 5062 0 1777797268 218443
11 957 6426 0 1777797268 218480
12 970 9452 0 1777797268 221511
13 1009 4082 0 1777797268 221547
7 929 8712 0 1777797268 227162
10 936 9724 0 1777797268 227180
11 958 8706 0 1777797268 227187
12 971 5713 0 1777797268 227232
13 1010 7906 0 1777797268 229454
8 1030 19106 0 1777797268 231148
9 948 17782 0 1777797268 231174
12 972 4826 0 1777797268 232159
7 930 5774 0 1777797268 232963
10 937 5768 0 1777797268 232973
11 959 8603 0 1777797268 235818
13 1011 6379 0 1777797268 235836
10 938 7563 0 1777797268 240549
13 1012 6520 0 1777797268 242382
10 939 4232 0 1777797268 244783
7 931 12092 0 1777797268 245067
11 960 10581 0 1777797268 246418
8 1031 15274 0 1777797268 246449
10 940 3483 0 1777797268 248269
8 1032 8166 0 1777797268 254616
9 949 23439 0 1777797268 254624
11 961 8211 0 1777797268 254635
9 950 1873 0 1777797268 256519
8 1033 8688 0 1777797268 263324
9 951 6822 0 1777797268 263343
10 941 15080 0 1777797268 263351
11 962 8700 0 1777797268 263357
12 973 31204 0 1777797268 263365
13 1013 21831 0 1777797268 264215
8 1034 10448 0 1777797268 273814
9 952 10442 0 1777797268 273822
10 942 10437 0 1777797268 273826
13 1014 9613 0 1777797268 273829
7 932 34270 0 1777797268 279339
11 963 15950 0 1777797268 279347
12 974 15949 0 1777797268 279354
8 1035 17840 0 1777797268 291669
7 933 19436 0 1777797268 298791
8 1036 7131 0 1777797268 298802
9 953 24975 0 1777797268 298810
10 943 24978 0 1777797268 298818
11 964 19393 0 1777797268 298826
12 975 19391 0 1777797268 298834
13 1015 24999 0 1777797268 298843
8 1037 16822 0 1777797268 315678
9 954 16817 0 1777797268 315683
10 944 16814 0 1777797268 315687
11 965 16809 0 1777797268 315691
12 976 16805 0 1777797268 315696
13 1016 16800 0 1777797268 315701
7 934 19203 0 1777797268 318047
7 935 5373 0 1777797268 323422
10 945 7717 0 1777797268 323430
11 966 7718 0 1777797268 323438
13 1017 7713 0 1777797268 323444
12 977 9105 0 1777797268 324830
7 936 6973 0 1777797268 330418
9 955 14726 0 1777797268 330433
10 946 6978 0 1777797268 330441
11 967 6963 0 1777797268 330447
13 1018 6963 0 1777797268 330454
7 937 8021 0 1777797268 338476
11 968 7963 0 1777797268 338489
8 1038 22850 0 1777797268 338551
9 956 8878 0 1777797268 339379
8 1039 6149 0 1777797268 344701
11 969 6210 0 1777797268 344716
7 938 9289 0 1777797268 347779
8 1040 4972 0 1777797268 349690
11 970 5015 0 1777797268 349754
7 939 9263 0 1777797268 357047
11 971 7298 0 1777797268 357064
8 1041 9372 0 1777797268 359128
9 957 23020 0 1777797268 362405
13 1019 31881 0 1777797268 362415
7 940 9090 0 1777797268 366139
7 941 5016 0 1777797268 371158
11 972 14101 0 1777797268 371166
13 1020 8746 0 1777797268 371172
9 958 9877 0 1777797268 372293
7 942 5524 0 1777797268 376697
8 1042 17573 0 1777797268 376704
11 973 10670 0 1777797268 381915
9 959 12520 0 1777797268 384819
7 943 10087 0 1777797268 386793
13 1021 15621 0 1777797268 386879
12 978 64118 0 1777797268 388949
7 944 3085 0 1777797268 389966
13 1022 4253 0 1777797268 391285
7 945 3144 0 1777797268 393113
11 974 11204 0 1777797268 393122
8 1043 19732 0 1777797268 396457
12 979 12439 0 1777797268 401390
13 1023 10106 0 1777797268 401394
11 975 9847 0 1777797268 402979
7 946 10135 0 1777797268 403258
9 960 22300 0 1777797268 407127
11 976 4761 0 1777797268 407741
12 980 6354 0 1777797268 407749
13 1024 11201 0 1777797268 412602
7 947 9608 0 1777797268 412867
8 1044 17256 0 1777797268 413715
7 948 8337 0 1777797268 421206
11 977 13470 0 1777797268 421220
12 981 13467 0 1777797268 421227
13 1025 8623 0 1777797268 421234
8 1045 8311 0 1777797268 422028
9 961 14908 0 1777797268 422036
10 947 91881 0 1777797268 422393
7 949 4348 0 1777797268 425583
12 982 4342 0 1777797268 425593
9 962 8096 0 1777797268 430151
10 948 7762 0 1777797268 430158
11 978 14978 0 1777797268 436222
13 1026 14704 0 1777797268 436248
8 1046 14318 0 1777797268 436356
7 950 12021 0 1777797268 437614
10 949 7453 0 1777797268 437621
12 983 12039 0 1777797268 437642
9 963 9551 0 1777797268 439709
13 1027 4816 0 1777797268 441129
8 1047 6396 0 1777797268 442754
11 979 6508 0 1777797268 442758
7 951 27406 0 1777797268 465049
8 1048 22299 0 1777797268 465058
9 964 25353 0 1777797268 465065
10 950 27418 0 1777797268 465070
11 980 22314 0 1777797268 465077
12 984 27413 0 1777797268 465083
13 1028 23957 0 1777797268 465089
8 1049 38033 0 1777797268 503133
11 981 37990 0 1777797268 503139
10 951 41320 0 1777797268 506464
13 1029 41312 0 1777797268 506473
9 965 41358 0 1777797268 506492
12 985 54175 0 1777797268 519330
13 1030 22734 0 1777797268 529215
10 952 26582 0 1777797268 533057
8 1050 41412 0 1777797268 544552
12 986 25227 0 1777797268 544558
7 952 90951 0 1777797268 556040
9 966 49572 0 1777797268 556064
13 1031 26857 0 1777797268 556075
11 982 55119 0 1777797268 558270
9 967 35091 0 1777797268 591209
12 987 46652 0 1777797268 591216
13 1032 35102 0 1777797268 591227
8 1051 47601 0 1777797268 592159
10 953 59129 0 1777797268 592191
11 983 35077 0 1777797268 593350
9 968 20282 0 1777797268 611510
10 954 19319 0 1777797268 611520
12 988 20300 0 1777797268 611537
7 953 59422 0 1777797268 615498
8 1052 23323 0 1777797268 615515
13 1033 24278 0 1777797268 615523
7 954 21675 0 1777797268 637199
8 1053 21672 0 1777797268 637206
9 969 25675 0 1777797268 637213
10 955 25649 0 1777797268 637220
11 984 43874 0 1777797268 637226
12 989 25651 0 1777797268 637232
13 1034 27119 0 1777797268 642662
7 955 44751 0 1777797268 681983
8 1054 44753 0 1777797268 681995
9 970 44849 0 1777797268 682099
11 985 58675 0 1777797268 695938
12 990 58677 0 1777797268 695946
8 1055 23004 0 1777797268 705016
12 991 16418 0 1777797268 712375
11 986 17073 0 1777797268 713020
12 992 5282 0 1777797268 717660
7 956 38310 0 1777797268 720307
8 1056 15310 0 1777797268 720328
13 1035 79947 0 1777797268 722615
9 971 44984 0 1777797268 727084
10 956 89839 0 1777797268 727095
9 972 6720 0 1777797268 733816
10 957 6716 0 1777797268 733824
11 987 21002 0 1777797268 734025
7 957 14779 0 1777797268 735109
9 973 2956 0 1777797268 736782
11 988 3129 0 1777797268 737156
7 958 3664 0 1777797268 738775
9 974 4585 0 1777797268 741373
7 959 3866 0 1777797268 742645
9 975 2320 0 1777797268 743696
13 1036 21109 0 1777797268 743729
11 989 6588 0 1777797268 743746
10 958 14523 0 1777797268 748356
12 993 31723 0 1777797268 749385
8 1057 32838 0 1777797268 753193
9 976 9500 0 1777797268 753202
11 990 13641 0 1777797268 757388
7 960 22238 0 1777797268 764885
11 991 15014 0 1777797268 772404
9 977 23755 0 1777797268 776968
12 994 29943 0 1777797268 779330
13 1037 35619 0 1777797268 779350
8 1058 27032 0 1777797268 780235
7 961 16161 0 1777797268 781378
10 959 35932 0 1777797268 784290
7 962 15627 0 1777797268 797010
9 978 20063 0 1777797268 797033
12 995 17689 0 1777797268 797041
13 1038 17671 0 1777797268 797048
7 963 6175 0 1777797268 803224
9 979 7088 0 1777797268 804156
10 960 20016 0 1777797268 804307
12 996 9610 0 1777797268 806687
7 964 25605 0 1777797268 828831
8 1059 48600 0 1777797268 828838
9 980 24686 0 1777797268 828844
10 961 24545 0 1777797268 828853
13 1039 31772 0 1777797268 828862
12 997 22220 0 1777797268 828913
11 992 57652 0 1777797268 830058
10 962 4451 0 1777797268 833342
9 981 7359 0 1777797268 836239
7 965 8431 0 1777797268 837294
12 998 13602 0 1777797268 842516
8 1060 14147 0 1777797268 843019
11 993 17712 0 1777797268 847771
8 1061 4776 0 1777797268 847799
7 966 12334 0 1777797268 849636
9 982 13408 0 1777797268 849649
10 963 18237 0 1777797268 851580
8 1062 7006 0 1777797268 854807
11 994 7168 0 1777797268 854944
7 967 10828 0 1777797268 860478
9 983 10815 0 1777797268 860490
8 1063 5789 0 1777797268 860597
10 964 12822 0 1777797268 864420
8 1064 4322 0 1777797268 864921
11 995 10781 0 1777797268 865727
7 968 7456 0 1777797268 867948
9 984 7386 0 1777797268 867958
9 985 4860 0 1777797268 872831
7 969 5396 0 1777797268 873356
8 1065 11458 0 1777797268 876381
9 986 5401 0 1777797268 878235
7 970 5454 0 1777797268 878811
8 1066 6381 0 1777797268 882766
9 987 5123 0 1777797268 883361
7 971 5970 0 1777797268 884782
8 1067 3019 0 1777797268 885788
9 988 7073 0 1777797268 890435
7 972 6251 0 1777797268 891036
9 989 4422 0 1777797268 894861
7 973 4678 0 1777797268 895717
7 974 11164 0 1777797268 906884
8 1068 21106 0 1777797268 906899
9 990 12039 0 1777797268 906905
10 965 43581 0 1777797268 908004
12 999 65493 0 1777797268 908011
13 1040 79115 0 1777797268 908015
8 1069 5536 0 1777797268 912460
7 975 9847 0 1777797268 916755
9 991 9836 0 1777797268 916768
10 966 8759 0 1777797268 916775
12 1000 8768 0 1777797268 916793
7 976 4979 0 1777797268 921775
8 1070 9322 0 1777797268 921784
9 992 4892 0 1777797268 921788
10 967 4888 0 1777797268 921792
11 996 56067 0 1777797268 921796
12 1001 4873 0 1777797268 921800
13 1041 13774 0 1777797268 921804
7 977 9222 0 1777797268 931026
8 1071 9221 0 1777797268 931035
9 993 9221 0 1777797268 931041
10 968 9222 0 1777797268 931047
12 1002 9216 0 1777797268 931053
13 1042 9674 0 1777797268 931517
11 997 10186 0 1777797268 932019
7 978 17751 0 1777797268 948805
8 1072 17759 0 1777797268 948821
9 994 17758 0 1777797268 948827
10 969 17744 0 1777797268 948831
11 998 16814 0 1777797268 948836
12 1003 17746 0 1777797268 948840
13 1043 17324 0 1777797268 948844
7 979 17246 0 1777797268 966090
8 1073 17248 0 1777797268 966101
9 995 17248 0 1777797268 966105
10 970 17247 0 1777797268 966108
11 999 17246 0 1777797268 966111
12 1004 29789 0 1777797268 978658
13 1044 29790 0 1777797268 978662
9 996 25582 0 1777797268 991713
11 1000 25592 0 1777797268 991730
7 980 29643 0 1777797268 995756
10 971 29631 0 1777797268 995765
8 1074 32375 0 1777797268 998499
12 1005 24958 0 1777797269 3620
13 1045 24968 0 1777797269 3637
7 981 22070 0 1777797269 17836
9 997 26111 0 1777797269 17842
10 972 22069 0 1777797269 17846
11 1001 26093 0 1777797269 17850
8 1075 23135 0 1777797269 21637
12 1006 62530 0 1777797269 66168
13 1046 62472 0 1777797269 66196
7 982 51968 0 1777797269 69819
10 973 51964 0 1777797269 69826
11 1002 52008 0 1777797269 69874
12 1007 7241 0 1777797269 73439
12 1008 6027 0 1777797269 79468
8 1076 60214 0 1777797269 81858
9 998 64014 0 1777797269 81872
10 974 11973 0 1777797269 81879
11 1003 11964 0 1777797269 81887
13 1047 15674 0 1777797269 81894
7 983 14283 0 1777797269 84160
8 1077 10819 0 1777797269 92714
10 975 10810 0 1777797269 92723
13 1048 11197 0 1777797269 93123
9 999 14507 0 1777797269 96413
11 1004 14501 0 1777797269 96421
12 1009 28685 0 1777797269 108156
8 1078 28373 0 1777797269 121498
13 1049 157803 0 1777797269 250945
11 1005 156313 0 1777797269 252739
7 984 177736 0 1777797269 261904
10 976 170527 0 1777797269 263664
10 977 9770 0 1777797269 273441
11 1006 20712 0 1777797269 273452
12 1010 169399 0 1777797269 277562
13 1050 24843 0 1777797269 277568
7 985 51763 0 1777797269 313668
8 1079 192174 0 1777797269 313679
9 1000 217267 0 1777797269 313688
13 1051 39700 0 1777797269 317276
7 986 6244 0 1777797269 319934
9 1001 6206 0 1777797269 319973
8 1080 8198 0 1777797269 321915
7 987 49984 0 1777797269 369926
8 1081 48057 0 1777797269 369974
9 1002 50007 0 1777797269 369982
10 978 96533 0 1777797269 369986
11 1007 96520 0 1777797269 369989
13 1052 52716 0 1777797269 369993
12 1011 95304 0 1777797269 372873
7 988 10678 0 1777797269 380672
8 1082 11991 0 1777797269 381993
9 1003 15663 0 1777797269 385668
13 1053 16502 0 1777797269 386779
10 979 27438 0 1777797269 397544
9 1004 24940 0 1777797269 410612
7 989 38575 0 1777797269 419256
13 1054 32492 0 1777797269 419274
8 1083 38382 0 1777797269 420382
12 1012 65906 0 1777797269 438785
11 1008 70160 0 1777797269 440433
10 980 58590 0 1777797269 456137
12 1013 18572 0 1777797269 457358
13 1055 41446 0 1777797269 460768
11 1009 47944 0 1777797269 488380
8 1084 72427 0 1777797269 492811
7 990 77342 0 1777797269 496617
9 1005 92241 0 1777797269 502856
7 991 11044 0 1777797269 507666
12 1014 50317 0 1777797269 507676
8 1085 21673 0 1777797269 514488
9 1006 11623 0 1777797269 514492
11 1010 26112 0 1777797269 514496
10 981 76033 0 1777797269 532175
7 992 24521 0 1777797269 532198
12 1015 24529 0 1777797269 532215
13 1056 71663 0 1777797269 532441
9 1007 27831 0 1777797269 542333
7 993 27994 0 1777797269 560193
8 1086 45701 0 1777797269 560198
9 1008 17868 0 1777797269 560202
11 1011 45699 0 1777797269 560206
12 1016 27994 0 1777797269 560210
13 1057 27772 0 1777797269 560214
10 982 30617 0 1777797269 562794
7 994 14177 0 1777797269 574391
11 1012 14166 0 1777797269 574396
9 1009 14393 0 1777797269 574619
8 1087 17809 0 1777797269 578030
13 1058 17791 0 1777797269 578035
7 995 6099 0 1777797269 580495
10 983 17705 0 1777797269 580504
12 1017 20274 0 1777797269 580510
9 1010 10889 0 1777797269 585508
11 1013 11111 0 1777797269 585513
13 1059 7475 0 1777797269 585518
8 1088 13733 0 1777797269 591769
7 996 16730 0 1777797269 597241
12 1018 16726 0 1777797269 597253
10 984 18904 0 1777797269 599423
7 997 6349 0 1777797269 603603
8 1089 11868 0 1777797269 603638
9 1011 18238 0 1777797269 603756
11 1014 18241 0 1777797269 603765
13 1060 18242 0 1777797269 603771
10 985 8111 0 1777797269 607537
12 1019 10277 0 1777797269 607545
7 998 4706 0 1777797269 608478
11 1015 4689 0 1777797269 608486
9 1012 5175 0 1777797269 608965
8 1090 5246 0 1777797269 609029
13 1061 9310 0 1777797269 613125
9 1013 7336 0 1777797269 616303
10 986 8770 0 1777797269 616317
8 1091 7332 0 1777797269 616362
11 1016 7873 0 1777797269 616370
12 1020 9206 0 1777797269 616803
13 1062 8298 0 1777797269 621428
7 999 13729 0 1777797269 622217
10 987 5889 0 1777797269 622225
8 1092 7427 0 1777797269 623798
9 1014 7489 0 1777797269 623808
11 1017 8630 0 1777797269 625011
7 1000 9783 0 1777797269 632010
8 1093 8254 0 1777797269 632064
9 1015 8246 0 1777797269 632072
10 988 9811 0 1777797269 632079
12 1021 15282 0 1777797269 632087
13 1063 10664 0 1777797269 632094
11 1018 9213 0 1777797269 634225
9 1016 6638 0 1777797269 638765
10 989 6616 0 1777797269 638782
8 1094 7082 0 1777797269 639201
7 1001 7365 0 1777797269 639460
12 1022 7293 0 1777797269 639470
13 1064 12486 0 1777797269 644670
10 990 8300 0 1777797269 647108
8 1095 9921 0 1777797269 649128
9 1017 10354 0 1777797269 649137
11 1019 15083 0 1777797269 649310
12 1023 11224 0 1777797269 650709
13 1065 6352 0 1777797269 651024
7 1002 15580 0 1777797269 655050
9 1018 5917 0 1777797269 655067
10 991 7977 0 1777797269 655088
12 1024 5157 0 1777797269 655869
11 1020 8603 0 1777797269 657913
8 1096 9436 0 1777797269 658574
13 1066 7568 0 1777797269 658596
9 1019 4820 0 1777797269 659965
11 1021 2961 0 1777797269 660876
7 1003 6393 0 1777797269 661482
10 992 6304 0 1777797269 661495
8 1097 4834 0 1777797269 663431
9 1020 11212 0 1777797269 671180
10 993 10210 0 1777797269 671782
11 1022 10916 0 1777797269 671793
7 1004 10294 0 1777797269 671848
12 1025 15981 0 1777797269 671855
7 1005 3488 0 1777797269 675344
8 1098 11923 0 1777797269 675357
11 1023 3959 0 1777797269 675763
13 1067 17504 0 1777797269 676112
10 994 5992 0 1777797269 677787
13 1068 1740 0 1777797269 677856
9 1021 7741 0 1777797269 678924
8 1099 11636 0 1777797269 687005
9 1022 8084 0 1777797269 687009
7 1006 13762 0 1777797269 689120
11 1024 16393 0 1777797269 692157
10 995 15946 0 1777797269 693737
13 1069 15901 0 1777797269 693759
12 1026 24390 0 1777797269 696253
8 1100 10541 0 1777797269 697551
12 1027 2699 0 1777797269 698955
11 1025 8216 0 1777797269 700374
8 1101 4304 0 1777797269 701861
12 1028 2907 0 1777797269 701867
9 1023 17657 0 1777797269 704673
12 1029 5927 0 1777797269 707801
11 1026 9390 0 1777797269 709767
9 1024 5804 0 1777797269 710478
8 1102 19407 0 1777797269 721274
11 1027 22425 0 1777797269 732196
8 1103 21901 0 1777797269 743176
11 1028 10981 0 1777797269 743182
8 1104 16849 0 1777797269 760032
11 1029 16859 0 1777797269 760048
9 1025 62199 0 1777797269 772679
12 1030 64880 0 1777797269 772684
8 1105 36732 0 1777797269 796781
12 1031 33341 0 1777797269 806034
9 1026 43466 0 1777797269 816152
8 1106 36186 0 1777797269 832980
13 1070 139739 0 1777797269 833515
7 1007 166577 0 1777797269 855698
12 1032 82773 0 1777797269 888820
8 1107 62358 0 1777797269 895345
13 1071 63367 0 1777797269 896883
7 1008 65708 0 1777797269 921408
13 1072 24555 0 1777797269 921440
10 996 227698 0 1777797269 921458
8 1108 26464 0 1777797269 921814
9 1027 107761 0 1777797269 923919
11 1030 163849 0 1777797269 923924
12 1033 35105 0 1777797269 923928
7 1009 12780 0 1777797269 934194
10 997 15023 0 1777797269 936482
13 1073 15062 0 1777797269 936504
7 1010 13445 0 1777797269 947646
10 998 11168 0 1777797269 947655
9 1028 40157 0 1777797269 964086
11 1031 40157 0 1777797269 964091
8 1109 44280 0 1777797269 966094
12 1034 42166 0 1777797269 966103
13 1074 29608 0 1777797269 966112
7 1011 20313 0 1777797269 967971
9 1029 23290 0 1777797269 987382
10 999 38795 0 1777797269 987387
11 1032 23294 0 1777797269 987391
12 1035 21271 0 1777797269 987396
7 1012 36111 0 1777797270 4084
8 1110 38003 0 1777797270 4116
13 1075 38001 0 1777797270 4135
9 1030 34609 0 1777797270 22005
11 1033 34612 0 1777797270 22018
12 1036 35853 0 1777797270 23264
10 1000 62846 0 1777797270 50247
12 1037 50511 0 1777797270 73778
13 1076 69617 0 1777797270 73789
8 1111 77762 0 1777797270 81918
13 1077 14137 0 1777797270 87940
10 1001 56019 0 1777797270 106269
13 1078 26690 0 1777797270 114632
11 1034 105268 0 1777797270 127305
12 1038 53551 0 1777797270 127342
7 1013 135820 0 1777797270 139957
8 1112 58071 0 1777797270 139991
9 1031 117980 0 1777797270 139999
10 1002 33725 0 1777797270 140006
11 1035 12686 0 1777797270 140029
13 1079 25399 0 1777797270 140040
7 1014 12096 0 1777797270 152137
10 1003 12044 0 1777797270 152146
12 1039 24800 0 1777797270 152152
8 1113 35954 0 1777797270 176022
9 1032 35943 0 1777797270 176037
11 1036 35925 0 1777797270 176047
13 1080 35924 0 1777797270 176053
7 1015 34896 0 1777797270 187050
10 1004 34915 0 1777797270 187085
12 1040 34915 0 1777797270 187094
13 1081 29096 0 1777797270 205184
8 1114 34970 0 1777797270 211024
9 1033 34967 0 1777797270 211032
11 1037 34968 0 1777797270 211040
10 1005 42973 0 1777797270 230099
12 1041 42972 0 1777797270 230107
13 1082 36552 0 1777797270 241744
7 1016 54774 0 1777797270 241869
8 1115 30831 0 1777797270 241872
9 1034 63569 0 1777797270 274623
11 1038 63583 0 1777797270 274644
12 1042 62355 0 1777797270 297480
7 1017 211390 0 1777797270 453263
12 1043 155788 0 1777797270 453270
11 1039 178669 0 1777797270 453338
9 1035 178720 0 1777797270 453366
10 1006 223286 0 1777797270 453394
13 1083 211750 0 1777797270 453501
8 1116 213763 0 1777797270 455640
7 1018 5476 0 1777797270 458748
9 1036 7387 0 1777797270 460754
11 1040 8857 0 1777797270 462196
12 1044 25648 0 1777797270 478935
13 1084 42426 0 1777797270 495947
13 1085 9920 0 1777797270 505935
12 1045 28431 0 1777797270 507377
12 1046 1715 0 1777797270 509094
13 1086 5139 0 1777797270 511077
12 1047 2807 0 1777797270 511911
8 1117 63496 0 1777797270 519146
11 1041 68070 0 1777797270 530273
7 1019 71943 0 1777797270 530700
8 1118 11550 0 1777797270 530705
12 1048 18791 0 1777797270 530709
9 1037 70314 0 1777797270 531070
13 1087 20080 0 1777797270 531163
10 1007 77677 0 1777797270 531180
7 1020 8035 0 1777797270 538744
8 1119 18044 0 1777797270 548759
9 1038 17691 0 1777797270 548764
10 1008 17587 0 1777797270 548768
11 1042 18499 0 1777797270 548773
12 1049 18062 0 1777797270 548781
13 1088 17621 0 1777797270 548785
7 1021 30976 0 1777797270 569723
9 1039 31598 0 1777797270 580390
10 1009 31602 0 1777797270 580399
11 1043 31604 0 1777797270 580407
8 1120 33417 0 1777797270 582203
7 1022 21446 0 1777797270 591272
9 1040 10874 0 1777797270 591282
12 1050 42478 0 1777797270 591289
13 1089 42505 0 1777797270 591322
8 1121 26890 0 1777797270 609095
10 1010 27000 0 1777797270 609174
11 1044 26998 0 1777797270 609186
7 1023 25548 0 1777797270 616871
8 1122 7689 0 1777797270 616876
9 1041 25543 0 1777797270 616880
12 1051 25446 0 1777797270 616884
13 1090 25025 0 1777797270 616889
11 1045 8725 0 1777797270 617941
10 1011 20762 0 1777797270 629970
8 1123 14420 0 1777797270 631315
12 1052 14416 0 1777797270 631321
7 1024 19101 0 1777797270 635991
9 1042 19110 0 1777797270 636010
13 1091 19108 0 1777797270 636017
11 1046 22471 0 1777797270 640416
8 1124 17938 0 1777797270 649259
10 1012 20049 0 1777797270 650020
7 1025 17713 0 1777797270 653731
9 1043 15213 0 1777797270 653751
13 1092 15200 0 1777797270 653761
12 1053 24788 0 1777797270 656115
8 1125 8490 0 1777797270 657752
13 1093 5464 0 1777797270 659254
10 1013 13737 0 1777797270 663768
9 1044 26798 0 1777797270 680579
11 1047 40166 0 1777797270 680583
7 1026 38135 0 1777797270 691897
8 1126 34149 0 1777797270 691908
10 1014 28147 0 1777797270 691917
12 1054 35809 0 1777797270 691927
13 1094 32679 0 1777797270 691935
9 1045 30262 0 1777797270 710845
11 1048 36808 0 1777797270 717400
12 1055 32191 0 1777797270 724156
10 1015 36494 0 1777797270 728452
12 1056 14583 0 1777797270 738744
12 1057 9230 0 1777797270 747978
13 1095 62889 0 1777797270 754860
12 1058 16461 0 1777797270 764442
13 1096 9601 0 1777797270 764465
13 1097 5373 0 1777797270 769892
12 1059 6647 0 1777797270 771114
7 1027 87144 0 1777797270 779080
9 1046 74078 0 1777797270 784927
8 1127 127190 0 1777797270 819140
11 1049 101738 0 1777797270 819150
13 1098 49261 0 1777797270 819155
10 1016 94366 0 1777797270 822824
9 1047 52129 0 1777797270 837062
11 1050 17903 0 1777797270 837069
13 1099 17901 0 1777797270 837073
8 1128 17942 0 1777797270 837097
10 1017 14274 0 1777797270 837100
7 1028 64251 0 1777797270 843334
12 1060 72236 0 1777797270 843352
7 1029 7956 0 1777797270 851311
9 1048 14262 0 1777797270 851336
10 1018 14238 0 1777797270 851344
11 1051 14270 0 1777797270 851351
8 1129 15261 0 1777797270 852363
13 1100 21302 0 1777797270 858388
7 1030 8782 0 1777797270 860136
9 1049 8848 0 1777797270 860234
10 1019 8851 0 1777797270 860247
8 1130 12221 0 1777797270 864591
11 1052 13190 0 1777797270 864600
12 1061 23852 0 1777797270 867219
10 1020 9149 0 1777797270 869420
7 1031 11722 0 1777797270 871971
13 1101 13596 0 1777797270 871985
9 1050 19367 0 1777797270 879629
12 1062 12408 0 1777797270 879633
11 1053 29133 0 1777797270 893746
13 1102 21767 0 1777797270 893765
12 1063 18472 0 1777797270 898111
11 1054 9645 0 1777797270 903412
7 1032 42928 0 1777797270 914914
13 1103 21133 0 1777797270 914919
10 1021 46349 0 1777797270 915770
13 1104 5045 0 1777797270 919969
7 1033 6681 0 1777797270 921600
13 1105 4538 0 1777797270 924509
7 1034 27122 0 1777797270 948731
12 1064 50628 0 1777797270 948739
10 1022 33113 0 1777797270 948884
8 1131 86990 0 1777797270 951591
11 1055 53563 0 1777797270 956979
7 1035 9810 0 1777797270 958550
8 1132 7345 0 1777797270 958940
10 1023 32716 0 1777797270 981601
11 1056 29156 0 1777797270 986137
8 1133 40295 0 1777797270 999237
13 1106 81054 0 1777797271 5564
10 1024 28469 0 1777797271 10159
11 1057 25054 0 1777797271 11195
8 1134 17590 0 1777797271 16858
7 1036 81423 0 1777797271 39975
8 1135 23115 0 1777797271 39982
9 1051 160353 0 1777797271 39986
10 1025 39478 0 1777797271 50642
11 1058 39455 0 1777797271 50652
12 1065 102218 0 1777797271 50966
13 1107 45514 0 1777797271 51079
8 1136 18319 0 1777797271 58312
8 1137 19744 0 1777797271 78059
10 1026 27417 0 1777797271 78070
12 1066 26994 0 1777797271 78074
11 1059 30052 0 1777797271 80717
13 1108 41432 0 1777797271 92535
10 1027 19956 0 1777797271 98044
7 1037 63671 0 1777797271 103659
8 1138 25597 0 1777797271 103672
9 1052 63681 0 1777797271 103679
12 1067 25591 0 1777797271 103686
10 1028 17044 0 1777797271 115090
11 1060 34373 0 1777797271 115097
13 1109 24390 0 1777797271 116926
10 1029 9195 0 1777797271 126126
12 1068 22365 0 1777797271 126132
9 1053 25410 0 1777797271 129158
13 1110 12217 0 1777797271 129167
11 1061 16150 0 1777797271 133094
10 1030 10451 0 1777797271 136583
9 1054 20216 0 1777797271 149384
12 1069 23253 0 1777797271 149391
7 1038 47474 0 1777797271 151161
8 1139 47463 0 1777797271 151185
13 1111 23367 0 1777797271 152543
11 1062 24895 0 1777797271 157994
12 1070 8607 0 1777797271 158004
11 1063 2799 0 1777797271 160805
9 1055 12299 0 1777797271 161690
12 1071 4424 0 1777797271 162442
11 1064 9047 0 1777797271 169855
7 1039 25356 0 1777797271 176521
7 1040 11859 0 1777797271 188383
11 1065 21096 0 1777797271 190954
7 1041 26541 0 1777797271 214926
8 1140 72430 0 1777797271 223617
11 1066 32693 0 1777797271 223649
12 1072 61207 0 1777797271 223653
9 1056 62856 0 1777797271 224551
9 1057 44389 0 1777797271 268941
10 1031 132358 0 1777797271 268946
7 1042 65242 0 1777797271 280172
8 1141 56524 0 1777797271 280177
11 1067 56523 0 1777797271 280181
12 1073 56525 0 1777797271 280186
13 1112 127642 0 1777797271 280188
9 1058 20758 0 1777797271 289705
10 1032 20758 0 1777797271 289710
7 1043 20054 0 1777797271 300243
13 1113 20044 0 1777797271 300253
8 1142 27648 0 1777797271 307842
11 1068 27667 0 1777797271 307866
12 1074 27668 0 1777797271 307873
10 1033 31487 0 1777797271 321204
7 1044 25360 0 1777797271 325614
9 1059 35907 0 1777797271 325618
13 1114 26165 0 1777797271 326441
8 1143 26499 0 1777797271 334373
11 1069 26484 0 1777797271 334384
12 1075 26479 0 1777797271 334388
10 1034 25799 0 1777797271 347004
7 1045 23143 0 1777797271 348762
9 1060 23147 0 1777797271 348772
9 1061 19587 0 1777797271 368394
11 1070 34002 0 1777797271 368402
13 1115 41942 0 1777797271 368406
7 1046 23360 0 1777797271 372134
8 1144 40918 0 1777797271 375307
10 1035 41838 0 1777797271 388844
12 1076 54444 0 1777797271 388848
7 1047 27062 0 1777797271 399198
11 1071 32107 0 1777797271 400521
8 1145 28824 0 1777797271 404132
9 1062 37588 0 1777797271 405995
8 1146 3936 0 1777797271 408069
10 1036 19234 0 1777797271 408083
8 1147 2793 0 1777797271 410877
10 1037 4834 0 1777797271 412936
8 1148 2261 0 1777797271 413141
8 1149 11164 0 1777797271 424308
10 1038 11375 0 1777797271 424313
7 1048 28303 0 1777797271 427505
7 1049 13235 0 1777797271 440744
8 1150 16435 0 1777797271 440749
9 1063 34749 0 1777797271 440753
10 1039 16435 0 1777797271 440757
11 1072 40233 0 1777797271 440760
9 1064 5144 0 1777797271 445916
7 1050 7020 0 1777797271 447781
11 1073 7598 0 1777797271 448379
10 1040 7999 0 1777797271 448776
8 1151 8534 0 1777797271 449301
11 1074 7689 0 1777797271 456071
10 1041 9302 0 1777797271 458079
8 1152 9920 0 1777797271 459224
11 1075 4529 0 1777797271 460601
12 1077 77854 0 1777797271 466708
7 1051 33978 0 1777797271 481763
9 1065 35802 0 1777797271 481769
7 1052 2581 0 1777797271 484350
12 1078 34292 0 1777797271 501010
13 1116 132596 0 1777797271 501015
12 1079 3502 0 1777797271 504518
12 1080 2938 0 1777797271 507457
13 1117 8052 0 1777797271 509078
12 1081 3223 0 1777797271 510681
11 1076 51993 0 1777797271 512595
7 1053 50519 0 1777797271 534871
8 1153 75663 0 1777797271 534888
9 1066 53124 0 1777797271 534900
12 1082 26510 0 1777797271 537193
10 1042 85239 0 1777797271 543319
11 1077 34856 0 1777797271 547452
7 1054 15906 0 1777797271 553101
8 1154 15986 0 1777797271 553189
9 1067 21536 0 1777797271 558744
12 1083 21535 0 1777797271 558749
13 1118 49675 0 1777797271 558755
7 1055 10395 0 1777797271 563783
10 1043 20468 0 1777797271 563796
11 1078 16306 0 1777797271 563802
8 1155 13228 0 1777797271 566650
12 1084 7898 0 1777797271 566658
7 1056 8308 0 1777797271 572111
9 1068 21886 0 1777797271 580642
10 1044 16960 0 1777797271 580776
8 1156 16208 0 1777797271 582867
11 1079 24812 0 1777797271 588636
12 1085 21932 0 1777797271 588642
13 1119 29881 0 1777797271 588646
7 1057 16891 0 1777797271 589004
12 1086 17435 0 1777797271 606089
13 1120 17434 0 1777797271 606094
7 1058 19635 0 1777797271 608640
9 1069 27998 0 1777797271 608645
11 1080 20002 0 1777797271 608649
8 1157 27220 0 1777797271 610089
10 1045 29316 0 1777797271 610093
13 1121 7384 0 1777797271 613485
12 1087 16073 0 1777797271 622167
7 1059 16097 0 1777797271 624746
9 1070 16099 0 1777797271 624754
8 1158 15240 0 1777797271 625334
10 1046 15245 0 1777797271 625344
11 1081 16691 0 1777797271 625350
13 1122 17261 0 1777797271 630748
7 1060 13246 0 1777797271 638003
9 1071 13368 0 1777797271 638134
11 1082 12775 0 1777797271 638144
12 1088 15982 0 1777797271 638151
8 1159 13515 0 1777797271 638866
10 1047 13511 0 1777797271 638873
13 1123 14038 0 1777797271 644788
9 1072 11055 0 1777797271 649219
7 1061 15078 0 1777797271 653230
11 1083 15065 0 1777797271 653237
9 1073 4038 0 1777797271 653259
13 1124 13367 0 1777797271 658160
10 1048 25723 0 1777797271 664613
8 1160 31272 0 1777797271 670147
8 1161 8626 0 1777797271 678775
10 1049 14166 0 1777797271 678780
7 1062 25564 0 1777797271 678801
11 1084 25560 0 1777797271 678805
12 1089 40862 0 1777797271 679041
13 1125 20951 0 1777797271 679112
9 1074 26887 0 1777797271 680147
12 1090 3317 0 1777797271 682359
10 1050 12312 0 1777797271 691101
8 1162 12381 0 1777797271 691162
7 1063 12435 0 1777797271 691240
11 1085 12434 0 1777797271 691244
13 1126 12146 0 1777797271 691259
9 1075 12409 0 1777797271 692557
9 1076 7049 0 1777797271 699609
12 1091 17254 0 1777797271 699614
8 1163 8467 0 1777797271 699630
13 1127 8485 0 1777797271 699745
10 1051 9703 0 1777797271 700805
11 1086 10809 0 1777797271 702059
7 1064 14293 0 1777797271 705537
8 1164 6289 0 1777797271 705932
9 1077 8607 0 1777797271 708221
8 1165 5380 0 1777797271 711313
13 1128 13303 0 1777797271 713049
10 1052 12408 0 1777797271 713214
9 1078 6452 0 1777797271 714674
10 1053 2768 0 1777797271 715982
8 1166 10375 0 1777797271 721690
13 1129 8654 0 1777797271 721704
8 1167 5489 0 1777797271 727180
10 1054 12602 0 1777797271 728585
9 1079 17088 0 1777797271 731763
13 1130 15214 0 1777797271 736918
9 1080 7678 0 1777797271 739443
13 1131 7206 0 1777797271 744126
8 1168 18913 0 1777797271 746094
10 1055 20178 0 1777797271 748764
12 1092 49148 0 1777797271 748768
9 1081 13877 0 1777797271 753321
13 1132 9634 0 1777797271 753761
11 1087 54153 0 1777797271 756213
9 1082 5695 0 1777797271 759018
11 1088 7532 0 1777797271 763747
10 1056 15943 0 1777797271 764711
12 1093 15942 0 1777797271 764715
9 1083 6697 0 1777797271 765716
13 1133 11960 0 1777797271 765722
7 1065 68841 0 1777797271 774380
12 1094 11240 0 1777797271 775961
11 1089 12494 0 1777797271 776244
7 1066 4063 0 1777797271 778444
11 1090 5345 0 1777797271 781593
9 1084 19606 0 1777797271 785330
12 1095 9370 0 1777797271 785338
9 1085 7650 0 1777797271 792989
8 1169 61271 0 1777797271 807365
9 1086 14284 0 1777797271 807385
10 1057 42693 0 1777797271 807408
12 1096 22068 0 1777797271 807415
13 1134 41693 0 1777797271 807421
9 1087 14544 0 1777797271 821975
13 1135 23165 0 1777797271 830609
12 1097 33442 0 1777797271 840883
9 1088 23489 0 1777797271 845473
8 1170 44320 0 1777797271 851741
11 1091 75561 0 1777797271 857164
7 1067 85824 0 1777797271 864273
11 1092 13026 0 1777797271 870191
12 1098 29311 0 1777797271 870196
13 1136 39589 0 1777797271 870200
7 1068 7957 0 1777797271 872231
7 1069 4570 0 1777797271 876803
7 1070 1370 0 1777797271 878174
11 1093 15374 0 1777797271 885574
12 1099 16914 0 1777797271 887122
13 1137 16990 0 1777797271 887203
7 1071 16580 0 1777797271 894756
7 1072 3395 0 1777797271 898152
7 1073 4694 0 1777797271 902847
8 1171 51108 0 1777797271 902851
13 1138 16054 0 1777797271 903258
11 1094 19109 0 1777797271 904688
9 1089 62124 0 1777797271 907606
7 1074 17027 0 1777797271 919879
8 1172 17028 0 1777797271 919887
11 1095 15188 0 1777797271 919892
9 1090 17511 0 1777797271 925162
10 1058 117734 0 1777797271 925169
12 1100 38276 0 1777797271 925429
13 1139 22178 0 1777797271 925437
8 1173 9105 0 1777797271 929008
7 1075 10706 0 1777797271 930599
9 1091 5166 0 1777797271 930603
11 1096 10696 0 1777797271 930607
13 1140 7714 0 1777797271 933230
11 1097 7300 0 1777797271 937920
9 1092 14153 0 1777797271 944767
7 1076 16072 0 1777797271 946680
8 1174 17686 0 1777797271 946697
11 1098 8786 0 1777797271 946707
13 1141 15781 0 1777797271 949012
10 1059 24018 0 1777797271 949523
12 1101 28328 0 1777797271 953838
9 1093 12271 0 1777797271 957041
11 1099 10328 0 1777797271 957076
7 1077 10417 0 1777797271 957125
7 1078 5537 0 1777797271 962663
8 1175 15947 0 1777797271 962683
9 1094 5612 0 1777797271 962690
12 1102 8858 0 1777797271 962698
13 1142 13691 0 1777797271 962705
10 1060 15505 0 1777797271 965029
11 1100 7946 0 1777797271 965042
7 1079 7710 0 1777797271 970416
9 1095 8455 0 1777797271 971190
12 1103 8456 0 1777797271 971199
13 1143 8454 0 1777797271 971204
8 1176 10353 0 1777797271 973080
10 1061 9094 0 1777797271 974137
11 1101 14366 0 1777797271 979421
7 1080 17590 0 1777797271 988794
9 1096 17589 0 1777797271 988804
8 1177 17096 0 1777797271 990179
10 1062 16039 0 1777797271 990182
11 1102 10788 0 1777797271 990209
9 1097 9909 0 1777797271 998724
10 1063 9157 0 1777797271 999373
13 1144 28151 0 1777797271 999376
7 1081 13291 0 1777797272 2096
8 1178 11892 0 1777797272 2102
9 1098 5697 0 1777797272 4422
11 1103 18917 0 1777797272 9139
13 1145 10845 0 1777797272 10226
7 1082 9418 0 1777797272 11521
9 1099 7927 0 1777797272 12352
10 1064 13011 0 1777797272 12388
12 1104 42175 0 1777797272 13395
8 1179 12910 0 1777797272 15021
7 1083 13614 0 1777797272 25136
8 1180 10126 0 1777797272 25152
9 1100 12787 0 1777797272 25177
10 1065 12780 0 1777797272 25187
11 1104 14975 0 1777797272 25204
13 1146 14970 0 1777797272 25211
11 1105 11651 0 1777797272 36920
13 1147 13095 0 1777797272 38371
11 1106 9992 0 1777797272 46917
9 1101 22926 0 1777797272 48163
8 1181 29660 0 1777797272 54889
11 1107 8486 0 1777797272 55406
9 1102 14645 0 1777797272 62811
10 1066 37588 0 1777797272 62842
12 1105 49453 0 1777797272 62850
13 1148 24478 0 1777797272 62856
10 1067 4808 0 1777797272 67678
12 1106 8692 0 1777797272 71571
12 1107 4800 0 1777797272 76373
9 1103 17944 0 1777797272 80802
13 1149 19704 0 1777797272 82591
7 1084 74814 0 1777797272 100026
8 1182 45142 0 1777797272 100033
9 1104 19228 0 1777797272 100040
10 1068 32364 0 1777797272 100045
11 1108 44644 0 1777797272 100051
12 1108 24055 0 1777797272 100430
11 1109 17349 0 1777797272 117816
8 1183 24812 0 1777797272 125262
12 1109 24813 0 1777797272 125285
11 1110 11069 0 1777797272 128887
13 1150 46298 0 1777797272 128893
7 1085 39595 0 1777797272 140030
12 1110 14709 0 1777797272 140041
11 1111 26060 0 1777797272 154955
13 1151 29330 0 1777797272 158230
10 1069 72595 0 1777797272 173057
12 1111 33002 0 1777797272 173061
13 1152 14827 0 1777797272 173064
8 1184 49063 0 1777797272 174349
7 1086 37844 0 1777797272 177886
13 1153 6232 0 1777797272 179329
13 1154 1878 0 1777797272 181210
7 1087 12524 0 1777797272 190411
13 1155 12730 0 1777797272 193941
7 1088 4265 0 1777797272 194678
9 1105 104380 0 1777797272 204836
12 1112 31774 0 1777797272 204844
12 1113 6001 0 1777797272 210854
9 1106 8008 0 1777797272 212852
12 1114 17650 0 1777797272 228506
9 1107 15681 0 1777797272 228535
13 1156 34596 0 1777797272 228538
7 1089 34009 0 1777797272 228688
10 1070 58719 0 1777797272 231784
8 1185 60664 0 1777797272 235015
13 1157 6478 0 1777797272 235023
12 1115 6840 0 1777797272 235353
9 1108 9606 0 1777797272 238146
11 1112 84899 0 1777797272 239875
12 1116 7489 0 1777797272 242848
7 1090 20213 0 1777797272 248908
13 1158 14499 0 1777797272 249533
12 1117 9042 0 1777797272 251954
11 1113 15133 0 1777797272 255009
11 1114 10643 0 1777797272 265654
7 1091 23961 0 1777797272 272870
7 1092 1271 0 1777797272 274143
7 1093 1037 0 1777797272 275187
11 1115 9722 0 1777797272 275379
9 1109 52097 0 1777797272 290244
12 1118 38294 0 1777797272 290249
9 1110 22567 0 1777797272 312817
12 1119 22570 0 1777797272 312826
13 1159 64507 0 1777797272 314041
11 1116 40219 0 1777797272 315603
7 1094 41492 0 1777797272 316680
9 1111 9470 0 1777797272 322298
8 1186 88101 0 1777797272 323126
10 1071 91915 0 1777797272 323709
8 1187 1952 0 1777797272 325080
10 1072 2144 0 1777797272 325854
9 1112 6277 0 1777797272 328581
12 1120 15776 0 1777797272 328614
11 1117 17378 0 1777797272 332983
13 1160 18946 0 1777797272 332991
7 1095 16685 0 1777797272 333372
11 1118 12727 0 1777797272 345719
12 1121 17075 0 1777797272 345735
13 1161 12740 0 1777797272 345742
7 1096 12418 0 1777797272 345793
7 1097 3834 0 1777797272 349628
11 1119 4593 0 1777797272 350336
12 1122 4590 0 1777797272 350349
13 1162 9004 0 1777797272 354781
11 1120 13169 0 1777797272 363519
12 1123 13136 0 1777797272 363529
7 1098 15357 0 1777797272 364988
9 1113 51327 0 1777797272 379942
13 1163 25168 0 1777797272 379951
7 1099 15883 0 1777797272 380925
12 1124 17692 0 1777797272 381233
11 1121 18382 0 1777797272 381912
8 1188 60655 0 1777797272 385737
13 1164 9138 0 1777797272 389114
11 1122 13486 0 1777797272 395403
12 1125 14178 0 1777797272 395413
7 1100 21361 0 1777797272 402289
8 1189 16574 0 1777797272 402314
13 1165 13206 0 1777797272 402323
9 1114 24018 0 1777797272 403971
8 1190 7442 0 1777797272 409788
11 1123 14382 0 1777797272 409797
7 1101 7669 0 1777797272 409993
9 1115 9910 0 1777797272 413890
13 1166 11555 0 1777797272 413911
8 1191 4155 0 1777797272 413953
11 1124 4156 0 1777797272 413963
7 1102 5520 0 1777797272 415514
11 1125 21127 0 1777797272 435112
13 1167 22879 0 1777797272 436791
7 1103 24861 0 1777797272 440383
8 1192 26422 0 1777797272 440387
9 1116 30264 0 1777797272 444157
11 1126 9048 0 1777797272 444162
9 1117 3220 0 1777797272 447383
13 1168 28126 0 1777797272 464920
13 1169 3715 0 1777797272 468636
11 1127 24539 0 1777797272 468710
9 1118 21931 0 1777797272 469317
8 1193 31520 0 1777797272 471914
11 1128 14164 0 1777797272 482875
8 1194 13272 0 1777797272 485188
10 1073 162485 0 1777797272 488346
8 1195 4849 0 1777797272 490044
9 1119 20732 0 1777797272 490050
8 1196 7146 0 1777797272 497196
7 1104 57447 0 1777797272 497836
8 1197 4021 0 1777797272 501219
12 1126 107177 0 1777797272 502604
7 1105 8331 0 1777797272 506169
8 1198 9236 0 1777797272 510461
7 1106 8189 0 1777797272 514361
8 1199 11317 0 1777797272 521779
9 1120 41148 0 1777797272 531220
10 1074 42877 0 1777797272 531224
13 1170 62589 0 1777797272 531227
11 1129 48815 0 1777797272 531693
7 1107 21183 0 1777797272 535545
8 1200 13756 0 1777797272 535548
12 1127 32945 0 1777797272 535552
9 1121 14156 0 1777797272 545384
10 1075 14197 0 1777797272 545430
11 1130 13743 0 1777797272 545437
7 1108 13455 0 1777797272 549008
12 1128 13454 0 1777797272 549017
9 1122 8139 0 1777797272 553577
12 1129 4597 0 1777797272 553628
13 1171 23052 0 1777797272 554288
8 1201 18748 0 1777797272 554306
10 1076 9020 0 1777797272 554471
7 1109 5583 0 1777797272 554600
12 1130 8654 0 1777797272 562284
12 1131 4368 0 1777797272 566660
13 1172 12376 0 1777797272 566666
12 1132 2925 0 1777797272 569592
10 1077 15232 0 1777797272 569704
10 1078 7568 0 1777797272 577274
12 1133 8792 0 1777797272 578388
9 1123 25113 0 1777797272 578699
7 1110 24390 0 1777797272 578992
8 1202 24964 0 1777797272 579271
7 1111 2282 0 1777797272 581276
8 1203 3730 0 1777797272 583003
13 1173 22776 0 1777797272 589462
7 1112 13873 0 1777797272 595152
8 1204 12150 0 1777797272 595163
9 1124 16469 0 1777797272 595169
12 1134 16785 0 1777797272 595174
11 1131 51813 0 1777797272 597272
7 1113 10947 0 1777797272 606123
8 1205 10940 0 1777797272 606131
11 1132 8825 0 1777797272 606136
12 1135 10939 0 1777797272 606142
13 1174 16714 0 1777797272 606178
8 1206 4923 0 1777797272 611108
11 1133 6273 0 1777797272 612464
8 1207 14196 0 1777797272 625307
11 1134 12846 0 1777797272 625312
12 1136 19119 0 1777797272 625315
13 1175 19118 0 1777797272 625320
7 1114 23297 0 1777797272 629475
9 1125 34294 0 1777797272 629491
10 1079 52222 0 1777797272 629498
8 1208 10755 0 1777797272 636075
11 1135 10758 0 1777797272 636083
12 1137 10774 0 1777797272 636104
13 1176 10777 0 1777797272 636112
7 1115 9492 0 1777797272 638991
10 1080 9462 0 1777797272 639008
8 1209 5652 0 1777797272 641765
10 1081 7020 0 1777797272 646140
11 1136 10035 0 1777797272 646158
12 1138 10044 0 1777797272 646174
13 1177 10047 0 1777797272 646192
7 1116 17183 0 1777797272 656192
8 1210 14433 0 1777797272 656200
9 1126 26685 0 1777797272 656207
10 1082 10019 0 1777797272 656213
13 1178 9997 0 1777797272 656220
12 1139 10932 0 1777797272 657148
7 1117 9731 0 1777797272 665951
8 1211 9711 0 1777797272 665961
9 1127 9709 0 1777797272 665968
10 1083 9708 0 1777797272 665974
11 1137 19772 0 1777797272 665980
13 1179 9714 0 1777797272 665986
12 1140 8961 0 1777797272 666110
11 1138 16129 0 1777797272 682209
13 1180 16129 0 1777797272 682215
7 1118 16245 0 1777797272 682232
10 1084 16163 0 1777797272 682235
12 1141 16127 0 1777797272 682239
8 1212 19967 0 1777797272 685965
9 1128 25774 0 1777797272 691838
10 1085 21568 0 1777797272 703813
11 1139 21628 0 1777797272 703844
13 1181 21631 0 1777797272 703853
7 1119 26431 0 1777797272 708670
8 1213 22709 0 1777797272 708679
9 1129 16847 0 1777797272 708687
12 1142 26448 0 1777797272 708697
10 1086 22179 0 1777797272 726033
13 1182 22111 0 1777797272 726049
7 1120 22303 0 1777797272 731001
8 1214 22300 0 1777797272 731010
9 1130 22292 0 1777797272 731014
11 1140 27134 0 1777797272 731018
12 1143 22289 0 1777797272 731023
8 1215 20328 0 1777797272 751358
11 1141 20326 0 1777797272 751366
13 1183 32508 0 1777797272 758572
8 1216 13602 0 1777797272 764969
9 1131 33939 0 1777797272 764974
11 1142 13602 0 1777797272 764977
7 1121 43419 0 1777797272 774443
10 1087 48397 0 1777797272 774447
12 1144 43406 0 1777797272 774451
13 1184 15878 0 1777797272 774455
8 1217 26981 0 1777797272 791959
13 1185 24186 0 1777797272 798659
9 1132 38474 0 1777797272 803459
7 1122 30383 0 1777797272 804839
13 1186 9906 0 1777797272 808567
8 1218 17197 0 1777797272 809157
9 1133 6527 0 1777797272 809988
7 1123 8251 0 1777797272 813098
11 1143 50305 0 1777797272 815292
12 1145 40832 0 1777797272 815298
13 1187 6743 0 1777797272 815315
10 1088 41387 0 1777797272 815850
7 1124 5548 0 1777797272 818649
9 1134 8680 0 1777797272 818670
10 1089 3999 0 1777797272 819850
13 1188 4510 0 1777797272 819860
11 1144 5263 0 1777797272 820579
13 1189 1495 0 1777797272 821373
9 1135 2824 0 1777797272 821511
7 1125 3920 0 1777797272 822592
12 1146 8198 0 1777797272 823533
10 1090 4403 0 1777797272 824264
12 1147 1173 0 1777797272 824708
10 1091 2986 0 1777797272 827255
12 1148 2557 0 1777797272 827266
9 1136 7075 0 1777797272 828588
9 1137 2061 0 1777797272 830655
13 1190 9287 0 1777797272 830665
11 1145 13117 0 1777797272 833699
9 1138 7158 0 1777797272 837824
8 1219 31701 0 1777797272 840859
13 1191 10187 0 1777797272 840869
8 1220 18177 0 1777797272 859048
7 1126 46555 0 1777797272 869149
9 1139 31333 0 1777797272 869160
11 1146 35467 0 1777797272 869167
12 1149 41894 0 1777797272 869174
13 1192 28296 0 1777797272 869180
12 1150 3854 0 1777797272 873064
12 1151 22328 0 1777797272 895395
11 1147 29946 0 1777797272 899150
7 1127 48508 0 1777797272 917688
10 1092 90425 0 1777797272 917692
8 1221 61107 0 1777797272 920156
10 1093 5531 0 1777797272 923232
7 1128 6376 0 1777797272 924070
10 1094 1106 0 1777797272 924341
7 1129 5335 0 1777797272 929407
10 1095 7615 0 1777797272 931960
12 1152 40786 0 1777797272 936184
9 1140 73868 0 1777797272 943063
9 1141 4186 0 1777797272 947252
10 1096 16035 0 1777797272 948004
9 1142 9772 0 1777797272 957027
7 1130 32422 0 1777797272 961833
11 1148 62697 0 1777797272 961852
13 1193 92640 0 1777797272 961860
10 1097 14842 0 1777797272 962852
8 1222 43367 0 1777797272 963529
11 1149 9396 0 1777797272 971275
8 1223 16960 0 1777797272 980491
9 1143 23459 0 1777797272 980497
10 1098 17586 0 1777797272 980503
11 1150 9231 0 1777797272 980508
13 1194 18627 0 1777797272 980515
12 1153 45113 0 1777797272 981299
9 1144 9923 0 1777797272 990448
10 1099 9912 0 1777797272 990455
11 1151 9912 0 1777797272 990463
12 1154 9170 0 1777797272 990470
13 1195 9918 0 1777797272 990477
8 1224 19742 0 1777797273 259
9 1145 9788 0 1777797273 266
10 1100 9785 0 1777797273 272
11 1152 9785 0 1777797273 278
12 1155 9785 0 1777797273 285
7 1131 39390 0 1777797273 1251
9 1146 7507 0 1777797273 7802
13 1196 17339 0 1777797273 7853
11 1153 8145 0 1777797273 8453
10 1101 8722 0 1777797273 9022
11 1154 8508 0 1777797273 16962
12 1156 16664 0 1777797273 16978
13 1197 9133 0 1777797273 16987
9 1147 13518 0 1777797273 21322
10 1102 12318 0 1777797273 21344
7 1132 31326 0 1777797273 32579
8 1225 32305 0 1777797273 32591
9 1148 11251 0 1777797273 32597
11 1155 15616 0 1777797273 32604
12 1157 15611 0 1777797273 32610
13 1198 15611 0 1777797273 32616
10 1103 17123 0 1777797273 38482
7 1133 9400 0 1777797273 42017
8 1226 9394 0 1777797273 42024
9 1149 9392 0 1777797273 42030
11 1156 9390 0 1777797273 42035
12 1158 9387 0 1777797273 42040
10 1104 7621 0 1777797273 46138
13 1199 14207 0 1777797273 46867
7 1134 7632 0 1777797273 49673
9 1150 7610 0 1777797273 49681
11 1157 7609 0 1777797273 49695
12 1159 7608 0 1777797273 49702
8 1227 16008 0 1777797273 58070
7 1135 17021 0 1777797273 66725
8 1228 8675 0 1777797273 66748
9 1151 17040 0 1777797273 66755
10 1105 20648 0 1777797273 66797
11 1158 17093 0 1777797273 66814
12 1160 17093 0 1777797273 66822
13 1200 19960 0 1777797273 66829
7 1136 13267 0 1777797273 80097
8 1229 13249 0 1777797273 80117
9 1152 13246 0 1777797273 80125
10 1106 13244 0 1777797273 80131
11 1159 21284 0 1777797273 88231
12 1161 21290 0 1777797273 88248
7 1137 12275 0 1777797273 92407
8 1230 12261 0 1777797273 92413
9 1153 12258 0 1777797273 92419
13 1201 25458 0 1777797273 92426
7 1138 8758 0 1777797273 101185
8 1231 8742 0 1777797273 101192
9 1154 8741 0 1777797273 101197
11 1160 12984 0 1777797273 101233
12 1162 12977 0 1777797273 101248
13 1202 8783 0 1777797273 101255
10 1107 27735 0 1777797273 107903
7 1139 19526 0 1777797273 120781
8 1232 19525 0 1777797273 120792
9 1155 19520 0 1777797273 120798
11 1161 19402 0 1777797273 120805
12 1163 19398 0 1777797273 120812
13 1203 19395 0 1777797273 120817
10 1108 14252 0 1777797273 122157
7 1140 15361 0 1777797273 136178
8 1233 15366 0 1777797273 136191
9 1156 15367 0 1777797273 136196
10 1109 13992 0 1777797273 136201
11 1162 15371 0 1777797273 136205
12 1164 15371 0 1777797273 136210
13 1204 15370 0 1777797273 136214
7 1141 13392 0 1777797273 149608
8 1234 13396 0 1777797273 149622
9 1157 13398 0 1777797273 149631
10 1110 13403 0 1777797273 149641
11 1163 13407 0 1777797273 149650
12 1165 13410 0 1777797273 149657
13 1205 13412 0 1777797273 149664
7 1142 7710 0 1777797273 157375
8 1235 7705 0 1777797273 157383
11 1164 7717 0 1777797273 157417
9 1158 10389 0 1777797273 160075
10 1111 14947 0 1777797273 164641
7 1143 21509 0 1777797273 178893
8 1236 21525 0 1777797273 178921
11 1165 21516 0 1777797273 178934
13 1206 29231 0 1777797273 178942
10 1112 20850 0 1777797273 185497
7 1144 14289 0 1777797273 193232
8 1237 14276 0 1777797273 193240
10 1113 7738 0 1777797273 193246
11 1166 14277 0 1777797273 193250
12 1166 43549 0 1777797273 193254
13 1207 14277 0 1777797273 193258
12 1167 126131 0 1777797273 319414
12 1168 11554 0 1777797273 330974
10 1114 164121 0 1777797273 357394
7 1145 176559 0 1777797273 369817
9 1159 209771 0 1777797273 369848
12 1169 38891 0 1777797273 369873
8 1238 181187 0 1777797273 374454
13 1208 181192 0 1777797273 374479
11 1167 181255 0 1777797273 374533
7 1146 7220 0 1777797273 377094
12 1170 7189 0 1777797273 377123
13 1209 6599 0 1777797273 381090
8 1239 21505 0 1777797273 395985
11 1168 32067 0 1777797273 406602
12 1171 29482 0 1777797273 406632
13 1210 25584 0 1777797273 406678
7 1147 32144 0 1777797273 409269
8 1240 13345 0 1777797273 409333
10 1115 58550 0 1777797273 415951
11 1169 9327 0 1777797273 415962
12 1172 14752 0 1777797273 421417
8 1241 16249 0 1777797273 425583
13 1211 22045 0 1777797273 428724
11 1170 13551 0 1777797273 429527
12 1173 8947 0 1777797273 430386
10 1116 16443 0 1777797273 432407
7 1148 24279 0 1777797273 433597
8 1242 8024 0 1777797273 433609
10 1117 13315 0 1777797273 445725
11 1171 16202 0 1777797273 445731
12 1174 15350 0 1777797273 445737
13 1212 17015 0 1777797273 445741
9 1160 88400 0 1777797273 458323
10 1118 12632 0 1777797273 458374
11 1172 12634 0 1777797273 458383
12 1175 12635 0 1777797273 458390
13 1213 12636 0 1777797273 458397
11 1173 3586 0 1777797273 462004
10 1119 5642 0 1777797273 464052
9 1161 5690 0 1777797273 464088
11 1174 5981 0 1777797273 467992
10 1120 5530 0 1777797273 469585
11 1175 3702 0 1777797273 471697
10 1121 2127 0 1777797273 471716
11 1176 2206 0 1777797273 473905
12 1176 16054 0 1777797273 474478
10 1122 3697 0 1777797273 475414
11 1177 2746 0 1777797273 476657
9 1162 13739 0 1777797273 477830
7 1149 45975 0 1777797273 479585
13 1214 29121 0 1777797273 487552
10 1123 14759 0 1777797273 490175
12 1177 16594 0 1777797273 491076
7 1150 12330 0 1777797273 491921
8 1243 82232 0 1777797273 515863
9 1163 63543 0 1777797273 541376
11 1178 65007 0 1777797273 541669
13 1215 56737 0 1777797273 544300
12 1178 57354 0 1777797273 548432
7 1151 66953 0 1777797273 558876
10 1124 68704 0 1777797273 558881
8 1244 47765 0 1777797273 563629
11 1179 27779 0 1777797273 572058
13 1216 27772 0 1777797273 572075
9 1164 30445 0 1777797273 572115
10 1125 15553 0 1777797273 574442
7 1152 16566 0 1777797273 575447
8 1245 19781 0 1777797273 583420
12 1179 35038 0 1777797273 583471
7 1153 20348 0 1777797273 595797
8 1246 12335 0 1777797273 595808
9 1165 23699 0 1777797273 595816
10 1126 21377 0 1777797273 595822
11 1180 23752 0 1777797273 595829
13 1217 23740 0 1777797273 595836
12 1180 24163 0 1777797273 607763
7 1154 31711 0 1777797273 627548
8 1247 31716 0 1777797273 627567
9 1166 31715 0 1777797273 627574
10 1127 31724 0 1777797273 627590
11 1181 31724 0 1777797273 627597
13 1218 31724 0 1777797273 627603
12 1181 30390 0 1777797273 638155
7 1155 16313 0 1777797273 643917
8 1248 16310 0 1777797273 643923
9 1167 16300 0 1777797273 643927
10 1128 16296 0 1777797273 643931
11 1182 16286 0 1777797273 643935
12 1182 5781 0 1777797273 643939
13 1219 16287 0 1777797273 643943
8 1249 24412 0 1777797273 668360
10 1129 26619 0 1777797273 670576
9 1168 28591 0 1777797273 672544
7 1156 31635 0 1777797273 675578
8 1250 12735 0 1777797273 681098
11 1183 37158 0 1777797273 681120
9 1169 12241 0 1777797273 684787
12 1183 40829 0 1777797273 684796
13 1220 40873 0 1777797273 684843
13 1221 9309 0 1777797273 694154
8 1251 16673 0 1777797273 697794
9 1170 13014 0 1777797273 697811
10 1130 27246 0 1777797273 697825
11 1184 16721 0 1777797273 697853
12 1184 13058 0 1777797273 697864
7 1157 23516 0 1777797273 699095
8 1252 5894 0 1777797273 703759
12 1185 5865 0 1777797273 703769
13 1222 9623 0 1777797273 703780
9 1171 7159 0 1777797273 705041
10 1131 9089 0 1777797273 706979
7 1158 7924 0 1777797273 707021
12 1186 6076 0 1777797273 709869
8 1253 8211 0 1777797273 711992
9 1172 7744 0 1777797273 712792
13 1223 12662 0 1777797273 716468
7 1159 10917 0 1777797273 717940
11 1185 20112 0 1777797273 718009
10 1132 11542 0 1777797273 718523
8 1254 10362 0 1777797273 722359
9 1173 9854 0 1777797273 722648
7 1160 4752 0 1777797273 722762
11 1186 8528 0 1777797273 726549
12 1187 16857 0 1777797273 726734
7 1161 15745 0 1777797273 738509
9 1174 15868 0 1777797273 738517
10 1133 20006 0 1777797273 738530
12 1188 11803 0 1777797273 738539
13 1224 22077 0 1777797273 738547
8 1255 20044 0 1777797273 742412
11 1187 15867 0 1777797273 742419
7 1162 5299 0 1777797273 743847
7 1163 9374 0 1777797273 753223
9 1175 14682 0 1777797273 753240
10 1134 14681 0 1777797273 753248
8 1256 13036 0 1777797273 755456
11 1188 13031 0 1777797273 755464
13 1225 16887 0 1777797273 755470
9 1176 12875 0 1777797273 766145
7 1164 14329 0 1777797273 767579
11 1189 16590 0 1777797273 772076
12 1189 38192 0 1777797273 776767
10 1135 24867 0 1777797273 778146
9 1177 18151 0 1777797273 784298
13 1226 30184 0 1777797273 785678
9 1178 9115 0 1777797273 793424
11 1190 48428 0 1777797273 820506
10 1136 44628 0 1777797273 822776
9 1179 32963 0 1777797273 826388
9 1180 5753 0 1777797273 832146
10 1137 17528 0 1777797273 840306
11 1191 19821 0 1777797273 840330
12 1190 63570 0 1777797273 840339
12 1191 4908 0 1777797273 845356
10 1138 9655 0 1777797273 849995
7 1165 89646 0 1777797273 857389
11 1192 16960 0 1777797273 857397
12 1192 12041 0 1777797273 857405
13 1227 71725 0 1777797273 857411
8 1257 103827 0 1777797273 859298
9 1181 27170 0 1777797273 859317
10 1139 12083 0 1777797273 862080
11 1193 4665 0 1777797273 862088
13 1228 5293 0 1777797273 862731
11 1194 7205 0 1777797273 869307
13 1229 6633 0 1777797273 869366
8 1258 14060 0 1777797273 873378
7 1166 15997 0 1777797273 873409
10 1140 11440 0 1777797273 873531
9 1182 17430 0 1777797273 876766
12 1193 19344 0 1777797273 876775
11 1195 10330 0 1777797273 879644
13 1230 10695 0 1777797273 880063
10 1141 13274 0 1777797273 886807
9 1183 10372 0 1777797273 887148
12 1194 10367 0 1777797273 887155
13 1231 8687 0 1777797273 888754
9 1184 8472 0 1777797273 895629
13 1232 6902 0 1777797273 895657
11 1196 19002 0 1777797273 898648
7 1167 36916 0 1777797273 910326
8 1259 36957 0 1777797273 910345
9 1185 14694 0 1777797273 910352
11 1197 11711 0 1777797273 910367
12 1195 23214 0 1777797273 910379
13 1233 14717 0 1777797273 910388
10 1142 25689 0 1777797273 912498
10 1143 9384 0 1777797273 921884
11 1198 16502 0 1777797273 926936
12 1196 16508 0 1777797273 926950
13 1234 16501 0 1777797273 926957
11 1199 7667 0 1777797273 934624
9 1186 30110 0 1777797273 940535
10 1144 18658 0 1777797273 940545
11 1200 6465 0 1777797273 941093
12 1197 14122 0 1777797273 941103
13 1235 17059 0 1777797273 944049
12 1198 5838 0 1777797273 946958
9 1187 8184 0 1777797273 948730
10 1145 8182 0 1777797273 948736
13 1236 4692 0 1777797273 948742
11 1201 11083 0 1777797273 952187
9 1188 7172 0 1777797273 955915
10 1146 7184 0 1777797273 955937
13 1237 7181 0 1777797273 955945
12 1199 12931 0 1777797273 959891
10 1147 4326 0 1777797273 960292
9 1189 9304 0 1777797273 965251
13 1238 9277 0 1777797273 965260
11 1202 17792 0 1777797273 969981
8 1260 61694 0 1777797273 972101
12 1200 18531 0 1777797273 978425
7 1168 68986 0 1777797273 979375
10 1148 19113 0 1777797273 979407
9 1190 15293 0 1777797273 980554
13 1239 15669 0 1777797273 980939
8 1261 16410 0 1777797273 988514
9 1191 7947 0 1777797273 988528
10 1149 9126 0 1777797273 988535
11 1203 18585 0 1777797273 988568
12 1201 10141 0 1777797273 988576
7 1169 14244 0 1777797273 993624
13 1240 12741 0 1777797273 993682
8 1262 53087 0 1777797274 41665
10 1150 53118 0 1777797274 41714
11 1204 53121 0 1777797274 41724
13 1241 48047 0 1777797274 41730
7 1170 48757 0 1777797274 42384
9 1192 57282 0 1777797274 45870
12 1202 59779 0 1777797274 48432
9 1193 3092 0 1777797274 48964
11 1205 7487 0 1777797274 49273
7 1171 12090 0 1777797274 54478
11 1206 5213 0 1777797274 54488
12 1203 9003 0 1777797274 57437
10 1151 21068 0 1777797274 62844
11 1207 8352 0 1777797274 62853
12 1204 5439 0 1777797274 62879
12 1205 16539 0 1777797274 79421
10 1152 16701 0 1777797274 79556
7 1172 41918 0 1777797274 96407
9 1194 47460 0 1777797274 96427
8 1263 55504 0 1777797274 97235
11 1208 34379 0 1777797274 97243
12 1206 17829 0 1777797274 97251
13 1242 55462 0 1777797274 97258
10 1153 19908 0 1777797274 99465
7 1173 5871 0 1777797274 102300
10 1154 4170 0 1777797274 103641
9 1195 10699 0 1777797274 107140
12 1207 10708 0 1777797274 107998
7 1174 7650 0 1777797274 109954
11 1209 14659 0 1777797274 111926
7 1175 6312 0 1777797274 116276
10 1155 12640 0 1777797274 116285
11 1210 4365 0 1777797274 116292
9 1196 12722 0 1777797274 119864
7 1176 4259 0 1777797274 120552
10 1156 4838 0 1777797274 121149
11 1211 6599 0 1777797274 122980
7 1177 4204 0 1777797274 124760
9 1197 9153 0 1777797274 129020
11 1212 6053 0 1777797274 129035
10 1157 8514 0 1777797274 129665
12 1208 23079 0 1777797274 131084
11 1213 3419 0 1777797274 132474
13 1243 36364 0 1777797274 133673
9 1198 7190 0 1777797274 136226
12 1209 6681 0 1777797274 137769
10 1158 8994 0 1777797274 138719
8 1264 43181 0 1777797274 140440
11 1214 11145 0 1777797274 143622
8 1265 5517 0 1777797274 145959
10 1159 8375 0 1777797274 147099
9 1199 21033 0 1777797274 157267
7 1178 32907 0 1777797274 157669
10 1160 10573 0 1777797274 157676
12 1210 19904 0 1777797274 157684
13 1244 24014 0 1777797274 157690
8 1266 12257 0 1777797274 158219
11 1215 16073 0 1777797274 159706
7 1179 3813 0 1777797274 161505
13 1245 7776 0 1777797274 165498
9 1200 8691 0 1777797274 165962
10 1161 8269 0 1777797274 165969
12 1211 8261 0 1777797274 165977
7 1180 4506 0 1777797274 166014
8 1267 9418 0 1777797274 167641
7 1181 2115 0 1777797274 168130
11 1216 12567 0 1777797274 172281
8 1268 6891 0 1777797274 174534
10 1162 8577 0 1777797274 174566
7 1182 6938 0 1777797274 175069
11 1217 4134 0 1777797274 176417
13 1246 10938 0 1777797274 176439
12 1212 13810 0 1777797274 179807
8 1269 5927 0 1777797274 180496
8 1270 4851 0 1777797274 185349
9 1201 19417 0 1777797274 185395
7 1183 16669 0 1777797274 191740
12 1213 11937 0 1777797274 191746
8 1271 6715 0 1777797274 192113
10 1163 17538 0 1777797274 192117
11 1218 15681 0 1777797274 192121
13 1247 15677 0 1777797274 192125
9 1202 7462 0 1777797274 192872
7 1184 4851 0 1777797274 196597
11 1219 4556 0 1777797274 196699
11 1220 4178 0 1777797274 200879
8 1272 13088 0 1777797274 205214
13 1248 13087 0 1777797274 205234
7 1185 12942 0 1777797274 209542
9 1203 16696 0 1777797274 209574
10 1164 17460 0 1777797274 209596
11 1221 8719 0 1777797274 209603
12 1214 17855 0 1777797274 209609
13 1249 5089 0 1777797274 210340
7 1186 7820 0 1777797274 217430
12 1215 7775 0 1777797274 217437
9 1204 8804 0 1777797274 218424
11 1222 9622 0 1777797274 219276
7 1187 7093 0 1777797274 224531
10 1165 14908 0 1777797274 224537
8 1273 21139 0 1777797274 226374
13 1250 16053 0 1777797274 226397
10 1166 15644 0 1777797274 240199
12 1216 22679 0 1777797274 240207
10 1167 3452 0 1777797274 243660
10 1168 2275 0 1777797274 245940
8 1274 20191 0 1777797274 246590
10 1169 6848 0 1777797274 252791
10 1170 4011 0 1777797274 256805
13 1251 40301 0 1777797274 266724
8 1275 26912 0 1777797274 273504
13 1252 6786 0 1777797274 273513
7 1188 55793 0 1777797274 280331
9 1205 61909 0 1777797274 280338
11 1223 61068 0 1777797274 280345
12 1217 40111 0 1777797274 280350
8 1276 11568 0 1777797274 285082
10 1171 28700 0 1777797274 285506
13 1253 12003 0 1777797274 285535
7 1189 8008 0 1777797274 288360
12 1218 10762 0 1777797274 291136
9 1206 11206 0 1777797274 291566
8 1277 11064 0 1777797274 296600
11 1224 16242 0 1777797274 296610
7 1190 11932 0 1777797274 300295
10 1172 14753 0 1777797274 300307
13 1254 14751 0 1777797274 300313
12 1219 10434 0 1777797274 301572
9 1207 10871 0 1777797274 302438
8 1278 9438 0 1777797274 306049
11 1225 10272 0 1777797274 306893
7 1191 11390 0 1777797274 311704
10 1173 11425 0 1777797274 311750
12 1220 10193 0 1777797274 311766
8 1279 9044 0 1777797274 315100
13 1255 14788 0 1777797274 315122
11 1226 10071 0 1777797274 316965
9 1208 18166 0 1777797274 320606
7 1192 15688 0 1777797274 327455
8 1280 12391 0 1777797274 327514
10 1174 15737 0 1777797274 327527
12 1221 15734 0 1777797274 327534
13 1256 12391 0 1777797274 327551
11 1227 12094 0 1777797274 329061
9 1209 8800 0 1777797274 329410
7 1193 3856 0 1777797274 331408
8 1281 3862 0 1777797274 331425
13 1257 4884 0 1777797274 332484
11 1228 10180 0 1777797274 339242
12 1222 11662 0 1777797274 339248
9 1210 11399 0 1777797274 340810
10 1175 13245 0 1777797274 340824
8 1282 10868 0 1777797274 342306
13 1258 9843 0 1777797274 342333
7 1194 15153 0 1777797274 346579
11 1229 7342 0 1777797274 346591
12 1223 7345 0 1777797274 346598
9 1211 8641 0 1777797274 349467
10 1176 8622 0 1777797274 349474
7 1195 9408 0 1777797274 356008
8 1283 13680 0 1777797274 356014
11 1230 9415 0 1777797274 356029
12 1224 9406 0 1777797274 356036
13 1259 13678 0 1777797274 356042
9 1212 8508 0 1777797274 357983
7 1196 5608 0 1777797274 361700
8 1284 5615 0 1777797274 361717
10 1177 12242 0 1777797274 361725
13 1260 5609 0 1777797274 361732
12 1225 8945 0 1777797274 365062
8 1285 3695 0 1777797274 365447
7 1197 6560 0 1777797274 368293
11 1231 12192 0 1777797274 368301
12 1226 3244 0 1777797274 368308
13 1261 6630 0 1777797274 368397
9 1213 12438 0 1777797274 370423
10 1178 8675 0 1777797274 370435
7 1198 10179 0 1777797274 378578
8 1286 13133 0 1777797274 378582
9 1214 8150 0 1777797274 378586
10 1179 8139 0 1777797274 378589
11 1232 10183 0 1777797274 378593
12 1227 10163 0 1777797274 378596
13 1262 10159 0 1777797274 378601
7 1199 12405 0 1777797274 391008
9 1215 12410 0 1777797274 391021
10 1180 12412 0 1777797274 391027
11 1233 12415 0 1777797274 391034
8 1287 13294 0 1777797274 391902
12 1228 15814 0 1777797274 394438
9 1216 5726 0 1777797274 396773
10 1181 5727 0 1777797274 396782
13 1263 18161 0 1777797274 396789
7 1200 7147 0 1777797274 398182
12 1229 3745 0 1777797274 398209
11 1234 8400 0 1777797274 399485
8 1288 8448 0 1777797274 400353
13 1264 4874 0 1777797274 401687
7 1201 10813 0 1777797274 409023
8 1289 8671 0 1777797274 409026
9 1217 12239 0 1777797274 409029
10 1182 12229 0 1777797274 409033
11 1235 9550 0 1777797274 409036
12 1230 10807 0 1777797274 409039
13 1265 8467 0 1777797274 410159
11 1236 14420 0 1777797274 423476
8 1290 21845 0 1777797274 430889
9 1218 21861 0 1777797274 430910
12 1231 21861 0 1777797274 430921
13 1266 20763 0 1777797274 430929
10 1183 28923 0 1777797274 437976
7 1202 30258 0 1777797274 439298
11 1237 15829 0 1777797274 439307
11 1238 21943 0 1777797274 461314
13 1267 49139 0 1777797274 480112
8 1291 102021 0 1777797274 532951
9 1219 105102 0 1777797274 536047
12 1232 105095 0 1777797274 536057
8 1292 5697 0 1777797274 538651
13 1268 60474 0 1777797274 540588
7 1203 107735 0 1777797274 547044
9 1220 11007 0 1777797274 547065
12 1233 11034 0 1777797274 547107
8 1293 11677 0 1777797274 550331
10 1184 115878 0 1777797274 553857
7 1204 7594 0 1777797274 554704
8 1294 7539 0 1777797274 557878
9 1221 10770 0 1777797274 557892
13 1269 17745 0 1777797274 558338
12 1234 12983 0 1777797274 560142
7 1205 8136 0 1777797274 562846
9 1222 4959 0 1777797274 562867
8 1295 5864 0 1777797274 563757
13 1270 6095 0 1777797274 564435
10 1185 10587 0 1777797274 564455
8 1296 16247 0 1777797274 580006
10 1186 15576 0 1777797274 580032
13 1271 15602 0 1777797274 580039
7 1206 17630 0 1777797274 580499
9 1223 17527 0 1777797274 580505
8 1297 9602 0 1777797274 589641
9 1224 9145 0 1777797274 589659
10 1187 9616 0 1777797274 589666
11 1239 128366 0 1777797274 589684
12 1235 30007 0 1777797274 590151
8 1298 3284 0 1777797274 592970
7 1207 80859 0 1777797274 661365
10 1188 71676 0 1777797274 661400
11 1240 71676 0 1777797274 661408
12 1236 71262 0 1777797274 661414
13 1272 81363 0 1777797274 661420
9 1225 72227 0 1777797274 661941
8 1299 69004 0 1777797274 661981
7 1208 13137 0 1777797274 674559
10 1189 13147 0 1777797274 674577
12 1237 13139 0 1777797274 674582
13 1273 13137 0 1777797274 674586
11 1241 17591 0 1777797274 679027
8 1300 17202 0 1777797274 679258
9 1226 17321 0 1777797274 679265
7 1209 21235 0 1777797274 695822
9 1227 16565 0 1777797274 695840
10 1190 21245 0 1777797274 695846
13 1274 21241 0 1777797274 695853
11 1242 18591 0 1777797274 697619
12 1238 24398 0 1777797274 699005
8 1301 21160 0 1777797274 700427
7 1210 9807 0 1777797274 705660
9 1228 9772 0 1777797274 705668
10 1191 10321 0 1777797274 706226
13 1275 11299 0 1777797274 707210
11 1243 14322 0 1777797274 711943
12 1239 13898 0 1777797274 712906
8 1302 23488 0 1777797274 723921
11 1244 12012 0 1777797274 723958
13 1276 16750 0 1777797274 723966
9 1229 23689 0 1777797274 729369
10 1192 23149 0 1777797274 729377
8 1303 7106 0 1777797274 731073
12 1240 18172 0 1777797274 731082
13 1277 7097 0 1777797274 731089
7 1211 32288 0 1777797274 737959
11 1245 13994 0 1777797274 737975
8 1304 14569 0 1777797274 745660
9 1230 16331 0 1777797274 745709
10 1193 16325 0 1777797274 745717
12 1241 14623 0 1777797274 745725
13 1278 14676 0 1777797274 745786
11 1246 11424 0 1777797274 749412
7 1212 17763 0 1777797274 755740
12 1242 9942 0 1777797274 755748
13 1279 11916 0 1777797274 757728
7 1213 5868 0 1777797274 761617
8 1305 15844 0 1777797274 761633
9 1231 15843 0 1777797274 761641
10 1194 15846 0 1777797274 761648
11 1247 12241 0 1777797274 761654
10 1195 9764 0 1777797274 771454
12 1243 15698 0 1777797274 771462
13 1280 13731 0 1777797274 771469
8 1306 13289 0 1777797274 774957
11 1248 13248 0 1777797274 774963
7 1214 14003 0 1777797274 775658
9 1232 14023 0 1777797274 775704
10 1196 10889 0 1777797274 782359
8 1307 18441 0 1777797274 793405
9 1233 17659 0 1777797274 793413
11 1249 18448 0 1777797274 793418
13 1281 21935 0 1777797274 793422
7 1215 20088 0 1777797274 795794
12 1244 35086 0 1777797274 806565
10 1197 26447 0 1777797274 808808
11 1250 15588 0 1777797274 809022
13 1282 15851 0 1777797274 809289
8 1308 18285 0 1777797274 811707
10 1198 4040 0 1777797274 812849
10 1199 1545 0 1777797274 814396
10 1200 4405 0 1777797274 818804
13 1283 9580 0 1777797274 818871
9 1234 28102 0 1777797274 821531
9 1235 3600 0 1777797274 825133
13 1284 8351 0 1777797274 827257
11 1251 19786 0 1777797274 828810
9 1236 8538 0 1777797274 833673
13 1285 6431 0 1777797274 833690
8 1309 22178 0 1777797274 833889
8 1310 4138 0 1777797274 838029
9 1237 4344 0 1777797274 838035
13 1286 4179 0 1777797274 838045
8 1311 9688 0 1777797274 847735
9 1238 9697 0 1777797274 847752
10 1201 28887 0 1777797274 847759
11 1252 18955 0 1777797274 847767
13 1287 9713 0 1777797274 847775
11 1253 3301 0 1777797274 851220
13 1288 3303 0 1777797274 851230
10 1202 9848 0 1777797274 857758
9 1239 12718 0 1777797274 860615
11 1254 9392 0 1777797274 860623
13 1289 10837 0 1777797274 862125
9 1240 3350 0 1777797274 863974
11 1255 4494 0 1777797274 865129
9 1241 2011 0 1777797274 865989
9 1242 3060 0 1777797274 869051
13 1290 7644 0 1777797274 869771
13 1291 2525 0 1777797274 872299
11 1256 10700 0 1777797274 875831
13 1292 3539 0 1777797274 875840
13 1293 3244 0 1777797274 879098
11 1257 3723 0 1777797274 879564
9 1243 11551 0 1777797274 880612
10 1203 30368 0 1777797274 888131
13 1294 9040 0 1777797274 888139
11 1258 9614 0 1777797274 889180
12 1245 82622 0 1777797274 889189
13 1295 11389 0 1777797274 899541
7 1216 110562 0 1777797274 906358
10 1204 18230 0 1777797274 906370
12 1246 17179 0 1777797274 906381
11 1259 20035 0 1777797274 909225
13 1296 9705 0 1777797274 909248
7 1217 8617 0 1777797274 914999
8 1312 67240 0 1777797274 915016
9 1244 34408 0 1777797274 915024
10 1205 8636 0 1777797274 915031
12 1247 8634 0 1777797274 915039
13 1297 8763 0 1777797274 918038
7 1218 8213 0 1777797274 923253
8 1313 8213 0 1777797274 923275
10 1206 8205 0 1777797274 923282
11 1260 14078 0 1777797274 923327
13 1298 5289 0 1777797274 923335
9 1245 13416 0 1777797274 928486
11 1261 5139 0 1777797274 928502
13 1299 5140 0 1777797274 928510
7 1219 7343 0 1777797274 930679
8 1314 7336 0 1777797274 930683
12 1248 15604 0 1777797274 930688
10 1207 9357 0 1777797274 932712
7 1220 9955 0 1777797274 940643
8 1315 9952 0 1777797274 940647
9 1246 12141 0 1777797274 940652
10 1208 7941 0 1777797274 940655
11 1262 12135 0 1777797274 940661
12 1249 9963 0 1777797274 940665
13 1300 12135 0 1777797274 940669
11 1263 33828 0 1777797274 974518
13 1301 33877 0 1777797274 974576
9 1247 33965 0 1777797274 974646
12 1250 33959 0 1777797274 974654
7 1221 35044 0 1777797274 975714
10 1209 35048 0 1777797274 975734
7 1222 14258 0 1777797274 989994
10 1210 14262 0 1777797274 990003
13 1302 15409 0 1777797274 990009
9 1248 15722 0 1777797274 990568
8 1316 50054 0 1777797274 990730
11 1264 16159 0 1777797274 990737
7 1223 8291 0 1777797274 998302
10 1211 8289 0 1777797274 998312
11 1265 7572 0 1777797274 998319
12 1251 23461 0 1777797274 998326
8 1317 8177 0 1777797274 998914
9 1249 8382 0 1777797274 998952
13 1303 8943 0 1777797274 998974
7 1224 10970 0 1777797275 9296
8 1318 10362 0 1777797275 9315
9 1250 10362 0 1777797275 9323
10 1212 11004 0 1777797275 9339
11 1266 11002 0 1777797275 9347
12 1252 12640 0 1777797275 10991
13 1304 12057 0 1777797275 11032
8 1319 8134 0 1777797275 17510
7 1225 11527 0 1777797275 20876
9 1251 11512 0 1777797275 20898
10 1213 11556 0 1777797275 20957
11 1267 11555 0 1777797275 20964
13 1305 13197 0 1777797275 24235
7 1226 8134 0 1777797275 29099
8 1320 11597 0 1777797275 29108
9 1252 8127 0 1777797275 29117
10 1214 8123 0 1777797275 29123
11 1268 8122 0 1777797275 29130
10 1215 2194 0 1777797275 31357
13 1306 7958 0 1777797275 32194
11 1269 4637 0 1777797275 33808
7 1227 8936 0 1777797275 38067
9 1253 8949 0 1777797275 38103
10 1216 8080 0 1777797275 39440
11 1270 5641 0 1777797275 39450
12 1253 28422 0 1777797275 39455
7 1228 10227 0 1777797275 48332
8 1321 19208 0 1777797275 48351
9 1254 10207 0 1777797275 48358
12 1254 8891 0 1777797275 48365
11 1271 9229 0 1777797275 48697
9 1255 5257 0 1777797275 53638
11 1272 4950 0 1777797275 53648
7 1229 5866 0 1777797275 54232
8 1322 5878 0 1777797275 54252
8 1323 6276 0 1777797275 60537
9 1256 6905 0 1777797275 60554
11 1273 6910 0 1777797275 60570
7 1230 8519 0 1777797275 62772
11 1274 3750 0 1777797275 64345
12 1255 17970 0 1777797275 66357
8 1324 9278 0 1777797275 69851
11 1275 5515 0 1777797275 69862
7 1231 7817 0 1777797275 70590
9 1257 10015 0 1777797275 70599
7 1232 2053 0 1777797275 72654
9 1258 2567 0 1777797275 73181
7 1233 1499 0 1777797275 74158
13 1307 42036 0 1777797275 74233
11 1276 5573 0 1777797275 75446
9 1259 5201 0 1777797275 78385
7 1234 4625 0 1777797275 78784
7 1235 1036 0 1777797275 79822
13 1308 5984 0 1777797275 80219
12 1256 14960 0 1777797275 81319
13 1309 1539 0 1777797275 81759
11 1277 7079 0 1777797275 82529
8 1325 17186 0 1777797275 87049
11 1278 4528 0 1777797275 87059
12 1257 5745 0 1777797275 87066
13 1310 5319 0 1777797275 87080
13 1311 2789 0 1777797275 89930
10 1217 52277 0 1777797275 91734
11 1279 4954 0 1777797275 92070
12 1258 5367 0 1777797275 92501
13 1312 3324 0 1777797275 93257
11 1280 3189 0 1777797275 95261
12 1259 4030 0 1777797275 96532
10 1218 6029 0 1777797275 97767
13 1313 4746 0 1777797275 98008
13 1314 1092 0 1777797275 99101
10 1219 2643 0 1777797275 100413
11 1281 5829 0 1777797275 101094
12 1260 6860 0 1777797275 103393
11 1282 3161 0 1777797275 104260
7 1236 28157 0 1777797275 107985
11 1283 4769 0 1777797275 109038
12 1261 6330 0 1777797275 109730
10 1220 12340 0 1777797275 112757
13 1315 13673 0 1777797275 112776
10 1221 1306 0 1777797275 114083
11 1284 5047 0 1777797275 114090
10 1222 866 0 1777797275 114957
11 1285 2914 0 1777797275 117026
8 1326 40092 0 1777797275 127173
13 1316 14391 0 1777797275 127180
7 1237 20173 0 1777797275 128160
10 1223 13224 0 1777797275 128183
11 1286 11168 0 1777797275 128197
12 1262 18485 0 1777797275 128217
9 1260 52644 0 1777797275 131032
11 1287 6517 0 1777797275 134779
12 1263 8697 0 1777797275 136967
13 1317 9825 0 1777797275 137014
8 1327 19395 0 1777797275 146576
11 1288 12052 0 1777797275 146833
12 1264 9823 0 1777797275 146839
13 1318 9854 0 1777797275 146893
10 1224 19526 0 1777797275 147763
8 1328 13158 0 1777797275 159737
9 1261 28712 0 1777797275 159746
12 1265 13299 0 1777797275 160149
13 1319 13259 0 1777797275 160153
7 1238 32327 0 1777797275 160545
10 1225 12785 0 1777797275 160553
11 1289 13719 0 1777797275 160559
8 1329 6088 0 1777797275 165837
7 1239 10601 0 1777797275 171161
9 1262 11429 0 1777797275 171196
10 1226 10658 0 1777797275 171226
12 1266 11129 0 1777797275 171282
13 1320 11134 0 1777797275 171294
8 1330 9005 0 1777797275 174844
11 1290 14276 0 1777797275 174853
9 1263 7025 0 1777797275 178350
10 1227 7054 0 1777797275 178390
12 1267 7025 0 1777797275 178398
13 1321 7043 0 1777797275 178426
8 1331 14166 0 1777797275 189020
11 1291 14163 0 1777797275 189028
7 1240 23235 0 1777797275 194530
10 1228 16633 0 1777797275 195075
13 1322 16631 0 1777797275 195088
12 1268 17216 0 1777797275 195666
9 1264 18709 0 1777797275 197138
8 1332 11228 0 1777797275 200257
11 1292 11227 0 1777797275 200266
7 1241 12125 0 1777797275 207214
10 1229 12128 0 1777797275 207226
12 1269 11560 0 1777797275 207233
13 1323 12135 0 1777797275 207239
8 1333 15966 0 1777797275 216233
9 1265 19225 0 1777797275 216367
11 1293 16089 0 1777797275 216376
10 1230 16483 0 1777797275 223739
13 1324 16473 0 1777797275 223748
7 1242 19242 0 1777797275 226483
8 1334 22675 0 1777797275 239052
9 1266 22688 0 1777797275 239076
10 1231 15347 0 1777797275 239096
11 1294 22709 0 1777797275 239105
12 1270 31858 0 1777797275 239126
13 1325 15301 0 1777797275 239135
7 1243 14693 0 1777797275 241180
8 1335 10070 0 1777797275 249206
9 1267 9917 0 1777797275 249219
10 1232 9907 0 1777797275 249228
11 1295 10576 0 1777797275 249974
7 1244 10302 0 1777797275 251488
12 1271 12097 0 1777797275 251505
10 1233 8362 0 1777797275 258360
7 1245 9383 0 1777797275 260889
8 1336 10933 0 1777797275 260909
9 1268 10925 0 1777797275 260916
13 1326 21506 0 1777797275 260923
11 1296 12492 0 1777797275 262496
12 1272 10991 0 1777797275 262506
7 1246 13438 0 1777797275 274361
8 1337 13422 0 1777797275 274366
10 1234 16049 0 1777797275 274413
13 1327 13462 0 1777797275 274421
11 1297 13067 0 1777797275 275574
12 1273 13051 0 1777797275 275583
9 1269 17918 0 1777797275 278870
7 1247 22813 0 1777797275 297235
13 1328 22816 0 1777797275 297259
10 1235 24882 0 1777797275 299319
9 1270 31135 0 1777797275 310017
13 1329 15878 0 1777797275 313160
7 1248 19459 0 1777797275 316719
12 1274 41143 0 1777797275 316750
9 1271 19116 0 1777797275 329135
10 1236 29812 0 1777797275 329143
11 1298 53566 0 1777797275 329150
13 1330 15988 0 1777797275 329156
7 1249 21457 0 1777797275 338208
10 1237 14233 0 1777797275 343401
13 1331 14232 0 1777797275 343412
7 1250 6818 0 1777797275 345030
9 1272 18162 0 1777797275 347319
11 1299 19836 0 1777797275 349011
7 1251 11771 0 1777797275 356804
10 1238 13405 0 1777797275 356819
13 1332 13385 0 1777797275 356827
12 1275 41151 0 1777797275 357950
11 1300 12893 0 1777797275 361905
13 1333 12134 0 1777797275 368986
7 1252 31960 0 1777797275 388788
8 1338 114368 0 1777797275 388799
9 1273 41474 0 1777797275 388803
10 1239 31964 0 1777797275 388807
11 1301 26896 0 1777797275 388811
12 1276 30862 0 1777797275 388815
13 1334 19689 0 1777797275 388819
9 1274 13948 0 1777797275 402783
11 1302 13955 0 1777797275 402798
12 1277 27494 0 1777797275 416341
7 1253 27842 0 1777797275 416661
8 1339 27840 0 1777797275 416670
10 1240 27839 0 1777797275 416678
11 1303 19444 0 1777797275 422290
8 1340 6732 0 1777797275 423423
11 1304 1825 0 1777797275 424124
7 1254 17208 0 1777797275 433887
8 1341 10483 0 1777797275 433914
10 1241 17222 0 1777797275 433921
11 1305 12223 0 1777797275 436352
11 1306 3869 0 1777797275 440224
12 1278 30040 0 1777797275 446382
8 1342 12869 0 1777797275 446800
8 1343 4495 0 1777797275 451300
7 1255 23248 0 1777797275 457171
7 1256 17531 0 1777797275 474713
8 1344 23418 0 1777797275 474720
7 1257 3296 0 1777797275 478017
12 1279 31643 0 1777797275 478026
11 1307 39916 0 1777797275 480143
7 1258 2771 0 1777797275 480798
10 1242 48707 0 1777797275 482645
8 1345 23501 0 1777797275 498232
11 1308 18094 0 1777797275 498240
13 1335 109395 0 1777797275 498247
10 1243 22263 0 1777797275 504910
7 1259 24173 0 1777797275 504973
12 1280 27610 0 1777797275 505648
9 1275 107585 0 1777797275 510384
13 1336 20616 0 1777797275 518891
12 1281 18021 0 1777797275 523670
10 1244 23526 0 1777797275 528445
11 1309 30189 0 1777797275 528454
12 1282 5728 0 1777797275 529404
7 1260 25332 0 1777797275 530306
8 1346 32577 0 1777797275 530824
9 1276 32562 0 1777797275 542957
11 1310 14496 0 1777797275 542963
7 1261 26663 0 1777797275 556972
8 1347 26161 0 1777797275 556989
10 1245 28542 0 1777797275 556997
12 1283 27603 0 1777797275 557012
8 1348 10215 0 1777797275 567248
10 1246 10210 0 1777797275 567254
9 1277 31463 0 1777797275 574426
7 1262 22536 0 1777797275 579550
10 1247 12294 0 1777797275 579557
12 1284 22463 0 1777797275 579564
10 1248 11794 0 1777797275 591479
13 1337 72596 0 1777797275 591489
7 1263 16139 0 1777797275 595704
8 1349 28464 0 1777797275 595719
10 1249 22972 0 1777797275 614463
11 1311 71500 0 1777797275 614471
12 1285 63964 0 1777797275 643657
13 1338 52167 0 1777797275 643669
8 1350 108284 0 1777797275 704025
10 1250 89981 0 1777797275 704453
13 1339 60805 0 1777797275 704484
12 1286 60908 0 1777797275 704578
7 1264 110123 0 1777797275 705845
11 1312 91372 0 1777797275 705857
9 1278 134840 0 1777797275 709268
12 1287 10790 0 1777797275 715370
10 1251 11739 0 1777797275 716280
7 1265 20184 0 1777797275 726042
9 1279 21478 0 1777797275 730749
11 1313 24697 0 1777797275 730759
13 1340 26206 0 1777797275 730766
7 1266 11180 0 1777797275 737224
8 1351 32767 0 1777797275 737252
10 1252 23196 0 1777797275 739485
13 1341 10577 0 1777797275 741384
12 1288 28869 0 1777797275 744249
13 1342 6724 0 1777797275 748206
10 1253 11582 0 1777797275 751069
7 1267 18220 0 1777797275 755475
8 1352 18962 0 1777797275 756476
11 1314 28287 0 1777797275 759067
9 1280 80156 0 1777797275 810923
8 1353 64178 0 1777797275 820656
10 1254 69596 0 1777797275 820667
12 1289 76421 0 1777797275 820674
13 1343 72463 0 1777797275 820680
9 1281 11731 0 1777797275 822657
7 1268 71325 0 1777797275 826803
10 1255 6102 0 1777797275 826811
13 1344 6084 0 1777797275 826817
11 1315 68413 0 1777797275 827482
12 1290 6773 0 1777797275 827492
8 1354 7173 0 1777797275 827854
10 1256 8511 0 1777797275 835338
12 1291 7847 0 1777797275 835351
13 1345 8522 0 1777797275 835357
7 1269 11469 0 1777797275 838287
8 1355 10448 0 1777797275 838304
9 1282 15651 0 1777797275 838311
11 1316 10826 0 1777797275 838318
12 1292 4029 0 1777797275 839403
13 1346 4034 0 1777797275 839415
10 1257 14532 0 1777797275 849891
7 1270 20945 0 1777797275 859264
8 1356 20935 0 1777797275 859274
9 1283 20923 0 1777797275 859282
10 1258 9389 0 1777797275 859290
11 1317 20911 0 1777797275 859296
12 1293 19897 0 1777797275 859313
13 1347 19896 0 1777797275 859323
7 1271 21069 0 1777797275 880394
8 1357 21074 0 1777797275 880412
9 1284 21068 0 1777797275 880419
10 1259 21067 0 1777797275 880426
11 1318 21060 0 1777797275 880433
12 1294 21054 0 1777797275 880440
13 1348 21052 0 1777797275 880446
12 1295 19033 0 1777797275 901154
9 1285 52925 0 1777797275 935029
10 1260 52929 0 1777797275 935039
11 1319 52931 0 1777797275 935046
12 1296 33892 0 1777797275 935053
13 1349 52933 0 1777797275 935059
7 1272 69327 0 1777797275 949774
8 1358 67747 0 1777797275 949843
10 1261 21705 0 1777797275 956776
13 1350 26211 0 1777797275 961323
9 1286 28333 0 1777797275 963394
9 1287 11723 0 1777797275 975126
11 1320 40053 0 1777797275 975134
13 1351 13811 0 1777797275 975140
10 1262 18882 0 1777797275 975666
7 1273 29269 0 1777797275 979115
9 1288 3982 0 1777797275 979123
11 1321 6197 0 1777797275 981346
10 1263 6046 0 1777797275 981714
8 1359 40460 0 1777797275 990324
12 1297 55228 0 1777797275 990329
13 1352 21477 0 1777797275 996632
8 1360 17911 0 1777797276 8240
9 1289 29114 0 1777797276 8249
13 1353 13941 0 1777797276 10585
7 1274 33314 0 1777797276 12439
12 1298 22114 0 1777797276 12449
9 1290 12507 0 1777797276 20770
10 1264 39877 0 1777797276 21593
7 1275 12594 0 1777797276 25044
12 1299 14339 0 1777797276 26800
7 1276 13328 0 1777797276 38375
10 1265 18025 0 1777797276 39632
11 1322 61790 0 1777797276 43138
7 1277 8213 0 1777797276 46591
9 1291 27715 0 1777797276 48488
12 1300 21681 0 1777797276 48495
8 1361 42646 0 1777797276 50899
13 1354 41589 0 1777797276 52183
7 1278 12340 0 1777797276 58933
9 1292 10459 0 1777797276 58956
8 1362 13334 0 1777797276 64235
11 1323 21095 0 1777797276 64245
10 1266 26644 0 1777797276 66282
13 1355 14467 0 1777797276 66655
8 1363 6326 0 1777797276 70573
12 1301 22102 0 1777797276 70608
11 1324 7590 0 1777797276 71851
7 1279 14937 0 1777797276 73872
9 1293 16795 0 1777797276 75753
10 1267 9968 0 1777797276 76252
13 1356 14210 0 1777797276 80870
7 1280 13470 0 1777797276 87346
8 1364 16742 0 1777797276 87352
11 1325 15503 0 1777797276 87360
12 1302 16746 0 1777797276 87371
10 1268 12049 0 1777797276 88304
11 1326 9518 0 1777797276 96955
7 1281 11337 0 1777797276 98710
10 1269 10418 0 1777797276 98724
8 1365 12330 0 1777797276 99758
12 1303 12793 0 1777797276 100242
8 1366 4497 0 1777797276 104259
10 1270 6768 0 1777797276 105510
9 1294 30804 0 1777797276 106563
13 1357 25917 0 1777797276 106789
7 1282 8939 0 1777797276 107666
12 1304 8575 0 1777797276 108819
8 1367 13037 0 1777797276 117298
9 1295 10740 0 1777797276 117305
7 1283 16674 0 1777797276 124343
10 1271 18832 0 1777797276 124352
12 1305 15535 0 1777797276 124359
13 1358 19049 0 1777797276 125888
11 1327 31721 0 1777797276 128680
7 1284 14218 0 1777797276 138578
8 1368 21281 0 1777797276 138587
11 1328 9924 0 1777797276 138607
13 1359 12762 0 1777797276 138654
9 1296 23466 0 1777797276 140784
10 1272 16422 0 1777797276 140793
12 1306 16427 0 1777797276 140806
8 1369 4331 0 1777797276 142999
9 1297 8215 0 1777797276 149024
10 1273 9009 0 1777797276 149844
7 1285 25922 0 1777797276 164578
8 1370 21585 0 1777797276 164587
11 1329 25919 0 1777797276 164604
12 1307 23767 0 1777797276 164612
9 1298 28344 0 1777797276 177370
11 1330 18226 0 1777797276 182859
12 1308 18189 0 1777797276 182865
7 1286 24046 0 1777797276 188659
10 1274 44720 0 1777797276 194566
9 1299 289972 0 1777797276 467355
10 1275 272791 0 1777797276 467371
11 1331 284514 0 1777797276 467380
13 1360 334784 0 1777797276 473493
12 1309 290916 0 1777797276 473792
7 1287 336612 0 1777797276 525275
8 1371 360659 0 1777797276 525284
10 1276 57878 0 1777797276 525289
11 1332 57871 0 1777797276 525293
13 1361 51796 0 1777797276 525299
12 1310 51544 0 1777797276 525338
7 1288 6744 0 1777797276 532043
8 1372 6752 0 1777797276 532062
9 1300 64688 0 1777797276 532069
11 1333 6754 0 1777797276 532075
12 1311 6751 0 1777797276 532090
8 1373 3319 0 1777797276 535431
8 1374 5046 0 1777797276 540482
11 1334 8411 0 1777797276 540543
13 1362 15254 0 1777797276 540579
7 1289 8530 0 1777797276 540621
9 1301 8526 0 1777797276 540650
12 1312 8897 0 1777797276 541036
10 1277 15740 0 1777797276 541055
8 1375 7034 0 1777797276 547519
9 1302 6865 0 1777797276 547526
11 1335 6952 0 1777797276 547532
7 1290 7514 0 1777797276 548165
10 1278 7785 0 1777797276 548841
13 1363 8423 0 1777797276 549013
7 1291 1693 0 1777797276 549864
8 1376 3011 0 1777797276 550544
12 1313 9516 0 1777797276 550554
9 1303 3592 0 1777797276 551134
11 1336 7847 0 1777797276 555395
13 1364 7888 0 1777797276 556902
13 1365 2740 0 1777797276 559648
13 1366 2505 0 1777797276 562155
8 1377 13608 0 1777797276 564163
13 1367 3114 0 1777797276 565273
9 1304 14902 0 1777797276 566038
7 1292 18687 0 1777797276 568556
10 1279 44981 0 1777797276 593823
7 1293 25767 0 1777797276 594326
8 1378 30166 0 1777797276 594332
12 1314 43772 0 1777797276 594337
13 1368 29414 0 1777797276 594689
11 1337 41047 0 1777797276 596449
8 1379 10647 0 1777797276 605090
7 1294 11600 0 1777797276 605938
9 1305 39900 0 1777797276 605944
10 1280 12126 0 1777797276 605950
12 1315 11507 0 1777797276 605961
13 1369 11838 0 1777797276 606528
8 1380 8531 0 1777797276 613624
9 1306 7667 0 1777797276 613637
12 1316 7663 0 1777797276 613646
7 1295 8064 0 1777797276 614026
11 1338 17578 0 1777797276 614031
10 1281 8101 0 1777797276 614078
8 1381 5123 0 1777797276 618771
10 1282 4710 0 1777797276 618789
9 1307 9640 0 1777797276 623297
11 1339 9241 0 1777797276 623304
12 1317 9648 0 1777797276 623310
13 1370 17322 0 1777797276 623851
10 1283 7664 0 1777797276 626456
9 1308 4792 0 1777797276 628103
11 1340 5279 0 1777797276 628599
9 1309 2551 0 1777797276 630659
12 1318 8528 0 1777797276 631856
13 1371 8527 0 1777797276 632379
7 1296 18756 0 1777797276 632808
11 1341 5977 0 1777797276 634578
12 1319 3963 0 1777797276 635821
9 1310 5816 0 1777797276 636477
7 1297 4729 0 1777797276 637539
13 1372 6637 0 1777797276 639018
7 1298 4816 0 1777797276 642357
13 1373 7286 0 1777797276 646307
7 1299 8645 0 1777797276 651006
11 1342 16431 0 1777797276 651011
7 1300 15220 0 1777797276 666232
8 1382 47465 0 1777797276 666238
9 1311 29756 0 1777797276 666243
10 1284 39792 0 1777797276 666249
12 1320 30432 0 1777797276 666256
13 1374 19954 0 1777797276 666262
11 1343 16036 0 1777797276 667055
10 1285 4861 0 1777797276 671159
11 1344 7462 0 1777797276 674518
10 1286 8344 0 1777797276 679505
12 1321 20301 0 1777797276 686605
10 1287 9607 0 1777797276 689113
8 1383 23979 0 1777797276 690261
7 1301 25471 0 1777797276 691735
13 1375 29204 0 1777797276 695516
8 1384 7578 0 1777797276 697898
7 1302 11557 0 1777797276 703295
13 1376 17383 0 1777797276 712904
10 1288 24155 0 1777797276 713277
12 1322 28068 0 1777797276 714675
7 1303 13372 0 1777797276 716669
12 1323 2951 0 1777797276 717630
12 1324 4188 0 1777797276 721821
8 1385 25687 0 1777797276 723600
10 1289 15994 0 1777797276 729272
9 1312 67505 0 1777797276 733795
13 1377 21682 0 1777797276 734589
7 1304 20995 0 1777797276 737667
13 1378 4215 0 1777797276 738806
10 1290 10852 0 1777797276 740128
8 1386 17009 0 1777797276 740612
11 1345 66298 0 1777797276 740818
12 1325 22296 0 1777797276 744123
7 1305 8879 0 1777797276 746550
12 1326 3933 0 1777797276 748059
11 1346 9081 0 1777797276 749901
13 1379 12808 0 1777797276 751616
9 1313 18983 0 1777797276 752780
8 1387 12380 0 1777797276 752993
10 1291 15486 0 1777797276 755618
7 1306 9762 0 1777797276 756315
7 1307 4253 0 1777797276 760572
11 1347 10974 0 1777797276 760877
9 1314 8303 0 1777797276 761086
13 1380 18488 0 1777797276 770107
12 1327 23724 0 1777797276 771788
8 1388 25503 0 1777797276 778498
10 1292 22879 0 1777797276 778504
12 1328 9010 0 1777797276 780801
9 1315 20742 0 1777797276 781828
13 1381 11732 0 1777797276 781847
7 1308 27595 0 1777797276 788169
11 1348 27303 0 1777797276 788181
8 1389 10566 0 1777797276 789072
9 1316 7251 0 1777797276 789080
10 1293 13581 0 1777797276 792094
12 1329 13034 0 1777797276 793838
13 1382 12001 0 1777797276 793849
7 1309 8589 0 1777797276 796772
11 1349 8598 0 1777797276 796789
9 1317 12883 0 1777797276 801974
7 1310 11901 0 1777797276 808692
8 1390 19629 0 1777797276 808710
10 1294 16622 0 1777797276 808718
11 1350 11923 0 1777797276 808727
12 1330 14883 0 1777797276 808733
13 1383 14877 0 1777797276 808741
9 1318 7045 0 1777797276 809023
9 1319 7958 0 1777797276 816984
10 1295 8168 0 1777797276 817011
7 1311 13591 0 1777797276 822333
8 1391 13591 0 1777797276 822352
11 1351 13382 0 1777797276 822361
12 1331 13380 0 1777797276 822368
13 1384 13370 0 1777797276 822375
9 1320 8757 0 1777797276 825769
7 1312 8354 0 1777797276 830730
8 1392 8422 0 1777797276 830818
10 1296 13418 0 1777797276 830829
11 1352 8422 0 1777797276 830835
12 1332 8420 0 1777797276 830843
13 1385 8419 0 1777797276 830850
9 1321 17459 0 1777797276 843232
7 1313 16236 0 1777797276 847088
11 1353 16069 0 1777797276 847103
12 1333 16069 0 1777797276 847110
13 1386 16070 0 1777797276 847117
8 1393 18456 0 1777797276 849401
9 1322 12392 0 1777797276 855627
10 1297 24615 0 1777797276 855635
12 1334 10393 0 1777797276 858724
7 1314 17114 0 1777797276 864232
8 1394 16866 0 1777797276 866273
9 1323 10647 0 1777797276 866283
10 1298 10643 0 1777797276 866290
11 1354 19170 0 1777797276 866299
13 1387 17967 0 1777797276 866305
7 1315 8465 0 1777797276 872698
9 1324 10367 0 1777797276 876687
11 1355 10365 0 1777797276 876701
13 1388 10141 0 1777797276 876708
12 1335 18763 0 1777797276 877497
10 1299 14708 0 1777797276 881036
8 1395 16781 0 1777797276 883087
13 1389 6362 0 1777797276 883105
7 1316 14941 0 1777797276 887643
9 1325 10944 0 1777797276 887653
11 1356 10925 0 1777797276 887659
7 1317 9069 0 1777797276 896730
9 1326 9071 0 1777797276 896745
10 1300 15707 0 1777797276 896751
11 1357 9075 0 1777797276 896758
12 1336 19265 0 1777797276 896764
13 1390 13616 0 1777797276 896770
8 1396 15187 0 1777797276 898293
7 1318 8759 0 1777797276 905530
9 1327 8766 0 1777797276 905548
11 1358 9160 0 1777797276 905958
8 1397 8849 0 1777797276 907144
7 1319 41392 0 1777797276 947388
8 1398 40937 0 1777797276 948084
9 1328 42060 0 1777797276 948100
10 1301 51316 0 1777797276 948106
11 1359 41980 0 1777797276 948112
12 1337 51313 0 1777797276 948117
13 1391 51841 0 1777797276 948653
9 1329 2874 0 1777797276 951003
9 1330 2124 0 1777797276 953129
10 1302 7656 0 1777797276 955820
10 1303 8400 0 1777797276 964223
13 1392 15587 0 1777797276 964241
8 1399 17188 0 1777797276 965307
7 1320 19931 0 1777797276 967322
13 1393 6988 0 1777797276 971306
7 1321 5446 0 1777797276 972770
11 1360 24695 0 1777797276 972866
10 1304 10081 0 1777797276 974323
13 1394 3015 0 1777797276 974331
8 1400 16707 0 1777797276 982017
11 1361 9081 0 1777797276 982022
12 1338 33850 0 1777797276 982030
7 1322 10696 0 1777797276 983617
9 1331 31891 0 1777797276 985028
13 1395 15222 0 1777797276 989588
11 1362 12185 0 1777797276 994226
8 1401 15085 0 1777797276 997117
7 1323 15820 0 1777797276 999443
9 1332 14418 0 1777797276 999453
12 1339 17397 0 1777797276 999460
8 1402 5565 0 1777797277 2684
9 1333 7013 0 1777797277 6483
12 1340 13665 0 1777797277 13143
7 1324 18630 0 1777797277 18091
8 1403 17849 0 1777797277 20538
9 1334 14071 0 1777797277 20557
13 1396 30975 0 1777797277 20572
7 1325 6579 0 1777797277 24672
9 1335 4096 0 1777797277 24680
10 1305 50356 0 1777797277 24687
12 1341 11556 0 1777797277 24701
8 1404 6933 0 1777797277 27506
9 1336 5033 0 1777797277 29746
11 1363 35521 0 1777797277 29754
13 1397 9153 0 1777797277 29761
7 1326 7986 0 1777797277 32688
8 1405 5213 0 1777797277 32721
9 1337 2967 0 1777797277 32729
10 1306 8026 0 1777797277 32746
11 1364 6614 0 1777797277 36392
12 1342 11681 0 1777797277 36408
8 1406 6908 0 1777797277 39669
10 1307 6911 0 1777797277 39682
13 1398 9902 0 1777797277 39689
7 1327 10162 0 1777797277 42910
9 1338 10398 0 1777797277 43164
11 1365 6762 0 1777797277 43171
12 1343 6765 0 1777797277 43184
7 1328 9517 0 1777797277 52428
9 1339 9242 0 1777797277 52444
12 1344 9224 0 1777797277 52453
10 1308 12828 0 1777797277 52542
11 1366 9370 0 1777797277 52584
8 1407 13762 0 1777797277 53452
7 1329 9875 0 1777797277 62329
8 1408 8890 0 1777797277 62344
9 1340 9847 0 1777797277 62352
10 1309 9815 0 1777797277 62358
11 1367 9782 0 1777797277 62368
13 1399 22663 0 1777797277 62387
12 1345 10698 0 1777797277 63221
7 1330 3651 0 1777797277 66039
9 1341 14358 0 1777797277 76762
11 1368 14361 0 1777797277 76779
12 1346 13564 0 1777797277 76787
13 1400 14369 0 1777797277 76793
7 1331 11776 0 1777797277 77819
10 1310 15412 0 1777797277 77824
8 1409 16091 0 1777797277 78488
7 1332 15147 0 1777797277 92971
8 1410 14500 0 1777797277 92993
9 1342 16206 0 1777797277 93000
10 1311 15186 0 1777797277 93015
11 1369 16219 0 1777797277 93022
12 1347 16256 0 1777797277 93065
13 1401 16257 0 1777797277 93074
7 1333 18743 0 1777797277 111818
8 1411 18736 0 1777797277 111827
9 1343 18781 0 1777797277 111879
10 1312 18785 0 1777797277 111891
11 1370 18777 0 1777797277 111896
12 1348 18774 0 1777797277 111900
13 1402 18770 0 1777797277 111903
9 1344 7402 0 1777797277 119321
8 1412 7859 0 1777797277 119771
10 1313 7854 0 1777797277 119779
13 1403 8785 0 1777797277 120725
8 1413 8380 0 1777797277 128160
9 1345 8859 0 1777797277 128188
11 1371 16283 0 1777797277 128212
12 1349 16401 0 1777797277 128335
7 1334 16449 0 1777797277 128352
10 1314 10119 0 1777797277 129915
7 1335 9894 0 1777797277 138248
11 1372 10024 0 1777797277 138256
12 1350 9927 0 1777797277 138263
13 1404 17544 0 1777797277 138271
8 1414 11637 0 1777797277 139851
9 1346 11635 0 1777797277 139859
10 1315 10305 0 1777797277 140225
13 1405 8697 0 1777797277 147005
8 1415 7467 0 1777797277 147327
9 1347 7464 0 1777797277 147333
10 1316 7127 0 1777797277 147354
7 1336 15187 0 1777797277 153459
8 1416 6133 0 1777797277 153467
11 1373 15195 0 1777797277 153476
13 1406 6477 0 1777797277 153484
12 1351 15626 0 1777797277 153918
7 1337 8492 0 1777797277 161977
11 1374 8455 0 1777797277 161986
12 1352 8070 0 1777797277 161993
13 1407 17069 0 1777797277 170613
7 1338 10202 0 1777797277 172197
12 1353 10196 0 1777797277 172209
11 1375 13514 0 1777797277 175519
11 1376 2435 0 1777797277 177962
7 1339 6065 0 1777797277 178275
9 1348 32525 0 1777797277 179865
7 1340 3037 0 1777797277 181313
8 1417 29115 0 1777797277 182636
11 1377 4679 0 1777797277 182643
9 1349 6286 0 1777797277 186156
10 1317 38808 0 1777797277 186163
12 1354 13941 0 1777797277 186171
7 1341 7428 0 1777797277 188743
11 1378 8187 0 1777797277 190850
12 1355 6022 0 1777797277 192246
7 1342 5150 0 1777797277 193896
7 1343 6271 0 1777797277 200171
11 1379 9327 0 1777797277 200179
12 1356 7937 0 1777797277 200185
11 1380 3321 0 1777797277 203520
12 1357 3663 0 1777797277 203871
7 1344 12505 0 1777797277 212691
11 1381 9116 0 1777797277 212702
12 1358 8844 0 1777797277 212716
13 1408 43972 0 1777797277 214595
9 1350 32227 0 1777797277 218400
9 1351 5926 0 1777797277 224330
13 1409 9741 0 1777797277 224338
12 1359 11982 0 1777797277 225037
11 1382 12866 0 1777797277 225602
8 1418 44292 0 1777797277 226937
9 1352 4705 0 1777797277 229044
8 1419 3550 0 1777797277 230493
11 1383 6792 0 1777797277 232396
12 1360 7877 0 1777797277 232915
13 1410 23361 0 1777797277 247708
12 1361 27361 0 1777797277 260282
7 1345 64026 0 1777797277 276744
9 1353 47684 0 1777797277 276757
8 1420 47505 0 1777797277 278001
10 1318 92565 0 1777797277 278778
10 1319 1932 0 1777797277 280712
7 1346 7148 0 1777797277 283907
9 1354 8118 0 1777797277 284902
10 1320 4422 0 1777797277 285136
8 1421 8793 0 1777797277 286801
7 1347 8867 0 1777797277 292776
9 1355 7879 0 1777797277 292783
13 1411 45076 0 1777797277 292788
8 1422 9680 0 1777797277 296483
10 1321 11349 0 1777797277 296487
11 1384 65858 0 1777797277 298255
12 1362 37986 0 1777797277 298272
9 1356 7835 0 1777797277 300632
13 1412 9510 0 1777797277 302310
7 1348 9892 0 1777797277 302680
7 1349 7091 0 1777797277 309772
9 1357 9153 0 1777797277 309790
10 1322 13305 0 1777797277 309798
8 1423 14900 0 1777797277 311387
11 1385 13123 0 1777797277 311396
12 1363 14029 0 1777797277 312320
13 1413 10007 0 1777797277 312326
7 1350 6670 0 1777797277 316470
11 1386 5063 0 1777797277 316474
9 1358 8577 0 1777797277 318396
8 1424 7502 0 1777797277 318900
10 1323 12681 0 1777797277 322509
7 1351 6053 0 1777797277 322528
9 1359 4347 0 1777797277 322744
8 1425 4949 0 1777797277 323851
7 1352 6706 0 1777797277 329235
9 1360 6524 0 1777797277 329269
10 1324 6780 0 1777797277 329291
8 1426 6951 0 1777797277 330804
13 1414 18480 0 1777797277 330815
11 1387 16513 0 1777797277 332993
7 1353 6417 0 1777797277 335710
9 1361 6404 0 1777797277 335721
13 1415 5790 0 1777797277 336618
10 1325 7725 0 1777797277 337053
8 1427 7261 0 1777797277 338077
9 1362 4014 0 1777797277 339755
13 1416 3143 0 1777797277 339763
7 1354 4541 0 1777797277 340264
10 1326 3211 0 1777797277 340270
8 1428 7296 0 1777797277 345376
9 1363 5621 0 1777797277 345385
11 1388 12397 0 1777797277 345393
12 1364 33074 0 1777797277 345400
7 1355 6230 0 1777797277 346501
10 1327 6925 0 1777797277 347205
13 1417 7808 0 1777797277 347584
7 1356 3295 0 1777797277 349800
13 1418 2251 0 1777797277 349836
7 1357 3286 0 1777797277 353124
8 1429 7758 0 1777797277 353159
9 1364 7782 0 1777797277 353202
10 1328 6019 0 1777797277 353226
10 1329 2650 0 1777797277 355915
13 1419 6068 0 1777797277 355927
7 1358 7873 0 1777797277 361100
8 1430 7861 0 1777797277 361110
9 1365 7861 0 1777797277 361117
11 1389 15693 0 1777797277 361124
12 1365 15695 0 1777797277 361133
13 1420 5202 0 1777797277 361139
10 1330 10296 0 1777797277 366224
13 1421 5007 0 1777797277 366239
11 1390 6453 0 1777797277 367671
8 1431 6515 0 1777797277 367709
12 1366 6727 0 1777797277 367953
7 1359 9356 0 1777797277 370497
9 1366 9306 0 1777797277 370510
13 1422 4577 0 1777797277 370853
11 1391 3918 0 1777797277 371590
8 1432 5322 0 1777797277 373032
11 1392 3385 0 1777797277 374980
12 1367 7033 0 1777797277 374987
7 1360 7852 0 1777797277 378363
8 1433 5336 0 1777797277 378374
9 1367 7859 0 1777797277 378380
10 1331 12147 0 1777797277 378387
13 1423 7540 0 1777797277 378394
10 1332 3021 0 1777797277 381444
8 1434 3735 0 1777797277 382141
9 1368 3732 0 1777797277 382147
7 1361 4576 0 1777797277 382970
12 1368 11831 0 1777797277 386828
8 1435 7225 0 1777797277 389373
9 1369 7226 0 1777797277 389383
11 1393 14402 0 1777797277 389390
7 1362 7230 0 1777797277 390202
10 1333 9376 0 1777797277 390824
12 1369 4800 0 1777797277 391631
11 1394 2865 0 1777797277 392275
8 1436 5065 0 1777797277 394456
9 1370 5309 0 1777797277 394711
9 1371 3826 0 1777797277 398539
7 1363 8751 0 1777797277 398955
10 1334 10670 0 1777797277 401496
11 1395 10009 0 1777797277 402287
11 1396 2545 0 1777797277 404837
12 1370 15078 0 1777797277 406712
7 1364 10071 0 1777797277 409030
9 1372 10552 0 1777797277 409093
8 1437 19070 0 1777797277 413532
11 1397 8700 0 1777797277 413539
10 1335 12058 0 1777797277 413563
12 1371 7551 0 1777797277 414265
13 1424 35842 0 1777797277 414272
12 1372 4189 0 1777797277 418462
7 1365 9628 0 1777797277 418723
9 1373 9625 0 1777797277 418730
11 1398 6277 0 1777797277 419826
10 1336 8555 0 1777797277 422119
8 1438 9200 0 1777797277 422740
13 1425 9360 0 1777797277 423653
9 1374 4983 0 1777797277 423773
7 1366 10601 0 1777797277 429332
8 1439 6596 0 1777797277 429339
9 1375 5571 0 1777797277 429346
11 1399 9517 0 1777797277 429352
13 1426 5715 0 1777797277 429369
10 1337 8109 0 1777797277 430230
7 1367 9192 0 1777797277 438562
8 1440 9191 0 1777797277 438570
10 1338 8343 0 1777797277 438577
12 1373 20117 0 1777797277 438587
13 1427 9192 0 1777797277 438593
9 1376 9611 0 1777797277 438998
8 1441 1473 0 1777797277 440077
13 1428 1536 0 1777797277 440162
8 1442 1512 0 1777797277 441591
12 1374 2977 0 1777797277 441597
11 1400 20475 0 1777797277 449870
10 1339 13453 0 1777797277 452065
13 1429 11916 0 1777797277 452081
9 1377 13720 0 1777797277 452719
13 1430 6417 0 1777797277 458515
9 1378 7499 0 1777797277 460220
8 1443 19690 0 1777797277 461288
10 1340 9529 0 1777797277 461611
11 1401 12644 0 1777797277 462522
8 1444 1852 0 1777797277 463145
9 1379 3383 0 1777797277 463605
11 1402 2559 0 1777797277 465083
7 1368 26692 0 1777797277 465288
9 1380 2096 0 1777797277 465703
7 1369 1651 0 1777797277 466940
9 1381 2334 0 1777797277 468039
8 1445 5403 0 1777797277 468554
13 1431 11229 0 1777797277 469747
12 1375 33033 0 1777797277 474647
7 1370 9238 0 1777797277 476180
10 1341 14581 0 1777797277 476194
11 1403 11628 0 1777797277 476718
7 1371 10563 0 1777797277 486759
11 1404 15429 0 1777797277 492149
9 1382 27384 0 1777797277 495425
7 1372 8891 0 1777797277 495652
8 1446 27163 0 1777797277 495718
10 1342 21945 0 1777797277 498151
7 1373 4794 0 1777797277 500447
11 1405 8310 0 1777797277 500461
7 1374 2657 0 1777797277 503120
10 1343 7508 0 1777797277 505665
11 1406 6468 0 1777797277 506942
13 1432 37202 0 1777797277 506954
7 1375 4282 0 1777797277 507404
8 1447 13804 0 1777797277 509523
9 1383 14104 0 1777797277 509531
7 1376 4876 0 1777797277 512283
11 1407 8331 0 1777797277 515286
7 1377 3311 0 1777797277 515596
9 1384 7627 0 1777797277 517169
8 1448 10357 0 1777797277 519889
12 1376 47607 0 1777797277 522265
8 1449 3776 0 1777797277 523670
7 1378 9868 0 1777797277 525466
13 1433 22939 0 1777797277 529903
7 1379 4475 0 1777797277 529943
8 1450 9633 0 1777797277 533305
9 1385 16146 0 1777797277 533317
12 1377 11055 0 1777797277 533323
10 1344 27908 0 1777797277 533577
13 1434 5008 0 1777797277 534913
11 1408 21669 0 1777797277 536957
12 1378 6588 0 1777797277 539927
11 1409 5239 0 1777797277 542199
7 1380 13018 0 1777797277 542963
11 1410 1621 0 1777797277 543824
11 1411 887 0 1777797277 544713
10 1345 11943 0 1777797277 545522
7 1381 3444 0 1777797277 546409
7 1382 2696 0 1777797277 549107
9 1386 16410 0 1777797277 549745
10 1346 6278 0 1777797277 551801
12 1379 11951 0 1777797277 551880
9 1387 3583 0 1777797277 553330
8 1451 20444 0 1777797277 553768
9 1388 1638 0 1777797277 554972
9 1389 1779 0 1777797277 556754
8 1452 5221 0 1777797277 558994
9 1390 5427 0 1777797277 562183
7 1383 14640 0 1777797277 563749
8 1453 4951 0 1777797277 563947
8 1454 8150 0 1777797277 572099
7 1384 8832 0 1777797277 572583
10 1347 20784 0 1777797277 572593
11 1412 27885 0 1777797277 572600
12 1380 21740 0 1777797277 573621
10 1348 4535 0 1777797277 577147
8 1455 7981 0 1777797277 580084
9 1391 19476 0 1777797277 581661
7 1385 11054 0 1777797277 583655
8 1456 4122 0 1777797277 584208
9 1392 3065 0 1777797277 584728
12 1381 12338 0 1777797277 585963
11 1413 13782 0 1777797277 586402
7 1386 4379 0 1777797277 588036
11 1414 2001 0 1777797277 588404
10 1349 11434 0 1777797277 588584
12 1382 4088 0 1777797277 590052
13 1435 55793 0 1777797277 590713
8 1457 7137 0 1777797277 591348
9 1393 9145 0 1777797277 593878
11 1415 5575 0 1777797277 593981
11 1416 2214 0 1777797277 596197
10 1350 10173 0 1777797277 598759
8 1458 8294 0 1777797277 599646
7 1387 11630 0 1777797277 599669
11 1417 3996 0 1777797277 600195
12 1383 14358 0 1777797277 604415
11 1418 4984 0 1777797277 605183
9 1394 11946 0 1777797277 605831
12 1384 2014 0 1777797277 606430
7 1388 7374 0 1777797277 607044
10 1351 10965 0 1777797277 609795
9 1395 4245 0 1777797277 610097
12 1385 8131 0 1777797277 614563
9 1396 4679 0 1777797277 614779
10 1352 4988 0 1777797277 614785
13 1436 29751 0 1777797277 620466
11 1419 16337 0 1777797277 621527
10 1353 8067 0 1777797277 622864
13 1437 2488 0 1777797277 622957
11 1420 3351 0 1777797277 624884
8 1459 27873 0 1777797277 627523
13 1438 4816 0 1777797277 627775
10 1354 6023 0 1777797277 628891
7 1389 21987 0 1777797277 629034
9 1397 21082 0 1777797277 635868
8 1460 9666 0 1777797277 637192
12 1386 22820 0 1777797277 637393
9 1398 3502 0 1777797277 639372
7 1390 12051 0 1777797277 641088
9 1399 4505 0 1777797277 643881
7 1391 5233 0 1777797277 646328
9 1400 2463 0 1777797277 646347
13 1439 19249 0 1777797277 647029
7 1392 850 0 1777797277 647180
9 1401 2650 0 1777797277 648999
10 1355 21218 0 1777797277 650114
8 1461 13563 0 1777797277 650759
9 1402 5610 0 1777797277 654612
12 1387 17229 0 1777797277 654624
7 1393 7585 0 1777797277 654767
12 1388 1939 0 1777797277 656581
11 1421 33091 0 1777797277 657977
11 1422 1327 0 1777797277 659306
13 1440 12600 0 1777797277 659630
11 1423 1970 0 1777797277 661279
8 1462 10827 0 1777797277 661592
8 1463 4414 0 1777797277 666008
7 1394 11468 0 1777797277 666236
13 1441 6615 0 1777797277 666247
12 1389 11881 0 1777797277 668464
13 1442 2220 0 1777797277 668477
8 1464 3200 0 1777797277 669218
11 1424 7946 0 1777797277 669227
10 1356 22834 0 1777797277 672951
13 1443 4545 0 1777797277 673044
7 1395 9159 0 1777797277 675407
10 1357 2788 0 1777797277 675740
13 1444 2838 0 1777797277 675885
9 1403 22065 0 1777797277 676690
11 1425 9288 0 1777797277 678525
7 1396 5049 0 1777797277 680458
11 1426 4533 0 1777797277 683060
9 1404 6521 0 1777797277 683213
13 1445 8094 0 1777797277 683981
7 1397 4943 0 1777797277 685403
8 1465 19570 0 1777797277 688798
9 1405 5591 0 1777797277 688808
10 1358 14928 0 1777797277 690670
7 1398 5388 0 1777797277 690798
13 1446 7683 0 1777797277 691666
7 1399 2865 0 1777797277 693664
9 1406 4868 0 1777797277 693690
10 1359 3461 0 1777797277 694134
13 1447 2801 0 1777797277 694469
13 1448 923 0 1777797277 695397
9 1407 2656 0 1777797277 696347
10 1360 4478 0 1777797277 698614
13 1449 3226 0 1777797277 698625
7 1400 8356 0 1777797277 702022
8 1466 13221 0 1777797277 702030
9 1408 9155 0 1777797277 705505
13 1450 6870 0 1777797277 705518
7 1401 8242 0 1777797277 710274
12 1390 44573 0 1777797277 713051
13 1451 7533 0 1777797277 713066
8 1467 11217 0 1777797277 713260
10 1361 14699 0 1777797277 713325
7 1402 3708 0 1777797277 713986
9 1409 8837 0 1777797277 714357
9 1410 2303 0 1777797277 716661
9 1411 5563 0 1777797277 722227
10 1362 9085 0 1777797277 722412
12 1391 12593 0 1777797277 725661
13 1452 12594 0 1777797277 725674
9 1412 5424 0 1777797277 727654
8 1468 16458 0 1777797277 729719
11 1427 46665 0 1777797277 729727
13 1453 6149 0 1777797277 731836
9 1413 4207 0 1777797277 731871
7 1403 18833 0 1777797277 732825
8 1469 7306 0 1777797277 737034
9 1414 5179 0 1777797277 737051
10 1363 16871 0 1777797277 739288
13 1454 7456 0 1777797277 739294
7 1404 7663 0 1777797277 740490
8 1470 6027 0 1777797277 743080
9 1415 6020 0 1777797277 743087
9 1416 2422 0 1777797277 745520
13 1455 6224 0 1777797277 745530
8 1471 5461 0 1777797277 748549
10 1364 9489 0 1777797277 748784
7 1405 8361 0 1777797277 748855
8 1472 2595 0 1777797277 751147
10 1365 2373 0 1777797277 751159
7 1406 5528 0 1777797277 754384
9 1417 8882 0 1777797277 754413
13 1456 11903 0 1777797277 757444
8 1473 8333 0 1777797277 759494
12 1392 34093 0 1777797277 759768
7 1407 5372 0 1777797277 759787
9 1418 5679 0 1777797277 760105
13 1457 5274 0 1777797277 762721
7 1408 4399 0 1777797277 764226
8 1474 4752 0 1777797277 764248
13 1458 4829 0 1777797277 767553
10 1366 20369 0 1777797277 771541
7 1409 7746 0 1777797277 771975
8 1475 11017 0 1777797277 775267
13 1459 10989 0 1777797277 778544
9 1419 18581 0 1777797277 778688
8 1476 3547 0 1777797277 778816
7 1410 7304 0 1777797277 779339
10 1367 8005 0 1777797277 779548
12 1393 21375 0 1777797277 781145
11 1428 51776 0 1777797277 781514
7 1411 3075 0 1777797277 782417
10 1368 7396 0 1777797277 786947
11 1429 5447 0 1777797277 786962
13 1460 10473 0 1777797277 789019
12 1394 11303 0 1777797277 792455
10 1369 6493 0 1777797277 793456
7 1412 11180 0 1777797277 793599
9 1420 16699 0 1777797277 795388
13 1461 6531 0 1777797277 795551
8 1477 17743 0 1777797277 796560
11 1430 11936 0 1777797277 798921
12 1395 6853 0 1777797277 799309
10 1370 10517 0 1777797277 803975
7 1413 11367 0 1777797277 804968
13 1462 9424 0 1777797277 804977
8 1478 9039 0 1777797277 805603
12 1396 6653 0 1777797277 805964
11 1431 7634 0 1777797277 806556
9 1421 12708 0 1777797277 808103
10 1371 7966 0 1777797277 811950
13 1463 7323 0 1777797277 812319
8 1479 7108 0 1777797277 812712
7 1414 16025 0 1777797277 821004
9 1422 12904 0 1777797277 821014
10 1372 9067 0 1777797277 821020
12 1397 15106 0 1777797277 821072
13 1464 8757 0 1777797277 821079
11 1432 14569 0 1777797277 821127
8 1480 10793 0 1777797277 823507
11 1433 5657 0 1777797277 826786
13 1465 5704 0 1777797277 826816
12 1398 6889 0 1777797277 827995
11 1434 5454 0 1777797277 832272
12 1399 4283 0 1777797277 832280
8 1481 11576 0 1777797277 835091
9 1423 14007 0 1777797277 835097
13 1466 12233 0 1777797277 839076
11 1435 7817 0 1777797277 840098
7 1415 19825 0 1777797277 840905
10 1373 19814 0 1777797277 840911
12 1400 8627 0 1777797277 840918
8 1482 7147 0 1777797277 842245
13 1467 4795 0 1777797277 843877
7 1416 8182 0 1777797277 849101
8 1483 6864 0 1777797277 849111
9 1424 14012 0 1777797277 849117
10 1374 8196 0 1777797277 849123
11 1436 9029 0 1777797277 849129
12 1401 8202 0 1777797277 849136
13 1468 5261 0 1777797277 849141
8 1484 7505 0 1777797277 856661
9 1425 7516 0 1777797277 856678
11 1437 7509 0 1777797277 856685
7 1417 7925 0 1777797277 857067
10 1375 8659 0 1777797277 857829
12 1402 8638 0 1777797277 857841
13 1469 11154 0 1777797277 860365
9 1426 4826 0 1777797277 861537
10 1376 6516 0 1777797277 864358
7 1418 8019 0 1777797277 865090
11 1438 8379 0 1777797277 865098
8 1485 15414 0 1777797277 872101
9 1427 10572 0 1777797277 872111
10 1377 7754 0 1777797277 872115
11 1439 7007 0 1777797277 872118
12 1403 14268 0 1777797277 872122
13 1470 11753 0 1777797277 872126
7 1419 9263 0 1777797277 874362
9 1428 8559 0 1777797277 880695
13 1471 8545 0 1777797277 880702
7 1420 6968 0 1777797277 881332
8 1486 9235 0 1777797277 881361
12 1404 9217 0 1777797277 881369
10 1378 9878 0 1777797277 882019
11 1440 9909 0 1777797277 882056
7 1421 6413 0 1777797277 887783
8 1487 6428 0 1777797277 887808
12 1405 6422 0 1777797277 887815
13 1472 7109 0 1777797277 887820
11 1441 6183 0 1777797277 888251
9 1429 10311 0 1777797277 891014
8 1488 8192 0 1777797277 896020
10 1379 13974 0 1777797277 896032
11 1442 7786 0 1777797277 896039
12 1406 8219 0 1777797277 896055
9 1430 8197 0 1777797277 899214
7 1422 13590 0 1777797277 901411
8 1489 5366 0 1777797277 901422
11 1443 5344 0 1777797277 901427
12 1407 5340 0 1777797277 901431
13 1473 13592 0 1777797277 901434
10 1380 8619 0 1777797277 904688
7 1423 6981 0 1777797277 908416
8 1490 6976 0 1777797277 908423
13 1474 6978 0 1777797277 908438
9 1431 12108 0 1777797277 911329
11 1444 9888 0 1777797277 911340
12 1408 9890 0 1777797277 911346
10 1381 10651 0 1777797277 915344
7 1424 7865 0 1777797277 916304
9 1432 10956 0 1777797277 922303
13 1475 13859 0 1777797277 922322
7 1425 7576 0 1777797277 923883
8 1491 15440 0 1777797277 923889
10 1382 8559 0 1777797277 923904
11 1445 12571 0 1777797277 923927
12 1409 12570 0 1777797277 923934
9 1433 4172 0 1777797277 926495
7 1426 7397 0 1777797277 931332
11 1446 7426 0 1777797277 931387
13 1476 9055 0 1777797277 931396
8 1492 12531 0 1777797277 936479
9 1434 9987 0 1777797277 936486
10 1383 12548 0 1777797277 936502
12 1410 12543 0 1777797277 936510
7 1427 7640 0 1777797277 939036
11 1447 8030 0 1777797277 939445
8 1493 3811 0 1777797277 940322
9 1435 9982 0 1777797277 946501
12 1411 9976 0 1777797277 946510
13 1477 15077 0 1777797277 946517
11 1448 7417 0 1777797277 946865
10 1384 10409 0 1777797277 946936
8 1494 7180 0 1777797277 947507
7 1428 8761 0 1777797277 947864
10 1385 7477 0 1777797277 954414
13 1478 7862 0 1777797277 954421
9 1436 9103 0 1777797277 955620
12 1412 9094 0 1777797277 955629
8 1495 9332 0 1777797277 956840
11 1449 9981 0 1777797277 956847
7 1429 11497 0 1777797277 959363
9 1437 5724 0 1777797277 961354
12 1413 6512 0 1777797277 962152
8 1496 6466 0 1777797277 963314
10 1386 11374 0 1777797277 965796
11 1450 8956 0 1777797277 965813
13 1479 11386 0 1777797277 965819
7 1430 14701 0 1777797277 974067
8 1497 10754 0 1777797277 974071
9 1438 12720 0 1777797277 974076
10 1387 8259 0 1777797277 974079
12 1414 11930 0 1777797277 974083
11 1451 9251 0 1777797277 975088
13 1480 9255 0 1777797277 975101
12 1415 5419 0 1777797277 979521
7 1431 14113 0 1777797277 988197
8 1498 14124 0 1777797277 988213
9 1439 14128 0 1777797277 988221
10 1388 14129 0 1777797277 988226
11 1452 13131 0 1777797277 988233
13 1481 13086 0 1777797277 988239
11 1453 7660 0 1777797277 995927
12 1416 16423 0 1777797277 995945
13 1482 7680 0 1777797277 995953
9 1440 9316 0 1777797277 997570
7 1432 10126 0 1777797277 998366
8 1499 10126 0 1777797277 998374
10 1389 10119 0 1777797277 998380
7 1433 8372 0 1777797278 6753
9 1441 9190 0 1777797278 6762
10 1390 8370 0 1777797278 6769
11 1454 10822 0 1777797278 6776
12 1417 10687 0 1777797278 6783
13 1483 10685 0 1777797278 6789
8 1500 8480 0 1777797278 6872
8 1501 6591 0 1777797278 13465
9 1442 6670 0 1777797278 13482
11 1455 6656 0 1777797278 13489
7 1434 7738 0 1777797278 14528
12 1418 7698 0 1777797278 14538
13 1484 7688 0 1777797278 14543
10 1391 7980 0 1777797278 14803
9 1443 3694 0 1777797278 17196
8 1502 4509 0 1777797278 17999
7 1435 6799 0 1777797278 21343
13 1485 6791 0 1777797278 21352
8 1503 6756 0 1777797278 24758
9 1444 7564 0 1777797278 24763
11 1456 11259 0 1777797278 24768
10 1392 10139 0 1777797278 24943
7 1436 6954 0 1777797278 28307
12 1419 14525 0 1777797278 29078
13 1486 8266 0 1777797278 29629
9 1445 5012 0 1777797278 29785
8 1504 5506 0 1777797278 30274
11 1457 6661 0 1777797278 31437
7 1437 4860 0 1777797278 33171
10 1393 9938 0 1777797278 34883
7 1438 9685 0 1777797278 42859
8 1505 12591 0 1777797278 42867
10 1394 7983 0 1777797278 42874
13 1487 13250 0 1777797278 42881
12 1420 16575 0 1777797278 45655
12 1421 6771 0 1777797278 52439
11 1458 23728 0 1777797278 55166
7 1439 15931 0 1777797278 58813
8 1506 15831 0 1777797278 58823
9 1446 29040 0 1777797278 58827
13 1488 15779 0 1777797278 58833
7 1440 9511 0 1777797278 68344
8 1507 9507 0 1777797278 68355
9 1447 9506 0 1777797278 68360
10 1395 25366 0 1777797278 68367
11 1459 13203 0 1777797278 68371
12 1422 15936 0 1777797278 68377
13 1489 9523 0 1777797278 68381
7 1441 14028 0 1777797278 82409
11 1460 14664 0 1777797278 83158
12 1423 15224 0 1777797278 83722
8 1508 23146 0 1777797278 91620
9 1448 23154 0 1777797278 91637
10 1396 23172 0 1777797278 91660
7 1442 14711 0 1777797278 97122
8 1509 8242 0 1777797278 99904
10 1397 11320 0 1777797278 103003
9 1449 14533 0 1777797278 106207
10 1398 3852 0 1777797278 106858
12 1424 25593 0 1777797278 109317
9 1450 4480 0 1777797278 110696
12 1425 1757 0 1777797278 111076
9 1451 3154 0 1777797278 113852
9 1452 3305 0 1777797278 117164
10 1399 10633 0 1777797278 117496
10 1400 2644 0 1777797278 120142
9 1453 4349 0 1777797278 121517
9 1454 2347 0 1777797278 123868
10 1401 5252 0 1777797278 125396
9 1455 6080 0 1777797278 129952
8 1510 36343 0 1777797278 136253
10 1402 10859 0 1777797278 136258
11 1461 53100 0 1777797278 136263
12 1426 25192 0 1777797278 136269
13 1490 67769 0 1777797278 136272
7 1443 39615 0 1777797278 136739
9 1456 7838 0 1777797278 137793
10 1403 3773 0 1777797278 140052
10 1404 9666 0 1777797278 149722
10 1405 4141 0 1777797278 153865
9 1457 16196 0 1777797278 154064
12 1427 18589 0 1777797278 154876
11 1462 18622 0 1777797278 154905
7 1444 20540 0 1777797278 157281
13 1491 20998 0 1777797278 157290
10 1406 3454 0 1777797278 157322
11 1463 2844 0 1777797278 157801
9 1458 4919 0 1777797278 158985
12 1428 4997 0 1777797278 159879
10 1407 3657 0 1777797278 160981
11 1464 3767 0 1777797278 161571
9 1459 6320 0 1777797278 165312
12 1429 6107 0 1777797278 165988
9 1460 1155 0 1777797278 166469
12 1430 890 0 1777797278 166882
10 1408 9119 0 1777797278 170105
9 1461 3696 0 1777797278 170169
11 1465 8604 0 1777797278 170177
12 1431 4120 0 1777797278 171005
13 1492 13711 0 1777797278 171014
9 1462 2636 0 1777797278 172814
11 1466 2781 0 1777797278 172969
10 1409 3609 0 1777797278 173736
12 1432 5394 0 1777797278 176410
8 1511 41963 0 1777797278 178237
11 1467 5305 0 1777797278 178277
10 1410 4904 0 1777797278 178643
13 1493 7624 0 1777797278 178651
9 1463 6722 0 1777797278 179541
9 1464 3451 0 1777797278 182993
12 1433 7841 0 1777797278 184255
13 1494 14017 0 1777797278 192680
8 1512 15232 0 1777797278 193510
8 1513 6711 0 1777797278 200228
7 1445 45618 0 1777797278 202909
13 1495 10240 0 1777797278 202922
10 1411 25718 0 1777797278 204370
11 1468 26092 0 1777797278 204381
10 1412 4118 0 1777797278 208500
9 1465 26142 0 1777797278 209137
11 1469 5190 0 1777797278 209602
9 1466 3799 0 1777797278 212942
12 1434 28701 0 1777797278 212958
9 1467 6417 0 1777797278 219377
11 1470 10030 0 1777797278 219634
10 1413 13851 0 1777797278 222355
12 1435 9386 0 1777797278 222364
11 1471 3256 0 1777797278 222892
10 1414 4136 0 1777797278 226501
11 1472 3634 0 1777797278 226529
12 1436 5765 0 1777797278 228137
9 1468 9791 0 1777797278 229175
10 1415 4960 0 1777797278 231504
11 1473 5774 0 1777797278 232316
12 1437 4177 0 1777797278 232322
11 1474 3369 0 1777797278 235693
13 1496 35261 0 1777797278 238194
8 1514 38409 0 1777797278 238640
12 1438 6528 0 1777797278 238861
13 1497 1970 0 1777797278 240166
9 1469 15105 0 1777797278 244282
12 1439 6311 0 1777797278 245175
8 1515 8978 0 1777797278 247620
9 1470 4231 0 1777797278 248515
11 1475 12829 0 1777797278 248524
7 1446 57686 0 1777797278 260609
11 1476 12211 0 1777797278 260750
10 1416 30403 0 1777797278 261912
12 1440 17068 0 1777797278 262249
7 1447 3879 0 1777797278 264490
11 1477 4337 0 1777797278 265088
13 1498 24927 0 1777797278 265096
11 1478 3962 0 1777797278 269060
10 1417 8103 0 1777797278 270018
11 1479 3145 0 1777797278 272213
13 1499 7153 0 1777797278 272266
12 1441 11010 0 1777797278 273261
11 1480 3064 0 1777797278 275331
13 1500 3155 0 1777797278 275517
10 1418 5653 0 1777797278 275677
7 1448 14709 0 1777797278 279203
12 1442 6149 0 1777797278 279411
11 1481 4618 0 1777797278 279952
10 1419 6330 0 1777797278 282008
13 1501 8952 0 1777797278 284471
7 1449 7330 0 1777797278 286535
10 1420 4531 0 1777797278 286541
11 1482 6589 0 1777797278 286545
9 1471 42438 0 1777797278 290963
12 1443 11572 0 1777797278 290984
8 1516 44859 0 1777797278 292481
10 1421 8409 0 1777797278 294962
11 1483 8407 0 1777797278 294970
9 1472 5079 0 1777797278 296065
12 1444 5092 0 1777797278 296095
13 1502 11629 0 1777797278 296102
7 1450 18681 0 1777797278 305226
8 1517 12749 0 1777797278 305234
10 1422 10270 0 1777797278 305240
11 1484 10259 0 1777797278 305247
12 1445 9157 0 1777797278 305260
9 1473 9328 0 1777797278 305398
9 1474 7624 0 1777797278 313023
13 1503 16921 0 1777797278 313031
7 1451 11444 0 1777797278 316705
8 1518 11443 0 1777797278 316713
10 1423 11442 0 1777797278 316719
11 1485 11444 0 1777797278 316726
12 1446 11467 0 1777797278 316755
8 1519 6844 0 1777797278 323648
9 1475 10630 0 1777797278 323662
10 1424 6856 0 1777797278 323669
13 1504 10636 0 1777797278 323677
11 1486 6980 0 1777797278 323801
7 1452 12817 0 1777797278 329573
8 1520 5935 0 1777797278 329613
12 1447 12787 0 1777797278 329624
13 1505 5927 0 1777797278 329631
10 1425 6116 0 1777797278 329813
9 1476 6140 0 1777797278 329828
11 1487 6833 0 1777797278 330636
7 1453 5715 0 1777797278 335347
10 1426 7815 0 1777797278 337629
12 1448 7853 0 1777797278 337643
8 1521 11074 0 1777797278 340729
9 1477 10910 0 1777797278 340739
11 1488 10109 0 1777797278 340746
13 1506 11048 0 1777797278 340847
7 1454 7138 0 1777797278 342487
10 1427 5110 0 1777797278 342754
8 1522 7369 0 1777797278 348217
9 1478 7375 0 1777797278 348240
11 1489 7376 0 1777797278 348249
12 1449 10524 0 1777797278 348256
13 1507 7383 0 1777797278 348263
7 1455 7628 0 1777797278 350116
10 1428 7532 0 1777797278 350290
9 1479 4546 0 1777797278 352828
13 1508 6586 0 1777797278 354898
8 1523 6673 0 1777797278 354937
11 1490 10087 0 1777797278 358380
12 1450 10087 0 1777797278 358389
7 1456 12186 0 1777797278 362305
8 1524 7372 0 1777797278 362310
9 1480 9476 0 1777797278 362313
10 1429 12025 0 1777797278 362317
13 1509 7413 0 1777797278 362321
11 1491 7314 0 1777797278 365704
12 1451 7253 0 1777797278 365711
9 1481 8348 0 1777797278 370679
10 1430 8414 0 1777797278 370750
12 1452 5038 0 1777797278 370757
8 1525 12108 0 1777797278 374434
11 1492 8733 0 1777797278 374445
7 1457 14024 0 1777797278 376347
12 1453 5593 0 1777797278 376361
13 1510 14029 0 1777797278 376369
9 1482 7448 0 1777797278 378138
8 1526 8794 0 1777797278 383241
11 1493 8799 0 1777797278 383258
7 1458 8774 0 1777797278 385144
10 1431 14396 0 1777797278 385154
12 1454 8784 0 1777797278 385162
7 1459 5353 0 1777797278 390517
9 1483 12394 0 1777797278 390535
11 1494 7239 0 1777797278 390542
13 1511 14163 0 1777797278 390549
8 1527 9006 0 1777797278 392266
10 1432 7097 0 1777797278 392271
12 1455 7094 0 1777797278 392276
9 1484 3792 0 1777797278 394353
13 1512 4400 0 1777797278 394976
12 1456 9150 0 1777797278 401438
7 1460 11343 0 1777797278 401892
10 1433 9616 0 1777797278 401898
11 1495 11354 0 1777797278 401923
8 1528 10023 0 1777797278 402300
12 1457 3395 0 1777797278 404842
13 1513 9876 0 1777797278 404854
12 1458 2130 0 1777797278 406986
13 1514 3703 0 1777797278 408573
11 1496 10398 0 1777797278 412322
12 1459 5335 0 1777797278 412332
7 1461 11989 0 1777797278 413888
9 1485 19540 0 1777797278 413895
10 1434 12004 0 1777797278 413912
13 1515 5728 0 1777797278 414304
8 1529 12691 0 1777797278 414992
7 1462 1351 0 1777797278 415264
10 1435 2136 0 1777797278 416079
12 1460 3744 0 1777797278 416089
9 1486 6085 0 1777797278 420020
7 1463 6689 0 1777797278 421955
13 1516 7662 0 1777797278 421969
11 1497 9851 0 1777797278 422184
8 1530 8049 0 1777797278 423045
9 1487 3914 0 1777797278 423947
10 1436 7864 0 1777797278 423954
7 1464 3551 0 1777797278 425522
11 1498 3523 0 1777797278 425708
9 1488 4917 0 1777797278 428873
13 1517 8582 0 1777797278 430563
10 1437 7514 0 1777797278 431479
7 1465 14296 0 1777797278 439820
9 1489 11018 0 1777797278 439894
11 1499 14247 0 1777797278 439957
12 1461 23902 0 1777797278 440003
13 1518 9495 0 1777797278 440060
10 1438 10576 0 1777797278 442057
9 1490 5621 0 1777797278 445709
10 1439 3658 0 1777797278 445719
10 1440 1256 0 1777797278 446985
10 1441 1079 0 1777797278 448066
13 1519 9389 0 1777797278 449503
7 1466 9676 0 1777797278 449737
12 1462 13052 0 1777797278 453158
11 1500 14217 0 1777797278 454314
11 1501 4731 0 1777797278 459047
12 1463 6162 0 1777797278 459322
9 1491 13971 0 1777797278 459691
10 1442 15168 0 1777797278 463242
12 1464 4293 0 1777797278 463616
10 1443 741 0 1777797278 463986
11 1502 5728 0 1777797278 464777
11 1503 1608 0 1777797278 466388
7 1467 17355 0 1777797278 467094
10 1444 4201 0 1777797278 468189
12 1465 4640 0 1777797278 468258
11 1504 4597 0 1777797278 470987
9 1492 12259 0 1777797278 471952
8 1531 50901 0 1777797278 473948
12 1466 5932 0 1777797278 474191
9 1493 3230 0 1777797278 475185
11 1505 8849 0 1777797278 479839
13 1520 30363 0 1777797278 479868
10 1445 11760 0 1777797278 479951
7 1468 13487 0 1777797278 480583
10 1446 1953 0 1777797278 481906
12 1467 12362 0 1777797278 486556
12 1468 3365 0 1777797278 489924
11 1506 10869 0 1777797278 490739
12 1469 3641 0 1777797278 493567
12 1470 3825 0 1777797278 497400
9 1494 25612 0 1777797278 500800
12 1471 3521 0 1777797278 500924
11 1507 10505 0 1777797278 501247
8 1532 28189 0 1777797278 502141
9 1495 3335 0 1777797278 504137
12 1472 3305 0 1777797278 504231
8 1533 3227 0 1777797278 505373
11 1508 5992 0 1777797278 507240
10 1447 26758 0 1777797278 508666
12 1473 4441 0 1777797278 508674
13 1521 28790 0 1777797278 508680
8 1534 4289 0 1777797278 509664
9 1496 5529 0 1777797278 509674
7 1469 29141 0 1777797278 509727
11 1509 5287 0 1777797278 512599
8 1535 5847 0 1777797278 515524
9 1497 5844 0 1777797278 515531
10 1448 6856 0 1777797278 515537
7 1470 7504 0 1777797278 517233
12 1474 9584 0 1777797278 518277
11 1510 6023 0 1777797278 518625
13 1522 10732 0 1777797278 519435
9 1498 4995 0 1777797278 520550
10 1449 5025 0 1777797278 520589
12 1475 3693 0 1777797278 521973
13 1523 3494 0 1777797278 522931
11 1511 4708 0 1777797278 523336
9 1499 3932 0 1777797278 524532
12 1476 2577 0 1777797278 524552
7 1471 7507 0 1777797278 524742
11 1512 4027 0 1777797278 527365
12 1477 7021 0 1777797278 531575
8 1536 17907 0 1777797278 533446
12 1478 4949 0 1777797278 536529
8 1537 5500 0 1777797278 538949
12 1479 3905 0 1777797278 540436
13 1524 17514 0 1777797278 540446
10 1450 20422 0 1777797278 541048
8 1538 2720 0 1777797278 541672
7 1472 17297 0 1777797278 542041
10 1451 2004 0 1777797278 543053
9 1500 18658 0 1777797278 543192
8 1539 1620 0 1777797278 543294
12 1480 3786 0 1777797278 544233
7 1473 2975 0 1777797278 545018
11 1513 17782 0 1777797278 545148
8 1540 4109 0 1777797278 547404
10 1452 5058 0 1777797278 548117
13 1525 7665 0 1777797278 548124
13 1526 2487 0 1777797278 550621
12 1481 10641 0 1777797278 554876
10 1453 7200 0 1777797278 555325
11 1514 10302 0 1777797278 555452
13 1527 5712 0 1777797278 556341
10 1454 3397 0 1777797278 558723
11 1515 3282 0 1777797278 558735
7 1474 16683 0 1777797278 561703
11 1516 2960 0 1777797278 561712
12 1482 7241 0 1777797278 562119
9 1501 19030 0 1777797278 562224
10 1455 5452 0 1777797278 564190
11 1517 3218 0 1777797278 564960
13 1528 8748 0 1777797278 565093
8 1541 18868 0 1777797278 566282
12 1483 4176 0 1777797278 566296
9 1502 10058 0 1777797278 572283
11 1518 7696 0 1777797278 572660
11 1519 2823 0 1777797278 575484
12 1484 9235 0 1777797278 575548
7 1475 13867 0 1777797278 575580
9 1503 4861 0 1777797278 577146
9 1504 1905 0 1777797278 579053
11 1520 6283 0 1777797278 581775
7 1476 6248 0 1777797278 581830
13 1529 16920 0 1777797278 582014
9 1505 3131 0 1777797278 582186
11 1521 11971 0 1777797278 593755
10 1456 31003 0 1777797278 595198
9 1506 16438 0 1777797278 598625
11 1522 5242 0 1777797278 598999
8 1542 32911 0 1777797278 599208
7 1477 19631 0 1777797278 601462
13 1530 20069 0 1777797278 602085
10 1457 7641 0 1777797278 602842
12 1485 27637 0 1777797278 603187
9 1507 5978 0 1777797278 604604
8 1543 7567 0 1777797278 606777
9 1508 3998 0 1777797278 608607
11 1523 10285 0 1777797278 609285
12 1486 8212 0 1777797278 611403
13 1531 9783 0 1777797278 611870
8 1544 5186 0 1777797278 611965
11 1524 4739 0 1777797278 614027
12 1487 2710 0 1777797278 614115
10 1458 12138 0 1777797278 614985
7 1478 14260 0 1777797278 615726
13 1532 4528 0 1777797278 616400
7 1479 6376 0 1777797278 622104
10 1459 7942 0 1777797278 622929
12 1488 10226 0 1777797278 624343
13 1533 7948 0 1777797278 624350
11 1525 11942 0 1777797278 625971
10 1460 3298 0 1777797278 626230
7 1480 7282 0 1777797278 629392
13 1534 5049 0 1777797278 629410
8 1545 20476 0 1777797278 632443
9 1509 23863 0 1777797278 632475
12 1489 8140 0 1777797278 632491
10 1461 6522 0 1777797278 632753
7 1481 8079 0 1777797278 637491
8 1546 6776 0 1777797278 639268
13 1535 11431 0 1777797278 640866
7 1482 8659 0 1777797278 646165
12 1490 14244 0 1777797278 646763
13 1536 5905 0 1777797278 646773
10 1462 16208 0 1777797278 648963
8 1547 9909 0 1777797278 649182
13 1537 4162 0 1777797278 650949
11 1526 28246 0 1777797278 654219
9 1510 22042 0 1777797278 654551
8 1548 6296 0 1777797278 655479
12 1491 8715 0 1777797278 655489
13 1538 4823 0 1777797278 655776
7 1483 13624 0 1777797278 659792
8 1549 5513 0 1777797278 661003
11 1527 6798 0 1777797278 661019
9 1511 8483 0 1777797278 663036
8 1550 3169 0 1777797278 664189
7 1484 6894 0 1777797278 666691
12 1492 11200 0 1777797278 666701
12 1493 2416 0 1777797278 669128
10 1463 21091 0 1777797278 670060
9 1512 7905 0 1777797278 670944
12 1494 1883 0 1777797278 671013
9 1513 3384 0 1777797278 674399
8 1551 10502 0 1777797278 674695
12 1495 4864 0 1777797278 675898
7 1485 10793 0 1777797278 677495
9 1514 4475 0 1777797278 678881
12 1496 4319 0 1777797278 680222
9 1515 3150 0 1777797278 682035
13 1539 27944 0 1777797278 683724
10 1464 15338 0 1777797278 685401
11 1528 30882 0 1777797278 691913
12 1497 12259 0 1777797278 692487
11 1529 3954 0 1777797278 695869
13 1540 13700 0 1777797278 697430
13 1541 1049 0 1777797278 698482
7 1486 21159 0 1777797278 698656
8 1552 25022 0 1777797278 699723
10 1465 18583 0 1777797278 703993
9 1516 24745 0 1777797278 706786
10 1466 4742 0 1777797278 708746
8 1553 10442 0 1777797278 710166
12 1498 19850 0 1777797278 712339
13 1542 15327 0 1777797278 713811
9 1517 9786 0 1777797278 716577
10 1467 7839 0 1777797278 716590
12 1499 8443 0 1777797278 720791
13 1543 10561 0 1777797278 724374
11 1530 30509 0 1777797278 726382
13 1544 2386 0 1777797278 726769
10 1468 12250 0 1777797278 728850
12 1500 8063 0 1777797278 728857
8 1554 19358 0 1777797278 729528
12 1501 1089 0 1777797278 729956
10 1469 2692 0 1777797278 731550
11 1531 5596 0 1777797278 731980
13 1545 6716 0 1777797278 733486
8 1555 4196 0 1777797278 733726
11 1532 2374 0 1777797278 734356
13 1546 1390 0 1777797278 734878
13 1547 2102 0 1777797278 736981
9 1518 22195 0 1777797278 738785
10 1470 8942 0 1777797278 740494
13 1548 4032 0 1777797278 741015
10 1471 3551 0 1777797278 744047
9 1519 6130 0 1777797278 744925
7 1487 47187 0 1777797278 745845
13 1549 4992 0 1777797278 746010
10 1472 3637 0 1777797278 747687
12 1502 17981 0 1777797278 747939
8 1556 15017 0 1777797278 748745
13 1550 7128 0 1777797278 753141
7 1488 8966 0 1777797278 754815
12 1503 8063 0 1777797278 756004
13 1551 4215 0 1777797278 757362
10 1473 10188 0 1777797278 757876
12 1504 2034 0 1777797278 758039
9 1520 13795 0 1777797278 758722
7 1489 4233 0 1777797278 759051
8 1557 11280 0 1777797278 760029
13 1552 5554 0 1777797278 762918
12 1505 5498 0 1777797278 763538
7 1490 4958 0 1777797278 764010
8 1558 4617 0 1777797278 764648
9 1521 6139 0 1777797278 764863
10 1474 9587 0 1777797278 767466
11 1533 33604 0 1777797278 767964
13 1553 9081 0 1777797278 772001
11 1534 4124 0 1777797278 772101
10 1475 5405 0 1777797278 772872
8 1559 11028 0 1777797278 775678
11 1535 3646 0 1777797278 775750
9 1522 11287 0 1777797278 776151
7 1491 12158 0 1777797278 776170
12 1506 14016 0 1777797278 777555
10 1476 9155 0 1777797278 782029
7 1492 8554 0 1777797278 784726
8 1560 9939 0 1777797278 785624
9 1523 12734 0 1777797278 788887
12 1507 12976 0 1777797278 790533
7 1493 6149 0 1777797278 790877
8 1561 9216 0 1777797278 794844
10 1477 12873 0 1777797278 794908
7 1494 4617 0 1777797278 795496
12 1508 5004 0 1777797278 795538
11 1536 21849 0 1777797278 797600
7 1495 6184 0 1777797278 801682
8 1562 7124 0 1777797278 801979
9 1524 13097 0 1777797278 801985
12 1509 6451 0 1777797278 801990
10 1478 8145 0 1777797278 803056
13 1554 32890 0 1777797278 804893
12 1510 3634 0 1777797278 805637
7 1496 4562 0 1777797278 806246
8 1563 4276 0 1777797278 806267
9 1525 5773 0 1777797278 807770
12 1511 4878 0 1777797278 810516
8 1564 4676 0 1777797278 810959
7 1497 4899 0 1777797278 811167
13 1555 7540 0 1777797278 812435
7 1498 1523 0 1777797278 812691
11 1537 17851 0 1777797278 815453
7 1499 3100 0 1777797278 815793
12 1512 5803 0 1777797278 816320
8 1565 6248 0 1777797278 817209
13 1556 7199 0 1777797278 819643
10 1479 16674 0 1777797278 819736
9 1526 12072 0 1777797278 819845
7 1500 4783 0 1777797278 820578
12 1513 6637 0 1777797278 822961
8 1566 6652 0 1777797278 823868
7 1501 6674 0 1777797278 827254
9 1527 8545 0 1777797278 828391
10 1480 12482 0 1777797278 832222
12 1514 9270 0 1777797278 832238
13 1557 12593 0 1777797278 832246
11 1538 16843 0 1777797278 832298
7 1502 5561 0 1777797278 832817
8 1567 9355 0 1777797278 833226
9 1528 10339 0 1777797278 838732
13 1558 7755 0 1777797278 840028
7 1503 9495 0 1777797278 842314
11 1539 10147 0 1777797278 842446
13 1559 5418 0 1777797278 845448
8 1568 12329 0 1777797278 845558
10 1481 13378 0 1777797278 845625
11 1540 4196 0 1777797278 846643
12 1515 14387 0 1777797278 846651
9 1529 9514 0 1777797278 848247
7 1504 11951 0 1777797278 854269
10 1482 8652 0 1777797278 854278
9 1530 6095 0 1777797278 854347
13 1560 9292 0 1777797278 854751
11 1541 8293 0 1777797278 854945
12 1516 8291 0 1777797278 854951
12 1517 808 0 1777797278 855769
8 1569 10857 0 1777797278 856461
9 1531 3191 0 1777797278 857539
13 1561 3258 0 1777797278 858011
12 1518 3500 0 1777797278 859272
7 1505 6247 0 1777797278 860526
10 1483 6807 0 1777797278 861097
7 1506 5483 0 1777797278 866011
13 1562 8006 0 1777797278 866019
8 1570 9648 0 1777797278 866112
10 1484 5448 0 1777797278 866547
8 1571 5650 0 1777797278 871763
9 1532 14850 0 1777797278 872392
7 1507 7870 0 1777797278 873890
12 1519 14626 0 1777797278 873901
10 1485 7730 0 1777797278 874279
13 1563 8574 0 1777797278 874603
8 1572 5876 0 1777797278 877650
10 1486 3362 0 1777797278 877676
11 1542 22985 0 1777797278 877937
13 1564 6817 0 1777797278 881423
11 1543 3909 0 1777797278 881848
12 1520 8021 0 1777797278 881934
10 1487 4418 0 1777797278 882095
9 1533 10255 0 1777797278 882652
7 1508 8870 0 1777797278 882772
8 1573 8213 0 1777797278 885868
7 1509 4136 0 1777797278 886910
13 1565 6464 0 1777797278 887890
9 1534 5558 0 1777797278 888212
7 1510 3134 0 1777797278 890048
13 1566 2981 0 1777797278 890878
8 1574 7977 0 1777797278 893847
9 1535 5775 0 1777797278 893990
7 1511 7378 0 1777797278 897429
7 1512 4425 0 1777797278 901856
13 1567 11144 0 1777797278 902024
8 1575 8311 0 1777797278 902161
13 1568 1897 0 1777797278 903923
9 1536 10553 0 1777797278 904544
7 1513 3129 0 1777797278 904986
8 1576 4739 0 1777797278 906902
12 1521 25156 0 1777797278 907093
9 1537 2927 0 1777797278 907473
13 1569 3636 0 1777797278 907562
11 1544 26082 0 1777797278 907933
7 1514 3208 0 1777797278 908196
10 1488 26737 0 1777797278 908834
11 1545 1471 0 1777797278 909406
13 1570 2466 0 1777797278 910030
11 1546 843 0 1777797278 910254
9 1538 3006 0 1777797278 910481
7 1515 2300 0 1777797278 910498
8 1577 5738 0 1777797278 912644
13 1571 3210 0 1777797278 913242
7 1516 3219 0 1777797278 913719
11 1547 4906 0 1777797278 915162
9 1539 5097 0 1777797278 915580
10 1489 7574 0 1777797278 916410
8 1578 4384 0 1777797278 917030
11 1548 1872 0 1777797278 917036
13 1572 7731 0 1777797278 920975
7 1517 8575 0 1777797278 922296
11 1549 6677 0 1777797278 923725
8 1579 7097 0 1777797278 924135
12 1522 17747 0 1777797278 924841
7 1518 2753 0 1777797278 925052
13 1573 7121 0 1777797278 928098
8 1580 4563 0 1777797278 928701
10 1490 12640 0 1777797278 929054
12 1523 5130 0 1777797278 929973
10 1491 3072 0 1777797278 932129
11 1550 11076 0 1777797278 934804
10 1492 3181 0 1777797278 935312
11 1551 1522 0 1777797278 936328
13 1574 9804 0 1777797278 937903
10 1493 4242 0 1777797278 939557
7 1519 15765 0 1777797278 940819
7 1520 3632 0 1777797278 944453
12 1524 14498 0 1777797278 944473
13 1575 7516 0 1777797278 945422
11 1552 11074 0 1777797278 947404
11 1553 2789 0 1777797278 950195
11 1554 2595 0 1777797278 952795
7 1521 10287 0 1777797278 954761
9 1540 39734 0 1777797278 955316
7 1522 2530 0 1777797278 957297
9 1541 1999 0 1777797278 957318
13 1576 11898 0 1777797278 957324
11 1555 5851 0 1777797278 958651
11 1556 4252 0 1777797278 962905
13 1577 8063 0 1777797278 965396
9 1542 8193 0 1777797278 965518
9 1543 5959 0 1777797278 971479
11 1557 9694 0 1777797278 972601
13 1578 7353 0 1777797278 972751
11 1558 1497 0 1777797278 974102
7 1523 17097 0 1777797278 974396
13 1579 2371 0 1777797278 975123
7 1524 2315 0 1777797278 976713
13 1580 2107 0 1777797278 977232
13 1581 4627 0 1777797278 981864
7 1525 6572 0 1777797278 983287
9 1544 11831 0 1777797278 983312
8 1581 59878 0 1777797278 988584
10 1494 54998 0 1777797278 994558
11 1559 20460 0 1777797278 994565
7 1526 11539 0 1777797278 994852
9 1545 11715 0 1777797278 995053
11 1560 2504 0 1777797278 997081
10 1495 4522 0 1777797278 999088
11 1561 3496 0 1777797279 580
13 1582 18939 0 1777797279 805
9 1546 6143 0 1777797279 1199
8 1582 12846 0 1777797279 1431
7 1527 6995 0 1777797279 1850
10 1496 6245 0 1777797279 5336
11 1562 6542 0 1777797279 7123
7 1528 5301 0 1777797279 7155
9 1547 5960 0 1777797279 7162
8 1583 6049 0 1777797279 7546
12 1525 63130 0 1777797279 7627
7 1529 1906 0 1777797279 9069
11 1563 1950 0 1777797279 9079
12 1526 1598 0 1777797279 9228
9 1548 3904 0 1777797279 11077
7 1530 3595 0 1777797279 12675
9 1549 5755 0 1777797279 16836
13 1583 19643 0 1777797279 20449
7 1531 9525 0 1777797279 22203
13 1584 2081 0 1777797279 22532
11 1564 14414 0 1777797279 23503
7 1532 3500 0 1777797279 25706
11 1565 2405 0 1777797279 25914
7 1533 7182 0 1777797279 32891
13 1585 10521 0 1777797279 33055
11 1566 7176 0 1777797279 33092
10 1497 27782 0 1777797279 33120
8 1584 25626 0 1777797279 33173
9 1550 19357 0 1777797279 36195
12 1527 26973 0 1777797279 36202
13 1586 8555 0 1777797279 41611
11 1567 8542 0 1777797279 41636
10 1498 11403 0 1777797279 44524
8 1585 12006 0 1777797279 45180
9 1551 11770 0 1777797279 47974
12 1528 12187 0 1777797279 48402
13 1587 6810 0 1777797279 48424
11 1568 6983 0 1777797279 48620
7 1534 16146 0 1777797279 49038
10 1499 10088 0 1777797279 54615
8 1586 9457 0 1777797279 54640
9 1552 6980 0 1777797279 54956
13 1588 8614 0 1777797279 57040
11 1569 8447 0 1777797279 57068
7 1535 13420 0 1777797279 62460
10 1500 7857 0 1777797279 62478
12 1529 14085 0 1777797279 62489
9 1553 8458 0 1777797279 63415
8 1587 9630 0 1777797279 64271
13 1589 7370 0 1777797279 64416
11 1570 7491 0 1777797279 64560
12 1530 7860 0 1777797279 70375
13 1590 6109 0 1777797279 70527
7 1536 8053 0 1777797279 70543
10 1501 8412 0 1777797279 70913
8 1588 6661 0 1777797279 70934
11 1571 6929 0 1777797279 71490
9 1554 8161 0 1777797279 71583
7 1537 5331 0 1777797279 75875
10 1502 5046 0 1777797279 75960
11 1572 4475 0 1777797279 75968
8 1589 8047 0 1777797279 78982
7 1538 3206 0 1777797279 79083
12 1531 9037 0 1777797279 79422
13 1591 10531 0 1777797279 81060
11 1573 5130 0 1777797279 81107
9 1555 13600 0 1777797279 85184
11 1574 5126 0 1777797279 86234
8 1590 7370 0 1777797279 86355
10 1503 11184 0 1777797279 87154
7 1539 8149 0 1777797279 87233
13 1592 8455 0 1777797279 89525
12 1532 11496 0 1777797279 90919
7 1540 3726 0 1777797279 90960
10 1504 8073 0 1777797279 95230
11 1575 9042 0 1777797279 95278
8 1591 9754 0 1777797279 96110
9 1556 11566 0 1777797279 96760
10 1505 5262 0 1777797279 100502
13 1593 11525 0 1777797279 101052
8 1592 4980 0 1777797279 101092
9 1557 4373 0 1777797279 101137
7 1541 10191 0 1777797279 101152
12 1533 13729 0 1777797279 104655
11 1576 9662 0 1777797279 104941
8 1593 8508 0 1777797279 109601
7 1542 9314 0 1777797279 110467
10 1506 11254 0 1777797279 111759
11 1577 6960 0 1777797279 111904
13 1594 10894 0 1777797279 111948
9 1558 11067 0 1777797279 112205
7 1543 3454 0 1777797279 113930
11 1578 5914 0 1777797279 117820
12 1534 13176 0 1777797279 117834
7 1544 4801 0 1777797279 118733
8 1594 9466 0 1777797279 119069
10 1507 7328 0 1777797279 119088
9 1559 12257 0 1777797279 124464
10 1508 5598 0 1777797279 124687
12 1535 7101 0 1777797279 124948
8 1595 5905 0 1777797279 124975
7 1545 6262 0 1777797279 124999
11 1579 7363 0 1777797279 125198
9 1560 5254 0 1777797279 129730
10 1509 5105 0 1777797279 129793
7 1546 6380 0 1777797279 131380
13 1595 20787 0 1777797279 132736
8 1596 11521 0 1777797279 136498
10 1510 6710 0 1777797279 136504
11 1580 11328 0 1777797279 136528
12 1536 14620 0 1777797279 139570
7 1547 8307 0 1777797279 139690
9 1561 10033 0 1777797279 139765
13 1596 8082 0 1777797279 140820
12 1537 7338 0 1777797279 146918
7 1548 8203 0 1777797279 147896
13 1597 7167 0 1777797279 147989
11 1581 11541 0 1777797279 148070
10 1511 11592 0 1777797279 148106
8 1597 11706 0 1777797279 148212
9 1562 12546 0 1777797279 152312
7 1549 5593 0 1777797279 153499
13 1598 6278 0 1777797279 154269
13 1599 2084 0 1777797279 156360
9 1563 5177 0 1777797279 157492
12 1538 10580 0 1777797279 157500
10 1512 10068 0 1777797279 158175
7 1550 7776 0 1777797279 161279
8 1598 16338 0 1777797279 164552
10 1513 6539 0 1777797279 164717
9 1564 8982 0 1777797279 166483
13 1600 10191 0 1777797279 166553
11 1582 18825 0 1777797279 166896
9 1565 4953 0 1777797279 171440
7 1551 10713 0 1777797279 172004
11 1583 7241 0 1777797279 174139
13 1601 7989 0 1777797279 174598
10 1514 12436 0 1777797279 177155
13 1602 2572 0 1777797279 177172
7 1552 5217 0 1777797279 177225
11 1584 7211 0 1777797279 181352
7 1553 5194 0 1777797279 182420
9 1566 10993 0 1777797279 182434
10 1515 5265 0 1777797279 182438
13 1603 8148 0 1777797279 185343
10 1516 6965 0 1777797279 189408
7 1554 10680 0 1777797279 193101
13 1604 8014 0 1777797279 193358
10 1517 9093 0 1777797279 198502
13 1605 5766 0 1777797279 199126
9 1567 17718 0 1777797279 200158
13 1606 3046 0 1777797279 202174
8 1599 38042 0 1777797279 202603
7 1555 20682 0 1777797279 213785
10 1518 15286 0 1777797279 213790
12 1539 56282 0 1777797279 213793
9 1568 13655 0 1777797279 213817
11 1585 32411 0 1777797279 213822
13 1607 11650 0 1777797279 213826
8 1600 11699 0 1777797279 214304
8 1601 2553 0 1777797279 216859
10 1519 3256 0 1777797279 217057
11 1586 5630 0 1777797279 219462
9 1569 6016 0 1777797279 219842
13 1608 6386 0 1777797279 220224
8 1602 4264 0 1777797279 221126
12 1540 7624 0 1777797279 221432
10 1520 6821 0 1777797279 223880
8 1603 6368 0 1777797279 227498
9 1570 7663 0 1777797279 227507
11 1587 8040 0 1777797279 227512
13 1609 7316 0 1777797279 227543
10 1521 4329 0 1777797279 228211
7 1556 14703 0 1777797279 228497
10 1522 2871 0 1777797279 231084
9 1571 5648 0 1777797279 233171
10 1523 4259 0 1777797279 235345
11 1588 9782 0 1777797279 237311
10 1524 3962 0 1777797279 239311
9 1572 8856 0 1777797279 242028
11 1589 4948 0 1777797279 242261
12 1541 23878 0 1777797279 245312
10 1525 6469 0 1777797279 245782
9 1573 5923 0 1777797279 247953
11 1590 6695 0 1777797279 248958
8 1604 22141 0 1777797279 249654
10 1526 5785 0 1777797279 251568
11 1591 3158 0 1777797279 252118
10 1527 2153 0 1777797279 253723
11 1592 4817 0 1777797279 256938
11 1593 3094 0 1777797279 260034
10 1528 7294 0 1777797279 261023
9 1574 15613 0 1777797279 263571
11 1594 4595 0 1777797279 264630
13 1610 38088 0 1777797279 265632
10 1529 6731 0 1777797279 267757
7 1557 39837 0 1777797279 268335
9 1575 5978 0 1777797279 269551
10 1530 3699 0 1777797279 271459
11 1595 7585 0 1777797279 272217
13 1611 7675 0 1777797279 273308
10 1531 2053 0 1777797279 273518
9 1576 4214 0 1777797279 273768
9 1577 4481 0 1777797279 278251
12 1542 33201 0 1777797279 278515
10 1532 5197 0 1777797279 278716
8 1605 30207 0 1777797279 279864
13 1612 7292 0 1777797279 280602
11 1596 8401 0 1777797279 280622
8 1606 1239 0 1777797279 281105
9 1578 4514 0 1777797279 282767
13 1613 3086 0 1777797279 283690
10 1533 5063 0 1777797279 283783
11 1597 4903 0 1777797279 285527
8 1607 6263 0 1777797279 287371
11 1598 3099 0 1777797279 288628
9 1579 6108 0 1777797279 288877
10 1534 6042 0 1777797279 289828
7 1558 23144 0 1777797279 291483
8 1608 6970 0 1777797279 294348
13 1614 10838 0 1777797279 294530
13 1615 4336 0 1777797279 298866
10 1535 9310 0 1777797279 299140
11 1599 11743 0 1777797279 300377
7 1559 10745 0 1777797279 302233
9 1580 15008 0 1777797279 303888
8 1609 12214 0 1777797279 306563
12 1543 28949 0 1777797279 307466
13 1616 8751 0 1777797279 307621
10 1536 12105 0 1777797279 311248
9 1581 7764 0 1777797279 311653
7 1560 10381 0 1777797279 312625
8 1610 6744 0 1777797279 313313
11 1600 13325 0 1777797279 313704
8 1611 1095 0 1777797279 314411
13 1617 6797 0 1777797279 314420
9 1582 5390 0 1777797279 317045
7 1561 6879 0 1777797279 319506
13 1618 5091 0 1777797279 319529
10 1537 8557 0 1777797279 319807
8 1612 7566 0 1777797279 321986
11 1601 8310 0 1777797279 322016
13 1619 9449 0 1777797279 329003
9 1583 12527 0 1777797279 329575
8 1613 7669 0 1777797279 329657
11 1602 7853 0 1777797279 329871
7 1562 10378 0 1777797279 329909
10 1538 10577 0 1777797279 330386
13 1620 5886 0 1777797279 334890
11 1603 5614 0 1777797279 335492
7 1563 10417 0 1777797279 340326
8 1614 10672 0 1777797279 340331
9 1584 10756 0 1777797279 340334
10 1539 9951 0 1777797279 340338
13 1621 6298 0 1777797279 341189
11 1604 11306 0 1777797279 346798
8 1615 8177 0 1777797279 348520
13 1622 8653 0 1777797279 349847
7 1564 9796 0 1777797279 350134
10 1540 13901 0 1777797279 354254
8 1616 8855 0 1777797279 357377
9 1585 17081 0 1777797279 357428
7 1565 13225 0 1777797279 363361
10 1541 9710 0 1777797279 363969
11 1605 17138 0 1777797279 363980
13 1623 14450 0 1777797279 364302
9 1586 13895 0 1777797279 371325
13 1624 7123 0 1777797279 371427
11 1606 11258 0 1777797279 375249
7 1566 16238 0 1777797279 379602
8 1617 22227 0 1777797279 379609
10 1542 16400 0 1777797279 380381
9 1587 12411 0 1777797279 383738
13 1625 14646 0 1777797279 386075
7 1567 10735 0 1777797279 390345
8 1618 12819 0 1777797279 392436
13 1626 10208 0 1777797279 396285
7 1568 9269 0 1777797279 399617
10 1543 21574 0 1777797279 401960
13 1627 5682 0 1777797279 401969
10 1544 5813 0 1777797279 407783
13 1628 8756 0 1777797279 410734
7 1569 11709 0 1777797279 411338
9 1588 31397 0 1777797279 415138
13 1629 6054 0 1777797279 416799
8 1619 26434 0 1777797279 418879
13 1630 2138 0 1777797279 418942
13 1631 1862 0 1777797279 420805
9 1589 9382 0 1777797279 424523
11 1607 49490 0 1777797279 424740
13 1632 4664 0 1777797279 425472
12 1544 119146 0 1777797279 426623
9 1590 4008 0 1777797279 428533
10 1545 23953 0 1777797279 431740
11 1608 7005 0 1777797279 431747
13 1633 9411 0 1777797279 434890
11 1609 5649 0 1777797279 437408
11 1610 2516 0 1777797279 439925
12 1545 14425 0 1777797279 441051
13 1634 8759 0 1777797279 443651
11 1611 3842 0 1777797279 443770
10 1546 12790 0 1777797279 444539
11 1612 4114 0 1777797279 447885
10 1547 4281 0 1777797279 448823
13 1635 7648 0 1777797279 451301
9 1591 23004 0 1777797279 451539
13 1636 3705 0 1777797279 455010
11 1613 8337 0 1777797279 456224
13 1637 1322 0 1777797279 456335
13 1638 835 0 1777797279 457171
11 1614 965 0 1777797279 457191
13 1639 522 0 1777797279 457695
11 1615 2573 0 1777797279 459765
13 1640 3110 0 1777797279 460807
13 1641 1920 0 1777797279 462729
11 1616 6272 0 1777797279 466039
12 1546 28009 0 1777797279 469063
10 1548 22600 0 1777797279 471425
11 1617 5773 0 1777797279 471814
13 1642 9372 0 1777797279 472103
9 1592 21265 0 1777797279 472806
13 1643 2527 0 1777797279 474633
10 1549 3747 0 1777797279 475175
11 1618 7087 0 1777797279 478904
9 1593 6549 0 1777797279 479358
13 1644 5772 0 1777797279 480407
10 1550 5750 0 1777797279 480927
11 1619 3549 0 1777797279 482456
9 1594 3998 0 1777797279 483360
13 1645 3548 0 1777797279 483957
11 1620 2939 0 1777797279 485397
10 1551 8096 0 1777797279 489025
9 1595 9299 0 1777797279 492661
11 1621 7266 0 1777797279 492670
7 1570 81449 0 1777797279 492789
13 1646 10132 0 1777797279 494092
8 1620 76237 0 1777797279 495119
11 1622 3400 0 1777797279 496089
9 1596 4942 0 1777797279 497613
10 1552 11339 0 1777797279 500366
11 1623 7502 0 1777797279 503594
13 1647 9652 0 1777797279 503749
9 1597 8077 0 1777797279 505692
11 1624 2612 0 1777797279 506225
10 1553 7481 0 1777797279 507850
11 1625 2344 0 1777797279 508571
13 1648 5008 0 1777797279 508764
9 1598 3535 0 1777797279 509241
8 1621 15292 0 1777797279 510413
13 1649 1769 0 1777797279 510534
11 1626 2422 0 1777797279 510995
11 1627 1078 0 1777797279 512075
13 1650 3420 0 1777797279 513955
8 1622 11509 0 1777797279 521925
13 1651 11879 0 1777797279 525840
7 1571 33091 0 1777797279 525881
11 1628 13810 0 1777797279 525888
8 1623 9808 0 1777797279 531737
10 1554 24947 0 1777797279 532799
9 1599 29469 0 1777797279 538714
13 1652 12873 0 1777797279 538720
7 1572 14764 0 1777797279 540653
11 1629 14747 0 1777797279 540663
12 1547 71600 0 1777797279 540672
8 1624 14137 0 1777797279 545878
10 1555 13093 0 1777797279 545897
12 1548 6047 0 1777797279 546756
13 1653 8489 0 1777797279 547215
11 1630 6549 0 1777797279 547237
7 1573 6728 0 1777797279 547401
9 1600 8747 0 1777797279 547467
8 1625 9141 0 1777797279 555040
11 1631 7813 0 1777797279 555051
13 1654 8615 0 1777797279 555832
10 1556 13003 0 1777797279 558924
7 1574 11707 0 1777797279 559109
11 1632 4153 0 1777797279 559217
12 1549 16579 0 1777797279 563338
8 1626 9810 0 1777797279 564862
9 1601 17549 0 1777797279 565017
8 1627 5781 0 1777797279 570645
13 1655 14822 0 1777797279 570655
10 1557 11751 0 1777797279 570687
9 1602 5741 0 1777797279 570812
12 1550 7585 0 1777797279 570926
7 1575 17399 0 1777797279 576510
8 1628 6090 0 1777797279 576746
10 1558 10636 0 1777797279 581325
11 1633 22243 0 1777797279 581462
12 1551 10552 0 1777797279 581479
9 1603 11286 0 1777797279 582099
13 1656 11439 0 1777797279 582107
11 1634 5911 0 1777797279 587374
8 1629 12032 0 1777797279 588780
7 1576 12563 0 1777797279 589078
10 1559 7773 0 1777797279 589108
12 1552 9328 0 1777797279 590808
9 1604 9766 0 1777797279 591897
8 1630 6189 0 1777797279 594971
7 1577 9013 0 1777797279 598093
11 1635 10724 0 1777797279 598101
10 1560 9049 0 1777797279 598159
12 1553 7355 0 1777797279 598165
13 1657 16272 0 1777797279 598415
8 1631 9171 0 1777797279 604146
11 1636 6011 0 1777797279 604156
7 1578 7634 0 1777797279 605736
12 1554 7569 0 1777797279 605743
9 1605 13923 0 1777797279 605821
8 1632 5169 0 1777797279 609326
12 1555 4261 0 1777797279 610066
10 1561 11937 0 1777797279 610104
7 1579 4624 0 1777797279 610368
11 1637 12039 0 1777797279 616211
13 1658 17865 0 1777797279 616282
10 1562 6220 0 1777797279 616325
9 1606 10519 0 1777797279 616341
8 1633 9801 0 1777797279 619131
7 1580 9937 0 1777797279 620308
12 1556 10671 0 1777797279 620746
9 1607 8729 0 1777797279 625071
10 1563 19863 0 1777797279 636189
8 1634 17301 0 1777797279 636433
13 1659 20154 0 1777797279 636438
12 1557 20340 0 1777797279 641088
11 1638 24879 0 1777797279 641101
7 1581 20882 0 1777797279 641192
9 1608 18070 0 1777797279 643147
13 1660 6645 0 1777797279 643160
8 1635 9615 0 1777797279 646053
10 1564 10245 0 1777797279 646440
7 1582 9083 0 1777797279 650276
9 1609 7137 0 1777797279 650285
10 1565 7175 0 1777797279 653615
11 1639 12519 0 1777797279 653620
12 1558 17471 0 1777797279 658560
7 1583 14889 0 1777797279 665175
8 1636 19136 0 1777797279 665191
13 1661 22037 0 1777797279 665198
9 1610 15037 0 1777797279 665335
9 1611 3019 0 1777797279 668356
11 1640 15568 0 1777797279 669195
11 1641 4721 0 1777797279 673919
7 1584 8854 0 1777797279 674053
9 1612 5709 0 1777797279 674075
7 1585 7042 0 1777797279 681097
10 1566 27691 0 1777797279 681312
9 1613 7348 0 1777797279 681424
11 1642 8206 0 1777797279 682136
13 1662 18145 0 1777797279 683370
8 1637 18797 0 1777797279 684012
8 1638 1777 0 1777797279 685795
12 1559 27881 0 1777797279 686442
8 1639 1136 0 1777797279 686940
13 1663 3987 0 1777797279 687359
9 1614 7939 0 1777797279 689365
8 1640 6586 0 1777797279 693528
12 1560 7807 0 1777797279 694250
7 1586 13188 0 1777797279 694295
10 1567 16115 0 1777797279 697428
11 1643 17849 0 1777797279 699990
10 1568 5010 0 1777797279 702440
9 1615 13269 0 1777797279 702637
7 1587 9901 0 1777797279 704198
7 1588 2407 0 1777797279 706607
9 1616 4067 0 1777797279 706705
12 1561 13225 0 1777797279 707479
7 1589 2407 0 1777797279 709016
8 1641 16823 0 1777797279 710356
11 1644 11996 0 1777797279 711989
9 1617 7387 0 1777797279 714093
13 1664 27310 0 1777797279 714671
8 1642 7260 0 1777797279 717621
13 1665 3288 0 1777797279 717963
8 1643 2789 0 1777797279 720418
10 1569 18182 0 1777797279 720625
13 1666 6662 0 1777797279 724628
8 1644 5547 0 1777797279 726000
9 1618 12040 0 1777797279 726135
10 1570 6124 0 1777797279 726751
9 1619 4302 0 1777797279 730439
10 1571 3698 0 1777797279 730451
8 1645 5886 0 1777797279 731888
11 1645 20139 0 1777797279 732130
9 1620 2755 0 1777797279 733209
7 1590 36136 0 1777797279 745156
8 1646 15954 0 1777797279 747845
10 1572 18322 0 1777797279 748799
7 1591 9361 0 1777797279 754519
8 1647 6688 0 1777797279 754536
9 1621 22920 0 1777797279 756133
10 1573 8198 0 1777797279 756999
11 1646 32371 0 1777797279 764503
11 1647 1552 0 1777797279 766057
9 1622 11287 0 1777797279 767424
11 1648 4431 0 1777797279 770490
8 1648 17391 0 1777797279 771945
13 1667 47584 0 1777797279 772214
13 1668 2110 0 1777797279 774327
9 1623 7873 0 1777797279 775300
13 1669 4286 0 1777797279 778614
8 1649 8945 0 1777797279 780892
10 1574 31360 0 1777797279 788361
12 1562 80903 0 1777797279 788384
11 1649 17985 0 1777797279 788477
13 1670 10109 0 1777797279 788760
12 1563 1852 0 1777797279 790301
8 1650 12133 0 1777797279 793026
9 1624 17772 0 1777797279 793074
9 1625 3673 0 1777797279 796749
12 1564 8927 0 1777797279 799232
9 1626 2552 0 1777797279 799304
9 1627 1369 0 1777797279 800675
12 1565 2015 0 1777797279 801248
10 1575 13043 0 1777797279 801407
9 1628 1434 0 1777797279 802112
9 1629 1950 0 1777797279 804065
12 1566 8580 0 1777797279 809830
10 1576 10132 0 1777797279 811542
8 1651 19033 0 1777797279 812065
9 1630 8494 0 1777797279 812571
7 1592 58535 0 1777797279 813072
13 1671 24809 0 1777797279 813570
13 1672 3557 0 1777797279 817129
13 1673 1652 0 1777797279 818785
9 1631 7124 0 1777797279 819697
12 1567 11820 0 1777797279 821658
8 1652 9806 0 1777797279 821874
9 1632 5045 0 1777797279 824746
8 1653 4151 0 1777797279 826026
13 1674 10094 0 1777797279 828880
10 1577 17363 0 1777797279 828907
9 1633 5744 0 1777797279 830498
8 1654 7352 0 1777797279 833385
13 1675 5022 0 1777797279 833905
13 1676 4144 0 1777797279 838053
10 1578 9161 0 1777797279 838069
9 1634 7606 0 1777797279 838110
8 1655 6203 0 1777797279 839592
7 1593 29189 0 1777797279 842263
8 1656 2675 0 1777797279 842273
10 1579 4227 0 1777797279 842297
11 1650 56357 0 1777797279 844835
13 1677 6786 0 1777797279 844841
13 1678 2253 0 1777797279 847105
10 1580 4874 0 1777797279 847172
9 1635 11456 0 1777797279 849567
8 1657 7544 0 1777797279 849827
8 1658 5404 0 1777797279 855233
7 1594 13910 0 1777797279 856184
10 1581 10045 0 1777797279 857218
13 1679 10120 0 1777797279 857227
11 1651 12768 0 1777797279 857610
10 1582 3456 0 1777797279 860684
7 1595 4901 0 1777797279 861090
10 1583 2799 0 1777797279 863485
11 1652 6778 0 1777797279 864390
10 1584 1814 0 1777797279 865303
9 1636 15813 0 1777797279 865382
8 1659 10457 0 1777797279 865692
10 1585 1399 0 1777797279 866705
7 1596 5701 0 1777797279 866794
11 1653 3665 0 1777797279 868057
10 1586 2104 0 1777797279 868810
9 1637 5596 0 1777797279 870980
10 1587 2610 0 1777797279 871422
12 1568 50072 0 1777797279 871732
10 1588 1743 0 1777797279 873170
10 1589 1226 0 1777797279 874398
7 1597 8791 0 1777797279 875588
9 1638 4611 0 1777797279 875595
10 1590 1512 0 1777797279 875912
11 1654 8717 0 1777797279 876777
8 1660 12930 0 1777797279 878625
10 1591 3083 0 1777797279 878998
12 1569 7271 0 1777797279 879006
8 1661 5363 0 1777797279 883990
13 1680 26774 0 1777797279 884014
7 1598 8944 0 1777797279 884540
10 1592 5767 0 1777797279 884774
8 1662 7269 0 1777797279 891284
8 1663 2971 0 1777797279 894258
9 1639 20162 0 1777797279 895769
12 1570 17943 0 1777797279 896959
9 1640 1645 0 1777797279 897419
10 1593 13913 0 1777797279 898689
9 1641 3639 0 1777797279 901061
9 1642 4777 0 1777797279 905842
13 1681 22755 0 1777797279 906778
10 1594 8109 0 1777797279 906800
8 1664 13068 0 1777797279 907335
9 1643 5101 0 1777797279 910947
11 1655 34203 0 1777797279 910982
10 1595 4754 0 1777797279 911556
13 1682 7267 0 1777797279 914048
8 1665 6763 0 1777797279 914101
12 1571 18307 0 1777797279 915269
9 1644 4383 0 1777797279 915338
10 1596 4887 0 1777797279 916447
8 1666 6497 0 1777797279 920599
10 1597 9533 0 1777797279 925983
12 1572 10724 0 1777797279 925994
13 1683 11940 0 1777797279 925999
8 1667 6675 0 1777797279 927276
9 1645 11969 0 1777797279 927308
7 1599 43114 0 1777797279 927656
8 1668 2238 0 1777797279 929516
9 1646 8433 0 1777797279 935743
10 1598 10274 0 1777797279 936274
12 1573 10549 0 1777797279 936559
13 1684 10752 0 1777797279 936767
8 1669 8039 0 1777797279 937561
11 1656 26597 0 1777797279 937580
9 1647 2735 0 1777797279 938480
7 1600 11219 0 1777797279 938877
10 1599 11098 0 1777797279 947373
12 1574 10819 0 1777797279 947380
13 1685 10618 0 1777797279 947387
8 1670 9900 0 1777797279 947466
11 1657 9945 0 1777797279 947526
9 1648 9423 0 1777797279 947909
7 1601 15841 0 1777797279 954722
13 1686 7921 0 1777797279 955325
8 1671 8373 0 1777797279 955840
11 1658 8457 0 1777797279 955984
10 1600 8645 0 1777797279 956032
12 1575 13061 0 1777797279 960458
9 1649 13379 0 1777797279 961290
10 1601 5445 0 1777797279 961478
13 1687 7894 0 1777797279 963221
8 1672 7541 0 1777797279 963384
11 1659 7404 0 1777797279 963390
12 1576 7035 0 1777797279 967495
7 1602 12831 0 1777797279 967556
8 1673 4970 0 1777797279 968361
9 1650 7097 0 1777797279 968389
10 1602 6889 0 1777797279 968430
11 1660 5114 0 1777797279 968513
7 1603 4531 0 1777797279 972089
13 1688 8885 0 1777797279 972110
9 1651 5112 0 1777797279 973503
12 1577 11488 0 1777797279 978987
10 1603 10653 0 1777797279 979084
8 1674 11021 0 1777797279 979389
13 1689 7309 0 1777797279 979422
11 1661 12037 0 1777797279 980551
7 1604 8564 0 1777797279 980656
10 1604 3259 0 1777797279 982345
12 1578 8277 0 1777797279 987266
9 1652 13798 0 1777797279 987307
8 1675 7963 0 1777797279 987353
7 1605 7649 0 1777797279 988307
11 1662 7847 0 1777797279 988400
12 1579 7232 0 1777797279 994500
13 1690 15861 0 1777797279 995284
10 1605 13315 0 1777797279 995662
7 1606 7393 0 1777797279 995702
8 1676 8937 0 1777797279 996291
11 1663 8288 0 1777797279 996690
9 1653 13253 0 1777797280 562
12 1580 7703 0 1777797280 2205
11 1664 6306 0 1777797280 2998
7 1607 7445 0 1777797280 3160
10 1606 8439 0 1777797280 4102
8 1677 7995 0 1777797280 4289
9 1654 8418 0 1777797280 8991
13 1691 13724 0 1777797280 9010
7 1608 5918 0 1777797280 9079
12 1581 6893 0 1777797280 9105
8 1678 8376 0 1777797280 12667
11 1665 10079 0 1777797280 13079
10 1607 9394 0 1777797280 13513
12 1582 4933 0 1777797280 14040
9 1655 5359 0 1777797280 14370
7 1609 5776 0 1777797280 14857
13 1692 11556 0 1777797280 20579
11 1666 7559 0 1777797280 20640
12 1583 6603 0 1777797280 20647
10 1608 7236 0 1777797280 20751
8 1679 8382 0 1777797280 21050
9 1656 6797 0 1777797280 21168
7 1610 6324 0 1777797280 21184
10 1609 3404 0 1777797280 24158
9 1657 3044 0 1777797280 24213
11 1667 3573 0 1777797280 24221
12 1584 7888 0 1777797280 28546
7 1611 7828 0 1777797280 29012
13 1693 8436 0 1777797280 29016
10 1610 5820 0 1777797280 29980
7 1612 1887 0 1777797280 30904
9 1658 6905 0 1777797280 31127
13 1694 5960 0 1777797280 34983
9 1659 5270 0 1777797280 36400
7 1613 6696 0 1777797280 37604
9 1660 2819 0 1777797280 39221
10 1611 9356 0 1777797280 39341
8 1680 18329 0 1777797280 39381
12 1585 11261 0 1777797280 39813
13 1695 13116 0 1777797280 48101
7 1614 10542 0 1777797280 48149
10 1612 8813 0 1777797280 48157
9 1661 9050 0 1777797280 48280
8 1681 9271 0 1777797280 48653
12 1586 8845 0 1777797280 48659
8 1682 5131 0 1777797280 53791
10 1613 6453 0 1777797280 54619
10 1614 2104 0 1777797280 56724
9 1662 9536 0 1777797280 57818
7 1615 14126 0 1777797280 62283
10 1615 5581 0 1777797280 62307
9 1663 4849 0 1777797280 62669
12 1587 14008 0 1777797280 62676
8 1683 9554 0 1777797280 63350
11 1668 40651 0 1777797280 64905
13 1696 16913 0 1777797280 65016
8 1684 2203 0 1777797280 65555
13 1697 1121 0 1777797280 66140
11 1669 1317 0 1777797280 66224
8 1685 1660 0 1777797280 67220
8 1686 2352 0 1777797280 69574
10 1616 8301 0 1777797280 70631
9 1664 8148 0 1777797280 70825
10 1617 1632 0 1777797280 72268
7 1616 10070 0 1777797280 72378
13 1698 6278 0 1777797280 72420
12 1588 10175 0 1777797280 72859
9 1665 3435 0 1777797280 74262
10 1618 1999 0 1777797280 74273
13 1699 1858 0 1777797280 74280
8 1687 7350 0 1777797280 76929
7 1617 6718 0 1777797280 79098
7 1618 2349 0 1777797280 81449
8 1688 4746 0 1777797280 81677
10 1619 7733 0 1777797280 82028
13 1700 10953 0 1777797280 85264
8 1689 4890 0 1777797280 86570
9 1666 12296 0 1777797280 86577
7 1619 5471 0 1777797280 86923
10 1620 5357 0 1777797280 87389
7 1620 4840 0 1777797280 91765
13 1701 6572 0 1777797280 91847
10 1621 5726 0 1777797280 93119
7 1621 1490 0 1777797280 93257
7 1622 847 0 1777797280 94106
13 1702 2576 0 1777797280 94425
10 1622 2506 0 1777797280 95627
8 1690 12344 0 1777797280 98922
9 1667 12540 0 1777797280 99126
7 1623 6263 0 1777797280 100372
8 1691 3458 0 1777797280 102387
13 1703 7968 0 1777797280 102395
10 1623 7600 0 1777797280 103228
11 1670 38093 0 1777797280 104319
9 1668 5220 0 1777797280 104347
7 1624 4133 0 1777797280 104507
10 1624 1878 0 1777797280 105110
13 1704 3668 0 1777797280 106076
9 1669 2520 0 1777797280 106869
10 1625 2678 0 1777797280 107792
7 1625 5655 0 1777797280 110164
10 1626 2863 0 1777797280 110657
11 1671 6344 0 1777797280 110665
13 1705 6931 0 1777797280 113062
10 1627 3194 0 1777797280 113860
8 1692 11774 0 1777797280 114170
9 1670 9839 0 1777797280 116710
8 1693 3754 0 1777797280 117926
7 1626 8800 0 1777797280 118966
10 1628 5140 0 1777797280 119002
13 1706 8510 0 1777797280 121575
10 1629 4140 0 1777797280 123144
7 1627 4924 0 1777797280 123892
9 1671 8593 0 1777797280 125305
7 1628 1710 0 1777797280 125604
8 1694 8199 0 1777797280 126127
7 1629 964 0 1777797280 126569
11 1672 17610 0 1777797280 128286
13 1707 7204 0 1777797280 128785
13 1708 26608 0 1777797280 155396
10 1630 35657 0 1777797280 158804
11 1673 33902 0 1777797280 162190
13 1709 6798 0 1777797280 162197
7 1630 36421 0 1777797280 162992
9 1672 37692 0 1777797280 162999
12 1589 90143 0 1777797280 163004
8 1695 38092 0 1777797280 164221
13 1710 4610 0 1777797280 166826
12 1590 4106 0 1777797280 167123
10 1631 10271 0 1777797280 169077
8 1696 5854 0 1777797280 170080
13 1711 11347 0 1777797280 178176
8 1697 8493 0 1777797280 178577
10 1632 10093 0 1777797280 179179
12 1591 12275 0 1777797280 179399
7 1631 17184 0 1777797280 180189
9 1673 18044 0 1777797280 181055
11 1674 18872 0 1777797280 181070
13 1712 4706 0 1777797280 182884
8 1698 10374 0 1777797280 188953
12 1592 9633 0 1777797280 189033
7 1632 10539 0 1777797280 190729
10 1633 13162 0 1777797280 192343
9 1674 11791 0 1777797280 192862
11 1675 13266 0 1777797280 194351
13 1713 11941 0 1777797280 194828
12 1593 9832 0 1777797280 198866
9 1675 7003 0 1777797280 199866
10 1634 10306 0 1777797280 202652
7 1633 12196 0 1777797280 202926
8 1699 16807 0 1777797280 205762
11 1676 11419 0 1777797280 205778
13 1714 11806 0 1777797280 206636
9 1676 7055 0 1777797280 206923
7 1634 9297 0 1777797280 212223
12 1594 13568 0 1777797280 212435
13 1715 5900 0 1777797280 212537
8 1700 7298 0 1777797280 213078
10 1635 10436 0 1777797280 213101
9 1677 6713 0 1777797280 213638
11 1677 9772 0 1777797280 215571
13 1716 3599 0 1777797280 216137
12 1595 4054 0 1777797280 216490
7 1635 4454 0 1777797280 216682
9 1678 7143 0 1777797280 220783
10 1636 8503 0 1777797280 221605
11 1678 6097 0 1777797280 221671
8 1701 8754 0 1777797280 221834
13 1717 6153 0 1777797280 222291
7 1636 5775 0 1777797280 222460
12 1596 7983 0 1777797280 224477
9 1679 3995 0 1777797280 224779
7 1637 2892 0 1777797280 225354
10 1637 3908 0 1777797280 225515
11 1679 7459 0 1777797280 229131
13 1718 6843 0 1777797280 229136
8 1702 8850 0 1777797280 230685
9 1680 6973 0 1777797280 231753
12 1597 7387 0 1777797280 231871
7 1638 7855 0 1777797280 233212
10 1638 7724 0 1777797280 233240
8 1703 5636 0 1777797280 236328
13 1719 7975 0 1777797280 237119
12 1598 5832 0 1777797280 237704
11 1680 8583 0 1777797280 237720
9 1681 7925 0 1777797280 239681
7 1639 6502 0 1777797280 239720
8 1704 4005 0 1777797280 240334
11 1681 2774 0 1777797280 240495
9 1682 5327 0 1777797280 245010
11 1682 4657 0 1777797280 245153
10 1639 11935 0 1777797280 245176
7 1640 5690 0 1777797280 245411
12 1599 7760 0 1777797280 245466
8 1705 5487 0 1777797280 245823
13 1720 8704 0 1777797280 245830
9 1683 3016 0 1777797280 248028
11 1683 7697 0 1777797280 252851
13 1721 7045 0 1777797280 252883
10 1640 8001 0 1777797280 253179
8 1706 8783 0 1777797280 254615
7 1641 9884 0 1777797280 255297
12 1600 9940 0 1777797280 255407
10 1641 4892 0 1777797280 258074
13 1722 5201 0 1777797280 258085
7 1642 2959 0 1777797280 258257
11 1684 5410 0 1777797280 258264
12 1601 6862 0 1777797280 262270
13 1723 4259 0 1777797280 262355
9 1684 14688 0 1777797280 262719
11 1685 5555 0 1777797280 263828
7 1643 5824 0 1777797280 264089
13 1724 6284 0 1777797280 268642
10 1642 10670 0 1777797280 268756
11 1686 5853 0 1777797280 269683
8 1707 15611 0 1777797280 270230
9 1685 7526 0 1777797280 270247
13 1725 4991 0 1777797280 273640
12 1602 11449 0 1777797280 273722
7 1644 10471 0 1777797280 274562
11 1687 5024 0 1777797280 274719
10 1643 5992 0 1777797280 274749
13 1726 4155 0 1777797280 277798
9 1686 7912 0 1777797280 278173
12 1603 4707 0 1777797280 278430
8 1708 8657 0 1777797280 278905
10 1644 6807 0 1777797280 281557
12 1604 3677 0 1777797280 282109
11 1688 7994 0 1777797280 282714
9 1687 5769 0 1777797280 283944
8 1709 6306 0 1777797280 285216
11 1689 4410 0 1777797280 287130
10 1645 6400 0 1777797280 287960
13 1727 10130 0 1777797280 287972
12 1605 5980 0 1777797280 288090
9 1688 6469 0 1777797280 290416
13 1728 3797 0 1777797280 291781
7 1645 21187 0 1777797280 295754
11 1690 9812 0 1777797280 296944
12 1606 8871 0 1777797280 296963
11 1691 921 0 1777797280 297885
10 1646 14217 0 1777797280 302190
9 1689 11817 0 1777797280 302235
11 1692 4581 0 1777797280 302467
13 1729 10728 0 1777797280 302511
12 1607 8030 0 1777797280 305007
11 1693 2770 0 1777797280 305238
13 1730 6638 0 1777797280 309150
8 1710 24221 0 1777797280 309439
11 1694 7222 0 1777797280 312464
12 1608 8360 0 1777797280 313370
13 1731 5324 0 1777797280 314475
9 1690 13580 0 1777797280 315817
11 1695 3744 0 1777797280 316210
11 1696 3206 0 1777797280 319421
13 1732 5438 0 1777797280 319915
9 1691 4531 0 1777797280 320349
13 1733 3801 0 1777797280 323719
9 1692 5027 0 1777797280 325382
13 1734 3132 0 1777797280 326853
10 1647 26325 0 1777797280 328517
11 1697 10206 0 1777797280 329628
12 1609 16571 0 1777797280 329943
7 1646 35190 0 1777797280 330946
10 1648 4101 0 1777797280 332619
7 1647 3878 0 1777797280 334826
11 1698 8530 0 1777797280 338164
13 1735 13480 0 1777797280 340338
10 1649 8087 0 1777797280 340708
12 1610 12758 0 1777797280 342703
11 1699 8105 0 1777797280 346270
9 1693 21249 0 1777797280 346633
7 1648 12004 0 1777797280 346831
10 1650 6845 0 1777797280 347555
7 1649 1207 0 1777797280 348042
9 1694 3149 0 1777797280 349785
9 1695 5468 0 1777797280 355258
9 1696 5616 0 1777797280 360882
12 1611 20504 0 1777797280 363212
9 1697 10703 0 1777797280 371588
11 1700 25323 0 1777797280 371595
13 1736 32085 0 1777797280 372431
12 1612 10380 0 1777797280 373595
13 1737 5158 0 1777797280 377591
10 1651 32866 0 1777797280 380423
13 1738 2979 0 1777797280 380575
9 1698 15143 0 1777797280 386738
9 1699 4956 0 1777797280 391696
10 1652 11616 0 1777797280 392042
11 1701 22524 0 1777797280 394137
9 1700 2496 0 1777797280 394195
13 1739 16113 0 1777797280 396690
9 1701 4017 0 1777797280 398214
8 1711 90490 0 1777797280 399931
9 1702 3491 0 1777797280 401708
8 1712 4270 0 1777797280 404204
9 1703 2505 0 1777797280 404215
13 1740 10539 0 1777797280 407234
10 1653 15211 0 1777797280 407254
11 1702 14277 0 1777797280 408416
9 1704 4689 0 1777797280 408917
10 1654 2161 0 1777797280 409417
13 1741 2503 0 1777797280 409739
7 1650 61720 0 1777797280 409764
9 1705 3011 0 1777797280 411931
13 1742 3000 0 1777797280 412743
8 1713 9690 0 1777797280 413906
9 1706 1999 0 1777797280 413932
10 1655 7220 0 1777797280 416638
13 1743 5014 0 1777797280 417759
7 1651 12425 0 1777797280 422191
11 1703 14107 0 1777797280 422527
8 1714 9545 0 1777797280 423453
9 1707 10485 0 1777797280 424420
7 1652 3578 0 1777797280 425772
9 1708 1360 0 1777797280 425783
10 1656 9146 0 1777797280 425791
11 1704 5079 0 1777797280 427611
10 1657 3012 0 1777797280 428831
13 1744 12928 0 1777797280 430689
9 1709 5793 0 1777797280 431595
13 1745 1278 0 1777797280 431969
11 1705 6094 0 1777797280 433710
10 1658 9833 0 1777797280 438667
8 1715 16566 0 1777797280 440023
9 1710 8465 0 1777797280 440067
11 1706 9594 0 1777797280 443307
7 1653 19097 0 1777797280 444889
10 1659 6218 0 1777797280 444896
9 1711 7359 0 1777797280 447427
11 1707 6883 0 1777797280 450197
10 1660 5820 0 1777797280 450734
8 1716 11140 0 1777797280 451171
7 1654 9644 0 1777797280 454541
10 1661 3817 0 1777797280 454556
9 1712 8234 0 1777797280 455663
11 1708 7267 0 1777797280 457468
8 1717 8153 0 1777797280 459325
10 1662 4785 0 1777797280 459356
7 1655 9074 0 1777797280 463631
9 1713 7996 0 1777797280 463661
7 1656 3157 0 1777797280 466819
9 1714 9866 0 1777797280 473539
7 1657 8503 0 1777797280 475326
8 1718 18033 0 1777797280 477361
8 1719 3101 0 1777797280 480466
7 1658 12319 0 1777797280 487647
10 1663 31586 0 1777797280 490944
11 1709 33501 0 1777797280 490976
13 1746 60811 0 1777797280 492782
9 1715 20073 0 1777797280 493617
11 1710 5504 0 1777797280 496502
13 1747 148066 0 1777797280 640855
10 1664 150151 0 1777797280 641129
11 1711 150707 0 1777797280 647210
9 1716 153616 0 1777797280 647236
12 1613 273642 0 1777797280 647242
7 1659 159811 0 1777797280 647547
8 1720 169430 0 1777797280 649898
13 1748 14104 0 1777797280 654964
10 1665 13948 0 1777797280 655079
7 1660 17244 0 1777797280 664793
13 1749 10552 0 1777797280 665525
11 1712 22473 0 1777797280 669686
10 1666 14704 0 1777797280 669784
9 1717 41192 0 1777797280 688436
8 1721 38809 0 1777797280 688709
12 1614 52579 0 1777797280 699832
10 1667 30096 0 1777797280 699881
12 1615 8276 0 1777797280 708113
11 1713 39603 0 1777797280 709299
12 1616 1429 0 1777797280 709545
13 1750 45900 0 1777797280 711427
9 1718 23008 0 1777797280 711454
13 1751 4191 0 1777797280 715620
11 1714 9787 0 1777797280 719087
13 1752 7621 0 1777797280 723243
9 1719 12088 0 1777797280 723543
8 1722 34926 0 1777797280 723638
7 1661 59496 0 1777797280 724291
11 1715 8368 0 1777797280 727457
9 1720 5898 0 1777797280 729442
13 1753 6993 0 1777797280 730239
8 1723 10441 0 1777797280 734081
9 1721 8856 0 1777797280 738301
12 1617 34132 0 1777797280 743679
7 1662 20005 0 1777797280 744300
8 1724 13122 0 1777797280 747211
12 1618 15081 0 1777797280 758762
7 1663 14478 0 1777797280 758783
8 1725 12954 0 1777797280 760167
13 1754 30081 0 1777797280 760323
10 1668 65040 0 1777797280 764923
11 1716 37649 0 1777797280 765108
12 1619 6362 0 1777797280 765128
13 1755 5980 0 1777797280 766305
8 1726 7859 0 1777797280 768034
13 1756 6430 0 1777797280 772741
10 1669 11153 0 1777797280 776078
9 1722 37837 0 1777797280 776140
11 1717 11104 0 1777797280 776233
12 1620 11117 0 1777797280 776257
7 1664 24275 0 1777797280 783059
13 1757 17683 0 1777797280 790428
8 1727 22446 0 1777797280 790485
11 1718 14259 0 1777797280 790493
10 1670 14579 0 1777797280 790665
9 1723 14542 0 1777797280 790683
12 1621 21350 0 1777797280 797608
13 1758 8044 0 1777797280 798481
11 1719 8030 0 1777797280 798531
8 1728 8223 0 1777797280 798716
9 1724 8036 0 1777797280 798721
10 1671 8881 0 1777797280 799547
9 1725 6407 0 1777797280 805137
12 1622 8250 0 1777797280 805864
7 1665 22972 0 1777797280 806033
9 1726 2998 0 1777797280 808136
10 1672 8598 0 1777797280 808147
13 1759 9727 0 1777797280 808213
11 1720 10104 0 1777797280 808637
8 1729 13604 0 1777797280 812326
7 1666 8841 0 1777797280 814877
12 1623 9049 0 1777797280 814914
9 1727 12393 0 1777797280 820541
8 1730 8248 0 1777797280 820582
13 1760 12374 0 1777797280 820588
10 1673 19281 0 1777797280 827454
7 1667 12667 0 1777797280 827546
11 1721 19066 0 1777797280 827706
9 1728 7549 0 1777797280 828093
12 1624 14999 0 1777797280 829914
7 1668 2387 0 1777797280 829934
8 1731 15363 0 1777797280 835952
10 1674 8503 0 1777797280 835959
13 1761 15367 0 1777797280 835966
12 1625 9680 0 1777797280 839599
11 1722 12008 0 1777797280 839716
9 1729 11686 0 1777797280 839780
7 1669 10249 0 1777797280 840183
8 1732 9958 0 1777797280 845925
10 1675 10060 0 1777797280 846036
13 1762 10112 0 1777797280 846105
7 1670 10440 0 1777797280 850626
9 1730 12632 0 1777797280 852414
11 1723 12714 0 1777797280 852431
12 1626 12869 0 1777797280 852471
13 1763 9032 0 1777797280 855138
8 1733 9295 0 1777797280 855222
10 1676 9686 0 1777797280 855726
7 1671 12835 0 1777797280 863464
11 1724 11115 0 1777797280 863559
8 1734 8970 0 1777797280 864194
10 1677 8525 0 1777797280 864253
13 1764 9521 0 1777797280 864661
12 1627 12742 0 1777797280 865214
9 1731 12936 0 1777797280 865368
7 1672 6563 0 1777797280 870034
8 1735 7102 0 1777797280 871298
11 1725 8008 0 1777797280 871568
10 1678 7846 0 1777797280 872101
13 1765 9483 0 1777797280 874146
11 1726 2767 0 1777797280 874337
9 1732 11169 0 1777797280 876538
7 1673 6523 0 1777797280 876559
12 1628 11350 0 1777797280 876566
8 1736 7724 0 1777797280 879025
11 1727 7529 0 1777797280 881868
13 1766 7755 0 1777797280 881903
8 1737 3496 0 1777797280 882524
7 1674 7487 0 1777797280 884054
11 1728 6116 0 1777797280 887986
8 1738 5470 0 1777797280 888051
10 1679 17394 0 1777797280 889497
12 1629 12922 0 1777797280 889505
13 1767 7609 0 1777797280 889513
9 1733 13049 0 1777797280 889590
7 1675 6176 0 1777797280 890232
11 1729 4606 0 1777797280 892611
8 1739 5581 0 1777797280 893634
7 1676 5989 0 1777797280 896222
8 1740 2617 0 1777797280 896257
9 1734 6890 0 1777797280 896481
7 1677 4188 0 1777797280 900416
10 1680 11013 0 1777797280 900527
12 1630 14271 0 1777797280 903824
11 1730 11351 0 1777797280 903964
9 1735 12065 0 1777797280 908547
7 1678 10595 0 1777797280 911013
11 1731 7721 0 1777797280 911687
10 1681 11624 0 1777797280 912152
13 1768 23442 0 1777797280 913003
8 1741 20039 0 1777797280 916297
10 1682 5155 0 1777797280 917310
9 1736 9439 0 1777797280 917988
11 1732 8068 0 1777797280 919757
7 1679 10298 0 1777797280 921314
12 1631 18442 0 1777797280 922268
13 1769 12379 0 1777797280 925385
7 1680 4129 0 1777797280 925446
10 1683 10412 0 1777797280 927725
9 1737 10430 0 1777797280 928420
8 1742 19821 0 1777797280 936120
12 1632 13883 0 1777797280 936155
11 1733 17019 0 1777797280 936778
9 1738 8564 0 1777797280 936986
9 1739 4954 0 1777797280 941942
12 1633 5928 0 1777797280 942085
13 1770 22228 0 1777797280 947621
12 1634 11530 0 1777797280 953616
8 1743 17517 0 1777797280 953641
10 1684 26257 0 1777797280 953996
9 1740 15444 0 1777797280 957390
7 1681 37139 0 1777797280 962586
10 1685 8674 0 1777797280 962671
8 1744 9323 0 1777797280 962966
12 1635 9535 0 1777797280 963153
13 1771 18020 0 1777797280 965644
11 1734 35311 0 1777797280 972091
10 1686 9434 0 1777797280 972109
12 1636 9010 0 1777797280 972165
8 1745 10204 0 1777797280 973173
12 1637 1630 0 1777797280 973796
9 1741 17594 0 1777797280 974986
12 1638 3027 0 1777797280 976825
8 1746 6734 0 1777797280 979909
11 1735 7823 0 1777797280 979916
10 1687 7981 0 1777797280 980091
9 1742 5751 0 1777797280 980741
12 1639 5112 0 1777797280 981939
8 1747 8468 0 1777797280 988385
7 1682 27449 0 1777797280 990041
11 1736 10128 0 1777797280 990054
12 1640 8131 0 1777797280 990072
7 1683 1713 0 1777797280 991787
11 1737 2242 0 1777797280 992324
10 1688 13195 0 1777797280 993288
7 1684 3369 0 1777797280 995164
9 1743 14883 0 1777797280 995628
13 1772 31538 0 1777797280 997185
7 1685 2651 0 1777797280 997817
11 1738 5495 0 1777797280 997823
13 1773 987 0 1777797280 998174
10 1689 6393 0 1777797280 999683
7 1686 4060 0 1777797281 1884
10 1690 11444 0 1777797281 11130
8 1748 22792 0 1777797281 11179
13 1774 13207 0 1777797281 11382
7 1687 9542 0 1777797281 11428
12 1641 21858 0 1777797281 11949
12 1642 2202 0 1777797281 14155
12 1643 3503 0 1777797281 17660
11 1739 21048 0 1777797281 18880
11 1740 1925 0 1777797281 20807
11 1741 5897 0 1777797281 26707
9 1744 32044 0 1777797281 27673
12 1644 10293 0 1777797281 27958
10 1691 18335 0 1777797281 29467
11 1742 4354 0 1777797281 31063
7 1688 21917 0 1777797281 33346
8 1749 22257 0 1777797281 33438
12 1645 5583 0 1777797281 33545
9 1745 6850 0 1777797281 34525
10 1692 5256 0 1777797281 34729
11 1743 4597 0 1777797281 35662
13 1775 24512 0 1777797281 35896
9 1746 2991 0 1777797281 37518
10 1693 3881 0 1777797281 38611
10 1694 5613 0 1777797281 44229
9 1747 7255 0 1777797281 44775
11 1744 11093 0 1777797281 46756
11 1745 1419 0 1777797281 48177
13 1776 12364 0 1777797281 48262
8 1750 16553 0 1777797281 49992
7 1689 20160 0 1777797281 53509
10 1695 12584 0 1777797281 56817
8 1751 8529 0 1777797281 58523
11 1746 12053 0 1777797281 60232
12 1646 26697 0 1777797281 60244
8 1752 3064 0 1777797281 61593
8 1753 1022 0 1777797281 62620
12 1647 4531 0 1777797281 64788
8 1754 6809 0 1777797281 69432
9 1748 24664 0 1777797281 69441
7 1690 18060 0 1777797281 71572
13 1777 23747 0 1777797281 72010
9 1749 2642 0 1777797281 72093
12 1648 8822 0 1777797281 73612
8 1755 5783 0 1777797281 75226
13 1778 3871 0 1777797281 75883
10 1696 20520 0 1777797281 77340
11 1747 17733 0 1777797281 77978
9 1750 6285 0 1777797281 78380
12 1649 6284 0 1777797281 79899
13 1779 6971 0 1777797281 82856
10 1697 6320 0 1777797281 83663
7 1691 12160 0 1777797281 83737
9 1751 6516 0 1777797281 84897
7 1692 2823 0 1777797281 86562
9 1752 3963 0 1777797281 88863
8 1756 13969 0 1777797281 89203
13 1780 6369 0 1777797281 89228
7 1693 3985 0 1777797281 90551
13 1781 4016 0 1777797281 93245
9 1753 4977 0 1777797281 93847
7 1694 5512 0 1777797281 96066
12 1650 18626 0 1777797281 98526
13 1782 5282 0 1777797281 98533
9 1754 5603 0 1777797281 99455
8 1757 11280 0 1777797281 100488
11 1748 26562 0 1777797281 104544
8 1758 4382 0 1777797281 104878
12 1651 8231 0 1777797281 106765
9 1755 8586 0 1777797281 108046
12 1652 9509 0 1777797281 116277
8 1759 11532 0 1777797281 116411
9 1756 8495 0 1777797281 116544
13 1783 18019 0 1777797281 116562
11 1749 12135 0 1777797281 116690
11 1750 3999 0 1777797281 120690
13 1784 4125 0 1777797281 120698
10 1698 40235 0 1777797281 123954
9 1757 10177 0 1777797281 126740
11 1751 6051 0 1777797281 126750
13 1785 6035 0 1777797281 126757
7 1695 30987 0 1777797281 127055
9 1758 6628 0 1777797281 133387
13 1786 8713 0 1777797281 135496
9 1759 4580 0 1777797281 137969
7 1696 11145 0 1777797281 138202
13 1787 5340 0 1777797281 140840
9 1760 5269 0 1777797281 143242
13 1788 2844 0 1777797281 143687
10 1699 21029 0 1777797281 144986
7 1697 6858 0 1777797281 145062
9 1761 3942 0 1777797281 147188
9 1762 1905 0 1777797281 149095
7 1698 4632 0 1777797281 149696
13 1789 6507 0 1777797281 150196
7 1699 971 0 1777797281 150669
9 1763 1629 0 1777797281 150726
11 1752 26765 0 1777797281 153539
9 1764 3751 0 1777797281 154478
12 1653 38986 0 1777797281 155266
10 1700 10597 0 1777797281 155586
11 1753 2088 0 1777797281 155636
13 1790 5967 0 1777797281 156167
11 1754 2702 0 1777797281 158339
12 1654 3078 0 1777797281 158347
9 1765 6345 0 1777797281 160830
12 1655 4140 0 1777797281 162498
10 1701 7394 0 1777797281 162982
13 1791 6820 0 1777797281 162989
7 1700 12447 0 1777797281 163118
9 1766 3169 0 1777797281 164002
13 1792 3077 0 1777797281 166075
11 1755 7783 0 1777797281 166131
9 1767 5543 0 1777797281 169546
13 1793 7192 0 1777797281 173272
7 1701 10331 0 1777797281 173451
13 1794 2091 0 1777797281 175369
8 1760 59124 0 1777797281 175537
9 1768 6398 0 1777797281 175949
11 1756 10753 0 1777797281 176885
12 1656 14393 0 1777797281 176893
7 1702 5727 0 1777797281 179179
9 1769 4619 0 1777797281 180569
7 1703 2119 0 1777797281 181300
12 1657 5928 0 1777797281 182831
13 1795 7466 0 1777797281 182841
13 1796 5219 0 1777797281 188072
9 1770 7931 0 1777797281 188502
8 1761 13393 0 1777797281 188941
11 1757 16604 0 1777797281 193498
9 1771 5172 0 1777797281 193676
8 1762 4756 0 1777797281 193699
10 1702 31877 0 1777797281 194867
13 1797 7228 0 1777797281 195310
9 1772 2774 0 1777797281 196454
8 1763 5080 0 1777797281 198780
7 1704 18433 0 1777797281 199737
9 1773 3307 0 1777797281 199763
13 1798 4752 0 1777797281 200063
9 1774 3281 0 1777797281 203045
11 1758 10443 0 1777797281 203950
13 1799 5604 0 1777797281 205669
9 1775 4393 0 1777797281 207442
11 1759 4527 0 1777797281 208483
12 1658 28858 0 1777797281 211700
13 1800 6033 0 1777797281 211706
7 1705 12307 0 1777797281 212048
10 1703 17190 0 1777797281 212059
12 1659 2468 0 1777797281 214174
13 1801 4087 0 1777797281 215801
8 1764 17401 0 1777797281 216183
7 1706 6077 0 1777797281 218137
12 1660 5721 0 1777797281 219897
10 1704 7850 0 1777797281 219920
7 1707 6813 0 1777797281 224957
13 1802 11492 0 1777797281 227294
10 1705 8852 0 1777797281 228773
12 1661 8889 0 1777797281 228790
13 1803 5567 0 1777797281 232865
9 1776 25484 0 1777797281 232933
7 1708 10638 0 1777797281 235598
11 1760 27928 0 1777797281 236415
13 1804 3555 0 1777797281 236422
10 1706 8218 0 1777797281 237010
11 1761 2758 0 1777797281 239181
7 1709 23143 0 1777797281 258743
11 1762 22130 0 1777797281 261315
13 1805 25011 0 1777797281 261442
8 1765 46990 0 1777797281 263175
10 1707 29179 0 1777797281 266193
8 1766 3520 0 1777797281 266703
13 1806 5281 0 1777797281 266724
9 1777 34057 0 1777797281 266991
12 1662 42942 0 1777797281 271743
7 1710 14488 0 1777797281 273233
8 1767 11450 0 1777797281 278156
11 1763 16852 0 1777797281 278173
12 1663 8134 0 1777797281 279879
9 1778 13363 0 1777797281 280356
7 1711 8471 0 1777797281 281706
13 1807 17535 0 1777797281 284260
7 1712 3026 0 1777797281 284734
13 1808 3685 0 1777797281 287947
11 1764 9974 0 1777797281 288199
12 1664 8737 0 1777797281 288618
8 1768 18530 0 1777797281 296742
10 1708 30733 0 1777797281 296928
7 1713 12211 0 1777797281 296947
12 1665 8385 0 1777797281 297004
9 1779 16782 0 1777797281 297139
11 1765 8975 0 1777797281 297178
13 1809 9504 0 1777797281 297454
7 1714 1841 0 1777797281 298789
7 1715 828 0 1777797281 299619
9 1780 2850 0 1777797281 299990
13 1810 3831 0 1777797281 301286
7 1716 4272 0 1777797281 303893
13 1811 4188 0 1777797281 305476
9 1781 5761 0 1777797281 305753
7 1717 2062 0 1777797281 305958
11 1766 8854 0 1777797281 306033
10 1709 9317 0 1777797281 306246
7 1718 872 0 1777797281 306834
11 1767 2646 0 1777797281 308680
7 1719 3635 0 1777797281 310470
12 1666 13651 0 1777797281 310656
9 1782 9359 0 1777797281 315114
7 1720 5893 0 1777797281 316365
13 1812 11139 0 1777797281 316617
10 1710 11924 0 1777797281 318172
8 1769 21749 0 1777797281 318501
7 1721 3727 0 1777797281 320097
11 1768 12239 0 1777797281 320921
7 1722 3096 0 1777797281 323198
8 1770 6119 0 1777797281 324624
10 1711 6786 0 1777797281 324963
11 1769 4196 0 1777797281 325121
13 1813 12172 0 1777797281 328791
10 1712 5585 0 1777797281 330558
7 1723 8206 0 1777797281 331405
9 1783 16297 0 1777797281 331413
13 1814 3788 0 1777797281 332581
7 1724 1202 0 1777797281 332616
10 1713 4140 0 1777797281 334700
13 1815 3275 0 1777797281 335858
7 1725 4361 0 1777797281 336979
7 1726 2855 0 1777797281 339838
10 1714 6646 0 1777797281 341348
9 1784 11176 0 1777797281 342599
10 1715 3382 0 1777797281 344733
7 1727 5429 0 1777797281 345269
7 1728 2167 0 1777797281 347438
12 1667 38250 0 1777797281 348909
7 1729 2227 0 1777797281 349667
10 1716 5350 0 1777797281 350085
7 1730 2295 0 1777797281 351966
11 1770 26874 0 1777797281 351997
9 1785 9860 0 1777797281 352463
10 1717 2414 0 1777797281 352502
10 1718 1781 0 1777797281 354286
10 1719 3270 0 1777797281 357563
11 1771 8020 0 1777797281 360030
10 1720 2602 0 1777797281 360167
9 1786 10329 0 1777797281 362795
7 1731 10945 0 1777797281 362943
13 1816 27337 0 1777797281 363198
10 1721 3651 0 1777797281 363822
8 1771 39638 0 1777797281 364264
10 1722 1181 0 1777797281 365007
9 1787 3482 0 1777797281 366280
7 1732 3384 0 1777797281 366329
12 1668 19642 0 1777797281 368553
9 1788 3801 0 1777797281 370082
7 1733 4233 0 1777797281 370564
12 1669 2064 0 1777797281 370618
10 1723 6964 0 1777797281 371975
7 1734 1670 0 1777797281 372239
9 1789 2854 0 1777797281 372938
7 1735 2292 0 1777797281 374534
10 1724 2565 0 1777797281 374542
9 1790 1796 0 1777797281 374736
7 1736 1555 0 1777797281 376098
7 1737 2195 0 1777797281 378294
10 1725 4235 0 1777797281 378797
7 1738 2288 0 1777797281 380584
9 1791 7856 0 1777797281 382595
10 1726 3801 0 1777797281 382602
11 1772 22858 0 1777797281 382896
12 1670 12285 0 1777797281 382904
9 1792 1077 0 1777797281 383680
7 1739 3258 0 1777797281 383843
9 1793 1475 0 1777797281 385157
9 1794 1817 0 1777797281 386978
10 1727 4766 0 1777797281 387378
11 1773 7122 0 1777797281 390028
7 1740 6226 0 1777797281 390071
13 1817 26879 0 1777797281 390079
10 1728 4643 0 1777797281 392024
9 1795 5698 0 1777797281 392682
8 1772 31096 0 1777797281 395362
9 1796 2958 0 1777797281 395643
12 1671 13135 0 1777797281 396048
11 1774 7122 0 1777797281 397159
12 1672 1117 0 1777797281 397167
13 1818 7826 0 1777797281 397917
12 1673 1551 0 1777797281 398731
8 1773 3844 0 1777797281 399208
12 1674 883 0 1777797281 399616
11 1775 3249 0 1777797281 400417
7 1741 10647 0 1777797281 400727
12 1675 3046 0 1777797281 402665
8 1774 3919 0 1777797281 403129
10 1729 12376 0 1777797281 404401
8 1775 6472 0 1777797281 409605
9 1797 16781 0 1777797281 412425
10 1730 8381 0 1777797281 412784
12 1676 10288 0 1777797281 412955
7 1742 12242 0 1777797281 412971
8 1776 5150 0 1777797281 414757
11 1776 16428 0 1777797281 416849
10 1731 4303 0 1777797281 417088
12 1677 6479 0 1777797281 419437
7 1743 7891 0 1777797281 420863
11 1777 5543 0 1777797281 422394
7 1744 1845 0 1777797281 422710
9 1798 11325 0 1777797281 423758
8 1777 13552 0 1777797281 428315
7 1745 6413 0 1777797281 429126
9 1799 8969 0 1777797281 432728
7 1746 4550 0 1777797281 433678
11 1778 11952 0 1777797281 434349
13 1819 39354 0 1777797281 437273
7 1747 5241 0 1777797281 438922
8 1778 11442 0 1777797281 439760
13 1820 2548 0 1777797281 439824
8 1779 1843 0 1777797281 441607
7 1748 8225 0 1777797281 447153
9 1800 15673 0 1777797281 448406
13 1821 8591 0 1777797281 448417
7 1749 4465 0 1777797281 451622
12 1678 33288 0 1777797281 452803
8 1780 12139 0 1777797281 453760
11 1779 19421 0 1777797281 453775
12 1679 3702 0 1777797281 456507
10 1732 39468 0 1777797281 456558
7 1750 6757 0 1777797281 458383
8 1781 4807 0 1777797281 458583
13 1822 11602 0 1777797281 460031
12 1680 3686 0 1777797281 460195
9 1801 12750 0 1777797281 461168
11 1780 7391 0 1777797281 461178
10 1733 4671 0 1777797281 461231
8 1782 4705 0 1777797281 463290
13 1823 3742 0 1777797281 463778
10 1734 11194 0 1777797281 472426
8 1783 9352 0 1777797281 472644
12 1681 12451 0 1777797281 472647
7 1751 14477 0 1777797281 472862
13 1824 12330 0 1777797281 476110
11 1781 15949 0 1777797281 477139
9 1802 16553 0 1777797281 477732
7 1752 8828 0 1777797281 481692
13 1825 5752 0 1777797281 481864
8 1784 11096 0 1777797281 483744
12 1682 12058 0 1777797281 484710
10 1735 14640 0 1777797281 487068
9 1803 9853 0 1777797281 487591
11 1782 12226 0 1777797281 489369
13 1826 7512 0 1777797281 489378
9 1804 2345 0 1777797281 489940
9 1805 1205 0 1777797281 491147
11 1783 2137 0 1777797281 491517
7 1753 12137 0 1777797281 493830
13 1827 5362 0 1777797281 494752
9 1806 6078 0 1777797281 497228
12 1683 12563 0 1777797281 497275
7 1754 3885 0 1777797281 497719
11 1784 6763 0 1777797281 498282
9 1807 3195 0 1777797281 500426
10 1736 14354 0 1777797281 501425
11 1785 3154 0 1777797281 501437
8 1785 21632 0 1777797281 505380
12 1684 8430 0 1777797281 505707
10 1737 4559 0 1777797281 505985
8 1786 6229 0 1777797281 511616
9 1808 11196 0 1777797281 511624
10 1738 5644 0 1777797281 511631
11 1786 10261 0 1777797281 511698
13 1828 16949 0 1777797281 511702
12 1685 7079 0 1777797281 512787
8 1787 3304 0 1777797281 514936
10 1739 8705 0 1777797281 520367
12 1686 9652 0 1777797281 522445
11 1787 11622 0 1777797281 523326
8 1788 9379 0 1777797281 524319
11 1788 2162 0 1777797281 525491
7 1755 28081 0 1777797281 525801
9 1809 15578 0 1777797281 527221
7 1756 2697 0 1777797281 528501
11 1789 3131 0 1777797281 528623
9 1810 5654 0 1777797281 532876
11 1790 9913 0 1777797281 538538
11 1791 8333 0 1777797281 546873
9 1811 17921 0 1777797281 550799
12 1687 30150 0 1777797281 552601
10 1740 32303 0 1777797281 552673
11 1792 6173 0 1777797281 553048
12 1688 2467 0 1777797281 555079
10 1741 23730 0 1777797281 576404
8 1789 52450 0 1777797281 576775
11 1793 23733 0 1777797281 576783
12 1689 21767 0 1777797281 576847
7 1757 48721 0 1777797281 577224
13 1829 65569 0 1777797281 577277
7 1758 6461 0 1777797281 583688
8 1790 8613 0 1777797281 585398
13 1830 11539 0 1777797281 588818
8 1791 4567 0 1777797281 589975
12 1690 16199 0 1777797281 593049
10 1742 20675 0 1777797281 597081
12 1691 4247 0 1777797281 597298
11 1794 23151 0 1777797281 599942
12 1692 4353 0 1777797281 601654
12 1693 900 0 1777797281 602559
12 1694 963 0 1777797281 603527
12 1695 915 0 1777797281 604445
12 1696 1765 0 1777797281 606213
13 1831 17496 0 1777797281 606319
10 1743 9273 0 1777797281 606355
12 1697 1099 0 1777797281 607314
12 1698 1874 0 1777797281 609192
7 1759 28269 0 1777797281 611959
11 1795 12038 0 1777797281 611982
9 1812 62591 0 1777797281 613393
11 1796 1513 0 1777797281 613496
10 1744 8293 0 1777797281 614649
11 1797 2350 0 1777797281 615847
9 1813 2484 0 1777797281 615879
9 1814 1159 0 1777797281 617039
13 1832 14098 0 1777797281 620418
7 1760 8743 0 1777797281 620705
9 1815 4749 0 1777797281 621791
8 1792 31987 0 1777797281 621965
11 1798 6221 0 1777797281 622075
9 1816 2475 0 1777797281 624270
10 1745 9708 0 1777797281 624362
13 1833 6523 0 1777797281 626948
8 1793 8081 0 1777797281 630048
8 1794 1900 0 1777797281 631950
13 1834 6418 0 1777797281 633368
8 1795 1820 0 1777797281 633773
8 1796 1314 0 1777797281 635090
9 1817 11614 0 1777797281 635885
8 1797 1156 0 1777797281 636248
8 1798 3265 0 1777797281 639516
11 1799 18524 0 1777797281 640600
8 1799 2140 0 1777797281 641659
7 1761 25657 0 1777797281 646364
8 1800 5676 0 1777797281 647338
9 1818 11464 0 1777797281 647358
11 1800 6776 0 1777797281 647378
8 1801 1909 0 1777797281 649289
8 1802 1085 0 1777797281 650378
8 1803 3283 0 1777797281 653667
13 1835 20305 0 1777797281 653675
12 1699 53329 0 1777797281 662525
8 1804 10629 0 1777797281 664305
7 1762 20448 0 1777797281 666815
11 1801 19423 0 1777797281 666829
12 1700 5234 0 1777797281 667762
11 1802 2248 0 1777797281 669104
12 1701 1826 0 1777797281 669589
13 1836 19385 0 1777797281 673071
7 1763 7886 0 1777797281 674716
11 1803 6158 0 1777797281 675264
12 1702 6255 0 1777797281 675846
13 1837 3874 0 1777797281 676947
9 1819 30243 0 1777797281 677639
12 1703 2742 0 1777797281 678591
7 1764 5352 0 1777797281 680075
10 1746 56970 0 1777797281 681509
10 1747 1293 0 1777797281 682804
12 1704 4807 0 1777797281 683400
7 1765 4793 0 1777797281 684874
11 1804 9640 0 1777797281 684905
9 1820 7300 0 1777797281 684941
12 1705 2075 0 1777797281 685476
8 1805 21848 0 1777797281 686155
9 1821 5601 0 1777797281 690543
13 1838 13608 0 1777797281 690557
8 1806 6175 0 1777797281 692331
13 1839 3232 0 1777797281 693803
8 1807 4222 0 1777797281 696566
7 1766 12845 0 1777797281 697724
12 1706 13283 0 1777797281 698761
13 1840 7055 0 1777797281 700859
13 1841 8522 0 1777797281 709383
7 1767 12387 0 1777797281 710114
7 1768 4706 0 1777797281 714826
13 1842 5505 0 1777797281 714894
8 1808 18981 0 1777797281 715553
7 1769 4525 0 1777797281 719353
9 1822 28801 0 1777797281 719359
12 1707 20872 0 1777797281 719635
11 1805 35726 0 1777797281 720633
9 1823 3365 0 1777797281 722734
12 1708 3876 0 1777797281 723514
8 1809 8911 0 1777797281 724468
7 1770 5297 0 1777797281 724657
9 1824 2337 0 1777797281 725077
7 1771 2172 0 1777797281 726830
9 1825 1937 0 1777797281 727017
11 1806 8171 0 1777797281 728807
8 1810 5881 0 1777797281 730352
7 1772 4320 0 1777797281 731153
12 1709 8481 0 1777797281 731998
9 1826 5451 0 1777797281 732469
10 1748 50813 0 1777797281 733619
9 1827 1544 0 1777797281 734014
10 1749 956 0 1777797281 734576
7 1773 4429 0 1777797281 735584
7 1774 671 0 1777797281 736257
9 1828 3901 0 1777797281 737917
11 1807 9166 0 1777797281 737975
7 1775 4644 0 1777797281 740904
8 1811 11045 0 1777797281 741399
7 1776 2491 0 1777797281 743397
9 1829 5513 0 1777797281 743432
7 1777 1582 0 1777797281 744987
9 1830 4127 0 1777797281 747560
13 1843 33851 0 1777797281 748747
9 1831 5011 0 1777797281 752573
7 1778 7906 0 1777797281 752896
13 1844 4228 0 1777797281 752977
10 1750 20387 0 1777797281 754964
11 1808 18693 0 1777797281 756669
9 1832 4452 0 1777797281 757028
13 1845 4057 0 1777797281 757036
10 1751 2420 0 1777797281 757386
8 1812 18870 0 1777797281 760273
11 1809 3610 0 1777797281 760282
12 1710 28465 0 1777797281 760465
7 1779 7785 0 1777797281 760682
7 1780 3125 0 1777797281 763809
10 1752 6898 0 1777797281 764285
8 1813 10274 0 1777797281 770557
7 1781 6780 0 1777797281 770596
9 1833 13567 0 1777797281 770604
13 1846 14466 0 1777797281 771511
11 1810 14221 0 1777797281 774514
10 1753 11515 0 1777797281 775804
8 1814 8341 0 1777797281 778908
9 1834 9231 0 1777797281 779846
13 1847 9830 0 1777797281 781343
7 1782 15908 0 1777797281 786513
8 1815 7615 0 1777797281 786524
11 1811 12139 0 1777797281 786655
10 1754 11733 0 1777797281 787539
9 1835 15781 0 1777797281 795630
13 1848 14308 0 1777797281 795656
11 1812 11144 0 1777797281 797800
12 1711 39812 0 1777797281 800278
10 1755 12837 0 1777797281 800377
9 1836 6319 0 1777797281 801978
7 1783 19638 0 1777797281 806163
13 1849 10886 0 1777797281 806563
9 1837 8117 0 1777797281 810099
7 1784 4969 0 1777797281 811142
9 1838 4687 0 1777797281 814789
10 1756 15695 0 1777797281 816074
12 1712 18961 0 1777797281 819242
9 1839 4739 0 1777797281 819530
9 1840 2886 0 1777797281 822418
9 1841 2982 0 1777797281 825403
7 1785 19274 0 1777797281 830422
13 1850 25379 0 1777797281 831944
9 1842 6866 0 1777797281 832271
13 1851 1529 0 1777797281 833475
9 1843 1802 0 1777797281 834075
8 1816 49313 0 1777797281 835851
7 1786 6957 0 1777797281 837381
7 1787 844 0 1777797281 838227
9 1844 4592 0 1777797281 838669
7 1788 1767 0 1777797281 839996
9 1845 4048 0 1777797281 842718
7 1789 2805 0 1777797281 842805
11 1813 48796 0 1777797281 846598
7 1790 4469 0 1777797281 847275
11 1814 1061 0 1777797281 847662
13 1852 16051 0 1777797281 849528
8 1817 13729 0 1777797281 849588
7 1791 4266 0 1777797281 851547
9 1846 8837 0 1777797281 851559
8 1818 4208 0 1777797281 853798
13 1853 5471 0 1777797281 855001
8 1819 1331 0 1777797281 855131
13 1854 1873 0 1777797281 856882
9 1847 6264 0 1777797281 857837
13 1855 6519 0 1777797281 863406
8 1820 9575 0 1777797281 864708
11 1815 17175 0 1777797281 864839
9 1848 8841 0 1777797281 866686
7 1792 15157 0 1777797281 866717
13 1856 5756 0 1777797281 869163
13 1857 2027 0 1777797281 871192
9 1849 5340 0 1777797281 872032
8 1821 10238 0 1777797281 874953
10 1757 59437 0 1777797281 875514
13 1858 4531 0 1777797281 875724
8 1822 1551 0 1777797281 876506
11 1816 11695 0 1777797281 876536
10 1758 2191 0 1777797281 877706
13 1859 2729 0 1777797281 878455
12 1713 61417 0 1777797281 880726
8 1823 6015 0 1777797281 882529
7 1793 15876 0 1777797281 882595
9 1850 15059 0 1777797281 887093
10 1759 9388 0 1777797281 887100
11 1817 10568 0 1777797281 887105
12 1714 7132 0 1777797281 887861
13 1860 9428 0 1777797281 887885
8 1824 5921 0 1777797281 888454
7 1794 6741 0 1777797281 889337
13 1861 2016 0 1777797281 889914
8 1825 3272 0 1777797281 891729
12 1715 4050 0 1777797281 891936
13 1862 2716 0 1777797281 892641
7 1795 4773 0 1777797281 894114
8 1826 2430 0 1777797281 894162
10 1760 7121 0 1777797281 894235
13 1863 1761 0 1777797281 894406
13 1864 1849 0 1777797281 896257
8 1827 2483 0 1777797281 896647
9 1851 10400 0 1777797281 897506
13 1865 1676 0 1777797281 897938
11 1818 11897 0 1777797281 899019
8 1828 2867 0 1777797281 899519
13 1866 6710 0 1777797281 904651
9 1852 7527 0 1777797281 905037
11 1819 11514 0 1777797281 910535
7 1796 17948 0 1777797281 912069
8 1829 12550 0 1777797281 912073
9 1853 7036 0 1777797281 912076
13 1867 8146 0 1777797281 912810
8 1830 3987 0 1777797281 916069
10 1761 21858 0 1777797281 916095
13 1868 5655 0 1777797281 918468
9 1854 11321 0 1777797281 923408
8 1831 8390 0 1777797281 924487
7 1797 12964 0 1777797281 925041
13 1869 7005 0 1777797281 925480
7 1798 4790 0 1777797281 929833
8 1832 9853 0 1777797281 934345
8 1833 2308 0 1777797281 936673
8 1834 1924 0 1777797281 938605
8 1835 1351 0 1777797281 939966
13 1870 14486 0 1777797281 939971
9 1855 17711 0 1777797281 941121
13 1871 2076 0 1777797281 942060
8 1836 3033 0 1777797281 943005
9 1856 2123 0 1777797281 943246
13 1872 2664 0 1777797281 944726
8 1837 3073 0 1777797281 946083
11 1820 38261 0 1777797281 948828
9 1857 5802 0 1777797281 949049
9 1858 1219 0 1777797281 950270
10 1762 35502 0 1777797281 951608
11 1821 3592 0 1777797281 952427
12 1716 64215 0 1777797281 956153
8 1838 10421 0 1777797281 956505
13 1873 11788 0 1777797281 956515
9 1859 10004 0 1777797281 960278
12 1717 5976 0 1777797281 962131
8 1839 6906 0 1777797281 963422
13 1874 8428 0 1777797281 964954
7 1799 35345 0 1777797281 965184
9 1860 7043 0 1777797281 967324
9 1861 901 0 1777797281 968234
8 1840 9060 0 1777797281 972488
9 1862 4257 0 1777797281 972492
12 1718 10357 0 1777797281 972497
8 1841 3716 0 1777797281 976214
9 1863 4239 0 1777797281 976742
9 1864 3207 0 1777797281 979951
8 1842 4790 0 1777797281 981007
11 1822 30215 0 1777797281 982647
9 1865 6797 0 1777797281 986750
9 1866 8936 0 1777797281 995690
12 1719 23268 0 1777797281 995776
11 1823 13170 0 1777797281 995819
8 1843 17677 0 1777797281 998691
10 1763 47792 0 1777797281 999409
9 1867 4637 0 1777797282 328
10 1764 2235 0 1777797282 1646
7 1800 38772 0 1777797282 3958
9 1868 4309 0 1777797282 4639
12 1720 8869 0 1777797282 4646
13 1875 40797 0 1777797282 5755
8 1844 7362 0 1777797282 6055
11 1824 10518 0 1777797282 6339
8 1845 2505 0 1777797282 8564
9 1869 4325 0 1777797282 9015
12 1721 4541 0 1777797282 9238
10 1765 10840 0 1777797282 12495
7 1801 9174 0 1777797282 13135
13 1876 8708 0 1777797282 14464
8 1846 9844 0 1777797282 18410
9 1870 9575 0 1777797282 18591
7 1802 5496 0 1777797282 18633
13 1877 7061 0 1777797282 21533
7 1803 2942 0 1777797282 21576
7 1804 2229 0 1777797282 23807
9 1871 6007 0 1777797282 24600
9 1872 2392 0 1777797282 26994
9 1873 2855 0 1777797282 29851
13 1878 8329 0 1777797282 29863
8 1847 11477 0 1777797282 29892
7 1805 6383 0 1777797282 30194
12 1722 22084 0 1777797282 31323
7 1806 1216 0 1777797282 31411
10 1766 20119 0 1777797282 32621
9 1874 3438 0 1777797282 33302
7 1807 2597 0 1777797282 34009
8 1848 5332 0 1777797282 35226
12 1723 5246 0 1777797282 36571
9 1875 4327 0 1777797282 37633
8 1849 2514 0 1777797282 37743
13 1879 8915 0 1777797282 38791
8 1850 2895 0 1777797282 40639
10 1767 9594 0 1777797282 42218
7 1808 10070 0 1777797282 44084
9 1876 6455 0 1777797282 44091
12 1724 7525 0 1777797282 44097
8 1851 5966 0 1777797282 46608
11 1825 40273 0 1777797282 46615
9 1877 5417 0 1777797282 49525
10 1768 7325 0 1777797282 49550
13 1880 10759 0 1777797282 49557
7 1809 5495 0 1777797282 49593
12 1725 5483 0 1777797282 49599
9 1878 2011 0 1777797282 51570
12 1726 2234 0 1777797282 51842
7 1810 6383 0 1777797282 55983
9 1879 4604 0 1777797282 56176
9 1880 2174 0 1777797282 58351
8 1852 13790 0 1777797282 60407
9 1881 2159 0 1777797282 60512
13 1881 12522 0 1777797282 62100
7 1811 7659 0 1777797282 63646
9 1882 3148 0 1777797282 63662
8 1853 3310 0 1777797282 63722
7 1812 3316 0 1777797282 66979
8 1854 5123 0 1777797282 68846
9 1883 6693 0 1777797282 70367
8 1855 1654 0 1777797282 70502
7 1813 4873 0 1777797282 71855
10 1769 22638 0 1777797282 72206
12 1727 22779 0 1777797282 74622
9 1884 4273 0 1777797282 74649
9 1885 2078 0 1777797282 76728
8 1856 6915 0 1777797282 77419
12 1728 2898 0 1777797282 77524
8 1857 2011 0 1777797282 79433
9 1886 5164 0 1777797282 81896
8 1858 4058 0 1777797282 83494
9 1887 5854 0 1777797282 87752
7 1814 16144 0 1777797282 88003
9 1888 1289 0 1777797282 89043
8 1859 6024 0 1777797282 89520
12 1729 12460 0 1777797282 89986
7 1815 2747 0 1777797282 90752
9 1889 3056 0 1777797282 92104
7 1816 2671 0 1777797282 93427
10 1770 23994 0 1777797282 96201
13 1882 34137 0 1777797282 96238
8 1860 8773 0 1777797282 98296
9 1890 8169 0 1777797282 100276
8 1861 2100 0 1777797282 100399
13 1883 4357 0 1777797282 100596
7 1817 7189 0 1777797282 100618
13 1884 3613 0 1777797282 104211
7 1818 6007 0 1777797282 106627
13 1885 4116 0 1777797282 108330
9 1891 8363 0 1777797282 108642
9 1892 5274 0 1777797282 113917
12 1730 23953 0 1777797282 113941
7 1819 7341 0 1777797282 113970
8 1862 15178 0 1777797282 115578
13 1886 11542 0 1777797282 119875
12 1731 6219 0 1777797282 120174
12 1732 1417 0 1777797282 121592
10 1771 27502 0 1777797282 123712
8 1863 8366 0 1777797282 123946
13 1887 5500 0 1777797282 125377
7 1820 16941 0 1777797282 130912
8 1864 8974 0 1777797282 132923
12 1733 11406 0 1777797282 132999
7 1821 3923 0 1777797282 134838
8 1865 4233 0 1777797282 137157
13 1888 15932 0 1777797282 141311
10 1772 19250 0 1777797282 142970
8 1866 8470 0 1777797282 145630
13 1889 5332 0 1777797282 146645
8 1867 4440 0 1777797282 150075
7 1822 15275 0 1777797282 150117
13 1890 7817 0 1777797282 154468
11 1826 110101 0 1777797282 156725
10 1773 15182 0 1777797282 158156
9 1893 44460 0 1777797282 158402
7 1823 9396 0 1777797282 159514
12 1734 27586 0 1777797282 160587
11 1827 5194 0 1777797282 161923
9 1894 4155 0 1777797282 162559
11 1828 3055 0 1777797282 164981
12 1735 4865 0 1777797282 165454
10 1774 8194 0 1777797282 166353
7 1824 10849 0 1777797282 170365
13 1891 16764 0 1777797282 171236
10 1775 11651 0 1777797282 178006
12 1736 12557 0 1777797282 178013
7 1825 8063 0 1777797282 178436
8 1868 28367 0 1777797282 178444
11 1829 14551 0 1777797282 179536
8 1869 1706 0 1777797282 180161
9 1895 19281 0 1777797282 181843
8 1870 1755 0 1777797282 181919
7 1826 13310 0 1777797282 191756
9 1896 9934 0 1777797282 191839
10 1776 13846 0 1777797282 191859
8 1871 10471 0 1777797282 192391
7 1827 8515 0 1777797282 200273
9 1897 16812 0 1777797282 208653
8 1872 16322 0 1777797282 208715
12 1737 30719 0 1777797282 208742
10 1777 16996 0 1777797282 208856
13 1892 37719 0 1777797282 208959
8 1873 3085 0 1777797282 211802
12 1738 5387 0 1777797282 214131
8 1874 3117 0 1777797282 214921
10 1778 6088 0 1777797282 214945
13 1893 14204 0 1777797282 223164
13 1894 4683 0 1777797282 227850
13 1895 3496 0 1777797282 231349
8 1875 18059 0 1777797282 232985
13 1896 4924 0 1777797282 236275
7 1828 39199 0 1777797282 239475
12 1739 26821 0 1777797282 240953
7 1829 1698 0 1777797282 241175
10 1779 29203 0 1777797282 244151
9 1898 35651 0 1777797282 244305
8 1876 12562 0 1777797282 245549
13 1897 10696 0 1777797282 246974
8 1877 1560 0 1777797282 247111
9 1899 2847 0 1777797282 247155
10 1780 4892 0 1777797282 249070
12 1740 8265 0 1777797282 249221
8 1878 3683 0 1777797282 250795
11 1830 73047 0 1777797282 252590
8 1879 4013 0 1777797282 254811
9 1900 10266 0 1777797282 257425
8 1880 7042 0 1777797282 261856
13 1898 16899 0 1777797282 263876
7 1830 22765 0 1777797282 263942
9 1901 6672 0 1777797282 264098
12 1741 16068 0 1777797282 265290
7 1831 1844 0 1777797282 265788
13 1899 3874 0 1777797282 267752
8 1881 6547 0 1777797282 268406
9 1902 5074 0 1777797282 269173
10 1781 22402 0 1777797282 271474
11 1831 21696 0 1777797282 274287
7 1832 8557 0 1777797282 274346
10 1782 5396 0 1777797282 276876
12 1742 12681 0 1777797282 277973
7 1833 9843 0 1777797282 284190
10 1783 10384 0 1777797282 287262
13 1900 19525 0 1777797282 287279
11 1832 13164 0 1777797282 287453
12 1743 9495 0 1777797282 287471
8 1882 26137 0 1777797282 294546
9 1903 25383 0 1777797282 294558
10 1784 7330 0 1777797282 294610
12 1744 7308 0 1777797282 294780
11 1833 7423 0 1777797282 294878
7 1834 11687 0 1777797282 295881
13 1901 8588 0 1777797282 295892
8 1883 3686 0 1777797282 298245
8 1884 1145 0 1777797282 299393
13 1902 4921 0 1777797282 300824
12 1745 9383 0 1777797282 304165
11 1834 9809 0 1777797282 304689
10 1785 10435 0 1777797282 305046
7 1835 9709 0 1777797282 305602
8 1885 6600 0 1777797282 305995
11 1835 3790 0 1777797282 308480
7 1836 4911 0 1777797282 310517
12 1746 6453 0 1777797282 310620
13 1903 10372 0 1777797282 311198
10 1786 7236 0 1777797282 312283
11 1836 4142 0 1777797282 312625
9 1904 20229 0 1777797282 314798
9 1905 1687 0 1777797282 316487
11 1837 3869 0 1777797282 316495
8 1886 10903 0 1777797282 316902
9 1906 4183 0 1777797282 320679
10 1787 11501 0 1777797282 323788
12 1747 14011 0 1777797282 324632
7 1837 14451 0 1777797282 324970
11 1838 8775 0 1777797282 325282
8 1887 8837 0 1777797282 325744
9 1907 6310 0 1777797282 326991
9 1908 3698 0 1777797282 330691
7 1838 7788 0 1777797282 332761
10 1788 9378 0 1777797282 333168
13 1904 26753 0 1777797282 337953
7 1839 5574 0 1777797282 338340
9 1909 9238 0 1777797282 339932
8 1888 14800 0 1777797282 340548
12 1748 16394 0 1777797282 341031
10 1789 9087 0 1777797282 342256
7 1840 4047 0 1777797282 342388
11 1839 18000 0 1777797282 343284
10 1790 5391 0 1777797282 347650
7 1841 6212 0 1777797282 348602
11 1840 9093 0 1777797282 352384
10 1791 6735 0 1777797282 354393
13 1905 16451 0 1777797282 354406
8 1889 17875 0 1777797282 358426
13 1906 5948 0 1777797282 360372
13 1907 4487 0 1777797282 364861
9 1910 28582 0 1777797282 368522
11 1841 17081 0 1777797282 369482
13 1908 5815 0 1777797282 370679
7 1842 22936 0 1777797282 371542
7 1843 1514 0 1777797282 373060
7 1844 2699 0 1777797282 375766
8 1890 17358 0 1777797282 375786
7 1845 2333 0 1777797282 378102
13 1909 8318 0 1777797282 379000
12 1749 39315 0 1777797282 380351
8 1891 4599 0 1777797282 380387
11 1842 12066 0 1777797282 381550
13 1910 3117 0 1777797282 382122
9 1911 15983 0 1777797282 384508
13 1911 2752 0 1777797282 384881
11 1843 6293 0 1777797282 387847
13 1912 2995 0 1777797282 387877
9 1912 4041 0 1777797282 388557
12 1750 10815 0 1777797282 391172
11 1844 5142 0 1777797282 393021
13 1913 5226 0 1777797282 393119
8 1892 15476 0 1777797282 395864
12 1751 4641 0 1777797282 395871
13 1914 4165 0 1777797282 397285
13 1915 3362 0 1777797282 400648
12 1752 9210 0 1777797282 405091
7 1846 28713 0 1777797282 406816
9 1913 18287 0 1777797282 406850
13 1916 6235 0 1777797282 406885
10 1792 56279 0 1777797282 410686
13 1917 3810 0 1777797282 410697
9 1914 5242 0 1777797282 412093
7 1847 5770 0 1777797282 412592
11 1845 22875 0 1777797282 415899
8 1893 20144 0 1777797282 416016
10 1793 5325 0 1777797282 416023
12 1753 10950 0 1777797282 416049
13 1918 10046 0 1777797282 420758
10 1794 4756 0 1777797282 420791
9 1915 9410 0 1777797282 421508
7 1848 10318 0 1777797282 422913
11 1846 7835 0 1777797282 423742
11 1847 975 0 1777797282 424718
11 1848 4709 0 1777797282 429428
9 1916 8088 0 1777797282 429598
10 1795 8811 0 1777797282 429604
12 1754 13587 0 1777797282 429637
13 1919 9407 0 1777797282 430168
7 1849 8593 0 1777797282 431516
11 1849 8071 0 1777797282 437507
13 1920 8892 0 1777797282 439061
9 1917 10629 0 1777797282 440234
11 1850 3438 0 1777797282 440947
9 1918 1021 0 1777797282 441257
11 1851 852 0 1777797282 441802
8 1894 26537 0 1777797282 442561
12 1755 14914 0 1777797282 444552
13 1921 5509 0 1777797282 444572
7 1850 13096 0 1777797282 444614
10 1796 15008 0 1777797282 444621
10 1797 6860 0 1777797282 451489
13 1922 7436 0 1777797282 452026
8 1895 9903 0 1777797282 452469
11 1852 10778 0 1777797282 452581
7 1851 8571 0 1777797282 453193
12 1756 11769 0 1777797282 456342
10 1798 5692 0 1777797282 457184
13 1923 5186 0 1777797282 457214
9 1919 16507 0 1777797282 457766
8 1896 8904 0 1777797282 461377
12 1757 5686 0 1777797282 462030
13 1924 5177 0 1777797282 462392
7 1852 9251 0 1777797282 462449
11 1853 10077 0 1777797282 462659
9 1920 5523 0 1777797282 463295
10 1799 7020 0 1777797282 464210
13 1925 4862 0 1777797282 467256
12 1758 6556 0 1777797282 468587
7 1853 8736 0 1777797282 471186
8 1897 9872 0 1777797282 471251
11 1854 8811 0 1777797282 471472
10 1800 7292 0 1777797282 471505
9 1921 10462 0 1777797282 473762
13 1926 6625 0 1777797282 473888
12 1759 5496 0 1777797282 474085
12 1760 4348 0 1777797282 478435
13 1927 5248 0 1777797282 479138
11 1855 7700 0 1777797282 479173
10 1801 7956 0 1777797282 479463
9 1922 5807 0 1777797282 479571
8 1898 15252 0 1777797282 486505
11 1856 7338 0 1777797282 486512
13 1928 7735 0 1777797282 486875
9 1923 8297 0 1777797282 487869
13 1929 2389 0 1777797282 489268
7 1854 18871 0 1777797282 490085
9 1924 2239 0 1777797282 490110
11 1857 3573 0 1777797282 490116
10 1802 10681 0 1777797282 490146
12 1761 12247 0 1777797282 490684
10 1803 3409 0 1777797282 493556
8 1899 8232 0 1777797282 494746
13 1930 5483 0 1777797282 494753
9 1925 6886 0 1777797282 497003
11 1858 6883 0 1777797282 497013
7 1855 6952 0 1777797282 497042
7 1856 1689 0 1777797282 498732
13 1931 7101 0 1777797282 501863
11 1859 8253 0 1777797282 505276
8 1900 10541 0 1777797282 505296
9 1926 9161 0 1777797282 506175
10 1804 12624 0 1777797282 506182
9 1927 3559 0 1777797282 509742
11 1860 5586 0 1777797282 510863
13 1932 9009 0 1777797282 510873
7 1857 12170 0 1777797282 510904
8 1901 6751 0 1777797282 512048
11 1861 2572 0 1777797282 513446
13 1933 8617 0 1777797282 519501
10 1805 13331 0 1777797282 519532
11 1862 6155 0 1777797282 519603
9 1928 9908 0 1777797282 519652
8 1902 8319 0 1777797282 520369
12 1762 29884 0 1777797282 520576
12 1763 8278 0 1777797282 528857
7 1858 18555 0 1777797282 529461
8 1903 9102 0 1777797282 529473
11 1863 9902 0 1777797282 529507
13 1934 10168 0 1777797282 529672
9 1929 12345 0 1777797282 531998
10 1806 12805 0 1777797282 532338
8 1904 7701 0 1777797282 537189
11 1864 7871 0 1777797282 537379
9 1930 5845 0 1777797282 537845
13 1935 10697 0 1777797282 540370
8 1905 4572 0 1777797282 541770
9 1931 4550 0 1777797282 542397
8 1906 1323 0 1777797282 543094
11 1865 5742 0 1777797282 543122
10 1807 11145 0 1777797282 543484
7 1859 15725 0 1777797282 545201
8 1907 2557 0 1777797282 545657
13 1936 7280 0 1777797282 547652
11 1866 4897 0 1777797282 548021
7 1860 3456 0 1777797282 548658
7 1861 7455 0 1777797282 556115
13 1937 8524 0 1777797282 556180
10 1808 13325 0 1777797282 556811
11 1867 12495 0 1777797282 560582
11 1868 3376 0 1777797282 563960
13 1938 7850 0 1777797282 564031
13 1939 2534 0 1777797282 566568
8 1908 21990 0 1777797282 567648
7 1862 12977 0 1777797282 569094
13 1940 5475 0 1777797282 572046
12 1764 44713 0 1777797282 573572
13 1941 4397 0 1777797282 576445
10 1809 23876 0 1777797282 580689
8 1909 13601 0 1777797282 581251
9 1932 38964 0 1777797282 581366
11 1869 17510 0 1777797282 581473
12 1765 9156 0 1777797282 582735
8 1910 3706 0 1777797282 584960
9 1933 6171 0 1777797282 587538
10 1810 6870 0 1777797282 587562
8 1911 3560 0 1777797282 588529
11 1870 7638 0 1777797282 589113
10 1811 3795 0 1777797282 591359
11 1871 3563 0 1777797282 592678
7 1863 27671 0 1777797282 596775
13 1942 21631 0 1777797282 598078
11 1872 5706 0 1777797282 598386
12 1766 17267 0 1777797282 600007
13 1943 2521 0 1777797282 600601
11 1873 2923 0 1777797282 601312
13 1944 2181 0 1777797282 602784
7 1864 6024 0 1777797282 602802
8 1912 16995 0 1777797282 605526
9 1934 18003 0 1777797282 605546
12 1767 6568 0 1777797282 606577
8 1913 4345 0 1777797282 609894
9 1935 4538 0 1777797282 610100
12 1768 3573 0 1777797282 610153
13 1945 9291 0 1777797282 612077
10 1812 21164 0 1777797282 612525
8 1914 3003 0 1777797282 612901
13 1946 3522 0 1777797282 615602
10 1813 3886 0 1777797282 616413
13 1947 1898 0 1777797282 617502
9 1936 7522 0 1777797282 617624
9 1937 2375 0 1777797282 620000
8 1915 7607 0 1777797282 620509
13 1948 3078 0 1777797282 620586
12 1769 10827 0 1777797282 620981
10 1814 8340 0 1777797282 624755
13 1949 4515 0 1777797282 625104
13 1950 5467 0 1777797282 630574
8 1916 10100 0 1777797282 630616
9 1938 10860 0 1777797282 630873
12 1770 9897 0 1777797282 630879
10 1815 6623 0 1777797282 631382
11 1874 31476 0 1777797282 632790
13 1951 5028 0 1777797282 635614
12 1771 6665 0 1777797282 637569
11 1875 6139 0 1777797282 638932
8 1917 8431 0 1777797282 639050
9 1939 8244 0 1777797282 639124
13 1952 5505 0 1777797282 641123
8 1918 3813 0 1777797282 642865
11 1876 3941 0 1777797282 642878
10 1816 13304 0 1777797282 644688
13 1953 5709 0 1777797282 646833
8 1919 5438 0 1777797282 648317
13 1954 3429 0 1777797282 650269
8 1920 2854 0 1777797282 651173
8 1921 2964 0 1777797282 654139
10 1817 9510 0 1777797282 654201
7 1865 53679 0 1777797282 656482
7 1866 2369 0 1777797282 658854
11 1877 16061 0 1777797282 658951
10 1818 8262 0 1777797282 662465
9 1940 23382 0 1777797282 662507
11 1878 4192 0 1777797282 663145
8 1922 10264 0 1777797282 664407
9 1941 2072 0 1777797282 664580
11 1879 2016 0 1777797282 665167
10 1819 2849 0 1777797282 665322
9 1942 3219 0 1777797282 667801
11 1880 2736 0 1777797282 667905
12 1772 34997 0 1777797282 672569
10 1820 7627 0 1777797282 672950
13 1955 22685 0 1777797282 672956
7 1867 14376 0 1777797282 673232
13 1956 1322 0 1777797282 674287
7 1868 1588 0 1777797282 674822
10 1821 2481 0 1777797282 675438
13 1957 1691 0 1777797282 675980
11 1881 11182 0 1777797282 679089
9 1943 11365 0 1777797282 679168
13 1958 3800 0 1777797282 679782
7 1869 7282 0 1777797282 682108
13 1959 2661 0 1777797282 682448
10 1822 8079 0 1777797282 683529
11 1882 4442 0 1777797282 683540
13 1960 2314 0 1777797282 684765
9 1944 6207 0 1777797282 685378
10 1823 3261 0 1777797282 686803
11 1883 3364 0 1777797282 686917
7 1870 5340 0 1777797282 687451
8 1923 23289 0 1777797282 687701
9 1945 2496 0 1777797282 687876
13 1961 3777 0 1777797282 688544
12 1773 17043 0 1777797282 689614
8 1924 2788 0 1777797282 690492
8 1925 935 0 1777797282 691429
8 1926 2000 0 1777797282 693432
13 1962 4895 0 1777797282 693441
10 1824 9073 0 1777797282 695878
7 1871 9603 0 1777797282 697056
11 1884 10366 0 1777797282 697285
8 1927 6569 0 1777797282 700011
11 1885 2798 0 1777797282 700087
10 1825 5405 0 1777797282 701285
13 1963 9363 0 1777797282 702825
12 1774 14723 0 1777797282 704339
12 1775 1082 0 1777797282 705424
7 1872 8501 0 1777797282 705564
8 1928 7035 0 1777797282 707048
9 1946 20540 0 1777797282 708418
7 1873 3296 0 1777797282 708862
13 1964 6532 0 1777797282 709359
9 1947 1135 0 1777797282 709555
8 1929 3888 0 1777797282 710996
9 1948 1528 0 1777797282 711085
13 1965 2504 0 1777797282 711864
9 1949 1254 0 1777797282 712341
8 1930 3889 0 1777797282 714893
13 1966 3384 0 1777797282 715251
7 1874 8420 0 1777797282 717285
12 1776 13605 0 1777797282 719035
12 1777 1082 0 1777797282 720121
11 1886 20754 0 1777797282 720843
9 1950 8756 0 1777797282 721099
12 1778 1642 0 1777797282 721766
8 1931 8304 0 1777797282 723202
12 1779 2216 0 1777797282 723985
11 1887 4700 0 1777797282 725549
11 1888 2583 0 1777797282 728136
12 1780 6918 0 1777797282 730905
13 1967 16102 0 1777797282 731354
8 1932 8506 0 1777797282 731712
13 1968 1034 0 1777797282 732391
10 1826 31337 0 1777797282 732625
7 1875 15708 0 1777797282 732997
12 1781 2519 0 1777797282 733426
11 1889 6006 0 1777797282 734144
13 1969 2345 0 1777797282 734739
7 1876 4891 0 1777797282 737892
11 1890 5358 0 1777797282 739506
8 1933 8661 0 1777797282 740376
12 1782 7356 0 1777797282 740785
11 1891 3079 0 1777797282 742587
12 1783 5046 0 1777797282 745833
13 1970 11803 0 1777797282 746545
11 1892 4224 0 1777797282 746813
8 1934 8631 0 1777797282 749009
13 1971 2478 0 1777797282 749025
7 1877 11698 0 1777797282 749594
11 1893 6482 0 1777797282 753299
7 1878 7309 0 1777797282 756906
13 1972 8510 0 1777797282 757550
7 1879 1059 0 1777797282 757967
10 1827 25859 0 1777797282 758486
13 1973 1419 0 1777797282 758971
7 1880 1281 0 1777797282 759250
9 1951 38157 0 1777797282 759258
8 1935 11674 0 1777797282 760701
13 1974 1736 0 1777797282 760709
11 1894 7714 0 1777797282 761025
12 1784 16538 0 1777797282 762376
7 1881 4426 0 1777797282 763685
13 1975 5371 0 1777797282 766090
12 1785 4874 0 1777797282 767256
7 1882 5215 0 1777797282 768909
12 1786 1934 0 1777797282 769192
11 1895 8452 0 1777797282 769480
13 1976 3885 0 1777797282 769976
13 1977 1964 0 1777797282 771942
11 1896 7273 0 1777797282 776755
12 1787 8710 0 1777797282 777904
11 1897 3946 0 1777797282 780702
13 1978 10271 0 1777797282 782215
8 1936 21901 0 1777797282 782611
12 1788 4911 0 1777797282 782817
13 1979 6606 0 1777797282 788823
10 1828 30415 0 1777797282 788903
9 1952 29850 0 1777797282 789120
11 1898 8619 0 1777797282 789322
8 1937 7318 0 1777797282 789932
12 1789 12275 0 1777797282 795093
7 1883 26255 0 1777797282 795168
10 1829 6337 0 1777797282 795241
9 1953 6351 0 1777797282 795472
13 1980 7231 0 1777797282 796055
7 1884 5235 0 1777797282 800405
11 1899 13085 0 1777797282 802408
12 1790 7331 0 1777797282 802426
8 1938 12575 0 1777797282 802510
9 1954 8385 0 1777797282 803858
10 1830 8623 0 1777797282 803865
13 1981 8266 0 1777797282 804323
8 1939 3212 0 1777797282 805723
12 1791 6539 0 1777797282 808999
7 1885 8787 0 1777797282 809194
10 1831 6914 0 1777797282 810798
8 1940 5102 0 1777797282 810828
13 1982 7493 0 1777797282 811820
9 1955 9523 0 1777797282 813389
13 1983 7752 0 1777797282 819574
12 1792 10596 0 1777797282 819597
11 1900 17916 0 1777797282 820344
10 1832 9609 0 1777797282 820411
9 1956 8697 0 1777797282 822089
7 1886 13914 0 1777797282 823110
8 1941 12305 0 1777797282 823134
10 1833 8746 0 1777797282 829158
12 1793 10200 0 1777797282 829799
9 1957 8083 0 1777797282 830175
13 1984 10761 0 1777797282 830337
7 1887 8369 0 1777797282 831482
10 1834 3940 0 1777797282 833100
11 1901 12806 0 1777797282 833151
8 1942 10041 0 1777797282 833176
7 1888 7782 0 1777797282 839268
13 1985 8953 0 1777797282 839291
8 1943 6329 0 1777797282 839506
12 1794 10096 0 1777797282 839896
9 1958 11796 0 1777797282 841972
10 1835 8876 0 1777797282 841981
11 1902 8835 0 1777797282 841988
13 1986 3074 0 1777797282 842388
8 1944 6096 0 1777797282 845603
7 1889 6410 0 1777797282 845702
11 1903 6826 0 1777797282 848832
10 1836 6895 0 1777797282 848892
8 1945 8014 0 1777797282 853619
13 1987 11287 0 1777797282 853677
9 1959 12380 0 1777797282 854369
7 1890 8912 0 1777797282 854616
12 1795 14726 0 1777797282 854624
11 1904 6019 0 1777797282 854860
8 1946 3182 0 1777797282 856803
13 1988 3203 0 1777797282 856881
9 1960 3489 0 1777797282 857859
7 1891 3743 0 1777797282 858367
12 1796 9501 0 1777797282 864134
13 1989 7191 0 1777797282 864144
9 1961 6537 0 1777797282 864398
10 1837 15857 0 1777797282 864750
8 1947 8185 0 1777797282 864990
11 1905 11156 0 1777797282 866017
7 1892 8237 0 1777797282 866605
13 1990 6373 0 1777797282 870529
12 1797 6460 0 1777797282 870605
8 1948 6853 0 1777797282 871844
10 1838 9399 0 1777797282 874150
7 1893 8783 0 1777797282 875390
11 1906 9371 0 1777797282 875395
13 1991 8716 0 1777797282 879246
12 1798 8655 0 1777797282 879261
9 1962 14877 0 1777797282 879276
9 1963 4202 0 1777797282 883479
7 1894 11095 0 1777797282 886491
8 1949 14657 0 1777797282 886503
10 1839 12359 0 1777797282 886511
12 1799 9027 0 1777797282 888289
13 1992 9764 0 1777797282 889012
11 1907 13942 0 1777797282 889343
9 1964 5915 0 1777797282 889395
10 1840 8587 0 1777797282 895129
7 1895 9354 0 1777797282 895867
8 1950 9887 0 1777797282 896418
9 1965 7149 0 1777797282 896546
12 1800 8463 0 1777797282 896754
13 1993 8201 0 1777797282 897214
10 1841 5314 0 1777797282 900444
11 1908 11590 0 1777797282 900937
8 1951 7411 0 1777797282 903833
9 1966 7294 0 1777797282 903841
7 1896 8135 0 1777797282 904004
13 1994 9997 0 1777797282 907213
10 1842 8081 0 1777797282 908530
12 1801 11793 0 1777797282 908548
9 1967 7525 0 1777797282 911374
11 1909 10453 0 1777797282 911396
13 1995 5213 0 1777797282 912439
10 1843 4159 0 1777797282 912709
7 1897 9069 0 1777797282 913075
8 1952 11099 0 1777797282 914941
12 1802 9969 0 1777797282 918530
7 1898 9371 0 1777797282 922448
10 1844 11279 0 1777797282 923990
13 1996 12997 0 1777797282 925439
11 1910 17339 0 1777797282 928736
9 1968 18005 0 1777797282 929382
8 1953 15499 0 1777797282 930443
7 1899 9491 0 1777797282 931949
10 1845 9429 0 1777797282 933422
7 1900 6264 0 1777797282 938215
7 1901 3020 0 1777797282 941241
8 1954 11351 0 1777797282 941803
7 1902 3707 0 1777797282 944952
9 1969 15576 0 1777797282 944959
13 1997 19516 0 1777797282 944963
10 1846 15418 0 1777797282 948844
7 1903 6308 0 1777797282 951272
9 1970 9098 0 1777797282 954069
10 1847 6788 0 1777797282 955640
9 1971 2758 0 1777797282 956835
13 1998 13925 0 1777797282 958903
8 1955 22385 0 1777797282 964190
12 1803 45854 0 1777797282 964386
9 1972 11433 0 1777797282 968272
12 1804 6805 0 1777797282 971192
10 1848 17080 0 1777797282 972723
13 1999 13957 0 1777797282 972863
13 2000 1551 0 1777797282 974416
12 1805 3522 0 1777797282 974717
12 1806 4907 0 1777797282 979627
10 1849 7425 0 1777797282 980152
13 2001 5742 0 1777797282 980162
11 1911 60011 0 1777797282 988797
10 1850 11230 0 1777797282 991393
12 1807 13954 0 1777797282 993586
11 1912 8967 0 1777797282 997768
10 1851 12505 0 1777797283 3900
8 1956 41001 0 1777797283 5205
12 1808 14646 0 1777797283 8234
13 2002 31024 0 1777797283 11207
10 1852 7320 0 1777797283 11222
12 1809 5556 0 1777797283 13803
12 1810 6824 0 1777797283 20639
13 2003 9518 0 1777797283 20727
11 1913 27047 0 1777797283 24820
9 1973 63208 0 1777797283 31481
12 1811 10848 0 1777797283 31489
7 1904 82220 0 1777797283 33493
13 2004 12867 0 1777797283 33595
10 1853 22471 0 1777797283 33694
8 1957 29179 0 1777797283 34391
11 1914 14309 0 1777797283 39131
9 1974 8117 0 1777797283 39608
13 2005 7301 0 1777797283 40898
11 1915 7262 0 1777797283 46395
12 1812 14964 0 1777797283 46462
9 1975 7118 0 1777797283 46729
8 1958 12413 0 1777797283 46806
10 1854 13741 0 1777797283 47436
7 1905 13955 0 1777797283 47453
13 2006 8331 0 1777797283 49237
12 1813 8137 0 1777797283 54600
11 1916 8904 0 1777797283 55302
7 1906 7908 0 1777797283 55362
9 1976 11405 0 1777797283 58135
10 1855 10701 0 1777797283 58139
8 1959 11591 0 1777797283 58398
13 2007 9463 0 1777797283 58701
8 1960 5824 0 1777797283 64222
10 1856 6083 0 1777797283 64229
12 1814 11489 0 1777797283 66091
7 1907 16554 0 1777797283 71918
9 1977 13815 0 1777797283 71955
11 1917 18416 0 1777797283 73719
13 2008 15023 0 1777797283 73725
8 1961 17500 0 1777797283 81731
12 1815 15643 0 1777797283 81736
7 1908 10146 0 1777797283 82102
10 1857 17866 0 1777797283 82107
9 1978 10342 0 1777797283 82311
11 1918 19955 0 1777797283 93680
13 2009 19953 0 1777797283 93687
8 1962 12377 0 1777797283 94114
12 1816 17087 0 1777797283 98830
8 1963 10876 0 1777797283 104991
9 1979 22686 0 1777797283 104997
10 1858 22818 0 1777797283 105003
11 1919 11320 0 1777797283 105008
7 1909 22907 0 1777797283 105086
13 2010 12666 0 1777797283 106373
12 1817 10684 0 1777797283 109516
7 1910 7095 0 1777797283 112183
10 1859 8962 0 1777797283 114000
11 1920 8962 0 1777797283 114007
12 1818 8382 0 1777797283 117908
13 2011 11540 0 1777797283 117915
8 1964 13063 0 1777797283 118073
9 1980 19060 0 1777797283 124091
7 1911 12139 0 1777797283 124324
8 1965 7727 0 1777797283 125802
13 2012 8209 0 1777797283 126134
7 1912 4004 0 1777797283 128330
12 1819 10454 0 1777797283 128370
9 1981 5638 0 1777797283 129735
11 1921 16246 0 1777797283 130264
7 1913 7275 0 1777797283 135615
10 1860 21615 0 1777797283 135623
11 1922 5358 0 1777797283 135628
12 1820 7263 0 1777797283 135635
13 2013 9856 0 1777797283 136009
8 1966 10239 0 1777797283 136043
9 1982 6309 0 1777797283 136051
7 1914 4018 0 1777797283 139655
8 1967 8681 0 1777797283 144732
12 1821 9118 0 1777797283 144774
13 2014 9058 0 1777797283 145070
9 1983 11361 0 1777797283 147420
11 1923 11781 0 1777797283 147432
10 1861 12358 0 1777797283 148002
7 1915 9658 0 1777797283 149316
12 1822 4551 0 1777797283 149326
8 1968 8411 0 1777797283 153153
9 1984 6505 0 1777797283 153938
13 2015 10018 0 1777797283 155091
11 1924 10009 0 1777797283 157452
12 1823 11198 0 1777797283 160537
9 1985 6721 0 1777797283 160662
7 1916 12156 0 1777797283 161483
13 2016 6758 0 1777797283 161851
8 1969 8966 0 1777797283 162124
10 1862 14482 0 1777797283 162485
13 2017 1914 0 1777797283 163770
7 1917 7760 0 1777797283 169245
8 1970 7783 0 1777797283 169909
10 1863 9894 0 1777797283 172383
13 2018 9602 0 1777797283 173380
8 1971 5356 0 1777797283 175274
12 1824 14797 0 1777797283 175344
9 1986 18213 0 1777797283 178878
7 1918 9795 0 1777797283 179041
11 1925 21729 0 1777797283 179183
13 2019 6018 0 1777797283 179400
7 1919 2404 0 1777797283 181448
7 1920 2307 0 1777797283 183757
7 1921 2779 0 1777797283 186538
8 1972 11302 0 1777797283 186578
13 2020 9677 0 1777797283 189078
11 1926 11559 0 1777797283 190744
12 1825 15406 0 1777797283 190752
10 1864 18553 0 1777797283 190940
13 2021 6531 0 1777797283 195611
7 1922 10585 0 1777797283 197124
13 2022 5175 0 1777797283 200793
9 1987 23556 0 1777797283 202446
8 1973 17770 0 1777797283 204350
13 2023 7549 0 1777797283 208344
12 1826 17801 0 1777797283 208563
11 1927 18337 0 1777797283 209090
8 1974 8687 0 1777797283 213045
9 1988 11416 0 1777797283 213863
10 1865 23408 0 1777797283 214350
11 1928 5573 0 1777797283 214666
12 1827 9248 0 1777797283 217814
7 1923 21632 0 1777797283 218762
9 1989 9903 0 1777797283 223771
10 1866 9452 0 1777797283 223804
13 2024 15913 0 1777797283 224259
7 1924 6397 0 1777797283 225161
12 1828 7698 0 1777797283 225515
9 1990 4647 0 1777797283 228427
8 1975 15450 0 1777797283 228499
10 1867 5741 0 1777797283 229547
13 2025 8574 0 1777797283 232835
12 1829 9810 0 1777797283 235326
13 2026 2668 0 1777797283 235505
9 1991 7362 0 1777797283 235798
13 2027 2372 0 1777797283 237879
7 1925 12770 0 1777797283 237933
13 2028 4422 0 1777797283 242305
10 1868 14665 0 1777797283 244215
8 1976 15770 0 1777797283 244271
13 2029 5136 0 1777797283 247457
13 2030 1492 0 1777797283 248955
7 1926 11271 0 1777797283 249205
8 1977 8143 0 1777797283 252417
13 2031 3493 0 1777797283 252449
10 1869 8649 0 1777797283 252874
8 1978 2839 0 1777797283 255290
12 1830 21146 0 1777797283 256474
13 2032 4025 0 1777797283 256483
10 1870 5336 0 1777797283 258214
8 1979 3921 0 1777797283 259216
7 1927 11482 0 1777797283 260689
13 2033 6079 0 1777797283 262573
8 1980 3932 0 1777797283 263155
11 1929 48508 0 1777797283 263176
13 2034 3314 0 1777797283 265889
12 1831 12023 0 1777797283 268507
9 1992 32821 0 1777797283 268621
8 1981 7505 0 1777797283 270663
11 1930 7495 0 1777797283 270673
13 2035 5479 0 1777797283 271375
8 1982 941 0 1777797283 271616
8 1983 748 0 1777797283 272367
8 1984 1099 0 1777797283 273532
12 1832 5271 0 1777797283 273781
10 1871 15773 0 1777797283 273990
8 1985 1076 0 1777797283 274610
12 1833 2945 0 1777797283 276730
13 2036 5365 0 1777797283 276741
8 1986 4463 0 1777797283 279077
9 1993 10466 0 1777797283 279089
10 1872 5105 0 1777797283 279097
7 1928 21373 0 1777797283 282070
11 1931 11401 0 1777797283 282089
13 2037 5675 0 1777797283 282430
12 1834 7462 0 1777797283 284204
8 1987 6405 0 1777797283 285503
7 1929 5869 0 1777797283 287941
10 1873 8795 0 1777797283 287948
13 2038 7412 0 1777797283 289843
9 1994 11322 0 1777797283 290459
8 1988 8065 0 1777797283 293572
7 1930 8602 0 1777797283 296551
10 1874 8604 0 1777797283 296564
12 1835 13164 0 1777797283 297370
9 1995 9996 0 1777797283 300457
13 2039 11640 0 1777797283 301492
8 1989 9002 0 1777797283 302575
7 1931 8261 0 1777797283 304826
11 1932 23231 0 1777797283 305321
9 1996 4868 0 1777797283 305337
12 1836 7982 0 1777797283 305353
10 1875 9465 0 1777797283 306051
10 1876 6827 0 1777797283 312880
12 1837 7915 0 1777797283 313269
9 1997 7977 0 1777797283 313315
13 2040 11857 0 1777797283 313351
11 1933 8299 0 1777797283 313621
13 2041 5736 0 1777797283 319088
10 1877 6446 0 1777797283 319328
11 1934 5848 0 1777797283 319470
8 1990 16942 0 1777797283 319519
12 1838 6711 0 1777797283 319981
7 1932 15174 0 1777797283 320002
9 1998 8303 0 1777797283 321620
13 2042 5016 0 1777797283 324106
7 1933 4234 0 1777797283 324237
9 1999 2624 0 1777797283 324245
10 1878 4919 0 1777797283 324249
8 1991 8274 0 1777797283 327794
11 1935 8329 0 1777797283 327800
12 1839 7820 0 1777797283 327803
7 1934 7439 0 1777797283 331689
13 2043 7593 0 1777797283 331708
12 1840 8103 0 1777797283 335917
10 1879 11716 0 1777797283 335978
9 2000 12429 0 1777797283 336685
11 1936 8884 0 1777797283 336693
8 1992 8956 0 1777797283 336760
9 2001 3937 0 1777797283 340631
10 1880 5951 0 1777797283 341930
13 2044 10250 0 1777797283 341959
12 1841 6123 0 1777797283 342041
8 1993 8430 0 1777797283 345191
11 1937 8502 0 1777797283 345205
9 2002 5474 0 1777797283 346109
7 1935 14446 0 1777797283 346138
10 1881 13035 0 1777797283 354968
12 1842 12976 0 1777797283 355018
13 2045 15302 0 1777797283 357264
8 1994 12667 0 1777797283 357874
11 1938 13020 0 1777797283 358238
7 1936 13932 0 1777797283 360071
9 2003 17068 0 1777797283 363182
12 1843 9135 0 1777797283 364155
13 2046 15549 0 1777797283 372822
11 1939 14973 0 1777797283 373213
10 1882 18248 0 1777797283 373233
7 1937 19169 0 1777797283 379242
12 1844 15333 0 1777797283 379490
8 1995 21731 0 1777797283 379607
9 2004 17094 0 1777797283 380278
13 2047 8279 0 1777797283 381103
12 1845 2409 0 1777797283 381901
10 1883 8714 0 1777797283 381948
11 1940 11751 0 1777797283 384966
9 2005 5511 0 1777797283 385791
7 1938 6553 0 1777797283 385807
8 1996 6213 0 1777797283 385822
10 1884 8831 0 1777797283 390780
9 2006 6683 0 1777797283 392476
13 2048 11375 0 1777797283 392484
7 1939 10563 0 1777797283 396371
11 1941 11502 0 1777797283 396471
12 1846 16121 0 1777797283 398025
8 1997 12998 0 1777797283 398821
9 2007 6500 0 1777797283 398985
10 1885 8210 0 1777797283 398993
13 2049 7045 0 1777797283 399541
12 1847 6323 0 1777797283 404349
9 2008 5579 0 1777797283 404572
8 1998 6149 0 1777797283 404972
11 1942 9124 0 1777797283 405597
7 1940 11070 0 1777797283 407443
10 1886 8454 0 1777797283 407455
13 2050 7929 0 1777797283 407472
8 1999 2922 0 1777797283 407910
11 1943 2859 0 1777797283 408458
9 2009 4936 0 1777797283 409509
8 2000 2854 0 1777797283 410765
10 1887 4179 0 1777797283 411661
11 1944 3557 0 1777797283 412018
7 1941 6038 0 1777797283 413511
12 1848 10843 0 1777797283 415203
9 2010 6118 0 1777797283 415630
13 2051 9052 0 1777797283 416541
12 1849 1473 0 1777797283 416680
8 2001 6318 0 1777797283 417086
9 2011 1941 0 1777797283 417572
11 1945 5759 0 1777797283 417778
13 2052 2584 0 1777797283 419128
9 2012 3050 0 1777797283 420625
10 1888 9347 0 1777797283 421011
8 2002 6588 0 1777797283 423676
11 1946 5950 0 1777797283 423731
7 1942 10700 0 1777797283 424213
13 2053 7661 0 1777797283 426792
13 2054 4265 0 1777797283 431111
7 1943 8042 0 1777797283 432257
11 1947 10119 0 1777797283 433851
8 2003 11745 0 1777797283 435424
12 1850 21034 0 1777797283 437715
13 2055 7626 0 1777797283 438739
12 1851 1468 0 1777797283 439186
12 1852 1926 0 1777797283 441115
8 2004 6324 0 1777797283 441750
10 1889 20828 0 1777797283 441841
13 2056 3459 0 1777797283 442200
7 1944 11036 0 1777797283 443297
10 1890 2753 0 1777797283 444595
7 1945 1600 0 1777797283 444899
11 1948 11675 0 1777797283 445529
13 2057 3773 0 1777797283 445975
11 1949 1314 0 1777797283 446845
12 1853 7695 0 1777797283 448812
13 2058 3443 0 1777797283 449422
8 2005 8338 0 1777797283 450090
9 2013 29492 0 1777797283 450119
7 1946 8384 0 1777797283 453286
13 2059 5413 0 1777797283 454836
12 1854 7467 0 1777797283 456285
10 1891 11986 0 1777797283 456584
9 2014 6521 0 1777797283 456641
7 1947 3379 0 1777797283 456670
7 1948 2216 0 1777797283 458888
13 2060 4422 0 1777797283 459260
12 1855 3996 0 1777797283 460283
13 2061 1614 0 1777797283 460879
12 1856 1446 0 1777797283 461732
7 1949 4028 0 1777797283 462919
7 1950 2953 0 1777797283 465874
8 2006 19635 0 1777797283 469727
11 1950 23786 0 1777797283 470636
8 2007 3573 0 1777797283 473307
11 1951 4111 0 1777797283 474751
7 1951 9909 0 1777797283 475785
7 1952 3090 0 1777797283 478877
10 1892 23594 0 1777797283 480180
12 1857 19685 0 1777797283 481420
10 1893 1340 0 1777797283 481522
7 1953 3341 0 1777797283 482220
12 1858 900 0 1777797283 482321
13 2062 21549 0 1777797283 482431
12 1859 899 0 1777797283 483222
13 2063 4433 0 1777797283 486865
10 1894 9136 0 1777797283 490660
8 2008 18223 0 1777797283 491533
7 1954 10486 0 1777797283 492708
8 2009 2096 0 1777797283 493632
7 1955 1518 0 1777797283 494228
8 2010 1319 0 1777797283 494953
9 2015 41064 0 1777797283 497707
13 2064 12563 0 1777797283 499430
13 2065 1876 0 1777797283 501309
8 2011 7369 0 1777797283 502325
13 2066 1828 0 1777797283 503140
12 1860 21163 0 1777797283 504387
9 2016 8092 0 1777797283 505802
13 2067 4466 0 1777797283 507611
11 1952 35154 0 1777797283 509908
10 1895 19271 0 1777797283 509943
13 2068 4698 0 1777797283 512312
11 1953 2930 0 1777797283 512841
8 2012 12165 0 1777797283 514492
9 2017 9957 0 1777797283 515761
13 2069 3521 0 1777797283 515835
12 1861 14664 0 1777797283 519058
13 2070 3234 0 1777797283 519070
7 1956 28185 0 1777797283 522418
13 2071 6486 0 1777797283 525567
12 1862 6542 0 1777797283 525613
9 2018 10338 0 1777797283 526106
13 2072 5418 0 1777797283 530990
7 1957 10277 0 1777797283 532702
13 2073 1735 0 1777797283 532726
8 2013 21206 0 1777797283 535700
13 2074 4088 0 1777797283 536816
7 1958 6607 0 1777797283 539313
8 2014 3891 0 1777797283 539593
13 2075 5454 0 1777797283 542271
11 1954 30838 0 1777797283 543684
7 1959 6663 0 1777797283 545981
8 2015 6398 0 1777797283 545993
10 1896 37078 0 1777797283 547023
11 1955 4034 0 1777797283 547720
9 2019 21912 0 1777797283 548022
13 2076 7798 0 1777797283 550071
8 2016 7499 0 1777797283 553507
10 1897 6806 0 1777797283 553831
7 1960 9455 0 1777797283 555449
13 2077 5408 0 1777797283 555483
11 1956 8121 0 1777797283 555844
9 2020 9135 0 1777797283 557159
10 1898 11206 0 1777797283 565038
11 1957 9200 0 1777797283 565046
12 1863 39438 0 1777797283 565052
13 2078 9576 0 1777797283 565060
9 2021 10807 0 1777797283 567971
7 1961 14092 0 1777797283 569547
8 2017 16042 0 1777797283 569551
13 2079 7703 0 1777797283 572793
11 1958 7748 0 1777797283 572821
10 1899 8606 0 1777797283 573667
12 1864 9734 0 1777797283 574817
8 2018 11778 0 1777797283 581336
7 1962 11839 0 1777797283 581391
9 2022 13516 0 1777797283 581489
11 1959 10040 0 1777797283 582862
10 1900 9312 0 1777797283 582982
13 2080 10193 0 1777797283 582988
7 1963 4608 0 1777797283 586000
8 2019 4679 0 1777797283 586017
9 2023 10282 0 1777797283 591772
10 1901 17656 0 1777797283 600645
11 1960 17799 0 1777797283 600665
7 1964 14876 0 1777797283 600894
8 2020 14871 0 1777797283 600921
9 2024 9145 0 1777797283 600929
13 2081 25463 0 1777797283 608461
10 1902 7887 0 1777797283 608553
11 1961 7933 0 1777797283 608608
9 2025 9911 0 1777797283 610855
7 1965 11160 0 1777797283 612056
13 2082 7463 0 1777797283 615926
8 2021 15206 0 1777797283 616136
10 1903 7590 0 1777797283 616144
11 1962 8132 0 1777797283 616742
9 2026 6097 0 1777797283 617014
7 1966 11243 0 1777797283 623301
12 1865 50010 0 1777797283 624829
7 1967 2657 0 1777797283 625964
9 2027 13200 0 1777797283 630217
7 1968 6167 0 1777797283 632132
12 1866 7309 0 1777797283 632141
8 2022 16025 0 1777797283 632170
13 2083 21285 0 1777797283 637215
10 1904 21162 0 1777797283 637315
11 1963 20559 0 1777797283 637350
9 2028 8604 0 1777797283 638823
8 2023 9674 0 1777797283 641844
13 2084 4752 0 1777797283 641977
12 1867 12096 0 1777797283 644249
11 1964 7051 0 1777797283 644402
10 1905 7256 0 1777797283 644573
7 1969 15621 0 1777797283 647762
9 2029 9222 0 1777797283 648051
12 1868 8149 0 1777797283 652408
7 1970 12015 0 1777797283 659786
9 2030 11914 0 1777797283 659967
13 2085 17995 0 1777797283 659974
8 2024 19570 0 1777797283 661416
11 1965 18597 0 1777797283 663004
10 1906 19291 0 1777797283 663866
8 2025 2866 0 1777797283 664285
9 2031 5575 0 1777797283 665550
9 2032 3298 0 1777797283 668857
10 1907 6532 0 1777797283 670405
11 1966 8156 0 1777797283 671163
13 2086 12813 0 1777797283 672802
8 2026 13000 0 1777797283 677290
11 1967 6320 0 1777797283 677488
10 1908 8146 0 1777797283 678557
7 1971 21036 0 1777797283 680825
13 2087 8237 0 1777797283 681041
11 1968 4610 0 1777797283 682100
10 1909 5419 0 1777797283 683982
7 1972 5395 0 1777797283 686222
12 1869 34024 0 1777797283 686446
11 1969 5339 0 1777797283 687441
12 1870 3328 0 1777797283 689776
9 2033 21668 0 1777797283 690530
12 1871 1007 0 1777797283 690786
12 1872 1805 0 1777797283 692592
13 2088 14673 0 1777797283 695715
10 1910 12148 0 1777797283 696132
12 1873 3697 0 1777797283 696291
12 1874 920 0 1777797283 697213
12 1875 2824 0 1777797283 700040
11 1970 12676 0 1777797283 700125
9 2034 11215 0 1777797283 701749
12 1876 3168 0 1777797283 703209
12 1877 3176 0 1777797283 706388
13 2089 13005 0 1777797283 708723
12 1878 4253 0 1777797283 710645
7 1973 24489 0 1777797283 710713
11 1971 10890 0 1777797283 711019
8 2027 36693 0 1777797283 713985
12 1879 4407 0 1777797283 715061
8 2028 1528 0 1777797283 715516
12 1880 2201 0 1777797283 717265
7 1974 10661 0 1777797283 721375
9 2035 21398 0 1777797283 723150
8 2029 12756 0 1777797283 728277
12 1881 11333 0 1777797283 728601
11 1972 20586 0 1777797283 731606
12 1882 3011 0 1777797283 731614
12 1883 897 0 1777797283 732524
8 2030 5281 0 1777797283 733563
11 1973 2082 0 1777797283 733697
12 1884 2894 0 1777797283 735420
8 2031 5416 0 1777797283 738993
9 2036 17986 0 1777797283 741138
12 1885 5724 0 1777797283 741146
7 1975 20386 0 1777797283 741768
13 2090 33545 0 1777797283 742272
9 2037 6133 0 1777797283 747280
8 2032 8299 0 1777797283 747299
7 1976 6971 0 1777797283 748743
13 2091 7942 0 1777797283 750216
11 1974 16815 0 1777797283 750513
12 1886 9732 0 1777797283 750888
12 1887 3986 0 1777797283 754876
8 2033 8716 0 1777797283 756016
13 2092 7727 0 1777797283 757947
7 1977 9550 0 1777797283 758294
10 1911 68936 0 1777797283 765071
10 1912 1183 0 1777797283 766256
11 1975 16131 0 1777797283 766647
13 2093 8954 0 1777797283 766904
11 1976 1333 0 1777797283 767981
8 2034 12079 0 1777797283 768098
9 2038 24493 0 1777797283 771776
8 2035 6287 0 1777797283 774388
12 1888 19524 0 1777797283 774403
12 1889 2020 0 1777797283 776438
8 2036 6538 0 1777797283 780943
10 1913 15346 0 1777797283 781604
11 1977 13681 0 1777797283 781663
12 1890 9631 0 1777797283 786071
11 1978 4470 0 1777797283 786134
7 1978 30848 0 1777797283 789144
9 2039 18311 0 1777797283 790090
8 2037 9380 0 1777797283 790328
13 2094 23483 0 1777797283 790389
10 1914 8812 0 1777797283 790421
12 1891 7357 0 1777797283 793436
13 2095 3163 0 1777797283 793553
10 1915 3150 0 1777797283 793572
7 1979 4592 0 1777797283 793738
8 2038 4705 0 1777797283 795035
11 1979 11304 0 1777797283 797440
12 1892 4045 0 1777797283 797483
7 1980 4530 0 1777797283 798269
13 2096 4846 0 1777797283 798401
10 1916 5752 0 1777797283 799325
8 2039 7071 0 1777797283 802108
13 2097 5551 0 1777797283 803953
12 1893 6856 0 1777797283 804341
11 1980 6929 0 1777797283 804376
10 1917 8198 0 1777797283 807525
7 1981 9855 0 1777797283 808127
8 2040 6670 0 1777797283 808846
13 2098 4922 0 1777797283 808877
11 1981 4799 0 1777797283 809176
12 1894 5163 0 1777797283 809505
9 2040 20750 0 1777797283 810847
10 1918 4455 0 1777797283 811982
8 2041 4061 0 1777797283 812910
9 2041 3604 0 1777797283 814456
13 2099 6632 0 1777797283 815511
12 1895 7611 0 1777797283 817119
11 1982 10839 0 1777797283 820020
8 2042 7990 0 1777797283 820902
10 1919 9082 0 1777797283 821067
7 1982 12974 0 1777797283 821106
13 2100 7076 0 1777797283 822589
12 1896 5897 0 1777797283 823017
11 1983 4962 0 1777797283 824983
7 1983 4238 0 1777797283 825346
10 1920 5616 0 1777797283 826687
13 2101 4118 0 1777797283 826713
12 1897 6810 0 1777797283 829829
7 1984 4525 0 1777797283 829873
9 2042 15429 0 1777797283 829892
8 2043 9467 0 1777797283 830376
10 1921 6293 0 1777797283 832984
13 2102 6804 0 1777797283 833518
12 1898 4031 0 1777797283 833862
7 1985 7718 0 1777797283 837593
8 2044 7222 0 1777797283 837601
11 1984 12629 0 1777797283 837614
10 1922 5454 0 1777797283 838441
13 2103 6400 0 1777797283 839922
7 1986 2613 0 1777797283 840229
11 1985 7336 0 1777797283 845001
8 2045 8430 0 1777797283 846086
9 2043 16201 0 1777797283 846094
12 1899 12238 0 1777797283 846101
10 1923 7857 0 1777797283 846299
7 1987 6125 0 1777797283 846357
13 2104 7136 0 1777797283 847062
12 1900 2723 0 1777797283 848840
7 1988 8929 0 1777797283 855287
10 1924 9446 0 1777797283 855746
12 1901 6927 0 1777797283 855770
11 1986 10810 0 1777797283 855813
9 2044 10550 0 1777797283 856660
8 2046 11052 0 1777797283 857155
13 2105 10184 0 1777797283 857249
13 2106 2644 0 1777797283 859894
7 1989 4698 0 1777797283 859987
12 1902 5305 0 1777797283 861076
11 1987 5720 0 1777797283 861534
10 1925 5849 0 1777797283 861596
7 1990 2712 0 1777797283 862700
12 1903 5810 0 1777797283 866888
13 2107 7098 0 1777797283 866994
9 2045 10541 0 1777797283 867203
11 1988 5738 0 1777797283 867276
10 1926 5909 0 1777797283 867506
7 1991 7878 0 1777797283 870580
8 2047 13665 0 1777797283 870821
12 1904 4528 0 1777797283 871420
8 2048 4490 0 1777797283 875312
11 1989 8088 0 1777797283 875365
10 1927 9543 0 1777797283 877050
13 2108 10085 0 1777797283 877081
7 1992 7131 0 1777797283 877737
11 1990 5328 0 1777797283 880695
13 2109 6513 0 1777797283 883595
12 1905 13061 0 1777797283 884485
8 2049 10131 0 1777797283 885447
7 1993 10660 0 1777797283 888399
9 2046 21732 0 1777797283 888937
11 1991 8265 0 1777797283 888970
12 1906 6745 0 1777797283 891231
13 2110 7955 0 1777797283 891553
9 2047 4637 0 1777797283 893577
7 1994 5831 0 1777797283 894233
11 1992 5406 0 1777797283 894378
10 1928 19239 0 1777797283 896292
13 2111 4747 0 1777797283 896302
12 1907 5990 0 1777797283 897223
8 2050 14452 0 1777797283 899901
11 1993 5530 0 1777797283 899909
7 1995 9149 0 1777797283 903389
10 1929 7685 0 1777797283 903988
13 2112 8886 0 1777797283 905201
12 1908 8684 0 1777797283 905909
9 2048 12625 0 1777797283 906203
8 2051 10515 0 1777797283 910425
9 2049 5810 0 1777797283 912015
13 2113 6882 0 1777797283 912085
10 1930 10413 0 1777797283 914403
13 2114 3227 0 1777797283 915315
11 1994 16058 0 1777797283 915977
7 1996 13039 0 1777797283 916429
9 2050 8259 0 1777797283 920277
8 2052 9979 0 1777797283 920410
12 1909 14636 0 1777797283 920548
7 1997 6060 0 1777797283 922492
11 1995 6528 0 1777797283 922507
13 2115 9972 0 1777797283 925292
8 2053 5207 0 1777797283 925619
8 2054 9053 0 1777797283 934675
10 1931 20296 0 1777797283 934701
7 1998 12851 0 1777797283 935358
13 2116 13518 0 1777797283 938813
13 2117 4402 0 1777797283 943217
9 2051 25050 0 1777797283 945330
12 1910 25083 0 1777797283 945632
12 1911 1461 0 1777797283 947096
7 1999 12796 0 1777797283 948156
9 2052 3939 0 1777797283 949271
9 2053 4215 0 1777797283 953492
12 1912 6409 0 1777797283 953507
13 2118 10290 0 1777797283 953511
8 2055 20293 0 1777797283 954970
13 2119 2994 0 1777797283 956531
11 1996 35962 0 1777797283 958481
8 2056 6508 0 1777797283 961480
12 1913 8875 0 1777797283 962395
9 2054 9213 0 1777797283 962725
13 2120 7856 0 1777797283 964389
9 2055 2559 0 1777797283 965287
13 2121 1398 0 1777797283 965793
9 2056 915 0 1777797283 966205
7 2000 21895 0 1777797283 970058
8 2057 8579 0 1777797283 970069
13 2122 4919 0 1777797283 970714
9 2057 6325 0 1777797283 972534
11 1997 14244 0 1777797283 972793
7 2001 3576 0 1777797283 973646
12 1914 13215 0 1777797283 975612
13 2123 5578 0 1777797283 976307
9 2058 4049 0 1777797283 976585
8 2058 6985 0 1777797283 977071
12 1915 2032 0 1777797283 977646
11 1998 5153 0 1777797283 977948
13 2124 5824 0 1777797283 982134
11 1999 5427 0 1777797283 983377
8 2059 11201 0 1777797283 988274
10 1932 55250 0 1777797283 989953
11 2000 6968 0 1777797283 990348
8 2060 3348 0 1777797283 991624
11 2001 2541 0 1777797283 992891
13 2125 13824 0 1777797283 995960
12 1916 19277 0 1777797283 996926
11 2002 4496 0 1777797283 997391
8 2061 6457 0 1777797283 998084
9 2059 22149 0 1777797283 998736
13 2126 6140 0 1777797284 2108
8 2062 5858 0 1777797284 3943
7 2002 31470 0 1777797284 5119
12 1917 8209 0 1777797284 5137
9 2060 6989 0 1777797284 5730
10 1933 17173 0 1777797284 7129
10 1934 2552 0 1777797284 9683
8 2063 6179 0 1777797284 10127
7 2003 6026 0 1777797284 11164
10 1935 2667 0 1777797284 12352
13 2127 12132 0 1777797284 14242
9 2061 8840 0 1777797284 14572
11 2003 17813 0 1777797284 15208
12 1918 16062 0 1777797284 21213
11 2004 6356 0 1777797284 21565
8 2064 12786 0 1777797284 22916
13 2128 9291 0 1777797284 23537
11 2005 2542 0 1777797284 24111
7 2004 13372 0 1777797284 24539
11 2006 1162 0 1777797284 25275
11 2007 1103 0 1777797284 26381
11 2008 1364 0 1777797284 27746
13 2129 4718 0 1777797284 28257
12 1919 7582 0 1777797284 28800
9 2062 15878 0 1777797284 30453
7 2005 6584 0 1777797284 31126
13 2130 2927 0 1777797284 31189
11 2009 4110 0 1777797284 31861
10 1936 19707 0 1777797284 32061
10 1937 1766 0 1777797284 33830
11 2010 1975 0 1777797284 33839
8 2065 10982 0 1777797284 33904
7 2006 3486 0 1777797284 34616
13 2131 4202 0 1777797284 35392
12 1920 7764 0 1777797284 36566
13 2132 2754 0 1777797284 38148
7 2007 5469 0 1777797284 40087
11 2011 7185 0 1777797284 41037
11 2012 3281 0 1777797284 44323
12 1921 7794 0 1777797284 44365
8 2066 12575 0 1777797284 46480
13 2133 8355 0 1777797284 46506
7 2008 9135 0 1777797284 49225
9 2063 19023 0 1777797284 49478
12 1922 6564 0 1777797284 50930
11 2013 9141 0 1777797284 53466
8 2067 7514 0 1777797284 53996
13 2134 8605 0 1777797284 55112
12 1923 5459 0 1777797284 56391
9 2064 8008 0 1777797284 57488
10 1938 23683 0 1777797284 57523
7 2009 8644 0 1777797284 57878
11 2014 5364 0 1777797284 58832
8 2068 7219 0 1777797284 61217
12 1924 6747 0 1777797284 63141
11 2015 5713 0 1777797284 64547
13 2135 9728 0 1777797284 64841
10 1939 11252 0 1777797284 68776
11 2016 4491 0 1777797284 69040
12 1925 6132 0 1777797284 69277
7 2010 13776 0 1777797284 71657
9 2065 14198 0 1777797284 71687
8 2069 10571 0 1777797284 71790
11 2017 2754 0 1777797284 71796
10 1940 3954 0 1777797284 72732
13 2136 9116 0 1777797284 73960
12 1926 6997 0 1777797284 76277
8 2070 5412 0 1777797284 77209
11 2018 6102 0 1777797284 77907
12 1927 2444 0 1777797284 78723
7 2011 8712 0 1777797284 80402
8 2071 4763 0 1777797284 81976
9 2066 10290 0 1777797284 81991
11 2019 4236 0 1777797284 82144
13 2137 10067 0 1777797284 84029
12 1928 6244 0 1777797284 84971
11 2020 3915 0 1777797284 86060
10 1941 15817 0 1777797284 88554
8 2072 7139 0 1777797284 89132
9 2067 8564 0 1777797284 90569
9 2068 3205 0 1777797284 93777
12 1929 8813 0 1777797284 93786
7 2012 13461 0 1777797284 93868
11 2021 9559 0 1777797284 95621
11 2022 2724 0 1777797284 98348
12 1930 6014 0 1777797284 99813
9 2069 6664 0 1777797284 100452
13 2138 17873 0 1777797284 101906
11 2023 3804 0 1777797284 102156
12 1931 6279 0 1777797284 106095
8 2073 19219 0 1777797284 108353
7 2013 15897 0 1777797284 109766
13 2139 8211 0 1777797284 110119
9 2070 15207 0 1777797284 115664
11 2024 13920 0 1777797284 116078
8 2074 10510 0 1777797284 118866
11 2025 2818 0 1777797284 118897
10 1942 31999 0 1777797284 120556
7 2014 12294 0 1777797284 122062
13 2140 11950 0 1777797284 122070
11 2026 5069 0 1777797284 124055
10 1943 11158 0 1777797284 131721
13 2141 9655 0 1777797284 131735
9 2071 16293 0 1777797284 131959
11 2027 7907 0 1777797284 131966
12 1932 25875 0 1777797284 131973
7 2015 9930 0 1777797284 132001
7 2016 2979 0 1777797284 134981
12 1933 3555 0 1777797284 135543
13 2142 7116 0 1777797284 138866
11 2028 8139 0 1777797284 140120
8 2075 22628 0 1777797284 141590
11 2029 4879 0 1777797284 145001
7 2017 13031 0 1777797284 148016
10 1944 16295 0 1777797284 148031
8 2076 6778 0 1777797284 148370
11 2030 3438 0 1777797284 148440
9 2072 17355 0 1777797284 149329
9 2073 3221 0 1777797284 152551
10 1945 8185 0 1777797284 156232
7 2018 14007 0 1777797284 162039
8 2077 13692 0 1777797284 162065
11 2031 13631 0 1777797284 162072
12 1934 26533 0 1777797284 162078
9 2074 10908 0 1777797284 163460
7 2019 4626 0 1777797284 166667
13 2143 27810 0 1777797284 166679
11 2032 7632 0 1777797284 169724
8 2078 8911 0 1777797284 170990
10 1946 15465 0 1777797284 171699
7 2020 5278 0 1777797284 171958
11 2033 2537 0 1777797284 172263
9 2075 8986 0 1777797284 172447
11 2034 839 0 1777797284 173108
10 1947 2067 0 1777797284 173771
7 2021 2936 0 1777797284 174899
8 2079 3997 0 1777797284 174995
12 1935 13284 0 1777797284 175384
10 1948 1969 0 1777797284 175745
8 2080 1867 0 1777797284 176863
11 2035 3900 0 1777797284 177010
10 1949 1793 0 1777797284 177541
7 2022 2985 0 1777797284 177886
8 2081 1466 0 1777797284 178332
10 1950 1863 0 1777797284 179406
8 2082 2050 0 1777797284 180384
7 2023 3021 0 1777797284 180909
10 1951 2173 0 1777797284 181580
7 2024 2444 0 1777797284 183355
12 1936 8073 0 1777797284 183459
8 2083 3144 0 1777797284 183530
13 2144 21080 0 1777797284 187782
9 2076 15370 0 1777797284 187819
10 1952 6487 0 1777797284 188069
11 2036 11078 0 1777797284 188089
13 2145 5546 0 1777797284 193335
7 2025 12148 0 1777797284 195505
8 2084 13469 0 1777797284 197000
11 2037 8909 0 1777797284 197038
7 2026 1682 0 1777797284 197190
12 1937 18007 0 1777797284 201468
10 1953 14361 0 1777797284 202451
13 2146 9668 0 1777797284 203008
11 2038 7958 0 1777797284 204997
7 2027 8406 0 1777797284 205598
8 2085 8818 0 1777797284 205827
7 2028 1055 0 1777797284 206655
11 2039 2103 0 1777797284 207103
8 2086 2348 0 1777797284 208177
7 2029 1639 0 1777797284 208300
13 2147 6318 0 1777797284 209328
9 2077 22443 0 1777797284 210263
11 2040 3937 0 1777797284 211042
8 2087 4386 0 1777797284 212567
13 2148 3254 0 1777797284 212587
7 2030 4330 0 1777797284 212632
8 2088 2165 0 1777797284 214753
13 2149 3178 0 1777797284 215784
9 2078 5596 0 1777797284 215861
11 2041 5613 0 1777797284 216657
7 2031 4316 0 1777797284 216950
13 2150 3480 0 1777797284 219267
9 2079 3678 0 1777797284 219541
11 2042 5296 0 1777797284 221956
8 2089 7224 0 1777797284 221980
9 2080 2693 0 1777797284 222236
7 2032 5471 0 1777797284 222423
13 2151 3422 0 1777797284 222701
10 1954 20423 0 1777797284 222876
10 1955 1200 0 1777797284 224078
11 2043 3147 0 1777797284 225107
7 2033 6432 0 1777797284 228856
10 1956 4798 0 1777797284 228878
8 2090 7137 0 1777797284 229118
9 2081 7003 0 1777797284 229240
12 1938 27999 0 1777797284 229469
11 2044 4380 0 1777797284 229490
10 1957 4468 0 1777797284 233361
10 1958 1656 0 1777797284 235020
10 1959 2201 0 1777797284 237223
12 1939 9640 0 1777797284 239110
10 1960 2609 0 1777797284 239836
7 2034 13702 0 1777797284 242581
8 2091 13600 0 1777797284 242719
10 1961 3373 0 1777797284 243211
11 2045 13930 0 1777797284 243421
8 2092 1345 0 1777797284 244066
13 2152 23122 0 1777797284 245825
9 2082 16602 0 1777797284 245843
7 2035 3605 0 1777797284 246188
11 2046 2935 0 1777797284 246357
10 1962 4661 0 1777797284 247874
10 1963 650 0 1777797284 248526
13 2153 2750 0 1777797284 248577
10 1964 549 0 1777797284 249079
10 1965 782 0 1777797284 249863
10 1966 1096 0 1777797284 250961
10 1967 1915 0 1777797284 252878
9 2083 7823 0 1777797284 253667
9 2084 5701 0 1777797284 259370
8 2093 15643 0 1777797284 259711
7 2036 13695 0 1777797284 259885
11 2047 13787 0 1777797284 260145
10 1968 7723 0 1777797284 260603
8 2094 10819 0 1777797284 270533
13 2154 21965 0 1777797284 270544
7 2037 11793 0 1777797284 271784
11 2048 12982 0 1777797284 273130
9 2085 14048 0 1777797284 273420
8 2095 3248 0 1777797284 273793
10 1969 13429 0 1777797284 274034
9 2086 1597 0 1777797284 275019
11 2049 2422 0 1777797284 275553
8 2096 2189 0 1777797284 275985
9 2087 1430 0 1777797284 276451
11 2050 1753 0 1777797284 277312
7 2038 6280 0 1777797284 278068
10 1970 4769 0 1777797284 278804
12 1940 39717 0 1777797284 278829
12 1941 2736 0 1777797284 281566
11 2051 6243 0 1777797284 283558
7 2039 6044 0 1777797284 284114
8 2097 9376 0 1777797284 285363
9 2088 9069 0 1777797284 285522
10 1971 10532 0 1777797284 289341
9 2089 5482 0 1777797284 291006
11 2052 8433 0 1777797284 291993
7 2040 8058 0 1777797284 292174
8 2098 7349 0 1777797284 292716
11 2053 2838 0 1777797284 294843
8 2099 3514 0 1777797284 296232
7 2041 4226 0 1777797284 296401
13 2155 25852 0 1777797284 296409
9 2090 6777 0 1777797284 297786
11 2054 3810 0 1777797284 298655
8 2100 2478 0 1777797284 298712
10 1972 9997 0 1777797284 299343
7 2042 3568 0 1777797284 299977
12 1942 18426 0 1777797284 299996
9 2091 2576 0 1777797284 300366
11 2055 2462 0 1777797284 301119
8 2101 2694 0 1777797284 301407
10 1973 3836 0 1777797284 303182
7 2043 5543 0 1777797284 305540
9 2092 5187 0 1777797284 305555
11 2056 4871 0 1777797284 305993
8 2102 4803 0 1777797284 306211
8 2103 3463 0 1777797284 309675
13 2156 14176 0 1777797284 310607
9 2093 7046 0 1777797284 312624
7 2044 7085 0 1777797284 312642
8 2104 5734 0 1777797284 315416
12 1943 15435 0 1777797284 315451
9 2094 3067 0 1777797284 315693
7 2045 4014 0 1777797284 316657
8 2105 3187 0 1777797284 318612
13 2157 11144 0 1777797284 321767
9 2095 6591 0 1777797284 322286
7 2046 6308 0 1777797284 322967
9 2096 1756 0 1777797284 324044
10 1974 21138 0 1777797284 324322
11 2057 19150 0 1777797284 325145
8 2106 6739 0 1777797284 325352
13 2158 5037 0 1777797284 326807
12 1944 11580 0 1777797284 327033
8 2107 1829 0 1777797284 327183
7 2047 5512 0 1777797284 328481
11 2058 3351 0 1777797284 328498
9 2097 5182 0 1777797284 329228
13 2159 2468 0 1777797284 329285
10 1975 5777 0 1777797284 330100
9 2098 3715 0 1777797284 332945
13 2160 5410 0 1777797284 334698
7 2048 6267 0 1777797284 334766
8 2108 7589 0 1777797284 334773
9 2099 2700 0 1777797284 335647
8 2109 2002 0 1777797284 336800
8 2110 1851 0 1777797284 338654
8 2111 1930 0 1777797284 340587
9 2100 4954 0 1777797284 340603
7 2049 5860 0 1777797284 340634
7 2050 2046 0 1777797284 342681
9 2101 4460 0 1777797284 345078
8 2112 5426 0 1777797284 346030
7 2051 4303 0 1777797284 346987
7 2052 2236 0 1777797284 349225
9 2102 6501 0 1777797284 351582
8 2113 5793 0 1777797284 351825
7 2053 4703 0 1777797284 353932
8 2114 3113 0 1777797284 354939
9 2103 3687 0 1777797284 355279
10 1976 27060 0 1777797284 357163
12 1945 32813 0 1777797284 359848
8 2115 6205 0 1777797284 361147
9 2104 8931 0 1777797284 364212
8 2116 7952 0 1777797284 369101
12 1946 9268 0 1777797284 369118
7 2054 15224 0 1777797284 369163
12 1947 4694 0 1777797284 373832
11 2059 49439 0 1777797284 377963
12 1948 4671 0 1777797284 378504
13 2161 43984 0 1777797284 378683
10 1977 23180 0 1777797284 380349
13 2162 8581 0 1777797284 387267
8 2117 20795 0 1777797284 389914
13 2163 2809 0 1777797284 390078
10 1978 10329 0 1777797284 390680
13 2164 1874 0 1777797284 391955
12 1949 15936 0 1777797284 394442
10 1979 7220 0 1777797284 397901
13 2165 6477 0 1777797284 398434
13 2166 2397 0 1777797284 400837
10 1980 4695 0 1777797284 402599
7 2055 35231 0 1777797284 404395
13 2167 7700 0 1777797284 408540
12 1950 18592 0 1777797284 413036
10 1981 10555 0 1777797284 413162
11 2060 35280 0 1777797284 413245
7 2056 9176 0 1777797284 413574
8 2118 23998 0 1777797284 413921
11 2061 1695 0 1777797284 414942
12 1951 3864 0 1777797284 416910
12 1952 5113 0 1777797284 422027
7 2057 8890 0 1777797284 422467
8 2119 8665 0 1777797284 422588
13 2168 14692 0 1777797284 423234
8 2120 2620 0 1777797284 425211
7 2058 5163 0 1777797284 427639
11 2062 13885 0 1777797284 428829
7 2059 2509 0 1777797284 430155
8 2121 4876 0 1777797284 430164
8 2122 3173 0 1777797284 433349
7 2060 5277 0 1777797284 435443
7 2061 3156 0 1777797284 438601
13 2169 15671 0 1777797284 438907
8 2123 5795 0 1777797284 439146
13 2170 3094 0 1777797284 442003
8 2124 3688 0 1777797284 442838
12 1953 20816 0 1777797284 442848
8 2125 2991 0 1777797284 445840
12 1954 2990 0 1777797284 445858
7 2062 7303 0 1777797284 445909
9 2105 81740 0 1777797284 445960
9 2106 3858 0 1777797284 449820
12 1955 4069 0 1777797284 449940
7 2063 5231 0 1777797284 451141
12 1956 3620 0 1777797284 453561
8 2126 8442 0 1777797284 454301
7 2064 6045 0 1777797284 457195
10 1982 44049 0 1777797284 457213
12 1957 3652 0 1777797284 457218
12 1958 2266 0 1777797284 459491
8 2127 7597 0 1777797284 461901
9 2107 12099 0 1777797284 461921
12 1959 4210 0 1777797284 463702
11 2063 36332 0 1777797284 465166
9 2108 4243 0 1777797284 466165
10 1983 10390 0 1777797284 467608
12 1960 4452 0 1777797284 468157
7 2065 12171 0 1777797284 469368
10 1984 6407 0 1777797284 474017
12 1961 8650 0 1777797284 476808
13 2171 35071 0 1777797284 477079
7 2066 17429 0 1777797284 486798
9 2109 20744 0 1777797284 486910
13 2172 11478 0 1777797284 488558
12 1962 12598 0 1777797284 489407
11 2064 24635 0 1777797284 489802
7 2067 6754 0 1777797284 493553
12 1963 4153 0 1777797284 493561
9 2110 7687 0 1777797284 494598
12 1964 2855 0 1777797284 496426
8 2128 41030 0 1777797284 502933
12 1965 7409 0 1777797284 503836
7 2068 12129 0 1777797284 505691
13 2173 17167 0 1777797284 505728
7 2069 4602 0 1777797284 510301
12 1966 7569 0 1777797284 511406
7 2070 4436 0 1777797284 514738
11 2065 36618 0 1777797284 526421
10 1985 54738 0 1777797284 528756
11 2066 4392 0 1777797284 530814
7 2071 19114 0 1777797284 533853
12 1967 22613 0 1777797284 534020
9 2111 40513 0 1777797284 535112
8 2129 33599 0 1777797284 536534
13 2174 30810 0 1777797284 536540
7 2072 13582 0 1777797284 547436
11 2067 17143 0 1777797284 547959
12 1968 15617 0 1777797284 549638
13 2175 14309 0 1777797284 550856
7 2073 7110 0 1777797284 554550
7 2074 6026 0 1777797284 560587
13 2176 19114 0 1777797284 569972
7 2075 14337 0 1777797284 574936
8 2130 39194 0 1777797284 575736
11 2068 32872 0 1777797284 580837
10 1986 56856 0 1777797284 585613
10 1987 3707 0 1777797284 589323
13 2177 22056 0 1777797284 592030
8 2131 27618 0 1777797284 603361
7 2076 33619 0 1777797284 608558
13 2178 27316 0 1777797284 619352
9 2112 87670 0 1777797284 622784
11 2069 43307 0 1777797284 624153
10 1988 36058 0 1777797284 625383
13 2179 6474 0 1777797284 625831
9 2113 5269 0 1777797284 628055
10 1989 3664 0 1777797284 629049
7 2077 30975 0 1777797284 639539
7 2078 1514 0 1777797284 641056
7 2079 5912 0 1777797284 646976
9 2114 20725 0 1777797284 648785
7 2080 9187 0 1777797284 656170
11 2070 32020 0 1777797284 656180
12 1969 106548 0 1777797284 656188
13 2180 30415 0 1777797284 656249
10 1990 27701 0 1777797284 656753
9 2115 8292 0 1777797284 657081
9 2116 7092 0 1777797284 664176
7 2081 9005 0 1777797284 665195
11 2071 9789 0 1777797284 665990
13 2181 15061 0 1777797284 671311
9 2117 9783 0 1777797284 673970
12 1970 18213 0 1777797284 674425
10 1991 24652 0 1777797284 681406
7 2082 17401 0 1777797284 682603
11 2072 17325 0 1777797284 683316
7 2083 5760 0 1777797284 688365
13 2182 17525 0 1777797284 688838
10 1992 7470 0 1777797284 688880
9 2118 15298 0 1777797284 689271
12 1971 17970 0 1777797284 692399
13 2183 11492 0 1777797284 700346
7 2084 12018 0 1777797284 700386
9 2119 16906 0 1777797284 706180
10 1993 17353 0 1777797284 706234
12 1972 13831 0 1777797284 706240
11 2073 28044 0 1777797284 711362
7 2085 11001 0 1777797284 711388
13 2184 11065 0 1777797284 711422
12 1973 7533 0 1777797284 713793
7 2086 17711 0 1777797284 729100
9 2120 22902 0 1777797284 729107
8 2132 127293 0 1777797284 730664
10 1994 24434 0 1777797284 730675
12 1974 17017 0 1777797284 730812
13 2185 26085 0 1777797284 737509
11 2074 27770 0 1777797284 739137
9 2121 12041 0 1777797284 741166
12 1975 11730 0 1777797284 742543
7 2087 24630 0 1777797284 753739
8 2133 33790 0 1777797284 764466
13 2186 26964 0 1777797284 764476
11 2075 25375 0 1777797284 764514
9 2122 31850 0 1777797284 773019
10 1995 42231 0 1777797284 773026
12 1976 30416 0 1777797284 773033
7 2088 24478 0 1777797284 778224
8 2134 14897 0 1777797284 779374
10 1996 7886 0 1777797284 780931
9 2123 8084 0 1777797284 781118
10 1997 2395 0 1777797284 783339
9 2124 2570 0 1777797284 783690
7 2089 14492 0 1777797284 792728
9 2125 15147 0 1777797284 798840
9 2126 1422 0 1777797284 800264
9 2127 5100 0 1777797284 805368
7 2090 12676 0 1777797284 805407
8 2135 26508 0 1777797284 805884
10 1998 26244 0 1777797284 809586
7 2091 5747 0 1777797284 811156
11 2076 52023 0 1777797284 816538
9 2128 17258 0 1777797284 822634
13 2187 58163 0 1777797284 822655
10 1999 13299 0 1777797284 822887
11 2077 7727 0 1777797284 824268
10 2000 1561 0 1777797284 824449
9 2129 3660 0 1777797284 826298
11 2078 3904 0 1777797284 828174
10 2001 8804 0 1777797284 833255
13 2188 11295 0 1777797284 833951
8 2136 35359 0 1777797284 841244
11 2079 14626 0 1777797284 842806
12 1977 70966 0 1777797284 844161
12 1978 1555 0 1777797284 845719
9 2130 19451 0 1777797284 845751
13 2189 12573 0 1777797284 846529
7 2092 35950 0 1777797284 847108
8 2137 8334 0 1777797284 849582
11 2080 7000 0 1777797284 849811
10 2002 18161 0 1777797284 851421
7 2093 4662 0 1777797284 851773
9 2131 7256 0 1777797284 853008
12 1979 8782 0 1777797284 854503
9 2132 1868 0 1777797284 854877
12 1980 3862 0 1777797284 858366
7 2094 6667 0 1777797284 858441
10 2003 7317 0 1777797284 858740
8 2138 10306 0 1777797284 859889
13 2190 13972 0 1777797284 860503
7 2095 2346 0 1777797284 860790
7 2096 1357 0 1777797284 862149
12 1981 3876 0 1777797284 862244
10 2004 7626 0 1777797284 866368
12 1982 4128 0 1777797284 866374
7 2097 4376 0 1777797284 866526
13 2191 6908 0 1777797284 867414
7 2098 1180 0 1777797284 867707
12 1983 2525 0 1777797284 868907
12 1984 2179 0 1777797284 871089
7 2099 6191 0 1777797284 873900
13 2192 7567 0 1777797284 874983
7 2100 3547 0 1777797284 877455
10 2005 11103 0 1777797284 877478
11 2081 27709 0 1777797284 877522
12 1985 6438 0 1777797284 877529
9 2133 28714 0 1777797284 883596
11 2082 6413 0 1777797284 883943
13 2193 8965 0 1777797284 883951
10 2006 6557 0 1777797284 884058
8 2139 24619 0 1777797284 884512
12 1986 7235 0 1777797284 884775
7 2101 7326 0 1777797284 884807
8 2140 2923 0 1777797284 887437
12 1987 2667 0 1777797284 887444
10 2007 4619 0 1777797284 888678
7 2102 4500 0 1777797284 889308
13 2194 7844 0 1777797284 891814
11 2083 7901 0 1777797284 891853
10 2008 5904 0 1777797284 894587
12 1988 7623 0 1777797284 895077
12 1989 2365 0 1777797284 897445
7 2103 8480 0 1777797284 897794
9 2134 15207 0 1777797284 898805
7 2104 1153 0 1777797284 898949
9 2135 2362 0 1777797284 901170
7 2105 2856 0 1777797284 901807
10 2009 8227 0 1777797284 902816
11 2084 11365 0 1777797284 903219
7 2106 2669 0 1777797284 904479
12 1990 7115 0 1777797284 904562
9 2136 5318 0 1777797284 906493
11 2085 3916 0 1777797284 907138
12 1991 3240 0 1777797284 907805
7 2107 9268 0 1777797284 913755
13 2195 21944 0 1777797284 913762
10 2010 11368 0 1777797284 914186
12 1992 6518 0 1777797284 914328
12 1993 2721 0 1777797284 917051
7 2108 4796 0 1777797284 918559
13 2196 4802 0 1777797284 918574
10 2011 7015 0 1777797284 921202
12 1994 4157 0 1777797284 921211
11 2086 17057 0 1777797284 924197
13 2197 5625 0 1777797284 924210
10 2012 3026 0 1777797284 924239
12 1995 6173 0 1777797284 927399
11 2087 4321 0 1777797284 928533
9 2137 23650 0 1777797284 930144
8 2141 44721 0 1777797284 932166
10 2013 7935 0 1777797284 932176
11 2088 5542 0 1777797284 934077
8 2142 2314 0 1777797284 934492
13 2198 11271 0 1777797284 935494
12 1996 8402 0 1777797284 935803
10 2014 3742 0 1777797284 935929
7 2109 17997 0 1777797284 936572
9 2138 9410 0 1777797284 939563
13 2199 4078 0 1777797284 939574
13 2200 1689 0 1777797284 941277
8 2143 6867 0 1777797284 941360
11 2089 11601 0 1777797284 945680
12 1997 9930 0 1777797284 945734
7 2110 9310 0 1777797284 945883
10 2015 10266 0 1777797284 946196
9 2139 7699 0 1777797284 947274
13 2201 6003 0 1777797284 947282
9 2140 1927 0 1777797284 949210
13 2202 2102 0 1777797284 949420
11 2090 4341 0 1777797284 950023
11 2091 1551 0 1777797284 951577
10 2016 6953 0 1777797284 953150
7 2111 8907 0 1777797284 954852
8 2144 15952 0 1777797284 957313
12 1998 11591 0 1777797284 957326
9 2141 9087 0 1777797284 958300
10 2017 5153 0 1777797284 958312
8 2145 1457 0 1777797284 958785
13 2203 12201 0 1777797284 961623
10 2018 4994 0 1777797284 963343
11 2092 12324 0 1777797284 963904
9 2142 5888 0 1777797284 964202
12 1999 8133 0 1777797284 965471
8 2146 7058 0 1777797284 965844
11 2093 3079 0 1777797284 966984
9 2143 5574 0 1777797284 969778
10 2019 7454 0 1777797284 970799
13 2204 9593 0 1777797284 971219
8 2147 5478 0 1777797284 971324
10 2020 2466 0 1777797284 973267
13 2205 2052 0 1777797284 973273
11 2094 6875 0 1777797284 973861
8 2148 4861 0 1777797284 976187
11 2095 2777 0 1777797284 976640
12 2000 12366 0 1777797284 977839
10 2021 6020 0 1777797284 979294
9 2144 11839 0 1777797284 981619
12 2001 6012 0 1777797284 983855
13 2206 10585 0 1777797284 983868
8 2149 8706 0 1777797284 984898
9 2145 5377 0 1777797284 986998
11 2096 11258 0 1777797284 987899
10 2022 10595 0 1777797284 989895
12 2002 7544 0 1777797284 991415
7 2112 37634 0 1777797284 992488
8 2150 8860 0 1777797284 993765
9 2146 7605 0 1777797284 994605
13 2207 10784 0 1777797284 994662
11 2097 11931 0 1777797284 999833
8 2151 7712 0 1777797285 1481
12 2003 10732 0 1777797285 2148
10 2023 13002 0 1777797285 2907
9 2147 9062 0 1777797285 3672
11 2098 7403 0 1777797285 7237
8 2152 6998 0 1777797285 8482
7 2113 19803 0 1777797285 12295
12 2004 10728 0 1777797285 12877
13 2208 19842 0 1777797285 14506
9 2148 11372 0 1777797285 15046
11 2099 8807 0 1777797285 16046
8 2153 14238 0 1777797285 22721
12 2005 9895 0 1777797285 22777
7 2114 11063 0 1777797285 23361
9 2149 8319 0 1777797285 23370
10 2024 27819 0 1777797285 30729
12 2006 8702 0 1777797285 31480
11 2100 16131 0 1777797285 32178
13 2209 18831 0 1777797285 33340
9 2150 11081 0 1777797285 34464
10 2025 4165 0 1777797285 34902
7 2115 11987 0 1777797285 35358
11 2101 3188 0 1777797285 35368
13 2210 5573 0 1777797285 38918
9 2151 5872 0 1777797285 40345
10 2026 6109 0 1777797285 41014
11 2102 5641 0 1777797285 41021
8 2154 18672 0 1777797285 41405
12 2007 12134 0 1777797285 43616
9 2152 6599 0 1777797285 46954
13 2211 8048 0 1777797285 46980
7 2116 12340 0 1777797285 47709
10 2027 6929 0 1777797285 47950
11 2103 8070 0 1777797285 49098
8 2155 7761 0 1777797285 49168
10 2028 4427 0 1777797285 52381
11 2104 3297 0 1777797285 52400
13 2212 7788 0 1777797285 54780
10 2029 2640 0 1777797285 55023
8 2156 10341 0 1777797285 59512
12 2008 17128 0 1777797285 60747
7 2117 13767 0 1777797285 61478
10 2030 6462 0 1777797285 61486
11 2105 10692 0 1777797285 63093
13 2213 8319 0 1777797285 63101
7 2118 3567 0 1777797285 65054
12 2009 5480 0 1777797285 66229
10 2031 6440 0 1777797285 67941
9 2153 22918 0 1777797285 69900
8 2157 10419 0 1777797285 69933
11 2106 6837 0 1777797285 69939
7 2119 5793 0 1777797285 70850
12 2010 7846 0 1777797285 74082
10 2032 7664 0 1777797285 75607
8 2158 5687 0 1777797285 75627
7 2120 7603 0 1777797285 78459
12 2011 4386 0 1777797285 78480
13 2214 16304 0 1777797285 79424
11 2107 9660 0 1777797285 79617
9 2154 10287 0 1777797285 80192
10 2033 5684 0 1777797285 81293
7 2121 4889 0 1777797285 83350
8 2159 9574 0 1777797285 85202
10 2034 4127 0 1777797285 85424
13 2215 7178 0 1777797285 86604
10 2035 4029 0 1777797285 89454
7 2122 7599 0 1777797285 90953
8 2160 8329 0 1777797285 93540
13 2216 7651 0 1777797285 94258
9 2155 15115 0 1777797285 95309
11 2108 17578 0 1777797285 97197
10 2036 7901 0 1777797285 97357
9 2156 2454 0 1777797285 97766
13 2217 9745 0 1777797285 104004
9 2157 7403 0 1777797285 105171
10 2037 7872 0 1777797285 105230
11 2109 8051 0 1777797285 105256
12 2012 26837 0 1777797285 105318
7 2123 14562 0 1777797285 105521
8 2161 13626 0 1777797285 107168
9 2158 7542 0 1777797285 112715
7 2124 7754 0 1777797285 113277
8 2162 6321 0 1777797285 113492
13 2218 10012 0 1777797285 114017
12 2013 10415 0 1777797285 115734
11 2110 11069 0 1777797285 116327
7 2125 3096 0 1777797285 116439
9 2159 6817 0 1777797285 119534
10 2038 14417 0 1777797285 119648
7 2126 8430 0 1777797285 124870
13 2219 10857 0 1777797285 124879
12 2014 11372 0 1777797285 127108
11 2111 11044 0 1777797285 127374
8 2163 22253 0 1777797285 135746
9 2160 16262 0 1777797285 135797
10 2039 16469 0 1777797285 136118
13 2220 11228 0 1777797285 136125
7 2127 11388 0 1777797285 136268
11 2112 10347 0 1777797285 137723
12 2015 11179 0 1777797285 138290
7 2128 11130 0 1777797285 147433
10 2040 11437 0 1777797285 147563
9 2161 12438 0 1777797285 148237
13 2221 12313 0 1777797285 148449
8 2164 17615 0 1777797285 153373
10 2041 7047 0 1777797285 154612
12 2016 16438 0 1777797285 154733
7 2129 7319 0 1777797285 154754
13 2222 8086 0 1777797285 156539
11 2113 19730 0 1777797285 157454
13 2223 5875 0 1777797285 162422
7 2130 8383 0 1777797285 163138
12 2017 8726 0 1777797285 163461
11 2114 11617 0 1777797285 169073
13 2224 6655 0 1777797285 169082
7 2131 9494 0 1777797285 172638
8 2165 19268 0 1777797285 172646
12 2018 11523 0 1777797285 174986
9 2162 29294 0 1777797285 177578
13 2225 8497 0 1777797285 177588
7 2132 9648 0 1777797285 182296
11 2115 13224 0 1777797285 182307
10 2042 28272 0 1777797285 182885
12 2019 8306 0 1777797285 183294
7 2133 1596 0 1777797285 183904
7 2134 3184 0 1777797285 187089
8 2166 18163 0 1777797285 190821
13 2226 16273 0 1777797285 193875
11 2116 12136 0 1777797285 194455
7 2135 7419 0 1777797285 194515
12 2020 11545 0 1777797285 194842
9 2163 17853 0 1777797285 195444
9 2164 2087 0 1777797285 197536
9 2165 805 0 1777797285 198343
11 2117 4140 0 1777797285 198598
12 2021 4466 0 1777797285 199309
10 2043 16637 0 1777797285 199523
11 2118 1148 0 1777797285 199747
9 2166 5586 0 1777797285 203931
7 2136 10153 0 1777797285 204669
8 2167 14141 0 1777797285 204964
9 2167 1719 0 1777797285 205654
10 2044 7847 0 1777797285 207373
12 2022 8278 0 1777797285 207589
13 2227 14122 0 1777797285 208001
7 2137 7365 0 1777797285 212037
9 2168 6680 0 1777797285 212335
8 2168 10642 0 1777797285 215608
7 2138 4174 0 1777797285 216224
10 2045 8852 0 1777797285 216232
13 2228 10217 0 1777797285 218221
7 2139 4912 0 1777797285 221146
9 2169 11580 0 1777797285 223917
8 2169 13025 0 1777797285 228636
9 2170 4967 0 1777797285 228888
11 2119 30273 0 1777797285 230022
12 2023 24555 0 1777797285 232149
13 2229 15435 0 1777797285 233658
9 2171 7428 0 1777797285 236317
7 2140 16418 0 1777797285 237566
9 2172 10895 0 1777797285 247214
11 2120 17208 0 1777797285 247231
7 2141 16363 0 1777797285 253935
8 2170 25302 0 1777797285 253941
9 2173 6712 0 1777797285 253944
13 2230 20287 0 1777797285 253950
10 2046 40344 0 1777797285 256586
10 2047 1383 0 1777797285 257971
13 2231 5987 0 1777797285 259953
7 2142 8450 0 1777797285 262400
7 2143 2907 0 1777797285 265315
10 2048 7934 0 1777797285 265907
13 2232 8451 0 1777797285 268409
12 2024 37041 0 1777797285 269192
7 2144 4209 0 1777797285 269526
10 2049 3704 0 1777797285 269614
11 2121 24268 0 1777797285 271511
9 2174 18139 0 1777797285 272100
8 2171 19617 0 1777797285 273573
7 2145 4861 0 1777797285 274388
9 2175 4273 0 1777797285 276377
7 2146 3486 0 1777797285 277879
9 2176 1510 0 1777797285 277889
9 2177 2053 0 1777797285 279954
9 2178 1359 0 1777797285 281316
8 2172 8455 0 1777797285 282030
9 2179 997 0 1777797285 282315
9 2180 4881 0 1777797285 287200
8 2173 5238 0 1777797285 287271
10 2050 17669 0 1777797285 287285
11 2122 15805 0 1777797285 287318
12 2025 18522 0 1777797285 287726
13 2233 19968 0 1777797285 288381
11 2123 2837 0 1777797285 290156
9 2181 3292 0 1777797285 290508
13 2234 12211 0 1777797285 300595
10 2051 13401 0 1777797285 300701
9 2182 10253 0 1777797285 300764
7 2147 25796 0 1777797285 303687
8 2174 16430 0 1777797285 303716
11 2124 14619 0 1777797285 304777
9 2183 5098 0 1777797285 305864
9 2184 6704 0 1777797285 312570
11 2125 10077 0 1777797285 314859
8 2175 13251 0 1777797285 316968
13 2235 16379 0 1777797285 316984
9 2185 7245 0 1777797285 319824
10 2052 19132 0 1777797285 319834
9 2186 3608 0 1777797285 323444
10 2053 4322 0 1777797285 324166
7 2148 22219 0 1777797285 325909
7 2149 1587 0 1777797285 327500
7 2150 3050 0 1777797285 330553
12 2026 43677 0 1777797285 331405
12 2027 1716 0 1777797285 333123
8 2176 16828 0 1777797285 336570
8 2177 6474 0 1777797285 343047
7 2151 13922 0 1777797285 344477
12 2028 14074 0 1777797285 347199
11 2126 32836 0 1777797285 347698
7 2152 7486 0 1777797285 351968
8 2178 8928 0 1777797285 351976
10 2054 27812 0 1777797285 351982
13 2236 32195 0 1777797285 351988
8 2179 6121 0 1777797285 358127
9 2187 34688 0 1777797285 358134
12 2029 10938 0 1777797285 358139
7 2153 7843 0 1777797285 359832
12 2030 5505 0 1777797285 363659
9 2188 5767 0 1777797285 363915
9 2189 941 0 1777797285 364858
9 2190 953 0 1777797285 365815
9 2191 893 0 1777797285 366709
9 2192 3668 0 1777797285 370380
8 2180 14343 0 1777797285 372483
8 2181 5044 0 1777797285 377532
13 2237 27778 0 1777797285 379818
8 2182 3953 0 1777797285 381487
9 2193 16121 0 1777797285 386506
13 2238 10441 0 1777797285 390261
9 2194 3831 0 1777797285 390341
11 2127 58075 0 1777797285 405776
13 2239 15883 0 1777797285 406149
8 2183 24704 0 1777797285 406194
10 2055 54223 0 1777797285 406252
9 2195 16290 0 1777797285 406633
7 2154 47258 0 1777797285 407096
12 2031 43495 0 1777797285 407156
9 2196 5785 0 1777797285 412419
10 2056 6175 0 1777797285 412429
11 2128 6656 0 1777797285 412435
13 2240 6639 0 1777797285 412792
8 2184 6827 0 1777797285 413023
7 2155 6966 0 1777797285 414065
7 2156 8160 0 1777797285 422231
8 2185 9214 0 1777797285 422239
9 2197 9449 0 1777797285 422244
10 2057 9406 0 1777797285 422261
12 2032 15112 0 1777797285 422270
13 2241 9276 0 1777797285 422276
11 2129 14233 0 1777797285 427148
9 2198 5869 0 1777797285 428225
13 2242 7181 0 1777797285 429576
10 2058 9705 0 1777797285 432071
9 2199 4694 0 1777797285 432927
11 2130 5778 0 1777797285 432933
10 2059 8796 0 1777797285 440878
13 2243 11308 0 1777797285 440887
11 2131 8096 0 1777797285 441038
12 2033 19009 0 1777797285 441388
8 2186 19285 0 1777797285 441621
9 2200 8694 0 1777797285 441628
13 2244 4899 0 1777797285 445800
11 2132 5139 0 1777797285 446179
10 2060 5662 0 1777797285 446552
8 2187 11005 0 1777797285 452634
9 2201 11021 0 1777797285 452669
12 2034 11287 0 1777797285 452683
10 2061 8788 0 1777797285 455344
11 2133 9172 0 1777797285 455353
13 2245 9558 0 1777797285 455360
7 2157 35369 0 1777797285 457646
8 2188 10143 0 1777797285 462827
9 2202 10133 0 1777797285 462835
11 2134 7467 0 1777797285 462842
12 2035 10116 0 1777797285 462849
13 2246 7472 0 1777797285 462856
10 2062 14282 0 1777797285 469643
7 2158 13354 0 1777797285 471003
11 2135 9942 0 1777797285 472814
12 2036 10426 0 1777797285 473424
13 2247 10523 0 1777797285 473531
10 2063 4525 0 1777797285 474171
11 2136 5887 0 1777797285 478707
9 2203 15960 0 1777797285 478826
10 2064 5284 0 1777797285 479462
8 2189 16623 0 1777797285 479479
13 2248 15365 0 1777797285 488898
9 2204 10122 0 1777797285 488949
8 2190 10163 0 1777797285 489644
7 2159 18648 0 1777797285 489663
11 2137 11089 0 1777797285 489798
12 2037 16788 0 1777797285 490218
10 2065 12869 0 1777797285 492333
9 2205 6459 0 1777797285 495410
13 2249 7078 0 1777797285 495978
12 2038 5781 0 1777797285 496001
7 2160 9373 0 1777797285 499038
9 2206 3640 0 1777797285 499060
8 2191 9471 0 1777797285 499117
9 2207 6691 0 1777797285 505797
8 2192 7321 0 1777797285 506439
10 2066 15731 0 1777797285 508071
13 2250 12099 0 1777797285 508080
7 2161 13068 0 1777797285 512130
9 2208 6371 0 1777797285 512170
8 2193 8472 0 1777797285 514913
13 2251 13948 0 1777797285 522039
8 2194 7173 0 1777797285 522088
9 2209 11112 0 1777797285 523283
7 2162 15438 0 1777797285 527570
9 2210 9160 0 1777797285 532445
13 2252 10411 0 1777797285 532464
12 2039 36963 0 1777797285 532965
10 2067 28076 0 1777797285 536157
7 2163 9528 0 1777797285 537100
11 2138 47366 0 1777797285 537165
12 2040 11203 0 1777797285 544170
9 2211 12154 0 1777797285 544619
7 2164 9032 0 1777797285 546143
13 2253 14878 0 1777797285 547357
10 2068 16093 0 1777797285 552259
11 2139 15102 0 1777797285 552268
12 2041 11694 0 1777797285 555866
11 2140 4742 0 1777797285 557022
7 2165 12319 0 1777797285 558521
10 2069 10188 0 1777797285 562458
7 2166 31873 0 1777797285 590401
8 2195 68324 0 1777797285 590414
10 2070 27955 0 1777797285 590422
13 2254 43066 0 1777797285 590429
9 2212 46471 0 1777797285 591092
12 2042 38722 0 1777797285 594590
13 2255 4782 0 1777797285 595240
7 2167 5058 0 1777797285 595488
9 2213 5115 0 1777797285 596209
8 2196 6218 0 1777797285 596660
10 2071 9246 0 1777797285 599695
12 2043 6050 0 1777797285 600643
7 2168 6018 0 1777797285 601509
13 2256 6644 0 1777797285 601887
8 2197 6607 0 1777797285 603269
9 2214 7200 0 1777797285 603411
11 2141 47125 0 1777797285 604157
9 2215 2531 0 1777797285 605943
11 2142 2068 0 1777797285 606228
7 2169 9346 0 1777797285 610858
13 2257 8981 0 1777797285 610870
8 2198 8192 0 1777797285 611463
11 2143 5416 0 1777797285 611645
9 2216 6462 0 1777797285 612410
12 2044 11769 0 1777797285 612418
10 2072 14674 0 1777797285 614373
9 2217 2102 0 1777797285 614521
11 2144 3110 0 1777797285 614757
7 2170 6604 0 1777797285 617476
9 2218 4116 0 1777797285 618639
8 2199 9947 0 1777797285 621414
11 2145 6665 0 1777797285 621424
12 2045 9003 0 1777797285 621431
13 2258 10552 0 1777797285 621438
7 2171 7209 0 1777797285 624695
10 2073 10330 0 1777797285 624705
9 2219 10155 0 1777797285 628798
7 2172 4330 0 1777797285 629036
13 2259 11265 0 1777797285 632744
12 2046 12262 0 1777797285 633730
13 2260 2646 0 1777797285 635393
10 2074 11188 0 1777797285 635908
7 2173 7462 0 1777797285 636499
11 2146 17202 0 1777797285 638656
9 2220 10912 0 1777797285 639718
8 2200 22602 0 1777797285 644040
9 2221 5849 0 1777797285 645571
13 2261 11016 0 1777797285 646410
9 2222 1954 0 1777797285 647528
13 2262 1144 0 1777797285 647556
10 2075 12478 0 1777797285 648415
11 2147 12626 0 1777797285 651284
13 2263 4422 0 1777797285 651979
9 2223 4818 0 1777797285 652349
10 2076 5631 0 1777797285 654048
8 2201 10044 0 1777797285 654087
7 2174 28595 0 1777797285 665096
8 2202 11015 0 1777797285 665104
9 2224 12760 0 1777797285 665112
10 2077 11065 0 1777797285 665120
11 2148 13835 0 1777797285 665128
12 2047 31402 0 1777797285 665135
13 2264 13163 0 1777797285 665143
12 2048 5818 0 1777797285 671004
13 2265 5821 0 1777797285 671013
10 2078 7076 0 1777797285 672247
7 2175 9504 0 1777797285 674649
8 2203 9504 0 1777797285 674659
11 2149 9861 0 1777797285 675038
13 2266 11878 0 1777797285 682926
7 2176 10437 0 1777797285 685098
8 2204 10462 0 1777797285 685138
9 2225 19982 0 1777797285 685146
10 2079 12903 0 1777797285 685153
11 2150 10118 0 1777797285 685159
12 2049 17169 0 1777797285 688183
8 2205 4538 0 1777797285 689708
10 2080 4530 0 1777797285 689716
10 2081 5369 0 1777797285 695109
8 2206 5671 0 1777797285 695389
12 2050 7211 0 1777797285 695405
9 2226 11293 0 1777797285 696472
10 2082 4343 0 1777797285 699469
13 2267 16548 0 1777797285 699476
7 2177 19816 0 1777797285 704978
9 2227 8514 0 1777797285 704989
11 2151 19803 0 1777797285 704996
10 2083 6381 0 1777797285 705858
8 2207 11105 0 1777797285 706511
9 2228 5579 0 1777797285 710588
13 2268 11136 0 1777797285 710622
12 2051 17930 0 1777797285 713347
10 2084 8364 0 1777797285 714227
7 2178 10005 0 1777797285 715002
11 2152 11953 0 1777797285 716970
10 2085 5384 0 1777797285 719613
9 2229 12097 0 1777797285 722720
7 2179 7744 0 1777797285 722748
12 2052 10522 0 1777797285 723882
10 2086 6519 0 1777797285 726138
11 2153 9636 0 1777797285 726609
9 2230 4075 0 1777797285 726800
9 2231 3658 0 1777797285 730460
11 2154 4381 0 1777797285 730992
7 2180 9306 0 1777797285 732055
7 2181 10246 0 1777797285 742304
9 2232 12059 0 1777797285 742521
12 2053 18711 0 1777797285 742596
8 2208 36385 0 1777797285 742898
8 2209 3307 0 1777797285 746209
7 2182 7495 0 1777797285 749801
13 2269 42200 0 1777797285 752836
10 2087 29770 0 1777797285 755914
11 2155 26177 0 1777797285 757171
12 2054 14593 0 1777797285 757191
7 2183 11095 0 1777797285 760899
13 2270 8383 0 1777797285 761228
10 2088 6481 0 1777797285 762402
7 2184 4472 0 1777797285 765376
8 2210 19619 0 1777797285 765830
10 2089 6136 0 1777797285 768539
11 2156 12033 0 1777797285 769226
12 2055 12994 0 1777797285 770247
13 2271 10090 0 1777797285 771352
9 2233 29134 0 1777797285 771657
13 2272 2066 0 1777797285 773421
12 2056 3963 0 1777797285 774213
9 2234 10418 0 1777797285 782079
12 2057 7869 0 1777797285 782086
13 2273 16637 0 1777797285 790060
9 2235 9138 0 1777797285 791225
10 2090 22999 0 1777797285 791542
12 2058 9683 0 1777797285 791778
8 2211 26002 0 1777797285 791834
11 2157 22614 0 1777797285 791842
12 2059 7047 0 1777797285 798828
7 2185 36489 0 1777797285 801873
9 2236 10647 0 1777797285 801882
8 2212 12412 0 1777797285 804254
10 2091 12842 0 1777797285 804386
13 2274 23072 0 1777797285 813134
7 2186 11274 0 1777797285 813158
9 2237 11269 0 1777797285 813166
12 2060 14819 0 1777797285 813664
11 2158 22500 0 1777797285 814350
11 2159 12725 0 1777797285 827076
9 2238 14197 0 1777797285 827374
12 2061 14795 0 1777797285 828461
10 2092 24109 0 1777797285 828496
13 2275 16775 0 1777797285 829911
7 2187 16797 0 1777797285 829964
8 2213 27357 0 1777797285 831631
9 2239 10581 0 1777797285 837957
10 2093 13307 0 1777797285 841804
11 2160 16136 0 1777797285 843214
12 2062 15310 0 1777797285 843777
13 2276 15918 0 1777797285 845832
10 2094 4371 0 1777797285 846178
12 2063 6609 0 1777797285 850392
11 2161 8353 0 1777797285 851569
10 2095 5474 0 1777797285 851653
7 2188 25851 0 1777797285 855827
13 2277 10009 0 1777797285 855846
12 2064 10516 0 1777797285 860912
9 2240 22986 0 1777797285 860944
8 2214 29339 0 1777797285 860978
10 2096 10131 0 1777797285 861785
8 2215 4914 0 1777797285 865893
7 2189 10068 0 1777797285 865917
12 2065 11844 0 1777797285 872760
10 2097 11636 0 1777797285 873423
7 2190 7662 0 1777797285 873580
11 2162 25341 0 1777797285 876912
8 2216 11066 0 1777797285 876961
9 2241 21750 0 1777797285 882696
7 2191 11363 0 1777797285 884945
10 2098 11530 0 1777797285 884955
13 2278 29809 0 1777797285 885695
10 2099 6221 0 1777797285 891189
13 2279 8121 0 1777797285 893821
12 2066 21232 0 1777797285 893994
7 2192 19326 0 1777797285 904282
11 2163 27375 0 1777797285 904288
9 2242 22866 0 1777797285 905564
8 2217 31327 0 1777797285 908292
8 2218 4322 0 1777797285 912625
10 2100 32974 0 1777797285 924164
11 2164 27781 0 1777797285 932076
7 2193 27822 0 1777797285 932111
9 2243 27098 0 1777797285 932663
12 2067 42491 0 1777797285 936486
8 2219 23870 0 1777797285 936501
10 2101 12387 0 1777797285 936553
13 2280 48421 0 1777797285 942247
7 2194 11148 0 1777797285 943260
9 2244 10628 0 1777797285 943292
11 2165 11794 0 1777797285 943884
7 2195 3981 0 1777797285 947244
13 2281 5000 0 1777797285 947248
11 2166 5619 0 1777797285 949504
9 2245 7532 0 1777797285 950825
12 2068 14934 0 1777797285 951421
13 2282 4523 0 1777797285 951778
9 2246 2474 0 1777797285 953305
10 2102 17244 0 1777797285 953798
8 2220 17631 0 1777797285 954133
12 2069 3224 0 1777797285 954649
7 2196 8282 0 1777797285 955532
13 2283 3916 0 1777797285 955695
8 2221 2868 0 1777797285 957003
11 2167 11228 0 1777797285 960742
12 2070 6857 0 1777797285 961509
13 2284 7926 0 1777797285 963623
8 2222 8361 0 1777797285 965367
7 2197 12528 0 1777797285 968062
9 2247 14762 0 1777797285 968070
10 2103 14277 0 1777797285 968077
10 2104 2293 0 1777797285 970401
7 2198 6047 0 1777797285 974125
11 2168 13394 0 1777797285 974138
11 2169 1272 0 1777797285 975454
9 2248 8892 0 1777797285 976991
8 2223 12219 0 1777797285 977591
10 2105 8413 0 1777797285 978816
7 2199 5537 0 1777797285 979676
13 2285 16066 0 1777797285 979700
11 2170 4403 0 1777797285 979859
9 2249 8263 0 1777797285 985257
13 2286 5756 0 1777797285 985457
11 2171 5769 0 1777797285 985630
8 2224 11597 0 1777797285 989190
7 2200 9714 0 1777797285 989392
10 2106 12597 0 1777797285 991418
11 2172 10532 0 1777797285 996164
12 2071 34677 0 1777797285 996188
10 2107 15034 0 1777797286 6454
12 2072 11158 0 1777797286 7357
9 2250 24537 0 1777797286 9799
13 2287 26222 0 1777797286 11681
8 2225 23152 0 1777797286 12347
7 2201 25402 0 1777797286 14798
10 2108 10724 0 1777797286 17182
13 2288 5593 0 1777797286 17280
9 2251 10339 0 1777797286 20143
12 2073 13853 0 1777797286 21213
9 2252 1776 0 1777797286 21921
13 2289 5554 0 1777797286 22837
9 2253 1508 0 1777797286 23431
7 2202 10544 0 1777797286 25400
9 2254 2729 0 1777797286 26162
12 2074 5223 0 1777797286 26442
7 2203 3572 0 1777797286 28974
10 2109 11801 0 1777797286 28985
9 2255 3890 0 1777797286 30055
13 2290 9341 0 1777797286 32179
8 2226 20127 0 1777797286 32483
10 2110 10291 0 1777797286 39288
7 2204 12480 0 1777797286 41466
9 2256 11442 0 1777797286 41499
12 2075 15061 0 1777797286 41506
13 2291 9543 0 1777797286 41724
10 2111 3452 0 1777797286 42742
8 2227 10706 0 1777797286 43192
7 2205 3840 0 1777797286 45347
10 2112 2638 0 1777797286 45398
9 2257 4011 0 1777797286 45535
9 2258 790 0 1777797286 46326
13 2292 4672 0 1777797286 46397
7 2206 1449 0 1777797286 46799
9 2259 1687 0 1777797286 48015
7 2207 1669 0 1777797286 48471
9 2260 949 0 1777797286 48966
7 2208 1025 0 1777797286 49500
13 2293 3917 0 1777797286 50316
9 2261 4150 0 1777797286 53118
7 2209 3898 0 1777797286 53402
10 2113 10810 0 1777797286 56209
12 2076 14724 0 1777797286 56256
8 2228 14993 0 1777797286 58189
12 2077 2976 0 1777797286 59233
7 2210 9198 0 1777797286 62603
9 2262 9486 0 1777797286 62611
12 2078 3382 0 1777797286 62617
13 2294 12306 0 1777797286 62624
13 2295 1032 0 1777797286 63682
8 2229 6748 0 1777797286 64940
9 2263 2452 0 1777797286 65086
7 2211 3493 0 1777797286 66119
8 2230 2244 0 1777797286 67188
12 2079 9313 0 1777797286 71956
7 2212 6099 0 1777797286 72221
13 2296 8948 0 1777797286 72633
9 2264 9610 0 1777797286 74698
7 2213 4514 0 1777797286 76738
10 2114 20749 0 1777797286 76960
12 2080 5018 0 1777797286 76978
9 2265 3898 0 1777797286 78598
11 2173 82814 0 1777797286 79003
8 2231 12637 0 1777797286 79830
13 2297 8128 0 1777797286 80762
7 2214 5782 0 1777797286 82522
8 2232 5946 0 1777797286 85780
13 2298 9073 0 1777797286 89837
11 2174 13090 0 1777797286 92095
7 2215 9933 0 1777797286 92457
10 2115 16780 0 1777797286 93742
12 2081 17541 0 1777797286 94521
7 2216 2946 0 1777797286 95405
7 2217 2225 0 1777797286 97633
12 2082 3431 0 1777797286 97955
7 2218 1560 0 1777797286 99195
9 2266 20600 0 1777797286 99201
10 2116 6085 0 1777797286 99830
7 2219 8422 0 1777797286 107624
9 2267 8674 0 1777797286 107884
12 2083 12361 0 1777797286 110318
8 2233 25790 0 1777797286 111574
9 2268 5139 0 1777797286 113026
9 2269 2855 0 1777797286 115884
9 2270 3953 0 1777797286 119842
11 2175 28799 0 1777797286 120895
12 2084 10682 0 1777797286 121006
7 2220 13407 0 1777797286 121033
7 2221 4774 0 1777797286 125808
12 2085 7516 0 1777797286 128533
8 2234 17317 0 1777797286 128893
9 2271 9055 0 1777797286 128900
13 2299 40930 0 1777797286 130771
11 2176 11359 0 1777797286 132257
7 2222 6483 0 1777797286 132297
9 2272 5173 0 1777797286 134083
12 2086 18473 0 1777797286 147009
13 2300 16273 0 1777797286 147046
11 2177 15197 0 1777797286 147458
7 2223 15305 0 1777797286 147603
10 2117 48222 0 1777797286 148054
8 2235 19246 0 1777797286 148147
9 2273 14069 0 1777797286 148154
9 2274 2177 0 1777797286 150340
10 2118 5290 0 1777797286 153345
11 2178 10891 0 1777797286 158350
10 2119 5096 0 1777797286 158446
7 2224 10963 0 1777797286 158567
12 2087 11554 0 1777797286 158574
9 2275 8550 0 1777797286 158892
8 2236 10774 0 1777797286 158929
13 2301 18459 0 1777797286 165507
7 2225 7007 0 1777797286 165582
10 2120 7521 0 1777797286 165970
11 2179 9135 0 1777797286 167491
9 2276 8622 0 1777797286 167516
8 2237 10991 0 1777797286 169921
10 2121 8766 0 1777797286 174737
11 2180 9268 0 1777797286 176761
13 2302 11259 0 1777797286 176768
7 2226 11765 0 1777797286 177349
9 2277 11500 0 1777797286 179019
12 2088 20442 0 1777797286 179026
8 2238 10272 0 1777797286 180198
10 2122 12690 0 1777797286 187432
8 2239 7793 0 1777797286 187993
12 2089 8989 0 1777797286 188027
13 2303 11282 0 1777797286 188063
11 2181 11513 0 1777797286 188282
7 2227 17557 0 1777797286 194909
9 2278 15907 0 1777797286 194933
